pair,D-SCRIPT,Topsy-Turvy,TT3D,TUnA,PLM-interact,PLMDA-PPI
C0HL67_Q9VM20,0.0022688,0.013003,0.01984,0.0023401312064379454,0.0003271857276558,0.0005641028983518
P16371_Q01070,0.0044801,0.013144,0.015922,0.045288003981113434,0.0124767618253827,0.001165316789411
P91929_Q9VM81,0.0022245,0.013514,0.016472,0.5944803357124329,0.0007489448762498,0.0213768407702446
Q9VYY9_Q9VF73,0.71709,0.73708,0.015978,0.3019194006919861,0.0066333133727312,0.0357161574065685
A1Z933_Q9VNB5,0.00218,0.012915,0.01587,0.42555153369903564,0.0003198768245056,0.0327270254492759
Q9VCV3_Q94545,0.002204,0.012986,0.02002,0.25329434871673584,0.0085180532187223,0.0389088913798332
A0A0B4LGV6_A1Z9I5,0.37878,0.41626,0.016009,0.28944161534309387,0.0057732160203158,0.0061909356154501
P34021_Q9VYW2,0.0022182,0.013038,0.016115,0.3506580889225006,0.0106001785025,0.0143551742658019
Q0E8K5_A1Z9I6,0.0022241,0.013029,0.015951,0.09911380708217621,0.0017171131912618,0.9876692891120912
Q8MS69_Q9NJG9,0.0022217,0.012915,0.016011,0.135788694024086,0.0005648001097142,0.7020022869110107
Q9VFE9_Q9VKF0,0.0023239,0.012995,0.015978,0.6094110608100891,0.0002981113211717,0.9861489534378052
Q9VVP8_Q9VQQ9,0.0023206,0.012929,0.015945,0.09778198599815369,0.0185766909271478,0.0064653302542865
Q8IMX1_Q9W2R4,0.0021763,0.013126,0.015997,0.04225914552807808,0.070606417953968,0.001732685486786
P42287_Q8MUJ1,0.0022499,0.013383,0.016613,0.044495802372694016,0.0024093424435704,0.0012241994263604
Q9VJY6_Q24570,0.0021915,0.012941,0.015884,0.09311160445213318,0.000423938705353,0.0004834516439586
O44226_Q8T0K1,0.0024656,0.013023,0.018018,0.2885228097438812,0.995862603187561,0.0016025198856368
P18289_P53034,0.0022273,0.013158,0.015899,0.057460885494947433,0.0002352167794015,0.002214673673734
Q24324_P42207,0.0023414,0.013005,0.016208,0.6287764310836792,0.0019601245876401,0.0046586063690483
Q9V345_Q59DZ4,0.0021844,0.013238,0.015902,0.13768847286701202,0.0004649697220884,0.0071504455991089
O97418_Q9V3V9,0.0022065,0.012919,0.015936,0.17024406790733337,0.008070652373135,0.0014605603646486
P55035_Q24139,0.0023017,0.012934,0.01593,0.43202459812164307,0.0004162373079452,0.155038982629776
Q9VS55_P35128,0.0021841,0.01297,0.015907,0.00867530144751072,0.0021771849133074,0.0055911820381879
Q9VB14_Q9XYU0,0.58832,0.012936,0.016404,0.028453625738620758,0.0006853443919681,0.0013286023167893
P16378_Q9VB22,0.0021981,0.014307,0.016198,0.05663197860121727,0.0044246269389986,0.5547246336936951
Q27884_Q9W0B3,0.0021716,0.012999,0.015985,0.20566411316394806,0.00074121018406,0.0039320383220911
Q9VVR2_P36179,0.0033031,0.013448,0.018525,0.10266256332397461,0.1039713695645332,0.0007122344686649
P52485_Q01070,0.0021781,0.013723,0.016236,0.09564772993326187,0.0003709104494191,0.0009673393215052
P46150_Q95TY2,0.0022993,0.013073,0.015929,0.057396434247493744,0.0027148651424795,0.0254717450588941
B7Z0R7_Q9XZ56,0.0024129,0.012964,0.015895,0.09642628580331802,0.00506183039397,0.1518168449401855
Q86BS3_Q2PE14,0.008242,0.01293,0.017198,0.07417959719896317,0.0020996280945837,0.0082428893074393
P02572_P15357,0.0027687,0.014383,0.016414,0.2624259889125824,0.000594894576352,0.0009490579832345
Q9VTZ7_A1Z6E0,0.0021959,0.012962,0.015952,0.15323249995708466,0.0114633319899439,0.982667863368988
Q9VX36_A1Z933,0.0021955,0.012997,0.015907,0.23663517832756042,0.0002846058341674,0.1105215772986412
Q9VHE3_Q9VWD5,0.0022526,0.013131,0.015919,0.12495587766170502,0.0086952373385429,0.0007342554745264
Q8I7C3_P34021,0.40598,0.013113,0.026825,0.5552295446395874,0.0158597417175769,0.0004031326679978
Q4V5L1_Q9VTC2,0.0029028,0.012962,0.015922,0.18962925672531128,0.9988672733306884,0.0002135272807208
P13677_O01382,0.002219,0.013048,0.021734,0.049128059297800064,0.0523624271154403,0.0151340700685977
P42207_P23023,0.0021935,0.013114,0.015956,0.2264356166124344,0.0014789052074775,0.003345119068399
Q8IRY7_P81900,0.0021717,0.012935,0.015904,0.05120087042450905,0.0121097890660166,0.0009220334468409
Q9VVY4_Q9VG38,0.0021743,0.012938,0.015933,0.18471412360668182,0.0048280442133545,0.0003266614803578
P16568_P31009,0.002171,0.013064,0.015926,0.42783695459365845,0.0075730322860181,0.1531860828399658
Q9W4N8_Q9VPD2,0.0022069,0.012974,0.015899,0.11601424962282181,0.0002604842884466,0.5675777196884155
P11346_Q9VJ02,0.0065274,0.013058,0.025959,0.032876282930374146,0.0555142946541309,0.9400736689567566
Q9VAT0_E3CTS5,0.0021796,0.012979,0.015891,0.04755380004644394,0.0014423679094761,0.000786607270129
Q9VJP9_Q7KSP5,0.0022109,0.012936,0.015937,0.034473590552806854,0.0003653403546195,0.6805310249328613
Q27368_Q9W3E7,0.4933,0.013035,0.016811,0.04471392557024956,0.2101210206747055,0.0111621879041194
Q03334_Q26366,0.0021747,0.012926,0.015946,0.03931213915348053,0.0010276448447257,0.0002160169678973
Q7KLV9_P06002,0.0022742,0.015236,0.016392,0.15708233416080475,0.0002452116168569,0.2091693133115768
Q7JZB4_Q8SXU3,0.15097,0.67555,0.47186,0.3414810001850128,0.9978551268577576,0.0019295535748824
Q9VYX7_Q24562,0.0022059,0.01294,0.015892,0.3378109037876129,0.0002167239581467,0.9814856648445128
Q2PE14_Q9W229,0.0021707,0.012917,0.016252,0.47219318151474,0.0386383980512619,0.0019911343697458
Q94517_Q05547,0.0023421,0.013129,0.021923,0.2117583453655243,0.0014996449463069,0.0045223333872854
Q0E9G3_O16797,0.00223,0.01293,0.016174,0.25101763010025024,0.0037339441478252,0.0052178432233631
P23792_Q9VHD2,0.0021882,0.012982,0.01591,0.3698779344558716,0.9976075887680054,0.6426296830177307
O18338_Q9W1U6,0.0076247,0.013,0.016068,0.03699897229671478,0.00027150977985,0.9568354487419128
Q9VQY9_Q0E9B6,0.0021844,0.01292,0.015879,0.3634568452835083,0.0002881558029912,0.9215896725654602
Q9VTC2_P52486,0.002179,0.012989,0.01589,0.24445343017578125,0.0003543919010553,0.0020078571978956
Q9V393_Q9VKD6,0.0022081,0.012932,0.0159,0.2941552996635437,0.0019418011652305,0.0528573393821716
Q9VMR2_P91929,0.0022136,0.01304,0.016126,0.12598304450511932,0.3307225108146667,0.0002652237308211
A8JNK7_Q9VVI3,0.0047825,0.012962,0.016039,0.05153666064143181,0.0020973454229533,0.2511922419071197
D5SHR0_P56672,0.0024423,0.012963,0.016707,0.2479497492313385,0.0107907447963953,0.0037929187528789
Q960D3_Q9VN50,0.0021809,0.012929,0.015884,0.012161477468907833,0.0004447155806701,0.0021150622051209
Q9XTN4_O15945,0.57705,0.013054,0.016516,0.35672542452812195,0.001619515591301,0.0006753985653631
Q9VT31_Q9VZM7,0.0022231,0.013025,0.015903,0.3745247423648834,0.0005018767551518,0.0036185500212013
Q24537_Q9VP57,0.0028175,0.012965,0.017323,0.16242250800132751,0.1071369051933288,0.0009445718023926
Q24152_P17210,0.002184,0.012957,0.0159,0.08204429596662521,0.0083999605849385,0.0094497017562389
Q9VCZ8_A0A0B4JD33,0.002217,0.013007,0.015901,0.10623179376125336,0.0005018102820031,0.0008774866000749
P36179_Q9V444,0.0021891,0.013194,0.015999,0.03148918226361275,0.0005870462046004,0.3787573277950287
Q8I7C3_P48554,0.002237,0.013338,0.020124,0.10403484851121902,0.996261179447174,0.0015017734840512
P09081_Q961D1,0.15815,0.013019,0.015995,0.23858754336833954,0.9985002279281616,0.0048387511633336
P81900_A8JNK7,0.0022576,0.012963,0.015935,0.7867750525474548,0.0042940718121826,0.0001479707570979
Q9VQA6_Q9VRT7,0.0023247,0.01339,0.015868,0.018332891166210175,0.0003555672301445,0.0006087750080041
Q7KSP5_Q9VC66,0.0023337,0.013283,0.015933,0.09934686124324799,0.0015511040110141,0.0004167433071415
Q24169_Q9VJM2,0.0021858,0.012935,0.015934,0.01757749170064926,0.0005471506156027,0.0033956519328057
Q9VJ33_A8DYC4,0.0022026,0.012976,0.01593,0.6317156553268433,0.0002504540607333,0.0064795580692589
Q00805_P46824,0.0021997,0.014779,0.016058,0.47073623538017273,0.0006970727699808,0.0026545450091362
Q9VFT4_Q9VV73,0.0021788,0.012926,0.015988,0.16711664199829102,0.9986311793327332,0.0002893588971346
P12982_Q7JXB9,0.0021833,0.013008,0.01589,0.06011044606566429,0.0002782192023005,0.0094422055408358
Q9VF27_Q9VG03,0.0022255,0.012938,0.015934,0.4834526777267456,0.0007913773297332,0.0039706798270344
A1Z8I0_Q9W148,0.0021841,0.01292,0.015882,0.08253391832113266,0.0063598002307116,0.0031660783570259
O96863_P48462,0.00219,0.01303,0.015916,0.060397084802389145,0.0008266494260169,0.0007971308659762
Q9W4N8_Q8T0G4,0.0022643,0.012929,0.015954,0.01893662102520466,0.0009844237938523,0.7631642818450928
Q9Y0S9_Q9VSM9,0.32411,0.012998,0.015958,0.08607644587755203,0.0012853625230491,0.00636917212978
P19018_P26686,0.087779,0.013547,0.13157,0.09842490404844284,0.9979227185249328,0.0005843580001965
A0A0B4KFV0_Q8IR14,0.93752,0.88013,0.016046,0.11898861825466156,0.0069574280641973,0.007949000224471
Q9W0Q5_Q8T4F7,0.0023807,0.012963,0.015972,0.0561164952814579,0.003248916240409,0.0025809272192418
Q9W236_Q01071,0.0022253,0.013005,0.015934,0.33074867725372314,0.0010592135367915,0.0018558414885774
Q9VGC7_Q9XZ68,0.0021744,0.012955,0.01596,0.011442212387919426,0.0011195158585906,0.0041682901792228
Q8T390_Q9VE96,0.0022654,0.017433,0.03777,0.03031838871538639,0.0110045792534947,0.0029896192718297
Q0E9B7_Q01070,0.033675,0.013009,0.016909,0.0055261533707380295,0.0051040998660027,0.007189049385488
Q9NHP1_P35128,0.0021746,0.013989,0.015906,0.1917600929737091,0.000470890867291,0.002231370890513
P49071_X2J6Q6,0.0021858,0.012964,0.015955,0.2655753493309021,0.0003302626137156,0.0034977064933627
Q7KM04_Q94527,0.0025016,0.013069,0.021551,0.05200585350394249,0.0278815496712923,0.1881508231163025
Q9VSN0_P40792,0.0021808,0.012952,0.015899,0.04169696941971779,0.0024402681738138,0.0010241824202239
Q8T0S6_Q9VSN0,0.0022301,0.013741,0.016009,0.36468765139579773,0.0025879372842609,0.0002243815106339
Q8IQ53_Q9VJ33,0.0093865,0.12504,0.015966,0.2654975354671478,0.9859111309051514,0.0011714831925928
P31009_Q9V9J3,0.0021902,0.012981,0.015949,0.017843706533312798,0.0002373913885094,0.0007564486586488
Q9VR38_Q9VJI7,0.0021958,0.012955,0.015892,0.12303143739700317,0.0008103096624836,0.0034503904171288
Q9VJC7_Q9W2K0,0.0021858,0.01293,0.015916,0.14090724289417267,0.0061234598979353,0.004503977485001
Q9VCL2_Q94527,0.0057415,0.013082,0.016983,0.14463713765144348,0.0434482023119926,0.0009305413113906
Q8IRI5_Q9VIT3,0.0097387,0.012942,0.016008,0.040724579244852066,0.0019375410629436,0.0345514379441738
P13097_Q9VAC4,0.0021887,0.012993,0.015907,0.020109543576836586,0.00047035922762,0.001014904002659
Q24117_Q9VR65,0.0021755,0.012919,0.015882,0.30026108026504517,0.0015807208837941,0.0009500363375991
O46036_P07247,0.0024398,0.013029,0.016038,0.045099806040525436,0.0007762851892039,0.0160899236798286
Q8SYU5_P92204,0.0025394,0.012942,0.016145,0.36180123686790466,0.0017262273468077,0.0002406942803645
Q7K4Z4_O17445,0.0021733,0.012917,0.01592,0.08138696849346161,0.0002326460089534,0.8356803059577942
P40793_A1ZB42,0.0021878,0.013094,0.015909,0.12105643004179001,0.0005674546700902,0.0014872928149998
Q9VBU9_Q9VCZ7,0.0022031,0.012967,0.015884,0.044100482016801834,0.0006868139607831,0.0015657457988709
Q9VXP1_Q9V3K3,0.002177,0.013097,0.015939,0.10044355690479279,0.0002288939431309,0.003737372579053
Q7KNM2_E1JHY7,0.0021786,0.013065,0.015923,0.1414462774991989,0.0006574101862497,0.0007848641835153
P05205_Q9VKM1,0.0021829,0.01301,0.016267,0.2926098108291626,0.0066403420642018,0.002964767627418
Q9VPU9_Q9VZ01,0.0021972,0.013075,0.015993,0.20717036724090576,0.0024050280917435,0.0043882657773792
Q9VGY3_A0A0B4KGY6,0.0021868,0.012924,0.015879,0.16405682265758514,0.0016572981839999,0.0008666471112519
A1ZAW9_O77237,0.0021941,0.012935,0.015909,0.2592012286186218,0.0018831922207027,0.0005448002484627
Q24186_Q9VWD9,0.0022156,0.012947,0.015912,0.3303508758544922,0.0003747029113583,0.001409018645063
Q9VG03_Q9VMU4,0.0021917,0.012931,0.015923,0.010572778061032295,0.0087576452642679,0.0015022805891931
P29673_P83949,0.0031452,0.013043,0.016127,0.016848893836140633,0.0077146892435848,0.003833825699985
P36188_Q8SYM9,0.0022097,0.012934,0.01752,0.03348080813884735,0.0009527157526463,0.2042486667633056
Q9VI60_Q9VA32,0.0021978,0.012967,0.015918,0.05394301190972328,0.0005899899406358,0.0379755459725856
Q9VN42_Q7KRU8,0.0022404,0.012973,0.015915,0.3282179534435272,0.0003200626233592,0.994200587272644
Q9VBU9_Q9VTB4,0.0022755,0.012943,0.015987,0.4688136875629425,0.0012232069857418,0.0120019996538758
E1JIM1_Q9VM81,0.0022286,0.013043,0.01594,0.42995986342430115,0.0471835881471633,0.0054461974650621
Q05201_Q9VUQ1,0.0023074,0.012972,0.015938,0.06697447597980499,0.0057457881048321,0.0012413940858095
Q9VM76_Q9VEX5,0.10716,0.012946,0.016248,0.022814910858869553,0.0231134556233882,0.0002976265677716
Q9VAY8_A0A0B4KFZ9,0.0021824,0.012956,0.016242,0.4664691984653473,0.0024021957069635,0.0007699959678575
Q9VF73_Q9W3X7,0.00218,0.012946,0.015902,0.07657637447118759,0.997958779335022,0.0066564874723553
Q9VWE8_Q9VS59,0.0022199,0.013003,0.0159,0.24127626419067383,0.0142540354281663,0.0208728779107332
P40797_P17133,0.0024839,0.013082,0.016571,0.23707503080368042,0.0020306198857724,0.0208733342587947
Q9VU83_O97111,0.024304,0.01297,0.016017,0.30304938554763794,0.0098584359511733,0.0447018295526504
Q9VIT3_O18338,0.0021892,0.013235,0.016021,0.08434593677520752,0.0094448868185281,0.0003337569942232
Q9VX36_P16371,0.0021947,0.013036,0.015903,0.4139314889907837,0.0002872377517633,0.028744664043188
Q9VIE6_Q9VBH7,0.0021805,0.012938,0.016377,0.07538917660713196,0.9977057576179504,0.0006982050836086
P05205_Q95RV3,0.0021726,0.012922,0.016002,0.451762318611145,0.0141233019530773,0.0003892294480465
A1Z9I6_Q9VPU9,0.0062662,0.013195,0.016029,0.04899495095014572,0.0029147560708224,0.0011469781165942
P18431_A0A0B4KFZ9,0.0022179,0.013175,0.01658,0.0708223357796669,0.000821161607746,0.0050960257649421
Q7KJ69_Q9VCG6,0.0021747,0.012927,0.015895,0.03772389516234398,0.0011639539152383,0.000317538739182
O18334_P11420,0.0041997,0.014018,0.016054,0.006930603180080652,0.0020799827761948,0.9888610243797302
Q7JXB9_P55841,0.0022068,0.01293,0.015925,0.056640613824129105,0.0002728433464653,0.3677590787410736
Q24560_Q9VJY9,0.0021795,0.013048,0.016021,0.1974906623363495,0.0755989551544189,0.0018100111046805
Q9VGW6_Q9VTC4,0.0021789,0.012945,0.015922,0.20997056365013123,0.0028745678719133,0.0029884199611842
Q7KTX7_P49735,0.0022159,0.013093,0.019323,0.226434126496315,0.0018846000311896,0.0058200289495289
Q9XZ57_Q7JYX5,0.0026557,0.012992,0.015922,0.141187846660614,0.0005231081158854,0.040606427937746
Q9VTE5_Q9VRN6,0.0022131,0.012926,0.015955,0.07812092453241348,0.0004331834206823,0.8332126140594482
E3CTS5_Q709R6,0.002212,0.012938,0.015903,0.09429757297039032,0.0004786794888786,0.0095924492925405
O01382_Q8IPC3,0.0021789,0.012947,0.016053,0.05683865398168564,0.003705179085955,0.011187057942152
P13096_Q9VUQ1,0.0031117,0.012993,0.016047,0.0017577584367245436,0.0442703478038311,0.0052603953517973
Q9VSG1_O96880,0.0021746,0.012982,0.015894,0.17464594542980194,0.0005820919759571,0.2459039539098739
Q7K2G1_Q9V3I9,0.0022062,0.012944,0.015928,0.25681331753730774,0.0043875803239643,0.0164900626987218
Q9VXZ0_P13582,0.0022554,0.01298,0.016023,0.12324133515357971,0.0009488256182521,0.0017278732266277
P29555_Q9W0F8,0.0022002,0.01344,0.015928,0.0315108597278595,0.0018125517526641,0.8826446533203125
Q8SYK5_Q24134,0.002202,0.013099,0.015916,0.005763256456702948,0.0032404097728431,0.0134056704118847
Q9TW27_Q9VJ12,0.0027522,0.012991,0.017178,0.15534080564975739,0.9985764026641846,0.000964663864579
Q9VWE8_Q9W140,0.0022224,0.013029,0.016686,0.17278730869293213,0.1643965989351272,0.9803615808486938
Q9W1K4_P02572,0.0022008,0.01296,0.019995,0.09101604670286179,0.0183769706636667,0.9350822567939758
P22711_Q9W2V7,0.0022156,0.012926,0.015894,0.21898624300956726,0.0003883327590301,0.0006815785309299
Q9VRN6_Q9VTL1,0.0021998,0.0131,0.2546,0.0316794291138649,0.0010382842738181,0.000400879071094
Q24180_Q9I7P3,0.0021801,0.012922,0.015907,0.22011354565620422,0.002390218200162,0.0005017249495722
Q9VS36_Q9VXP1,0.0023829,0.013361,0.016063,0.4590316712856293,0.0008664110209792,0.9855632781982422
P11147_Q9VQY9,0.0021744,0.012946,0.015898,0.1748860776424408,0.0145366098731756,0.0006022831657901
B6VQA0_Q9U6B8,0.0022062,0.012926,0.015908,0.21065564453601837,0.000794889521785,0.0080643175169825
P08645_P20153,0.032261,0.016113,0.016211,0.07215877622365952,0.002720293123275,0.0017669633962213
P55830_Q9VLU0,0.0021786,0.012976,0.015895,0.035673998296260834,0.0002951261703856,0.0002968022599816
Q9XYU0_Q01645,0.0021693,0.012953,0.015894,0.013769561424851418,0.0005194764235056,0.0010969546856358
Q9W0G1_O61602,0.037344,0.012963,0.016143,0.3726706802845001,0.0027315239422023,0.054856851696968
P26308_Q9VD72,0.0022143,0.012966,0.015924,0.16273817420005798,0.0049766586162149,0.9555028676986694
Q94513_Q9VJD4,0.002201,0.013105,0.016062,0.27639397978782654,0.0025064144283533,0.0046465806663036
Q9W2E8_Q9V3V9,0.0023789,0.012936,0.015916,0.3274276554584503,0.0037654226180166,0.0065675401128828
O96881_P08510,0.0021782,0.012968,0.015991,0.1074696034193039,0.0004073738527949,0.0024747410789132
Q9VT31_Q9VXX0,0.0021983,0.012934,0.015889,0.12216916680335999,0.001067622564733,0.0013101027579978
Q9W148_Q9VUK7,0.72995,0.01294,0.016779,0.07833561301231384,0.0031957456376403,0.3870261013507843
Q24338_Q94517,0.002204,0.01303,0.015961,0.37177687883377075,0.9942881464958192,0.0013158764922991
Q7K049_Q9VV73,0.0021747,0.013031,0.015897,0.11423307657241821,0.9987668991088868,0.1639333069324493
Q9VJQ5_P81909,0.0022116,0.012948,0.015897,0.20698155462741852,0.000292982062092,0.9727808237075806
Q05201_Q24180,0.0041546,0.013016,0.015998,0.1654689610004425,0.0016433969140052,0.0060571203939616
Q9VV74_Q9VN50,0.0022018,0.012923,0.015911,0.06800495833158493,0.0003558848402462,0.0060850735753774
Q7KM15_Q9VWE8,0.0023103,0.013235,0.074565,0.11857786774635315,0.0914428755640983,0.014954375103116
Q9V3C7_Q24454,0.0022479,0.012918,0.015978,0.1202898919582367,0.0010490892454981,0.0021945438347756
Q9W0I6_A1ZAH8,0.0022342,0.012921,0.015904,0.4929385185241699,0.000889106944669,0.0002534251543693
Q24008_Q8INQ9,0.0023499,0.01301,0.015941,0.00597632909193635,0.9966201782226562,0.0010905218077823
Q01083_P06602,0.0022597,0.01324,0.015989,0.5549066662788391,0.001332857646048,0.0002271565899718
I0B1P6_Q9VMI3,0.0022273,0.013002,0.015998,0.07146713882684708,0.0005359472706913,0.0002361788356211
O02002_Q8SWV6,0.0022162,0.013141,0.015933,0.026380032300949097,0.9969511032104492,0.0296149887144565
P55935_Q9VQM2,0.0023776,0.012941,0.015903,0.11453284323215485,0.0004055886820424,0.0006397603428922
Q7KSP5_D5SHR0,0.0023211,0.012954,0.015998,0.2562423348426819,0.0098274573683738,0.0315595380961895
Q9VQR2_P22816,0.0022017,0.012946,0.015897,0.20942994952201843,0.0003591169661376,0.2979674041271209
P13097_Q9VLB2,0.058273,0.013113,0.015953,0.4198268949985504,0.0144889475777745,0.0022831179667264
Q01068_Q9VCU6,0.003922,0.013027,0.015933,0.3914377689361572,0.0031009069643914,0.0011462430702522
Q24008_Q7KMP8,0.0021715,0.013014,0.015971,0.3550559878349304,0.0003644632233772,0.005335344467312
P48149_Q9VCQ7,0.002175,0.012932,0.015895,0.15964102745056152,0.0003654452157206,0.0002829128352459
Q02936_Q8SY34,0.0021761,0.013195,0.015961,0.0256759412586689,0.0006998642347753,0.306598424911499
Q0E8N2_Q9W2S2,0.0021769,0.012978,0.015919,0.056280042976140976,0.0018632662249729,0.0009259590879082
Q7JZB4_Q8IRI5,0.0022194,0.012947,0.0159,0.33568111062049866,0.0002663092454895,0.0010628383606672
Q9V7W9_D8FT20,0.0021894,0.012954,0.015997,0.11987610906362534,0.0257057752460241,0.0001927051926031
Q9V3Y8_Q9V9Y9,0.050238,0.01346,0.0161,0.3454815149307251,0.0386068150401115,0.0026603154838085
A0A0B4LHU7_Q9VZJ3,0.0048478,0.01293,0.015999,0.19579683244228363,0.5383838415145874,0.3609685897827148
Q9VYX4_P20009,0.0022411,0.012935,0.015895,0.018222933635115623,0.000673295406159,0.0210179165005683
Q32UW5_Q8IPW2,0.0022079,0.013039,0.031985,0.13076184689998627,0.0994303897023201,0.0013310429640114
Q9VUK7_Q24276,0.0025532,0.012926,0.01605,0.009595762006938457,0.0343002378940582,0.0286345388740301
P84040_Q9VRX1,0.0021813,0.012972,0.019889,0.030636925250291824,0.0003068600490223,0.0004190578474663
Q27884_Q9VWD9,0.0022136,0.01336,0.016514,0.03333213925361633,0.0008127596229314,0.8763580322265625
Q9W380_Q94518,0.0022555,0.012936,0.015907,0.02389383316040039,0.0006937670405022,0.04882587864995
Q8SYC1_A8DYC9,0.0021875,0.012931,0.015902,0.0675918459892273,0.0079765161499381,0.3875107765197754
Q9VHV8_O18338,0.0022286,0.013199,0.016044,0.20967215299606323,0.0137171326205134,0.4854916334152221
Q24338_P13060,0.002212,0.013174,0.015974,0.10397088527679443,0.0009026973275467,0.0007619921234436
Q9VUB8_Q9VCQ7,0.0022313,0.012955,0.016051,0.12524908781051636,0.0023558884859085,0.112495869398117
X2J8N3_A1ZAK9,0.0021644,0.012963,0.015933,0.007860550656914711,0.0003763823478948,0.0002426118880975
Q9VUW2_Q8T3U2,0.0022009,0.012957,0.01593,0.10722528398036957,0.0002360739163123,0.0109069049358367
Q9VS59_A4IJ58,0.01944,0.012973,0.015942,0.2788558304309845,0.0105571914464235,0.0035136430524289
Q9V3H8_P26308,0.0023806,0.013074,0.015953,0.6864588260650635,0.0016526812687516,0.0606804266571998
Q9VL21_Q0KHZ6,0.0021935,0.012942,0.015924,0.012905946932733059,0.000202451556106,0.0001902993390103
Q2PE14_Q9VPK4,0.0071188,0.012921,0.016089,0.11552948504686356,0.9985784292221068,0.0002749087871052
Q8T476_Q9Y0Z9,0.0024165,0.012965,0.01597,0.13107198476791382,0.013119869865477,0.0084181260317564
E1JHY7_Q9W125,0.0021958,0.012951,0.015957,0.03473866358399391,0.0024623651988804,0.0090066883713006
B6VQA0_Q9VYY9,0.0023157,0.013019,0.016016,0.07545651495456696,0.0077925017103552,0.0004038873885292
A0A0B4JD33_Q7KNM2,0.0027543,0.013054,0.015927,0.28509265184402466,0.9987794756889344,0.0010291375219821
Q9VI00_A4IJ58,0.012046,0.012944,0.015939,0.11017601937055588,0.0435164086520671,0.0043879537843167
Q709R6_Q7KUZ5,0.035115,0.012972,0.016133,0.23304298520088196,0.0006106251967139,0.0023619662970304
Q9VVY4_Q7JXC4,0.0022551,0.012967,0.015929,0.0447348989546299,0.0003646335098892,0.000482930248836
Q02936_Q27934,0.0021899,0.012938,0.016303,0.0241790059953928,0.0004229922778904,0.0052504539489746
P18932_Q709R6,0.0021914,0.012974,0.015893,0.3957781493663788,0.0002476268273312,0.0363103002309799
Q9VDK2_Q59DZ4,0.0021869,0.012977,0.015892,0.29630962014198303,0.0052069495432078,0.4126104414463043
Q9VRY0_Q9XZ56,0.0022604,0.012992,0.016027,0.020380279049277306,0.0070970971137285,0.0015071233501657
Q27415_Q9VZM7,0.0021707,0.012947,0.016072,0.16510653495788574,0.00570900272578,0.0028848282527178
Q9VQD7_P23647,0.0021744,0.012932,0.015898,0.21091172099113464,0.0019449788378551,0.4294458031654358
Q9VKD6_Q9VRN6,0.002207,0.012937,0.015908,0.249329075217247,0.01361361797899,0.2224958688020706
Q94518_P0CG69,0.0021757,0.012978,0.015903,0.1720389574766159,0.0011441828683018,0.000302728585666
Q9W2E8_P82804,0.0022372,0.012939,0.015913,0.3697006404399872,0.0006149134133011,0.0003853080270346
Q9VL21_P03896,0.0021802,0.01302,0.015882,0.08733092993497849,0.0002283744543092,0.0085144620388746
O44226_Q9VEC5,0.0022033,0.013008,0.017843,0.22996486723423004,0.0040297419764101,0.0105590745806694
Q9VGW6_P92204,0.0022014,0.012972,0.02157,0.08161734789609909,0.0056168478913605,0.0024936764966696
P17210_Q9W2P0,0.12549,0.36533,0.015944,0.02818959951400757,0.0096554774791002,0.0004593446210492
Q24087_P10084,0.0026717,0.012942,0.015929,0.5271576642990112,0.0008955461089499,0.0014427291462197
M9PBM3_Q9VQD7,0.0021778,0.012916,0.01589,0.394915372133255,0.000355326134013,0.0009320510434918
P52168_Q9W4N8,0.0021999,0.012996,0.015934,0.27899667620658875,0.0031510079279541,0.003128414042294
M9PF17_Q9XZ58,0.0021838,0.012937,0.015878,0.06158972904086113,0.0005776932812295,0.0021249367855489
R9PY49_E1JJE8,0.26908,0.039419,0.016043,0.02673250250518322,0.0026935450732707,0.000339301128406
Q7K2Q8_Q9VVI3,0.0021784,0.012926,0.015917,0.02289154753088951,0.0003358388203196,0.0002253825950901
Q9VRT7_Q9W2P5,0.44603,0.93708,0.12634,0.08280982822179794,0.9990339279174804,0.0010941890068352
Q24210_P56721,0.0022032,0.012996,0.016269,0.06957647949457169,0.0133664608001708,0.0183629114180803
Q9V4E0_Q01070,0.0021945,0.013414,0.015916,0.04004752263426781,0.0002089677582262,0.7969072461128235
Q9V637_Q9VBU9,0.0021965,0.012934,0.015918,0.0463210791349411,0.0008807144477032,0.0020903930999338
Q9VW58_Q7JZK1,0.0021872,0.012969,0.015887,0.5183430314064026,0.0011557493126019,0.123679406940937
Q9VY87_Q9W218,0.0022168,0.012956,0.015945,0.4023568034172058,0.0013931028079241,0.2263534516096115
Q9VAQ8_Q9W1A3,0.0021828,0.012924,0.015955,0.15313398838043213,0.0007470331620424,0.5001347661018372
Q86P80_Q27889,0.003039,0.013004,0.062326,0.02021661028265953,0.0248273815959692,0.0041762366890907
Q9VAR6_Q9VW58,0.0021853,0.01295,0.015881,0.5282225608825684,0.0007688115001656,0.2305214405059814
Q9I7L4_Q9VJE4,0.002186,0.012951,0.015872,0.47042620182037354,0.0003911391249857,0.01588717661798
Q962S2_P50534,0.0021897,0.012984,0.015856,0.16561061143875122,0.0010948698036372,0.0965009555220604
Q9NFZ3_Q7PLK0,0.0021931,0.013164,0.015938,0.10434412956237793,0.0025795099791139,0.0056427083909511
P05709_Q8MLY8,0.0021809,0.012982,0.015922,0.11097145825624466,0.0002889555762521,0.019565287977457
A1Z6E0_P25008,0.0021883,0.012931,0.015884,0.08716989308595657,0.0070096477866172,0.0003363564610481
P42325_O01382,0.0021862,0.013169,0.023352,0.11444094032049179,0.0178356859833002,0.0106437606737017
P43332_P40793,0.0092304,0.12051,0.060919,0.3848010003566742,0.000600155617576,0.9698096513748168
P50534_Q9W029,0.0021894,0.012964,0.015981,0.1869315803050995,0.0020131738856434,0.006146362517029
R9PY49_P23792,0.0024441,0.013105,0.016051,0.07990804314613342,0.0071980501525104,0.0021196373272687
P11420_P18491,0.40241,0.013095,0.019265,0.006257946603000164,0.9981200098991394,0.0045376820489764
Q7KA43_Q9W1E5,0.0021839,0.013071,0.01599,0.290968120098114,0.0031009202357381,0.0006236370536498
Q9VAC4_Q9U6B8,0.0021835,0.012927,0.015885,0.3660144805908203,0.0005142470472492,0.0266708638519048
P83949_Q9TW27,0.0028974,0.01298,0.015977,0.0896715596318245,0.9962886571884156,0.0031607060227543
Q4V5A7_Q9VKK9,0.007957,0.012934,0.015993,0.07922232151031494,0.0177613869309425,0.2923443913459778
Q7KVG9_Q9VTW3,0.029414,0.013048,0.016023,0.01055313739925623,0.1035462617874145,0.0318543203175067
Q9Y106_Q05547,0.0021823,0.01295,0.015946,0.3262996971607208,0.0007815961726009,0.0004567152063827
Q7JXB9_Q95TN8,0.0021868,0.012949,0.015951,0.09979953616857529,0.0007595724891871,0.0261551272124052
Q9VQS4_Q9V629,0.0023102,0.012964,0.016062,0.011712576262652874,0.0141069404780864,0.9413860440254213
M9PHI7_Q7KTX7,0.0021905,0.013035,0.015941,0.03256968781352043,0.0006629620911553,0.0005850035813637
Q9XZT6_Q95U62,0.0021873,0.012938,0.015946,0.2281692624092102,0.00081397179747,0.0239055082201957
Q9V431_Q9XYU0,0.0021898,0.013122,0.01615,0.01150879543274641,0.002591224387288,0.0010901354253292
P20350_P49028,0.0021828,0.012934,0.015883,0.02321241982281208,0.0005529617192223,0.0022236702498048
Q7KUL3_Q94513,0.33057,0.013311,0.015934,0.058146245777606964,0.0256876498460769,0.0071159424260258
P23023_Q01645,0.0022107,0.012957,0.015911,0.3763474225997925,0.0018190313130617,0.0001186362933367
Q24171_P24350,0.010987,0.01305,0.024923,0.025024188682436943,0.0045336689800024,0.0210981331765651
Q32UW5_Q9V3L8,0.0039088,0.014226,0.0159,0.017372718080878258,0.0016181877581402,0.5395892858505249
Q7K2L1_P13060,0.0021828,0.012945,0.016185,0.045019377022981644,0.0007222789572551,0.0015672371955588
Q9VB23_Q9VLU0,0.0021723,0.012959,0.015906,0.08535680174827576,0.0064205853268504,0.0004410613910295
Q24533_Q9VHM5,0.0022999,0.012984,0.016033,0.009211884811520576,0.006363830063492,0.7658653855323792
P62152_P46222,0.0021923,0.013081,0.015887,0.013584302738308907,0.0002900217368733,0.0083760078996419
P84040_P40792,0.012681,0.015005,0.11526,0.5148090720176697,0.0002428241132292,0.3268904089927673
O97102_Q8SYU5,0.0021766,0.012959,0.015908,0.2570117712020874,0.0032742395997047,0.0027247739490121
P52168_Q7KRI2,0.0021849,0.012956,0.015907,0.07493407279253006,0.0313054248690605,0.0031572240404784
A1Z9I5_Q9VWI0,0.0021933,0.012972,0.015975,0.011586582288146019,0.0005229924572631,0.0684937536716461
P22464_Q02936,0.002178,0.012922,0.015902,0.28715890645980835,0.0007829630631022,0.0013221980771049
P50536_Q9VNE4,0.0022827,0.013053,0.015905,0.22287678718566895,0.0058910269290208,0.0029258232098072
Q9W1Y1_Q9VJE4,0.0021851,0.012951,0.015886,0.062288347631692886,0.0002761418290901,0.0706809759140014
C0MJ66_P54733,0.0022033,0.012987,0.01754,0.11580421030521393,0.371133804321289,0.0012519987067207
P81909_Q9VVH8,0.0022082,0.012918,0.015895,0.10268650203943253,0.000866538088303,0.042202889919281
Q9VZF2_Q9V3V9,0.0021938,0.012939,0.015903,0.10858243703842163,0.0053713293746113,0.0051249298267066
Q8MS69_Q9V6B9,0.0022039,0.012959,0.016023,0.0133989118039608,0.0002930619812104,0.0003508815425448
P23023_Q9VBY2,0.0021964,0.012923,0.015924,0.15466389060020447,0.0018387937452644,0.0009762322297319
Q9VR09_Q9VIH1,0.0022221,0.012949,0.015906,0.17003415524959564,0.7604695558547974,0.7131367325782776
Q8I0J6_Q9VNE4,0.19073,0.019383,0.015936,0.002833802718669176,0.0036090156063437,0.0003073727420996
O77260_Q9VUI0,0.00226,0.012959,0.016002,0.10839609056711197,0.0698456689715385,0.0002100574638461
P23128_O02002,0.0023528,0.013016,0.016016,0.046066559851169586,0.0003582782810553,0.1146942377090454
Q95RR8_Q09024,0.0021806,0.012992,0.015919,0.00405528349801898,0.0050560818053781,0.0088144745677709
Q9W4N8_Q9I7L4,0.0022087,0.012929,0.015879,0.22701695561408997,0.0005350423161871,0.8313121795654297
P54367_Q95RA8,0.002207,0.012943,0.016048,0.10390578210353851,0.0009618967887945,0.0009275956545025
M9NF10_Q7JYH3,0.0022183,0.012922,0.015879,0.2170187532901764,0.0014886233257129,0.9896584153175354
Q9VAR6_Q9VP65,0.0021954,0.012953,0.015893,0.5150501132011414,0.0003311122127342,0.0118561089038848
Q9VHB6_Q9VMI3,0.0022348,0.012979,0.01595,0.27605140209198,0.0003324356221128,0.0038243907038122
Q9VG38_P31007,0.0021837,0.012928,0.015932,0.5328633189201355,0.0008373456075787,0.0020639619324356
Q8T403_P08970,0.002177,0.012957,0.01586,0.034380655735731125,0.0136627973988652,0.0048911697231233
Q9VF82_P16371,0.0021862,0.012953,0.015896,0.23445551097393036,0.0051577580161392,0.0002724846126511
Q9VBH8_P12881,0.0021849,0.012933,0.015895,0.0049354457296431065,0.0004585687129292,0.0575706213712692
P22769_O96860,0.0022042,0.012931,0.01597,0.20635755360126495,0.0002154632093152,0.0076396325603127
O16810_Q9W4S7,0.85991,0.012989,0.020906,0.4523022770881653,0.0327544175088405,0.89582359790802
P56672_Q86B79,0.11129,0.013048,0.016903,0.2370293140411377,0.0088221179321408,0.0009829927003011
X2JDZ1_P15357,0.0022111,0.013026,0.015976,0.02582593448460102,0.0008219256415031,0.6586494445800781
Q9W0G1_Q9VJE4,0.0021785,0.012961,0.015881,0.18554505705833435,0.0006894216639921,0.0066142678260803
P49028_Q9VVT5,0.002209,0.013605,0.015883,0.02633373998105526,0.0009684643591754,0.0191537141799926
Q9VF82_P13060,0.0021681,0.012925,0.01593,0.2465115338563919,0.0003407222102396,0.0016908313846215
P06602_P16371,0.52155,0.015173,0.021334,0.20164653658866882,0.0223635919392108,0.0075949858874082
Q9V9Y9_P23758,0.0023169,0.013081,0.015927,0.03125506266951561,0.0032539772801101,0.0016129084397107
O02002_Q9VKV4,0.0021799,0.012935,0.015926,0.18967139720916748,0.0003260954981669,0.0265468508005142
P18289_P48462,0.0028522,0.013167,0.016236,0.3144514560699463,0.0003376169479452,0.0008417366771027
Q7KM04_P32031,0.0024585,0.013035,0.023323,0.14983683824539185,0.0185970030725002,0.0082455715164542
Q9U6B8_Q9VK43,0.0022073,0.012941,0.016647,0.028450362384319305,0.0019451680127531,0.0052985539659857
Q9VM64_Q8MRE6,0.016329,0.59502,0.083892,0.15830031037330627,0.1011094003915786,0.0001494675234425
P48555_Q9VRN6,0.0021953,0.013368,0.016263,0.022037992253899574,0.0031838936265558,0.0009779968531802
Q9VCE1_Q9VVP8,0.0022288,0.012948,0.015909,0.04750519245862961,0.0421005450189113,0.0006895320257171
A4IJ58_P50536,0.0022975,0.012924,0.015978,0.0019220170797780156,0.0024993226397782,0.0082597499713301
O16130_A0A0B7P9G0,0.0021984,0.012996,0.015907,0.10178057104349136,0.0021134687121957,0.0021039084531366
Q9VI00_Q95TN8,0.013814,0.012961,0.01635,0.1083107739686966,0.2559276521205902,0.0011436647037044
Q7KS77_Q9U1K1,0.082368,0.012992,0.016062,0.26269933581352234,0.0144165037199854,0.0010787586215883
E1JJI1_P04359,0.0021884,0.012916,0.015991,0.028968246653676033,0.0005437370273284,0.942656934261322
Q9VFP2_Q7KLV9,0.0022033,0.013176,0.016105,0.34821534156799316,0.0003257850476074,0.113480731844902
Q7KUL3_Q9VAC8,0.69423,0.5832,0.015981,0.10983683168888092,0.3643220365047455,0.0003838909615296
O46308_Q9W125,0.002198,0.012945,0.016059,0.1372760832309723,0.0002696156152524,0.0007927714032121
P36179_Q9VB23,0.0033181,0.029174,0.019908,0.1363319456577301,0.0191761329770088,0.5094692707061768
Q9V8I2_Q9W0F8,0.0021948,0.012945,0.015903,0.0026933951303362846,0.0003252862952649,0.0009086325298994
Q9W0A8_P08645,0.0022564,0.013763,0.036477,0.011502205394208431,0.000363202067092,0.0101964091882109
Q9VMN9_Q24318,0.0021828,0.012942,0.015902,0.1634840965270996,0.0010493801673874,0.0033201912883669
Q24134_P48609,0.0021785,0.012988,0.016816,0.028714943677186966,0.0026164064183831,0.0017028609290719
Q9VT76_Q9VS01,0.0021941,0.012944,0.015877,0.012982478365302086,0.0002658576704561,0.001636579632759
P29503_Q9VNB5,0.0021851,0.012964,0.01594,0.32178518176078796,0.0076327989809215,0.0010027283569797
Q7PL91_P13096,0.0022012,0.012953,0.015916,0.08224685490131378,0.0003946431388612,0.0008380732615478
B7YZF0_Q9VNB5,0.0021848,0.012927,0.015905,0.16881614923477173,0.0015880822902545,0.0212510805577039
P04197_Q9VS34,0.0021851,0.012928,0.015912,0.1376471370458603,0.0834363475441932,0.0181852001696825
P02836_Q8T4F7,0.37504,0.013143,0.021323,0.02328255958855152,0.009696340188384,0.6665469408035278
P22812_P40792,0.0023807,0.013363,0.016102,0.04225686192512512,0.021626116707921,0.0029886330012232
P52304_P40792,0.002746,0.014561,0.024985,0.48452118039131165,0.0008768000407144,0.9819059371948242
P55841_Q9V3K3,0.0022133,0.012927,0.016583,0.02323729172348976,0.0006373837240971,0.0014462561812251
A8JUS8_P40792,0.0022172,0.014055,0.016043,0.1352566033601761,0.0033517947886139,0.003155383048579
Q966T5_Q24168,0.0024445,0.013025,0.015938,0.3318519592285156,0.0007399105816148,0.0384936705231666
Q9XZT6_Q9VFL4,0.0022486,0.012973,0.01591,0.4248088300228119,0.0006469325744546,0.0139862420037388
P49735_P02844,0.0021866,0.012941,0.016031,0.18133628368377686,0.0004892856813967,0.0025975012686103
Q9V3K3_Q9W2S2,0.0022541,0.013006,0.016193,0.10928947478532791,0.0003936778521165,0.9277706146240234
Q9W380_Q9VJM2,0.0021951,0.012936,0.015871,0.15729746222496033,0.0007054929737932,0.0028257255908101
M9PHN7_P55841,0.0021836,0.012947,0.015916,0.03144736588001251,0.0004012855351902,0.0140737723559141
Q7KNM2_Q23985,0.0024119,0.013028,0.015909,0.12651608884334564,0.0182968135923147,0.0230143852531909
P16241_Q24570,0.0022505,0.013041,0.016096,0.3766463100910187,0.0103805176913738,0.9870533347129822
P17210_Q7K1Y4,0.0024375,0.014935,0.016003,0.022712184116244316,0.0051933601498603,0.0014154985547065
Q7KSP5_Q9VHD2,0.0022027,0.012977,0.015894,0.036396559327840805,0.0023952843621373,0.0003954183484893
P29829_Q9VJZ6,0.0022146,0.013448,0.015991,0.0016662125708535314,0.0075971134938299,0.0004299434949643
Q9VLT7_Q9VZU2,0.0022085,0.012947,0.015969,0.09579629451036453,0.0004363560001365,0.0028899600729346
A1ZBY3_Q8T414,0.0021972,0.012939,0.015911,0.27797508239746094,0.0008815649780444,0.0006787901511415
Q9NCC3_P29555,0.0029465,0.012946,0.015987,0.0433654710650444,0.0084583656862378,0.0024552261456847
P81917_Q9VB22,0.0021757,0.013135,0.015896,0.15082813799381256,0.0009962009498849,0.0006717510987073
Q9I7L4_Q9VWZ1,0.002203,0.01292,0.015887,0.18125152587890625,0.0025711078196763,0.0190583672374486
P22809_Q86B87,0.0068171,0.012971,0.01604,0.1979263573884964,0.9920507073402404,0.0133041301742196
Q9VLK1_Q9VCZ7,0.0022388,0.013327,0.015924,0.010630883276462555,0.0008009104640223,0.0007827283698134
Q9VJ33_Q8T0K1,0.16425,0.014429,0.023872,0.3619389533996582,0.003887913422659,0.0790645629167556
Q01068_Q9VXP1,0.0024122,0.013369,0.016076,0.027762003242969513,0.0004552221798803,0.0090550072491168
Q7K304_Q9VMV7,0.0021884,0.012983,0.015985,0.13419900834560394,0.0015552508411929,0.004414155613631
Q9VUW2_P45975,0.0021764,0.012984,0.015927,0.438351035118103,0.0013476939639076,0.0020138283725827
P49847_P26686,0.019245,0.013016,0.021852,0.2874091565608978,0.0190627072006464,0.0009076006826944
P41126_Q9VN50,0.0021855,0.012919,0.015884,0.04493451863527298,0.0003385579620953,0.0002748479600995
Q9V3E9_Q9U8R4,0.0021968,0.01331,0.015977,0.39565345644950867,0.0011398753849789,0.0012965754140168
Q9VNE4_O77260,0.0023165,0.013036,0.015957,0.11086421459913254,0.0408142581582069,0.0923785492777824
Q9VFT4_Q9VLK1,0.008577,0.012938,0.022751,0.1901976466178894,0.0005944385775364,0.0033279445488005
P17133_Q9VVU2,0.0022158,0.01293,0.016044,0.10063090175390244,0.0011979190167039,0.1874278038740158
E1JH43_P09052,0.0021811,0.012952,0.01594,0.2300306260585785,0.0002314272278454,0.0006373798241838
P18931_Q9VVT5,0.0021771,0.012969,0.015896,0.058420851826667786,0.0002338736812816,0.000268800969934
Q9VH07_Q9VMJ4,0.0021798,0.013018,0.015902,0.4964621663093567,0.0004616085207089,0.0004440750635694
P23572_Q9V3L8,0.0023676,0.012985,0.015918,0.019206492230296135,0.0005096700042486,0.0250886864960193
Q9VDD1_Q8IHA6,0.0022001,0.012958,0.01596,0.18660561740398407,0.0014952337369322,0.0016838328447192
Q9VWD5_Q9W4N8,0.002214,0.012946,0.015897,0.1810000240802765,0.0009704743279144,0.0031604277901351
Q9VLB2_Q9V9W3,0.0021922,0.013021,0.015938,0.1379818171262741,0.0008217099239118,0.051487524062395
P16371_Q27415,0.0021852,0.012956,0.016183,0.03987712413072586,0.0075416793115437,0.0012754014460369
E3CTS5_Q8T3U2,0.0022809,0.012942,0.015872,0.04527825489640236,0.0004157123039476,0.0006708272849209
O46036_Q9V629,0.00218,0.012924,0.015932,0.44603031873703003,0.0002868502633646,0.0073045580647885
Q709R6_P06002,0.0022334,0.013111,0.015901,0.04337282478809357,0.0003080184105783,0.1582201570272445
Q9NHB0_Q9W0B3,0.0021944,0.012941,0.015904,0.25345394015312195,0.0004775603883899,0.0342216938734054
P98149_B3DML8,0.0021935,0.012963,0.015936,0.18994489312171936,0.0029427288100123,0.041930865496397
Q9VVI3_Q8T476,0.0025073,0.012928,0.015992,0.016869142651557922,0.0035361482296139,0.0015764769632369
O62530_Q9W0Q5,0.002187,0.012924,0.016013,0.02645193040370941,0.4205937087535858,0.9717451930046082
Q9W1E5_Q9VAR6,0.0021825,0.012941,0.015875,0.30996963381767273,0.0007560873054899,0.0009023929596878
Q05825_Q7KRU8,0.0022321,0.026396,0.016064,0.6425282955169678,0.0002530328056309,0.0012598831672221
P46867_Q9VB23,0.0022723,0.013816,0.01716,0.28299394249916077,0.0166400764137506,0.2760217487812042
Q9VJD4_B7Z0R7,0.0022045,0.013211,0.016134,0.1395730972290039,0.0027001013513654,0.6244051456451416
Q24169_Q9Y1B2,0.0021821,0.012925,0.015889,0.5010226368904114,0.001317253219895,0.0133190369233489
Q9VKD6_Q9V4Q8,0.0021782,0.012949,0.015894,0.07571754604578018,0.0063355853781104,0.0003638317575678
Q8T0G4_Q9XZS4,0.0026666,0.013114,0.015916,0.027630900964140892,0.0005605443147942,0.0056146164424717
O97102_P11346,0.0022155,0.013015,0.017183,0.2096538543701172,0.0058767185546457,0.0198295637965202
O97183_Q9VJD2,0.0021705,0.012926,0.015885,0.03120313584804535,0.0002553920494392,0.0011178145650774
P55035_Q9VF04,0.0021973,0.012961,0.015915,0.04487358778715134,0.0091989720240235,0.192318320274353
Q02936_Q32UW5,0.0021747,0.013238,0.017353,0.007473167963325977,0.000665508210659,0.0071052433922886
P25008_Q8T4F7,0.0021737,0.012925,0.015886,0.12577156722545624,0.0017562522552907,0.0007831690018065
A1ZBT5_Q95TJ9,0.19698,0.01294,0.015931,0.018141215667128563,0.0011560297571122,0.0005109500489197
Q24139_Q9W1A3,0.0022469,0.012966,0.01594,0.028893254697322845,0.0009970108512789,0.0552248805761337
Q23985_Q9W148,0.0857,0.012986,0.016695,0.2011924684047699,0.001216386212036,0.0024024380836635
P04197_Q9VUI0,0.18485,0.012971,0.016772,0.05517472326755524,0.9982057809829712,0.0085871294140815
Q24475_Q9W0F8,0.0022187,0.012944,0.01594,0.2631409466266632,0.0005801047082059,0.0004843246133532
Q9W0G1_Q8T3U2,0.0022026,0.012947,0.015927,0.09807462245225906,0.0005080194678157,0.9608237147331238
O76922_Q00805,0.0021924,0.012946,0.01593,0.17427247762680054,0.0022266206797212,0.0009340562392026
P18488_Q9XYU0,0.0021986,0.013017,0.016045,0.04876089468598366,0.0003933398402296,0.0005812098970636
Q03017_Q7K3V6,0.0021942,0.013111,0.01597,0.025192387402057648,0.0005335041787475,0.9708804488182068
P31007_A0A0B4KFZ9,0.0022419,0.012975,0.016244,0.00509980134665966,0.0015784122515469,0.0287843663245439
Q9VT76_Q24537,0.0021826,0.01307,0.015901,0.017160125076770782,0.0007137001375667,0.0020256089046597
B7Z0R7_Q9XZH6,0.0029068,0.013724,0.015915,0.051265865564346313,0.0074697411619126,0.0204838830977678
Q9U5W9_Q7JZK1,0.0021898,0.012949,0.015898,0.08490835875272751,0.0579469874501228,0.0049839578568935
Q9VEG5_Q9VZU1,0.0021781,0.012964,0.015931,0.0747210904955864,0.0030323220416903,0.9860444068908693
Q9VLI9_Q9VXA5,0.0021751,0.012988,0.015916,0.040256429463624954,0.0003401151625439,0.0440000928938388
P06602_P30052,0.004892,0.012974,0.015964,0.035709694027900696,0.0150226633995771,0.0098853660747408
Q8IPW2_Q8INQ9,0.0022295,0.012998,0.016398,0.1601337194442749,0.9987571239471436,0.0043169562704861
P23128_A8DYC9,0.0022332,0.012985,0.015989,0.020239761099219322,0.002613358432427,0.0009504071203991
A1Z6E0_Q27368,0.0021752,0.012941,0.015915,0.0019339158898219466,0.0026469621807336,0.525048553943634
Q9VKW3_P0CG69,0.0024962,0.01308,0.94954,0.37474745512008667,0.0002356129407417,0.0058824233710765
Q9XZ61_P52485,0.0021741,0.013015,0.01589,0.015945153310894966,0.0006114087300375,0.0033550155349075
Q9VK43_Q9VUR1,0.0021801,0.012938,0.015911,0.019996633753180504,0.0025537724141031,0.0128950104117393
P16914_Q9VJ02,0.0025467,0.013036,0.016116,0.034712739288806915,0.1212715581059455,0.0048211119137704
A1Z933_Q9W102,0.0021807,0.012929,0.015879,0.05385155230760574,0.0002818749053403,0.0289777442812919
P49906_P83094,0.0022253,0.01295,0.015926,0.10817000269889832,0.0003713785263244,0.0233537759631872
O16810_Q9VDD1,0.0022165,0.012969,0.016267,0.08665382117033005,0.0048696254380047,0.0009313834598287
Q9VVH8_Q9VGW6,0.0022286,0.012964,0.01593,0.026336032897233963,0.0010258279507979,0.9771099090576172
E1JJE8_Q8T414,0.0033016,0.013009,0.015929,0.42713236808776855,0.0236866660416126,0.7759496569633484
Q9VCL2_Q9VQS4,0.04901,0.013124,0.017103,0.17811378836631775,0.045865636318922,0.0465027168393135
O16130_Q9W148,0.0021946,0.01293,0.019802,0.07336156070232391,0.0132838711142539,0.0002230409154435
Q9V9W8_Q9VUQ1,0.0021857,0.012985,0.015897,0.007835570722818375,0.0230346042662858,0.0006409382331185
P81909_P07909,0.0021796,0.012928,0.015932,0.24350827932357788,0.0003327323938719,0.01037282589823
P48554_P08646,0.73759,0.28903,0.061586,0.004589541349560022,0.003649279475212,0.0911036655306816
P83094_P16378,0.0023315,0.013255,0.015929,0.005624088458716869,0.0086709419265389,0.5852001905441284
Q9VR35_P02574,0.0022198,0.01303,0.015992,0.03017517551779747,0.0172146242111921,0.0006064839544706
O96860_Q9W358,0.0021645,0.012946,0.015888,0.568345308303833,0.0385605245828628,0.0059348572976887
A1Z9I5_Q8T965,0.0029116,0.01294,0.015903,0.014000802300870419,0.0007140722009353,0.0005021203542128
P48159_P11346,0.00219,0.012953,0.015917,0.11712208390235901,0.0002250493271276,0.0076151681132614
P46150_Q8T0G4,0.0032088,0.013001,0.015979,0.09707081317901611,0.0017431530868634,0.0047359936870634
Q24087_Q9VP85,0.0022071,0.012928,0.016155,0.04922089725732803,0.0153001239523291,0.7962627410888672
Q9VST2_P47825,0.18097,0.012979,0.015935,0.12207304686307907,0.0172508675605058,0.0021531220991164
Q9VBQ3_Q7KLV9,0.0063213,0.014341,0.74914,0.15337805449962616,0.0032374633010476,0.0002987563493661
Q9W1E5_P02574,0.0023268,0.012963,0.01618,0.11434072256088257,0.0010626764269545,0.008786647580564
Q0E8N2_P62152,0.0021794,0.013261,0.016347,0.049849655479192734,0.0022832583636045,0.0017998343100771
P40793_P16241,0.013658,0.014748,0.036921,0.06177869811654091,0.0006409593042917,0.0015033545205369
P26308_P07548,0.0022241,0.013137,0.016032,0.287985622882843,0.0198047515004873,0.0004066442197654
Q9VWA6_Q7K4B4,0.37932,0.25005,0.015977,0.0716049075126648,0.666024386882782,0.0002287791721755
P02836_Q9VAP2,0.72972,0.012977,0.017005,0.2523379921913147,0.0158004965633153,0.0004963466781191
Q9VYW3_Q9VMU4,0.0022516,0.012997,0.015912,0.06897763162851334,0.0004060219216626,0.0041187996976077
B7YZE6_Q9VM76,0.0022648,0.012995,0.017416,0.012185387313365936,0.0035566403530538,0.0038882517255842
Q9VTB4_A0A0B4JCT9,0.0021942,0.012932,0.015896,0.12500452995300293,0.0011398118222132,0.9060654640197754
Q8IQ92_P19889,0.0021955,0.012925,0.015894,0.028181690722703934,0.0027375288773328,0.0002372891030972
Q9VW53_Q9VJC7,0.0021883,0.012953,0.016014,0.03761976212263107,0.0002926275483332,0.0409446321427822
Q960D3_P20353,0.0021754,0.013055,0.01618,0.10432470589876175,0.000474483706057,0.0106394775211811
P20009_Q9V629,0.0022362,0.012964,0.015937,0.10000589489936829,0.0005816765478812,0.0011012133909389
P08181_Q8SWV6,0.0021909,0.013004,0.016,0.13844691216945648,0.0005205257330089,0.8068521618843079
Q9W2K0_P48609,0.0021816,0.012988,0.016324,0.25898709893226624,0.0264951530843973,0.0017276330618187
P83949_P52485,0.0021857,0.013019,0.01596,0.025119943544268608,0.0005033091874793,0.0010670267511159
A1ZAK9_Q9VXP1,0.0023649,0.013286,0.016041,0.08872787654399872,0.0016189250163733,0.0006164452061057
Q9XZT6_P02299,0.0022353,0.012998,0.017053,0.3078664243221283,0.0003928193473257,0.0001752407260937
Q9VKJ4_Q9VW53,0.002185,0.024532,0.015908,0.0683520957827568,0.9947658777236938,0.0007592070032842
Q9VJD4_Q95RR8,0.0022073,0.01345,0.015976,0.07645495980978012,0.0142473373562097,0.2717364430427551
Q9VKM1_Q9VKV4,0.0021896,0.012919,0.015994,0.0016665776493027806,0.0097567122429609,0.0354778543114662
O01382_Q9VWA6,0.0021982,0.012969,0.015909,0.022791879251599312,0.0020015046466141,0.114422895014286
O46308_A1Z9I5,0.0022247,0.012968,0.016963,0.1597907990217209,0.012752054259181,0.0019437685841694
Q7KJ69_Q8ML92,0.002195,0.013027,0.015911,0.35764920711517334,0.000399496522732,0.0032395427115261
Q9W102_Q9Y1B2,0.0022152,0.012931,0.015885,0.25846773386001587,0.0007611303008161,0.0036136966664344
P92204_Q8MS69,0.0022134,0.012927,0.016492,0.08880433440208435,0.9987371563911438,0.0341285355389118
O18413_Q9VSE9,0.0022211,0.013083,0.015944,0.003327378537505865,0.0005958904512226,0.0253609083592891
P18932_Q9VMV7,0.0021778,0.012966,0.0159,0.30875465273857117,0.0002563231973908,0.0154754631221294
O44226_Q9VAH9,0.0022351,0.012959,0.01609,0.4190029203891754,0.0218892339617013,0.0002415101189399
P10084_P11420,0.20912,0.013045,0.016994,0.04857515171170235,0.0147332213819026,0.0116398325189948
P19018_Q9VVX0,0.0021842,0.012943,0.016008,0.4793740212917328,0.0052921036258339,0.9787464737892152
Q8T965_Q9VGU4,0.0021836,0.012926,0.015901,0.02103266306221485,0.0002755101595539,0.005487241782248
Q00805_Q9VGF9,0.0021933,0.012968,0.015955,0.29697099328041077,0.0009046110208146,0.0004150342138018
Q9VTE0_Q9W542,0.0033294,0.013088,0.015903,0.010155728086829185,0.0086348829790949,0.0003624267410486
Q9VFE9_Q9VKV6,0.0021734,0.013009,0.015954,0.11898424476385117,0.0002584821195341,0.4111915230751037
Q9VBQ3_Q9VMX3,0.0021988,0.012975,0.015899,0.07346215844154358,0.0017138679977506,0.2498577982187271
Q8IPW2_Q27272,0.0022949,0.012951,0.015961,0.7996926307678223,0.0004331854870542,0.1591605097055435
P81909_Q9VTC2,0.0021973,0.012927,0.015876,0.053051598370075226,0.0004380021709948,0.9873539805412292
Q7K2G1_Q8INB9,0.0023177,0.013335,0.018684,0.2135540097951889,0.0196170471608638,0.0426445826888084
Q9VWD9_Q9V6Q2,0.0022055,0.013076,0.015938,0.36039552092552185,0.000316585676046,0.1689968258142471
Q9VT57_P48461,0.0056229,0.013196,0.090555,0.33422815799713135,0.0051925275474786,0.0012267493875697
Q9VJD4_P16241,0.0021925,0.014453,0.015998,0.22424790263175964,0.9928366541862488,0.0036561430897563
P25008_Q9W1B9,0.0022347,0.012941,0.015927,0.022241707891225815,0.0002179079019697,0.0003313155611976
Q9V3H2_P46867,0.0026248,0.013742,0.016944,0.12565483152866364,0.0008765732054598,0.0077461269684135
Q9VJY9_Q02637,0.0027453,0.012975,0.01594,0.335957795381546,0.9943441152572632,0.0238631293177604
Q7K1Y4_Q9W2P0,0.0022074,0.013578,0.015997,0.03013806976377964,0.007391033694148,0.7992699146270752
Q9W0I7_Q27350,0.0021735,0.012921,0.015891,0.1749066561460495,0.0003385653544683,0.0117559349164366
Q8SY34_Q9VN50,0.0021718,0.012978,0.015887,0.3085968792438507,0.0081188231706619,0.0021747695282101
Q9XZ58_Q8IPW2,0.0021756,0.012946,0.015887,0.04788709059357643,0.0003736709186341,0.0009818110847845
A1Z9I6_Q8I0J6,0.0024927,0.013165,0.028752,0.07889224588871002,0.0086620571091771,0.0011768513359129
P42325_P28159,0.0021759,0.013089,0.015885,0.503021776676178,0.0481738485395908,0.0002431257307762
P23128_Q9VEC5,0.0024356,0.013257,0.016891,0.05286072567105293,0.00038695949479,0.002544212853536
Q9I7L4_Q9VRT7,0.0022013,0.012964,0.015869,0.04118805378675461,0.0006767077720724,0.0013763018650934
Q9V8I2_Q9VJD2,0.0021825,0.012945,0.015891,0.09436792880296707,0.9990431666374208,0.002969853579998
E1NZB4_O96881,0.0021914,0.012936,0.015923,0.077177494764328,0.9982684850692748,0.0003673304745461
Q9VHE3_Q9VVW2,0.0043727,0.013009,0.015947,0.15466760098934174,0.0029692237731069,0.1821034848690033
Q95SG9_P08928,0.0022233,0.013092,0.016017,0.07053562998771667,0.5643888115882874,0.0004407051310408
Q95RR8_Q9VUW2,0.0021709,0.012968,0.015914,0.5139918327331543,0.0018185499357059,0.0070935464464128
A1Z6E0_Q9W358,0.0021692,0.012964,0.015899,0.06655222922563553,0.0382288098335266,0.0036344893742352
Q9VJD2_Q9VS05,0.0021866,0.012931,0.015886,0.03746467083692551,0.0055200452916324,0.0130778718739748
Q9VP78_Q9W0B3,0.0021821,0.012923,0.015904,0.3210783004760742,0.9986763596534728,0.003557207994163
P19018_Q9VT76,0.0021889,0.01308,0.016017,0.15950900316238403,0.000640039332211,0.0035954436752945
Q9VFL4_Q8T0G4,0.0021982,0.012993,0.015885,0.597325325012207,0.0005956196109764,0.0006056325510144
P50536_Q9VJC7,0.0021801,0.012942,0.01594,0.3969334363937378,0.0020187236368656,0.0183457285165786
P14785_Q9U5W9,0.0022914,0.012934,0.015929,0.1574045568704605,0.001281994045712,0.0004776655114255
Q9W418_P02572,0.0029658,0.015545,0.016789,0.1765958070755005,0.0011175845284014,0.0032430549617856
Q9V457_P18931,0.0021691,0.012959,0.01588,0.5919814705848694,0.0002135124232154,0.010242935270071
Q24180_Q24297,0.0022375,0.012967,0.015896,0.0022266898304224014,0.0003951106918975,0.0015827714232727
Q058Z8_Q9VUB8,0.0021979,0.012927,0.015966,0.04711361229419708,0.0045613176189363,0.001181456958875
Q94545_Q7JXB9,0.0023897,0.013122,0.016065,0.11185266077518463,0.0007478372426703,0.0007427586824633
Q9W334_Q9VJZ6,0.0031158,0.012997,0.016049,0.10868725180625916,0.0012495171977207,0.0194190945476293
P08970_Q95028,0.0021697,0.012964,0.016063,0.2570989727973938,0.9853283762931824,0.0045079113915562
Q9W542_Q9VIP1,0.0033725,0.01294,0.54339,0.1524675041437149,0.1035679131746292,0.0004292188968975
P02572_Q9VFJ3,0.0022296,0.013271,0.015934,0.2075122892856598,0.0017646485939621,0.0006671698065474
P52656_P23647,0.0021732,0.012929,0.015924,0.04057052731513977,0.0032142086420208,0.0086183901876211
Q01842_Q8SZ16,0.0021732,0.01294,0.015893,0.20089614391326904,0.0157859623432159,0.000184569202247
P48588_Q9VP65,0.0022716,0.013014,0.016234,0.47002696990966797,0.0026273906696587,0.013556363992393
Q8IML3_Q7JXB9,0.0022322,0.012943,0.015921,0.09023792296648026,0.0003227603447157,0.0012753129703924
Q9VQD8_Q9W4S7,0.0031153,0.012938,0.015941,0.022346120327711105,0.0109029244631528,0.0007638289243914
Q05825_Q03334,0.0022121,0.013742,0.015913,0.13775774836540222,0.0070046712644398,0.0004070272261742
Q9VY87_Q9V9Y9,0.0021859,0.012971,0.015913,0.011229027062654495,0.0015632124850526,0.5468127727508545
Q7JVK6_B7Z0R7,0.0026838,0.01297,0.015898,0.10222041606903076,0.0003396618121769,0.0005366415134631
Q9VWX1_Q24171,0.0057177,0.012976,0.018672,0.16022123396396637,0.0055877231061458,0.0003978143213316
Q24475_P25867,0.0022009,0.012939,0.015872,0.08856399357318878,0.0002892298216465,0.0005092264036647
Q9VS59_Q9VBI0,0.0022101,0.012934,0.015899,0.1188434511423111,0.0028858818113803,0.0004215469816699
Q9I7H8_Q9VHE5,0.0021811,0.012919,0.01599,0.08534178882837296,0.0002561858855187,0.0005937528912909
Q24210_P22979,0.0022257,0.012968,0.015921,0.008253799751400948,0.0132133737206459,0.0009267949499189
Q9VEA2_P08182,0.002201,0.012977,0.016279,0.44449248909950256,0.0034712445922195,0.0018314481712877
P34021_P40792,0.015678,0.014921,0.016224,0.04935898631811142,0.0066974773071706,0.2496044337749481
Q24324_P32031,0.0033109,0.013027,0.023065,0.1193639487028122,0.0026730760000646,0.0054811616428196
P12982_P54359,0.0024619,0.013349,0.018711,0.11972574144601822,0.0010002641938626,0.002887615468353
P48159_Q9VQM2,0.0024264,0.012963,0.015961,0.015911348164081573,0.0003141389170195,0.0040155877359211
O46034_Q7PL91,0.0022239,0.013005,0.015913,0.028168823570013046,0.0002648199442774,0.0260578114539384
Q9VK46_Q9V3G1,0.0023411,0.012947,0.015944,0.006863316986709833,0.0002870491589419,0.0915324836969375
Q9W1Y1_P29310,0.0021714,0.013133,0.015911,0.03723978251218796,0.0006865462055429,0.0031900017056614
P08970_Q86B87,0.0063698,0.012989,0.026849,0.038432881236076355,0.016419505700469,0.4908071160316467
Q9Y0H4_Q9W0E9,0.0021818,0.013,0.015965,0.06879011541604996,0.0006563825299963,0.0003014621615875
M9PJE4_Q9W542,0.029907,0.012962,0.027131,0.011382922530174255,0.0024177718441933,0.0003819573030341
P82804_Q9VUR3,0.002227,0.012963,0.015904,0.015261149033904076,0.0006653575692325,0.0038708876818418
Q9VTZ7_Q9VFP2,0.0022167,0.012992,0.019349,0.12080267071723938,0.0046712821349501,0.0038356729783117
P09956_Q9VNE9,0.0021845,0.012932,0.015978,0.22059465944766998,0.0006213946035131,0.0001439084153389
P08928_Q9VGY3,0.0023737,0.013069,0.015908,0.21887284517288208,0.003735480364412,0.0007493514567613
Q9VVI3_X2JEH3,0.18187,0.012964,0.01912,0.05371538922190666,0.0028268976602703,0.354547768831253
P47825_Q9VVV9,0.047942,0.012959,0.016081,0.06749827414751053,0.02042075432837,0.0005828799912706
A1Z9S1_O97420,0.57571,0.37178,0.016067,0.07446437329053879,0.958501636981964,0.0002545329916756
O97420_Q24564,0.003053,0.012963,0.015909,0.5136575102806091,0.0012154921423643,0.0016603209078311
Q9VG03_Q7KS72,0.0022614,0.012975,0.015906,0.08820319175720215,0.0014250589301809,0.0046088784001767
Q9VJZ6_P48554,0.003095,0.049252,0.048924,0.39294418692588806,0.001254515023902,0.3527456521987915
Q9VVY4_Q9VRK9,0.0021783,0.012975,0.015919,0.05517576262354851,0.007615870796144,0.048434242606163
Q9VPH8_A1A6X4,0.0021897,0.012973,0.024034,0.001632004976272583,0.0094168139621615,0.001268838532269
Q9VFJ3_P26686,0.0022245,0.013055,0.015978,0.03415031358599663,0.0004698208358604,0.1628699004650116
P23758_O61722,0.0022763,0.012963,0.01598,0.11822071671485901,0.0058652102015912,0.00038440656499
O77430_A1ZB42,0.0021814,0.012944,0.015906,0.042972031980752945,0.0005389800644479,0.0005320056225173
Q9VG38_Q9VTC4,0.0021772,0.012922,0.015893,0.5277259945869446,0.004119352903217,0.0002427009894745
Q9W4R3_Q26454,0.0022383,0.013036,0.015956,0.016672378405928612,0.0003988735843449,0.982614815235138
Q9VHN1_P50534,0.0021686,0.012941,0.01589,0.13451659679412842,0.0082699432969093,0.973352313041687
P29829_P18491,0.0022072,0.013318,0.015942,0.05172036588191986,0.0099734282121062,0.0836753249168396
A8JNK7_Q9VW53,0.0022108,0.012934,0.015926,0.09818695485591888,0.0022702105343341,0.0071170735172927
P18932_Q8SWV6,0.0022627,0.013133,0.015907,0.23143117129802704,0.0003002090670634,0.0011633482063189
P92208_Q9W1E5,0.0021783,0.012941,0.016225,0.2597940266132355,0.000410142209148,0.0020700374152511
Q24106_P81900,0.0025591,0.012962,0.015931,0.027427418157458305,0.0004723356687463,0.0013875728473067
Q9VJE4_Q24533,0.0021834,0.012956,0.015869,0.18295089900493622,0.0002181182790081,0.1258956640958786
Q7K2Q8_P54733,0.0021757,0.01292,0.01588,0.15581192076206207,0.0006930510280653,0.0067727332934737
Q0E8K5_Q9VWI4,0.0021942,0.012953,0.016248,0.21125151216983795,0.0015743655385449,0.0318388938903808
Q95TJ9_Q7KMG7,0.0022016,0.012959,0.015915,0.07229266315698624,0.1095122769474983,0.0027217036113142
Q9V3E9_Q7YU24,0.0024434,0.013103,0.015948,0.19807101786136627,0.0014423645334318,0.0828675106167793
Q8IPW3_Q7KN62,0.0022058,0.012997,0.015935,0.07259026914834976,0.0007630286272615,0.028209326788783
P91664_P16241,0.0031367,0.013045,0.018264,0.033662620931863785,0.0122798439115285,0.0167516842484474
Q9VKW8_Q9W087,0.90018,0.89335,0.34754,0.009747461415827274,0.999032974243164,0.0568130202591419
P22816_P83949,0.025899,0.013015,0.016018,0.09023766964673996,0.0428133718669414,0.0329700522124767
Q9W2R4_Q9V4E0,0.0021756,0.013125,0.01594,0.16787905991077423,0.0034107391256839,0.0025444803759455
P48588_P42287,0.0021897,0.012947,0.015908,0.00617730338126421,0.0003024334437213,0.1830259710550308
O17445_Q9VMU0,0.0022049,0.012961,0.015949,0.012528975494205952,0.9976099729537964,0.0003860326542053
Q9VD72_P82804,0.0022326,0.013049,0.015933,0.0169563926756382,0.001641668844968,0.3596091270446777
Q24324_P03896,0.0022527,0.013147,0.016376,0.12521463632583618,0.0002158384595531,0.0175638534128665
Q9VTM0_Q7JNL9,0.0031492,0.01294,0.016021,0.43938392400741577,0.0066248220391571,0.0011352580040693
Q9W3H5_A1Z9S1,0.0022182,0.012979,0.015952,0.3259141147136688,0.0038331903051584,0.0030640985351055
Q7K105_Q24168,0.0034224,0.012977,0.016023,0.4964984357357025,0.0007232449715957,0.0008969184127636
Q94535_Q0E8K5,0.0021898,0.012934,0.016003,0.015825645998120308,0.0039058658294379,0.0007108698482625
P18491_O46308,0.0022812,0.013207,0.016366,0.02751879021525383,0.0084300320595502,0.0049886722117662
Q9XZ57_Q9VMU4,0.0022136,0.012949,0.01591,0.26730820536613464,0.0006349733448587,0.1105164885520935
P25991_Q9W5R8,0.002168,0.013061,0.015894,0.06283902376890182,0.007331795990467,0.0012777457013726
P22464_Q9V452,0.0021776,0.012943,0.015913,0.6206730604171753,0.0005990640493109,0.0190588627010583
Q24560_Q9VJ12,0.00218,0.013142,0.016854,0.0315871499478817,0.0105165941640734,0.0010778013383969
P19018_Q9VSN0,0.0022004,0.01295,0.015962,0.09410302340984344,0.9861809611320496,0.0018465986941009
Q27934_P41126,0.0021886,0.012922,0.016066,0.1428380310535431,0.0009935417911037,0.0004875368031207
Q9W482_Q8IN63,0.0022514,0.013072,0.015898,0.09081287682056427,0.0080098370090126,0.0013225267175585
Q9Y0H4_Q9VK43,0.0022108,0.012968,0.015945,0.18652497231960297,0.0012440485879778,0.2149845957756042
P49028_Q8IQ92,0.002224,0.013042,0.015925,0.11045601963996887,0.0170488804578781,0.0029998586978763
Q9VJI7_P41092,0.0022391,0.013005,0.015951,0.1273898035287857,0.000776341476012,0.9642930626869202
Q960Q9_Q59DX6,0.0021831,0.012977,0.015936,0.11494115740060806,0.0006315085920505,0.0120876235887408
A1ZAS3_Q24423,0.0022448,0.012989,0.015948,0.12762290239334106,0.0009112030966207,0.0078190583735704
Q9VUR1_Q59DX6,0.0021898,0.012929,0.015878,0.21432073414325714,0.000304310262436,0.0100765647366642
Q9VU83_Q9VFE9,0.0021931,0.013044,0.015959,0.08079439401626587,0.0004130687157157,0.0002111653448082
Q9VVH6_Q9W3Q0,0.0025438,0.01417,0.015995,0.22795908153057098,0.0266629178076982,0.9936188459396362
Q7K105_Q9W074,0.002771,0.012953,0.016005,0.0356035940349102,0.0007084152312017,0.0014098758110776
O15945_Q9VEV9,0.75706,0.014977,0.16986,0.0122167207300663,0.998938262462616,0.0026172006037086
Q9XYF4_Q05547,0.0022104,0.013047,0.018575,0.5620247721672058,0.0034931690897792,0.0019555031321942
Q9VXA5_Q7JYX5,0.0022009,0.012999,0.016012,0.021076178178191185,0.0005147907068021,0.0064115817658603
O18338_Q9V3E9,0.0022384,0.013587,0.017258,0.1980668306350708,0.0011047102743759,0.0003201556683052
P22711_P29555,0.8189,0.014185,0.019018,0.07358527928590775,0.9988563060760498,0.0002432140609016
Q9VAP2_Q9XZH6,0.0023478,0.012983,0.015901,0.05027620121836662,0.052694272249937,0.0011093445355072
Q9VPD2_P39768,0.0022703,0.013111,0.016032,0.3065933585166931,0.0006952217663638,0.0005197658902034
Q8T0S6_Q9VTW3,0.12458,0.013064,0.018779,0.2733214795589447,0.0056548276916146,0.0010515681933611
P07247_P40301,0.0021686,0.012958,0.015891,0.27469542622566223,0.0004357616126071,0.0119226584210991
O18333_Q9VZ01,0.0023262,0.013133,0.015909,0.00992557406425476,0.0002996026305481,0.0098965503275394
A1ZAW9_Q9W0S8,0.0021857,0.012929,0.015886,0.6731783151626587,0.0077761602587997,0.0064638876356184
O76878_P18431,0.0022486,0.012987,0.016016,0.4565775990486145,0.040445040911436,0.0149578377604484
P08044_Q0E8K5,0.0022698,0.012965,0.016006,0.05924464762210846,0.0057306187227368,0.9697992205619812
Q7KVL6_Q9VEX5,0.0023311,0.01298,0.015959,0.30746781826019287,0.0062716440297663,0.005412490107119
Q8SZ16_Q94519,0.0022649,0.012994,0.016135,0.04317494109272957,0.0063887112773954,0.0016311574727296
Q9VHN1_Q27934,0.002171,0.012936,0.015883,0.1198837161064148,0.0017557874089106,0.1134027317166328
A1ZBT5_B7YZE6,0.016403,0.012965,0.015964,0.13022780418395996,0.0003479244478512,0.0106779038906097
Q24572_Q9VEX5,0.0023556,0.013189,0.016026,0.2246844470500946,0.0035971133038401,0.0001266830222448
P08044_Q9VZV5,0.0022465,0.013346,0.042892,0.0508628748357296,0.0027517329435795,0.0008684789645485
A1Z6E0_P02836,0.0021759,0.012955,0.015905,0.3136378824710846,0.0159327089786529,0.0185054149478673
O97420_Q9VF73,0.011895,0.01302,0.015925,0.059516988694667816,0.9989277720451356,0.0305280424654483
P17917_Q9V629,0.0021678,0.012924,0.015908,0.3330628275871277,0.0093342764303088,0.0966841802000999
Q94517_P00528,0.0022567,0.013064,0.016648,0.1515524685382843,0.0010565102566033,0.0009887480409815
Q95TN8_Q9VAC8,0.0022612,0.013038,0.016036,0.05039792135357857,0.0110472366213798,0.0004125754639972
P13097_P56544,0.0021941,0.013019,0.015908,0.1522625982761383,0.0003747693554032,0.0035933393519371
O76908_P55830,0.0021984,0.012954,0.016196,0.044445574283599854,0.0003848728374578,0.0037832465022802
Q9V3V9_Q24210,0.0021771,0.012934,0.015917,0.05689274147152901,0.997937560081482,0.3357026576995849
Q9VW53_Q9VH07,0.0021776,0.012939,0.015908,0.08729032427072525,0.0002663016202859,0.0632733628153801
P08510_Q9W1K4,0.0022132,0.012959,0.016835,0.021669115871191025,0.0009161359630525,0.0013641449622809
Q9VYW6_A1Z9I6,0.0022071,0.013043,0.015933,0.05234464630484581,0.0104401251301169,0.0214301161468029
Q9VXA5_Q9VJI7,0.0021863,0.013036,0.01589,0.061169564723968506,0.000294413184747,0.0014046966098248
Q23983_Q8IRY7,0.0021709,0.013209,0.016729,0.24743299186229706,0.0360045582056045,0.0003070803941227
Q9VWD5_P31007,0.0021823,0.01294,0.015945,0.02463548257946968,0.0077550080604851,0.0551003701984882
Q8SYM9_Q9VSN0,0.0021951,0.012923,0.015936,0.29978591203689575,0.0251509137451648,0.9872273206710817
Q06559_P09052,0.0022351,0.013124,0.016912,0.07691652327775955,0.9980385899543762,0.0060156644321978
Q9W4B3_E3CTS5,0.0021887,0.012939,0.015912,0.3869810998439789,0.1204667165875434,0.0053665582090616
P50536_Q9VNB5,0.0021838,0.012911,0.015927,0.06203503534197807,0.0004988613072782,0.0005576339317485
Q9VS55_E1JHY7,0.0029397,0.012987,0.016335,0.11874429136514664,0.689143180847168,0.0013998729409649
Q24564_Q9W3Q0,0.0052033,0.014322,0.01601,0.02538476325571537,0.0541465543210506,0.0049553490243852
Q7JZB4_X2JEH3,0.0023281,0.012991,0.015926,0.05121632665395737,0.0002741084317676,0.0009274326730519
P42124_P18488,0.0022211,0.012934,0.015929,0.16758599877357483,0.0020940767135471,0.008597963489592
P08645_Q9VKV4,0.0022068,0.013227,0.015909,0.24958933889865875,0.0003492198011372,0.0022179728839546
Q9VKW3_Q9VVI3,0.002187,0.012947,0.01593,0.11600416153669357,0.0002763881057035,0.000526690389961
P16554_Q7JZK1,0.0021764,0.012919,0.015881,0.3856356739997864,0.0009171884739771,0.0007231888012029
P06754_Q9VCZ7,0.016982,0.064276,0.0163,0.5414316654205322,0.9958283305168152,0.0060229138471186
M9PHI7_Q59DZ4,0.0021909,0.012971,0.015884,0.15224984288215637,0.0005928127793595,0.0138352727517485
P51023_O15945,0.6284,0.013145,0.016167,0.18862178921699524,0.0063772951252758,0.0015781095717102
Q9VKW8_Q9VPU9,0.0024829,0.012976,0.015987,0.14647291600704193,0.0004707337648142,0.0006443288293667
Q7KTL5_P23758,0.011583,0.012956,0.015943,0.424387663602829,0.0076821311376988,0.0082830162718892
Q9VJM1_Q9VXZ0,0.0022838,0.012985,0.015915,0.28399401903152466,0.0003339336253702,0.0023671325761824
P02283_A1Z9I5,0.0021821,0.012961,0.015978,0.06939627975225449,0.0006530249956995,0.0005398986395448
O97102_Q7KNM2,0.0026646,0.082081,0.016277,0.05092388764023781,0.9919508695602416,0.0009483709582127
Q9XZ61_Q02637,0.0021865,0.012943,0.015876,0.5695337653160095,0.000344362197211,0.0009549204842187
Q9V6B9_B7YZF0,0.002192,0.013028,0.015939,0.35087350010871887,0.0012733114417642,0.0537071153521537
P13098_P16371,0.0037985,0.013109,0.015925,0.33217713236808777,0.0031004482880234,0.0074357101693749
Q7KS77_P23128,0.0022756,0.013068,0.01621,0.5990200042724609,0.0006455436814576,0.9766069054603576
Q95RV3_P56672,0.002495,0.012926,0.015928,0.011406680569052696,0.0020263916812837,0.0317215621471405
Q9Y106_P22711,0.0021933,0.012936,0.015923,0.176725834608078,0.0049242204986512,0.0004811499966308
Q7JXV9_Q9W236,0.0021817,0.012934,0.015897,0.005257746204733849,0.0010884999064728,0.0393970981240272
Q94545_Q9VGV7,0.0021797,0.012919,0.015911,0.05573064088821411,0.001926509081386,0.4904422163963318
Q24106_Q9W0F8,0.0022087,0.01334,0.016001,0.02079690434038639,0.0009082477772608,0.09193916618824
P16378_Q9VAY8,0.0021911,0.013681,0.016328,0.1224074512720108,0.0024287065025418,0.000189051075722
Q94518_Q0E8K5,0.0021993,0.012956,0.015902,0.3087170720100403,0.0015264912508428,0.00030291362782
Q4V5L1_B7YZF0,0.0021812,0.012924,0.01591,0.011883367784321308,0.0017107176827266,0.1047684103250503
Q9VTM0_Q9VUR3,0.0037738,0.01296,0.015919,0.049113593995571136,0.0538035780191421,0.0002400786761427
P25843_Q8IQ92,0.0021855,0.01292,0.015914,0.2671390771865845,0.0109177436679601,0.0079721705988049
Q058Z8_Q8MSY4,0.0021891,0.012914,0.015891,0.3841588795185089,0.0011405586265027,0.0020972145721316
Q9VZJ3_Q9V3H2,0.0022016,0.012963,0.016587,0.6691998243331909,0.0007091360166668,0.0089306840673089
Q24547_P05709,0.0059252,0.012988,0.015916,0.20284874737262726,0.0008711473783478,0.0009556399891152
Q058Z8_Q9VMI3,0.0033853,0.012959,0.016346,0.17527900636196136,0.0004619811370503,0.0030241766944527
Q8SYK5_Q9VVB6,0.0028215,0.013048,0.016167,0.31469622254371643,0.0004180918622296,0.0005855796043761
Q7PLK0_X2J6Q6,0.0021814,0.012937,0.015917,0.08779827505350113,0.0020256300922483,0.7337771654129028
Q7KVG9_A1Z9I6,0.011498,0.013131,0.016082,0.04048644378781319,0.066731072962284,0.0003594680165406
Q9VTW6_Q9VNE9,0.0022579,0.012993,0.015911,0.17479218542575836,0.000280450185528,0.159900277853012
P15357_Q9VUR3,0.0022449,0.01302,0.015928,0.2537749409675598,0.0004056858888361,0.0004202407435514
Q9VF27_Q9VJ02,0.0022138,0.012944,0.015946,0.48690059781074524,0.000274749181699,0.0022172662429511
P46222_Q8MS69,0.0021753,0.012922,0.015932,0.11358943581581116,0.9983637928962708,0.0004133108013775
Q7KRI2_P32100,0.0022069,0.01295,0.015914,0.010317853651940823,0.0002761961077339,0.0517402626574039
O62530_Q9VSY9,0.0021715,0.012949,0.015913,0.1740216612815857,0.0042022839188575,0.0039561758749186
Q24276_Q9W1E5,0.0021865,0.012938,0.016036,0.006262998562306166,0.0004995708004571,0.0092266239225864
M9PHI7_P06602,0.0021861,0.012996,0.015913,0.08078023791313171,0.00074826576747,0.0004402619670145
P51023_Q7K119,0.0045074,0.012976,0.016179,0.22049331665039062,0.0722666531801223,0.0046025323681533
Q24306_Q24423,0.0042899,0.013221,0.016109,0.3644821047782898,0.001231365953572,0.0004845071816816
O44437_Q9VFP2,0.0021818,0.013051,0.015965,0.322075217962265,0.0003075799904763,0.969379425048828
Q9W418_P18488,0.0028901,0.013569,0.016033,0.018452191725373268,0.0018449374474585,0.989392876625061
P02836_Q9VN50,0.0021731,0.012941,0.015893,0.054429419338703156,0.0020114330109208,0.0001799047895474
O77260_Q95TN8,0.002398,0.012988,0.016165,0.05449143052101135,0.1035125702619552,0.526618480682373
Q9W0F8_Q9VS36,0.0021989,0.013007,0.015928,0.0963134616613388,0.0006441830191761,0.0092457626014947
P16371_Q26263,0.31085,0.013083,0.016103,0.2475220113992691,0.0389562621712684,0.0007184647838585
Q08605_Q7K304,0.0074332,0.012948,0.015973,0.04447288066148758,0.002268370706588,0.0001692067016847
Q0E8K5_Q9V6Q2,0.002206,0.012949,0.015958,0.14743809401988983,0.0025427769869565,0.0003368981706444
Q9VEG5_Q94513,0.0021758,0.012943,0.015909,0.024409867823123932,0.0035554862115532,0.0002016014914261
P05205_P48149,0.0021843,0.012972,0.015896,0.059899475425481796,0.0009245427791029,0.9616966843605042
Q9VQ91_Q9VTP4,0.0021771,0.012936,0.0159,0.08778369426727295,0.0002841606328729,0.0021345699205994
Q9VSJ8_Q94533,0.0022081,0.012998,0.016049,0.34027495980262756,0.0016342478338629,0.0229345262050628
C0HL67_Q9V464,0.0023888,0.013132,0.025413,0.017750993371009827,0.9950579404830932,0.0002018575032707
Q7JWD6_Q9VFB9,0.0021777,0.012989,0.015961,0.013346410356462002,0.0022307708859443,0.0004284154565539
Q9VKK9_Q7KTL5,0.057455,0.012937,0.018755,0.024707511067390442,0.0225816648453474,0.346207320690155
Q9VPY0_Q7PLK0,0.0021876,0.012929,0.016142,0.44606536626815796,0.0121101252734661,0.9626300930976868
Q24338_Q9NJG9,0.0022168,0.013156,0.023621,0.2221975028514862,0.0142368050292134,0.0236644763499498
Q9VHE3_Q9VP65,0.0021887,0.012958,0.015902,0.07244386523962021,0.0005895911017432,0.0010691075585782
Q9U1K1_Q7K4N3,0.0025357,0.013139,0.016011,0.1320209950208664,0.0007374134729616,0.000292503129458
Q7JNL9_P22464,0.0021777,0.012921,0.015872,0.07569267600774765,0.0004751911619678,0.2752651274204254
Q7JX41_Q9VIP1,0.0022077,0.012955,0.015943,0.004704283084720373,0.0106512149795889,0.0041695139370858
P16914_P31007,0.0028247,0.012991,0.016517,0.061149828135967255,0.0083575006574392,0.0010305390460416
Q7KJ69_P48149,0.002213,0.012955,0.015911,0.5038141012191772,0.0002797144989017,0.1228600069880485
Q7KSQ2_Q9V9J3,0.0099899,0.014115,0.18004,0.049342814832925797,0.9983384609222412,0.0281017292290925
Q9VLV5_Q9VIP1,0.0022157,0.012992,0.015934,0.7569773197174072,0.0007201030384749,0.0018739873776212
Q8SX32_Q9VKW8,0.0021917,0.013127,0.016097,0.1260376274585724,0.0005671188700944,0.0023425528779625
M9PHI7_P11147,0.0021857,0.013068,0.015973,0.27206259965896606,0.0023138290271162,0.0408524498343467
Q9VCV3_Q962S2,0.0022628,0.012987,0.015843,0.2035362869501114,0.0005365437828004,0.0006623397348448
Q9W402_Q9VBY2,0.0022687,0.012949,0.015921,0.19195429980754852,0.0024873011279851,0.0029199020937085
Q9VFP2_O18333,0.0022684,0.013158,0.015969,0.004984565544873476,0.0029120233375579,0.0019953923765569
Q9VBN5_P48612,0.0022104,0.012924,0.015906,0.015073266811668873,0.0008739816839806,0.0039910972118377
P06002_Q8SXU3,0.0022613,0.013008,0.017019,0.011475264094769955,0.0003014066896867,0.0008809415157884
Q9VYG2_Q9VEG5,0.0022794,0.012997,0.015905,0.04755397513508797,0.000974656548351,0.0280465334653854
Q9VR65_Q9VVW2,0.0022152,0.012931,0.01592,0.1580226868391037,0.0015675836475566,0.0008435115450993
Q9I7L4_Q9VVJ6,0.0021832,0.012939,0.015884,0.10936910659074783,0.0006731950561515,0.8088760375976562
P22816_Q9VJE4,0.0021817,0.013022,0.015878,0.2018413245677948,0.0004836447478737,0.0025301941204816
Q9VP85_Q9XZH6,0.0021895,0.012917,0.015897,0.05570657551288605,0.0005582689191214,0.0056824600324034
Q7PLK0_Q9W140,0.0022078,0.012938,0.016247,0.6531932353973389,0.0073464172892272,0.0037993416190147
Q9VWE8_Q9VLK1,0.002216,0.01318,0.12646,0.007383474614471197,0.0009441160946153,0.0409264303743839
O16867_Q01069,0.61338,0.013539,0.019524,0.09837589412927628,0.9988592863082886,0.0003599539631977
Q06453_Q24318,0.11965,0.012955,0.015991,0.11645816266536713,0.0023549296893179,0.0054798619821667
P29555_P40791,0.7904,0.013135,0.016613,0.06355735659599304,0.9532216787338256,0.2909308075904846
P02828_Q9VMH2,0.0021822,0.013053,0.016339,0.2884107828140259,0.1847559958696365,0.9744979739189148
Q9VGW6_Q9VJY9,0.0021809,0.012968,0.015968,0.01552578154951334,0.0026557394303381,0.0373032391071319
Q9VUI0_Q8T965,0.002193,0.012923,0.01588,0.0500871017575264,0.0004833774582948,0.0033625718206167
P36188_O97111,0.0021919,0.012962,0.015934,0.37439262866973877,0.0025424347259104,0.0008333637961186
Q9V3B4_Q7KY08,0.0021631,0.012916,0.015905,0.0428461916744709,0.0004079484206158,0.0337197445333004
Q7KVL6_Q8IPW2,0.0041558,0.012961,0.015942,0.4758524000644684,0.0013267643516883,0.0024235791061073
Q8T0G4_Q9V9Y9,0.37676,0.013015,0.017762,0.09503946453332901,0.0057241157628595,0.9768552780151368
Q9VM76_O44437,0.0021896,0.013001,0.015891,0.0398796871304512,0.0003654269385151,0.0714146643877029
A1Z9S1_Q9VTM0,0.0039634,0.013705,0.015973,0.29850059747695923,0.99887353181839,0.0023512691259384
M9PF96_Q27324,0.0022467,0.013315,0.016441,0.017891738563776016,0.0003876617993228,0.000220324480324
O96880_O96881,0.0022211,0.012924,0.016318,0.19036288559436798,0.9988859295845032,0.0070945103652775
Q9VJI7_Q9VWG3,0.0022075,0.013058,0.015914,0.05790281668305397,0.0002200129529228,0.0030757733620703
Q7K2G1_Q24210,0.0022076,0.012974,0.016663,0.0957699865102768,0.0064484477043151,0.0136512871831655
Q9W1A3_Q7JYX5,0.0021966,0.012959,0.015906,0.007806276436895132,0.0004638255632016,0.0066564125008881
Q9VDE3_Q9W4I7,0.0021991,0.012958,0.016219,0.11915847659111023,0.0038218228146433,0.0116169843822717
M9PGR0_Q9V637,0.0022073,0.012931,0.015936,0.26676636934280396,0.0025926902890205,0.0002492990752216
E1JGN7_Q8SWV6,0.0021794,0.013825,0.015896,0.023323336616158485,0.0006378653924912,0.0366759598255157
Q7K2L1_Q9VMV7,0.00221,0.012987,0.016145,0.05955897271633148,0.0037772646173834,0.0003090723475906
Q9VRT7_Q9VKV6,0.0021844,0.012942,0.015875,0.36364492774009705,0.0002313409640919,0.0123259667307138
Q962S2_Q94517,0.0022363,0.013026,0.016908,0.1446809470653534,0.0003843697486445,0.000504981726408
Q8IH18_P13060,0.0021684,0.012947,0.015961,0.0413372740149498,0.0008155089453794,0.0026290356181561
Q9VUW2_Q960Q9,0.0021685,0.012946,0.015958,0.11062155663967133,0.000258707179455,0.0012123903725296
P54611_Q9VS36,0.0021848,0.012979,0.015879,0.31079041957855225,0.0015076905256137,0.000223236871534
Q8T4F2_R9PY49,0.0022265,0.012959,0.01589,0.2198389619588852,0.0078879799693822,0.0050265416502952
Q8SXU3_P13098,0.0021736,0.013046,0.015916,0.06672807037830353,0.0002809308061841,0.0010359598090872
Q9V3G1_P36188,0.002206,0.013046,0.021914,0.003370082937180996,0.0003411074867472,0.2827432453632355
Q24040_Q95028,0.0021796,0.012936,0.01594,0.026216033846139908,0.0012174937874078,0.0004573403275571
P23573_Q95U62,0.002199,0.012977,0.021726,0.3668154180049896,0.99898499250412,0.0012021425645798
Q27350_Q9VK46,0.0069762,0.013024,0.016211,0.07197167724370956,0.0039395028725266,0.0037411064840853
O16810_P02833,0.044453,0.013024,0.016041,0.0033161193132400513,0.0019212800543755,0.007914618588984
Q9VJI9_Q9W087,0.0022187,0.01304,0.015894,0.14934615790843964,0.0002167419443139,0.0416130609810352
P20227_Q9W334,0.0021794,0.013104,0.015893,0.0863850936293602,0.0017016633646562,0.0921832919120788
Q9VS01_Q7K4N3,0.0021909,0.012966,0.015888,0.0735650584101677,0.0005802280502393,0.0040367101319134
Q24168_Q9VUW2,0.0021743,0.012988,0.015927,0.06747639179229736,0.0017906952416524,0.5313279032707214
E1JIM1_P46824,0.0028891,0.015049,0.017032,0.3299148976802826,0.0100754033774137,0.9812455177307128
Q9W1A3_Q24472,0.002192,0.012962,0.015992,0.4583517014980316,0.00165934744291,0.0429634824395179
R9PY49_P13097,0.02986,0.013123,0.016403,0.1619529128074646,0.02309693954885,0.0006746028084307
Q7K0E6_O76924,0.0021875,0.0131,0.015997,0.11658819019794464,0.0008231848478317,0.0037148920819163
Q9VY87_Q9V4E0,0.0022314,0.017116,0.053587,0.010491343215107918,0.0003026988415513,0.0027945865876972
P80455_Q9VTZ1,0.0021734,0.012931,0.015886,0.11095999926328659,0.0054794587194919,0.02283058129251
Q9VAF2_P17210,0.0037188,0.013349,0.015946,0.039535537362098694,0.1101345047354698,0.0008879780070856
P55830_Q9V3C7,0.0021893,0.012953,0.016919,0.06353050470352173,0.0003739934181794,0.0458334721624851
Q7K0E6_P48149,0.0023046,0.012964,0.015908,0.1422174721956253,0.0070413486100733,0.0007053444278426
Q9VLP3_Q9VEV9,0.0021893,0.012936,0.015972,0.05498172342777252,0.0024285030085593,0.0171318724751472
A8DYC4_Q9W0Q5,0.0021956,0.012923,0.015903,0.017056314274668694,0.0010847381781786,0.012044845148921
A0A0B4JCT9_Q9VN42,0.0022832,0.012925,0.015942,0.01798720471560955,0.0008665525820106,0.0015520214801654
Q9VTE0_A1ZBY3,0.002199,0.012977,0.015935,0.13383740186691284,0.0002748154802247,0.0014585484750568
C6SV45_P17917,0.0021814,0.012968,0.015965,0.033094797283411026,0.0010007860837504,0.3630246520042419
Q9W0F8_P92204,0.002191,0.012942,0.015892,0.1342584490776062,0.0002493444771971,0.0016527866246178
Q9V3L8_P23792,0.004111,0.013373,0.0159,0.0064385514706373215,0.0013736109249293,0.0101398257538676
O61602_P29555,0.079359,0.013347,0.016135,0.17007043957710266,0.0224507749080657,0.04290471971035
Q9VP78_P55841,0.0021824,0.01292,0.016009,0.07039053738117218,0.0004673569928854,0.1101925149559974
P91929_P41092,0.0022017,0.01294,0.015996,0.030625171959400177,0.0004603506822604,0.9630868434906006
Q9VQI5_Q9VX36,0.0021794,0.013922,0.015929,0.11865722388029099,0.0003642775700427,0.0073359757661819
Q8MUJ1_Q9VJ02,0.0022166,0.012968,0.016064,0.326532244682312,0.000276425271295,0.0036422093398869
O96881_M9PHI7,0.0021726,0.012931,0.015891,0.16645877063274384,0.0011783689260482,0.1320344507694244
Q9VQM2_P08570,0.002306,0.012941,0.015931,0.16016997396945953,0.0006308720912784,0.0023034380283206
Q9NFZ3_Q966T5,0.0022055,0.013029,0.015872,0.09674374014139175,0.0020025202538818,0.0002694596187211
Q9W029_Q9W074,0.0021907,0.01294,0.015927,0.031231027096509933,0.0003612721920944,0.0007426299271173
Q9VAP2_Q9VYG2,0.04444,0.012946,0.016078,0.0032403513323515654,0.0155692715197801,0.0027457673568278
Q9VND8_P18488,0.0030404,0.013272,0.017557,0.0028469585813581944,0.0009229553979821,0.007089567836374
Q9W4I7_Q9VWI0,0.0021818,0.012958,0.015947,0.06519349664449692,0.0040197605267167,0.6263075470924377
Q9W2P0_Q9VFE9,0.0021744,0.012931,0.015901,0.1820409744977951,0.002482681768015,0.0012614609440788
Q9VST2_Q9V9N4,0.0036204,0.012986,0.015979,0.01566942222416401,0.0581134520471096,0.0022110634017735
I0B1P6_Q9VGR1,0.0024224,0.013154,0.015931,0.2947741150856018,0.002306024543941,0.6468338966369629
P47948_Q9XZH6,0.0036264,0.013003,0.015959,0.08414539694786072,0.00145678978879,0.9445726275444032
Q8T0S6_Q9VCQ7,0.19972,0.013022,0.016666,0.17161116003990173,0.0146238580346107,0.0103042824193835
E1NZB4_Q9VHE5,0.0022191,0.012942,0.015893,0.02348921075463295,0.0011320787016302,0.0092138396576046
Q9VWE8_Q7K738,0.002187,0.014618,0.015951,0.09510491788387299,0.0005236024735495,0.00073268415872
P36188_Q9V8I2,0.0022208,0.012976,0.015887,0.18383729457855225,0.0004512784071266,0.9208986759185792
Q9VJI7_Q9VLV5,0.86628,0.93681,0.20414,0.24595806002616882,0.999024510383606,0.000514380633831
P02299_Q9VV74,0.0022261,0.013026,0.018158,0.18074114620685577,0.3686728179454803,0.0071750236675143
Q8T390_Q45VV3,0.0022112,0.012952,0.019082,0.2922990918159485,0.0036522783339023,0.0201930683106184
P20353_Q94533,0.0026388,0.014992,0.022398,0.10014868527650833,0.0528879910707473,0.054681658744812
O97143_P09956,0.014577,0.013005,0.016368,0.0396769754588604,0.0041314577683806,0.0199277028441429
P29555_Q9VMR2,0.07499,0.016875,0.017687,0.3043753206729889,0.9984301924705504,0.0002428683219477
Q9Y0S9_Q9VAH9,0.002239,0.012976,0.015937,0.019685549661517143,0.0013655981747433,0.0162459798157215
A0A0B4KGY6_E1JGN7,0.60856,0.013425,0.016148,0.041675254702568054,0.0261490307748317,0.59492427110672
Q9VJ83_Q9W148,0.0024309,0.012958,0.015893,0.48377805948257446,0.0003649556892924,0.0022013718262314
Q08605_Q9VQK1,0.12276,0.013207,0.026977,0.03107232041656971,0.0133875394240021,0.0229557286947965
Q9W5B9_P40791,0.002169,0.012921,0.015881,0.014602750539779663,0.0057109305635094,0.9677494168281556
O44437_Q960D3,0.66504,0.013019,0.50998,0.009781557135283947,0.997582197189331,0.8890268802642822
Q9XZ68_Q9W2P5,0.0022,0.013871,0.015883,0.029001470655202866,0.0003040083684027,0.0102215269580483
P20353_Q9VTP4,0.0021749,0.013007,0.016159,0.46716150641441345,0.0002413763577351,0.0127690359950065
Q9VIE6_Q9VUB8,0.0022362,0.012958,0.016689,0.1130484938621521,0.9981365203857422,0.0002704794169403
A8JUS8_Q8IPW3,0.0022202,0.012976,0.015921,0.15244044363498688,0.0025569833815097,0.0004912770236842
B3DML8_Q8SYK5,0.0022102,0.012959,0.015889,0.1141594722867012,0.0009479446453042,0.0072114500217139
Q9XYF4_P0CG69,0.0022907,0.013887,0.015884,0.15265218913555145,0.0054043820127844,0.0095060253515839
Q9VYW2_A1Z9I5,0.0059292,0.012992,0.016075,0.12365787476301193,0.0045239436440169,0.0019315254176035
Q94533_P92208,0.17913,0.038524,0.12432,0.020872054621577263,0.998499631881714,0.0023776509333401
Q9VQS4_Q7KRI2,0.0021879,0.012968,0.015918,0.03751944750547409,0.0098435338586568,0.3320644795894623
P10084_Q01069,0.59017,0.013335,0.021134,0.003523200983181596,0.0334712639451026,0.0003334586508572
Q9VWE8_Q9Y106,0.002186,0.012938,0.015934,0.013841414824128151,0.0011963488068431,0.0014106937451288
Q960D3_Q9VKK9,0.0023055,0.01296,0.025028,0.07115688920021057,0.0043001780286431,0.0002918301615864
Q94527_Q24570,0.0026759,0.013149,0.016402,0.324411541223526,0.9936663508415222,0.006449731066823
P20353_Q9VEF0,0.0021809,0.013669,0.016561,0.05053852126002312,0.0011257333680987,0.4175420105457306
P91929_P40793,0.0025743,0.013752,0.020278,0.19803375005722046,0.0004869471886195,0.9952377080917358
Q24547_P29327,0.0022106,0.013037,0.015927,0.049247413873672485,0.0007900579366832,0.0110789919272065
P56544_Q9VPU9,0.0022672,0.012939,0.015906,0.2784118354320526,0.0008936189115047,0.9796648025512696
Q9VPX6_P15330,0.0029358,0.012936,0.016071,0.13385605812072754,0.0027104432228952,0.0058049918152391
O97102_P09081,0.0033297,0.01302,0.0159,0.004225682467222214,0.0042697871103882,0.0284511800855398
Q9W3R7_Q7JXA8,0.0021688,0.012995,0.015898,0.005510841961950064,0.0032166691962629,0.7902870774269104
Q8SZ16_Q9VEQ1,0.0021841,0.012974,0.015916,0.22195157408714294,0.0026457048952579,0.0401605144143104
P22807_Q9VBY7,0.0022343,0.01294,0.015934,0.03290243819355965,0.007635208312422,0.0304470509290695
Q86B87_E3CTS5,0.0021919,0.012924,0.015884,0.29700979590415955,0.0090481424704194,0.0616754628717899
Q95RV2_A1Z9I5,0.0070706,0.012985,0.016054,0.22281959652900696,0.0012334589846432,0.0093314815312623
A1Z6E0_Q9VN06,0.0023146,0.013017,0.016129,0.04654539003968239,0.0004308711504563,0.0063261669129133
O97111_E1JIM1,0.0065366,0.012943,0.015966,0.21926213800907135,0.0019652899354696,0.008045058697462
A0A0B4LGV6_X2JDZ1,0.031923,0.014526,0.016632,0.04321480914950371,0.0059593762271106,0.9089317321777344
Q9W102_Q23973,0.00218,0.013018,0.015887,0.12415257096290588,0.0003077425062656,0.0002337082696612
P23757_Q7KRU8,0.0022457,0.013015,0.015909,0.1804363876581192,0.0003948198282159,0.9673417806625366
Q01645_P62152,0.0021924,0.013004,0.015869,0.05211123079061508,0.0005010520108044,0.5966996550559998
P41093_P05709,0.0021846,0.012963,0.015909,0.12932254374027252,0.000319840881275,0.0750836431980133
Q9VBY7_Q9VCU6,0.0021944,0.012941,0.016117,0.14211958646774292,0.0225597023963928,0.0038386511150747
Q9V464_Q9VEX9,0.0021958,0.012947,0.015947,0.012294270098209381,0.9882720112800598,0.00057073822245
Q9NHB0_P16371,0.0022308,0.012955,0.015916,0.05981513112783432,0.0008529684855602,0.0002179155999328
A0A0B4KFV0_C5WLN8,0.0022016,0.012974,0.023789,0.12899987399578094,0.0012223107041791,0.0314032211899757
P13060_P18933,0.0023166,0.013016,0.016048,0.12242065370082855,0.0039408351294696,0.003637068439275
Q8SXU3_Q9VST2,0.0022187,0.012959,0.015905,0.0020525262225419283,0.0004763158503919,0.0086058834567666
Q9W2P0_Q9W5R8,0.0021699,0.012924,0.015954,0.4368841052055359,0.0040664803236722,0.1396438628435135
Q95RJ9_Q0E9G3,0.0022102,0.013032,0.064166,0.11348200589418411,0.0497481189668178,0.0057239746674895
P48607_Q9VJZ6,0.0021895,0.012953,0.015865,0.0027323411777615547,0.0004601431428454,0.9131765961647034
Q9VS36_O76908,0.0070283,0.013041,0.015932,0.15174385905265808,0.0038617304526269,0.0065171839669346
P55841_Q9VMX3,0.0023376,0.013114,0.01605,0.5482596158981323,0.9989084005355836,0.0002047103916993
Q9VN06_Q9VTZ1,0.0022207,0.012953,0.015889,0.3621823489665985,0.0011076797964051,0.8612147569656372
Q7KSD8_P12881,0.0021809,0.012921,0.015901,0.14162488281726837,0.0004007193783763,0.0012370786862447
Q9VAQ8_M9NF10,0.0021781,0.012924,0.015907,0.10255483537912369,0.0003983440692536,0.0011157005792483
O44226_Q7JWD6,0.0022586,0.013497,0.017836,0.07519758492708206,0.969576358795166,0.0020090884063392
Q9VPD2_Q9W3W8,0.0021731,0.012938,0.015918,0.007696124259382486,0.0002361567749176,0.0542190857231617
Q8IN63_P31007,0.0027809,0.026711,0.015955,0.11575613170862198,0.0181154944002628,0.4261214435100555
Q26263_Q24008,0.054016,0.012979,0.016001,0.21514976024627686,0.0072028427384793,0.4551334679126739
P31007_Q95SJ2,0.0021955,0.012945,0.015883,0.04874026030302048,0.0015422704163938,0.0009270465816371
O97183_Q9VHD2,0.0021893,0.01299,0.015902,0.11358548700809479,0.0002234998828498,0.7047692537307739
Q9V6B9_O97418,0.0021855,0.013039,0.015968,0.20743048191070557,0.0010196072980761,0.0090365512296557
Q960Q9_Q9VAF3,0.0022257,0.012942,0.017853,0.041157037019729614,0.0098836021497845,0.0079402849078178
Q27934_Q9VJI9,0.0021727,0.012995,0.015921,0.1660824865102768,0.0003588012768886,0.0083198919892311
Q24154_Q9W140,0.0021805,0.012975,0.016139,0.3271535038948059,0.0152887338772416,0.3653818070888519
O96989_Q9VAY8,0.0021832,0.01294,0.016022,0.08188752084970474,0.05021733045578,0.0060692382976412
P25158_O18334,0.0023905,0.015145,0.016894,0.27250179648399353,0.0089982952922582,0.0028711804188787
Q94524_Q9VA83,0.0022003,0.013053,0.015922,0.117433562874794,0.0004489666898734,0.0002027078735409
Q86BS3_Q7K304,0.29533,0.012942,0.015956,0.036813873797655106,0.0012307163560763,0.0002505347656551
P18289_P08044,0.014907,0.013012,0.016306,0.1463739573955536,0.0006707540596835,0.0454071462154388
Q05201_Q8IMX1,0.0021855,0.013109,0.015952,0.01807956025004387,0.00152865704149,0.9872616529464722
Q9VGU4_Q9VM64,0.0022331,0.01303,0.016242,0.30939722061157227,0.0011572106741368,0.0009296427597291
Q9VAT0_Q9VCG6,0.10721,0.013029,0.01607,0.2400723546743393,0.0041535845957696,0.967077136039734
P81909_Q9VNB5,0.0023624,0.012951,0.031136,0.2479945421218872,0.0024753003381192,0.018951604142785
Q24154_Q9VMI3,0.0030451,0.012961,0.015953,0.08204767853021622,0.0004679532139562,0.0007761132437735
Q9W3R7_Q24297,0.0022254,0.012979,0.015906,0.03247356042265892,0.0003905521007254,0.9897482991218568
Q8IPW2_A1ZBY3,0.002185,0.013049,0.015964,0.4447691738605499,0.0007472217548638,0.0008071608608588
Q9VTW6_Q8T0G4,0.0021811,0.012955,0.015884,0.6887606978416443,0.0002525582385715,0.0002388758293818
P08645_P45975,0.0039497,0.013494,0.016137,0.0810147076845169,0.0005804384709335,0.0081189852207899
Q9VCQ7_P48612,0.0021753,0.01293,0.01591,0.12759819626808167,0.0006901384913362,0.0091955531388521
Q9XZ31_Q9VKV6,0.011,0.012982,0.015964,0.18211829662322998,0.0018847855972126,0.0087772086262702
O96881_Q9V428,0.0021691,0.012925,0.015873,0.01568996161222458,0.0003260619123466,0.0019690680783241
A8DYC4_Q24186,0.0022449,0.014423,0.01628,0.34151527285575867,0.0007831241819076,0.0242621917277574
Q7K4B4_Q8IQ92,0.002434,0.012919,0.015905,0.03675388917326927,0.9932097792625428,0.0001972258178284
Q9VI55_P13097,0.0021845,0.013042,0.0159,0.10728763043880463,0.0012066075578331,0.0006861995789222
Q8I8V0_P11147,0.0021779,0.01299,0.016009,0.39606398344039917,0.0006964012281969,0.0004854019207414
P09052_Q9VI00,0.002265,0.01299,0.015996,0.11309383809566498,0.0009370488696731,0.0020644620526582
Q03017_Q9V3Z4,0.0021983,0.013547,0.020936,0.03206377103924751,0.0102636935189366,0.3147099018096924
Q24210_P54359,0.0022593,0.013036,0.016216,0.3407878875732422,0.004764795769006,0.9749391078948976
P20350_Q9VQQ9,0.002194,0.012976,0.015904,0.4551291763782501,0.0008446487481705,0.1297471225261688
Q01645_Q9W481,0.0022056,0.013022,0.015892,0.49940669536590576,0.0012265092227607,0.0004915496683679
Q9VAT0_Q9VJZ4,0.0021733,0.012922,0.015894,0.06932524591684341,0.0004358257865533,0.9646068811416626
Q26263_A1Z9X0,0.01115,0.013076,0.017309,0.10713119059801102,0.0008610093500465,0.0002339182683499
Q9VUW2_Q9V3Y8,0.0021699,0.012949,0.015952,0.05987033620476723,0.0003113027487415,0.0023217315319925
Q9VJP9_C0MJ66,0.0021784,0.012958,0.015985,0.044104769825935364,0.0002523635048419,0.0313357971608638
Q9W0F8_P11346,0.0021971,0.013023,0.015958,0.04865995794534683,0.0007337766583077,0.0196355450898408
I0B1P6_Q8IPW2,0.0021905,0.013029,0.016097,0.043124720454216,0.0016890495317056,0.990565538406372
Q27272_P52654,0.037456,0.012935,0.83474,0.29596197605133057,0.0148630561307072,0.009166850708425
Q9VAY8_P06002,0.0022203,0.013076,0.015921,0.11247151345014572,0.0003480166778899,0.0006257768836803
P48461_Q9VR65,0.0021871,0.013001,0.015951,0.21674582362174988,0.003271946683526,0.0419665202498436
Q8IMM9_Q03334,0.002187,0.012955,0.015937,0.11456495523452759,0.0004791862156707,0.0032610308844596
P52304_Q24547,0.0022335,0.012949,0.016018,0.041287053376436234,0.0007573275943286,0.0017598513513803
Q9VTC4_Q9Y0S9,0.0021931,0.012935,0.01589,0.20913034677505493,0.0020508733578026,0.0068554156459867
Q9VXZ0_Q9VWI4,0.0022336,0.012971,0.015894,0.06884030997753143,0.0005780300125479,0.0012747985310852
Q9VBC5_Q94524,0.002195,0.012929,0.015876,0.07221120595932007,0.0002378649078309,0.0069654253311455
P09081_O76908,0.0033465,0.013154,0.016412,0.059070829302072525,0.0264350268989801,0.0006826791795901
Q9VKV6_Q7K105,0.0081372,0.01295,0.016067,0.31662967801094055,0.0074212593026459,0.0030194260179996
Q9VKJ4_Q9VAT0,0.0021795,0.012938,0.015887,0.04316882789134979,0.0002372569870203,0.3077499270439148
Q9VJ12_Q8SYM9,0.018124,0.012939,0.01666,0.24140827357769012,0.9987583160400392,0.8323427438735962
Q9VUY2_C6SV45,0.0021981,0.013221,0.01593,0.03273642063140869,0.000465370103484,0.308017760515213
Q9VPK4_Q9VBC5,0.10257,0.012963,0.016202,0.2623142600059509,0.0063805319368839,0.002187589649111
A1ZAC4_Q9W1A3,0.0022039,0.012969,0.016151,0.6136717200279236,0.002260310575366,0.0175064168870449
Q9XYU0_O16130,0.0021919,0.013096,0.015948,0.17942121624946594,0.0035111247561872,0.0053253583610057
P04197_Q9VTP4,0.0021817,0.012936,0.015933,0.05249093845486641,0.1048953309655189,0.006080896127969
X2JDZ1_P25008,0.002233,0.012927,0.015924,0.07647482305765152,0.0135140316560864,0.1618156284093856
P29310_Q8T3Y0,0.0021779,0.014067,0.01943,0.31196120381355286,0.999021053314209,0.0059396107681095
Q7KA43_P12881,0.0022105,0.013002,0.015858,0.03159843385219574,0.0002211049868492,0.0005859983502887
Q95TS5_Q24008,0.0021758,0.01294,0.015963,0.25289490818977356,0.0007589567685499,0.9829074740409852
Q9W148_Q24134,0.0022049,0.012977,0.016023,0.18110279738903046,0.0012643141672015,0.905100405216217
Q9VQI5_Q86BB4,0.0022501,0.013253,0.015876,0.6290552020072937,0.0004323925240896,0.0017899742815643
O96860_Q7KRY6,0.0021848,0.012933,0.015894,0.21856097877025604,0.00221673771739,0.0316836722195148
Q9VR09_P56721,0.002193,0.012941,0.015934,0.09011969715356827,0.1682137548923492,0.0001669139019213
Q9VGC1_Q9VR38,0.0021971,0.012962,0.015923,0.09824451804161072,0.0038846742827445,0.0013789980439469
Q9VJI7_Q9VG03,0.0021864,0.01297,0.015887,0.5327851176261902,0.0004384727799333,0.414763331413269
Q9W087_Q24564,0.0022332,0.013077,0.015972,0.20130476355552673,0.0002303208602825,0.0037039963062852
Q8IPW3_Q9VTU2,0.0022768,0.012949,0.015907,0.05178351700305939,0.0005923380958847,0.001197881414555
Q9VCZ8_Q24570,0.0022428,0.012939,0.015925,0.028066080063581467,0.0008677229052409,0.9606645107269288
Q9VSY8_Q7K1V0,0.0021953,0.012938,0.0159,0.06904581934213638,0.0010462247300893,0.0010451936395838
Q9VV44_Q9VMX3,0.0022487,0.012935,0.015934,0.038141895085573196,0.0002273375430377,0.0030681272037327
M9PHL2_Q01645,0.0021888,0.01296,0.015888,0.19356077909469604,0.0005383582320064,0.0014745304360985
Q7K159_Q8T3W6,0.0023614,0.012953,0.015911,0.011145070195198059,0.0008824078249745,0.0006757352966815
Q9U6B8_P48462,0.0022216,0.012993,0.015965,0.18699024617671967,0.0004274822713341,0.0005142525187693
Q9W5R8_Q9VKF0,0.0021722,0.012916,0.015895,0.17108528316020966,0.0002916665980592,0.0213965158909559
P51140_Q9VB23,0.0022167,0.013097,0.016436,0.004019004758447409,0.0033095446415245,0.4780173003673553
P39768_Q9W2S2,0.0023505,0.012988,0.01593,0.13561661541461945,0.0153886256739497,0.0128356209024786
Q9VTC4_C7DZL4,0.00218,0.012952,0.015903,0.24699155986309052,0.0002189676160924,0.9654504656791688
Q9VUK7_O17445,0.0021747,0.012917,0.015975,0.5378719568252563,0.0037329914048314,0.9686667919158936
P43332_Q9VV73,0.0021673,0.012922,0.016,0.5464720129966736,0.0347884371876716,0.0023717291187494
Q7JZB4_Q8T390,0.0021922,0.012949,0.0159,0.11707405745983124,0.0002177048299927,0.0247708037495613
Q9VNB5_P55935,0.0021966,0.012918,0.015887,0.1434226781129837,0.0002291889832122,0.0016216387739405
Q7KN62_C0HKA0,0.002216,0.012978,0.015953,0.46177253127098083,0.0021313435863703,0.0005615263944491
Q9VCZ8_Q9V3L7,0.0022256,0.012976,0.015913,0.004093520808964968,0.0004067444533575,0.0011621054727584
Q7K105_O46034,0.0021878,0.013083,0.016007,0.13366249203681946,0.0035825707018375,0.0002742169017437
Q9W2R4_Q7KVL6,0.48032,0.013125,0.016033,0.06439032405614853,0.177645593881607,0.0037310731131583
Q9V9Y9_Q7KS77,0.063148,0.013205,0.016037,0.19261762499809265,0.0207075960934162,0.0013504442758858
Q9VS36_Q9VPK4,0.002536,0.012937,0.016127,0.10405821353197098,0.9969723224639891,0.6394925713539124
E1JHS8_Q9W380,0.0022085,0.012938,0.015883,0.04667007550597191,0.0005733763682655,0.0154215255752205
Q9VHE5_Q9W501,0.0021765,0.012942,0.015914,0.054964397102594376,0.0003672554157674,0.0002400557714281
Q9VPH8_Q9VJM2,0.0067291,0.012958,0.02057,0.0555112324655056,0.9062726497650146,0.2742114961147308
Q962S2_P17917,0.0022686,0.012985,0.015879,0.07504366338253021,0.0013367960928007,0.000919472600799
Q8IRY7_A1Z9X0,0.0021777,0.012959,0.016221,0.05096381902694702,0.0038134446367621,0.0178466979414224
Q9VAH9_P53034,0.0022138,0.013018,0.028125,0.2687736749649048,0.0015507451025769,0.0004411315603647
Q0E9B7_Q9VTW5,0.0028955,0.012966,0.016381,0.6222980618476868,0.007764043752104,0.978734254837036
P92204_Q2PE14,0.0026144,0.012917,0.019233,0.012488947249948978,0.9986048340797424,0.0005520060076378
Q9VSY8_Q9Y106,0.0022079,0.013042,0.01619,0.0388781800866127,0.0036100668366998,0.015620638616383
Q9VWD5_O77237,0.0021968,0.012926,0.015937,0.45067399740219116,0.0162772014737129,0.0149354496970772
Q9V393_Q9VZ01,0.0021994,0.012941,0.015917,0.3537656366825104,0.0006375563098117,0.0011706036748364
Q9VUG4_Q9V345,0.0022182,0.012958,0.015933,0.08831867575645447,0.0045262677595019,0.0024890787899494
P10083_Q01068,0.58293,0.013928,0.026337,0.01807488687336445,0.998910665512085,0.0179595313966274
P48612_Q9V9M7,0.0022048,0.012927,0.015906,0.07443170249462128,0.0004174994246568,0.0058943592011928
A1Z6E0_Q9VTE0,0.0022398,0.012952,0.015938,0.37350717186927795,0.0004688770277425,0.0009712188621051
M9PBM3_Q9V7W9,0.0034422,0.012945,0.015958,0.5869242548942566,0.0054395506158471,0.0161907523870468
P46222_Q9VJZ6,0.0022221,0.013059,0.015889,0.028763750568032265,0.0003317564842291,0.0003361647832207
A0A0B4KGY6_Q9VBI1,0.0022086,0.012924,0.015899,0.46692556142807007,0.0022217014338821,0.8132104873657227
B3DML8_A8JUS8,0.0022006,0.012981,0.015968,0.05158358812332153,0.0017510084435343,0.0134368035942316
Q9VP57_Q9VCZ8,0.0021921,0.012949,0.01589,0.012052807956933975,0.0015900181606411,0.0064202779904007
P30052_Q9Y0H4,0.0022981,0.012937,0.015945,0.2053602933883667,0.0002678020391613,0.0007462693611159
Q9W236_Q9VT76,0.0021853,0.012965,0.015869,0.08650688081979752,0.0002868775918614,0.0003398210101295
P07247_Q05825,0.0021767,0.013466,0.015985,0.2563334107398987,0.0003153743746224,0.217285543680191
Q8T403_Q9W3X7,0.0023532,0.013088,0.016015,0.26519453525543213,0.0008499369723722,0.0003588956897147
A1A6X4_Q9VJD2,0.0021732,0.013384,0.0159,0.06116977706551552,0.0004497673362493,0.0006731796311214
Q8SX32_Q9VG94,0.0021895,0.01299,0.01591,0.025320466607809067,0.0011300719343125,0.0063260793685913
P91929_Q9VYW3,0.0021891,0.012944,0.015895,0.10124486684799194,0.0003439422289375,0.0806350335478782
Q9VTM0_Q9VRY0,0.0022855,0.012988,0.015927,0.012608228251338005,0.0012504244223237,0.0072805634699761
Q7KVL6_A1Z9S1,0.0021747,0.013019,0.015889,0.03320194035768509,0.009548844769597,0.0004992444301024
Q8IPW2_Q9VI13,0.002822,0.01299,0.026289,0.058825891464948654,0.998342514038086,0.000706382037606
Q9VBI1_P51023,0.0022321,0.012935,0.015912,0.023812739178538322,0.0008764137746766,0.9095283150672911
Q9VU83_Q9U8R4,0.0021926,0.013006,0.01599,0.2919495105743408,0.0076765865087509,0.0035841420758515
P49071_E1JJI1,0.0022078,0.012948,0.016246,0.027659086510539055,0.0014845859259366,0.0891290232539177
Q4V5L1_Q94511,0.0021875,0.012939,0.015916,0.24142102897167206,0.0002089364861603,0.0007027635583654
Q24572_Q94517,0.0022513,0.013172,0.016001,0.08050813525915146,0.9961254000663756,0.4209559559822082
P22769_Q7K148,0.0023599,0.015374,0.20564,0.01866975612938404,0.998847246170044,0.0017457611393183
P56544_P46867,0.0022117,0.013099,0.016048,0.21694381535053253,0.0014210747322067,0.1294617503881454
P21461_Q01083,0.0021914,0.013034,0.015927,0.02054893784224987,0.0003069197409786,0.0220910105854272
Q8T0K1_P40793,0.0023009,0.014191,0.01965,0.07504146546125412,0.0028709468897432,0.0054611307568848
Q27297_Q9VXS3,0.0021839,0.012942,0.015896,0.0022007632069289684,0.0028287058230489,0.0005697517190128
Q9VDD1_P56721,0.0022035,0.012957,0.015895,0.07672776281833649,0.0006583920912817,0.0005009431624785
Q9VA83_Q9VR35,0.0021777,0.013006,0.015882,0.045562226325273514,0.0008751883287914,0.0009545184439048
Q9VA91_Q9V629,0.0021743,0.012908,0.015884,0.09218722581863403,0.000932719965931,0.0005727209500037
P18824_P83949,0.0032969,0.013848,0.016112,0.34419822692871094,0.9974730610847472,0.0012280324008315
Q9Y0I1_Q9VS01,0.0022102,0.012942,0.015922,0.1878380924463272,0.0006990286638028,0.0011045703431591
E3CTS5_Q9VF82,0.0022529,0.01292,0.015902,0.03880913183093071,0.0009342372068203,0.0150511506944894
Q0E9B7_Q9V3V9,0.0021925,0.012913,0.01592,0.08008831739425659,0.9900162816047668,0.1601715385913849
Q8IRI5_Q9W5R8,0.0021796,0.012924,0.015913,0.39904677867889404,0.0005413907347247,0.0086308876052498
Q961D1_Q9VUF3,0.0022894,0.012953,0.015994,0.0768909826874733,0.0065680686384439,0.9359896779060364
Q9VHB7_Q9VKI2,0.006231,0.013246,0.016026,0.21868856251239777,0.0056108953431248,0.0028193988837301
Q9W102_Q24087,0.0021937,0.013054,0.015954,0.03834250569343567,0.0009054197580553,0.0008903009584173
Q9W2V7_P98149,0.0022197,0.012919,0.015896,0.01843325048685074,0.0003672014572657,0.0011447862489148
Q9W1A3_Q9VQF9,0.0022511,0.012961,0.015891,0.00779392896220088,0.0009083018521778,0.0028450747486203
Q9VAR6_P52486,0.0021876,0.013044,0.0159,0.5276022553443909,0.0002871383621823,0.002542101079598
P04197_Q7K159,0.0024527,0.012945,0.016279,0.16690535843372345,0.9985478520393372,0.0035502209793776
Q9W3Q0_Q9VN50,0.0021921,0.013,0.015946,0.15129104256629944,0.0002594111429061,0.0004848589887842
Q9W1U6_Q9U8R4,0.0021801,0.01292,0.015928,0.12694795429706573,0.0007320009171962,0.0018144784262403
Q9V637_Q9VFE4,0.002183,0.012919,0.017309,0.3401883840560913,0.0008807241101749,0.9491606950759888
Q7K2L1_P08928,0.0025103,0.013513,0.015951,0.06607050448656082,0.0004562552494462,0.0002819257206283
Q9VDG2_A1Z9X0,0.0023921,0.012998,0.025291,0.21942248940467834,0.0022497077006846,0.6571219563484192
P23757_P00528,0.0023866,0.013083,0.025223,0.2658470869064331,0.0010922617511823,0.0004808650701306
Q9VAF2_Q9VLB2,0.0077131,0.014463,0.015975,0.32553261518478394,0.0480884574353694,0.0034444814082235
X2J8N3_Q9VHV8,0.0021885,0.012968,0.015942,0.11048384755849838,0.002187883015722,0.001952554215677
P29844_Q9VP78,0.0021963,0.012967,0.016094,0.02019345946609974,0.0211194977164268,0.0106153879314661
Q32UW5_P23128,0.0022405,0.013138,0.016382,0.328316330909729,0.001117416890338,0.3453251719474792
Q9VAC8_Q9VTT2,0.0091888,0.014325,0.01591,0.630572497844696,0.0164116825908422,0.0006458021816797
P18933_Q9VV74,0.0023391,0.012925,0.015884,0.4788329303264618,0.0002260853216284,0.0315597243607044
Q9VG94_Q8I0J6,0.0021849,0.013002,0.015905,0.058776017278432846,0.0004171556793153,0.6231978535652161
Q7K1Y4_Q9VXX0,0.0021765,0.01308,0.015913,0.06259021908044815,0.0188957694917917,0.1171326711773872
E1JHY7_Q9VS38,0.0026101,0.01295,0.016022,0.011143493466079235,0.0188838522881269,0.9816887378692628
Q9W5N2_M9PF96,0.0022037,0.012995,0.015956,0.00597559567540884,0.000335446849931,0.8797332048416138
O16130_Q9VA95,0.002309,0.013463,0.015894,0.16186967492103577,0.0005971882492303,0.0893696621060371
Q9VSY9_Q9VN06,0.0022083,0.012966,0.01591,0.20127786695957184,0.0003393546503502,0.0001634382060728
Q8MRQ1_Q9VR35,0.47876,0.013101,0.016042,0.008440565317869186,0.0157013796269893,0.0001763123873388
Q9W074_Q8INQ9,0.0026889,0.013128,0.016226,0.08407126367092133,0.0002975315146613,0.0059531792066991
Q9V4E0_Q9W3W8,0.0022518,0.012922,0.015902,0.4926251471042633,0.0010689491173252,0.0007502839434891
Q9VJ33_Q9VU85,0.0021711,0.012999,0.015881,0.024023914709687233,0.001031274208799,0.9859657287597656
E1JJI1_Q9Y106,0.0022031,0.012916,0.015942,0.21897315979003906,0.0015525505878031,0.0015599559992551
P02828_Q9NFU0,0.002196,0.012959,0.017463,0.04540638253092766,0.0037277902010828,0.0003166584065183
Q7KVL6_O77430,0.0021698,0.012921,0.015888,0.29502543807029724,0.0010325241601094,0.0021389531902968
Q95RR8_Q961D1,0.69068,0.013029,0.016859,0.07324659824371338,0.0144888926297426,0.0802206546068191
P40797_P18488,0.002318,0.013062,0.015996,0.2939594089984894,0.0016317826230078,0.0856784731149673
P47948_Q8T3U2,0.0022534,0.013017,0.016104,0.00860933493822813,0.0002292433782713,0.0108162956312298
Q9VS55_O18338,0.0022939,0.013723,0.021189,0.40064045786857605,0.0033750545699149,0.9062731862068176
P17133_Q9W3X7,0.0022593,0.012999,0.016135,0.2105858027935028,0.0007794875418767,0.0054725590161979
A0A0B4K775_Q8SYC1,0.0021923,0.012948,0.015897,0.01420011930167675,0.0108617451041936,0.0024002792779356
Q9W0F8_Q9W380,0.012783,0.013535,0.022969,0.16379085183143616,0.0006980616599321,0.003009699517861
Q24475_Q9VTC4,0.002227,0.01294,0.015904,0.10511206835508347,0.0019239976536482,0.0089094713330268
O46339_Q9VGC1,0.0023036,0.013111,0.01597,0.380276620388031,0.7737690210342407,0.9900302886962892
M9PF96_Q23973,0.0021831,0.013016,0.015946,0.04439271613955498,0.0009169219410978,0.0009984894422814
Q8IPC3_Q7K1V0,0.0021922,0.012931,0.01667,0.03647319972515106,0.0026546358130872,0.013618498109281
Q7PL91_Q9VHE5,0.0022651,0.012954,0.016445,0.014405221678316593,0.0155243603512644,0.3076332211494446
P52168_Q9VVA7,0.16074,0.013214,0.01616,0.10073474049568176,0.0019848523661494,0.0005861207027919
Q9VX24_Q94511,0.0021992,0.012954,0.015943,0.23192092776298523,0.0002144965255865,0.11568433791399
Q9V3W2_Q9W501,0.0022053,0.012945,0.015906,0.5035778880119324,0.0019733300432562,0.0699643492698669
Q7KRY6_Q9VRX1,0.002189,0.012978,0.016674,0.04744856804609299,0.0150274550542235,0.0002968633780255
Q05547_Q27350,0.0022262,0.013091,0.024064,0.2956776022911072,0.0011514335637912,0.0008262249757535
Q7KY08_P45975,0.0021898,0.012944,0.016008,0.011315754614770412,0.0032914963085204,0.7612861394882202
P25158_P23758,0.0022654,0.012945,0.015936,0.11610759049654007,0.0258308332413434,0.0055037797428667
P22809_Q7KRY6,0.01058,0.013005,0.016921,0.045532286167144775,0.3577302396297455,0.0204484052956104
Q94513_Q9U6B8,0.0023599,0.012931,0.015899,0.1691526472568512,0.0008375933975912,0.2884555459022522
Q9VI60_A1ZBT5,0.0021889,0.01294,0.015914,0.05219682306051254,0.0006907478091306,0.0001896002358989
Q27272_Q9W501,0.0021756,0.012968,0.015984,0.26972582936286926,0.0007616041693836,0.9805635213851928
Q9W3Z4_Q9VVW2,0.0029728,0.012982,0.015922,0.11106272786855698,0.0020714958664029,0.0043657468631863
A8DYC9_P40301,0.0021908,0.012942,0.015891,0.17783862352371216,0.0003849252825602,0.9685736298561096
C7DZL9_Q23973,0.0022168,0.012961,0.015868,0.05436873808503151,0.0002370659058215,0.0126621527597308
Q24152_Q9VGR1,0.002166,0.012951,0.01588,0.18120375275611877,0.0012441161088645,0.001577541581355
Q24134_Q9VGS2,0.0021656,0.012922,0.015898,0.0881882905960083,0.0040130615234375,0.0002897989470511
Q8INQ9_Q7KRI2,0.002183,0.01301,0.01589,0.26235878467559814,0.9987645149230956,0.0023156891111284
Q9VMH2_Q9VYX4,0.0022163,0.013264,0.015938,0.4506380259990692,0.0028806920163333,0.0003759218961931
Q7JXV9_Q9VD72,0.040632,0.01293,0.016041,0.6189864277839661,0.9990301132202148,0.3939091563224792
Q7JX41_Q9VSE9,0.002426,0.012973,0.015912,0.026002611964941025,0.0010213236091658,0.0056392019614577
Q9XYN7_O96881,0.0021715,0.012931,0.015886,0.5711269974708557,0.0002210244856541,0.0020243620965629
Q9VVJ6_Q9VAC4,0.0021971,0.012957,0.015897,0.05446081608533859,0.0004159790696576,0.0065460829064249
P10083_P18491,0.50837,0.01307,0.026339,0.023113442584872246,0.998499035835266,0.5627040266990662
Q9VJY9_Q9VI55,0.0021725,0.012938,0.015942,0.08766487240791321,0.017977537587285,0.0007208610186353
Q9VNE1_A1ZAW9,0.0021785,0.012925,0.015894,0.09128732979297638,0.0128607926890254,0.0061372220516204
Q27297_P38979,0.0021865,0.013076,0.01593,0.06465350091457367,0.0002298965409863,0.2664480209350586
Q9W1E5_P02283,0.0021845,0.012932,0.016084,0.058575376868247986,0.0005985971656627,0.9869264364242554
Q9VMN9_Q9VWI0,0.0021979,0.022154,0.04876,0.4154282510280609,0.0004599644453264,0.8889114856719971
Q24087_Q24324,0.0022013,0.012949,0.016181,0.2297341227531433,0.0005238895537331,0.0012933311518281
P48462_Q9VPU9,0.0022033,0.01306,0.016467,0.10044379532337189,0.0018152194097638,0.0013576798373833
P50882_Q9VLV5,0.0022028,0.013044,0.015915,0.042280979454517365,0.0005303780781105,0.0016124746762216
D5SHR0_Q7JZC9,0.002194,0.01296,0.015949,0.22029803693294525,0.0008228723309002,0.0022777933627367
Q8IQ92_A1A6X4,0.0021786,0.01298,0.015916,0.12240806221961975,0.0010221851989626,0.008348137140274
Q9Y0I1_P46824,0.0022094,0.013363,0.016232,0.057843681424856186,0.0030995937995612,0.0010336376726627
P48588_Q9VM64,0.0021726,0.012957,0.015894,0.010537420399487019,0.0002683702332433,0.0014170886715874
Q9W1A3_P81909,0.0021838,0.012958,0.015901,0.44121792912483215,0.0003010198415722,0.0004375418648123
E1JHY7_P50536,0.002185,0.012929,0.019317,0.01220151036977768,0.9959492683410645,0.0018377561355009
Q9VBN5_P52656,0.0022552,0.01293,0.015921,0.0817919597029686,0.0006178898620419,0.9828482866287231
A1ZBT5_Q9VP65,0.0021854,0.012925,0.015911,0.15419429540634155,0.0016087053809314,0.0192535072565078
Q7K1Y4_Q7JXC4,0.002195,0.014454,0.017379,0.4070050120353699,0.0013107548002153,0.0101496232673525
Q9VIE6_X2J8N3,0.0021747,0.01293,0.016022,0.1369917094707489,0.0028309770859777,0.7783823609352112
Q8IQ53_Q9VGS2,0.0021938,0.012974,0.015895,0.026045512408018112,0.0011579048587009,0.0212397947907447
Q6NN40_Q9VF82,0.0021991,0.012939,0.015939,0.12788309156894684,0.0067473375238478,0.0007085208781063
Q9U1H9_Q23973,0.0051742,0.01295,0.016013,0.13209113478660583,0.0031269052997231,0.0066970302723348
Q9W0G1_Q9VA32,0.0023477,0.012997,0.025246,0.026270342990756035,0.0016482913633808,0.0002282003551954
P56544_Q9VKI2,0.0022274,0.012967,0.015945,0.2114626169204712,0.0006967377848923,0.0005906535661779
Q9I7L4_Q9VPU9,0.0021781,0.012921,0.015891,0.2152743637561798,0.0022884018253535,0.0018717963248491
P25991_P32031,0.0027518,0.013533,0.016114,0.08142395317554474,0.0005933764041401,0.2514564096927643
P40688_O76924,0.0023366,0.013216,0.016058,0.018818875774741173,0.0043945889919996,0.9575072526931764
E1JH43_Q4V5L1,0.0021993,0.012911,0.015891,0.06672795116901398,0.0003464581386651,0.0008173578535206
Q9XZH6_Q9W3E7,0.0021853,0.012922,0.015889,0.24874542653560638,0.0018518338911235,0.0361964777112007
Q9VJ33_Q9VSY8,0.0021704,0.013391,0.015895,0.5054031610488892,0.000266401679255,0.0048712389543652
Q95028_Q9W2K3,0.0021716,0.012959,0.015914,0.4879586398601532,0.0003256459312979,0.0389223657548427
P26308_Q9V3G1,0.0022086,0.012931,0.016067,0.2809848189353943,0.0009152186103165,0.0015334250638261
Q8IMX1_P10627,0.0021857,0.013012,0.015945,0.0676426813006401,0.0130896940827369,0.0011960070114582
Q9VEX5_P10734,0.07221,0.012973,0.016237,0.05203710496425629,0.0030444462317973,0.9152109026908876
P08182_Q9V3K3,0.0021761,0.01294,0.015902,0.17559044063091278,0.0003930302336812,0.0098569467663764
Q9VKJ4_Q9VX36,0.0022421,0.012985,0.015997,0.1913340985774994,0.0010814256966114,0.0030974771361798
Q95U62_E1JJE8,0.0021777,0.012941,0.015901,0.058238208293914795,0.0015835011145099,0.0458880439400672
Q9VTM2_P50882,0.0023677,0.012971,0.015918,0.013985072262585163,0.0021737969946116,0.0184520110487937
P49906_Q9V9J3,0.0021788,0.012958,0.015963,0.14274299144744873,0.0003967176016885,0.0023830123245716
Q9VVR2_Q9V3C7,0.0029205,0.012938,0.016297,0.39788109064102173,0.8914684057235718,0.0200338009744882
O15945_P05709,0.080207,0.013401,0.10224,0.21034172177314758,0.9987945556640624,0.0072971796616911
P08181_P08182,0.0021925,0.012967,0.016812,0.4040766954421997,0.0006154166767373,0.5438225269317627
Q9NJG9_Q24008,0.024902,0.012934,0.016076,0.019949883222579956,0.0027669351547956,0.0017823236994445
Q9NFU0_Q24134,0.0021693,0.012994,0.016063,0.48568636178970337,0.0030851173214614,0.0006900464068166
Q9V4Q8_P55841,0.0022013,0.012921,0.2108,0.44512638449668884,0.0004048404516652,0.0023288179654628
Q9VST2_P21461,0.0021824,0.013116,0.015966,0.008165372535586357,0.0041309986263513,0.0063771288841962
P08570_P19889,0.002349,0.013126,0.018112,0.15056723356246948,0.9989338517189026,0.008676772005856
Q9VYX7_P09077,0.0021922,0.013058,0.015881,0.07127336412668228,0.000413737114286,0.0031570885330438
Q9VA32_A0A0B4KEQ4,0.0021921,0.01292,0.015894,0.003542471444234252,0.0007671904168091,0.0063080908730626
Q02936_P51140,0.0021823,0.01295,0.015962,0.0778794214129448,0.0003235536860302,0.0004549527948256
Q8I7C3_P16376,0.72886,0.013825,0.017621,0.010510144755244255,0.0073164105415344,0.0253645963966846
Q9VPP7_Q9XZH6,0.0022032,0.012994,0.015905,0.1272210031747818,0.0007146362913772,0.14124196767807
P42207_Q00805,0.0021916,0.012964,0.015915,0.08726441860198975,0.000464322802145,0.0002304838853888
O97143_R9PY49,0.22548,0.013074,0.016152,0.12554605305194855,0.0230797845870256,0.0152990259230136
Q7K2G1_P46150,0.0022314,0.013032,0.016193,0.06920827925205231,0.0028883940540254,0.0481264255940914
Q9VIE6_P81917,0.0021851,0.012911,0.015879,0.08951764553785324,0.0011897910153493,0.0004839558387175
C0HL67_Q9VFB9,0.0021789,0.013019,0.024474,0.060913290828466415,0.0007941380608826,0.0016412889817729
Q9VVW2_Q9VKW3,0.0022318,0.012977,0.01603,0.09642383456230164,0.0007117561763152,0.0038805080112069
Q9VVP8_Q9V457,0.0024598,0.012928,0.015917,0.2160336673259735,0.0026491461321711,0.3585614562034607
P18431_M9PBY4,0.002187,0.012947,0.015982,0.007204035762697458,0.0016592479078099,0.0005170333315618
P10083_Q01070,0.66028,0.013799,0.075003,0.018162623047828674,0.9987620115280152,0.0239939875900745
Q8SYM9_Q8IRY7,0.002179,0.012953,0.015896,0.38364481925964355,0.0016591072781011,0.0014931373298168
P56672_Q8IRY7,0.00218,0.012969,0.015898,0.13333164155483246,0.9989295601844788,0.0002403250982752
P53034_P08646,0.0037672,0.017385,0.68665,0.0035859360359609127,0.0002870538155548,0.9883061051368712
Q9VTZ1_O96989,0.0021777,0.012947,0.016022,0.16822955012321472,0.0077027911320328,0.007873416878283
Q9V3G1_Q9VS55,0.0021873,0.012946,0.017846,0.34388574957847595,0.0047797407023608,0.0006479596486315
Q59DZ4_Q9W218,0.0022072,0.012963,0.015907,0.020946290343999863,0.0016892673447728,0.0002518099790904
Q961D1_Q9VHD2,0.0021707,0.012973,0.015898,0.2140251100063324,0.0020252561662346,0.6913097500801086
P51023_Q9Y1B2,0.0021754,0.012935,0.015894,0.43638908863067627,0.9785323143005372,0.1247306913137435
P26686_Q9VBU9,0.0022528,0.012959,0.015893,0.008858244866132736,0.0014639022992923,0.1556288003921508
Q9V6Q2_Q86P80,0.0045379,0.012936,0.016061,0.14416930079460144,0.0110066551715135,0.0156464036554098
Q94518_Q9VDH8,0.0021891,0.012933,0.015962,0.15916679799556732,0.0009744388516992,0.0017076503718271
P25158_P13060,0.002175,0.012928,0.015928,0.561237096786499,0.001862798933871,0.0003522387705743
Q9VBN5_Q9VZ01,0.0021943,0.012937,0.015911,0.17984163761138916,0.0013408694649115,0.0064551113173365
Q9VMU4_Q08605,0.0021963,0.012939,0.01644,0.010021855123341084,0.0006366716115735,0.0018679304048418
Q9VC66_Q9XZ56,0.003009,0.013004,0.015874,0.15895426273345947,0.0018827191088348,0.925180435180664
Q95RA8_X2JDZ1,0.0022144,0.012921,0.01589,0.18197301030158997,0.0312645696103572,0.0173778962343931
Q9VL93_Q01842,0.0022237,0.013009,0.015941,0.2836196720600128,0.9904497265815736,0.9940685033798218
P83949_P92177,0.0022047,0.013746,0.016115,0.4280596673488617,0.003359992057085,0.0223572347313165
Q9W1A3_Q9VTL1,0.0021756,0.013083,0.015992,0.23297247290611267,0.0017472475301474,0.8435400128364563
P18932_Q7K4Z4,0.002177,0.012951,0.015889,0.14382304251194,0.0002864591660909,0.000333130126819
Q0E8N2_Q9VUK7,0.50469,0.012986,0.016377,0.19291584193706512,0.0113078132271766,0.0032601354178041
A1Z9E2_O46036,0.0042491,0.012986,0.015922,0.06272818893194199,0.001596656977199,0.0661366805434227
P13098_Q01070,0.74138,0.015784,0.12863,0.07534205913543701,0.998989760875702,0.000830489268992
A1ZBY3_A1ZAC4,0.0021897,0.012949,0.015906,0.06382397562265396,0.0006125648505985,0.0006753380876034
P02836_Q9XZ58,0.002181,0.012936,0.0159,0.04495210945606232,0.001857892726548,0.0120084760710597
M9NF10_P10627,0.0039082,0.012985,0.016643,0.23034539818763733,0.0203987881541252,0.0001799979509087
Q24008_Q9VJM1,0.0021774,0.012954,0.015873,0.07106606662273407,0.000823599519208,0.0229668244719505
Q9V3L7_P49906,0.0022493,0.012978,0.01595,0.1456211805343628,0.0070256041362881,0.0181216020137071
Q7KSQ2_Q7KN62,0.0027299,0.01309,0.016328,0.26258817315101624,0.0004400729958433,0.0002673805574886
P17210_P46824,0.9025,0.76075,0.016006,0.0847245454788208,0.0172195862978696,0.0013372882967814
Q9VW53_Q9VZS5,0.0022299,0.012944,0.015959,0.11544773727655411,0.0004652870993595,0.0002364730898989
P47825_P18931,0.0021703,0.012968,0.015871,0.12074907124042511,0.0002783330564852,0.002619692357257
Q9VDH8_P24350,0.0023488,0.012983,0.015915,0.01666804775595665,0.0077363769523799,0.6300463080406189
O16810_P13677,0.0022457,0.013034,0.018295,0.0876927375793457,0.000739975424949,0.0005478303064592
Q9VAH9_Q7JVK6,0.0021838,0.012932,0.015893,0.14878004789352417,0.0003044834884349,0.0011537766549736
Q9VVH8_Q9VHM7,0.0026045,0.012961,0.01595,0.043702516704797745,0.0068763555027544,0.8378687500953674
X2JDZ1_P41092,0.0021862,0.012938,0.015921,0.14720994234085083,0.0005883008707314,0.0017072390764951
Q27272_Q86B79,0.0023364,0.012993,0.015917,0.33696961402893066,0.0015786573057994,0.0007223687716759
Q24560_Q058Z8,0.0021949,0.012977,0.015898,0.1773834079504013,0.0103419069200754,0.010037082247436
Q7JWR4_P52304,0.0021853,0.012955,0.01596,0.3979482650756836,0.0006659076316282,0.6657276153564453
Q9V4E0_Q27272,0.0022484,0.012945,0.015902,0.4408092200756073,0.0002701580233406,0.0013296643737703
Q9V345_Q9VE96,0.0021704,0.013106,0.016042,0.7600547075271606,0.0003991986450273,0.3808589875698089
P29673_E1JH43,0.0021825,0.012962,0.015912,0.13526539504528046,0.0006276221829466,0.0543410666286945
P32031_Q4V5L1,0.0022409,0.01293,0.015903,0.08787460625171661,0.0012755095958709,0.004176823887974
Q9VJM1_Q9VM81,0.0023182,0.01301,0.02934,0.492640882730484,0.0073691420257091,0.002262562746182
Q9VHK6_Q9V407,0.0021769,0.01301,0.015894,0.11002948135137558,0.0002460500400047,0.1882853806018829
Q9VBH8_Q9VAT0,0.0021862,0.013089,0.018073,0.07662294805049896,0.0003926836652681,0.9746896624565125
Q9W5B9_P48554,0.0021746,0.013146,0.015885,0.005691845901310444,0.0005811395822092,0.8952524662017822
Q8SY34_P11147,0.0021882,0.013337,0.01616,0.3248986601829529,0.0070010107010602,0.0158484261482954
Q01068_Q9V3L8,0.0024818,0.013412,0.015887,0.3762802481651306,0.0002931094786617,0.0149915991351008
P11147_Q24454,0.0021784,0.012976,0.015897,0.14267753064632416,0.0045614629052579,0.0102385943755507
A1ZAS3_P08510,0.002187,0.012992,0.015961,0.08783841878175735,0.0004788524529431,0.0089562786743044
P40792_P10734,0.05218,0.013444,0.016025,0.30270394682884216,0.0008778822375461,0.0051747788675129
Q9VGF9_A0A0B4K775,0.0022086,0.013031,0.016119,0.38996422290802,0.0374191179871559,0.0008397855563089
Q7KRU8_Q9VT57,0.0022124,0.012979,0.01594,0.18320047855377197,0.0004309469950385,0.0004742479068227
Q9VU85_Q9V3L7,0.0022032,0.013248,0.016082,0.09802527725696564,0.0011887357104569,0.0278570782393217
Q9VS55_Q9VYX1,0.0021755,0.012979,0.01591,0.026363564655184746,0.0067497822456061,0.0003297057410236
P20009_P29555,0.66257,0.013708,0.016449,0.18865737318992615,0.9987793564796448,0.0055555859580636
P17789_Q7KNM2,0.002174,0.012991,0.015912,0.12034846842288971,0.0007307867053896,0.916196584701538
Q9I7P3_P26270,0.0021709,0.012913,0.015912,0.004014062229543924,0.0005418267101049,0.0028436856810003
O76878_P56721,0.0022206,0.013076,0.015915,0.3121228814125061,0.0380811691284179,0.0002142455487046
Q7K3V6_Q9VJC7,0.0048657,0.021472,0.041185,0.014202716760337353,0.0032871251460164,0.0006872519734315
Q24276_A0A0B4KGY6,0.0021857,0.012922,0.015961,0.35343295335769653,0.0015676820185035,0.8315425515174866
Q9W5R8_Q9VHV8,0.0021808,0.012937,0.015907,0.027460677549242973,0.0004833751299884,0.0027029518969357
Q9VMX3_Q9W380,0.002517,0.012942,0.015904,0.21235747635364532,0.000496121996548,0.0011969894403591
P12881_Q7K148,0.0022064,0.013529,0.10111,0.08921156823635101,0.998964548110962,0.0003897612041328
O77237_P08928,0.0022114,0.013097,0.015992,0.10743878781795502,0.0006873135571368,0.0166884995996952
Q95TN8_Q9VMJ4,0.41233,0.013033,0.021115,0.0044794087298214436,0.2727178037166595,0.0148028936237096
Q9W380_Q7KY08,0.0022912,0.012929,0.015903,0.32319575548171997,0.0004090892907697,0.0033110124059021
Q9VYX1_P55830,0.0021843,0.012996,0.015891,0.02347882091999054,0.000373508722987,0.000707714469172
Q9V9Y9_Q9W0I7,0.0021915,0.012936,0.015901,0.10474036633968353,0.000366524560377,0.0004425752267707
Q9VTM2_Q9VMI3,0.0029157,0.013767,0.016406,0.14864055812358856,0.001423142850399,0.0064682960510253
Q9W0B3_Q9VHM7,0.002177,0.012947,0.015901,0.07158460468053818,0.001888538012281,0.0012837516842409
Q9V428_Q9VI72,0.0021849,0.012951,0.015967,0.04587949812412262,0.0109076350927352,0.001788108726032
Q9VEQ2_Q9VX37,0.0021861,0.013143,0.017145,0.0128735126927495,0.0071643283590674,0.0003143897047266
P08928_P31009,0.0021886,0.013342,0.015953,0.1426994502544403,0.0014069625176489,0.0098459413275122
O77237_P47948,0.0022027,0.013017,0.01588,0.013323711231350899,0.001002105185762,0.193228393793106
Q8MRQ1_O96660,0.034967,0.012959,0.015942,0.05844125896692276,0.9898858070373536,0.0013897285098209
Q7YU24_P16554,0.0049778,0.013094,0.01604,0.09185768663883209,0.1370671093463897,0.0002383153041591
P02833_P40427,0.24213,0.013864,0.01716,0.007995578460395336,0.99845290184021,0.1166857704520225
P34021_Q9VDD1,0.002195,0.01296,0.015899,0.3841307759284973,0.000894715427421,0.0583379119634628
P22807_P29555,0.56362,0.013086,0.017952,0.16025348007678986,0.9974175691604614,0.016164356842637
Q01083_Q9VZU2,0.0022967,0.016198,0.022741,0.216289222240448,0.0007460549240931,0.8207188248634338
Q94527_Q9VWD9,0.002322,0.01359,0.015965,0.1414301097393036,0.0395141318440437,0.000467256992124
Q0KI69_Q24117,0.0021664,0.01293,0.015891,0.4090747535228729,0.0057548549957573,0.9695768356323242
Q7JZC9_Q9VS01,0.0032478,0.013552,0.01593,0.05205912888050079,0.9988870024681092,0.0140249012038111
O16130_P23792,0.002203,0.012937,0.015897,0.10404809564352036,0.0048237228766083,0.0139362150803208
P14785_P20153,0.0028798,0.012962,0.016145,0.03974735736846924,0.0039987508207559,0.9930983185768129
Q8SYK5_Q8T0G4,0.091352,0.012973,0.017319,0.046032100915908813,0.0009267688728868,0.0026599627453833
Q9VCU6_P17133,0.0051288,0.013018,0.016266,0.02183554694056511,0.9985290765762328,0.0003416528052184
Q9VPK4_Q9VR35,0.076378,0.012952,0.016047,0.052409932017326355,0.0380827933549881,0.0004983872058801
Q9VRK9_Q8SXU3,0.0021856,0.013171,0.015948,0.02979435585439205,0.0006988391396589,0.0428144745528698
Q9VSN0_A0A0B4KEQ4,0.0022029,0.012917,0.015972,0.21918366849422455,0.0045289499685168,0.0001611709885764
Q9XZT1_Q9V637,0.0021868,0.01293,0.0159,0.05032030865550041,0.0006027782801538,0.0065404726192355
Q9VI72_Q9VP85,0.0023745,0.012945,0.016573,0.10840567201375961,0.0048637390136718,0.9364871382713318
O18333_Q9VKV6,0.0021786,0.013601,0.015934,0.23719827830791473,0.0044159330427646,0.0756145194172859
Q9VI55_P62152,0.002175,0.013104,0.015893,0.2656347453594208,0.0010661457199603,0.0005247148801572
O96863_P08181,0.0021913,0.012959,0.015958,0.09932233393192291,0.0037625154945999,0.3258544504642486
Q24168_Q9Y1B2,0.0021857,0.012934,0.01588,0.10282675921916962,0.9665256142616272,0.0311098378151655
P13677_Q9VQK1,0.0022479,0.013067,0.016326,0.08360210061073303,0.0133088827133178,0.9859384894371032
Q9VBP9_Q9VEX5,0.0021808,0.012922,0.016025,0.1544036716222763,0.0076736444607377,0.0006472264067269
Q9VKV4_O97183,0.002198,0.01292,0.015892,0.12105821818113327,0.0002335371973458,0.0006489448132924
Q9V3G1_Q7JWD6,0.002564,0.012939,0.015913,0.26817700266838074,0.0004683378501795,0.0056285727769136
Q8SXU3_Q9VCZ7,0.0021697,0.013115,0.015918,0.15172670781612396,0.0002617028076201,0.008802555501461
Q9VJ19_P02283,0.0022094,0.01295,0.015952,0.0779271051287651,0.000342473416822,0.0009502622415311
P46824_E1JHS8,0.076725,0.046659,0.016442,0.2887658178806305,0.0375732369720935,0.9840387105941772
Q9VGV7_Q26263,0.0021831,0.012966,0.015901,0.14057999849319458,0.0005800449871458,0.0206686481833457
Q7K4Z4_Q9VNE9,0.0021841,0.01292,0.015921,0.09378524124622345,0.0002595081168692,0.0009330462198704
P08646_Q9VJC7,0.0022701,0.013041,0.018914,0.09042826294898987,0.000216962347622,0.0002328863774891
P42207_O18338,0.30063,0.052971,0.092839,0.31288594007492065,0.0030164346098899,0.0008814926841296
Q0E9G3_Q9W1E5,0.0021858,0.012925,0.016041,0.07884674519300461,0.002392480848357,0.0003252726746723
P36241_P43332,0.0021966,0.012944,0.015903,0.15696948766708374,0.0005312539287842,0.000499672954902
Q9VN50_Q9VRT7,0.0021917,0.01296,0.015872,0.04715744033455849,0.0002803771931212,0.3151462376117706
Q9VFE9_Q9VTM2,0.0022877,0.013203,0.016144,0.0307063739746809,0.998859405517578,0.0333210453391075
Q9I7H8_Q24180,0.0031968,0.012963,0.015949,0.19128377735614777,0.0242055542767047,0.023454139009118
Q9VG96_Q6IDF5,0.0022488,0.013049,0.015902,0.17220145463943481,0.0014205755433067,0.0023140590637922
P12982_P39768,0.002241,0.013048,0.016058,0.11849945783615112,0.0037913476116955,0.0015153202693909
Q7KA43_O61602,0.0021784,0.013079,0.015859,0.01776712015271187,0.0005835526390001,0.0008008970762602
P52485_E3CTS5,0.0022446,0.012944,0.015908,0.018265873193740845,0.0008593180100433,0.000160457813763
B7Z0R7_Q9W3R7,0.002178,0.013027,0.015905,0.6302762627601624,0.005996267311275,0.0002833290491253
P18101_P25008,0.0021771,0.013142,0.015892,0.1630733460187912,0.0003526227956172,0.0028388830833137
P18824_Q45VV3,0.24147,0.013527,0.026357,0.008585781790316105,0.998087465763092,0.0079976739361882
Q9VUK7_Q95U62,0.0021907,0.012922,0.015882,0.20404602587223053,0.0878961458802223,0.0009067186620086
P09077_Q0E9B7,0.0028958,0.012952,0.016003,0.14356544613838196,0.0069971098564565,0.0012036608532071
Q9Y0Z9_P00528,0.0023913,0.013052,0.024423,0.13361240923404694,0.0289762839674949,0.0315992459654808
Q24547_Q9V393,0.0022828,0.012978,0.015904,0.30099377036094666,0.0035489459987729,0.0039860787801444
Q8INB9_Q9NCC3,0.0024035,0.012983,0.020768,0.008014881983399391,0.9495160579681396,0.0006417254917323
A0A0B4KFV0_Q9VSY9,0.0051388,0.013068,0.016081,0.3431515693664551,0.0012670657597482,0.9495646357536316
Q9XZ68_O02002,0.0021759,0.013592,0.017275,0.2874671220779419,0.0004684881132561,0.004564304370433
P05205_Q9VY87,0.0022029,0.012946,0.015925,0.007582700811326504,0.000804454088211,0.0001720828731777
Q8SYK5_Q9VWE8,0.002217,0.013066,0.015971,0.31259840726852417,0.0017500360263511,0.001235153642483
Q9VLK1_A1Z9I6,0.0028761,0.013058,0.026818,0.17709597945213318,0.0007868182728998,0.0001882177894003
P91641_Q9VTP4,0.0021823,0.012914,0.015891,0.06827887892723083,0.0021670896094292,0.0015862036962062
Q23973_P08970,0.0029058,0.012977,0.016288,0.5489575862884521,0.9970640540122986,0.0032166922464966
Q01070_P40793,0.0039752,0.014559,0.015981,0.12540306150913239,0.0003565436054486,0.0001777478464646
P09956_Q9VHV8,0.011454,0.012999,0.016267,0.009746707044541836,0.0117300972342491,0.9379727244377136
Q9VE96_P52304,0.0023288,0.012992,0.022811,0.19837236404418945,0.8535351753234863,0.0003162514185532
C7DZL9_P25158,0.0022371,0.012942,0.015864,0.13804124295711517,0.000343977328157,0.9032262563705444
Q7KY08_Q9VJY9,0.0021839,0.012988,0.01601,0.09321598708629608,0.0223015155643224,0.5558563470840454
P17789_Q9V345,0.0021712,0.013058,0.016368,0.1245095357298851,0.0004653144278563,0.0012488657375797
Q9V4Q8_P13097,0.0021893,0.013011,0.015939,0.14979100227355957,0.0039569628424942,0.0098180416971445
X2JEH3_Q9VEA2,0.0021799,0.013145,0.016271,0.5055414438247681,0.0022658286616206,0.2370981872081756
P41042_P18934,0.014282,0.012985,0.015894,0.09990090876817703,0.0003218529745936,0.0001595310313859
Q95TJ9_Q45VV3,0.1106,0.012964,0.01604,0.0891631543636322,0.0146615533158183,0.0007253056392073
P07664_P48609,0.0022149,0.012979,0.016085,0.1431492269039154,0.0188779458403587,0.7057313323020935
P29844_Q9VS36,0.002172,0.013005,0.015953,0.15118403732776642,0.0302547421306371,0.0693660378456115
Q9V7W9_O96880,0.019405,0.012921,0.016378,0.0441579632461071,0.0284775327891111,0.4544214010238647
Q9VIH1_Q9VA51,0.002209,0.012951,0.015914,0.22415509819984436,0.0026411188300698,0.1447891592979431
Q59DX6_P29327,0.0022003,0.012939,0.015881,0.16086934506893158,0.0004437832394614,0.0001578461669851
Q24169_O97183,0.0021854,0.012921,0.01589,0.2207060009241104,0.0002147654595319,0.7573677897453308
Q9VZU4_Q9VVL6,0.0021925,0.013018,0.015884,0.1664009988307953,0.0015004918677732,0.0002202116884291
M9PGR0_Q27350,0.0022198,0.012948,0.016037,0.009332142770290375,0.0070559931918978,0.0677253231406211
Q9VPT8_P13677,0.0021936,0.012992,0.018916,0.061332013458013535,0.0013431803090497,0.0007038188050501
P18491_Q7KM04,0.0023718,0.013143,0.016285,0.07565149664878845,0.0205836147069931,0.0003696833446156
Q03334_O97420,0.0022003,0.012937,0.015918,0.21711526811122894,0.0003111007099505,0.8420844674110413
P50887_Q9VI00,0.0021873,0.012981,0.015905,0.030650291591882706,0.0003337569942232,0.6222213506698608
Q27934_Q9VCR6,0.26373,0.01295,0.016253,0.034336429089307785,0.0075655071996152,0.035477478057146
Q9XYF4_M9PF17,0.0021866,0.012956,0.016047,0.05698452517390251,0.0034615164622664,0.0210109911859035
Q9VHD2_Q9VN10,0.0021892,0.012982,0.0159,0.592907726764679,0.0420685149729251,0.0004872390127275
Q8I8V0_Q24276,0.0022364,0.012953,0.01601,0.11277689784765244,0.001841269666329,0.0456622056663036
Q9VRX1_P13096,0.0022821,0.013096,0.015936,0.08566205948591232,0.0007716122781857,0.9208647012710572
Q24454_P29829,0.002211,0.012973,0.016012,0.27187469601631165,0.0374323800206184,0.0292702335864305
Q8T0S6_Q9VS55,0.17955,0.013007,0.016842,0.068766750395298,0.0016431551193818,0.0283138193190097
Q9VLV5_P23572,0.00224,0.013327,0.016375,0.36270520091056824,0.0002741696080192,0.000192726147361
Q9VEN2_P56721,0.0046487,0.012964,0.016124,0.32811039686203003,0.0217814389616251,0.9843193888664246
Q8INQ9_Q8IQ53,0.0022005,0.013038,0.0159,0.15782979130744934,0.0026189223863184,0.0010243644937872
Q9VFT4_Q06559,0.0022216,0.013047,0.015929,0.04567888751626015,0.0027942156884819,0.001830609049648
Q9VTU2_Q9I7P3,0.002289,0.013117,0.016038,0.10347236692905426,0.0003535331052262,0.0028504666406661
Q9VR65_M9PBM3,0.0022079,0.012934,0.015924,0.11660483479499817,0.0091157518327236,0.0010614743223413
P18930_Q2PE14,0.0022841,0.012969,0.015868,0.0032231262885034084,0.0003737314837053,0.0006724197883158
P11420_Q9Y1B2,0.0021765,0.012941,0.015883,0.05769559368491173,0.0092462953180074,0.000328415131662
Q9VU85_Q7K2Q8,0.002174,0.012927,0.01588,0.009459749795496464,0.0025891670957207,0.0124017596244812
Q9VP78_P29673,0.0039834,0.012986,0.015965,0.0964110791683197,0.0231632050126791,0.0034545231610536
P25008_E1JJI1,0.0023964,0.012933,0.015901,0.057226184755563736,0.001619181013666,0.0009321830002591
Q9W4R3_P11346,0.0022018,0.012998,0.016049,0.27335742115974426,0.0015398433897644,0.0041980994865298
Q9W2K0_Q9VJI9,0.0021759,0.012935,0.01589,0.06712277978658676,0.0013535768957808,0.3510447740554809
O96860_Q9VUW2,0.0022067,0.012966,0.015895,0.017470192164182663,0.0002290522388648,0.0007110856822691
Q9W236_M9PHI7,0.0021781,0.012956,0.015905,0.23658671975135803,0.0004640369734261,0.00051711226115
O18334_Q9VGR1,0.0045282,0.020508,0.016123,0.34404605627059937,0.99750155210495,0.0037768753245472
Q9VJM2_Q26366,0.0047368,0.012941,0.015991,0.1440170407295227,0.0004758597642648,0.9848926067352296
O15945_P42207,0.0029663,0.013104,0.016098,0.22001752257347107,0.000527675030753,0.0016907604876905
P48148_P15357,0.042196,0.013688,0.81699,0.3822202682495117,0.0002487802703399,0.0003105438663624
Q24572_P91641,0.0021835,0.012974,0.015955,0.12473061680793762,0.0010244050063192,0.000624670938123
P06754_Q9VEA2,0.0030888,0.015039,0.016058,0.01620352454483509,0.0004825709038414,0.0094140386208891
P20153_P17133,0.0024137,0.01297,0.016185,0.45166072249412537,0.0004502196388784,0.0018365695141255
Q9VP65_Q8IN63,0.0021911,0.012941,0.015899,0.6801268458366394,0.0004561604291666,0.9761239290237428
Q9XZ56_Q7K105,0.0023549,0.012933,0.016018,0.026882899925112724,0.0005524870939552,0.0227040890604257
Q9VM46_Q9VIZ0,0.0022307,0.012926,0.015897,0.032887544482946396,0.0009841030696406,0.0024466884788125
Q27272_Q8SYU5,0.0023846,0.012935,0.038823,0.11528988182544708,0.0019781081937253,0.0002634946722537
O76908_Q8IMM9,0.0034534,0.013004,0.023584,0.04078007861971855,0.996347725391388,0.0006460250588133
Q01069_Q9VTL1,0.0022041,0.013094,0.016055,0.23298804461956024,0.000376169104129,0.0012439638376235
Q9VMJ4_Q9V629,0.0021915,0.012928,0.015958,0.18328411877155304,0.0019912421703338,0.0058734319172799
X2J8N3_P07664,0.0021843,0.012929,0.016007,0.480467826128006,0.0006548115052282,0.0007499576313421
Q8MRQ1_Q9VS59,0.0087054,0.013,0.015902,0.051513999700546265,0.0451356433331966,0.0006846595206297
Q9VWZ1_Q24134,0.0021876,0.013043,0.01594,0.00782692339271307,0.0010162310209125,0.0003508969384711
Q8SYM9_Q9VKF0,0.0022292,0.012938,0.016005,0.35751599073410034,0.0006073672557249,0.4962692558765411
Q9VQF9_Q24134,0.0021923,0.012963,0.015899,0.035225797444581985,0.0046812267974019,0.0036581116728484
P13008_Q9VLB2,0.0022762,0.01295,0.015975,0.005017472896724939,0.0005306956591084,0.0025740785058587
Q08012_Q9VPP7,0.0021818,0.01298,0.015885,0.49225932359695435,0.0003557043964974,0.0003549741813912
P49028_Q9VTC2,0.0022512,0.01293,0.015901,0.030543621629476547,0.0011420279042795,0.0006841178983449
A0A0B4KFV0_Q7K4Z4,0.13907,0.013067,0.01623,0.14508795738220215,0.0027640538755804,0.1945439428091049
Q7K1V0_O97143,0.025233,0.012964,0.016207,0.03969926759600639,0.0110053569078445,0.0001924380339914
P91664_Q9VKV6,0.0027287,0.012997,0.015998,0.08620493859052658,0.0003652205923572,0.0005977810360491
P00528_P02828,0.0021843,0.013009,0.016124,0.10337673127651215,0.0005435521015897,0.0006035563419573
Q9VCL2_Q9VW53,0.0022166,0.012937,0.015903,0.030995946377515793,0.0018709244905039,0.0050329938530921
Q9V461_Q7KRU8,0.0021971,0.013026,0.015957,0.023867357522249222,0.0013495441526174,0.0028514873702079
A0A0B4JD33_P18431,0.011897,0.013014,0.016243,0.23159776628017426,0.9966222047805786,0.0008589624194428
Q9W0E9_Q9W3R7,0.0021808,0.012936,0.015912,0.06751088052988052,0.0015470219077542,0.0259995348751544
Q9VT31_Q9U1K1,0.004622,0.012941,0.015921,0.11992860585451126,0.0034703309647738,0.0009037877316586
P48554_P46867,0.0031035,0.016095,0.016593,0.06415140628814697,0.0048949355259537,0.0065938211046159
P29503_Q9VHA9,0.0024946,0.013024,0.020727,0.16940970718860626,0.101660706102848,0.9748069643974304
E1JJI1_Q9VUZ1,0.0022081,0.01292,0.015895,0.5965354442596436,0.0004541122179944,0.0002536818792577
Q9VCZ8_A1Z8I0,0.00221,0.012921,0.015928,0.3133321702480316,0.0004654785734601,0.003762467065826
Q8T4F2_Q02637,0.0022064,0.012953,0.015891,0.3286164104938507,0.0008738296455703,0.0775049701333046
Q8T0G4_A1ZAW5,0.0023112,0.012914,0.016104,0.029993901029229164,0.0006939647719264,0.4092274606227875
Q01069_Q9VSM9,0.0024629,0.013095,0.015928,0.13809734582901,0.0013145511038601,0.7081859111785889
P47825_Q27272,0.1708,0.012942,0.015969,0.3800223469734192,0.0052572977729141,0.0362786166369915
Q9XZ68_Q9VEA2,0.0024168,0.013458,0.66904,0.01412456389516592,0.0003666159173008,0.0028688686434179
O18338_Q9VI55,0.0022077,0.013012,0.01639,0.2207505702972412,0.0005796976620331,0.002348686568439
P02833_Q9W0I7,0.0021783,0.012925,0.015901,0.07520788162946701,0.0003411588841117,0.0052376012317836
A1Z9I6_Q26263,0.0084738,0.013386,0.015982,0.009857374243438244,0.0048239747993648,0.9754221439361572
P11147_Q9W1K4,0.0021736,0.012951,0.016072,0.33090606331825256,0.0093146618455648,0.9750129580497742
O44437_P02572,0.0035511,0.013162,0.015962,0.05793972685933113,0.000641171936877,0.0004801864561159
Q59DZ4_Q9VIT3,0.0022148,0.012951,0.016133,0.1452457755804062,0.002996114315465,0.0075649488717317
Q9XYN7_Q9XZ61,0.0021725,0.012924,0.015893,0.045227620750665665,0.0002108561020577,0.1073712557554245
Q9VEF0_P11346,0.0054473,0.012978,0.016468,0.22047442197799683,0.0010131240123882,0.0003633596061263
Q9VIZ0_E1JJI1,0.0022105,0.01292,0.015883,0.19647054374217987,0.0002859603555407,0.0125437686219811
Q9VQM2_Q7K304,0.0022492,0.012928,0.015893,0.16947436332702637,0.0003786073939409,0.0197665560990571
P17789_Q9V4Q8,0.0021839,0.012932,0.01617,0.23372513055801392,0.0025923007633537,0.0061430712230503
P22809_Q9VKW8,0.0036877,0.013061,0.015997,0.03850540146231651,0.0007547091227024,0.0116366669535636
Q9W0F8_Q962S2,0.0023508,0.01502,0.015872,0.27645766735076904,0.0004607754235621,0.0699160993099212
O96860_Q6NMT8,0.0021662,0.012923,0.015894,0.13854597508907318,0.0046039265580475,0.1422400176525116
Q9NFU0_P24350,0.0058767,0.012985,0.016157,0.26579049229621887,0.0005652040126733,0.0025261465925723
Q9NFU0_Q9VI13,0.65216,0.013052,0.023424,0.02199656330049038,0.0042242440395057,0.0087748393416404
Q08605_Q86B87,0.03207,0.012946,0.019533,0.5755412578582764,0.99837327003479,0.1549313813447952
P19018_Q8T476,0.0028374,0.012959,0.016014,0.09381598234176636,0.0163827892392873,0.972806990146637
Q9VPK4_Q9VYX1,0.0022045,0.012937,0.015888,0.06182447448372841,0.0057429526932537,0.0002156148984795
Q9VGF9_O96881,0.0021817,0.012955,0.016281,0.1773102730512619,0.0003835617098957,0.0007750806980766
Q7K738_Q960D3,0.0021704,0.012951,0.015898,0.2140527069568634,0.0002965799358207,0.0059986831620335
Q86BB4_P91641,0.0021975,0.013003,0.015871,0.015326736494898796,0.000366201653378,0.9369446635246276
Q9VQF9_Q9V428,0.0022159,0.012951,0.015879,0.36243510246276855,0.0002621913154143,0.000349207635736
P22265_Q9W402,0.0022002,0.012932,0.015896,0.7202042937278748,0.0082629024982452,0.0050734472461044
Q8IQ92_Q9VXX8,0.0022135,0.012953,0.015857,0.07199718803167343,0.0007356628775596,0.0021442447323352
Q9VI55_O96863,0.0021847,0.012909,0.015926,0.18607419729232788,0.998598039150238,0.0062918965704739
E1JHY7_Q9VRN6,0.0021794,0.012961,0.016052,0.08993340283632278,0.5296385884284973,0.0005336114554665
Q9VT31_Q95TJ9,0.0032672,0.01296,0.015899,0.006179671734571457,0.0104279685765504,0.0291300751268863
Q9VTU2_Q9VRK9,0.0022015,0.013269,0.015907,0.05704454332590103,0.0003567408130038,0.001343724085018
Q0E9B7_Q27324,0.0022195,0.012979,0.017904,0.03276464715600014,0.0004217462847009,0.0070890779606997
P17789_Q08605,0.047903,0.012974,0.018484,0.016169605776667595,0.4256817996501922,0.003796451492235
Q9VWI4_P22814,0.003025,0.012995,0.017998,0.0655483528971672,0.0074675572104752,0.455306738615036
Q26366_P04197,0.014124,0.012975,0.016,0.0013819258892908692,0.0080240201205015,0.1983778327703476
Q8SX32_Q9W1B9,0.0022096,0.012951,0.015964,0.07322234660387039,0.0002551691140979,0.978865921497345
P83949_Q7KLV9,0.0022271,0.013649,0.015951,0.16962553560733795,0.0007466122042387,0.0315375961363315
P10083_A0A0B4KEQ4,0.0022342,0.012958,0.015915,0.06814367324113846,0.0019719987176358,0.8921923041343689
Q9V3K3_Q9VQY9,0.0021783,0.012923,0.015882,0.04665928706526756,0.000587860296946,0.1482271254062652
P23792_P11147,0.0021813,0.013029,0.015945,0.5401188135147095,0.0069810324348509,0.0161949153989553
Q24087_Q966T5,0.0021805,0.012978,0.0159,0.3898148536682129,0.000380592624424,0.0287842527031898
Q9W4S7_Q7KRU8,0.0022154,0.01298,0.015908,0.2813238501548767,0.0010863804491236,0.0702779740095138
Q9Y0S9_A0A0B4KGY6,0.066673,0.012975,0.016116,0.10034804046154022,0.007995487190783,0.005080743227154
Q8T3W6_Q27368,0.071171,0.013228,0.01602,0.2599089443683624,0.0017878542421385,0.0423318110406398
Q9VSY9_A0A0B4K775,0.0022173,0.013086,0.015905,0.20662398636341095,0.0116078611463308,8.69859431986697e-05
Q9VS36_Q7YU24,0.0022546,0.01296,0.015949,0.1155761331319809,0.0312939211726188,0.0020691186655312
Q7YU24_Q7KRI2,0.0021817,0.012947,0.015949,0.023050613701343536,0.0033920586574822,0.8055316209793091
Q9VEV9_P16378,0.0025071,0.013124,0.016018,0.09015882760286331,0.0012159285834059,0.0009571954142302
P10734_P29555,0.6752,0.013235,0.017146,0.07900281995534897,0.0501320548355579,0.006665195338428
Q27934_Q9VE96,0.16477,0.012956,0.016112,0.19912129640579224,0.0014331595739349,0.0001655349769862
Q9VQF9_Q9XZ56,0.0024845,0.012954,0.016035,0.10299288481473923,0.0010828822851181,0.0009321873658336
Q9VLU0_Q06559,0.0021949,0.013048,0.015917,0.05854210630059242,0.0006653842283412,0.0002089739427901
Q9W358_Q9VNB5,0.0021723,0.013046,0.015902,0.10621687769889832,0.0015149529790505,0.0003862785815726
Q95SJ2_Q9W4B3,0.0022422,0.013027,0.016108,0.214469775557518,0.0029801712371408,0.0634622126817703
Q9VEQ2_Q8IML3,0.0021849,0.013132,0.015942,0.3924001157283783,0.000572883116547,0.0142804235219955
O76922_Q9VQ91,0.002184,0.012934,0.015986,0.07261177897453308,0.0006709925946779,0.0007780685555189
Q27272_P52656,0.0021709,0.012928,0.015883,0.22398237884044647,0.002323311753571,0.0006891294033266
Q9VTC2_Q9VJ02,0.0023412,0.012984,0.015966,0.13513509929180145,0.0006995821604505,0.0049119084142148
Q9VEQ2_Q7KUZ5,0.0021815,0.013524,0.01615,0.29400762915611267,0.0028396809939295,0.1328283250331878
Q9V3V9_Q8IPW2,0.0021806,0.01294,0.015892,0.008702119812369347,0.0307384114712476,0.0003106243966612
Q06559_Q9VU85,0.0022038,0.012976,0.015895,0.09459418803453445,0.0009697976638562,0.9861598610877992
Q9VBN5_P52654,0.0021933,0.012935,0.015934,0.1100124642252922,0.0012695475015789,0.0130168255418539
Q962S2_Q9VGS2,0.0028601,0.01305,0.01586,0.06688486784696579,0.0006961610051803,0.0034575134050101
Q9VMN6_P48612,0.0021817,0.012943,0.015917,0.031231563538312912,0.0003423944290261,0.0012957217404618
Q26366_Q24318,0.024527,0.012938,0.016159,0.12009532004594803,0.0088545335456728,0.0007807147921994
P04197_Q9VF04,0.53037,0.012974,0.016457,0.09573527425527573,0.9987363219261168,0.0029996933881193
Q9VCI7_Q9VPD2,0.0021697,0.012974,0.015947,0.42292162775993347,0.0119813671335577,0.0731843337416648
Q9VS01_Q7KUL3,0.013754,0.013331,0.015938,0.32178592681884766,0.0331435427069664,0.0030222318600863
P18824_P54367,0.0022362,0.01401,0.042884,0.09227051585912704,0.9981548190116882,0.0065052188001573
Q26366_P25991,0.010907,0.013608,0.016081,0.022211551666259766,0.0270422082394361,0.2496080547571182
Q7K1Y4_Q9VR65,0.0022034,0.01299,0.016037,0.23847109079360962,0.0178858656436204,0.0006233768071979
Q94517_P52304,0.0023283,0.013429,0.016733,0.02013111487030983,0.006697965785861,0.6531294584274292
Q8SYK5_Q9VZU4,0.0022007,0.012946,0.01589,0.3318171501159668,0.0004809175734408,0.0203075166791677
Q03334_P22464,0.0021953,0.012934,0.015986,0.011422504670917988,0.0003492789110168,0.0313195027410984
Q9U1K1_O01382,0.0021919,0.012994,0.015978,0.03745180368423462,0.0024269646964967,0.8446005582809448
A1ZAS3_M9PHI7,0.0021912,0.013274,0.016233,0.20079703629016876,0.0055591096170246,0.0044791065156459
M9PHN7_P26270,0.0021718,0.012961,0.015894,0.08859971910715103,0.0003730593889486,0.1065484806895256
Q9VMI3_Q9I7P3,0.0022625,0.012977,0.016024,0.11951559036970139,0.0002353850431973,0.020795539021492
Q9W4S7_Q9W229,0.0021705,0.012932,0.015901,0.06728698313236237,0.0011621591402217,0.0582028999924659
Q9VJP9_P23023,0.0021852,0.01293,0.015923,0.029858987778425217,0.0003891912638209,0.0187425576150417
Q8MRE6_Q06453,0.0021976,0.013348,0.015976,0.17366978526115417,0.0006681997328996,0.0178048815578222
Q9VTW6_Q9W087,0.902,0.79358,0.64663,0.17071238160133362,0.9990554451942444,0.0620796233415603
P29844_Q9V3G1,0.0021991,0.013181,0.01688,0.04571494087576866,0.0028855898417532,0.0022676975931972
B7YZF0_Q9VBY7,0.0027668,0.012995,0.019587,0.14146043360233307,0.0493255294859409,0.1081482619047164
D5SHR0_Q9V444,0.0022726,0.012955,0.015908,0.15197162330150604,0.0005412986502051,0.0028898490127176
Q9VJE4_Q7KN62,0.002207,0.013032,0.015905,0.7023804187774658,0.0003406471514608,0.0012235169997438
Q9U5W9_X2J6Q6,0.0021831,0.012943,0.015888,0.03297971189022064,0.0003280143137089,0.0011596925323829
P25867_Q9VIY3,0.0021737,0.012999,0.015891,0.15156053006649017,0.0004870607226621,0.1725976467132568
Q9VXS3_Q86B79,0.0062236,0.013011,0.015958,0.04301862791180611,0.0167502854019403,0.0224679540842771
Q8SX32_Q9VHV8,0.0021916,0.013005,0.016144,0.30478641390800476,0.0193183831870555,0.0037635413464158
Q9VAP2_X2JDZ1,0.12527,0.01316,0.017412,0.2642587125301361,0.0084536131471395,0.0015066212508827
Q9XZ68_Q9VY87,0.002193,0.021596,0.19576,0.38895925879478455,0.0008718959288671,0.0114366803318262
Q9W029_P52304,0.002182,0.012942,0.015901,0.06520119309425354,0.000855375197716,0.0010830428218469
P16568_P09052,0.0024987,0.013205,0.016046,0.20327897369861603,0.0033098796848207,0.0030487668700516
Q9VX94_Q960D3,0.33744,0.013015,0.017019,0.012402034364640713,0.000632366805803,0.0015086497878655
Q9VWD5_B6VQA1,0.0021975,0.012967,0.015925,0.10399286448955536,0.0809789523482322,0.0004182885750196
P02844_O16130,0.0022068,0.01297,0.015924,0.18272659182548523,0.0018556658178567,0.0070073017850518
Q9VUG4_Q9VSY8,0.0023703,0.012954,0.015945,0.05551092326641083,0.0010946602560579,0.0230799838900566
Q9W0S8_P62152,0.0022055,0.012998,0.015909,0.011541556566953659,0.0007216837839223,0.8601714372634888
Q9VZL5_Q9W2V7,0.002171,0.012907,0.015876,0.03688773140311241,0.0003929834347218,0.5415512323379517
Q9V3Y8_Q9VJZ6,0.0021917,0.012941,0.015896,0.009628226049244404,0.004402729216963,0.2443795055150985
Q9VIP1_Q24562,0.0022424,0.012964,0.018575,0.10181627422571182,0.0125658363103866,0.3572813868522644
Q05547_P07909,0.0024932,0.013863,0.058511,0.06475504487752914,0.0007579239900223,0.0014078081585466
Q7KRU8_Q9VTW3,0.0022134,0.01297,0.015898,0.18611179292201996,0.0004003974900115,0.5334931015968323
Q7KMG7_P17917,0.0021823,0.012951,0.015915,0.3188118636608124,0.9982908368110656,0.0374138467013835
Q9VHV8_Q9VKJ4,0.0021808,0.012961,0.015889,0.01565290428698063,0.0006221211515367,0.0152222365140914
P07548_Q9VYX4,0.0022304,0.01293,0.015904,0.1072988510131836,0.0073149488307535,0.002086975146085
P06002_X2JDZ1,0.0026625,0.013012,0.015906,0.08622217178344727,0.0084497844800353,0.8522842526435852
Q9I7L4_Q9VGC7,0.0021757,0.01291,0.015888,0.19349442422389984,0.007691609673202,0.0006998858880251
Q7K304_Q7JWR4,0.0021773,0.01293,0.015903,0.006602603942155838,0.0015686376718804,0.0017328192479908
Q7JXC4_Q9VXS3,0.0021772,0.012935,0.015917,0.13508522510528564,0.006575250532478,0.0495159141719341
Q9VDE3_O46034,0.0021792,0.01313,0.015984,0.5376663208007812,0.0043755304068326,0.0017625894397497
P08044_P18489,0.0023656,0.013015,0.015942,0.39119112491607666,0.0003454426769167,0.0066020572558045
Q4V5A7_Q9VCG6,0.17237,0.01297,0.015995,0.29142749309539795,0.0368181467056274,0.0047914953902363
Q9VUR1_Q9VS36,0.0021922,0.012935,0.015905,0.13960586488246918,0.0032963678240776,0.0027277660556137
A1ZB42_Q9VTZ1,0.0022363,0.012936,0.015933,0.03675513342022896,0.0084015848115086,0.0005695785512216
Q9V428_Q9VQD8,0.0021809,0.01293,0.015883,0.12233146280050278,0.0011524403234943,0.0003018501156475
Q24117_Q7JX41,0.0021713,0.012925,0.01589,0.2351924180984497,0.0200955495238304,0.7168781161308289
A0A0B4LHU7_B7Z0R7,0.0035804,0.013185,0.017099,0.19375614821910858,0.0153139671310782,0.0029398859478533
P54733_Q94518,0.0021895,0.012938,0.015937,0.010303261689841747,0.0030168362427502,0.0017839242937043
Q9XYU0_P17917,0.12117,0.012938,0.015983,0.04702286794781685,0.0194329638034105,0.0012718247016891
P46867_Q9VRK9,0.78983,0.64254,0.020947,0.6788161993026733,0.9784024357795716,0.1308764070272445
E1JIM1_O97420,0.0024907,0.012969,0.015936,0.26629146933555603,0.9987924098968506,0.0414253063499927
Q9U5W9_Q9VF77,0.0022932,0.012919,0.015925,0.13168926537036896,0.0003897509886883,0.0034378098789602
Q8MUJ1_Q9V407,0.0022718,0.012931,0.016023,0.07770427316427231,0.0003291947359684,0.0031928911339491
Q9VIH1_Q9VYW3,0.0021788,0.012958,0.015885,0.202477365732193,0.0984141305088996,0.3508497476577759
P11420_P42325,0.047544,0.013236,0.015935,0.27888116240501404,0.0166984163224697,0.1806913465261459
Q7JX41_A1Z6E0,0.0021909,0.012953,0.015892,0.14531618356704712,0.0017761192284524,0.0005043383571319
Q9VUK7_P14003,0.47219,0.013061,0.016312,0.16730408370494843,0.993578314781189,0.0053367214277386
P50887_Q9V637,0.0021866,0.012974,0.015926,0.02334645763039589,0.0004305472539272,0.025154186412692
P42207_Q9VVB6,0.002226,0.013214,0.016223,0.43400731682777405,0.0005607682396657,0.0002381760714342
P25008_Q9VM64,0.0021916,0.012936,0.015912,0.15377651154994965,0.0004951898008584,0.0001849089894676
Q9W3E7_Q9VT51,0.0022107,0.080323,0.3639,0.4472407102584839,0.0007483210065402,0.0004900866770185
Q7KTL5_Q06559,0.0022138,0.012987,0.015909,0.13106903433799744,0.9970507621765136,0.0012838599504902
Q9W115_Q2PE14,0.0052651,0.012977,0.015938,0.41148635745048523,0.0018785586580634,0.0138324880972504
Q9V3B4_P49028,0.0021745,0.012921,0.015883,0.019668780267238617,0.0005741940112784,0.0078494623303413
P29844_P41092,0.002195,0.013341,0.016062,0.24054045975208282,0.0039914571680128,0.0012487634085118
Q9VCR6_P48149,0.0021918,0.012924,0.015882,0.41390159726142883,0.0027824116405099,0.9850886464118958
Q9VM64_Q9VVR2,0.054482,0.012973,0.016475,0.01953071355819702,0.0121024847030639,0.0124157611280679
O18413_Q9V3K3,0.045207,0.013083,0.023303,0.08098830282688141,0.0093624852597713,0.8120989799499512
Q7K2G1_Q9V431,0.0022184,0.013095,0.016083,0.10010020434856415,0.0038484842516481,0.0013384522171691
Q8MSY4_Q9VHG6,0.0081051,0.013626,0.015883,0.17812982201576233,0.0030419840477406,0.0005687688826583
Q9VBN5_Q7K0E6,0.0027387,0.01296,0.016184,0.00939104612916708,0.0026743703056126,0.0009958487935364
Q9VGY3_Q9V6Q2,0.0021854,0.012921,0.015918,0.7350900769233704,0.0075942957773804,0.0018064960604533
Q7JXB9_Q9VCG6,0.0021835,0.012926,0.015914,0.2827939987182617,0.0016267782775685,0.0005081410054117
A0A0B4KEP9_Q26263,0.60149,0.013034,0.017076,0.08937082439661026,0.003072285093367,0.0022106531541794
Q7JVI3_B7YZF0,0.0021822,0.012998,0.016327,0.0346689447760582,0.0011685309000313,0.0010666999733075
Q9VSE9_Q7KSP5,0.002334,0.012987,0.016732,0.2529694437980652,0.0009606946841813,0.6714238524436951
Q9VK43_O76927,0.0021794,0.012945,0.01589,0.18723033368587494,0.0030908819753676,0.0637325495481491
Q9VK43_P48588,0.0021736,0.01295,0.015936,0.11046426743268967,0.0028905882500112,0.0146815376356244
Q9VB23_E1JH43,0.0021745,0.013141,0.015885,0.040234360843896866,0.0007466964889317,0.0015583966160193
Q9VRX1_Q9VVH8,0.0022448,0.013099,0.015929,0.17531824111938477,0.0036329098511487,0.000219285589992
P02299_Q9V535,0.0023683,0.012998,0.017854,0.0114911999553442,0.9986754059791564,0.0001197447490994
Q9VBC5_Q8IRY7,0.002202,0.012956,0.015909,0.12776021659374237,0.0008561690337955,0.9503874182701112
O77237_Q8IMM9,0.0021894,0.012921,0.016075,0.040998343378305435,0.0023715430870652,0.0002993399684783
P49028_Q9W3W8,0.0021887,0.012916,0.015902,0.06158462166786194,0.0098716635257005,0.0224915463477373
Q9V4S8_P50534,0.002182,0.012931,0.015901,0.2782008647918701,0.0006191115826368,0.0019467070233076
Q9VTW3_Q7KSQ2,0.087731,0.013092,0.016758,0.011009401641786098,0.0125540615990757,0.0004409117100294
Q9V431_Q9VJ12,0.0052792,0.013045,0.018068,0.09210367500782013,0.992149829864502,0.0132713578641414
Q24008_Q23973,0.0058606,0.012935,0.016051,0.39833372831344604,0.044271171092987,0.0004766269412357
Q0KI69_P36241,0.0021755,0.012983,0.015926,0.24146577715873718,0.0011638019932433,0.0008146980544552
Q7KRY6_Q9VAF2,0.0035141,0.012936,0.017071,0.4278605282306671,0.0809335708618164,0.0011544559383764
Q45VV3_B7YZF0,0.0022219,0.012956,0.018255,0.23828727006912231,0.0373355187475681,0.001974725164473
E3CTS5_Q9VLK1,0.0021793,0.012915,0.015885,0.011016396805644035,0.0190749783068895,0.0002417791838524
Q9W0B3_Q9W3Z4,0.0021835,0.012943,0.015881,0.005964234005659819,0.0137964095920324,0.0001948346907738
Q9W2K0_Q03334,0.0021758,0.012914,0.015895,0.019992981106042862,0.0018587702652439,0.0001305901096202
Q9VXZ0_Q9W1U6,0.0022262,0.012966,0.015933,0.015365398488938808,0.001675232546404,0.0093757314607501
Q8IR14_X2JEH3,0.0022257,0.013179,0.015998,0.15911613404750824,0.0007069079438224,0.0808065384626388
Q8MRQ1_Q7YU24,0.0042359,0.012982,0.015944,0.37669339776039124,0.0092505114153027,0.0040139365009963
Q9VHE3_P35220,0.0032113,0.012984,0.015892,0.011373326182365417,0.0268301609903574,0.0178772993385791
Q9V629_P91943,0.0022484,0.012936,0.015997,0.10946114361286163,0.0023942193947732,0.0047381315380334
Q9VUI0_Q9W0G1,0.014246,0.012965,0.016069,0.1869329810142517,0.0027739503420889,0.0045292726717889
Q9XZ58_O61602,0.0021871,0.012923,0.015894,0.02729813940823078,0.0026562244165688,0.0046259290538728
Q9VTZ7_C6SV45,0.0022016,0.012963,0.015912,0.2031676024198532,0.001311894506216,0.0010424788342788
Q9VRN6_P26017,0.0021791,0.012954,0.015999,0.007892129942774773,0.0033894563093781,0.0005980694550089
Q9VUI0_Q9V4Q8,0.0021963,0.012925,0.016037,0.08044439554214478,0.0022957667242735,0.0005024573765695
Q24297_Q8SY34,0.0022052,0.013107,0.016058,0.16486021876335144,0.0004967220593243,0.01478071231395
P08181_P49258,0.0023141,0.014515,0.01732,0.20362158119678497,0.001326969708316,0.3143640160560608
Q9V3H2_Q9VWZ1,0.0024721,0.013041,0.016478,0.027908576652407646,0.0005789510905742,0.3155624866485595
Q9VM20_P10987,0.0022868,0.015929,0.01635,0.15846334397792816,0.0004068317066412,0.4304068088531494
Q9VKK9_Q9VFB9,0.0024108,0.013003,0.016161,0.25710949301719666,0.0018859261181205,0.0024625724181532
P16371_Q01068,0.017079,0.01346,0.015924,0.056878939270973206,0.0122440997511148,0.0016514324815943
Q00805_Q8IN63,0.0022277,0.013098,0.015905,0.21658940613269806,0.0016122998204082,0.0018367803422734
Q7KN62_A8JUS8,0.0021914,0.012967,0.016325,0.026064956560730934,0.0256049539893865,0.8184586763381958
Q9XZT1_Q9VVA7,0.0021912,0.012952,0.015893,0.10455890744924545,0.0002236331056337,0.7366116046905518
Q9VIF5_P16914,0.0022831,0.012973,0.015951,0.043259065598249435,0.1950877010822296,0.000475239183288
Q9VVA7_Q24562,0.0023007,0.012952,0.015919,0.030519165098667145,0.000284654146526,0.0003573134890757
P40688_Q9W2A5,0.0050236,0.013022,0.016938,0.395563006401062,0.0172785520553588,0.0007393506239168
Q9VWI4_Q9W148,0.19005,0.012989,0.016085,0.008227384649217129,0.0010180546669289,0.001332392450422
M9PHL2_Q9W3E7,0.017283,0.012949,0.01622,0.012699651531875134,0.000953842070885,0.0067556165158748
Q9V3C7_Q9VIE6,0.022919,0.012941,0.033274,0.4201568365097046,0.997808277606964,0.0105771282687783
C0HKA0_Q9VN50,0.0021772,0.012929,0.01592,0.04420609027147293,0.0002588140487205,0.0013986754929646
Q0E8K5_Q9W5B9,0.0021695,0.012956,0.015907,0.13232578337192535,0.0012752071488648,0.0058463066816329
P16378_P05709,0.0026223,0.013166,0.016132,0.4114355146884918,0.0005770466523244,0.0004566444840747
Q9V535_Q8MS69,0.0021862,0.012926,0.015959,0.2589537799358368,0.9986752867698668,0.0295953024178743
Q9VN10_Q9VBP9,0.0022219,0.012944,0.01668,0.16003172099590302,0.0050692725926637,0.9657855033874512
A1ZAW9_P24350,0.0021944,0.013068,0.0159,0.10269273817539215,0.0026498904917389,0.0004563124384731
Q94527_Q9W125,0.0022336,0.012961,0.016005,0.10004186630249023,0.008288387209177,0.0008484137943014
Q9VGU4_Q9VZF2,0.0021782,0.013215,0.015944,0.17616425454616547,0.0005980417481623,0.1420404464006424
Q9VEG5_Q7JWD6,0.006151,0.013023,0.016181,0.16834329068660736,0.004890561569482,0.0016586311394348
Q86BS3_Q8IN63,0.008378,0.013791,0.015929,0.01381548959761858,0.0089476443827152,0.4791699647903442
Q9VZJ3_Q9VVB6,0.0038409,0.012973,0.015996,0.007003075443208218,0.0008241184405051,0.0018215645104646
B6VQA0_P22816,0.002672,0.012991,0.015987,0.5086874961853027,0.0009524317574687,0.0226158685982227
P21461_Q9W483,0.0021892,0.013079,0.016051,0.04629310965538025,0.0007061148644424,0.0678223296999931
P19889_Q9VV74,0.0022541,0.012943,0.015955,0.06810397654771805,0.0124418120831251,0.1803381294012069
P80455_Q9VSB6,0.0022696,0.013045,0.015889,0.46487849950790405,0.0004144326085224,0.0527573265135288
Q9VKW3_O15945,0.0022921,0.013075,0.015961,0.03675894811749458,0.0002161028678528,0.0021675257012248
Q9VUB8_Q9VTC4,0.0021888,0.012947,0.015899,0.019984465092420578,0.0017549993935972,0.000187523648492
A0A0B4LHU7_Q7KLV9,0.0022318,0.013069,0.01639,0.02871939167380333,0.0053020706400275,0.0008684996864758
Q9W3Z4_Q9VQF9,0.074214,0.080289,0.015916,0.406736820936203,0.0246504060924053,0.7470259666442871
P22464_Q9VJD4,0.0021764,0.013031,0.015882,0.3594701290130615,0.0290881786495447,0.0309097226709127
P23757_Q9VUX7,0.4246,0.0145,0.016001,0.056412845849990845,0.0015117552829906,0.0015109789092093
Q02637_M9PBY4,0.002242,0.012936,0.015889,0.17454415559768677,0.0044927480630576,0.0004057578917127
Q8IML3_Q9VVH8,0.0053131,0.013055,0.015917,0.38315728306770325,0.0003477336431387,0.8523896932601929
P18931_Q24152,0.0021803,0.012952,0.015941,0.007133799605071545,0.0004491184663493,0.0028239390812814
P19018_A1Z9I5,0.064638,0.012997,0.01627,0.3169142007827759,0.0010824816999956,0.0042409221641719
P49258_Q8INQ9,0.002188,0.013039,0.015996,0.27484363317489624,0.0072430595755577,0.013743657618761
P98149_A8DYC9,0.0022674,0.012945,0.015999,0.28103071451187134,0.0248675420880317,0.0013850709656253
P23573_Q9Y106,0.0021754,0.012973,0.016507,0.21741576492786407,0.000687051564455,0.0005889550084248
P22265_P29555,0.41453,0.013071,0.016538,0.11335887014865875,0.9631328582763672,0.0412519164383411
Q9VKI2_P08646,0.0021863,0.013071,0.015927,0.19181789457798004,0.0009784856811165,0.0007114998297765
Q9Y0H4_D5SHR0,0.0022416,0.01295,0.016027,0.22832541167736053,0.0010217459639534,0.0036737185437232
Q7KS72_Q8T0G4,0.0026432,0.012962,0.016079,0.5633786916732788,0.0018996747676283,0.0009116386063396
Q24276_Q9Y0H4,0.0021907,0.012943,0.016018,0.06081969663500786,0.000395532028051,0.0003809763584285
O46308_Q9VLK1,0.0023012,0.012942,0.015956,0.363054484128952,0.0004472386790439,0.0501042157411575
Q9VUR3_Q9VT51,0.0022083,0.012945,0.016017,0.4543388783931732,0.0004502754600252,0.0458133332431316
Q7KM15_Q9W3N7,0.0023007,0.01295,0.015912,0.028494028374552727,0.0009015068644657,0.0007571031455881
P13098_Q9V444,0.0022883,0.013006,0.015935,0.22260326147079468,0.0003795712545979,0.0034024151973426
A1A6X4_A8JUS8,0.0021762,0.012945,0.015971,0.3646254539489746,0.0009674587054178,0.0016210628673434
Q9W2S2_M9PHN7,0.0030788,0.012972,0.015913,0.29446759819984436,0.0027639013715088,0.0040434449911117
Q8SWV6_P41093,0.0021844,0.012927,0.01592,0.028783399611711502,0.0024406767915934,0.0190211776643991
Q9VKW8_D5SHR0,0.0022474,0.01298,0.01593,0.05755480378866196,0.0003801287384703,0.1525278240442276
P15330_Q9W2K3,0.0044497,0.012923,0.016281,0.04287007451057434,0.9973177313804626,0.0227716900408267
Q9VGR1_P22812,0.0029816,0.013085,0.015928,0.384642630815506,0.0123970713466405,0.1751786470413208
Q9VJ33_P22711,0.0030199,0.013294,0.016037,0.012756628915667534,0.0018222435610368,0.001610804349184
P50887_Q9W115,0.0021811,0.01308,0.015919,0.11168822646141052,0.0008437985088676,0.002294159727171
E1JJE8_Q9VHM5,0.0042474,0.012998,0.016147,0.006649762392044067,0.0023103037383407,0.0093445079401135
Q9VPU9_P47825,0.037083,0.013,0.016169,0.502991795539856,0.0039679086767137,0.0196566451340913
Q9VEV9_Q9VA95,0.002216,0.012976,0.016221,0.030605899170041084,0.0010760879376903,0.0008487355080433
O44437_Q9VJI7,0.76919,0.92671,0.026641,0.3593215048313141,0.0079441284760832,0.0410279370844364
Q9VWI0_Q9I7H8,0.0021828,0.012949,0.015913,0.23356561362743378,0.0003680927911773,0.0006335276993922
A1ZAW5_Q9VVI3,0.0023334,0.012919,0.015972,0.6088513135910034,0.0004681528662331,0.9237876534461976
Q0KHZ6_P40793,0.0022522,0.013413,0.053449,0.018022246658802032,0.0002568650816101,0.0265521705150604
Q9VVP8_M9PBY4,0.0023553,0.01295,0.015923,0.015751231461763382,0.0114809991791844,0.0002793224703054
Q9VJY6_Q59DX6,0.0021915,0.01298,0.015881,0.02004479058086872,0.0002591048832982,0.930341899394989
A0A0B4KGY6_Q9VHK6,0.0021776,0.012991,0.015889,0.1208965852856636,0.0010870255064219,0.0259859208017587
Q9VH07_A1Z8I0,0.002184,0.012941,0.015895,0.013065889477729797,0.0003430765063967,0.0002674169954843
B7Z0R7_P92177,0.002295,0.014164,0.016043,0.1842556595802307,0.0074606467969715,0.000244521012064
Q86BB4_A1ZAW5,0.0022972,0.012995,0.015889,0.1341080218553543,0.0004159802629146,0.5442912578582764
Q9VVA7_Q9VTW5,0.0041637,0.012994,0.01609,0.15002796053886414,0.0015425854362547,0.0002433476911392
Q7KTX7_Q00805,0.0021895,0.013068,0.016123,0.0633297711610794,0.0026238169521093,0.0015022933948785
Q9VQY9_Q9VMV7,0.0022081,0.012958,0.015934,0.22415921092033386,0.0028743874281644,0.0197528600692749
Q9VZM7_P51140,0.0021843,0.013035,0.015942,0.43573471903800964,0.0008815893670544,0.6596351861953735
P42287_Q9VP65,0.0022011,0.012952,0.015897,0.11197084188461304,0.0002383868704782,0.0120233809575438
Q24117_Q9VTZ7,0.0021926,0.012928,0.015885,0.3678120970726013,0.0300178751349449,0.159291073679924
O97418_Q0E9B7,0.0022046,0.012939,0.016012,0.12283207476139069,0.0055889682844281,0.0005203235778026
P47948_M9PBY4,0.002259,0.01302,0.016249,0.1411728709936142,0.0066238371655344,0.0052192192524671
A1Z9I5_Q9VMH2,0.0022035,0.012952,0.015915,0.02675710991024971,0.0011899785604327,0.0008346416288986
Q4V5L1_Q7KVG9,0.0022053,0.012924,0.015941,0.6228586435317993,0.0097825089469552,0.0110726403072476
O18333_Q9W279,0.0021992,0.013169,0.015923,0.37184685468673706,0.0022722440771758,0.1479036659002304
Q6NN40_Q8IH18,0.0022524,0.012942,0.016465,0.017636092379689217,0.0007334637921303,0.969755470752716
Q8SXU3_A1A6X4,0.0022141,0.012981,0.01603,0.12283637374639511,0.000721376738511,0.0735858976840972
Q9VQ91_Q8T3U2,0.0022046,0.014516,0.01591,0.03668052703142166,0.0003215131582692,0.0010094479657709
P10627_P83949,0.0056526,0.013,0.016019,0.33083587884902954,0.0023175228852778,0.811070442199707
Q9VJD2_Q9VM46,0.0022228,0.012919,0.015897,0.05603114888072014,0.0002815362240653,0.0010000079637393
P16378_B7YZE6,0.0021894,0.013575,0.01641,0.23687294125556946,0.0018703617388382,0.0029561889823526
Q95RV2_Q9VR09,0.002183,0.012928,0.015941,0.15460248291492462,0.0156532861292362,0.2404404580593109
Q9VPY0_Q9VAC4,0.0021766,0.01293,0.015923,0.04702422022819519,0.0018387597519904,0.0002727325190789
Q9VLP3_Q9W4B3,0.0022056,0.012926,0.015967,0.10981527715921402,0.0114208795130252,0.0094564482569694
Q9Y0S9_P40301,0.0021786,0.012951,0.015894,0.10927657783031464,0.000357257813448,0.0004812543920706
P36179_Q9VAC8,0.0021869,0.014368,0.015966,0.3006063401699066,0.0144582437351346,0.004359969869256
Q9NHB0_Q95RV3,0.0021854,0.012912,0.0159,0.04949849843978882,0.0008022441761568,0.0003079394227825
Q7JYX5_O18334,0.0022967,0.013014,0.015909,0.4577862620353699,0.0003983568167313,0.0005755287129431
Q9VRX1_Q9VES8,0.0021751,0.01298,0.015928,0.04277804493904114,0.0008369460119865,0.005007529631257
Q26263_Q9V457,0.13076,0.012987,0.016419,0.006371103692799807,0.0064877630211412,0.00884042493999
Q9VQY9_Q9VV74,0.0021912,0.012917,0.015921,0.09946475178003311,0.0009543047635816,0.0003593508445192
Q8T965_P41126,0.0021801,0.012935,0.015911,0.05329179763793945,0.0040400186553597,0.9785433411598206
P50887_Q9V535,0.0021892,0.012945,0.015916,0.299694687128067,0.0063412617892026,0.0006009454955346
Q9VVP8_Q9V3C7,0.0027658,0.012949,0.015991,0.3960805833339691,0.0018474286189302,0.015113117173314
Q9VT57_Q9VPH8,0.0047119,0.013017,0.018486,0.14396575093269348,0.985046088695526,0.0148963620886206
Q9VIT3_Q9VIE6,0.032504,0.012944,0.016274,0.4970414340496063,0.9975086450576782,0.0010525996331125
Q9VNE4_Q9VR58,0.022109,0.013344,0.01592,0.048994213342666626,0.2758527398109436,0.0011930639157071
A0A0B4LHU7_Q01068,0.0064872,0.013027,0.015907,0.1372949779033661,0.0175275634974241,0.0035757718142122
P13677_Q9VSY9,0.0023198,0.012998,0.016679,0.04527970775961876,0.0118402764201164,0.0028431287501007
Q9W3E7_Q9VQR2,0.0021999,0.012912,0.015906,0.16888245940208435,0.0006305201095528,0.0269837975502014
Q9VJD2_Q95RV3,0.0021764,0.012918,0.015881,0.2319583147764206,0.0050562573596835,0.0013612838229164
Q9VVY4_Q9XZT1,0.0021744,0.012931,0.015909,0.36436060070991516,0.0008597136475145,0.4691264629364013
Q9XZT6_Q7JNL9,0.0022141,0.012953,0.015949,0.3316064178943634,0.0017777644097805,0.1919834315776825
P22464_Q9VJ83,0.0022104,0.012943,0.015888,0.20548589527606964,0.0003994879662059,0.0008013635524548
Q9V464_Q9VVW2,0.0022068,0.012983,0.015951,0.1670244187116623,0.0020044911652803,0.0006585386581718
Q9VVJ6_P29503,0.0021949,0.01306,0.015926,0.04307480901479721,0.0029283449985086,0.0010601266985759
Q9VJM2_Q95U62,0.0022097,0.012934,0.015901,0.005264439154416323,0.0006252629682421,0.0005237392615526
Q9VAC8_A1Z9I5,0.96672,0.94115,0.015938,0.12335564196109772,0.0094744432717561,0.0010317236883565
P82804_P19018,0.0022019,0.012971,0.01641,0.14150899648666382,0.0055446163751184,0.0405814982950687
Q9W087_Q9NJG9,0.0021738,0.012972,0.01589,0.2676582932472229,0.0003198875056114,0.0006637625047005
Q24106_P08646,0.0021841,0.013049,0.016087,0.31287795305252075,0.0011678849114105,0.0060065444558858
P06754_Q8SYK5,0.94057,0.68927,0.016101,0.2965860962867737,0.0130715360864996,0.0067577348090708
Q95RR8_Q9VNE1,0.0021874,0.012936,0.015942,0.143018901348114,0.0094003705307841,0.0032876906916499
P40793_Q9VJI7,0.0024573,0.013033,0.015881,0.35699066519737244,0.0002404717815807,0.0107108326628804
Q9W074_Q9VUR1,0.0021746,0.012929,0.015942,0.24155138432979584,0.0008381494553759,0.0064739705994725
Q9VS55_P48607,0.0022185,0.012954,0.015948,0.08807341754436493,0.0012238339986652,0.1649739444255828
Q24338_C5WLN8,0.0022332,0.012954,0.029482,0.2375953495502472,0.0018980860477313,0.0025833703111857
Q24008_P55841,0.0021855,0.012948,0.015992,0.32497498393058777,0.0004226684104651,0.7842609286308289
P48462_Q7JYH3,0.0022013,0.013006,0.015876,0.26900526881217957,0.0003796859527938,0.0021627941168844
Q9VHA9_Q9VHE5,0.0021922,0.012969,0.020628,0.04689957946538925,0.0004936042823828,0.0029916085768491
Q9VKV6_Q8IMX1,0.0021863,0.012953,0.01605,0.25290992856025696,0.0194700304418802,0.9151897430419922
Q9VK46_Q9W3Q0,0.0022112,0.013005,0.019001,0.027838408946990967,0.0003743365814443,0.0012919612927362
Q9U1K1_P20240,0.59242,0.013047,0.016004,0.009829661808907986,0.0011746096424758,0.0044989949092268
O15945_P05205,0.0022142,0.012968,0.015975,0.026523185893893242,0.0004323740140534,0.0025761153083294
Q9VVU2_Q8IHA6,0.0021725,0.012937,0.015915,0.3962462544441223,0.0008111657225526,0.0019278757972642
Q9VAQ8_A1ZAC4,0.0021841,0.012924,0.015924,0.705640971660614,0.0008376177283935,0.0056527075357735
Q9VE52_Q9VZU2,0.002177,0.013079,0.01595,0.25519612431526184,0.0002765504759736,0.0405185259878635
Q8MSY4_Q01645,0.0021678,0.012927,0.015881,0.2703411281108856,0.0005843947292305,0.0025241984985768
Q24008_Q961D1,0.08378,0.012937,0.016607,0.31935790181159973,0.0102194529026746,0.0250299368053674
Q7KY08_Q24040,0.0022011,0.012934,0.015946,0.24819400906562805,0.0038928491994738,0.0133031802251935
B6VQA0_Q9VKF0,0.0022086,0.012928,0.015993,0.42892342805862427,0.0046650827862322,0.1342860460281372
C0HKA0_Q9V3E9,0.0021731,0.013058,0.015909,0.08478866517543793,0.0070489780046045,0.0011679956223815
Q9VZ01_Q24186,0.0022089,0.012928,0.016163,0.09969820082187653,0.9830779433250428,0.0013532739831134
P09077_P20227,0.46974,0.013259,0.016317,0.1335679441690445,0.0049845417961478,0.842133641242981
Q4V5L1_A1ZAC4,0.0023481,0.012934,0.015967,0.3160342574119568,0.9901940226554872,0.000476025568787
Q9VSJ8_Q9VSB6,0.0021743,0.012959,0.015905,0.16534486413002014,0.0016089695272967,0.0068004233762621
Q05201_Q8MUJ1,0.0021888,0.012954,0.015985,0.21103297173976898,0.0006507039070129,0.2933300137519836
Q9VEC5_Q9W1U6,0.0021662,0.012977,0.015924,0.23801185190677643,0.0006534483400173,0.000699482159689
Q9VJM1_Q24570,0.0022231,0.012997,0.015857,0.08951983600854874,0.0005644005723297,0.6272999048233032
Q9VNB5_Q05825,0.002203,0.012971,0.015921,0.12477334588766098,0.0002214497362729,0.050409972667694
E1JIM1_P52168,0.059847,0.013088,0.016293,0.0862659141421318,0.9681066274642944,0.0006135607836768
Q9VF73_Q24171,0.41468,0.38029,0.016103,0.07504310458898544,0.9971646666526794,0.0005955353262834
P13060_M9PBY4,0.0021837,0.012928,0.015914,0.19391204416751862,0.0133393174037337,0.0109018189832568
P52304_O61602,0.0022589,0.012987,0.01624,0.19771774113178253,0.0072060413658618,0.0405122302472591
Q9VZM7_P98149,0.0094503,0.013032,0.01611,0.061887793242931366,0.0513514503836631,0.2471795082092285
Q7JXC4_Q27324,0.0022979,0.014977,0.016973,0.5278984904289246,0.0003854139940813,0.0008317761821672
Q9W236_P52485,0.0021774,0.012947,0.015894,0.3459196388721466,0.00028889963869,0.1169031336903572
Q8IQ53_Q9VA91,0.002189,0.012948,0.015883,0.0816841572523117,0.0002744643425103,0.0011783902300521
P08970_Q9VUI0,0.0042279,0.012965,0.016405,0.23438403010368347,0.9965644478797911,0.0018179968465119
Q9VCR6_Q7JVI3,0.0021829,0.013022,0.016009,0.3056402802467346,0.0044649960473179,0.4531377851963043
Q9V8I2_Q24171,0.0021854,0.012932,0.015893,0.24712447822093964,0.000494017091114,0.7199928760528564
Q9VBU9_P02283,0.0022412,0.012968,0.015968,0.15487419068813324,0.0003991059784311,0.0016447931993752
O46037_Q86P80,0.0021811,0.012957,0.016044,0.08772476017475128,0.020931914448738,0.9671105742454528
Q9VHM5_Q9W334,0.0021728,0.012966,0.015874,0.11516837030649185,0.0004420848272275,0.0600211098790168
Q9V3I9_Q9VA51,0.0030816,0.01294,0.015958,0.011672566644847393,0.0387976765632629,0.0010389115195721
O96863_P02844,0.0021954,0.012916,0.015914,0.023707304149866104,0.0004090255242772,0.1268064677715301
Q9W3Z4_P14785,0.011645,0.012984,0.015918,0.13245868682861328,0.0105054108425974,0.2528456747531891
P06602_Q8IPC3,0.0021979,0.01294,0.015917,0.009370777755975723,0.0024891092907637,0.1861903816461563
Q9VPY0_Q9W0I6,0.0021974,0.012923,0.016007,0.046437427401542664,0.0013526948168873,0.0023342417553067
Q9W1E5_Q9W0I7,0.0021977,0.01291,0.015892,0.4652806520462036,0.001001852680929,0.0005222641630098
Q9VD72_Q9VVA7,0.0022378,0.013005,0.015881,0.28538623452186584,0.0002574972168076,0.8405159711837769
M9PGR0_Q95SG9,0.0021752,0.012928,0.015904,0.2936243712902069,0.0016634942730888,0.0071047316305339
E3CTS5_Q9VKW8,0.0022546,0.012961,0.015887,0.5409683585166931,0.0003090623649768,0.0691794529557228
P40427_Q24547,0.002298,0.012982,0.015921,0.12758998572826385,0.0096137011423707,0.0360823571681976
Q9V629_Q9VHV8,0.0021896,0.012941,0.015948,0.07751292735338211,0.0020147303584963,0.0295372381806373
Q9VSY9_P12881,0.0021762,0.012936,0.015879,0.1196785718202591,0.0003814644005615,0.0043794037774205
P22464_P40301,0.0021729,0.01294,0.015898,0.007989544421434402,0.0006310660392045,0.9469096064567566
Q9VX94_Q9VWG3,0.0025667,0.01294,0.015979,0.1950937658548355,0.0004284752649255,0.9879531860351562
Q27889_Q7KJ69,0.0021767,0.013086,0.015908,0.027024324983358383,0.0033685551024973,0.0003259528020862
Q7KS77_Q9VYX1,0.0021968,0.012955,0.015892,0.15012313425540924,0.0016102422960102,0.0009360919357277
Q9NHB0_Q9VYX7,0.0022194,0.029033,0.17089,0.013898574747145176,0.9973214268684388,0.0014480587560683
Q9W4R3_P20227,0.0022177,0.013058,0.016006,0.23302310705184937,0.0019882046617567,0.0027669470291584
Q9VBC5_Q95TS5,0.0022145,0.013011,0.015956,0.05300043523311615,0.0005209781811572,0.0088602714240551
O16867_A0A0B4JCT9,0.55641,0.013007,0.016182,0.04587361216545105,0.0128520978614687,0.0008415473857894
O02002_Q7K105,0.0021847,0.012954,0.016018,0.1565207988023758,0.9972963929176332,0.0028884175699204
Q9W1Y1_Q27934,0.0021765,0.012918,0.01588,0.03888251632452011,0.0006082275067456,0.7964931130409241
Q9XZS4_Q9VA95,0.0022246,0.013046,0.015911,0.20294253528118134,0.0002946518943645,0.0020550575572997
P12881_R9PY49,0.0022796,0.012936,0.015888,0.01588345505297184,0.0003740326501429,0.0014928807504475
Q9VL21_Q9VNE1,0.0022087,0.012995,0.015933,0.06489234417676926,0.0004444299265742,0.001946200383827
Q9W2A5_Q9W140,0.0023611,0.013073,0.017003,0.07525285333395004,0.131031185388565,0.0034301795531064
M9NF10_Q7KRI2,0.0021823,0.012936,0.015929,0.0552390031516552,0.9969289898872375,0.2784047424793243
Q9W102_Q95028,0.0022394,0.01304,0.015922,0.06866693496704102,0.0002421173849143,0.0188920907676219
P23128_P29555,0.0024016,0.013004,0.016141,0.0048029739409685135,0.0003863286692649,0.013523087836802
P48598_Q9NFZ3,0.0022043,0.01302,0.016017,0.08734763413667679,0.0033863794524222,0.0006300875684246
Q9VVJ6_C5WLN8,0.0021991,0.012954,0.01587,0.13709719479084015,0.0004298183193895,0.9850938320159912
P41042_Q9V3B4,0.0022339,0.012922,0.015902,0.044737476855516434,0.0002483354473952,0.7176055908203125
Q9VGC1_Q9VRT7,0.0022404,0.013323,0.015908,0.2722890079021454,0.0002968084882013,0.0004158726078458
Q9VQK1_P20153,0.0032808,0.013035,0.015937,0.2312663495540619,0.0559342689812183,0.0002622498141136
Q95SJ2_Q8SWV6,0.0022091,0.013378,0.015889,0.08476562052965164,0.0009583799401298,0.0006093357224017
Q9VUY2_Q7JYX5,0.0021968,0.012936,0.015913,0.0766150951385498,0.0005692917038686,0.006100776605308
Q9VS34_Q02936,0.0022156,0.01291,0.015889,0.0515575148165226,0.0002539681736379,0.1025375649333
Q9VXZ0_Q8T403,0.0023618,0.012976,0.015902,0.10929270833730698,0.0005987158510833,0.0045209894888103
Q9VCG6_Q9VV73,0.0021833,0.012934,0.015988,0.41808903217315674,0.0172179471701383,0.0004702702281065
P22979_P21461,0.0021995,0.012971,0.015912,0.030168024823069572,0.0008154879906214,0.0002266847295686
Q95RV2_Q9Y0I1,0.0021969,0.012935,0.016611,0.032754454761743546,0.0132668940350413,0.0024088737554848
E3CTS5_Q9VXK7,0.0022557,0.012943,0.015935,0.2050081342458725,0.0003055146080441,0.9765324592590332
Q9VHB6_Q9VS05,0.0021734,0.012974,0.015914,0.026137052103877068,0.0042398232035338,0.1732389479875564
Q9VUK7_Q9VNE1,0.0022729,0.012925,0.015879,0.18168170750141144,0.0221701767295599,0.0572259053587913
P45975_P08646,0.0034245,0.013344,0.016427,0.18440154194831848,0.0006075256387703,0.9472649693489076
Q7K105_P18929,0.0022222,0.012945,0.015863,0.10971087962388992,0.0004060358915012,0.961654543876648
Q9VHD2_Q9VES8,0.0021944,0.012984,0.015901,0.028790945187211037,0.0024743669200688,0.0147649440914392
Q9V452_P11420,0.0030146,0.012966,0.016169,0.16464990377426147,0.001345966826193,0.017362430691719
P13008_Q9VWI4,0.0022614,0.012934,0.2014,0.056737061589956284,0.0004280713328626,0.00085279205814
Q9VBN5_Q9VPE2,0.0021946,0.013019,0.015952,0.2612742483615875,0.0008919183746911,0.4974636435508728
Q9VGU4_Q06559,0.002209,0.012983,0.015904,0.07896436750888824,0.0004739667638204,0.0029652286320924
P06602_Q9VUG4,0.002547,0.012951,0.01591,0.10915122926235199,0.0015691083390265,0.0088223181664943
E3CTS5_Q8INQ9,0.002239,0.012984,0.015867,0.274482399225235,0.0078595764935016,0.0045172506943345
Q9V452_Q7K1Y4,0.0022009,0.013127,0.015938,0.0500846691429615,0.000899878446944,0.0003751461044885
Q9VU85_P25991,0.0135,0.013545,0.01615,0.3947896957397461,0.0043446482159197,0.0018460601568222
Q8SWV6_M9NF10,0.0021775,0.013092,0.015914,0.4191039502620697,0.000472797837574,0.6267738938331604
Q7K3V6_Q9VVJ6,0.0022111,0.093037,0.13179,0.03470843657851219,0.000228082659305,0.0393052250146865
P13098_Q7JXB9,0.0021779,0.01294,0.015921,0.10307305306196213,0.0002541575813665,0.1110155656933784
Q9VEQ1_Q9W1Y1,0.0021785,0.013046,0.015931,0.1577756404876709,0.0101669458672404,0.0002835027989931
P52656_P36188,0.0021709,0.012932,0.015916,0.134761244058609,0.0005520530976355,0.01755166426301
P39018_Q9VES8,0.0021905,0.012921,0.015919,0.10671893507242203,0.0017303159693256,0.0054820398800075
Q9VJ83_Q9VQK1,0.0024875,0.013061,0.015959,0.002805835334584117,0.0012292459141463,0.1719897836446762
Q24180_Q9V9N4,0.0027436,0.012989,0.016396,0.017885664477944374,0.0122974263504147,0.001315159141086
Q9VES8_Q9XYU0,0.0021916,0.012952,0.015939,0.5053004026412964,0.000853611563798,0.001492676557973
Q7KN94_Q24008,0.0021986,0.012988,0.015903,0.0959426537156105,0.0002508804318495,0.2274081408977508
Q9VVP8_Q9W0A8,0.0021769,0.013132,0.015914,0.03022928722202778,0.0007576690404675,0.0011696423171088
P11147_Q24423,0.0021724,0.013156,0.01594,0.08877553045749664,0.0135829281061887,0.0096167204901576
A0A0B7P9G0_O46037,0.0021752,0.012946,0.015967,0.013493826612830162,0.0004162529367022,0.0025996281765401
Q9XYU1_P10084,0.0024805,0.013038,0.015952,0.4302251935005188,0.0009420886053703,0.0005702749476768
Q9VEN2_P11147,0.0021696,0.01298,0.016852,0.009755617007613182,0.0084401220083236,0.0082339402288198
B7Z0R7_Q9VEX5,0.0027351,0.013014,0.015947,0.3394409418106079,0.0102967098355293,0.0037252779584378
Q9V452_Q9V637,0.0021746,0.012948,0.6415,0.0297029260545969,0.0006328415474854,0.0018810726469382
P05205_Q9VEF0,0.0021735,0.012934,0.016269,0.046452224254608154,0.0045569511130452,0.0017939421813935
Q8IH18_Q24152,0.0021648,0.01293,0.015878,0.13450321555137634,0.0079017877578735,0.0011411638697609
Q7JXV9_Q9V4Q8,0.0021759,0.012922,0.015885,0.32437506318092346,0.0009424902382306,0.2238198816776275
Q7KRW1_Q9VTW3,0.0023084,0.013036,0.025601,0.6519827246665955,0.0006781116244383,0.0012548154918476
P52486_P20350,0.0022282,0.013123,0.015877,0.2661600112915039,0.000534419727046,0.0147369541227817
Q9V3H2_A1ZBY3,0.0021944,0.013085,0.016077,0.492896169424057,0.0004189128521829,0.0008364476962015
Q7YU24_P02574,0.0022523,0.014214,0.016002,0.1037144884467125,0.0094783958047628,0.0009520148159936
Q9Y106_P10084,0.0022083,0.012946,0.015909,0.11128446459770203,0.0030866959132254,0.0049280701205134
Q9VCG6_Q9V461,0.0021993,0.012957,0.016043,0.3612326383590698,0.0036070272326469,0.0016173950862139
O16810_Q7K2Q8,0.0021866,0.012958,0.015905,0.4383973181247711,0.001309220213443,0.9060823917388916
P20350_Q9U1H9,0.0021751,0.012964,0.015912,0.05423321947455406,0.0019839534070342,0.0019404625054448
E1JIM1_P81900,0.002262,0.012947,0.015923,0.13743698596954346,0.001826908905059,0.2801809012889862
Q94524_Q9VG38,0.0021935,0.012919,0.015892,0.26131218671798706,0.0008717472665011,0.052694845944643
R9PY49_Q94524,0.0021822,0.012947,0.015884,0.1660681664943695,0.0207529235631227,0.0006198767805472
C0HKA0_Q9VT76,0.0021912,0.012974,0.015886,0.0014389826683327556,0.0002173598768422,0.0017654198454692
P49258_Q9VZ01,0.0022209,0.013305,0.01588,0.008772621862590313,0.0007324904436245,0.0013047608081251
Q9VGU4_Q8IPW3,0.0021928,0.012948,0.01594,0.07932642102241516,0.0005560308345593,0.0087577104568481
Q05547_Q9XZ61,0.0021697,0.012972,0.015906,0.012220335192978382,0.0006390732596628,0.0008138093398883
Q9VFE9_C7DZL4,0.0021776,0.012965,0.015895,0.006663203239440918,0.0003057334397453,0.0002533526567276
Q94513_A8JR10,0.0024007,0.012933,0.016024,0.09738356620073318,0.0045587550848722,0.239195629954338
P12881_Q9VAF2,0.0022048,0.012924,0.015891,0.07309737801551819,0.0003476848651189,0.9024189114570618
Q24246_Q24564,0.002615,0.013341,0.016239,0.306866317987442,0.0005431325407698,0.0040280865505337
Q7KMS3_Q9VAQ8,0.0021891,0.012933,0.015953,0.1601126790046692,0.000344839238096,0.0051906779408454
O97418_Q9VI13,0.0021794,0.012943,0.015934,0.2643163204193115,0.0036828645970672,0.0055639380589127
Q8ML92_P16241,0.0022675,0.012976,0.016035,0.7931731343269348,0.9952099919319152,0.0006686460110358
Q9VC66_P10734,0.0032163,0.013668,0.015941,0.4183880388736725,0.0285935420542955,0.0185433868318796
P18930_P50887,0.0022429,0.013024,0.01593,0.3998565375804901,0.0002229320671176,0.079211488366127
Q9VIY3_Q7KRY6,0.00223,0.012928,0.015931,0.22943179309368134,0.0053865211084485,0.0016889160033315
P06603_Q9VIP1,0.0021802,0.012959,0.13063,0.00993013009428978,0.0004892576835118,0.0004960307269357
Q95SJ2_O76924,0.0021821,0.012945,0.015921,0.5582609176635742,0.0003928903315681,0.0059772920794785
Q9V3V9_Q9VVX0,0.0021818,0.012911,0.015889,0.05878549814224243,0.001348967780359,0.000534517050255
Q9VWD5_Q94545,0.0022081,0.012957,0.015996,0.25676995515823364,0.905804455280304,0.0003234620671719
Q8T4F2_P20009,0.0022245,0.012983,0.015921,0.2955348491668701,0.002403270220384,0.015977157279849
P46223_Q9VPD2,0.0021916,0.013107,0.016428,0.09495574980974197,0.0007732850499451,0.0140996733680367
A1ZAK9_Q962S2,0.0022126,0.012994,0.015901,0.05643712729215622,0.0020452421158552,0.0008525613229721
A1ZB42_P07909,0.0022292,0.012946,0.015899,0.06871061772108078,0.0088235065340995,0.983549952507019
Q9W2K0_Q8SYU5,0.0022305,0.012926,0.015952,0.011217745020985603,0.0017810523277148,0.0010690882336348
Q24180_Q9W0A8,0.0021849,0.012983,0.016111,0.3635769784450531,0.0005219277227297,0.0083763962611556
Q9VAC4_Q7KA43,0.0022355,0.013036,0.015855,0.07580163329839706,0.0002597410057205,0.0038089207373559
P41094_P02299,0.017103,0.014419,0.073722,0.25176215171813965,0.0007746225455775,0.0224890857934951
Q24472_A1ZAK9,0.0021697,0.012944,0.015932,0.36285829544067383,0.9986686706542968,0.0014655705308541
Q9W5N2_A8JNK7,0.0022147,0.012927,0.016589,0.017497003078460693,0.0010574527550488,0.0005595682305283
M9PF96_Q27297,0.0022576,0.013655,0.016014,0.19957327842712402,0.0006147097446955,0.0055357366800308
Q9VUB8_Q9VEA2,0.0022345,0.013007,0.016179,0.09174522012472153,0.1633486896753311,0.0002724799269344
Q9VWA6_Q9VL21,0.0026085,0.013066,0.015991,0.33275821805000305,0.0540268085896968,0.0002365633117733
Q9VX24_Q9XYU0,0.0022958,0.012983,0.016574,0.056162264198064804,0.0003171121934428,0.0205685552209615
Q9VV44_P16378,0.0021839,0.013086,0.01592,0.6408888697624207,0.000853385485243,0.0009895925177261
Q8SZ16_Q9VCZ7,0.0022254,0.012944,0.015891,0.40155908465385437,0.0003750179021153,0.0004892143188044
E1JGN7_Q9VJ83,0.0033003,0.012984,0.015927,0.12184339761734009,0.0005490820622071,0.0009619458578526
P22979_Q9VEN2,0.0022027,0.012939,0.015907,0.06885205209255219,0.0035236927215009,0.0001509444700786
Q9VIY3_Q8T403,0.0022197,0.012924,0.015854,0.023093093186616898,0.0016212959308177,0.0447662808001041
Q9W074_Q9XZ61,0.002173,0.012927,0.015913,0.03900006413459778,0.0005578055861406,0.0240742471069097
A1ZAZ6_Q8INQ9,0.0021846,0.012978,0.015878,0.0028349021449685097,0.0030113209504634,0.0005660272436216
Q24168_Q9VIE6,0.29417,0.012997,0.062634,0.1763143539428711,0.4401796758174896,0.0126020843163132
Q9VJY9_Q9VXS3,0.0026315,0.012931,0.01596,0.22047676146030426,0.9977403879165648,0.9656458497047424
Q8IPW3_P40797,0.0024687,0.013132,0.015903,0.15453079342842102,0.0026957530062645,0.0027652173303067
Q9VHN1_Q2PE14,0.0021672,0.01293,0.015894,0.08243448287248611,0.995448648929596,0.9786487221717834
Q7KSP5_O97418,0.0021877,0.012945,0.015979,0.12970228493213654,0.0006118943565525,0.0008955720695666
Q94535_Q9VEF0,0.0022103,0.012949,0.016059,0.3831293284893036,0.0015050447545945,0.001061714021489
Q9W218_Q7K2L1,0.0021978,0.012966,0.01594,0.34641018509864807,0.000462734082248,0.0027429030742496
Q9VXK7_Q9VNE4,0.0021756,0.012977,0.015899,0.3846343755722046,0.0005015064380131,0.8131260275840759
O61722_Q9VDE3,0.0021787,0.01306,0.016108,0.22255563735961914,0.0026790192350745,0.1795790046453476
Q9VMX3_Q9VIF5,0.0021841,0.012929,0.015928,0.08345779031515121,0.1158270686864852,0.0006655719480477
Q9VPT8_Q9VIP1,0.0021872,0.012987,0.037308,0.07358058542013168,0.0068658688105642,0.0005909739411436
Q9VWE8_Q9VMN6,0.0021818,0.013056,0.015932,0.405102401971817,0.0026646039914339,0.8938572406768799
O18413_Q9VKJ4,0.0021878,0.013054,0.015947,0.5121650099754333,0.0002765217504929,0.0536805987358093
Q9VH45_Q7JYH3,0.0022495,0.012931,0.015881,0.019601520150899887,0.0003583612851798,0.0059891263954341
Q24087_Q7KMG7,0.0021724,0.012936,0.015929,0.010783407837152481,0.997885525226593,0.0002148598723579
Q9NFU0_A1ZBK7,0.0021774,0.012966,0.015943,0.2015228122472763,0.0005199827137403,0.256770521402359
D8FT20_P36188,0.002205,0.013,0.063336,0.2988807260990143,0.0038556512445211,0.0002542448637541
Q9VCS1_O61722,0.0022045,0.012937,0.015906,0.010590226389467716,0.0004628516908269,0.0003463417524471
Q9VXP1_Q05652,0.0022239,0.01316,0.016606,0.20365622639656067,0.0015184676740318,0.0006773336208425
Q06453_Q8IML3,0.00221,0.012965,0.015997,0.004042761400341988,0.0003188829869031,0.0067284172400832
P81900_P42207,0.0022578,0.012973,0.015917,0.18764518201351166,0.0010076074395328,0.0046251080930233
P53034_Q9W0G1,0.0021865,0.012982,0.015916,0.15210404992103577,0.0003969557001255,0.0111814783886075
Q8SZX5_Q9VZU2,0.0021862,0.012983,0.015959,0.028705189004540443,0.0003537355805747,0.0020529071334749
Q9W2R4_O96881,0.0022005,0.012997,0.01591,0.004783137235790491,0.0095524722710251,0.1697512567043304
Q59DX6_Q9VA51,0.0021834,0.012961,0.015912,0.3350552022457123,0.0006884929025545,0.0005209600785747
Q9VZ01_Q05652,0.0022154,0.012972,0.016655,0.1685512363910675,0.0080708926543593,0.9199506044387816
Q9W0E9_Q9VT51,0.0022018,0.016012,0.016933,0.12853313982486725,0.0017396508483216,0.0009597172029316
Q01645_P43332,0.0074141,0.012942,0.01588,0.044952306896448135,0.0010055599268525,0.558241605758667
O96881_Q9VEQ1,0.0021767,0.013002,0.015915,0.18787194788455963,0.0038803808856755,0.0006127403466962
Q7JNL9_Q23973,0.011909,0.012939,0.01787,0.18183393776416779,0.0074094641022384,0.0937115475535392
Q27297_P10987,0.0025762,0.047533,0.016081,0.15007372200489044,0.0004903834196738,0.2889897227287292
Q9VF04_M9PGR0,0.0042482,0.012946,0.015918,0.07322928309440613,0.9985637068748474,0.3227072358131408
Q9V3G9_Q95TY2,0.0021813,0.012935,0.015909,0.6938793063163757,0.032952707260847,0.0015974986599758
Q9V637_Q9VSM9,0.014477,0.01294,0.015954,0.07134359329938889,0.0014909995952621,0.1679789721965789
P22814_Q9VD72,0.0021964,0.012927,0.015884,0.06795719265937805,0.0016706277383491,0.0002092881913995
Q9VIY3_P40301,0.0021704,0.012923,0.015894,0.0465349406003952,0.0005312463035807,0.011226481758058
P25991_Q9VT57,0.0027094,0.013794,0.016184,0.4330994486808777,0.0020923714619129,0.0015976872527971
P23758_Q9W1Y1,0.0021664,0.012932,0.015881,0.36638984084129333,0.0004819101304747,0.0059299613349139
P11420_P13097,0.35103,0.013163,0.018537,0.0007070312858559191,0.9981867671012878,0.0004758704162668
P22812_Q9VXZ0,0.0021828,0.01293,0.015905,0.28642401099205017,0.0008003658149391,0.0004447490500751
P11420_Q01069,0.28102,0.01312,0.016961,0.11039811372756958,0.998196542263031,0.0002198751753894
Q24246_P49906,0.0022246,0.013143,0.016895,0.04999717324972153,0.0244092382490634,0.9712981581687928
Q01842_Q94519,0.0021968,0.013136,0.016171,0.04191987216472626,0.0241314209997653,0.0054302439093589
Q7JWS8_O96860,0.0030271,0.016254,0.015939,0.07386832684278488,0.001945145544596,0.0048627839423716
P36188_Q9VMR2,0.0021937,0.012967,0.017583,0.19590173661708832,0.0046681659296154,0.005216650199145
P04197_Q94535,0.0023387,0.012967,0.015973,0.07773640006780624,0.9981610178947448,0.0012283934047445
Q9W0F8_Q95RJ9,0.0021921,0.013016,0.015907,0.0359044224023819,0.0004873660800512,0.001143860281445
Q9VQK1_B6VQA0,0.0032732,0.012952,0.016023,0.35927098989486694,0.010866136290133,0.0013017618330195
Q9VLT7_Q24560,0.0021855,0.012979,0.01619,0.07853233814239502,0.0005979819106869,0.0007764564361423
A8JNK7_Q9VSN0,0.0022079,0.012921,0.017459,0.3327869474887848,0.0179330334067344,0.0004992354079149
Q9VK43_P25008,0.0021747,0.012922,0.015897,0.29942241311073303,0.0056983237154781,0.1107551008462905
Q9VD72_Q9XZ57,0.0023228,0.012973,0.015888,0.08623544871807098,0.0004418069729581,0.0014882122632116
Q7JWD6_Q95U62,0.0021859,0.012961,0.01639,0.2104180008172989,0.0007152151083573,0.000373888091417
Q9V9M7_Q9V3I9,0.002201,0.012916,0.015912,0.25028538703918457,0.000630508409813,0.002677725162357
P55828_Q9VAH9,0.0021879,0.012954,0.015945,0.05696703866124153,0.001021075528115,0.0017222530441358
Q9W542_Q9VFB9,0.0023975,0.012984,0.018015,0.015269427560269833,0.0018961239838972,0.0676389187574386
P25843_A8JUS8,0.0021872,0.01292,0.015909,0.04416156932711601,0.0040414980612695,0.0149338636547327
Q9VUY2_P23128,0.0031123,0.014765,0.017704,0.018022023141384125,0.0046307863667607,0.9353753328323364
Q9VFE9_P13060,0.0021696,0.012988,0.015959,0.3275502920150757,0.0006613910663872,0.815095067024231
Q94545_Q8T403,0.0021834,0.01295,0.015883,0.3025050759315491,0.0014031582977622,0.5129587650299072
P21461_Q8T476,0.0021766,0.012993,0.015926,0.008567187003791332,0.0012456350959837,0.0010417188750579
P48554_Q86B79,0.0029598,0.013659,0.016169,0.08731991797685623,0.0005723351496271,0.0060196397826075
A0A0B4LGV6_Q9VZS5,0.0021801,0.012929,0.016235,0.1934836208820343,0.0007056338363327,0.0323487594723701
Q9VA32_Q9W029,0.0022893,0.014008,0.02031,0.02184937708079815,0.9981946349143982,0.0125452456995844
P36241_Q9VAR6,0.0021799,0.01293,0.015887,0.05335155129432678,0.0002287023962708,0.1657664328813552
P52654_P22814,0.13039,0.012969,0.01625,0.2999110221862793,0.010247896425426,0.2395071536302566
O76927_P36188,0.0021822,0.012928,0.015888,0.008032549172639847,0.0003424520255066,0.9358420372009276
P92204_O46037,0.0021923,0.01293,0.015919,0.0789908915758133,0.0003955991123802,0.001497734687291
Q8SYU5_Q7K148,0.0021784,0.012924,0.015903,0.005207998678088188,0.0003412697988096,0.0769045352935791
Q9VT31_Q9VS34,0.0021869,0.012925,0.015952,0.12397463619709015,0.0003843756276182,0.0055808834731578
Q9VBI0_Q9W4R3,0.0021791,0.012936,0.015902,0.04412643611431122,0.0004569263837765,0.0008664985070936
P31007_Q9W5R8,0.0021833,0.012936,0.015943,0.03170652315020561,0.0006394040537998,0.0129515491425991
P02283_Q9VEC5,0.0022807,0.013155,0.016937,0.007942715659737587,0.0003125488001387,0.0830587521195411
O18338_Q9VTU2,0.0021858,0.013008,0.016066,0.18802115321159363,0.0002524756710045,0.0002527266042307
O16797_Q94513,0.0022063,0.012936,0.016438,0.08178336173295975,0.0004182307748124,0.0108076352626085
P35128_Q9VJM2,0.0021857,0.012944,0.015896,0.1759306788444519,0.0105258673429489,0.1377002894878387
Q9VM76_O15945,0.0024477,0.013014,0.015977,0.34814104437828064,0.0023731726687401,0.0008292887941934
Q9W1K4_Q9VW58,0.0021761,0.012941,0.015887,0.01871110126376152,0.0573129318654537,0.0028305277228355
Q9VRX1_P19018,0.0022332,0.013042,0.016031,0.14499114453792572,0.011486698873341,0.0287906788289546
Q7KMP8_Q9V3Z4,0.0039072,0.013167,0.46298,0.005716586485505104,0.0039969887584447,0.0007192001794464
Q9VEQ2_Q8IPC3,0.0021792,0.013002,0.015914,0.5331062078475952,0.0006071568932384,0.002530287951231
P29503_Q9VYY9,0.0022242,0.013243,0.015911,0.4262356758117676,0.0143438912928104,0.000810086610727
Q9VBH7_Q26263,0.0021822,0.012969,0.015942,0.09954573959112167,0.0003197469632141,0.0037698131054639
P81900_Q9VXA5,0.0021919,0.012965,0.015924,0.05927085503935814,0.0003258211072534,0.9567108154296876
A0A0B7P9G0_Q8I8V0,0.0039794,0.01297,0.015971,0.0016282015712931752,0.0005154349491931,0.1143896207213401
P42124_Q94545,0.0022538,0.012991,0.016268,0.2441146969795227,0.0024678327608853,0.0009934892877936
Q9VTW3_P43332,0.0022182,0.01299,0.016049,0.08502951264381409,0.0064630368724465,0.0007647054735571
Q9VYW6_Q9VHA9,0.0021926,0.012978,0.015937,0.010658975690603256,0.002158710733056,0.0086297001689672
O76908_Q9VWI4,0.0092272,0.013174,0.045265,0.22715790569782257,0.9983078241348268,0.0829386189579963
Q9VHK6_B7YZF0,0.0021883,0.012962,0.01591,0.05746706947684288,0.0002145341859431,0.0004618063394445
Q9VPP7_Q9W102,0.002202,0.012923,0.015901,0.08734180778265,0.0003024847828783,0.0139147257432341
Q9VHK6_O76924,0.002183,0.012974,0.015904,0.08468738198280334,0.0002152619708795,0.9793283343315125
Q9V3L8_Q9VHG6,0.0022165,0.013101,0.015899,0.0661088228225708,0.0004562073736451,0.7097690105438232
Q9VXZ0_Q9VVX0,0.0022044,0.012941,0.015951,0.18466885387897491,0.0008378847269341,0.0027877343818545
P48607_C7DZL4,0.0022139,0.013135,0.015987,0.02041262574493885,0.0002457696245983,0.0006833987426944
Q8I8V0_Q9VWZ1,0.011964,0.012975,0.016008,0.11480867862701416,0.0136972777545452,0.0001530548324808
Q9VPD2_Q9VWI4,0.0021838,0.012956,0.018225,0.15245698392391205,0.0003086089272983,0.0090436628088355
Q9VTM2_Q9VC66,0.0021832,0.013092,0.015893,0.11159062385559082,0.0003246465639676,0.0011093223001807
P11346_P55828,0.0021917,0.012944,0.015906,0.019884886220097542,0.0007379375165328,0.0018013974186033
P40797_O96660,0.0021867,0.012954,0.015928,0.009157391265034676,0.0032739907037466,0.0005858947406522
Q9VJC7_C0MJ66,0.0022101,0.013075,0.015969,0.005371564067900181,0.0002425554557703,0.0722194984555244
Q7JVI3_Q9VN50,0.0021801,0.01296,0.015886,0.0628863275051117,0.003414083039388,0.0257909186184406
Q9VKV4_Q9VMV7,0.002215,0.012959,0.015982,0.0019088226836174726,0.0005973945953883,0.0003595451707951
Q9VVX0_Q7K4N3,0.0022293,0.01299,0.016017,0.10039446502923965,0.0182725824415683,0.0167229305952787
P52486_Q9VZU1,0.0021806,0.012988,0.015913,0.11038161814212799,0.0006109125097282,0.004566682036966
C7DZL9_Q0KHZ6,0.0045775,0.048059,0.015919,0.20627819001674652,0.9984764456748962,0.6095181703567505
Q95RR8_Q9W4N8,0.0022106,0.012956,0.015944,0.11059065163135529,0.0055197547189891,0.0003769354952964
Q9VEX9_Q9VZU4,0.0022043,0.013018,0.015938,0.5006878972053528,0.0015330623136833,0.0021901524160057
Q9VMH2_A1ZAZ6,0.0022412,0.012925,0.015962,0.29445508122444153,0.0024798326194286,0.0022398042492568
Q9VQ91_Q9V393,0.0039407,0.012945,0.016007,0.42671340703964233,0.0005284461076371,0.0005772171425633
Q9VCZ7_Q9VBY2,0.0022311,0.013045,0.015894,0.27566444873809814,0.0005625219782814,0.003680755617097
Q9VYX1_Q9VTZ7,0.0021782,0.012943,0.015897,0.023092597723007202,0.8188576698303223,0.0562442168593406
Q06453_A8DYC4,0.002202,0.024681,0.01591,0.07415603846311569,0.0004425903898663,0.9855467081069946
Q8IMX1_Q9W229,0.0021725,0.01293,0.015878,0.043875813484191895,0.0005410688463598,0.0001812467526178
O01382_Q9V8I2,0.0021983,0.013122,0.015889,0.04027262330055237,0.0010016069281846,0.9007830619812012
Q8SXU3_Q27324,0.0022174,0.012985,0.01593,0.006752609740942717,0.0002694275171961,0.0116012543439865
A8JNK7_Q9VEG5,0.0021788,0.01297,0.015893,0.11238733679056168,0.0033638249151408,0.1105659082531929
P29673_Q9XZ68,0.0021871,0.013314,0.016853,0.008511672727763653,0.0005717643070966,0.009836764074862
P06002_Q9VMH2,0.0022551,0.013045,0.015951,0.05920754373073578,0.0006558416062034,0.0032685413025319
Q6NMT8_Q9W115,0.077562,0.012993,0.015955,0.7154061794281006,0.0076021342538297,0.0027986185159534
Q9VTZ7_Q01071,0.0022801,0.013064,0.015911,0.2001793384552002,0.0037767263129353,0.000616674136836
P42287_P41126,0.0021805,0.012959,0.015887,0.03507357835769653,0.0003720268141478,0.0027056203689426
Q9VF73_Q8T3W6,0.0062837,0.013206,0.015931,0.02078978903591633,0.9982712268829346,0.0012191857676953
Q8MSY4_Q9VSJ8,0.15435,0.030767,0.01592,0.03199153393507004,0.0089986091479659,0.0027804728597402
Q7KMS3_Q9W140,0.0022077,0.012935,0.01589,0.01945439539849758,0.0021620432380586,0.0176355559378862
Q9VEG5_Q9V3Y8,0.0021916,0.013019,0.015959,0.38985779881477356,0.0022306586615741,0.0061650178395211
Q9VGU4_Q7K1Y4,0.0022323,0.013133,0.020204,0.191029891371727,0.0099770920351147,0.0079089114442467
Q8IPW2_Q9VAT0,0.0026605,0.012962,0.016039,0.687912106513977,0.0009600368211977,0.0086917970329523
Q9XZT1_Q9VB23,0.0021746,0.012997,0.015903,0.30776387453079224,0.0002791678125504,0.0015139291062951
O18413_Q8SX32,0.0022146,0.013347,0.016011,0.20145215094089508,0.0015559900784865,0.9614465832710266
Q24423_Q9V464,0.0021889,0.012942,0.01592,0.051341649144887924,0.0058318767696619,0.0004544588737189
P10627_A1Z9I5,0.12233,0.013081,0.016652,0.01626114547252655,0.0017935205250978,0.851932942867279
P22816_Q7K0E6,0.0021839,0.013021,0.015918,0.08078957349061966,0.0003672792227007,0.024254098534584
A1ZAZ6_Q8SWV6,0.0021842,0.012946,0.015895,0.011931470595300198,0.0011983424192294,0.0003898931317962
P05205_Q9VM81,0.0021867,0.012933,0.015883,0.281836599111557,0.0014545938465744,0.0005278488388285
P42325_Q9VN06,0.0022292,0.01298,0.01589,0.06421568244695663,0.0026781274937093,0.9747267961502076
O96860_Q24087,0.0021659,0.012917,0.015877,0.02200440876185894,0.0004591522738337,0.0006374900694936
Q9VVH6_Q9VWX1,0.056712,0.012945,0.015909,0.028363490477204323,0.0389461368322372,0.4777339100837707
I0B1P6_Q9VA83,0.0021856,0.012965,0.015961,0.17739784717559814,0.0017025920096784,0.0008173492969945
A1ZBY3_P52486,0.0021801,0.013086,0.015906,0.30651000142097473,0.0003288261941634,0.0023419554345309
P22812_Q7K105,0.0041038,0.012934,0.015989,0.06649993360042572,0.9988570213317872,0.6276840567588806
Q9W237_Q9VFE9,0.0021947,0.012937,0.015899,0.05227845162153244,0.0012256146874278,0.9891709685325624
Q4V5A7_Q9VAC4,0.002189,0.012934,0.015927,0.32196617126464844,0.0048997462727129,0.0004569866869132
Q961D1_Q9I7P3,0.0021696,0.012921,0.015898,0.15569499135017395,0.0010998374782502,0.0153597360476851
Q9V3C7_Q9VXP1,0.0023829,0.0133,0.016149,0.02431129850447178,0.0003527875232975,0.0353589840233325
Q9VR09_Q9TW27,0.0021882,0.013141,0.015964,0.06349223107099533,0.998672366142273,0.0003971629193983
P48554_P29844,0.0022636,0.014103,0.023163,0.11920212209224701,0.0007704565068706,0.0092578781768679
Q7YU24_P05205,0.0021959,0.013052,0.015961,0.08858083933591843,0.0101712802425026,0.0068383510224521
Q9VDE3_Q9VS55,0.0021902,0.013514,0.016466,0.17048129439353943,0.0026930188760161,0.0005076247034594
Q24168_E1JH43,0.0021799,0.012946,0.015891,0.17527873814105988,0.0004528684949036,0.0003751797485165
Q9W2R4_Q9VX36,0.0021771,0.014058,0.01591,0.6374494433403015,0.002982766367495,0.2555234134197235
Q9VJY9_O96860,0.0021809,0.012975,0.015888,0.29326948523521423,0.0085367606952786,0.0083230566233396
Q9VPP7_Q9VNE9,0.0022562,0.012922,0.015911,0.09663771092891693,0.0254931859672069,0.9853641390800476
M9PF96_Q9VMV7,0.0021927,0.013001,0.016043,0.002941893646493554,0.0005386431585066,0.0064975619316101
P23023_Q8T3W6,0.012102,0.013068,0.016059,0.4055592119693756,0.0682453215122222,0.0051376558840274
Q9NFU0_Q9W2E8,0.0022705,0.012953,0.015926,0.04103259742259979,0.0005578055861406,0.0103152254596352
Q9W1Y1_Q9VWZ1,0.0021857,0.01292,0.015881,0.2204030305147171,0.000886270077899,0.0005007013096474
Q9V393_O96989,0.0022026,0.012945,0.015953,0.0752338096499443,0.0023682410828769,0.001160351675935
Q9V3S6_P21461,0.0021822,0.013005,0.015915,0.07820840179920197,0.0007619492826052,0.0164065491408109
Q8T965_Q24168,0.002197,0.012952,0.015883,0.3022071123123169,0.0008733056602068,0.0001927423145389
Q9VYY9_Q7KSD8,0.002241,0.013064,0.015929,0.008620240725576878,0.0005289256223477,0.9737958908081056
B7YZE6_Q7KNM2,0.0021838,0.013005,0.015903,0.3023959994316101,0.0012202168582007,0.0077502327039837
P12881_P52486,0.0021752,0.013189,0.015892,0.16723774373531342,0.0002309088158654,0.113706387579441
Q8SWV6_Q9NJG9,0.0021763,0.013082,0.015925,0.1326175183057785,0.0008953302167356,0.0174224339425563
P20240_Q9VQF9,0.0021909,0.013132,0.015882,0.07880838215351105,0.0006844843737781,0.0011781411012634
A1Z6E0_Q8IHA6,0.0021915,0.012939,0.015906,0.12412406504154205,0.0029761134646832,0.0005945434095337
Q27884_Q9VUG4,0.0022213,0.012965,0.016043,0.24360968172550201,0.0020263013429939,0.0003749239258468
Q24560_A0A0B4JD33,0.0021819,0.013233,0.016025,0.008331683464348316,0.0260700602084398,0.0004352503456175
Q9XZH6_Q4V5L1,0.0026738,0.013006,0.015905,0.23769013583660126,0.0047556036151945,0.0011651118984445
P46222_Q9V393,0.0021897,0.012931,0.015918,0.03804067522287369,0.0003979055036325,0.0605868436396122
Q9VQR2_P40791,0.0021802,0.01292,0.015888,0.20758746564388275,0.0007845437503419,0.0054662427864968
Q9VUI0_P42124,0.0022009,0.01292,0.016265,0.0251638013869524,0.0017605249304324,0.0335788577795028
Q9VJ83_Q9VM76,0.0022659,0.012994,0.015945,0.04488778114318848,0.0013917483156546,0.0051571684889495
Q7K4B4_Q9VW58,0.0021879,0.012948,0.015886,0.025345277041196823,0.0032156067900359,0.1642048209905624
P29844_Q8SX32,0.0021944,0.012996,0.015939,0.03770171105861664,0.0284952353686094,0.0010627795709297
Q27272_Q9VR65,0.0021775,0.012929,0.015907,0.16292105615139008,0.9644256234169006,0.0017071919282898
C0HL67_Q9VZL5,0.0022268,0.012936,0.016021,0.17290036380290985,0.0007547361310571,0.0002970029599964
P17210_Q9W4I7,0.0023575,0.013567,0.015925,0.24275660514831543,0.0075403288938105,0.0623966008424758
P04197_Q9W542,0.0034684,0.012957,0.017153,0.03987012058496475,0.988462507724762,0.1544331461191177
Q9Y0S9_Q27884,0.0022354,0.013042,0.018407,0.036475177854299545,0.0090878410264849,0.0006047468632459
Q7K049_Q9W2K3,0.0023847,0.013123,0.016208,0.24305309355258942,0.0038096101488918,0.0015699885552749
Q9VAT0_Q9Y0S9,0.70598,0.013074,0.015991,0.023802543058991432,0.0050144651904702,0.0005037685623392
Q8T0K1_Q7KN94,0.0021681,0.012973,0.015895,0.04913020879030228,0.0002354501193622,0.0018266402184963
Q24008_P91929,0.0021791,0.012952,0.015997,0.5692476630210876,0.0018297587521374,0.0004473554727155
Q9W3Z4_P23758,0.0027527,0.013075,0.015918,0.6625251173973083,0.0014246696373447,0.0089467857033014
Q9VUR3_Q9V3I9,0.0021885,0.012929,0.015935,0.09963473677635193,0.0379702635109424,0.0009578592143952
O96881_P29555,0.0021937,0.012931,0.016011,0.022054782137274742,0.0016897458117455,0.0008393027237616
Q8T390_Q9VPK4,0.0022328,0.012962,0.016497,0.42146337032318115,0.0008260895847342,0.0015872756484895
P52654_Q24180,0.0028123,0.012987,0.016131,0.11359980702400208,0.0263852197676897,0.0061160908080637
P40301_Q9VHV8,0.0021797,0.012956,0.015894,0.21304981410503387,0.0004437155730556,0.0008413265459239
X2JEH3_Q24454,0.0022606,0.012921,0.015901,0.12809577584266663,0.001504359068349,0.000139492607559
P56544_Q9VM20,0.0022343,0.013648,0.034395,0.01268741860985756,0.0003122057241853,0.3171355426311493
Q8IH18_Q9W4I7,0.34988,0.012951,0.018417,0.424773633480072,0.0036688903346657,0.0003074214037042
P38979_Q9VT51,0.0021954,0.012937,0.0159,0.14704786241054535,0.000242116919253,0.0038095684722065
Q9VRX1_E1JHS8,0.0038671,0.013099,0.016069,0.02006361074745655,0.0027081009466201,0.0017110287444666
Q9VN06_P20153,0.0022012,0.012992,0.015928,0.002355244243517518,0.0008271529222838,0.0009415972745046
Q9W2K3_O18338,0.0053653,0.013332,0.017119,0.05690509080886841,0.0006255064508877,0.0007968081627041
Q7KS77_Q7KJ69,0.0021739,0.012937,0.015892,0.04905504733324051,0.0009077352005988,0.0009189138072542
Q9VS59_Q9VB22,0.0031928,0.013571,0.016463,0.05240326374769211,0.055596400052309,0.8175962567329407
Q0E8K5_Q27884,0.0021798,0.012989,0.016491,0.16785895824432373,0.0017711711116135,0.0012853746302425
Q24210_Q05652,0.0022727,0.013077,0.10409,0.07392430305480957,0.0084838513284921,0.171112835407257
Q8I0J6_P26017,0.0022304,0.013045,0.016219,0.12774531543254852,0.0009960994357243,0.0041606570594012
Q9V452_Q9VHK6,0.0022087,0.013048,0.015908,0.08607637137174606,0.0002132556692231,0.0008354783058166
P24350_Q9VW53,0.0022088,0.01295,0.015905,0.3336866796016693,0.0002967035106848,0.0070217559114098
P26308_Q9V7W9,0.0021938,0.013043,0.016745,0.12059925496578217,0.1307381391525268,0.0098021123558282
Q9VS34_Q9VRY0,0.0021912,0.012921,0.015902,0.3649441599845886,0.0003024406614713,0.0002721019554883
Q9VKI2_M9NF10,0.0024477,0.012955,0.015907,0.2036377489566803,0.0040434543043375,0.0022989453282207
P39768_P25991,0.0028378,0.013582,0.016001,0.48366761207580566,0.0058402600698173,0.0028117529582232
Q9VBI0_Q9VVB6,0.0022004,0.012921,0.015908,0.05752725526690483,0.0006925578345544,0.0034236474893987
Q9VK43_Q9VVU2,0.0021778,0.012936,0.015916,0.3761776387691498,0.0014688280643895,0.6917850375175476
Q7JXA8_Q24186,0.0021917,0.012928,0.015916,0.00956328772008419,0.0029481803067028,0.0011363530065864
P16241_M9PHN7,0.20401,0.013524,0.016122,0.2861359119415283,0.0042814840562641,0.0085315629839897
Q8IR14_R9PY49,0.94431,0.88105,0.015954,0.36352434754371643,0.2940002977848053,0.9810553789138794
Q9V3Z4_Q00805,0.0021844,0.013198,0.015968,0.1898266226053238,0.0004655144875869,0.0038735282141715
Q24117_Q9VZU1,0.0021682,0.01293,0.015892,0.01945319026708603,0.0186093281954526,0.0515343025326728
Q9VR38_Q9VLI9,0.0021829,0.012924,0.015882,0.16037200391292572,0.9969465136528016,0.0398126915097236
P42124_Q24338,0.002207,0.013066,0.019698,0.07427029311656952,0.012937425635755,0.0179711990058422
Q9VYX7_Q9VM81,0.0022393,0.013052,0.016108,0.08414867520332336,0.0003896021808031,0.0032956411596387
P22711_Q7KMP8,0.0021838,0.013065,0.016279,0.03005197085440159,0.0015448719495907,0.097602754831314
Q94511_Q7K4N3,0.0021916,0.013107,0.015943,0.006794686429202557,0.00055041880114,0.7706959247589111
Q9W2P0_Q9VJC7,0.002177,0.012924,0.015904,0.022073574364185333,0.0316249206662178,0.0913624688982963
P41042_Q24338,0.0021881,0.012933,0.01594,0.11033403128385544,0.0003936849825549,0.2166566252708435
P12982_Q9VDG2,0.0022537,0.013001,0.019946,0.030993212014436722,0.008642260916531,0.0134483771398663
Q24186_M9PHI7,0.0022661,0.012951,0.01592,0.04033378139138222,0.0009973780252039,0.9069682955741882
Q7KUL3_Q9VX24,0.0025766,0.01296,0.01594,0.07681669294834137,0.0018317977664992,0.9805697798728944
Q9U1H9_Q27934,0.0082234,0.012933,0.0161,0.002849936718121171,0.0025715380907058,0.0005593901150859
Q7KJ69_Q9VDD1,0.0021827,0.012936,0.015948,0.024597054347395897,0.0002456524816807,0.0003503963234834
Q9VKD6_A1ZB42,0.015336,0.014142,0.015917,0.39661917090415955,0.0492877177894115,0.6869480013847351
Q9VVW2_Q9Y0S9,0.0047248,0.013018,0.015951,0.017780914902687073,0.0021258338820189,0.0016233364585787
P91943_Q960Q9,0.0036487,0.012993,0.016505,0.24624216556549072,0.0042661493644118,0.0094698891043663
Q7KMG7_Q9W140,0.0021808,0.012963,0.016605,0.023599328473210335,0.0239788480103015,0.0028086062520742
Q9V464_P17210,0.0022656,0.013319,0.015931,0.3394825756549835,0.0080582816153764,0.0003225105756428
Q9VJM2_P18930,0.0022062,0.01299,0.01586,0.4740448594093323,0.0003580677730496,0.000629202753771
P16371_Q27350,0.042972,0.013085,0.016098,0.09457631409168243,0.0166894849389791,0.3030326962471008
Q9VSG1_Q9VWZ1,0.0021861,0.012927,0.015898,0.02465447410941124,0.0005060260882601,0.0073196282610297
P39018_Q24169,0.0041437,0.012922,0.015887,0.07135885208845139,0.0002492320491001,0.638379693031311
Q7JYH3_P04359,0.0022496,0.012935,0.01588,0.03918450325727463,0.0006843461305834,0.0092367073521018
Q9VJ33_P18929,0.0024891,0.013201,0.016092,0.007288808468729258,0.0002076661621686,0.0005423795664682
Q9VKV4_B6VQA1,0.0022632,0.01301,0.015907,0.3510783016681671,0.0005423084949143,0.0002402437385171
Q9W4I7_Q95TN8,0.35626,0.012976,0.016772,0.34687745571136475,0.0232199747115373,0.7190212607383728
Q9VX36_E3CTS5,0.002287,0.012973,0.015979,0.09284745901823044,0.0002409840672044,0.0041876351460814
O96880_Q9VEA2,0.0021806,0.012976,0.016195,0.01904623582959175,0.9710434079170228,0.0003939742746297
Q9VYG2_P41092,0.0021849,0.012929,0.01596,0.17661471664905548,0.0008041966939345,0.5867743492126465
Q01083_E3CTS5,0.0022631,0.012977,0.015917,0.042284030467271805,0.00104566430673,0.0014462975086644
Q9V345_P02299,0.0021978,0.013857,0.01912,0.01229758933186531,0.0005783821688964,0.9642038345336914
Q9V4S8_Q9VUR3,0.0021811,0.012922,0.015905,0.20772235095500946,0.0015136493602767,0.9858303666114808
Q9VIF5_B6VQA1,0.003922,0.012974,0.01601,0.024898381903767586,0.011027717962861,0.0010927357943728
Q9VPK4_P25991,0.0037188,0.013197,0.016162,0.03420480340719223,0.9976465106010436,0.0009633261943235
Q9V3Z1_Q9VXS3,0.007133,0.012948,0.016331,0.17874625325202942,0.1286889761686325,0.0371244959533214
Q9W1U6_B7Z0R7,0.00218,0.012954,0.016741,0.16544777154922485,0.0005428023287095,0.1074405908584594
Q0E8N2_Q9W2K0,0.0022281,0.01294,0.015946,0.13486112654209137,0.0073159462772309,0.014396084472537
Q94524_Q9W102,0.002193,0.012925,0.015893,0.07555179297924042,0.0002086263266392,0.0143968975171446
Q4V5L1_P81900,0.0021998,0.012933,0.015886,0.027176745235919952,0.0004488766717258,0.026800587773323
P09077_Q24180,0.0026451,0.013006,0.016007,0.04959208890795708,0.0183409620076417,0.0528934895992279
Q9VTZ1_Q7KMP8,0.0021923,0.013101,0.016913,0.3920649290084839,0.0037129509728401,0.0153222754597663
Q9VNE4_P48555,0.0058729,0.013191,0.016272,0.3065013587474823,0.1322309523820877,0.8160440325737
Q9VI13_Q23985,0.4239,0.013063,0.017934,0.19125206768512726,0.1509373188018798,0.0094127226620912
Q95RV3_Q9VR09,0.0021792,0.012921,0.015917,0.2321087270975113,0.0270016696304082,0.602831244468689
Q9XYU1_Q7KRU8,0.0022039,0.013026,0.015938,0.4468827247619629,0.005260944366455,0.001770140370354
Q24168_Q9VNB9,0.002175,0.012985,0.019875,0.6456379890441895,0.000724887533579,0.1106897890567779
Q24139_Q9VVP8,0.0024792,0.012926,0.015947,0.015178496949374676,0.0016129723517224,0.8349587917327881
Q9VKW3_Q8T390,0.0021936,0.012952,0.016601,0.15418778359889984,0.0002347086992813,0.0003948384546674
Q24106_P32031,0.051475,0.013032,0.016159,0.0018096690764650702,0.0029772724956274,0.000583708693739
Q9V3K3_P05709,0.0022139,0.013006,0.015923,0.37668290734291077,0.0002532316721044,0.975115180015564
Q7K1Y4_P49028,0.0022013,0.012931,0.016059,0.011287185363471508,0.0037188613787293,0.957758903503418
X2JDZ1_Q9VFT4,0.0024279,0.012966,0.015994,0.24372301995754242,0.0049207243137061,0.0004007296811323
Q24106_Q8SWV6,0.0021751,0.013841,0.015912,0.15053606033325195,0.0011142465518787,0.0002950870548374
Q9VT51_P29327,0.0022349,0.012928,0.015912,0.006261126603931189,0.0003524834755808,0.443506121635437
Q01071_Q24276,0.0023549,0.013016,0.015924,0.34623682498931885,0.0031361174769699,0.846373438835144
Q9VJY9_Q0E9B6,0.0021926,0.013363,0.015932,0.03285523131489754,0.0007566552376374,0.0044498518109321
Q9VI55_Q9VV74,0.0021848,0.012919,0.016102,0.4439248740673065,0.9945284724235536,0.1127376332879066
Q9VM64_Q9VBI1,0.0022001,0.012944,0.015949,0.02478478103876114,0.0010281859431415,0.0014474976342171
Q9XZS4_Q9W2S2,0.0044556,0.013109,0.016039,0.1452716588973999,0.0004027308605145,0.0075440839864313
Q9VHE3_Q9VYX7,0.0021826,0.012948,0.01589,0.12379051744937897,0.0021720260847359,0.0027701118960976
Q27934_Q94545,0.0021972,0.012938,0.016145,0.01983233541250229,0.0207585003226995,0.000275944446912
O97420_Q9V3B4,0.0022664,0.012923,0.0159,0.07387861609458923,0.0007555121555924,0.0499454885721206
P52304_P40793,0.0029158,0.014419,0.022475,0.019944313913583755,0.0008026952855288,0.7011996507644653
P23023_Q7KRY6,0.022361,0.012969,0.016104,0.10401860624551773,0.0581139102578163,0.0277846585959196
A8JNK7_Q9VLT7,0.0022008,0.012948,0.019121,0.09923847764730453,0.003641691757366,0.007750489283353
Q9W0I6_P47948,0.0021832,0.013034,0.015881,0.2460688203573227,0.001131436205469,0.0007564025581814
Q7KSD8_Q9VJI9,0.0021859,0.012935,0.016239,0.27337175607681274,0.0010317811975255,0.000645070511382
A1Z933_Q9VN42,0.0021837,0.012924,0.015879,0.011048032902181149,0.0004344956541899,0.2779982089996338
O18338_P08928,0.081276,0.35904,0.02477,0.09080713242292404,0.9972383975982666,0.6876000761985779
Q9XZ68_Q9VS36,0.0021912,0.01321,0.016291,0.02595822513103485,0.0041179996915161,0.0072538205422461
Q9VTC2_Q9VWD5,0.0022037,0.012951,0.015893,0.022433124482631683,0.0060715423896908,0.0014389038551598
P16371_Q9VFJ3,0.0021852,0.013004,0.015987,0.5801565647125244,0.0011457065120339,0.006583796814084
Q9V9M7_Q9VBY2,0.0022133,0.012914,0.016226,0.08597088605165482,0.9986281394958496,0.0023346750531345
A1A6X4_P02299,0.0021892,0.022095,0.12018,0.35048121213912964,0.008276511915028,0.0079520614817738
P83094_P09956,0.031787,0.075976,0.015971,0.005773396696895361,0.0014074390055611,0.0011919813696295
Q9VZF2_Q9V3L7,0.0022445,0.012981,0.01647,0.7545104026794434,0.0009495595004409,0.0013422339688986
P06603_Q9W148,0.0021754,0.013055,0.016066,0.1857842057943344,0.0028916739393025,0.0365340113639831
Q9V393_P11147,0.0021807,0.012957,0.01591,0.008958514779806137,0.0171320419758558,0.0025974013842642
A8JUS8_O76922,0.0021905,0.012945,0.015991,0.10906427353620529,0.0030437866225838,0.0024564142804592
Q7KTX7_E1JIM1,0.0022153,0.013194,0.015929,0.2808268368244171,0.002316428348422,0.0072042876854538
Q95TY2_Q9VGF9,0.015776,0.013038,0.016927,0.38189730048179626,0.0157066360116004,0.0446503162384033
P62152_Q9XZ31,0.0021674,0.013376,0.015885,0.5255162119865417,0.0075893416069447,0.0002255595318274
M9PJE4_Q9NFZ3,0.0021914,0.012935,0.015901,0.14561602473258972,0.0048906169831752,0.2329588532447815
P55841_B7Z0R7,0.0022033,0.012972,0.016417,0.024331513792276382,0.0003336923837196,0.0007205269066616
P15330_Q94527,0.097493,0.013082,0.016546,0.004668635781854391,0.9973560571670532,0.0007384799537248
P49906_Q95TS5,0.0021703,0.012927,0.015919,0.14510828256607056,0.0016167346620932,0.0002641134196892
P26686_E1JJI1,0.0022371,0.012958,0.016,0.0060313125140964985,0.0010685292072594,0.002516423119232
P54359_Q9VL93,0.0022196,0.013007,0.015905,0.062110189348459244,0.0037857256829738,0.0027422977145761
Q9W1Y1_P12982,0.0021689,0.012977,0.015884,0.2529354691505432,0.0004630575422197,0.0207722168415784
P56672_Q9VUI0,0.0059789,0.012966,0.015986,0.1851922571659088,0.0115693658590316,0.6460949182510376
Q23985_P48148,0.0021953,0.013318,0.01598,0.6392543911933899,0.054494235664606,0.0021662856452167
Q9VG94_Q59DZ4,0.002181,0.01298,0.015876,0.1167626902461052,0.0016813667025417,0.0012486159102991
Q9VT31_P41042,0.0022206,0.012932,0.015895,0.26003414392471313,0.0002343196392757,0.6181902289390564
Q86B79_O96863,0.0022209,0.012945,0.016335,0.37489697337150574,0.0008090914343483,0.0019275684608146
Q9VEX5_Q9VCZ7,0.0046567,0.01299,0.015916,0.25585705041885376,0.0058995080180466,0.984821617603302
Q9V3Z4_Q8T4F7,0.0021807,0.013132,0.016062,0.1447063535451889,0.0008633293327875,0.0021378328092396
Q59DZ4_P50534,0.0022023,0.012963,0.015962,0.3266489505767822,0.0012045841431245,0.0007536601042374
Q9VM64_P08510,0.0022094,0.013168,0.020247,0.07645243406295776,0.0031216996721923,0.0004475335590541
P52485_Q27884,0.0021806,0.013351,0.015927,0.10004322230815887,0.0005576618132181,0.0003697703941725
Q7JZC9_Q9VIH1,0.002192,0.012997,0.015902,0.2185770571231842,0.0006526703364215,0.863542914390564
Q9VST2_Q23985,0.014502,0.012976,0.016018,0.1279870569705963,0.0236856285482645,0.0017001072410494
Q08605_Q9VN50,0.0021777,0.012925,0.015894,0.037465039640665054,0.0005228272057138,0.0007230429910123
Q9VWE8_O46034,0.002178,0.013078,0.015975,0.037464309483766556,0.000454491993878,0.0205218251794576
Q9Y106_P15357,0.0022498,0.013025,0.015939,0.184302419424057,0.0004310182412154,0.004402513615787
Q9VFP2_Q9VHV8,0.0041269,0.012999,0.016478,0.3146328330039978,0.0017365019302815,0.0005313966539688
Q9VTE5_P06602,0.0022794,0.012955,0.015902,0.024406932294368744,0.0003241792146582,0.0003550063120201
A1ZAS3_Q9V3L7,0.0023053,0.013319,0.015994,0.44467735290527344,0.0008126670727506,0.0038537629880011
P48555_E1JHY7,0.0029018,0.025858,0.017055,0.1512264758348465,0.0003405559400562,0.6995473504066467
Q9VCS1_Q7K148,0.0022175,0.012926,0.015898,0.13044552505016327,0.0003021582087967,0.0021519348956644
A1ZBY3_A8JUS8,0.0021943,0.012967,0.01591,0.17685866355895996,0.0011418076464906,0.001067079603672
Q9NFZ3_C0MJ66,0.0022322,0.012971,0.016185,0.31412097811698914,0.0033487789332866,0.9869604110717772
Q9VCG6_Q86B79,0.51992,0.013024,0.015976,0.6262270212173462,0.0082102948799729,0.0004342612519394
Q9VF27_Q9V345,0.0022363,0.012955,0.015941,0.02223365753889084,0.0002244837669422,0.0009170154808089
Q9VIF5_Q9VFL4,0.0021907,0.013015,0.015894,0.2010851800441742,0.0019898421596735,0.0339168049395084
Q9VKV4_P18934,0.0023807,0.012929,0.015871,0.10337438434362411,0.0002349948335904,0.0007568391738459
O02193_A8JR10,0.0028113,0.012968,0.016585,0.013156642206013203,0.0050349687226116,0.0015831196215003
Q7KMS3_A0A0B4LGV6,0.0022439,0.012928,0.015891,0.3394593596458435,0.0008774402085691,0.0004639557446353
E1NZB4_Q9VQR2,0.0021775,0.012937,0.015897,0.24208340048789978,0.003421934787184,0.002822023583576
Q9VI60_Q9W334,0.0022739,0.01302,0.015885,0.01659226045012474,0.0005053149652667,0.0004557881620712
Q8IPC3_Q9VHB6,0.0021759,0.012919,0.015934,0.41038984060287476,0.00037684905692,0.0205997936427593
Q9VKW8_P31009,0.0022252,0.012981,0.018301,0.10957055538892746,0.0010122493840754,0.9842161536216736
O45030_Q9W0S8,0.0022262,0.012922,0.015902,0.04777022823691368,0.0034892903640866,0.1276351362466812
O15945_Q9VJ33,0.0027205,0.013418,0.01592,0.4132169485092163,0.0004314340476412,0.0014350401470437
Q9VF82_Q9VJ19,0.0021779,0.012917,0.015894,0.3289027512073517,0.000321100524161,0.0004193531349301
P02299_Q9V9W8,0.0021906,0.013012,0.81967,0.12641732394695282,0.0262845605611801,0.0657737106084823
Q9VF10_Q7K4N3,0.0022141,0.013062,0.016512,0.03358078375458717,0.0035017509944736,0.0953192412853241
P53034_Q9VKW3,0.89698,0.016378,0.75889,0.02414519153535366,0.9990179538726808,0.0036507882177829
Q9VF77_Q9VLK1,0.0021965,0.012926,0.015936,0.062238700687885284,0.000336875062203,0.0016364472685381
Q06453_X2J6Q6,0.0022275,0.012994,0.015939,0.05742724612355232,0.0006591301062144,0.0009472037781961
Q9VP85_Q9VCE1,0.0021917,0.012918,0.016173,0.5361719727516174,0.0007891114219091,0.2215747684240341
P23572_P25843,0.002199,0.01298,0.015947,0.04785512387752533,0.0002489351900294,0.0009711716556921
A1Z9E2_Q24572,0.0021819,0.0131,0.020974,0.028257546946406364,0.0089810173958539,0.0182053297758102
O17445_Q01083,0.0022024,0.012944,0.01589,0.07439792156219482,0.0003279014199506,0.0002990755019709
Q9W148_P40793,0.002426,0.013003,0.016045,0.0006618125480599701,0.0013611658941954,0.1010137945413589
Q9W236_A0A0B4KEQ4,0.0021857,0.012915,0.015893,0.0984286516904831,0.0007083781529217,0.0009691090672276
Q24475_Q7K049,0.0022341,0.013019,0.015882,0.1135251522064209,0.9989435076713562,0.0002177232963731
Q9VAP2_Q0KI69,0.059969,0.013006,0.016359,0.04591485857963562,0.0741747841238975,0.0796244665980339
Q8IMM9_Q94535,0.0021915,0.012942,0.016097,0.40311503410339355,0.0014973781071603,0.0016587718855589
C7DZL9_Q7KS72,0.0022195,0.012974,0.015893,0.04580094292759895,0.0002271789126098,0.0044910889118909
P42124_Q94517,0.0021771,0.012937,0.016026,0.0315110981464386,0.0052955667488276,0.0039307554252445
P12982_Q9VX37,0.0022405,0.013032,0.016147,0.11830587685108185,0.0011290325783193,0.3796525299549103
O97143_Q9XZ31,0.7034,0.013006,0.016178,0.0039284019730985165,0.4481909871101379,0.0260613467544317
E1JHS8_Q9VNE4,0.11367,0.69959,0.015913,0.015194643288850784,0.0335260517895221,0.0022712226491421
Q9VX94_Q27415,0.0021929,0.012954,0.01591,0.1426207721233368,0.0004729980137199,0.0005949705373495
P56672_Q24533,0.76502,0.013128,0.018024,0.1605973094701767,0.9937052130699158,0.0054010869935154
Q4V5L1_P09077,0.0022099,0.012931,0.015888,0.0539797805249691,0.0019428207306191,0.8417412638664246
Q9U1K1_Q24133,0.0022242,0.013059,0.015925,0.1339842528104782,0.0010427829110994,0.002101554069668
Q7KLV9_Q8T4F2,0.0021804,0.013079,0.015971,0.10654695332050323,0.0004753288521897,0.0108572728931903
Q9VBU9_Q9VTE0,0.0022393,0.012976,0.01589,0.2650645077228546,0.0008671671967022,0.003197805956006
A1ZAW5_Q95RR8,0.0022394,0.012919,0.015968,0.047380074858665466,0.0014999654376879,0.0003003585152328
P13582_Q9W334,0.0022034,0.020523,0.0159,0.13689705729484558,0.0003967803786508,0.0001562860707053
P06002_B7Z0T5,0.0022532,0.013029,0.015886,0.20140708982944489,0.0005405976553447,0.3518719673156738
Q8IHA6_Q9VS38,0.0026779,0.012952,0.016053,0.07717044651508331,0.0089551284909248,0.2667875587940216
P10083_Q24572,0.0022695,0.013514,0.016046,0.18155133724212646,0.0004452808061614,0.0003711035242304
Q7K049_Q9VI72,0.002187,0.013159,0.015938,0.10788260400295258,0.0486918427050113,0.0011966171441599
P48554_Q9VGR1,0.0035551,0.013193,0.016079,0.007620921358466148,0.1417234092950821,0.9854786396026612
P06603_Q4V5A7,0.0021806,0.013016,0.01608,0.07503294199705124,0.0229021124541759,0.0003315035428386
Q9VEV9_Q9VR38,0.0022629,0.012978,0.016231,0.11973091214895248,0.0008818094502203,0.0256257038563489
Q9VS05_C7DZL4,0.0021778,0.013095,0.015891,0.08850414305925369,0.0003380274283699,0.0042031039483845
P92204_Q8MSY4,0.0022085,0.012928,0.015939,0.0667249858379364,0.0003890716470777,0.0098990174010396
Q24154_P25991,0.0021726,0.013101,0.016949,0.11646183580160141,0.0349600464105606,0.0019048178801313
Q9VM76_Q9VVY4,0.0021865,0.012944,0.015931,0.0406506173312664,0.004334561061114,0.0173172987997531
Q9V3B4_O61602,0.0021897,0.012925,0.015885,0.3992793560028076,0.0135760428383946,0.0056399023160338
P22816_Q9VS59,0.0049441,0.013026,0.015943,0.12382089346647263,0.0150679349899292,0.0003285607672296
Q7KJ69_Q9VEG5,0.0021942,0.012939,0.015886,0.051291849464178085,0.0013410724932327,0.0138987898826599
Q9VWI4_Q9W2A5,0.0024015,0.013011,0.016319,0.3955741822719574,0.0011885114945471,0.00794667750597
Q9VBU9_Q9W2E8,0.0048695,0.012945,0.015937,0.03603462502360344,0.0008084124419838,0.0005579330027103
P55841_Q6IDF5,0.0023261,0.012945,0.016092,0.7095046639442444,0.0024637309834361,0.0014710109680891
Q9VYX4_Q27272,0.0021922,0.012933,0.01593,0.01775379478931427,0.02491395175457,0.0501035526394844
Q9VI60_B6VQA0,0.00218,0.012986,0.015901,0.6261463165283203,0.002389685017988,0.0032103869598358
Q9VVR2_Q24324,0.0030554,0.012996,0.016911,0.1250777244567871,0.1002591326832771,0.0015710493316873
Q9VFJ3_Q9W380,0.0024586,0.01307,0.054681,0.36791113018989563,0.0003661220544017,0.0043488210067152
Q7KMG7_Q9VJI7,0.0022026,0.013001,0.015908,0.21101827919483185,0.0011492884950712,0.0002438542287563
Q9VM20_Q8SZX5,0.0022862,0.013071,0.015987,0.13389824330806732,0.0004403071070555,0.0024540841113775
Q9VMV7_Q8IRI5,0.002202,0.013001,0.015978,0.362874835729599,0.0004309845971874,0.0030200404580682
X2J8N3_Q9V3I9,0.0021826,0.012933,0.015957,0.17087505757808685,0.0020225921180099,0.0060990448109805
P40427_Q9VVB6,0.0030933,0.013001,0.015911,0.049133818596601486,0.0008085774024948,0.0013594097690656
O46308_P22816,0.0023173,0.013014,0.017347,0.1216377466917038,0.0140427174046635,0.0067637930624186
Q8SXU3_P02299,0.0022617,0.012965,0.016213,0.055607255548238754,0.0006927347276359,0.0024457275867462
P09956_Q9VUW2,0.0022118,0.013018,0.015904,0.06420113146305084,0.0005006571882404,0.0006435822579078
Q9VH07_Q00805,0.0022205,0.012949,0.015898,0.0317445769906044,0.000424640806159,0.0001849699910962
Q9VM46_Q9V6B9,0.0023065,0.013018,0.016319,0.007073280401527882,0.0003966878866776,0.0363427735865116
Q7KUL3_Q8IQ53,0.0021862,0.01297,0.015898,0.48589083552360535,0.0008842839160934,0.0018199830083176
Q9VL93_Q9VY87,0.0022059,0.013302,0.01721,0.14849023520946503,0.0052718203514814,0.0009419610723853
Q24134_A1ZBY3,0.0021841,0.013069,0.015887,0.1273764669895172,0.000429358013207,0.0004891050048172
Q7K0E6_Q9VZJ3,0.0021836,0.012984,0.015967,0.1891797035932541,0.003401506692171,0.9256244897842408
Q9VKF0_Q8IQ53,0.0021742,0.012957,0.015897,0.40746408700942993,0.0007172627374529,0.0121526988223195
Q9VMN9_Q24564,0.0021993,0.012973,0.015908,0.502690315246582,0.0006330147152766,0.1106102988123893
Q9VD72_Q9VKF0,0.0021844,0.012919,0.015879,0.015892157331109047,0.0005147875635884,0.0025524403899908
Q9VV74_Q9V452,0.0021913,0.013007,0.01592,0.5416072607040405,0.0009408232290297,0.0003655297332443
P24350_Q9VXX8,0.0022126,0.012936,0.015889,0.10054414719343185,0.00050768640358,0.0696317851543426
Q9VQK1_P49735,0.29753,0.013058,0.016128,0.254496693611145,0.0006905760383233,0.0073802941478788
Q7KUL3_E1JHY7,0.0022657,0.012948,0.015954,0.030932821333408356,0.0036989618092775,0.0024701945949345
Q9VS38_Q9VTM0,0.044866,0.01779,0.015918,0.06652326136827469,0.998769462108612,0.1061400920152664
P23023_X2JDF3,0.0023062,0.013063,0.015945,0.705141544342041,0.0027595388237386,0.0465917661786079
Q8T0G4_P11420,0.0038362,0.012968,0.015979,0.19462276995182037,0.0018836905946955,0.0090243127197027
Q8SYC1_Q9W2S2,0.0021978,0.012943,0.015899,0.28177347779273987,0.0052512856200337,0.0014869380975142
A1ZBT5_Q9VEN2,0.0024535,0.012934,0.015935,0.16913661360740662,0.0192623492330312,0.0312591977417469
Q7K148_Q9VM76,0.0021729,0.01293,0.015885,0.04198798909783363,0.0003781820996664,0.098338283598423
P08970_Q26263,0.0085873,0.013005,0.01629,0.023553509265184402,0.0418986976146698,0.0423175282776355
P42287_Q95RJ9,0.0022235,0.013017,0.015893,0.022899014875292778,0.0003689689619932,0.9626949429512024
Q9VRK9_Q7KUD5,0.0021829,0.016128,0.015914,0.3987584412097931,0.002050494775176,0.0235137622803449
Q9VVP8_Q9VS38,0.0024726,0.012933,0.015906,0.19702158868312836,0.0108916172757744,0.9227418899536132
P08970_Q9VH07,0.0021887,0.012957,0.016021,0.19450579583644867,0.0039524007588624,0.0235874019563198
Q95RV2_Q0E9B7,0.014004,0.012925,0.016236,0.42141178250312805,0.0335022173821926,0.012595915235579
A0A0B4KFV0_P35128,0.011932,0.013251,0.017487,0.1102692186832428,0.0095649678260087,0.0025258245877921
Q7KRW1_P46867,0.0025695,0.013733,0.015931,0.02222130261361599,0.0005852768663316,0.0857780575752258
Q9VBP9_Q8IPC3,0.0021763,0.012916,0.016101,0.11181879043579102,0.0271811205893754,0.0154606644064188
Q8SZX5_Q9VQQ9,0.0022076,0.012943,0.015935,0.03670712560415268,0.0003710168821271,0.000822112080641
P06754_P09081,0.0025993,0.013374,0.015895,0.5171529650688171,0.0110736275091767,0.0270105153322219
Q9VF77_Q9VPY0,0.0021987,0.012929,0.01602,0.12851259112358093,0.0005340238567441,0.0012925151968374
Q9V3I9_Q05652,0.0022176,0.012957,0.016084,0.13930389285087585,0.000400459714001,0.9628990292549132
P09052_Q24338,0.0025012,0.017774,0.016582,0.18927738070487976,0.9984666109085084,0.1055017709732055
Q8T3W6_Q962S2,0.0022276,0.012987,0.015839,0.020911812782287598,0.0025345964822918,0.0492306537926197
P08570_Q9VXA5,0.0021817,0.012987,0.015928,0.25943103432655334,0.0002091908390866,0.0003918501315638
Q9V3H2_C6SV45,0.0021859,0.013038,0.015973,0.012438864447176456,0.0002994398819282,0.0013235529186204
O16867_Q9W2R4,0.39552,0.013468,0.016364,0.05356212705373764,0.996871531009674,0.1505568921566009
Q9V407_Q9VB23,0.0023116,0.013153,0.016392,0.15803980827331543,0.0007256530225276,0.001356687862426
P49258_Q9VEQ1,0.0021886,0.013194,0.015985,0.16535356640815735,0.0006274601328186,0.009220209904015
Q9V461_Q9VT31,0.0022076,0.012969,0.015931,0.07956992834806442,0.0009154318249784,0.0416295193135738
Q7JZB4_Q9VR90,0.0022457,0.012944,0.015916,0.3661442697048187,0.0002669432142283,0.0024640029296278
P48461_Q9VKW3,0.0024733,0.013056,0.020959,0.22274629771709442,0.0003977424639742,0.0025928050745278
Q9VHB6_P09774,0.0021784,0.012962,0.015929,0.26679378747940063,0.0011272517731413,0.0008676035213284
B7YZE6_P25008,0.0021721,0.012932,0.015894,0.020017262548208237,0.0009453248931095,0.0019882547203451
Q9VG38_Q26263,0.0024002,0.01295,0.015965,0.21304500102996826,0.0011040200479328,0.0885886922478675
A1ZBT5_P98149,0.01841,0.012941,0.01592,0.15164627134799957,0.0004609111638274,0.0236415043473243
E1JHS8_Q9VS36,0.13743,0.01297,0.016394,0.19404242932796478,0.0180250573903322,0.0007088822312653
Q9V464_P46150,0.0022538,0.013026,0.016022,0.2121107429265976,0.0020872340537607,0.0005136362160556
Q9VVY4_P52486,0.0021833,0.013119,0.015886,0.1995336413383484,0.0012982800835743,0.022003324702382
Q9W1A3_Q9VEQ1,0.0021775,0.013082,0.016132,0.3271433413028717,0.0113069703802466,0.0009022502345032
B6VQA0_P45975,0.0022182,0.012963,0.01645,0.003912102431058884,0.0127988364547491,0.0690691024065017
Q8ML92_Q8T390,0.002192,0.012939,0.015948,0.0102101294323802,0.0034940838813781,0.0025551514700055
P16554_Q03017,0.031012,0.013137,0.017095,0.03884189948439598,0.0593138709664344,0.0015104982303455
Q8SYC1_Q95TY2,0.0021897,0.01293,0.017166,0.0018825095612555742,0.9915205836296082,0.0159276481717824
A8JR10_P46150,0.0022975,0.013058,0.015994,0.008584494702517986,0.0057595176622271,0.2393559366464615
Q9VI60_M9PHI7,0.0021822,0.012954,0.015903,0.03716130927205086,0.0003447511408012,0.0042380318045616
Q9V431_Q9VN77,0.0021865,0.01321,0.016074,0.13412918150424957,0.0027324177790433,0.0011255033314228
P36179_Q9VGY3,0.0021631,0.013088,0.015893,0.04107508063316345,0.0017548539908602,0.0014435688499361
P52656_Q9VHE3,0.0021749,0.012941,0.015897,0.10151980817317963,0.0026774092111736,0.0003750681644305
Q9XZS4_P47948,0.002193,0.013091,0.015958,0.6965015530586243,0.0002758692135103,0.1093922033905983
P23573_Q24152,0.0021988,0.012963,0.016292,0.01549474149942398,0.9984177350997924,0.0021695275790989
P29673_P18929,0.0023213,0.01298,0.015872,0.040944118052721024,0.0002553840458858,0.0012882578885182
O97420_P23792,0.0022091,0.012972,0.015905,0.33465173840522766,0.0010843048803508,0.0009723943076096
Q94511_P29673,0.0021924,0.012975,0.015943,0.332023948431015,0.0003362901043146,0.3170970678329468
Q9VWX1_P98149,0.079165,0.012958,0.016,0.041122324764728546,0.0144721940159797,0.0761949717998504
Q9VKK9_Q7KVG9,0.0054441,0.012954,0.016103,0.15680105984210968,0.0203664544969797,0.0018237202893942
Q24472_Q27368,0.0025962,0.012931,0.015946,0.012139253318309784,0.9982751607894896,0.0322854109108448
P43332_P19018,0.0029581,0.018787,0.017178,0.37304532527923584,0.9989513158798218,0.0050564468838274
Q9VMR2_Q9VBY7,0.0021853,0.012936,0.015921,0.12116976082324982,0.0172445643693208,0.0156723484396934
Q9V9W8_P47948,0.0021758,0.013322,0.015913,0.19427251815795898,0.0048965895548462,0.0119384313002228
P08044_Q94535,0.0022342,0.012975,0.016018,0.010471783578395844,0.018232699483633,0.5001187324523926
Q9VLP3_B6VQA0,0.0021884,0.012922,0.015991,0.0312744677066803,0.0018280238145962,0.942027509212494
Q9VAF3_P26686,0.0021887,0.012944,0.016,0.19743308424949646,0.0333706624805927,0.2112998366355896
P23758_Q8T3W6,0.0065144,0.01307,0.016034,0.0075968592427670956,0.0016207249136641,0.0001743360771797
Q9VF10_A0A0B4K775,0.0023942,0.013305,0.015922,0.28084641695022583,0.2523357570171356,0.0248988065868616
Q9VQF9_Q8SYU5,0.0023442,0.012946,0.015919,0.19103196263313293,0.0009566005319356,0.0011759451590478
Q8IH18_Q9V3B4,0.0022052,0.012931,0.015886,0.0033443146385252476,0.001810684101656,0.0015708953142166
P49906_P26308,0.0021908,0.013081,0.016281,0.013306265696883202,0.0084750670939683,0.0003967992670368
Q9VTM2_P18933,0.0024375,0.013562,0.015907,0.00791971292346716,0.0003184743400197,0.0067814318463206
A1ZAK9_E1JIM1,0.0028669,0.013017,0.015971,0.3006608486175537,0.0052631357684731,0.0030982089228928
Q27272_P02828,0.0022438,0.012977,0.016075,0.39325225353240967,0.0100123938173055,0.0019682804122567
Q9VQY9_Q9Y0S9,0.030484,0.012932,0.015908,0.11894997209310532,0.0005403506220318,0.0029472189489752
Q8IMZ4_Q24533,0.0023262,0.012936,0.015951,0.10205359756946564,0.0298944935202598,0.0025898201856762
Q9W4S7_Q9I7H8,0.085328,0.012965,0.015989,0.17607195675373077,0.0075994976796209,0.0021525709889829
P16376_P49847,0.1263,0.013537,0.016106,0.03857596963644028,0.0015238624764606,0.001103246351704
Q8T0K1_Q9VCI7,0.0021756,0.012936,0.015918,0.06330648064613342,0.0044149942696094,0.0015312217874452
O76878_P98149,0.0048531,0.013096,0.015983,0.04309361055493355,0.0227471161633729,0.7103706002235413
P84051_O16797,0.077897,0.013006,0.016511,0.34695670008659363,0.0004555027990136,0.0006676640477962
P07548_Q8IPW2,0.0022074,0.012982,0.016161,0.35765981674194336,0.0061802864074707,0.0023688843939453
P42124_Q86BB4,0.0023227,0.013025,0.015885,0.4089287519454956,0.0012074192054569,0.0243727583438158
P36241_Q7K738,0.0021871,0.012976,0.015896,0.18299923837184906,0.0002730317355599,0.001860910328105
A0A0B4KFV0_Q8SXU3,0.0022387,0.01304,0.015943,0.0020055004861205816,0.0003266256826464,0.0083650769665837
P46867_Q9W3X7,0.0021902,0.013422,0.01597,0.3537677228450775,0.0023205247707664,0.0043521421030163
Q9XYF4_P06602,0.0022013,0.01303,0.015937,0.03305625170469284,0.0039547816850245,0.6194668412208557
O44437_Q8MLY8,0.0022352,0.012956,0.015954,0.47128114104270935,0.0006190646672621,0.0067631262354552
Q7JYH3_Q24560,0.0022114,0.012961,0.015897,0.11043492704629898,0.000289676565444,0.0238467585295438
Q9VQI4_P18929,0.0022679,0.01294,0.015869,0.2672998607158661,0.0002361666702199,0.280376136302948
P54611_Q9VFL4,0.0029578,0.016587,0.015963,0.1450299173593521,0.0003253306786064,0.0007076045149005
Q9XYU1_Q9VT57,0.0023887,0.013029,0.026472,0.02398131974041462,0.0006541135371662,0.004870559554547
E3CTS5_Q9VZV5,0.0022271,0.013004,0.015922,0.12920638918876648,0.0054228142835199,0.006633420009166
O18413_A1Z9E2,0.0022062,0.013039,0.015923,0.19225962460041046,0.0037827054038643,0.0014607892371714
P02299_Q24560,0.0022277,0.013316,0.016313,0.23885667324066162,0.0006951976683922,0.0044971238821744
Q24168_O02002,0.0021863,0.012988,0.015928,0.01883290521800518,0.0004891271237283,0.9578672051429749
P26686_Q9VGS2,0.0021862,0.01294,0.015886,0.0593993216753006,0.0015876635443419,0.0543198436498642
C6SV45_Q24154,0.0022139,0.01305,0.016341,0.0350547656416893,0.004676750395447,0.0009419996640644
P09052_Q9Y0H4,0.022269,0.013101,0.017632,0.050610076636075974,0.0004134213086217,0.0007477577892132
P21461_Q95RJ9,0.0021977,0.013199,0.015932,0.04001506045460701,0.0033552020322531,0.0002168153005186
Q709R6_P07548,0.30677,0.012991,0.016222,0.11832459270954132,0.0005600388976745,0.9580429792404176
O16130_Q9VJZ6,0.0022383,0.013,0.015884,0.40840914845466614,0.0020274489652365,0.3480167686939239
Q9V3K3_Q9VTT2,0.002197,0.01294,0.015944,0.5189091563224792,0.0005584245664067,0.0037182376254349
A1ZBY3_Q9VYW2,0.0021932,0.013167,0.015964,0.053723208606243134,0.0004649005131796,0.0054301507771015
Q4V5L1_Q7JVK6,0.0022876,0.012936,0.015929,0.17862243950366974,0.0104128383100032,0.0682696551084518
Q9VPT8_O44226,0.0021969,0.013021,0.015909,0.17663271725177765,0.0012297988869249,0.000996722606942
Q95SJ2_Q9W148,0.002182,0.012946,0.015895,0.08106404542922974,0.0006768164457753,0.0005896546063013
P09774_Q9VI13,0.0058413,0.013039,0.01687,0.19933918118476868,0.8896639943122864,0.0104781547561287
Q9VSB6_Q24134,0.0021662,0.013029,0.015971,0.5232736468315125,0.0007808131049387,0.0002517708635423
P16554_M9PBM3,0.005005,0.012937,0.01597,0.017214180901646614,0.0163318458944559,0.0005734898149967
Q27272_Q9VJ02,0.0032029,0.012976,0.015946,0.19915416836738586,0.0004695412062574,0.0087359277531504
P82804_Q9W3W8,0.0021838,0.012921,0.016288,0.091314896941185,0.000454092543805,0.0007665557204745
Q24560_Q9W334,0.0021977,0.013013,0.015901,0.12881378829479218,0.0010992661118507,0.8374525308609009
A1ZAZ6_Q8MUJ1,0.0022041,0.012915,0.015906,0.0020084755960851908,0.0004275426035746,0.0002439026138745
Q9VQD7_P23023,0.0021749,0.012923,0.015931,0.06980656832456589,0.0010437428718432,0.0002800475340336
P18491_Q7K2L1,0.0022109,0.013012,0.016027,0.04884104058146477,0.0003447705239523,0.0002670246758498
Q24246_O76908,0.0031324,0.013106,0.016086,0.027389390394091606,0.0008488734601996,0.0559323653578758
Q9VUR1_Q27368,0.0021843,0.012925,0.015901,0.2446153461933136,0.0052180332131683,0.0008923566201701
O16797_Q9VBH7,0.0022467,0.013471,0.016918,0.044341910630464554,0.0014585624448955,0.0085426094010472
Q9VG03_Q9VTM0,0.11981,0.014698,0.015932,0.34213823080062866,0.9989352822303772,0.000431612599641
Q27415_P49258,0.0021893,0.013104,0.015914,0.01340152695775032,0.0003171587595716,0.9195883274078368
Q9VVW2_P05205,0.0022059,0.012959,0.015969,0.3315478563308716,0.0019410611130297,0.0236634407192468
Q9W1U6_Q9VQM2,0.0024142,0.012932,0.015921,0.04154914245009422,0.0008020025561563,0.0012449104106053
Q9VHB6_Q7KLV9,0.0021701,0.013067,0.015949,0.04822125285863876,0.000512450817041,0.0024240862112492
Q9VR58_Q9W0E9,0.0022595,0.013075,0.015957,0.0327153354883194,0.0309457369148731,0.0241800528019666
Q9VQY9_Q9NCC3,0.0021941,0.012921,0.015932,0.0193472933024168,0.0004126369603909,0.0014658621512353
Q7KSD8_Q9VH45,0.0021962,0.012935,0.015914,0.08900008350610733,0.0005331907304935,0.1097586303949356
P18824_P91943,0.26939,0.013464,0.027718,0.00785471498966217,0.9980461597442628,0.0298873074352741
Q9VTC4_O16867,0.0022035,0.012969,0.015894,0.08390119671821594,0.0006859726272523,0.9336100816726683
M9PHI7_Q9V428,0.0021768,0.01293,0.015885,0.0369953028857708,0.0002583002788014,0.8172335028648376
P81909_Q9VR35,0.0021764,0.012922,0.015898,0.13422580063343048,0.0002839326334651,0.0006462488672696
P98149_P08970,0.0090844,0.012969,0.016535,0.051973480731248856,0.7229283452033997,0.8865149617195129
Q9VKM1_P81917,0.0021826,0.012911,0.015893,0.088919498026371,0.0004578646621666,0.002130894223228
Q9VGV7_Q9W3E7,0.0021886,0.012926,0.015924,0.49905461072921753,0.0038435242604464,0.0718813017010688
Q9Y0S9_Q9VXS3,0.072723,0.012954,0.015981,0.06663988530635834,0.0142464190721511,0.0064751515164971
O77237_Q24570,0.0022145,0.012919,0.0159,0.17383968830108643,0.0036225542426109,0.0006685994449071
Q9W0G1_P55828,0.0021755,0.012938,0.015894,0.3388998508453369,0.000640056154225,0.0014891175087541
Q9VEV9_Q9VGU4,0.68651,0.013676,0.016173,0.024944650009274483,0.0007904035155661,0.0001732526434352
O96881_Q9VPU9,0.0021844,0.012922,0.015965,0.045571036636829376,0.0009239501669071,0.2138958424329757
Q7JNL9_Q24171,0.014809,0.012986,0.020612,0.0891120433807373,0.000965996470768,0.0013650637120008
Q9VAF2_P51140,0.0023886,0.012927,0.015946,0.02680300548672676,0.0006596089224331,0.000257948617218
P41042_Q9VJI9,0.0022994,0.013039,0.015974,0.01317969337105751,0.0002891087788157,0.0003485299821477
Q9XZT6_P16914,0.0024055,0.01298,0.017323,0.31109943985939026,0.0018968416843563,0.1637701988220214
O16797_Q9VA95,0.0021865,0.012983,0.015898,0.11288484185934067,0.0003886101185344,0.9870949387550354
Q9V535_P18929,0.0024074,0.012963,0.015933,0.2729564607143402,0.0003764659631997,0.0004125905688852
Q7KRU8_P26270,0.0021881,0.012943,0.015927,0.2811878025531769,0.0002846970455721,0.001800678204745
Q9VDH8_Q9VSY9,0.0022031,0.012936,0.015906,0.004098222125321627,0.0056055821478366,0.0739402025938034
P19889_Q24318,0.0022229,0.012936,0.016007,0.3095984160900116,0.0087538873776793,0.00039598607691
Q7KRY6_Q9VLU0,0.0021779,0.01298,0.015942,0.392696350812912,0.012002469971776,0.0002743649238254
Q9VM20_Q9V8I2,0.0022365,0.013743,0.015894,0.01603821851313114,0.0002802390081342,0.1383834481239318
Q7JZB4_P49071,0.0022201,0.012977,0.016131,0.1063627377152443,0.0003182193904649,0.001332813873887
E1JGN7_P08044,0.007363,0.013102,0.016047,0.05098247155547142,0.0042362716048955,0.3612671196460724
Q9VUR3_P29844,0.0021733,0.012945,0.015898,0.0326477475464344,0.0050445045344531,0.9875304698944092
Q9V6Q2_Q7KVG9,0.0090434,0.012975,0.016141,0.010865941643714905,0.0023230055812746,0.0002719074254855
P18824_Q9VN06,0.0021836,0.013288,0.015884,0.06285054236650467,0.0371384099125862,0.0015137055888772
Q9W3E7_Q8IMM9,0.0022649,0.012957,0.01595,0.06977610290050507,0.0029824841767549,0.047136552631855
Q24186_Q9W115,0.0021962,0.01293,0.015903,0.05657239258289337,0.0009168167016468,0.0031971740536391
Q9VBY7_Q9VJ83,0.0022026,0.012949,0.015906,0.0545315258204937,0.0007228780305013,0.0014031950850039
P42325_O18413,0.0022077,0.013013,0.015946,0.05392896384000778,0.0009271424496546,0.0032833917066454
Q32UW5_Q9VAP2,0.42923,0.013145,0.016423,0.21533019840717316,0.0326060280203819,0.0148483449593186
Q9W087_Q27324,0.0021927,0.013,0.015894,0.2727663516998291,0.0002228498051408,0.0009990152902901
C7DZL9_Q9VXS3,0.002191,0.012954,0.015864,0.08684112876653671,0.0003195753961335,0.0062145832926034
P16376_P26308,0.002186,0.013304,0.015963,0.17700666189193726,0.0091618355363607,0.9675049185752868
P41092_Q8INQ9,0.0021786,0.012972,0.015891,0.03664951026439667,0.0003238141362089,0.0006421256111934
P42003_Q9VHG6,0.0022624,0.012927,0.01588,0.07928363233804703,0.0029861703515052,0.811926543712616
P22814_Q9VBP9,0.0022198,0.012941,0.01599,0.0448986254632473,0.0103263976052403,0.0180616714060306
Q9W140_P12982,0.002256,0.013066,0.0168,0.0069961221888661385,0.0052785412408411,0.688140332698822
Q9W0I6_Q9W229,0.0021726,0.012927,0.015879,0.04327145963907242,0.000851355085615,0.0001722504966892
P16568_Q9VUZ1,0.002317,0.012978,0.015887,0.146833598613739,0.629055380821228,0.0632188767194747
Q0E8K5_Q95SG9,0.0021789,0.012937,0.016004,0.31923040747642517,0.0018456629477441,0.0020895763300359
P48598_Q9VG38,0.0021753,0.013031,0.015916,0.2252109944820404,0.0005256662843748,0.1689621806144714
Q9VMN9_Q9VM64,0.011916,0.68046,0.08887,0.024874206632375717,0.0039246240630745,0.0020617798436433
Q8T965_O18338,0.002199,0.013009,0.015945,0.12788131833076477,0.0002482405107002,0.992932915687561
Q9VLT7_Q9W2R4,0.0021901,0.012961,0.016403,0.012398917227983475,0.0022147938143461,0.0010457589523866
Q9VCG6_Q7JZK1,0.0021771,0.012923,0.015894,0.12528382241725922,0.0032698914874345,0.0046013332903385
Q9V9J3_M9PBY4,0.0021886,0.012954,0.015913,0.0717850849032402,0.0009135385625995,0.0004971284070052
Q9VVJ6_Q9VKV6,0.0024756,0.013089,0.01615,0.1390516459941864,0.0004143026599194,0.0008065677247941
P25008_Q7KM04,0.0021777,0.012961,0.016683,0.06284023076295853,0.0109610352665185,0.0003025450278073
Q95TS5_P49071,0.0021849,0.012964,0.015918,0.015177454799413681,0.0002766488469205,0.989770770072937
O62530_P17789,0.0021704,0.012941,0.01593,0.21105748414993286,0.0005195984849706,0.0364691764116287
Q9W542_P22769,0.0021751,0.012933,0.015885,0.21497106552124023,0.0009188538533635,0.0114076817408204
Q9VHN1_P46824,0.0021895,0.013309,0.015945,0.02051391452550888,0.0023888200521469,0.0039525716565549
P84051_Q9VIZ0,0.0022388,0.012958,0.015945,0.005251933820545673,0.0003087725490331,0.8406542539596558
Q24133_Q9VUQ1,0.002179,0.012974,0.015914,0.20408225059509277,0.000908808724489,0.1871899217367172
P41093_Q9VJP9,0.0021957,0.012915,0.015906,0.517913818359375,0.0012311682803556,0.0052570458501577
Q9VT51_Q9Y0I1,0.0021932,0.012945,0.015912,0.15105874836444855,0.0004085215041413,0.1649302840232849
Q86BB4_Q9NJG9,0.0022745,0.013037,0.015897,0.5591198205947876,0.0010264350567013,0.9864553213119508
Q24306_P34021,0.0023049,0.013099,0.031945,0.15382768213748932,0.0022367779165506,0.0064626815728843
Q9W148_Q9VI55,0.002196,0.012936,0.025771,0.014062734320759773,0.0040430147200822,0.0029962041880935
P92204_P08570,0.0021946,0.012927,0.016001,0.027683541178703308,0.0055056097917258,0.0002181168383685
Q8T4F2_Q8T0K1,0.0021706,0.012941,0.015967,0.2760331332683563,0.000340258993674,0.0198544505983591
Q9VR38_Q9I7P3,0.0021709,0.012907,0.015953,0.07396262884140015,0.0027366024442017,0.0164131131023168
Q7KY08_Q0KI69,0.0022188,0.012954,0.016093,0.1219630092382431,0.016179371625185,0.0005058281240053
Q24276_Q9VIE6,0.002419,0.013098,0.036549,0.1192559152841568,0.0134838689118623,0.6427913904190063
Q9VPH8_Q9VM81,0.0022379,0.012963,0.015921,0.010993425734341145,0.0103478031232953,0.0027711552102118
Q9VXS3_Q9VM20,0.066114,0.012982,0.017353,0.17042690515518188,0.009067072533071,0.0499937981367111
B7Z0R7_Q9VS34,0.002182,0.012959,0.01594,0.021680284291505814,0.0009633831214159,0.1613857597112655
P05205_Q9VCR6,0.002187,0.01294,0.015977,0.20272387564182281,0.0060120616108179,0.5567139387130737
P23573_Q7KUZ5,0.0022724,0.013014,0.016812,0.38688236474990845,0.997655749320984,0.0005438357475213
Q9NCC3_Q05547,0.0022066,0.012994,0.017763,0.02415245585143566,0.0095061510801315,0.0004302005399949
P20353_Q9VX94,0.0023012,0.013022,0.015973,0.24976520240306854,0.002035220619291,0.0024947312194854
Q95RA8_P13098,0.0022002,0.012999,0.015918,0.060633521527051926,0.0013045371742919,0.0011990298517048
Q9VQF9_Q24318,0.002258,0.012946,0.015901,0.05157911777496338,0.00825887452811,0.9884200096130372
P91929_Q9VAC4,0.0021874,0.012974,0.015943,0.043718382716178894,0.0005048876046203,0.7939337491989136
C5WLN8_Q9W3R7,0.0021854,0.012954,0.015945,0.1172751635313034,0.0005812802701257,0.0032859221100807
Q7JYH3_Q9VGC7,0.0022341,0.012936,0.015893,0.39848870038986206,0.0010513834422454,0.009644079953432
Q95TN8_Q9VC66,0.18041,0.013155,0.016096,0.08426226675510406,0.0612630471587181,0.0119955437257885
Q9XZ61_Q962S2,0.0025442,0.013033,0.015865,0.07455980777740479,0.0005581821897067,0.0014716205187141
P62152_Q9VLU0,0.0021984,0.013188,0.025269,0.25739654898643494,0.0010058959014713,0.0015144712524488
A0A0B4K775_Q9W501,0.002267,0.013588,0.015932,0.0843052864074707,0.0016564888646826,0.8376056551933289
Q9VF77_Q9V3K3,0.0021741,0.012931,0.015904,0.00858931802213192,0.0002648808003868,0.0006997064920142
P48612_Q7KMG7,0.0021772,0.012947,0.015892,0.18616117537021637,0.9838331341743468,0.424591988325119
Q9VE96_Q7JVK6,0.0021727,0.01293,0.015881,0.05142611265182495,0.0008761285571381,0.0006041266606189
P26308_B7YZF0,0.0022094,0.013095,0.016123,0.08769235014915466,0.0130821885541081,0.0772436633706092
A1Z9I6_Q24472,0.0022078,0.013057,0.01599,0.028484506532549858,0.0141105409711599,0.0034585881512612
P02836_P16371,0.12193,0.01316,0.016107,0.2703346014022827,0.0213466361165046,0.0014366877730935
P49028_Q9VKD6,0.0021992,0.013302,0.015892,0.019644949585199356,0.0034699947573244,0.0006833949009887
Q95SG9_Q7KM04,0.002217,0.012991,0.023171,0.10822825133800507,0.1318433284759521,0.0868575647473335
P30052_Q9W0Q5,0.0031034,0.012928,0.016009,0.3668118119239807,0.3309286236763,0.0023034259211272
A0A0B4KEP9_P62152,0.0083184,0.013312,0.15936,0.13355296850204468,0.0054160747677087,0.0045593888498842
Q9VJE4_Q7KUD5,0.0021999,0.013004,0.015881,0.23680220544338226,0.0002147803897969,0.0014504090650007
Q7PL91_Q9VBH7,0.0022548,0.012993,0.015954,0.046424005180597305,0.0008476488874293,0.000128289728309
Q24306_Q9VBY7,0.0021892,0.012961,0.015934,0.19419926404953003,0.0096851419657468,0.0131744546815752
C5WLN8_P52485,0.0021887,0.012947,0.015944,0.007576438132673502,0.0003239342186134,0.0012068633222952
Q8IPC3_Q7KUL3,0.0022057,0.012942,0.015982,0.07890739291906357,0.000522693444509,0.9302644729614258
P12881_P50887,0.0021798,0.012957,0.015912,0.009232288226485252,0.00044840836199,0.0003254256153013
Q94524_Q9VV74,0.0021859,0.012925,0.015892,0.08922974020242691,0.0004559368244372,0.0072439513169229
A0A0B4KEQ4_Q7K2G1,0.0021789,0.012923,0.015902,0.048195477575063705,0.0022938400506973,0.0009570331312716
A1ZAC4_Q8MLY8,0.0022118,0.012933,0.015926,0.0464884378015995,0.0017711038235574,0.0027490425854921
Q6NMT8_Q9V3W2,0.0022099,0.012927,0.015963,0.0574282743036747,0.0054630758240818,0.9075857400894164
O76924_Q9Y1B2,0.0021821,0.013157,0.015923,0.10368940234184265,0.0016167499125003,0.0005804982502013
Q9VHD2_P02835,0.0022299,0.012995,0.015902,0.2921621799468994,0.0025267750024795,0.1101980507373809
Q9V3J8_P23023,0.0022059,0.013075,0.015973,0.08839070796966553,0.02648201957345,0.0552120096981525
Q9VZL5_P18930,0.0024056,0.012951,0.015872,0.22578836977481842,0.0002524951705709,0.007709018420428
Q9VFE9_P49630,0.0021886,0.012924,0.015894,0.02234422042965889,0.0012275108601897,0.0737634375691413
P08646_P11346,0.002827,0.015813,0.016879,0.05025852099061012,0.9941158294677734,0.0078227883204817
E1JH43_Q9VEG5,0.0023863,0.012971,0.015968,0.08962506055831909,0.9928078651428224,0.0002274912549182
P46824_Q9VTP4,0.0021886,0.013491,0.015919,0.044107284396886826,0.0003539521130733,0.0002112803340423
Q8IQ53_P12982,0.0021771,0.014069,0.015964,0.0850580632686615,0.0006889983196742,0.0019001945620402
C0HL67_Q9W0I7,0.0022046,0.012938,0.015929,0.1995774805545807,0.081824742257595,0.0010204405989497
P48148_P23647,0.0024327,0.013817,0.018332,0.3260701298713684,0.0870787054300308,0.9017025232315063
Q9VYY9_A1Z9I5,0.9116,0.93268,0.016002,0.021516041830182076,0.0051918821409344,0.0028989522252231
P16914_Q9VEQ1,0.0021841,0.013258,0.016076,0.019795458763837814,0.0068740700371563,0.000420271186158
Q9VKV6_Q9VZU1,0.0036819,0.012946,0.016135,0.15512752532958984,0.0040789167396724,0.980324923992157
Q9V3L8_P17789,0.0033449,0.01355,0.015895,0.2824479341506958,0.0003299243107903,0.000198921028641
Q9VYW2_Q9VP57,0.0022138,0.012974,0.015936,0.04086817428469658,0.9758316278457642,0.0298751592636108
P19018_Q8MSY4,0.0021851,0.013159,0.016035,0.28245314955711365,0.0004733378882519,0.0035577199887484
Q9V4E0_O76924,0.0022031,0.013058,0.015971,0.07844629138708115,0.0002615199773572,0.0024030497297644
Q8IQ92_Q01071,0.045119,0.01305,0.015949,0.007392045110464096,0.002734996844083,0.0018466400215402
Q24324_P16241,0.0024399,0.013825,0.025424,0.1514844298362732,0.0229326449334621,0.5053649544715881
Q9V3E9_P52168,0.0034792,0.013276,0.016017,0.010789298452436924,0.0012606370728462,0.0291032791137695
Q7K4N3_P09956,0.0022177,0.013216,0.015925,0.039269596338272095,0.0009088147780857,0.0032260750886052
Q7KRI2_P13098,0.0021895,0.013048,0.015926,0.022809946909546852,0.0009458961430937,0.2019377946853637
Q8SYM9_Q9V535,0.0022065,0.012926,0.015969,0.12879469990730286,0.9983850717544556,0.965622067451477
Q9W3H5_Q9VAC4,0.0022069,0.012936,0.015902,0.014912455342710018,0.0005283905193209,0.0025449790991842
M9PF17_Q24168,0.0021891,0.013041,0.015888,0.2548501193523407,0.0004574689664877,0.0014896180946379
O76924_Q24423,0.0022761,0.013565,0.016092,0.6775808334350586,0.0016692714998498,0.0271334163844585
B6VQA1_P18931,0.0021885,0.012996,0.015888,0.03145114704966545,0.0002595724363345,0.4719862639904022
Q9VBN5_Q7K2L1,0.0021864,0.012916,0.015933,0.09781865775585175,0.000576201127842,0.3568570613861084
P25158_Q9VYX4,0.0022598,0.012937,0.015937,0.36919671297073364,0.3643351197242737,0.0033361758105456
Q9VQD7_Q7YU24,0.0021753,0.01292,0.015875,0.046445488929748535,0.000672472640872,0.7743882536888123
Q9VEC5_Q9VIT3,0.0028108,0.013128,0.016305,0.037008095532655716,0.0088965753093361,0.0003485231718514
O46308_P13097,0.002226,0.013166,0.02287,0.09647581726312637,0.0008334442973136,0.0019297098042443
P40792_Q7K159,0.0021833,0.013012,0.015927,0.1140003576874733,0.0009313484188169,0.0016366193303838
Q8IPW3_Q9VUX7,0.003726,0.01772,0.015882,0.50124591588974,0.0012188419932499,0.0007588189328089
Q8SX32_A0A0B4KEP9,0.0021995,0.01295,0.015979,0.20775341987609863,0.0004839053144678,0.0003513699339237
P11420_Q8IMZ4,0.0026758,0.012971,0.016106,0.027534132823348045,0.0733882263302803,0.0016944346716627
Q27297_Q9VE52,0.0022474,0.013026,0.016083,0.24758951365947723,0.0003741922555491,0.1224333345890045
Q24475_Q9VPD2,0.0021828,0.01297,0.015902,0.38795384764671326,0.0004987951833754,0.0388318412005901
P54367_P23647,0.0023565,0.01695,0.15313,0.43856534361839294,0.9970712661743164,0.0973922237753868
Q95TY2_Q9VAF3,0.0022603,0.012933,0.01814,0.025166673585772514,0.0088024633005261,0.001778592239134
Q4V6I0_P48462,0.0021857,0.013231,0.054884,0.002151625696569681,0.0002776884066406,0.0017710557440295
Q9VPY0_Q9VZM7,0.0021833,0.013052,0.01595,0.0692896842956543,0.0255406312644481,0.8511848449707031
Q7KJ69_P40427,0.0021792,0.012925,0.01589,0.08520914614200592,0.0005865143612027,0.980803906917572
Q9VC66_Q9V407,0.0026249,0.0134,0.015911,0.17167280614376068,0.0038928566500544,0.6316677927970886
O61231_Q9VQS4,0.0021741,0.012946,0.015906,0.12617288529872894,0.0004851560806855,0.0002484962751623
Q9VAP2_Q9VKD6,0.0037244,0.013192,0.01591,0.020684553310275078,0.9987612962722778,0.158208429813385
Q9VAF2_Q9W0F8,0.0022012,0.012937,0.01589,0.1924278885126114,0.000363621773431,0.0120332865044474
B6VQA0_P41094,0.0022075,0.012952,0.016168,0.07773151248693466,0.000439778144937,0.0012666145339608
Q9VFE4_Q9VTT2,0.0021968,0.012928,0.016157,0.07793604582548141,0.0013786979252472,0.0013617241056635
Q9VSN0_C7DZL4,0.0021868,0.012946,0.015889,0.03100944682955742,0.0002212998806498,0.0241605509072542
P25991_M9PHI7,0.0021776,0.013321,0.016004,0.02229616418480873,0.0132589191198349,0.0021933612879365
Q8SYM9_Q9V3L8,0.0038385,0.013147,0.015901,0.06355135142803192,0.0002707025851123,0.9754029512405396
Q8MUJ1_O44226,0.0022033,0.012936,0.01592,0.013583216816186905,0.0002843679685611,0.0008909446769393
Q9VN06_Q9VG38,0.0022142,0.012929,0.015904,0.09164315462112427,0.0010567869758233,0.0195773746818304
Q9VUY2_Q94513,0.0023826,0.013024,0.016275,0.1137174740433693,0.0071040326729416,0.0016168839065358
P40793_Q7K0E6,0.0022706,0.013629,0.016538,0.11924650520086288,0.0003183511144015,0.1197550296783447
Q9I7H8_Q9VWA6,0.0083624,0.013017,0.015948,0.01167035661637783,0.0048499959520995,0.000188027479453
Q9VS01_Q8T414,0.0097814,0.01296,0.015921,0.2700425982475281,0.2586005330085754,0.0005296349991112
Q9VKF0_Q95RJ9,0.0024035,0.013018,0.017403,0.17560282349586487,0.0101899383589625,0.0032153530046343
Q9W2V7_Q9VHK6,0.002189,0.012952,0.015903,0.24956759810447693,0.0003040814190171,0.0314660482108593
Q9VSE9_Q9VYY9,0.0026575,0.013124,0.015973,0.01600974053144455,0.0005527146277017,0.0004186114529147
Q9VVU2_Q9VJD4,0.0021878,0.013003,0.015903,0.07966116070747375,0.0004679409612435,0.0904100984334945
Q9V7W9_Q9VBI0,0.0022016,0.012916,0.015942,0.11562526971101761,0.0619875527918338,0.0009169591357931
P08181_Q24169,0.0023256,0.012987,0.018556,0.003941591829061508,0.0002524352166801,0.0017250255914404
P24350_Q9VUZ1,0.0021907,0.012937,0.015893,0.5267534852027893,0.0006781655829399,0.001237342134118
P26308_X2JEH3,0.0021818,0.013007,0.016093,0.3117300570011139,0.0194633305072784,0.0007173888734541
Q24475_Q7JXB9,0.0021913,0.012932,0.015896,0.0765460804104805,0.000565494177863,0.0067373714409768
Q9VSE9_P49630,0.0021904,0.012955,0.015905,0.018263641744852066,0.0003054496773984,0.0086552826687693
Q9VG94_P09052,0.0022181,0.013065,0.016038,0.47801893949508667,0.001464057713747,0.2791652381420135
Q0E9B6_Q9VLP3,0.0022193,0.012922,0.015954,0.16703979671001434,0.0002712104760576,0.0073914248496294
Q9W3Q0_Q9VX94,0.003168,0.013174,0.016095,0.15725214779376984,0.035260796546936,0.0004227915196679
Q9W4M8_Q24087,0.0021928,0.012928,0.015953,0.445304274559021,0.0007918548071756,0.3319379091262817
Q9VCL2_Q9U6B8,0.0022515,0.012927,0.015918,0.14338822662830353,0.0012382003478705,0.2555018365383148
P12982_Q9VQS4,0.0023058,0.013041,0.016021,0.2364511340856552,0.0028056697919964,0.8505362868309021
Q9VEG5_Q9VG38,0.0021877,0.012969,0.0159,0.0069945622235536575,0.0022127188276499,0.0571421347558498
P11420_P13096,0.17605,0.013125,0.017649,0.46271029114723206,0.9984654188156128,0.0030397882219403
P30052_Q9VDE3,0.0022321,0.012964,0.015966,0.1670716404914856,0.0016397386789321,0.0016831820830702
Q01842_P34021,0.013001,0.013071,0.016403,0.29271867871284485,0.027357755228877,0.0024740055669099
P10987_Q9V9W8,0.0042972,0.013149,0.015938,0.012245727702975273,0.0071927974931895,0.0846863016486167
Q9VPX6_O76927,0.0021795,0.012934,0.015886,0.13261911273002625,0.0020658180583268,0.3639211356639862
Q7K0E6_Q95028,0.0023111,0.013529,0.01638,0.10819955915212631,0.0013131665764376,0.002707831794396
Q9VBI1_D8FT20,0.0022097,0.012946,0.015903,0.03551529347896576,0.0003791641793213,0.3323966860771179
Q9V461_Q9VA91,0.0021906,0.012966,0.015902,0.004828399512916803,0.0191528294235467,0.9332104325294496
Q8MSY4_Q9VI72,0.0033682,0.022189,0.015962,0.15563829243183136,0.0095838326960802,0.1927113682031631
Q9W5B9_Q9VIZ0,0.0022227,0.01293,0.015918,0.3108639121055603,0.0006408838671632,0.0066054887138307
P10083_Q9VQF9,0.0026598,0.013011,0.015922,0.10939166694879532,0.0006588983815163,0.005849783308804
Q9VHN1_A1ZAW5,0.0021922,0.012934,0.015893,0.3627457916736603,0.0149507019668817,0.0051970886997878
Q0E8K5_Q9V457,0.0022646,0.012952,0.015905,0.09788528829813004,0.0028773779049515,0.0153375696390867
P22464_Q24472,0.0021658,0.01291,0.015894,0.01905086450278759,0.9988346695899964,0.3321171998977661
Q01083_Q8IPC3,0.0021901,0.01294,0.015891,0.12142640352249146,0.0010595956118777,0.0020482020918279
P18933_P02836,0.0021839,0.012943,0.015875,0.2930837869644165,0.0002913522766903,0.0004090908332727
P18929_Q8IMX1,0.0022822,0.012955,0.015869,0.17323382198810577,0.0002306621609022,0.0001557234791107
O76908_Q9VJI7,0.0022019,0.012967,0.015905,0.05907948315143585,0.0003051344538107,0.9924622774124146
A1Z9I6_Q9W3X7,0.0022298,0.013014,0.01598,0.06392858922481537,0.0011994193773716,0.0060486546717584
P20227_P47825,0.79256,0.013036,0.01651,0.030891668051481247,0.0011367150582373,0.1673040837049484
Q9VE96_Q9VM64,0.0044114,0.012991,0.015943,0.13703680038452148,0.0054688644595444,0.0035873383749276
Q8T390_Q9W2V7,0.0021802,0.012925,0.015893,0.1521877497434616,0.0002829403383657,0.8404150605201721
Q9W542_Q9VCY3,0.0021795,0.012931,0.015908,0.1558787226676941,0.0022763751912862,0.9889989495277404
B6VQA1_Q9VVH8,0.0023206,0.013003,0.015909,0.22638662159442902,0.008273921906948,0.0046834824606776
Q7JWR4_Q9VQR2,0.0021986,0.012919,0.016061,0.35053932666778564,0.0013700631679967,0.0006826971075497
Q24180_Q9VZL5,0.0021849,0.012931,0.01591,0.2465013563632965,0.0023822574876248,0.9834107756614684
O76924_P46150,0.0023043,0.013252,0.015939,0.06823036819696426,0.0005095208762213,0.1101673915982246
P18929_Q9VA83,0.0022828,0.013169,0.015878,0.03110860101878643,0.0002874128113035,0.0434018447995185
P55828_C7DZL9,0.0023354,0.01295,0.015899,0.130765900015831,0.0018350150203332,0.4246536493301391
P25867_Q9V3Z4,0.0021786,0.013007,0.015898,0.28129908442497253,0.0003127395175397,0.0084804743528366
Q9VLV5_Q9U1H9,0.00302,0.012974,0.015892,0.11948731541633606,0.0002743345976341,0.0004529103753156
Q7KMP8_Q9W481,0.0021803,0.013047,0.015975,0.11705908924341202,0.0004497696354519,0.0002193723776144
Q9VZU2_P43332,0.0021896,0.012952,0.015893,0.4215557277202606,0.0005188405048102,0.034354455769062
Q9VAC4_Q24008,0.0025806,0.01293,0.015959,0.012484343722462654,0.005074065644294,0.2914079427719116
P06602_A0A0B7P9G0,0.0056752,0.013023,0.015968,0.028907790780067444,0.0003777605015784,0.0069382605142891
Q9V3L7_Q9W0S8,0.0022147,0.01295,0.016005,0.2126723825931549,0.0010256656678393,0.0007864827639423
Q9VZU4_P22265,0.002187,0.013066,0.015888,0.24081410467624664,0.0071319458074867,0.0023680529557168
Q9V9Y9_Q9W2K0,0.0024672,0.01296,0.015965,0.3252808153629303,0.0062342924065887,0.0009103417978622
A8JNK7_Q9W2S2,0.0021784,0.012965,0.015901,0.17173978686332703,0.0036130112130194,0.9910129904747008
Q9VCZ8_Q9VVT5,0.0025974,0.013022,0.015903,0.5871623158454895,0.0013807122595608,0.0573146566748619
Q86BB4_Q9VGF9,0.0021928,0.013027,0.015968,0.01962035335600376,0.0100001636892557,0.0004220765258651
Q27889_Q9VUK7,0.0053472,0.013053,0.015997,0.2465270608663559,0.0441681519150733,0.0004031862772535
Q9VMV7_Q9W0F8,0.0021914,0.012959,0.0159,0.0430438332259655,0.0003516934812068,0.0006842247676104
P42003_Q9VCS1,0.0022446,0.012931,0.015902,0.10410747677087784,0.0012165831867605,0.0004523046663962
P29673_Q7KVG9,0.0059132,0.013079,0.01599,0.10460478812456131,0.0089233564212918,0.1015818491578102
Q9Y0Z9_P02574,0.0022614,0.014827,0.016052,0.490911066532135,0.0008268463425338,0.0340333245694637
Q9VS59_Q9V3L7,0.0022033,0.013465,0.021444,0.4638991057872772,0.0003600183117669,0.0314484313130378
Q960Q9_O97420,0.0023507,0.012961,0.015937,0.013265465386211872,0.0005245166248641,0.0035642865113914
Q9W4R3_Q06453,0.0022104,0.013283,0.016561,0.3499012291431427,0.0015284401597455,0.0866042822599411
Q9W0Q5_Q9V461,0.0022232,0.012941,0.015967,0.06541887670755386,0.0366091541945934,0.0095092542469501
P11147_Q9VU83,0.0021775,0.01308,0.01597,0.4831882417201996,0.8399311304092407,0.9757784008979796
P51140_Q08012,0.0021887,0.013094,0.021691,0.17324627935886383,0.0234683565795421,0.0025663382839411
P83949_Q7K4N3,0.0022125,0.013147,0.015954,0.027848636731505394,0.0006542347255162,0.0013508724514394
Q9Y0I1_Q24472,0.0021803,0.01295,0.015941,0.058532871305942535,0.0184917319566011,0.0019037792226299
O46339_Q9VA32,0.022402,0.013625,0.018969,0.06194519251585007,0.0020652499515563,0.0036050672642886
P48588_Q8IMX1,0.0022062,0.012941,0.01591,0.23756884038448334,0.0004778440634254,0.0004604568530339
P23792_Q9VWX1,0.0023399,0.012948,0.015941,0.007336079608649015,0.1198320388793945,0.0019696492236107
O01382_Q9XYF4,0.0023005,0.013095,0.022599,0.3333618938922882,0.9989256262779236,0.0440980903804302
A1Z9X0_Q95RV3,0.0022908,0.012964,0.01624,0.01554014626890421,0.0145557830110192,0.1170582547783851
Q0E9B6_Q9VGY3,0.002192,0.012936,0.015902,0.020124513655900955,0.0004973099566996,0.0029411118011921
Q9NFU0_Q94511,0.0022714,0.012992,0.01596,0.17548640072345734,0.0002803170355036,0.0308222230523824
P36179_Q9W1U6,0.0021593,0.013053,0.016003,0.03461688384413719,0.0004169241001363,0.1789516657590866
P48462_Q9VUX7,0.002597,0.013043,0.015938,0.008564883843064308,0.0009505117777734,0.0001431831187801
P14785_Q9VQA2,0.0021765,0.012915,0.015894,0.026033256202936172,0.000678047304973,0.0014043019618839
Q27324_Q9VCI7,0.0022058,0.012976,0.015966,0.10353077203035355,0.0004565800190903,0.0003946516371797
Q9VUQ1_Q9VSE9,0.0024468,0.012972,0.015991,0.13757868111133575,0.0041205892339348,0.00289894384332
Q9VJE4_Q9I7H8,0.0021831,0.012938,0.015868,0.007512010168284178,0.0002422295801807,0.5492446422576904
Q9VHG6_P17704,0.0022348,0.012925,0.015893,0.1528930962085724,0.0003681053931359,0.0003801249258685
Q9VF77_Q9VWD9,0.0021688,0.012944,0.015894,0.033471450209617615,0.0002850294695235,0.0531206764280796
Q7JXV9_Q9W3X7,0.0022302,0.01295,0.015889,0.04495084658265114,0.0008104795706458,0.0073110330849885
Q9V431_Q05825,0.0022192,0.013561,0.015958,0.07733608037233353,0.000417853356339,0.0008562272996641
Q9VNE4_Q05547,0.0023122,0.013067,0.015991,0.04027985408902168,0.0743293389678001,0.004344227258116
Q9V4Q8_P42124,0.0021732,0.012922,0.016109,0.1208430603146553,0.0008579194545745,0.0070399190299212
Q9VKV4_Q01068,0.005438,0.013156,0.015916,0.15694354474544525,0.0004308118368498,0.0006682098610326
P23128_P48598,0.0021856,0.013025,0.016151,0.03560149297118187,0.0003391816280782,0.0019048833055421
O76922_Q27415,0.0021724,0.012943,0.016023,0.034469395875930786,0.0027975500561296,0.0326530300080776
Q7KS72_O97111,0.0023807,0.012968,0.015975,0.3891194760799408,0.0006137640448287,0.0251019038259983
Q9VGR1_Q9W3Q0,0.0053319,0.01645,0.016102,0.26597875356674194,0.9980679154396056,0.0008136142860166
Q9VEC5_P08570,0.0021669,0.013136,0.015895,0.15987348556518555,0.0004359248559921,0.0047458638437092
A1Z9E2_Q9VF04,0.002271,0.012968,0.01594,0.020266816020011902,0.0100904535502195,0.0015882576117292
Q9VJD4_P09052,0.0022211,0.013242,0.016414,0.08074010163545609,0.1066251024603843,0.0259655155241489
Q9NJG9_A8JR10,0.0027809,0.012932,0.016143,0.0412423312664032,0.0041227955371141,0.666290819644928
P62152_P15330,0.0021757,0.013234,0.015879,0.2747732996940613,0.0089014628902077,0.0004556029161904
P04197_Q9W482,0.0022463,0.012959,0.015979,0.10895685106515884,0.998691976070404,0.0014695422723889
Q27324_Q8T403,0.0022007,0.013033,0.016322,0.011349968612194061,0.0004620112886186,0.3660949170589447
Q9VM46_Q9VWA6,0.0022361,0.013102,0.016283,0.1250985711812973,0.0125990770757198,0.0057778162881731
Q9VEV9_B7YZF0,0.0022477,0.012988,0.016006,0.21823914349079132,0.0015969540691003,0.0062158936634659
P81917_Q9VNB5,0.00302,0.012934,0.027119,0.3003079891204834,0.2179801762104034,0.0467689745128154
Q9VDD1_M9PHL2,0.0022,0.012937,0.016269,0.017767852172255516,0.0024024231825023,0.0012863770825788
Q9VVX0_Q9VJP9,0.0022681,0.01294,0.015902,0.07201409339904785,0.0002526213356759,0.041488841176033
Q9VKW3_Q24572,0.0022148,0.014243,0.016117,0.01855417899787426,0.001332315034233,0.0002092750073643
Q8I8V0_P36241,0.0021943,0.012935,0.016193,0.0847502201795578,0.0010769560467451,0.0011246149661019
Q24454_Q9VGC7,0.0022089,0.012914,0.015933,0.06532420963048935,0.016257544979453,0.0004926148685626
P02828_P56721,0.0021796,0.012982,0.015935,0.1214117780327797,0.0021095180418342,0.1082635074853897
P13096_P48554,0.0032315,0.013832,0.015979,0.12974362075328827,0.0007782179745845,0.0025413045659661
Q9VI00_Q24306,0.0022837,0.012971,0.015918,0.07828454673290253,0.0086493929848074,0.0014655300183221
Q9W3Q0_Q9VIP1,0.0022293,0.013042,0.016462,0.08743038028478622,0.0002784678945317,0.0036016362719237
P29829_Q9Y106,0.0022007,0.01298,0.015915,0.44812777638435364,0.0095096575096249,0.0006623552180826
Q7JVK6_Q24562,0.0021734,0.012932,0.015914,0.02070769853889942,0.0003166898095514,0.0005478201201185
Q9VWD9_P46867,0.0022339,0.014205,0.01606,0.0651201605796814,0.0003583235666155,0.0007534515461884
Q9W1B9_Q9VBY2,0.0022207,0.012922,0.01591,0.014579557813704014,0.914540708065033,0.0027040808927267
Q8IPW3_Q9VT57,0.0022305,0.012999,0.015968,0.05562902241945267,0.000616421981249,0.0010326849296689
P06754_Q9V3Y8,0.01165,0.014284,0.016074,0.01861944980919361,0.0370266214013099,0.0441600382328033
Q8IRY7_Q94527,0.002186,0.013056,0.015925,0.05846361815929413,0.0199747737497091,0.0002987352781929
Q9VLT7_O45030,0.0021933,0.012917,0.016147,0.008051957003772259,0.0004349860828369,0.0031686665024608
Q7KUL3_P91641,0.0021893,0.012926,0.015896,0.2863333523273468,0.0017816120525822,0.0273507218807935
Q9VVR2_Q9VTW6,0.0021668,0.012975,0.015879,0.043381061404943466,0.0007691873470321,0.0007510458235628
Q8I7C3_A1ZAZ6,0.002188,0.012933,0.01591,0.3141348361968994,0.009386034682393,0.0004109582223463
Q7JZK1_Q8ML92,0.0022024,0.012959,0.015898,0.025947807356715202,0.0003517196455504,0.3001823127269745
Q9NJG9_Q9VIY3,0.0022262,0.012941,0.015893,0.0692642480134964,0.0069293165579438,0.0823095589876174
Q9VCV3_Q7KMG7,0.0021872,0.013023,0.016095,0.3086160123348236,0.0009382818825542,0.8692498803138733
P29327_Q9VQD7,0.0022202,0.01292,0.015908,0.06815388053655624,0.010911226272583,0.0004209420003462
Q9V9Y9_Q9VVR2,0.32356,0.013035,0.016739,0.09955024719238281,0.0055838986299932,0.000161442629178
Q9VXP1_Q9VN42,0.002251,0.013071,0.018331,0.07926908880472183,0.0003485987836029,0.0189499724656343
Q9V9J3_Q24168,0.0022335,0.012996,0.016268,0.049636632204055786,0.0022292050998657,0.0113992728292942
P02844_Q9VJD4,0.0021851,0.013093,0.015945,0.044665344059467316,0.0006767332670278,0.1209089383482933
P35220_Q9VEN2,0.0023433,0.012937,0.016639,0.1107742190361023,0.0375814251601696,0.0032614229712635
P17704_Q95028,0.0021812,0.012967,0.015908,0.06766901165246964,0.0002698717580642,0.0846614688634872
Q9VXP1_Q9VR35,0.0025919,0.013557,0.016018,0.1556476205587387,0.0004852887941524,0.0032698435243219
Q8INQ9_Q8T390,0.0022286,0.013015,0.016088,0.08099587261676788,0.0174172595143318,0.0001778248115442
P09774_P11420,0.20977,0.013011,0.017412,0.1438378393650055,0.998057782649994,0.0035565758589655
Q9NCC3_Q24324,0.0022452,0.012967,0.01758,0.030092909932136536,0.0012195110321044,0.0005450458847917
Q01068_P24350,0.010319,0.01303,0.016003,0.1837947815656662,0.021457239985466,0.9709413647651672
Q9VX37_Q8I8V0,0.014255,0.012983,0.016222,0.08744218945503235,0.0026111111510545,0.1642066240310669
Q23983_Q9VR90,0.002181,0.013244,0.015953,0.06693927943706512,0.0125623941421508,0.0024745031259953
Q9W029_P12881,0.0021924,0.012926,0.015914,0.02361169084906578,0.0002632059622555,0.0247376412153244
Q9VCQ7_Q9VMU4,0.0021922,0.012939,0.020234,0.28916481137275696,0.0021226045209914,0.008293567225337
Q9W4I7_P16376,0.0047083,0.012991,0.015948,0.3295266628265381,0.0012066212948411,0.0001481287181377
Q7JZC9_Q9VXP1,0.0022198,0.013074,0.015881,0.5030497908592224,0.0005646265344694,0.0036563810426741
P52485_Q7K105,0.0021793,0.012971,0.015924,0.2576019763946533,0.0017591796349734,0.0034105479717254
Q9W0E9_Q9VF82,0.0021808,0.012932,0.015896,0.044907908886671066,0.0004896085592918,0.0020165287423878
Q9VJ33_Q7K4Z4,0.0022509,0.013001,0.015962,0.11674029380083084,0.0007922522490844,0.0040066209621727
Q8IMZ4_Q59DX6,0.0021925,0.012967,0.016024,0.12355992943048477,0.0013482492649927,0.001113622682169
O77430_Q9VGC1,0.0021742,0.012984,0.015913,0.27136820554733276,0.0017593186348676,0.33621945977211
Q24008_Q9VKV6,0.0021779,0.012941,0.016008,0.2992219030857086,0.0101206908002495,0.7717070579528809
Q9VMX3_Q9VYW6,0.0021979,0.012972,0.015901,0.01615903526544571,0.0003535599389579,0.006951539311558
Q9VAC4_Q9VL21,0.0022072,0.012976,0.015957,0.0006904069450683892,0.0004085277032572,0.0005400751833803
P55828_Q6IDF5,0.0022479,0.01293,0.015877,0.01617497019469738,0.0006945966742932,0.0002691014669835
Q9VTM0_Q9VVT5,0.19227,0.042474,0.015915,0.036054953932762146,0.998894989490509,0.0080381818115711
Q9VF77_Q01068,0.0027479,0.013065,0.015904,0.3166705071926117,0.000448747043265,0.0053664129227399
P91641_Q94517,0.0021703,0.012929,0.015895,0.5326129198074341,0.0050225341692566,0.4420278370380401
P09087_Q9W0E9,0.0022022,0.01321,0.01599,0.07814741879701614,0.0066576823592185,0.943775713443756
Q9V3V9_Q9W140,0.0021881,0.012914,0.015906,0.4871211349964142,0.9984519481658936,0.0217460319399833
P48461_Q9W0A8,0.0021778,0.013062,0.015971,0.03991711512207985,0.0002654898562468,0.0003837621770799
O97102_Q9VEQ2,0.0021947,0.012985,0.016986,0.3520021438598633,0.0014606195036321,0.0211201179772615
P40792_P48461,0.009745,0.026796,0.025448,0.10377625375986099,0.0006898412830196,0.0017717571463435
Q9V393_Q8IPW3,0.0022007,0.012952,0.015921,0.09678986668586731,0.0006218152702786,0.6492951512336731
Q9VHB6_Q7KUD5,0.0022315,0.012946,0.016051,0.06423570215702057,0.0003726503055077,0.9836286306381226
Q9W2E8_P41094,0.0023283,0.012939,0.015974,0.039038464426994324,0.000293217919534,0.0434911623597145
Q8SXU3_Q9VL21,0.0023753,0.012951,0.016047,0.15207767486572266,0.0005070473416708,0.0021412780042737
Q9VM20_Q0E9G3,0.0047494,0.012992,0.016304,0.018059629946947098,0.0020957211963832,0.0002270009426865
O97420_Q9V461,0.0022122,0.01299,0.015927,0.10262313485145569,0.0004009563126601,0.0082953907549381
Q9Y106_Q9VBC5,0.0021884,0.012918,0.015914,0.23367689549922943,0.0006292957114055,0.0007643520948477
P34021_Q9VE52,0.019977,0.013054,0.023417,0.0882081612944603,0.0041355271823704,0.0009069138905033
Q9VHB7_P15357,0.0021964,0.012969,0.01601,0.26117128133773804,0.0012522526085376,0.0005352165317162
Q86B87_Q94519,0.0021847,0.013065,0.016046,0.004726300481706858,0.0010178588563576,0.7761805057525635
C0HKA0_Q9VKF0,0.0022161,0.01293,0.015907,0.3110891580581665,0.0003118683525826,0.0002216371067333
Q7KSP5_Q9VBN5,0.0021843,0.012956,0.015955,0.11245977878570557,0.0003071319661103,0.6443345546722412
Q95TY2_Q9VW58,0.0021789,0.01295,0.015883,0.039324529469013214,0.0107821002602577,0.0022378081921488
P48554_Q8IRI5,0.0024926,0.015448,0.016498,0.007882137782871723,0.982559859752655,0.0130112767219543
Q9VUZ1_Q9VBI0,0.0021843,0.012951,0.015899,0.056742724031209946,0.0009316368377767,0.9807901382446288
Q27889_B6VQA1,0.0022863,0.013085,0.01619,0.05692968890070915,0.6525996327400208,0.017452523112297
Q8SWV6_A0A0B4K775,0.0021764,0.013293,0.015911,0.091134212911129,0.0013934080488979,0.0793483629822731
X2J8N3_Q7KM15,0.0021897,0.012914,0.015926,0.3644922971725464,0.0013013639254495,0.0008942154818214
Q9VPP7_Q9W1Y1,0.0022173,0.012923,0.015914,0.004121646285057068,0.0009133466519415,0.8862875699996948
Q9W402_P54611,0.0022893,0.01316,0.015934,0.07214200496673584,0.0024752884637564,0.0008179386495612
Q95RA8_P22816,0.002199,0.012977,0.01589,0.0917983129620552,0.011689961887896,0.0013357874704524
Q9V345_Q9W2E8,0.0022366,0.012967,0.015956,0.1309788078069687,0.000298594328342,0.1137942001223564
Q9VHG6_Q24087,0.0022249,0.012929,0.01591,0.1316877156496048,0.000442631135229,0.0005318768089637
Q9VHB6_Q7JYH3,0.0023091,0.012958,0.015938,0.039805807173252106,0.0048126247711479,0.0056641553528606
Q9VTC4_Q9VN10,0.0021829,0.012964,0.015894,0.05936377868056297,0.0027984816115349,0.0005745265516452
Q7KM04_Q9VKF0,0.0023727,0.012983,0.016285,0.34162458777427673,0.0646951496601104,0.0570171326398849
Q9VJP9_Q9VJ19,0.0021816,0.012946,0.015902,0.23159284889698029,0.0019708203617483,0.0308725927025079
P17917_Q7JNL9,0.002167,0.012925,0.015883,0.10659878700971603,0.0649842247366905,0.0010582085233181
Q9VVA7_P56544,0.0021987,0.012949,0.015919,0.03350691497325897,0.0002328066620975,0.0222924575209617
Q9W2A5_Q9VWD5,0.0021951,0.013053,0.016108,0.08059655129909515,0.0108725549653172,0.2512571811676025
P02283_Q7JVK6,0.0021862,0.012965,0.01599,0.14211775362491608,0.0002369011781411,0.0002262267807964
Q9VBY7_Q8IMM9,0.0022065,0.012948,0.015946,0.25360333919525146,0.0039885900914669,0.0352895148098468
Q9VN42_Q9W0B3,0.0021793,0.012919,0.015895,0.04622996225953102,0.0029578367248177,0.0560490824282169
Q9V393_Q9W4R3,0.0022287,0.012947,0.016062,0.395890474319458,0.0029459216166287,0.0003455592668615
Q9W0I7_Q9VKD6,0.0021971,0.012921,0.015898,0.09690088778734207,0.0010750505607575,0.8860016465187073
P09052_D2NUE8,0.0022098,0.013015,0.01603,0.2809502184391022,0.0003605147649068,0.1150100454688072
Q9VGW6_P06002,0.0022835,0.013083,0.078466,0.054633866995573044,0.0002819364599417,0.0605378448963165
P83949_Q8SZ16,0.0021837,0.012934,0.015935,0.5058251023292542,0.0014517738018184,0.0056307427585124
Q24186_Q7K2L1,0.0021844,0.012918,0.015895,0.29224199056625366,0.0010465322993695,0.0021293063182383
O46037_A0A0B4JD33,0.002175,0.012958,0.015906,0.05838000029325485,0.0012001448776572,0.0498715192079544
Q9W148_Q94545,0.0022131,0.012945,0.016554,0.16738270223140717,0.0012630473356693,0.0585956461727619
Q00805_Q8T3Y0,0.0021983,0.013014,0.015975,0.010721680708229542,0.0007309243083,0.0031749277841299
A1ZAS3_Q9VHB6,0.0021954,0.012942,0.015903,0.16738995909690857,0.0014714824501425,0.9542652368545532
Q9VVB6_Q9XZ68,0.0021745,0.013154,0.016162,0.04886718466877937,0.000775673717726,0.0009275816264562
Q8MSY4_Q03334,0.0021739,0.01292,0.015914,0.022826895117759705,0.0006874487735331,0.0451993495225906
P51023_Q8I0J6,0.12146,0.013143,0.016524,0.18839462101459503,0.0042564454488456,0.0225158743560314
Q9NHB0_P49071,0.002194,0.012945,0.015893,0.08417690545320511,0.0029757609590888,0.9851640462875366
Q9VJZ4_Q9VPD2,0.002187,0.012943,0.015893,0.08736861497163773,0.0020450125448405,0.0002230230602435
Q9VVH6_Q7K738,0.0021772,0.013013,0.015892,0.4222586750984192,0.0006441523437388,0.0042119384743273
Q9VWA1_Q9VDD1,0.0021803,0.030651,0.034516,0.003733851946890354,0.0011991423089057,0.0003034819092135
Q9VX36_Q9VST2,0.0021902,0.013056,0.015904,0.11748334765434265,0.0002861648972611,0.0477844476699829
Q9VW53_Q9VG03,0.0022337,0.012935,0.015889,0.16297902166843414,0.0004615042125806,0.0168797988444566
Q9VPE2_P55935,0.0021992,0.012983,0.015901,0.03670663759112358,0.0014125097077339,0.0021072970703244
Q7K4Z4_P35220,0.002214,0.01293,0.015881,0.03330853208899498,0.0097226845100522,0.0067500388249754
Q9VU83_Q9VQQ9,0.0022006,0.012963,0.015929,0.6310948729515076,0.0107069471850991,0.0069136396050453
O76908_O18333,0.0022613,0.01362,0.016056,0.08248040825128555,0.0030478611588478,0.010060547851026
P34021_Q05652,0.0022478,0.012992,0.028631,0.017903916537761688,0.0277360435575246,0.0091226371005177
Q9VJY6_Q9VX94,0.0021843,0.013014,0.016861,0.08575902134180069,0.0004653802898246,0.0196946393698453
Q9VTB4_O18333,0.0021881,0.013007,0.015906,0.27092576026916504,0.0003620629431679,0.0012741673272103
X2JEH3_B7Z0R7,0.0045799,0.013215,0.016146,0.04653896018862724,0.0020384036470204,0.0115201910957694
Q7K049_Q9VJ19,0.002188,0.013032,0.015883,0.15956372022628784,0.0004060209612362,0.0158480387181043
P83949_Q9VQA6,0.0021868,0.012959,0.015906,0.059944119304418564,0.0005224558990448,0.1277111023664474
Q9VTP4_Q9VWE8,0.0021985,0.013018,0.020399,0.06120646744966507,0.0002852240868378,0.0003502933250274
Q01842_Q9VG03,0.0022993,0.012957,0.015887,0.13380050659179688,0.3842217028141022,0.0009829169139266
O97420_Q9VMN6,0.0022028,0.012961,0.015892,0.0016178510850295424,0.0002942392311524,0.0012582984054461
O18334_P31009,0.0053058,0.013066,0.016109,0.5823128819465637,0.0002027621812885,0.9078795313835144
Q9VQA6_Q9VTL1,0.0021908,0.012999,0.015901,0.006289937533438206,0.0002834295446518,0.001143783563748
Q9VST2_Q9VWI0,0.0021925,0.01299,0.015927,0.024656958878040314,0.0006166864768601,0.5087407231330872
Q9VB23_Q9VQD8,0.0021951,0.013049,0.016034,0.3870343267917633,0.0046669519506394,0.0009751961915753
Q9VLI9_M9PF17,0.0021874,0.012941,0.015892,0.048053693026304245,0.0006942413165234,0.0003693694889079
P42124_Q24572,0.0021966,0.013173,0.029265,0.08047393709421158,0.001749369665049,0.0002297070168424
Q8SYM9_Q9VP85,0.002357,0.012933,0.016087,0.08195751905441284,0.9982232451438904,0.0370360761880874
O61231_Q9VWA1,0.0022042,0.012952,0.016094,0.1368602067232132,0.0005921859992668,0.0009205938549712
Q05825_Q9VES8,0.0021951,0.01327,0.015961,0.1726696938276291,0.0021112202666699,0.0005413179751485
O46339_Q9W482,0.0023102,0.012946,0.015928,0.18857327103614807,0.1438880115747451,0.0063256421126425
Q9VKF0_Q9NFZ3,0.0021854,0.012935,0.015906,0.0012173274299129844,0.0078741805627942,0.9467299580574036
Q9XYF4_X2JDZ1,0.002215,0.012939,0.016015,0.21310220658779144,0.0152313327416777,0.0022162590175867
O97143_Q9VDE3,0.0022176,0.013101,0.016598,0.016830705106258392,0.0019375474657863,0.0083357626572251
Q9VCZ8_P46223,0.0021791,0.012944,0.015913,0.03090716525912285,0.000665993313305,0.0164523720741271
Q9VX94_Q9VJC7,0.0021857,0.012969,0.015925,0.5812227129936218,0.0003742910630535,0.0013728628400713
Q9W3N7_P47948,0.0023617,0.013052,0.0159,0.28130632638931274,0.0004122776153963,0.0100941266864538
P46867_Q9VYG2,0.0025157,0.013141,0.016029,0.11908788979053497,0.0017907182918861,0.001162439235486
Q9VN42_Q9W1B9,0.0022054,0.01294,0.015922,0.07973750680685043,0.0003352203348185,0.0011425748234614
Q9VTM0_P46824,0.18443,0.031725,0.016093,0.07314181327819824,0.0649759098887443,0.0040010763332247
Q9VMR2_Q9W0E9,0.0021932,0.013094,0.015959,0.23766925930976868,0.0084048388525843,0.0397856682538986
P54733_Q9VAF3,0.0023349,0.012944,0.016019,0.003926186356693506,0.0259523354470729,0.0230510272085666
Q9VD72_Q24152,0.0021746,0.012923,0.015884,0.057928018271923065,0.0012949968222528,0.0165691431611776
P35128_Q9VKV6,0.0021739,0.012977,0.015907,0.026639223098754883,0.0014028142904862,0.0007730120560154
Q6IDF5_Q9VQA2,0.0022951,0.01299,0.01594,0.42290404438972473,0.0005005395505577,0.0131031554192304
M9PBY4_P52485,0.0021989,0.012934,0.015894,0.026432758197188377,0.0003787449386436,0.0085111455991864
M9PHI7_Q9VZV5,0.0021779,0.013017,0.015906,0.08168172836303711,0.000654327974189,0.0041992738842964
Q8T414_Q9VTM0,0.59855,0.028435,0.015976,0.07416281849145889,0.9989489912986756,0.0749466791749
Q8INB9_Q8SWV6,0.0021865,0.01346,0.016003,0.2371578812599182,0.001528718159534,0.0045276987366378
P40792_Q9VI13,0.004384,0.014428,0.020253,0.34092941880226135,0.9965330362319946,0.0011508907191455
Q27415_Q9VXP1,0.0021871,0.01298,0.015931,0.08096574991941452,0.0004045457171741,0.0173482820391654
Q4V5L1_Q9VU85,0.0021951,0.012919,0.015891,0.13132502138614655,0.0014932758640497,0.004781330935657
Q9VZM7_Q09024,0.0021816,0.013163,0.015928,0.12309405952692032,0.0009874579263851,0.0005566252511925
Q9VCG6_P18824,0.30496,0.013325,0.017887,0.19638828933238983,0.4645940959453583,0.0017223245231434
Q7JX41_Q9VGU4,0.0022249,0.013033,0.015923,0.039151791483163834,0.0005336399190127,0.0134352482855319
Q86B87_Q9VAC8,0.002191,0.013033,0.015922,0.017622647807002068,0.0118511877954006,0.1408332735300064
P08570_Q8IQ53,0.0021923,0.012945,0.015898,0.033202528953552246,0.0003339590912219,0.0007329275249503
Q9VZL5_P14785,0.0021761,0.012924,0.015972,0.01019352674484253,0.0058206599205732,0.007324528414756
P17789_P21461,0.0021899,0.013122,0.020644,0.056325770914554596,0.0025160368531942,0.0016791294328868
Q0E8N2_Q9VXX0,0.0021821,0.012933,0.015889,0.09818326681852341,0.0023588256444782,0.0043973312713205
Q9XZ61_A1ZBK7,0.0021976,0.013031,0.01588,0.05486144497990608,0.0003439800930209,0.7081003189086914
Q9W115_O16797,0.0022001,0.012935,0.015918,0.14448410272598267,0.0004609964089468,0.0004074713797308
Q9VR09_Q8MUJ1,0.0022206,0.012931,0.015931,0.049404457211494446,0.0002902327687479,0.0008026222349144
P20240_Q9VMI3,0.0022249,0.01309,0.016004,0.08784152567386627,0.0002628152724355,0.0022065036464482
Q9VM81_P40793,0.98639,0.012991,0.015874,0.4012831747531891,0.0005235790740698,0.0044050351716578
B7Z0R7_Q9VYX1,0.0021982,0.01298,0.015911,0.09522581100463867,0.0107359066605567,0.0002292147401021
Q9TW27_Q4V5L1,0.0022163,0.012918,0.015917,0.21591569483280182,0.0195803772658109,0.0100533366203308
Q9VPH8_P41094,0.0021776,0.012954,0.015946,0.03646416589617729,0.0828739404678344,0.0007697641267441
Q95TS5_Q7KSP5,0.0023718,0.012963,0.016,0.07195965200662613,0.0002624446642585,0.0018727962160483
Q86B79_Q9XZ56,0.0024611,0.012986,0.015895,0.05719117075204849,0.0007017519674263,0.9802274107933044
Q9VFJ3_P16376,0.0021817,0.013117,0.01598,0.04245380312204361,0.0004262470465619,0.0027551464736461
Q9NFU0_Q9VJP9,0.0021814,0.012961,0.015909,0.10046136379241943,0.0016556674381718,0.0002100142155541
Q9VWD5_Q05201,0.0021909,0.01294,0.015954,0.3043597936630249,0.0049067419022321,0.9602548480033876
P02299_P26017,0.0038773,0.012983,0.016996,0.01749781332910061,0.0182957556098699,0.1075291261076927
B7Z0R7_Q9W087,0.0021874,0.013139,0.016179,0.020592132583260536,0.0012203005608171,0.0076944311149418
Q7K738_Q9W5B9,0.0021741,0.012948,0.015886,0.01955920085310936,0.000347151159076,0.0031595777254551
Q9XZH6_O01382,0.0022032,0.01295,0.015907,0.10070761293172836,0.000506572658196,0.0283723343163728
P26686_Q9VDD1,0.0021832,0.013032,0.01592,0.024538829922676086,0.0006773078348487,0.7549100518226624
Q9VAC4_C0MJ66,0.0021985,0.012983,0.015997,0.0028732384089380503,0.0006391128408722,0.0377401337027549
Q9VZF2_P54733,0.0021779,0.013171,0.015942,0.0057589467614889145,0.0007209142204374,0.00026399208582
Q9VT76_Q9VTM2,0.0022124,0.012989,0.015959,0.31595540046691895,0.0002447939186822,0.0014485000865533
Q9VY87_Q9VYW3,0.0022328,0.013037,0.015929,0.1396871954202652,0.0012341323308646,0.0031014063861221
P54733_P11346,0.052465,0.013077,0.017342,0.3449092507362366,0.0090754432603716,0.5563785433769226
Q9W483_P20009,0.0022278,0.012963,0.016087,0.01902092806994915,0.0062856567092239,0.0022912288550287
Q9VDD1_Q9W229,0.0021785,0.012936,0.19985,0.07508670538663864,0.0003834507951978,0.0203394778072834
X2J6Q6_Q8INQ9,0.0022285,0.013048,0.77409,0.27523860335350037,0.0003056512505281,0.0011946936137974
P09774_Q8IPW2,0.0021978,0.012964,0.015977,0.02764745056629181,0.0074015320278704,0.0047726351767778
Q9VDK2_P20227,0.1121,0.013072,0.016198,0.42249172925949097,0.1434680074453354,0.0003829576307907
Q9VHA9_X2JDF3,0.0021857,0.013004,0.01588,0.27610594034194946,0.0009884928585961,0.0028415948618203
Q7KLV9_Q9V3Y8,0.0022453,0.013444,0.016835,0.31927964091300964,0.0003323402197565,0.000597013218794
A4IJ58_Q7JZC9,0.0022498,0.01298,0.015944,0.14110061526298523,0.0028341610450297,0.0446413792669773
O02002_Q9VTE5,0.0021875,0.012937,0.015933,0.13231076300144196,0.00024028615735,0.0002373252937104
P40427_Q0KHZ6,0.0021724,0.012942,0.015917,0.012007984332740307,0.0002608155482448,0.005054882261902
Q05825_Q8MRQ1,0.0021771,0.013338,0.015911,0.36052778363227844,0.0003761269326787,0.0002886180009227
P11420_Q01070,0.23869,0.013093,0.020738,0.0016472003189846873,0.998473346233368,0.0006515351706184
Q9VB14_Q9VVX0,0.002184,0.012921,0.015897,0.1362614929676056,0.0002390715235378,0.0030109344515949
Q9VQ91_Q9VWZ1,0.0086806,0.012984,0.015968,0.16719239950180054,0.0004857015737798,0.0052245249971747
Q9NCC3_Q9VEV9,0.005468,0.012957,0.015984,0.023198161274194717,0.0025675077922642,0.0827519819140434
Q9VYX7_Q9VN50,0.0021775,0.012928,0.015892,0.24113649129867554,0.0002164963516406,0.0313181579113006
Q7KNM2_Q9VTC4,0.0021796,0.013151,0.015894,0.3025726079940796,0.0006508242804557,0.0008566406904719
Q95SG9_P39768,0.00217,0.012943,0.015949,0.19002580642700195,0.1654017120599746,0.0089664896950125
Q9VJI9_O96660,0.0021764,0.012938,0.015888,0.00384078873321414,0.0008289850084111,0.0001966189738595
Q9V9J3_Q9W358,0.0021837,0.013085,0.02014,0.1280912607908249,0.0140226725488901,0.0213685631752014
P91664_Q8IPW3,0.002805,0.015157,0.01593,0.13327619433403015,0.0005097754183225,0.2678509056568146
Q24134_O96860,0.0021703,0.012923,0.015888,0.09030383080244064,0.0160063691437244,0.0014194085961207
Q9VJI9_Q9VNB5,0.0021844,0.012933,0.015906,0.04562228545546532,0.0002209246304119,0.0024687789846211
Q9VJQ5_O97420,0.0022009,0.013016,0.015971,0.004982522688806057,0.0002580356958787,0.0237023700028657
Q9VIF5_P09180,0.0021923,0.012927,0.017505,0.027192577719688416,0.0091726379469037,0.9928228855133056
Q8T3U2_P35128,0.002193,0.012996,0.015912,0.013746904209256172,0.0002172009990317,0.0003779148682951
Q24117_Q8SYK5,0.0021659,0.012927,0.015886,0.13500691950321198,0.0034653742332011,0.1584716290235519
Q9W087_Q7K049,0.0021993,0.013045,0.015986,0.0383140854537487,0.0002127175102941,0.0002678947348613
Q9V535_P49071,0.0022823,0.012987,0.025298,0.22227582335472107,0.001394631457515,0.0003786234592553
Q9VS05_Q8IH18,0.56763,0.013005,0.018104,0.060715802013874054,0.0060730734840035,0.0020129373297095
Q9NCC3_Q01071,0.0022285,0.01301,0.015959,0.10176078230142593,0.0007568333530798,0.0138660734519362
Q9V345_P48555,0.0021969,0.013305,0.016356,0.1753191202878952,0.0003168402181472,0.287390261888504
Q24306_Q7K1Y4,0.0022168,0.013434,0.016441,0.039042770862579346,0.0011676313588395,0.0019373851828277
Q86B87_Q9V393,0.0023379,0.012935,0.016121,0.07341086864471436,0.004617856349796,0.0002288058021804
Q7KVG9_Q9Y0Z9,0.071831,0.013003,0.016233,0.02691984735429287,0.0263247974216938,0.0009420319111086
P02836_Q9VYW6,0.0026363,0.01311,0.015945,0.26590847969055176,0.0050531248562037,0.0002991907531395
A1ZBT5_P02283,0.00217,0.012939,0.015997,0.07286930829286575,0.0026404433883726,0.0008183261379599
Q06453_Q8SXU3,0.0024441,0.012994,0.015933,0.03444122523069382,0.0003831973590422,0.0002847236173693
Q8IPW3_Q27368,0.0027339,0.012958,0.015892,0.02833518385887146,0.0137791745364665,0.0011641319142654
A1ZBK7_Q9XYF4,0.0021837,0.012951,0.015925,0.026731695979833603,0.0008443378028459,0.5371161699295044
Q9U5W9_A1ZAK9,0.0021699,0.012938,0.015898,0.047388456761837006,0.0002998515265062,0.0003471943200565
Q9VJE4_Q27272,0.0021783,0.01295,0.015887,0.05717698857188225,0.0003835187817458,0.322565883398056
Q0E9B7_Q9W2P0,0.0022169,0.012937,0.015916,0.49978598952293396,0.0060200854204595,0.0001960639056051
Q8T476_Q9VUQ1,0.0022442,0.012967,0.015935,0.12045526504516602,0.0056743347086012,0.0017084291903302
Q9VG03_Q0E9B7,0.0024758,0.012936,0.015975,0.13432349264621735,0.0210696663707494,0.0004293320234864
Q9VCG6_Q9VRY0,0.0021889,0.012954,0.015927,0.22155500948429108,0.003081674221903,0.0004761317977681
P49258_P06602,0.0038975,0.013474,0.016463,0.0077384524047374725,0.0014995278324931,0.0029887466225773
Q24040_Q27297,0.0022097,0.012925,0.015888,0.13787148892879486,0.0016434476710855,0.2624253630638122
Q8SYU5_Q8IMZ4,0.0047002,0.012939,0.016918,0.02153887040913105,0.010444026440382,0.2442360073328018
Q8INQ9_Q9V428,0.0021796,0.016174,0.017771,0.003930914215743542,0.9989319443702698,0.036433208733797
P16568_Q9W1K4,0.0028265,0.013202,0.015932,0.14671637117862701,0.0074691013433039,0.0495778657495975
P16378_Q27324,0.0022792,0.014614,0.017003,0.032052215188741684,0.0007194904028438,0.0048324540257453
Q95SG9_Q95TS5,0.0021753,0.012925,0.015887,0.12835510075092316,0.0027856829110533,0.8649957180023193
P48607_Q9W5R8,0.0022187,0.012923,0.015897,0.15860828757286072,0.0002293262659804,0.0005152295925654
X2J6Q6_Q9VZM7,0.0021763,0.013221,0.015899,0.0088022006675601,0.0015134073328226,0.0001297929702559
Q7JNL9_P08928,0.0039181,0.013221,0.015975,0.011713763698935509,0.000960590376053,0.0004914248129352
Q9VEX9_Q7K738,0.002181,0.012962,0.015881,0.19359508156776428,0.6592252254486084,0.0061478591524064
P36188_Q9VIE6,0.0021896,0.013221,0.12678,0.1051366850733757,0.0030827263835817,0.0003123203059658
A0A0B4JCT9_Q24134,0.0021823,0.013008,0.015944,0.12133584171533585,0.0018461206927895,0.000302404310787
Q9VG94_Q9VG96,0.018189,0.059183,0.65118,0.07715868949890137,0.9989953637123108,0.0290979426354169
P83949_P06603,0.0022032,0.013266,0.016008,0.2096090167760849,0.0011005175765603,0.0004283243615645
Q9VK43_Q9VN10,0.0022761,0.013013,0.016222,0.6085450053215027,0.0280949771404266,0.0029519798699766
Q9VAC8_Q9VYW6,0.0021891,0.013003,0.015905,0.07287085056304932,0.0067096948623657,0.0023069935850799
P08646_Q9VNE9,0.002435,0.012965,0.017171,0.23811833560466766,0.0002348172565689,0.0038705656770616
Q8T3U2_Q94545,0.0022171,0.01294,0.0159,0.15232224762439728,0.0007007879321463,0.0056468755938112
Q9VG94_Q4V5A7,0.0021731,0.012974,0.015914,0.3128452003002167,0.0109348520636558,0.0014796891482546
Q9V3Z1_Q962S2,0.0022315,0.012959,0.016263,0.10106863081455231,0.0040827826596796,0.000345065142028
Q0E8N2_Q9VKV4,0.0023456,0.012943,0.015925,0.26036587357521057,0.0015043154126033,0.9303117394447328
Q9VCI7_Q9VAF2,0.0023857,0.012928,0.01667,0.5309855341911316,0.0062521491199731,0.0147772626951336
O76927_Q24572,0.0022141,0.012967,0.016543,0.3483514189720154,0.0027080737054347,0.0008770414860919
Q9VDG2_Q24562,0.0021863,0.012966,0.016462,0.030934160575270653,0.0013787293573841,0.0013151804450899
Q9U5W9_P49735,0.002196,0.012946,0.015952,0.23394706845283508,0.0037744485307484,0.00029585667653
Q9VQ91_Q9VN10,0.047007,0.012953,0.016088,0.09445776045322418,0.0004472054133657,0.0003612563596107
Q961D1_P52304,0.0022236,0.01298,0.018661,0.04060022532939911,0.0262799654155969,0.0010124042164534
Q8T0G4_X2J8N3,0.0022662,0.012931,0.01608,0.03673550859093666,0.0113151296973228,0.002223587827757
Q9W229_Q8I7C3,0.0021786,0.012931,0.025212,0.19994822144508362,0.0002795739856082,0.2856884300708771
Q9VMU4_P23792,0.0022119,0.012934,0.016719,0.0651007667183876,0.001902982010506,0.6975156664848328
P55035_Q9VH69,0.0022606,0.012991,0.015959,0.15056157112121582,0.0012332593323662,0.0001964330876944
A1Z8I0_Q9Y0S9,0.0022203,0.012921,0.015899,0.29294586181640625,0.0013114211615175,0.0032152524217963
Q24276_P16378,0.0022725,0.013891,0.01625,0.1637219339609146,0.0008922583656385,0.0123844258487224
P10987_P09774,0.0028385,0.013737,0.015924,0.02636011317372322,0.0030267366673797,0.0002521177229937
Q9VEN2_Q9V428,0.0021714,0.012937,0.015901,0.03931812569499016,0.0008325085509568,0.0647551044821739
P81909_Q9VL21,0.0021814,0.012981,0.015941,0.2486322671175003,0.0008365206886082,0.511604905128479
E1NZB4_Q9W1A3,0.0022101,0.01294,0.015921,0.10982240736484528,0.998892605304718,0.017863580957055
Q9VV44_Q9V4Q8,0.0022136,0.012945,0.015889,0.10689479112625122,0.001226513297297,0.003280590288341
P54359_Q01069,0.0040394,0.013406,0.015915,0.500938355922699,0.0017215179977938,0.9771887063980104
Q9VQD7_Q7K1V0,0.0021772,0.012921,0.015887,0.029470480978488922,0.0006671755691058,0.0004791270766872
Q9W3X7_Q9VUK7,0.0022816,0.012972,0.015942,0.014552268199622631,0.0018995609134435,0.0128501914441585
Q9VXP1_Q9NCC3,0.0022114,0.013302,0.015968,0.05291474238038063,0.0006061482126824,0.0071756145916879
P48462_Q24246,0.0024158,0.013194,0.016129,0.17146074771881104,0.0024985324125736,0.0018897292902693
P48588_Q9V6Q2,0.0021684,0.01293,0.015947,0.10017499327659607,0.0108075700700283,0.0169176403433084
B6VQA1_E1NZB4,0.0023851,0.012967,0.016039,0.28665652871131897,0.6987854838371277,0.0005628936341963
Q9VF73_Q24276,0.015523,0.013314,0.015909,0.0026137635577470064,0.9912539124488832,0.0020490346942096
P54733_Q8SX86,0.0021978,0.012942,0.016003,0.0541277639567852,0.0383737534284591,0.0047935131005942
Q7K1Y4_Q9VIT3,0.0022695,0.013146,0.020968,0.4056948721408844,0.0376296527683734,0.0855142548680305
A1Z6E0_Q9Y0Z9,0.0021838,0.012969,0.015938,0.05447440594434738,0.1991583704948425,0.022908104583621
P29673_Q24106,0.011082,0.013081,0.016048,0.13516490161418915,0.0021335280034691,0.0005906811566092
P29555_Q05201,0.52129,0.032537,0.018361,0.001241994323208928,0.0100436741486191,0.0005586108891293
Q8SYC1_Q9VQD8,0.0021976,0.012916,0.015897,0.04193440079689026,0.0015972688561305,0.7435967326164246
P23757_Q9VJI7,0.009847,0.013003,0.015919,0.1963557004928589,0.0002946676104329,0.0035871765576303
P10627_P29555,0.56586,0.013037,0.023879,0.024374527856707573,0.0168926864862442,0.0101089738309383
P28159_P83949,0.0023177,0.012985,0.015975,0.27616459131240845,0.408337652683258,0.1512263268232345
Q9VBN5_Q9VBQ3,0.0022036,0.012939,0.015965,0.19609633088111877,0.0006671234150417,0.0166184622794389
Q9VM46_Q9VUB8,0.0022121,0.012935,0.016013,0.6428933143615723,0.0008833812898956,0.9546463489532472
Q8IPW2_Q9VF73,0.002216,0.013025,0.015994,0.3282395899295807,0.2040908485651016,0.0004249601042829
Q01842_Q9VAT0,0.18494,0.013066,0.016006,0.1436154842376709,0.0845017880201339,0.3193166255950928
P19889_Q7K1Y4,0.0021676,0.012943,0.015928,0.06979528069496155,0.0042566074989736,0.8031224012374878
P02844_Q24547,0.0022496,0.01294,0.015955,0.026324430480599403,0.0027480192948132,0.0012359569082036
Q9VGF9_Q960D3,0.010485,0.013028,0.017177,0.007558618206530809,0.0002944957523141,0.001104938564822
Q9VZV5_B7Z0R7,0.002234,0.013163,0.015995,0.02182990498840809,0.0009449593489989,0.0038905146066099
P18930_Q9VL21,0.0022728,0.013073,0.015869,0.22569023072719574,0.0002904520079027,0.0014139760751277
Q9W2R4_Q9XYN7,0.0021658,0.013543,0.015937,0.128151535987854,0.0146786412224173,0.0945997834205627
Q9W481_P48612,0.0021733,0.01294,0.015921,0.21177458763122559,0.0007529609138146,0.0018302117241546
P47948_P56721,0.0021784,0.013264,0.01588,0.016991235315799713,0.0205191392451524,0.1880142241716385
Q8IQ53_Q9W3E7,0.0021835,0.012966,0.015883,0.2700013816356659,0.0007951807929202,0.0015650405548512
Q9VFJ3_Q24572,0.0021884,0.013187,0.016046,0.1194235160946846,0.0002783763047773,0.0002503480645827
Q9W402_Q9VJZ6,0.0022061,0.012943,0.015938,0.03857932239770889,0.0010985719272866,0.877301812171936
Q9VHM5_Q27934,0.01301,0.01298,0.016741,0.5272780060768127,0.871321439743042,0.0023521538823843
Q94517_Q9VEX9,0.0021745,0.012947,0.015895,0.0470394529402256,0.9967867136001588,0.0042623998597264
P46824_Q9VSJ8,0.038803,0.01823,0.015981,0.3382411301136017,0.0027011530473828,0.0011997980764135
Q9VVY4_P52304,0.0021733,0.01294,0.015987,0.28829002380371094,0.0020107333548367,0.0004533916071522
P42325_Q9VTM0,0.0022891,0.013038,0.015934,0.09005340188741684,0.0020745499059557,0.0097249764949083
Q95SG9_Q9VL21,0.0021777,0.012986,0.016001,0.5717698931694031,0.924469232559204,0.0043348860926926
Q9VK43_Q9U1H9,0.0023865,0.012953,0.016015,0.23934167623519897,0.0067520118318498,0.0141527270898222
Q26454_Q8T0S6,0.53407,0.013027,0.016718,0.02489755116403103,0.0006925697089172,0.005858982913196
Q9VKV6_Q9W3W8,0.0021839,0.012913,0.015901,0.18940375745296478,0.0010473127476871,0.0007435285951942
Q9VND8_A1Z6E0,0.0022198,0.013252,0.015915,0.17932231724262238,0.0719291493296623,0.0024155017454177
Q7K3V6_P52304,0.0022106,0.013952,0.016291,0.1135040894150734,0.0002533251536078,0.0050993342883884
Q7JWR4_Q7YU24,0.0022153,0.01293,0.015906,0.011671779677271843,0.0571169219911098,0.1437964141368866
Q8MRE6_Q9VNB5,0.0022324,0.012968,0.01627,0.033182550221681595,0.003015806665644,0.0039445636793971
O45030_Q9W4N8,0.0022393,0.012928,0.015967,0.11411669850349426,0.0021503414027392,0.0015120423631742
P46222_Q9VSY9,0.0021777,0.012947,0.015933,0.4501863121986389,0.002059185411781,0.0011652058456093
A1Z9E2_Q961D1,0.50753,0.012986,0.015904,0.0114115746691823,0.0070532616227865,0.0059985327534377
P03896_P02836,0.0021864,0.012988,0.015903,0.11437176167964935,0.0004142957623116,0.3728356957435608
Q9XTN4_Q95RV2,0.0044444,0.012929,0.016112,0.05736050754785538,0.9799363613128662,0.0008443457772955
Q9VFB9_O97420,0.0023653,0.012986,0.015918,0.026905018836259842,0.0007016944582574,0.0048377797938883
O17445_P16554,0.0021759,0.012919,0.01597,0.05615813285112381,0.0003585528465919,0.2809426188468933
Q9VL93_Q8I8V0,0.0022266,0.013004,0.015953,0.3866632878780365,0.0240538790822029,0.1141397655010223
Q9VCL2_Q9VU83,0.0023382,0.012942,0.015919,0.25921374559402466,0.0012615059968084,0.0010042072972282
Q0E8K5_Q9W3R7,0.0021707,0.01293,0.015908,0.20416498184204102,0.0020347812678664,0.5979404449462891
P80455_P42207,0.0021804,0.013003,0.015908,0.23055694997310638,0.0003340450930409,0.0126479258760809
P55935_Q9W402,0.0023198,0.012953,0.015908,0.21252664923667908,0.0008362221415154,0.0188975017517805
A0A0B4LGV6_Q7K306,0.002264,0.012963,0.015964,0.004561603534966707,0.0004943927633576,0.0002456032962072
P29310_P22814,0.002187,0.01349,0.032891,0.22415192425251007,0.1865070164203643,0.000373868853785
P18489_Q9W481,0.002265,0.012958,0.015916,0.42902249097824097,0.0003954011772293,0.0002441673714201
Q4V5A7_Q9W2A5,0.0023639,0.013034,0.020172,0.4077805280685425,0.0068923262879252,0.98549622297287
Q26366_P49735,0.015028,0.01301,0.019855,0.004342325963079929,0.0011522910790517,0.9572594165802002
Q9VUX7_Q9VGU4,0.81323,0.018842,0.015955,0.20259679853916168,0.0020693610422313,0.0009620759519748
P52485_P42003,0.0021755,0.012984,0.015944,0.06406094133853912,0.0005869925371371,0.0021124491468071
P08175_P16568,0.00217,0.012934,0.015848,0.01691649854183197,0.0010054250014945,0.0503386110067367
Q9VPU9_Q9VVH8,0.0022042,0.012997,0.015929,0.4091701805591583,0.0107009997591376,0.1756942570209503
P25867_C0HL67,0.0021992,0.013356,0.015953,0.1885865032672882,0.0002318247425137,0.0017720810137689
Q9W218_P03896,0.002195,0.012944,0.015862,0.31733977794647217,0.0002238677843706,0.0027853134088218
P52485_Q8SYU5,0.0021816,0.012965,0.015937,0.009920435957610607,0.0007421940681524,0.0014130197232589
Q9VPD2_P91664,0.0022371,0.013116,0.015925,0.003090896410867572,0.0002311713906237,0.013397978618741
Q9VR09_Q9W2H9,0.0021762,0.01293,0.015938,0.21537716686725616,0.0420684218406677,0.0096290726214647
O62530_Q9VGU4,0.0021985,0.012947,0.015953,0.17085690796375275,0.0011808313429355,0.0158823989331722
Q9VQA6_A0A0B4K775,0.0022254,0.012942,0.015892,0.17019225656986237,0.0029567778110504,0.0040991543792188
Q9VSG1_Q7KUZ5,0.0021763,0.012929,0.015928,0.11290348321199417,0.0012829601764678,0.0008836350170895
Q24186_O45030,0.0021937,0.012918,0.0159,0.693725049495697,0.0004829756508115,0.0020667375065386
Q24423_P11346,0.0028514,0.013054,0.016357,0.06381107866764069,0.0013195585925132,0.7091405391693115
Q9VVR2_Q9VS38,0.0024841,0.012949,0.0159,0.49368008971214294,0.0389592051506042,0.0788003653287887
Q9XZ31_Q9VXP1,0.0045289,0.014267,0.016011,0.06619422882795334,0.0053013870492577,0.0002301099011674
Q9VJQ5_Q08605,0.002188,0.012987,0.015949,0.06257663667201996,0.0003407356853131,0.0019984657410532
Q9VG94_Q8SXU3,0.00219,0.013011,0.015929,0.2819804549217224,0.0002902806736528,0.9597830772399902
Q9VM76_Q9VIP1,0.0021912,0.012947,0.016042,0.21028241515159607,0.002238430082798,0.0008970871567726
Q9VFP2_Q94517,0.0021754,0.013041,0.015972,0.113154336810112,0.0004571137251332,0.0034056326840072
Q9VGC1_Q6NN40,0.0021955,0.012972,0.015975,0.016190487891435623,0.0024889011401683,0.00611935229972
Q0KHZ6_Q9VVI3,0.0021852,0.012939,0.015904,0.27137619256973267,0.0002579830470494,0.000157880334882
Q9VMU0_Q01645,0.0024175,0.01301,0.015879,0.08796501904726028,0.0002623031032271,0.0024082644376903
Q9XYF4_Q8IPW2,0.0021737,0.012978,0.01603,0.41098201274871826,0.0198814384639263,0.017433350905776
Q9V3V9_Q9VQA2,0.0022013,0.012955,0.015969,0.18165461719036102,0.985519528388977,0.0005157976411283
Q9V457_Q9VTZ1,0.0022708,0.012943,0.016359,0.5560468435287476,0.0021479742135852,0.0514461696147918
Q00805_Q9VHE5,0.0021849,0.012933,0.015924,0.03711869940161705,0.0003457802522461,0.0002481979026924
O44226_Q962S2,0.0023174,0.013062,0.01589,0.02921413443982601,0.000322887150105,0.0025993252638727
Q7K148_Q9XYN7,0.0027129,0.015453,0.35222,0.028266649693250656,0.998581886291504,0.0360491722822189
Q24008_Q966T5,0.0023126,0.013008,0.016139,0.04558759182691574,0.9970147609710692,0.9381049871444702
A1ZAH8_Q9VCL2,0.0022054,0.012916,0.01597,0.08151061832904816,0.0172630306333303,0.4201570749282837
P15330_Q24570,0.0024127,0.012951,0.016148,0.1347840428352356,0.9586125016212464,0.0056632803753018
P26017_Q9VYW6,0.0021889,0.012997,0.015944,0.0916004478931427,0.0005956497625447,0.0036090621724724
Q7PLK0_Q9VNE4,0.0022547,0.013009,0.015914,0.04830149933695793,0.0084111476317048,0.0566235445439815
Q9VVU2_Q9W4R3,0.002189,0.012937,0.015906,0.042085617780685425,0.0002261599292978,0.0004438336472958
Q9VEF0_Q9W0S8,0.0022535,0.012922,0.015915,0.03472467139363289,0.0016654497012495,0.0013766788179054
Q9VJ02_Q9V428,0.0021777,0.013784,0.016062,0.09383029490709305,0.0101628676056861,0.0016527151456102
Q9VQS4_Q7KUD5,0.0021865,0.013148,0.015938,0.0599263533949852,0.0093587758019566,0.0017348931869491
Q9VKV6_P52304,0.0021988,0.012975,0.01604,0.1471031755208969,0.0083957072347402,0.0289039146155118
Q9VFB9_Q9VJ33,0.0023055,0.01301,0.027328,0.25368407368659973,0.0007123373798094,0.0002469350874889
P55841_R9PY49,0.0021815,0.012969,0.015934,0.02387051284313202,0.0009081512107513,0.0003194023738615
Q0E9B7_Q95028,0.0021714,0.012966,0.015926,0.14028769731521606,0.0009100668830797,0.9539608359336852
E1JHY7_Q9VT31,0.0023386,0.012952,0.016072,0.3572756052017212,0.0009298853692598,0.0244471468031406
Q7JYX5_P08570,0.0022218,0.013267,0.015905,0.023348849266767502,0.0002600614388938,0.0034703258424997
O45030_P31007,0.0022061,0.012948,0.015955,0.01758989691734314,0.0010668067261576,0.0121835907921195
Q9VDD1_P53034,0.0022559,0.012965,0.016079,0.23286694288253784,0.0003785157459788,0.0033940596040338
Q9VSY9_P49847,0.038669,0.013103,0.016325,0.1055135428905487,0.0116383070126175,0.0024282927624881
A0A0B4KFV0_P19889,0.0023749,0.012983,0.015926,0.018482379615306854,0.0005416041240096,0.9810175895690918
P41093_B6VQA1,0.0021786,0.012968,0.015905,0.07850459963083267,0.0009190018754452,0.011722051538527
P22812_Q05825,0.0021709,0.013178,0.015907,0.40361255407333374,0.0002668149827513,0.0052376883104443
P11147_Q9W0I7,0.0021745,0.01294,0.015911,0.08900399506092072,0.0015194852603599,0.0172190219163894
Q27324_Q9VCY3,0.00218,0.012964,0.0159,0.024448029696941376,0.000377922609914,0.002039800165221
P55035_Q9W2R4,0.0039479,0.013156,0.015934,0.09365351498126984,0.0060444618575274,0.0531348399817943
Q7K0E6_Q9VUR3,0.0021781,0.012958,0.015917,0.07066579163074493,0.031096076592803,0.0005089847254566
Q9I7P3_Q95SG9,0.0021763,0.012933,0.015902,0.05436967313289642,0.0044980659149587,0.0004163200210314
P10987_P20353,0.0022551,0.0163,0.016941,0.055951908230781555,0.0018541718600317,0.0068787783384323
O76878_Q9VY87,0.0021826,0.012941,0.015931,0.1403585523366928,0.0050144675187766,0.0260526202619075
Q24338_Q24572,0.1621,0.1834,0.12642,0.26108258962631226,0.9970716238021852,0.9667975902557372
Q03017_Q9VIY3,0.0022373,0.01301,0.0159,0.11772409081459045,0.017153026536107,0.0197514202445745
O46034_Q9V3G9,0.0021753,0.013039,0.015935,0.1900857836008072,0.0014389052521437,0.0008072812925092
Q9VDG2_P23757,0.002225,0.01304,0.015935,0.08652493357658386,0.0010461460333317,0.0046701934188604
Q9VVH6_P14003,0.013907,0.013667,0.015926,0.024879025295376778,0.0067580323666334,0.0008673183619976
Q9W5R8_P18934,0.0043273,0.013067,0.015952,0.01127268373966217,0.0003426844195928,0.0047979368828237
Q9VBC5_Q9VTB4,0.0022465,0.012934,0.015905,0.021056514233350754,0.0004322546883486,0.0427282713353633
P56721_Q02936,0.0021937,0.013167,0.016222,0.05695571377873421,0.0110652605071663,0.0259402245283126
A0A0B4JCT9_A8JUS8,0.0021842,0.012952,0.015922,0.47907528281211853,0.0095015056431293,0.0078538786619901
P30052_Q9W3E1,0.0026303,0.01322,0.015975,0.5301160216331482,0.006939245853573,0.1620192527770996
Q9VBI0_P23128,0.0021946,0.012947,0.015953,0.021753691136837006,0.0087764952331781,0.0020831373985856
Q9VCZ7_P40688,0.89604,0.91696,0.015918,0.07160763442516327,0.9360712170600892,0.0044977627694606
Q8MSY4_O61231,0.002182,0.012914,0.015912,0.051255419850349426,0.0005193555844016,0.0010523834498599
Q9VKW3_Q8ML92,0.0022048,0.013013,0.015889,0.41330668330192566,0.0002522478171158,0.7064651846885681
P19889_Q9W236,0.0021885,0.012996,0.016336,0.04840397089719772,0.9950758814811708,0.0002634429256431
A1Z9X0_Q9VCQ7,0.002493,0.013004,0.017477,0.17688396573066711,0.013589640147984,0.1089450642466545
Q9VZU2_Q9V8I2,0.0021714,0.012959,0.015874,0.12967483699321747,0.0004648411704692,0.8683885931968689
P08510_O18334,0.0024137,0.013512,0.016642,0.13851261138916016,0.0030783258844166,0.008351425640285
O46308_Q9VUG4,0.0022358,0.012943,0.01609,0.2338380217552185,0.0005372925661504,0.0013014147989451
Q9VVR2_A0A0B4KFZ9,0.010599,0.012955,0.072677,0.5172532796859741,0.9962371587753296,0.2542487978935241
Q8SX32_Q9VZM7,0.0021835,0.012986,0.01597,0.005854765884578228,0.0043697739019989,0.0005220098537392
A1Z933_Q7JXB9,0.0021945,0.012964,0.01589,0.06081170588731766,0.0003090862301178,0.3456835746765136
Q01070_Q23983,0.0021861,0.013172,0.016138,0.08009453862905502,0.0017818375490605,0.0382796451449394
Q9VTC4_Q9VIE6,0.0021795,0.013145,0.015918,0.5129458904266357,0.0052775973454117,0.0018389085307717
Q9VXS3_Q9VQM2,0.002193,0.012929,0.015886,0.014400332234799862,0.0030007616151124,0.0002747965918388
Q9VBY2_Q9VJ02,0.0021842,0.01297,0.015941,0.4013090431690216,0.00051687983796,0.0228375885635614
Q9W148_P18491,0.025428,0.013007,0.017033,0.34536072611808777,0.0018799308454617,0.0002046555600827
Q9VWD9_P02574,0.0023503,0.013047,0.015975,0.16148288547992706,0.0011052412446588,0.0024376392830163
Q06559_Q9VAH9,0.0036742,0.013169,0.016202,0.10040552914142609,0.0023787426762282,0.4206331670284271
P53034_Q9V3L7,0.0022058,0.013047,0.015934,0.5757033228874207,0.0003736025246325,0.0007881018100306
Q9VMN9_Q7KRY6,0.0021853,0.01298,0.01598,0.027135726064443588,0.0007899578195065,0.0004373852862045
Q00805_Q9VT76,0.002313,0.14118,0.044,0.09741618484258652,0.995519757270813,0.0378000997006893
Q9V629_Q9U6B8,0.0022068,0.012919,0.015901,0.0937504768371582,0.0005263260682113,0.0003213581221643
A0A0B4KFZ9_P48609,0.0022878,0.01443,0.017375,0.035966940224170685,0.0003502233303152,0.0002631886163726
Q9VHK6_Q8IPC3,0.0021837,0.012936,0.015899,0.19654202461242676,0.0002149627252947,0.0520890913903713
Q9VYY9_Q9VY87,0.0021745,0.012985,0.015902,0.042879775166511536,0.00238803261891,0.0002294865844305
P23023_P11147,0.0021811,0.013032,0.015935,0.028953947126865387,0.0055132019333541,0.0015263232635334
Q6NMT8_O18413,0.002523,0.013029,0.015958,0.1491849720478058,0.0214718077331781,0.0010091605363413
Q9VVH6_P22812,0.0032898,0.012984,0.015958,0.16185753047466278,0.0033129090443253,0.0095542585477232
Q9VMN9_E1JIM1,0.0021964,0.012978,0.015913,0.5395618081092834,0.0006160009652376,0.0056580468080937
Q9VLP3_Q32UW5,0.0021787,0.012939,0.015957,0.17613577842712402,0.0056009176187217,0.002823119983077
Q24318_P31009,0.0021868,0.012935,0.015943,0.30100399255752563,0.0176471341401338,0.007068958133459
Q9VYY9_A0A0B4LGV6,0.84967,0.73323,0.015959,0.12204974889755249,0.0041287732310593,0.0029911890160292
Q8I7C3_Q9V457,0.082223,0.012965,0.016395,0.2333350032567978,0.0089417351409792,0.014731790870428
Q95SJ2_Q9VJM1,0.0024116,0.013069,0.0683,0.30623960494995117,0.0016269440529868,0.0002823921968229
P16914_O76927,0.002197,0.012934,0.015881,0.03327033668756485,0.0097250081598758,0.0961713641881942
P16241_P24350,0.12366,0.013669,0.016438,0.43069159984588623,0.9986314177513124,0.2334878593683242
P00528_P50887,0.0021826,0.012972,0.015907,0.0692608654499054,0.0004435318696778,0.3253651857376098
Q9VJ19_Q95SG9,0.0021793,0.012929,0.015885,0.13010279834270477,0.0004097594355698,0.007691893260926
Q9W229_P18931,0.0021896,0.012948,0.01589,0.07194367051124573,0.0002486355951987,0.0045449724420905
Q9V3V9_Q9VMH2,0.0021859,0.012925,0.015912,0.07382025569677353,0.0073679103516042,0.9729282855987548
Q7JVI3_Q9VIH1,0.0022223,0.012984,0.015892,0.062011878937482834,0.0010330053046345,0.0101388311013579
Q8T403_P81909,0.002196,0.012949,0.015861,0.05356379598379135,0.0003709401353262,0.0158684290945529
Q9VB23_Q9VXX0,0.0021806,0.013084,0.01588,0.37265509366989136,0.011956388130784,0.0044299527071416
Q9VN06_Q7K2L1,0.0022022,0.012949,0.015875,0.028558043763041496,0.0002621658204589,0.0344341471791267
Q9W4S7_Q9NCC3,0.0023746,0.012942,0.016029,0.06944651156663895,0.001881246571429,0.0027562235482037
Q8T4F2_Q9VHB6,0.0021805,0.012933,0.015907,0.010624594986438751,0.9987872242927552,0.8840584754943848
Q9VLB2_P10734,0.012829,0.013174,0.015933,0.03630233183503151,0.0057272184640169,0.0024256722535938
Q9V3V9_E1NZB4,0.0021793,0.012933,0.015896,0.07915624976158142,0.9983868598937988,0.0015589515678584
Q27350_Q95TY2,0.013569,0.01299,0.016369,0.17494921386241913,0.0104343816637992,0.91202974319458
Q9VKD6_Q9VVB6,0.0021914,0.01312,0.015889,0.29605743288993835,0.003060579765588,0.0004845919611398
Q9VEX9_Q9VAC4,0.0021967,0.012957,0.015971,0.34263181686401367,0.0069332355633378,0.0611330606043338
P40793_Q7KA43,0.0022036,0.015598,0.51638,0.16326896846294403,0.0006204370874911,0.0159585382789373
Q9VJM1_Q8SYC1,0.0023022,0.012963,0.015902,0.11795631796121597,0.0005796871264465,0.6936277747154236
O44437_Q24560,0.0021928,0.013135,0.016409,0.1576484888792038,0.0002516107924748,0.0002761334180831
Q9W5B3_Q9VS59,0.0023897,0.012954,0.015926,0.5670536756515503,0.0015152185223996,0.0025161742232739
Q59DX6_Q9VKF0,0.002183,0.013033,0.015897,0.13223810493946075,0.0021128572989255,0.001908125123009
Q9VH69_Q9VKV4,0.0021937,0.012921,0.015875,0.010414612479507923,0.0008211369859054,0.000892765703611
Q9VN06_Q7KM15,0.002196,0.012961,0.015913,0.017343731597065926,0.0003831591748166,0.0380662307143211
Q9VGY3_A1ZAW5,0.0022018,0.012914,0.015893,0.017325975000858307,0.0019021669868379,0.0080150226131081
P10627_P92204,0.002846,0.012959,0.01734,0.044553328305482864,0.0015041850274428,0.4238336980342865
P35128_Q8IQ53,0.0022737,0.43188,0.12677,0.049081381410360336,0.9965819716453552,0.0426437184214592
Q9W2P0_E3CTS5,0.002196,0.012908,0.015882,0.11263328045606613,0.033654972910881,0.0003589620755519
Q9VYX1_O46036,0.0022027,0.012951,0.015883,0.18247798085212708,0.0003342827258165,0.1178828775882721
P18824_P35220,0.0022115,0.013469,0.016921,0.18165065348148346,0.0041427444666624,0.0156786683946847
Q7KLV9_Q6IDF5,0.0022133,0.01295,0.015963,0.06806458532810211,0.0005474602221511,0.0014529271284118
Q24564_Q9VMR2,0.0022625,0.013015,0.015992,0.043981265276670456,0.0033838006202131,0.0004399963945616
Q9W483_P23757,0.040428,0.012956,0.016071,0.3264475464820862,0.0050005307421088,0.7394293546676636
Q9VUF3_Q26366,0.0039575,0.01295,0.015964,0.06827452033758163,0.2656856775283813,0.0095538301393389
P21461_Q9VIH1,0.0021829,0.013032,0.017139,0.056418951600790024,0.000296613026876,0.0078795915469527
Q9Y106_Q9W3E1,0.0021969,0.013031,0.015987,0.024729479104280472,0.0036208322271704,0.002372715389356
P22464_Q9VWD9,0.0021783,0.012949,0.015889,0.056909579783678055,0.0021565372589975,0.015216234140098
Q9V535_Q9VFB9,0.0021842,0.012951,0.016188,0.25094616413116455,0.0006060572341084,0.0006428904016502
P10627_P15330,0.63806,0.012966,0.018526,0.03743036836385727,0.0263587292283773,0.0661330223083496
A1ZBY3_B7YZE6,0.0021859,0.013004,0.015927,0.033527031540870667,0.0010659229010343,0.0072010997682809
Q9VVJ6_Q9VFL4,0.0022486,0.38322,0.18345,0.07602959126234055,0.0029776149895042,0.0001944358664331
Q24306_Q8T0S6,0.011448,0.013092,0.018439,0.011051341891288757,0.0021246699616312,0.0010680569102987
Q9W483_Q9V393,0.0021938,0.012925,0.015954,0.02736196108162403,0.0016171418828889,0.0133007327094674
Q9VUY2_Q9VK46,0.0022525,0.012992,0.015928,0.018534507602453232,0.0012607378885149,0.001391616417095
Q8I7C3_Q9VQA2,0.002176,0.012927,0.01589,0.1404954493045807,0.1774755418300628,0.0002490664774086
Q9Y0I1_Q24117,0.0021867,0.012978,0.015888,0.4205211400985718,0.0033655087463557,0.0004603695124387
C0HL67_Q0E9B6,0.0028406,0.013058,0.047927,0.007903162389993668,0.000614462303929,0.4785554409027099
Q9W074_A1ZBY3,0.0021912,0.012975,0.015901,0.04511084780097008,0.0002890643954742,0.003455972764641
P56672_P52486,0.0021884,0.013033,0.015883,0.4088755249977112,0.00123962177895,0.0002955730597022
Q9V3G9_Q24152,0.0021716,0.012935,0.015896,0.026220543310046196,0.014068997465074,0.0063710310496389
Q95RA8_P08645,0.0022019,0.012963,0.015887,0.10520554333925247,0.0054067894816398,0.6175961494445801
P06602_Q9VAH9,0.0022551,0.013052,0.01602,0.030418341979384422,0.0015467943158,0.0001849597756518
P32031_Q9W0B3,0.002188,0.012959,0.015893,0.2289290875196457,0.0022019993048161,0.0687185153365135
Q9VEC5_P08928,0.0027081,0.014512,0.016125,0.009619141928851604,0.004735090304166,0.0169426016509532
Q9V3G9_Q9VBI0,0.0021827,0.012928,0.015908,0.3551914095878601,0.004013642668724,0.0162503477185964
P92208_Q7KTX7,0.0022385,0.013027,0.016173,0.052538853138685226,0.0073237419128417,0.0097084073349833
A1ZBY3_Q9VQI4,0.0021907,0.012929,0.015913,0.008385816588997841,0.0020315090660005,0.0021237027831375
Q9VT57_P26686,0.022058,0.013217,0.036043,0.09034305065870285,0.0085571045055985,0.0069853705354034
Q9VAC4_P82804,0.0021842,0.012936,0.015896,0.017248645424842834,0.0034760297276079,0.0004658500838559
Q9VH45_Q9VQF9,0.0022899,0.012939,0.015927,0.07139341533184052,0.0034164590761065,0.0003623255470301
X2JEH3_Q9VBY7,0.0021899,0.01294,0.016001,0.07563264667987823,0.0043323063291609,0.8945109844207764
Q9V3V9_Q94511,0.002352,0.012947,0.015984,0.003111869329586625,0.0003163997898809,0.0433315671980381
Q9W0I6_Q9VF04,0.0021843,0.012932,0.015953,0.4146951138973236,0.0010722060687839,0.0328299440443515
Q8IMX1_Q9VAY8,0.0021849,0.012942,0.016029,0.09682951122522354,0.0248661190271377,0.8105663657188416
O97183_P25158,0.0021913,0.012928,0.015946,0.11649586260318756,0.0023426499683409,0.8514978885650635
Q9VIF5_P15357,0.0021849,0.012985,0.016924,0.26129621267318726,0.0115830339491367,0.0414639227092266
Q7KUD5_Q9VJQ5,0.0021992,0.013014,0.015972,0.2255460023880005,0.0002636374265421,0.8121999502182007
Q8SYC1_P20009,0.0022467,0.012939,0.015928,0.42076852917671204,0.0016090690623968,0.0140510499477386
P42124_O96660,0.0021911,0.012918,0.015967,0.20099295675754547,0.0126889059320092,0.0014372693840414
M9PHL2_Q9VR09,0.0021836,0.01293,0.015923,0.04495536535978317,0.0090661942958831,0.0027261513751
Q7JZK1_M9PGR0,0.0022153,0.012933,0.015894,0.29495900869369507,0.0004109270521439,0.0058956639841198
P16914_Q24154,0.0021883,0.01298,0.015916,0.22133062779903412,0.9979221224784852,0.7175332903862
Q01071_B7YZF0,0.0021959,0.013014,0.015953,0.015492545440793037,0.0029579265974462,0.0348210297524929
Q06453_P25008,0.0021871,0.012937,0.015877,0.08980527520179749,0.0184849221259355,0.0020831173751503
P55830_Q9W4R3,0.0021831,0.012937,0.015919,0.15905892848968506,0.0002516444073989,0.0195275098085403
Q9W237_Q9VAT0,0.0021809,0.012937,0.015906,0.4058639109134674,0.0003451427910476,0.0004973715986125
Q9XYN7_P08044,0.0021727,0.012949,0.015896,0.208016037940979,0.000249651086051,0.0005963526782579
Q9VPT8_Q9VKM1,0.0021783,0.012943,0.015955,0.07922466844320297,0.00831731967628,0.0004858935426454
E1JHS8_Q24472,0.082954,0.012948,0.015969,0.20292794704437256,0.2565818130970001,0.0578444078564643
Q9V3E9_Q9W2E8,0.0022241,0.012965,0.0159,0.22284889221191406,0.0051710098050534,0.0001774108823155
Q7JZB4_Q9VYW6,0.0021977,0.012994,0.015926,0.018640393391251564,0.0002842400281224,0.0031849092338234
Q9TW27_Q8SWV6,0.0021783,0.013272,0.015943,0.006731483619660139,0.0011247965740039,0.9034098982810974
Q9W2K0_Q9VBN5,0.0021841,0.012917,0.015909,0.003469184972345829,0.0006922602187842,0.0053583453409373
Q9W236_Q9VNB9,0.002184,0.013046,0.020299,0.004627580754458904,0.0003263990511186,0.0080966660752892
Q8T4F2_Q9VPE2,0.0021977,0.012955,0.015954,0.2583893835544586,0.001700849388726,0.000593933975324
Q01083_A8DYC9,0.0022374,0.013134,0.016542,0.36134618520736694,0.0007025285158306,0.0021827039308845
P02572_Q9VDG2,0.0021849,0.012998,0.015952,0.14831963181495667,0.0286061950027942,0.0008647186332382
Q9I7P3_Q9VX37,0.002174,0.012929,0.0159,0.019174683839082718,0.003650575177744,0.393195241689682
Q6NMT8_Q9VB23,0.0022799,0.013087,0.016006,0.13235105574131012,0.0126631502062082,0.0004059145285282
A0A0B4KEP9_Q9W4M8,0.0025934,0.01297,0.015933,0.047974348068237305,0.00459188176319,0.0935570672154426
Q9W482_C0MJ66,0.002236,0.012964,0.016125,0.019198238849639893,0.0022093735169619,0.0223058946430683
Q27297_Q95RV2,0.0021853,0.012945,0.015898,0.045191265642642975,0.0012501017190515,0.04401745647192
P42124_Q9VWA1,0.0021789,0.01292,0.016427,0.18358765542507172,0.0102584781125187,0.003413276746869
D5SHR0_Q9VKF0,0.0022077,0.012951,0.015926,0.0940224826335907,0.0108046438544988,0.0003289042506366
Q9VRY0_Q9W1A3,0.002182,0.012958,0.015934,0.188818097114563,0.0006986946682445,0.0088938055559992
O96881_X2JEH3,0.0022011,0.012923,0.018166,0.11553021520376205,0.0008288259268738,0.0009605253580957
Q8SWV6_Q95TY2,0.0021729,0.013602,0.015959,0.14838534593582153,0.0022452895063906,0.9085330963134766
Q9VLB2_Q9VHA9,0.0023819,0.013014,0.016026,0.010794205591082573,0.0155766708776354,0.001209162408486
Q9VTZ7_Q9VVY4,0.0021998,0.012931,0.015923,0.050809863954782486,0.0066275275312364,0.0024293046444654
Q9VM20_Q27368,0.0023962,0.01304,0.01637,0.32710200548171997,0.0048940065316855,0.950897753238678
Q32UW5_Q9VKF0,0.0034809,0.013336,0.016295,0.14513152837753296,0.0278531368821859,0.0190213769674301
Q9VI55_P56544,0.0022316,0.012947,0.016022,0.05545271560549736,0.039437148720026,0.0009778551757335
Q9VSY8_O02002,0.0021851,0.012993,0.015994,0.08726467937231064,0.0032554145436733,0.003261424601078
Q9VNE4_E1JGN7,0.0022048,0.013052,0.015906,0.04636898264288902,0.0191463399678468,0.0030227280221879
Q9VJZ6_P41092,0.0022384,0.012946,0.015889,0.04215734452009201,0.0004036637255921,0.8416745066642761
Q95RV3_P26270,0.002196,0.012918,0.016006,0.161348357796669,0.0010486496612429,0.0371421128511428
P42124_Q9VXP1,0.0022119,0.01308,0.016107,0.01749764196574688,0.0012305863201618,0.0007150116143748
Q9VNB9_Q9VHB6,0.0022562,0.012921,0.015921,0.15343785285949707,0.0002912073105107,0.0104814423248171
A0A0B7P9G0_Q9TW27,0.0068326,0.012959,0.016051,0.1452673226594925,0.0015483283204957,0.0028100367635488
O77430_Q8T0K1,0.0021946,0.012919,0.015888,0.15910112857818604,0.9989014863967896,0.0009508455405011
Q9U1K1_P18488,0.10799,0.013014,0.016036,0.12748779356479645,0.0015914525138214,0.9855203032493592
Q7KVG9_Q9VYW3,0.002174,0.012934,0.015875,0.053918953984975815,0.0075040580704808,0.001711088232696
Q9VJZ6_Q9VH07,0.0025695,0.01295,0.016131,0.2601986825466156,0.0004104265244677,0.0261501334607601
P06603_O97420,0.0022139,0.013123,0.015911,0.2728005051612854,0.001201307051815,0.000760240945965
P52486_Q8SYC1,0.0021974,0.012981,0.015887,0.021288517862558365,0.0053971568122506,0.04800471290946
P80455_Q9V4Q8,0.0021782,0.012923,0.015883,0.3730490207672119,0.0005244018975645,0.014927945099771
Q9Y106_Q7KNM2,0.0021778,0.012954,0.015901,0.49369803071022034,0.0010934881865978,0.0089288651943206
O96881_P40797,0.0021776,0.012975,0.02154,0.06409084051847458,0.0013381706085056,0.0010499000782147
Q8I8V0_Q9VTZ1,0.00226,0.012958,0.015983,0.0707055851817131,0.0014352942816913,0.0397062823176384
Q7JWR4_Q9VPP7,0.0021967,0.01297,0.015947,0.20534782111644745,0.9988759160041808,0.3245452344417572
P41126_P42325,0.0022768,0.01303,0.016077,0.35045087337493896,0.0026966892182826,0.0013913427246734
Q9VCU6_Q9VEV9,0.017532,0.012949,0.015979,0.388187438249588,0.0014692553086206,0.0727525651454925
Q24472_Q7KA43,0.0021845,0.013054,0.015859,0.49342501163482666,0.0036517698317766,0.0004502271476667
A1Z9I6_M9NF10,0.0022433,0.013052,0.015936,0.10108412057161331,0.0036643021740019,0.0290650147944688
Q9VAP2_Q8SXU3,0.0022479,0.012946,0.01597,0.01526806689798832,0.0070631667040288,0.00276207504794
Q9V3G1_Q0KHZ6,0.0075945,0.013299,0.01646,0.11473634093999863,0.9989601373672484,0.0098810726776719
Q9V407_P26308,0.0021914,0.013014,0.017923,0.04712141677737236,0.0140538401901721,0.0864718258380889
Q9VZM7_Q9NFU0,0.0021743,0.013063,0.015969,0.06449273973703384,0.0073996861465275,0.0801120400428772
P40797_Q9Y1B2,0.0021821,0.012974,0.015918,0.14783787727355957,0.0034051937982439,0.0021060218568891
Q24210_Q7JX41,0.0022028,0.012963,0.015942,0.008363015949726105,0.0165941510349512,0.0345560796558856
B6VQA1_P17917,0.0021647,0.012951,0.015883,0.3629205524921417,0.0022344654425978,0.0026648994535207
A1ZAK9_P17133,0.52632,0.013044,0.023943,0.025969795882701874,0.9989377856254578,0.9893556237220764
Q23983_Q9VQA2,0.0021791,0.013049,0.015927,0.12232756614685059,0.0005191867821849,0.0001496390905231
Q9VQA6_Q9VMU0,0.0022081,0.012939,0.015902,0.18104340136051178,0.0002370539150433,0.0008559226989746
P40797_Q9W236,0.0022148,0.013184,0.016319,0.06764093786478043,0.0188555140048265,0.0010863882489502
P18824_Q9VN50,0.0021696,0.013112,0.015918,0.029808541759848595,0.9767187833786012,0.0270560272037982
Q9V464_O45030,0.0022032,0.012926,0.015937,0.3588557541370392,0.0042199841700494,0.0003179516352247
Q9VTE5_X2JDF3,0.002193,0.012935,0.015879,0.6272153854370117,0.0003128528478555,0.0594871938228607
Q9VR35_Q9VMH2,0.0021828,0.012956,0.015903,0.016700278967618942,0.0051154885441064,0.0158121418207883
P39018_Q9VG38,0.002178,0.012919,0.015892,0.2693449854850769,0.0262858606874942,0.0448157452046871
Q9V535_Q9VEV9,0.0022242,0.012954,0.01599,0.6363422870635986,0.0010089797433465,0.0028140775393694
Q9U1H9_P48607,0.0022134,0.012928,0.015943,0.1565951108932495,0.0007040576310828,0.007495954632759
Q9W418_P20009,0.0035952,0.013421,0.016054,0.20964492857456207,0.0015066363848745,0.092033639550209
P22809_P29555,0.68046,0.013107,0.01683,0.10827695578336716,0.9988651275634766,0.0004070873837918
Q7KN94_P10083,0.0021873,0.013093,0.0159,0.10343766957521439,0.0002039558312389,0.0121018448844552
Q9VTC2_Q9VN50,0.002268,0.012932,0.01589,0.24519598484039307,0.0003956225409638,0.000274613557849
Q9V3E9_P16241,0.0022324,0.013771,0.015987,0.010364409536123276,0.0019401678582653,0.007641710806638
Q9W1B9_P56672,0.0021761,0.012931,0.015894,0.2422800064086914,0.000462295662146,0.0117149446159601
Q9XZ57_P08645,0.0031587,0.013291,0.016079,0.07701781392097473,0.0042575593106448,0.0045523629523813
Q9VFE9_P25991,0.0021782,0.013799,0.045416,0.0077483514323830605,0.0006115020369179,0.0021437928080558
Q7JX41_Q8I0J6,0.030819,0.014863,0.016026,0.07188504189252853,0.0020898100920021,0.0233161319047212
Q9VPT8_O46034,0.0021783,0.012979,0.038743,0.08209099620580673,0.0003844698076136,0.0043093059211969
Q9VTW3_Q7K4Z4,0.0047869,0.012989,0.016095,0.16903038322925568,0.0086352787911891,0.0249152593314647
Q9VJD2_P20350,0.0021831,0.012937,0.015877,0.3214612901210785,0.0005967714823782,0.0005504612927325
A8JR10_P02835,0.0026601,0.012983,0.016068,0.25904929637908936,0.005784067325294,0.0041717598214745
Q9VX94_Q9VGF9,0.084531,0.013102,0.016173,0.15826070308685303,0.0053471932187676,0.6792548298835754
Q9VRK9_Q9VJY9,0.002183,0.013134,0.015971,0.002946315100416541,0.0355949327349662,0.7718381285667419
Q9V3K3_Q9V3G1,0.002247,0.013058,0.016765,0.26071897149086,0.0028101291973143,0.0058339149691164
Q23985_Q9VR58,0.49037,0.013009,0.016687,0.03463146835565567,0.009260288439691,0.0011968680191785
P22265_P83949,0.015698,0.013034,0.015976,0.20122410356998444,0.026836821809411,0.0004857497115153
Q9VU85_Q9VM46,0.0022494,0.01293,0.016054,0.039212893694639206,0.0011291658738628,0.6537858247756958
Q01083_P46222,0.0022141,0.012943,0.015906,0.3619804084300995,0.0004428345419,0.0007114571635611
Q9V3S6_Q9VKF0,0.0022004,0.012924,0.015908,0.6698540449142456,0.0152607411146163,0.0008591212099418
Q9VA95_Q9VZJ3,0.0021865,0.012925,0.015903,0.09083983302116394,0.0013548142742365,0.0025869011878967
Q8IQ92_Q9VU83,0.0060369,0.012937,0.015929,0.25963711738586426,0.0056002801284193,0.0014180202269926
Q9VCU6_O18640,0.0022089,0.013303,0.016011,0.05479799211025238,0.9980535507202148,0.117293082177639
P39018_O15945,0.0021814,0.012951,0.015905,0.01663346216082573,0.0002378589997533,0.0016944393282756
Q9VVT5_Q9VT51,0.0022105,0.013027,0.015895,0.5825525522232056,0.0005650693783536,0.0032384786754846
Q9VDE3_Q9XYU1,0.0022145,0.01323,0.016664,0.10993020981550217,0.0002943517174571,0.3570826351642608
Q9VGF9_Q9VFE4,0.0021837,0.012949,0.015953,0.0520513653755188,0.0005037455121055,0.989343285560608
P81917_Q32UW5,0.0021754,0.012951,0.015902,0.018352238461375237,0.0008270200341939,0.018890518695116
P23573_Q7JNL9,0.0022719,0.012988,0.018117,0.04150255024433136,0.0046159848570823,0.0037154834717512
Q00805_P02835,0.0022644,0.012996,0.015968,0.05524968355894089,0.0020026308484375,0.0056013585999608
Q9VFB9_O96989,0.0021863,0.01295,0.015968,0.023111101239919662,0.000441379554104,0.0155971487984061
Q9VQY9_Q9VC66,0.011731,0.01307,0.015888,0.10394132882356644,0.0004900320200249,0.0173627492040395
P22816_P29555,0.43075,0.013034,0.0168,0.17652739584445953,0.0826162993907928,0.0075087607838213
Q95TS5_Q9W4I7,0.0021765,0.012962,0.015917,0.10481955856084824,0.0021232741419225,0.1960131376981735
Q9W3Q0_O45030,0.0025258,0.013089,0.015972,0.0017091012559831142,0.0918341055512428,0.0136424042284488
Q26366_Q9XYU0,0.0021795,0.012997,0.015972,0.23966656625270844,0.0004435703449416,0.4818218052387237
O97420_Q7K4B4,0.0087065,0.012951,0.015922,0.09890544414520264,0.9983345866203308,0.9644860625267028
P40793_O96860,0.0031098,0.016569,0.015975,0.07499772310256958,0.0024402381386607,0.0098499683663249
E1JJE8_Q9VLP3,0.0021865,0.012926,0.016011,0.004881864879280329,0.0105462884530425,0.0009887923952192
P52485_Q9VR38,0.0021748,0.012982,0.015918,0.32625290751457214,0.0004191483312752,0.0003266979183536
P06754_Q24423,0.0022146,0.013321,0.015874,0.19625455141067505,0.0036367264110594,0.0526491627097129
Q9VPU9_Q9VTE5,0.0021916,0.012936,0.015932,0.20866771042346954,0.0020157874096184,0.0002138233248842
O77430_Q9VM76,0.0021707,0.012936,0.015906,0.01656450517475605,0.0101778740063309,0.2291256934404373
Q9VVY4_P04359,0.0021936,0.01296,0.015869,0.011079685762524605,0.0005898021627217,0.3097510635852813
Q9VLB2_Q9VHM7,0.0030507,0.013029,0.015991,0.0189638901501894,0.0140401944518089,0.0046344581060111
Q7K119_Q9VM64,0.0021899,0.012986,0.015987,0.041930705308914185,0.000914619420655,0.8658789992332458
Q9VNE9_Q9VKW3,0.0021982,0.012958,0.015977,0.1771840751171112,0.0003270014422014,0.4657239019870758
A1ZAS3_P55935,0.0022093,0.012938,0.015938,0.43161845207214355,0.0004883612855337,0.9823086261749268
P05709_A1ZAK9,0.0029739,0.013026,0.016112,0.018197402358055115,0.0003098805027548,0.000886557623744
O96989_Q9XYU1,0.0021879,0.012971,0.016078,0.06840422004461288,0.0064559797756373,0.0116219026967883
P29503_Q59DZ4,0.002193,0.012989,0.015928,0.3151457905769348,0.9848529100418092,0.0005378171917982
Q9VSN0_E1NZB4,0.0022124,0.012939,0.015926,0.20004969835281372,0.6015581488609314,0.0017967349849641
Q9VTB4_Q9VYG2,0.0021867,0.012932,0.015916,0.36339274048805237,0.0023379838094115,0.0016968318959698
Q9VNE4_Q94511,0.0021671,0.012984,0.015919,0.01712607778608799,0.0004779387963935,0.0054345484822988
O18413_Q9W542,0.017422,0.013554,0.015976,0.3102596700191498,0.0049092383123934,0.0006408963818103
P29503_Q9W2P0,0.0021877,0.013002,0.015894,0.01111351978033781,0.0176527705043554,0.1685357838869094
Q9W499_P54359,0.0022517,0.012996,0.017382,0.04587435722351074,0.0003168529074173,0.0093981949612498
Q08605_X2JDF3,0.0022268,0.013007,0.015907,0.009311964735388756,0.0009341705008409,0.0055832201614975
P49847_A1Z9S1,0.0021874,0.012984,0.015897,0.030089570209383965,0.0076613677665591,0.0093959895893931
Q9VEX5_P25867,0.0021729,0.012985,0.015899,0.24372877180576324,0.0028700979892164,0.149325743317604
O46037_Q966T5,0.0021811,0.01298,0.015911,0.014019133523106575,0.998948872089386,0.0017750373808667
Q9VP65_P16568,0.0021962,0.012941,0.01591,0.02783278189599514,0.0003850757493637,0.1069375053048133
P11346_P02844,0.0021929,0.012935,0.015916,0.4786771833896637,0.0055920728482306,0.0129898190498352
P50534_Q9W2R4,0.0050021,0.01313,0.01642,0.514731764793396,0.0066642323508858,0.0153856119140982
Q9VTL1_Q9VCG6,0.0021903,0.013033,0.015977,0.0554983988404274,0.0005344490637071,0.0018071436788886
M9PBY4_P20009,0.0023172,0.012935,0.015882,0.17085321247577667,0.0013648881576955,0.2287500202655792
Q9VJM2_Q9VJZ4,0.0021848,0.012914,0.015911,0.05535896494984627,0.004468903876841,0.0006938655860722
Q9VSY8_P50536,0.0022058,0.012929,0.015943,0.3341973125934601,0.0086460942402482,0.1684351414442062
Q9W0I6_Q9W4N8,0.0022204,0.01294,0.016024,0.2970401346683502,0.0007643651915714,0.0066359811462461
Q94545_Q9I7P3,0.0022418,0.012978,0.015931,0.11089136451482773,0.9974536299705504,0.0010715132812038
P08645_P82804,0.0022191,0.013,0.015925,0.618541419506073,0.0005950743216089,0.8153164386749268
Q9Y0S9_Q9V3I9,0.0028815,0.012957,0.015931,0.618101179599762,0.024745050817728,0.82740718126297
P19889_P21461,0.0021856,0.012972,0.015917,0.36620646715164185,0.0005264575011096,0.0005293099675327
A1Z9S1_P29673,0.0021948,0.012973,0.015898,0.5396041870117188,0.0013022349448874,0.2981103062629699
Q26366_P42325,0.0021731,0.013323,0.015909,0.15394920110702515,0.1701299101114273,0.9863943457603456
Q95SG9_Q9VFE9,0.0021751,0.012932,0.015895,0.06458045542240143,0.0003294779453426,0.0004097645287401
Q9VRT7_Q9W0Q5,0.0021961,0.012981,0.015875,0.12205374985933304,0.0005785845569334,0.0232873950153589
Q8IPW3_Q9VBC5,0.0022039,0.012942,0.015877,0.33552467823028564,0.0004145869461353,0.9293675422668456
Q24106_Q9VQA6,0.0021785,0.012931,0.015883,0.010735046118497849,0.0005909461178816,0.0134607385843992
O96860_Q8I0J6,0.0021657,0.012982,0.015895,0.4991939067840576,0.0046925647184252,0.0017890314338728
Q9VF27_Q9VA83,0.0024011,0.013384,0.038821,0.32885757088661194,0.0002975011593662,0.000824041897431
Q9V444_O61231,0.0022241,0.012941,0.057143,0.256046324968338,0.0002923308347817,0.0002483041898813
P41042_Q9VKD6,0.0022114,0.012936,0.015901,0.44690605998039246,0.0003830671485047,0.001076211570762
Q9W0A8_Q7JVI3,0.0021675,0.013081,0.015894,0.14150838553905487,0.0002594873076304,0.0002565828617662
Q7JZC9_P47948,0.002231,0.013037,0.015909,0.010359715670347214,0.0007452945574186,0.0275924634188413
Q9W3E7_Q8T0S6,0.78635,0.013005,0.018383,0.5615463852882385,0.0623184815049171,0.000767623016145
P46824_M9PBM3,0.0022005,0.013732,0.015941,0.16172176599502563,0.0008735903538763,0.270494282245636
Q9VVX0_Q9W2E8,0.0022314,0.012923,0.015904,0.11635581403970718,0.0003021593438461,0.004870147909969
P22464_Q9VL93,0.0021834,0.012936,0.015879,0.12392398715019226,0.0212083719670772,0.0023366815876215
P29555_P40427,0.18412,0.013276,0.016331,0.06456489115953445,0.998390793800354,0.8973222374916077
Q9VJ19_Q9W0B3,0.0021742,0.012931,0.015885,0.036978427320718765,0.0009166363161057,0.0002258252789033
Q8IMX1_Q95RV3,0.002182,0.012924,0.01593,0.0754021480679512,0.0069366246461868,0.0008209414081647
Q8MRQ1_Q9VZU2,0.00217,0.013225,0.015954,0.05908891186118126,0.0004791560641024,0.0005729800323024
A0A0B4KEP9_P06603,0.0021775,0.013137,0.015954,0.15217076241970062,0.0031088311225175,0.0007337385322898
D2NUE8_P48148,0.0022268,0.013839,0.016026,0.09685672074556351,0.5917637944221497,0.0137324351817369
P20350_Q9V629,0.0021906,0.01293,0.015921,0.15461240708827972,0.0003299730597063,0.3758296370506286
Q9VN50_Q9VQR2,0.0021833,0.012927,0.015913,0.264518141746521,0.0002701309858821,0.009329916909337
Q01071_Q45VV3,0.0025044,0.013045,0.015945,0.009289742447435856,0.002836616244167,0.0163454487919807
P20350_Q9VVJ6,0.0023126,0.01563,0.016388,0.0559912770986557,0.0020229232031852,0.8296900987625122
Q7K105_Q9VAR6,0.002188,0.012943,0.015941,0.17823585867881775,0.0013469022233039,0.792831540107727
P16914_Q9VCY3,0.0021787,0.012948,0.015955,0.2875504791736603,0.9728819131851196,0.0429639369249343
Q9VN50_P52168,0.0021686,0.012937,0.015909,0.0763619989156723,0.0005845047417096,0.0053947535343468
Q9VMN6_Q9VQS4,0.0022491,0.013051,0.015952,0.1335698813199997,0.0010813593398779,0.0017937765223905
A0A0B4KFV0_P48462,0.0055353,0.013062,0.016047,0.23742128908634186,0.0004476359754335,0.0006587165407836
P23573_Q9VPD2,0.0024556,0.013226,0.017298,0.10664510726928711,0.0002350033610127,0.4849502742290497
Q0E8K5_C0MJ66,0.0021961,0.013008,0.01671,0.03690839186310768,0.0204192195087671,0.0010174443013966
Q9VA95_P18491,0.0021809,0.013007,0.015945,0.018469512462615967,0.000651464681141,0.9720383286476136
Q9VKD6_Q9VR09,0.00219,0.012927,0.015881,0.05038406327366829,0.0239076502621173,0.000495943299029
P55935_Q9VCS1,0.0022216,0.012969,0.015918,0.13480818271636963,0.0003638404014054,0.0041808737441897
P23792_Q9VND8,0.0022251,0.01419,0.016103,0.008235241286456585,0.0043868352659046,0.5837339162826538
X2JEH3_Q8SX32,0.0021856,0.012944,0.016195,0.025850456207990646,0.0020485303830355,0.9360804557800292
O97418_Q9VST2,0.0021868,0.012951,0.01592,0.5092236399650574,0.0803525000810623,0.0022783440072089
Q9VCY3_Q9VTL1,0.0021751,0.013071,0.029766,0.01091939676553011,0.9988407492637634,0.286359578371048
Q9VD72_P40688,0.0022996,0.012951,0.015886,0.2367778718471527,0.0009702772949822,0.9504023194313048
Q9V428_E1JIM1,0.0021729,0.012929,0.015881,0.07204174995422363,0.0010454844450578,0.4406829476356506
Q9VTC2_Q9W418,0.0021698,0.013015,0.016077,0.22846706211566925,0.0003314134955871,0.1670909225940704
Q27934_Q24154,0.0021697,0.012946,0.015941,0.046389490365982056,0.0013996829511597,0.0049083065241575
P08570_Q9W418,0.0021864,0.013084,0.016073,0.178586944937706,0.0002731952699832,0.0022804585751146
A8DYC9_Q9VK46,0.0022377,0.012963,0.015913,0.39792510867118835,0.0011900375830009,0.0004682941071223
Q9VVI3_Q7JZB4,0.0023567,0.012944,0.015913,0.45325902104377747,0.0006454846588894,0.0005097844405099
Q9V407_Q9Y0S9,0.70235,0.012959,0.015958,0.017284519970417023,0.0018250438151881,0.5899322628974915
Q24154_Q9VF82,0.0022111,0.012929,0.015881,0.14350344240665436,0.0004365197382867,0.001655250438489
Q9VQK1_P02572,0.0021936,0.012977,0.01591,0.17639902234077454,0.0599306561052799,0.0058875395916402
Q8MRQ1_Q9VFE4,0.0022015,0.012929,0.015901,0.06885355710983276,0.0079840924590826,0.9448718428611756
Q9VCZ8_Q9W4R3,0.0021872,0.012949,0.015899,0.0123452078551054,0.0002561082364991,0.0084956353530287
P12881_Q9VIH1,0.0021791,0.012928,0.015891,0.29294368624687195,0.000244895752985,0.2032730430364608
P04197_Q9VCE1,0.0022021,0.012938,0.015946,0.005794747266918421,0.2660167813301086,0.0005442012916319
B6VQA0_Q94518,0.0021885,0.012937,0.016285,0.1180388554930687,0.9962170720100404,0.9930591583251952
Q9V3L8_Q9XYU1,0.0022931,0.013364,0.015947,0.07546235620975494,0.0002989438362419,0.0061094420962035
Q8IMM9_Q23985,0.0034829,0.013,0.017932,0.08029377460479736,0.0080068716779351,0.0011921569239348
A8JR10_Q24423,0.0028686,0.012968,0.01596,0.002192625543102622,0.0063956468366086,0.4350919723510742
Q9VMU0_Q9VAN8,0.0022063,0.012927,0.015964,0.05966053903102875,0.0003766561858355,0.0018796927761286
P39018_Q9VGF9,0.0021836,0.012938,0.015904,0.17435511946678162,0.0004008254036307,0.4798848032951355
Q9I7L4_P18929,0.0022596,0.012939,0.015875,0.12334199994802475,0.0002194742701249,0.0001589470630278
Q24276_Q9VP57,0.0022056,0.012943,0.016179,0.11709630489349365,0.0026363402139395,0.0013084063539281
O44437_Q9XZS4,0.0022309,0.013001,0.015906,0.2815902531147003,0.0002145296748494,0.1710807383060455
Q24139_Q95SJ2,0.0022111,0.012961,0.016301,0.0075150965712964535,0.000434002635302,0.004221370909363
Q9VAC8_Q9W0B3,0.0021803,0.012969,0.015889,0.15615808963775635,0.0064107328653335,0.0011713710846379
Q9VS05_Q8I7C3,0.69701,0.013459,0.017404,0.0010542937088757753,0.2018164694309234,0.0113699864596128
Q8SWV6_Q9VWA1,0.0021817,0.012961,0.015983,0.14422407746315002,0.0011120548006147,0.0003648957062978
Q9VWA6_P48598,0.0022079,0.012968,0.0159,0.020466184243559837,0.0492247231304645,0.0023189710918813
O97143_A0A0B4LGV6,0.034943,0.012976,0.016049,0.15813231468200684,0.0021973210386931,0.0002817002823576
Q9VEC5_Q9VJC7,0.0021655,0.013266,0.015907,0.06240009889006615,0.0006311030010692,0.0132892290130257
Q9VAQ8_Q9VGW6,0.0021949,0.012948,0.016353,0.08330206573009491,0.0003477117279544,0.7286900877952576
Q9VX37_Q8SX86,0.0022465,0.012934,0.016007,0.025464290753006935,0.0045233252458274,0.0066740601323544
P16378_Q9VF77,0.0021891,0.013093,0.015959,0.17814773321151733,0.0003708121366798,0.923542618751526
Q9V3I9_Q24154,0.0021977,0.012957,0.015908,0.06472104042768478,0.0270750224590301,0.0070578176528215
Q9VI60_P23792,0.0021776,0.012938,0.015923,0.016162114217877388,0.0030759021174162,0.0001748003269312
Q9VFE4_Q24087,0.0021939,0.012916,0.015911,0.0007186027360148728,0.0021026583854109,0.0053201299160718
Q0E8K5_B6VQA1,0.0022605,0.012978,0.015939,0.013700799085199833,0.0133349057286977,0.0022838590666651
P25991_Q9VE52,0.0022177,0.013586,0.016061,0.08612094074487686,0.9987838864326476,0.0209047012031078
Q9W2V7_Q9VMU4,0.002251,0.012925,0.015974,0.037231288850307465,0.0023108271416276,0.4976744353771209
Q9VTB4_Q24475,0.0023435,0.012944,0.01593,0.5912889242172241,0.0013231339398771,0.0003150515840388
Q8T0G4_P22464,0.0021683,0.012918,0.015878,0.05806240811944008,0.0018699915381148,0.0003319238312542
P42207_Q8T4F7,0.0022406,0.013199,0.016127,0.09662505984306335,0.0016224209684878,0.00036246838863
O18413_Q9VCE1,0.024131,0.01377,0.015943,0.03580116480588913,0.0026899278163909,0.0004011659766547
Q7JWR4_Q9V431,0.0021743,0.013019,0.015891,0.05454622954130173,0.0005405842675827,0.1157317534089088
P26017_Q9VLT7,0.0021943,0.012935,0.016339,0.4293626844882965,0.0025706284213811,0.0010065756505355
Q9W402_P10083,0.0022892,0.012942,0.015903,0.045628804713487625,0.0003209625137969,0.1807861030101776
Q9VS05_P42207,0.0030623,0.013065,0.01602,0.4412558078765869,0.0046747019514441,0.0020305996295064
P23573_P54733,0.0022225,0.013004,0.018227,0.10087857395410538,0.4046262502670288,0.0068194544874131
P08928_A8JR10,0.0035526,0.015519,0.016195,0.18287844955921173,0.0417726635932922,0.0512843169271945
Q7JYX5_C5WLN8,0.0022165,0.012948,0.015908,0.2945709526538849,0.0002780076465569,0.010111765936017
Q9VA91_Q9VP78,0.0021739,0.012924,0.015908,0.14105713367462158,0.0004213651409372,0.9623737931251526
P09052_Q9VS01,0.0021764,0.012962,0.015893,0.05082571506500244,0.0030388184823095,0.0005602308083325
Q8MUJ1_Q9VE52,0.0021899,0.012941,0.016184,0.02805374376475811,0.000241418936639,0.0018244402017444
Q8SX86_O97143,0.0022639,0.012958,0.016048,0.11323338001966476,0.0025806978810578,0.0140879210084676
E1JJE8_P09081,0.28227,0.013107,0.018051,0.12750431895256042,0.0088451011106371,0.0083305211737751
Q9V4S8_Q86P80,0.002179,0.012927,0.015912,0.03300110250711441,0.001154888770543,0.0017463910626247
Q9VBU9_Q9VHM7,0.0025725,0.012988,0.077882,0.3171996772289276,0.0012965241912752,0.2343095541000366
Q9VS01_P31007,0.0022086,0.012947,0.015929,0.44630131125450134,0.0010875024599954,0.9691151976585388
Q7KS77_P50534,0.0039593,0.012996,0.01599,0.003657233901321888,0.0048366249538958,0.0098388409242033
Q7KA43_Q9VIF5,0.0021714,0.013078,0.015856,0.007488714065402746,0.0014157021651044,0.0047518839128315
Q9W0G1_Q9VL93,0.0022155,0.01297,0.015909,0.2615209221839905,0.0025875349529087,0.0006473581306636
P10084_Q9V3Z4,0.0022604,0.013067,0.016134,0.00238844845443964,0.0015500963199883,0.3239849805831909
Q9VFB9_Q9VVX0,0.0022241,0.012954,0.016021,0.20188574492931366,0.0003797659592237,0.9813687801361084
O18413_Q9VHE3,0.70636,0.51576,0.015936,0.23183505237102509,0.0047388849779963,0.010690807364881
Q7KN94_P25843,0.0022069,0.012993,0.015936,0.34203973412513733,0.0002054569631582,0.0333481356501579
P36179_Q9VLB2,0.0023327,0.014759,0.015951,0.07043617218732834,0.0521955788135528,0.9386931657791138
Q9VTW6_P56544,0.20327,0.013234,0.015884,0.002486993558704853,0.0002478063397575,0.9941892623901368
Q9VW53_Q9VTM2,0.0021893,0.012971,0.015901,0.07423333823680878,0.0048029376193881,0.0036566103808581
Q9W1U6_A0A0B7P9G0,0.0021954,0.012947,0.015915,0.372032105922699,0.0003044225450139,0.0004550032608676
Q9VRX1_Q9V4E0,0.002174,0.012958,0.015885,0.1306501179933548,0.0003133420832455,0.1130409389734268
Q9VEF0_R9PY49,0.032942,0.013005,0.016204,0.14006468653678894,0.0014135526726022,0.0116417529061436
Q86B87_Q7K4N3,0.0022065,0.013002,0.016273,0.2280409336090088,0.0035782840568572,0.068917840719223
Q7JWR4_Q9VQD7,0.0021884,0.01293,0.015895,0.4126931130886078,0.0111023895442485,0.0004888453986495
D2NUE8_Q9VHD2,0.0021758,0.012971,0.015908,0.33605775237083435,0.0012511237291619,0.0022895890288054
Q9W3X7_Q7K3V6,0.0022502,0.026481,0.64769,0.3215729892253876,0.0019579951185733,0.0102192796766757
Q9V3K3_Q9VGV7,0.0027301,0.012931,0.016911,0.14409831166267395,0.0018682639347389,0.000654227216728
Q9W4S7_A0A0B4KEQ4,0.0021962,0.012947,0.015936,0.21616937220096588,0.0047178384847939,0.0296381078660488
P16554_Q7JVK6,0.0022175,0.012925,0.015889,0.3114066421985626,0.0010646872688084,0.0854193344712257
Q9VUR1_P09077,0.0021847,0.01294,0.015905,0.05235488712787628,0.0008617033599875,0.0037831601221114
Q9VSN0_Q9VE96,0.0021924,0.012925,0.015914,0.007459263317286968,0.004077901598066,0.0077359811402857
Q7JYH3_P22769,0.0023345,0.012935,0.015884,0.2284964919090271,0.0002924122381955,0.0002009037561947
Q95U62_O44437,0.0021895,0.012941,0.015931,0.11371494829654694,0.0002391909947618,0.1474324911832809
Q94535_Q9VMX3,0.0021914,0.012929,0.015905,0.3262803256511688,0.0005586569895967,0.0085211917757987
Q7KY08_Q24423,0.0022634,0.013018,0.015963,0.28002873063087463,0.0054443920962512,0.0005517600802704
Q9V4Q8_Q9VVR2,0.002189,0.012926,0.015986,0.16580088436603546,0.0033324803225696,0.0016132564051076
P02574_Q9V3C7,0.0021918,0.013188,0.3378,0.00041977493674494326,0.9267821907997132,0.0003979751490987
P13677_Q9VZF5,0.0022126,0.013198,0.030261,0.28025320172309875,0.0022141500376164,0.0058598881587386
Q8MSY4_P17704,0.0022009,0.012914,0.015889,0.07473351061344147,0.0003486820496618,0.4811590015888214
P55841_Q23983,0.0021912,0.012993,0.015911,0.49401769042015076,0.000438833842054,0.0003720674430951
Q8I0J6_Q9VTL1,0.0022176,0.013755,0.01612,0.10369589179754257,0.0003135470906272,0.0050921835936605
P49847_P31007,0.01554,0.01301,0.016772,0.5279965996742249,0.0020429892465472,0.1997720301151275
Q9VM81_Q6IDF5,0.0022326,0.012915,0.015929,0.07128169387578964,0.0008063168497756,0.0016455380246043
P00528_O01382,0.0022081,0.013088,0.016296,0.28863099217414856,0.9948935508728028,0.0371553674340248
Q03334_Q7KMG7,0.0022129,0.012954,0.01595,0.017147760838270187,0.0007699838024564,0.0013682579156011
Q9V9J3_O18413,0.0023965,0.013084,0.017466,0.31709930300712585,0.0008167155319824,0.0004266188188921
Q9VUF3_Q9VT76,0.0021992,0.013022,0.015978,0.09006016701459885,0.0032583742868155,0.0189641173928976
Q9V3S6_Q9VP85,0.0022082,0.012917,0.015964,0.006214288529008627,0.0240627601742744,0.0006875168764963
Q9VVL6_Q9VBI1,0.0022093,0.012917,0.015898,0.028577879071235657,0.0003436967381276,0.4537208378314972
Q7KM04_Q9W3N7,0.0022645,0.012964,0.015929,0.03740270435810089,0.0006667331326752,0.0330182313919067
A1Z6E0_Q9XYN7,0.0021867,0.012926,0.015877,0.34117189049720764,0.0002310632262378,0.9618028402328492
C6SV45_Q9VXX8,0.0023104,0.012949,0.016498,0.05944867804646492,0.0014432272873818,0.0396904945373535
Q95RJ9_Q9V3Z1,0.0022115,0.013038,0.016257,0.014948952943086624,0.0144721865653991,0.9816139936447144
Q9VMI3_P40427,0.002206,0.013017,0.015947,0.0075607639737427235,0.0002784222015179,0.1932140439748764
Q9VEX9_P45975,0.0021876,0.012925,0.01592,0.12185843288898468,0.7515954375267029,0.0027753065805882
P40301_P16376,0.0021911,0.013002,0.015887,0.049972888082265854,0.0002835511695593,0.0004328224458731
Q8IQ53_Q24246,0.0021716,0.013304,0.015927,0.2764701843261719,0.0006500497111119,0.1965951472520828
P22816_Q9VKM1,0.0022076,0.012969,0.01593,0.004477423150092363,0.0004444851947482,0.0018953264225274
Q960Q9_Q9VZV5,0.0022479,0.012996,0.041593,0.09343352168798447,0.0027471804060041,0.6942311525344849
Q9VU85_Q9VGY3,0.0021887,0.012926,0.015892,0.42217445373535156,0.0561511628329753,0.0821069478988647
Q9W499_Q9VM64,0.0021911,0.012942,0.01588,0.022088782861828804,0.0002803934912662,0.0010706776520237
M9NF10_Q9VTU2,0.0022119,0.012986,0.015905,0.33157336711883545,0.0010859443573281,0.0419379733502864
Q8MRE6_Q9XZT6,0.0022027,0.013024,0.016007,0.20285893976688385,0.0005879774107597,0.1604111790657043
Q9VU85_Q9VRT7,0.0021773,0.012966,0.015863,0.37469589710235596,0.000454514985904,0.5385382771492004
P08510_Q962S2,0.0022128,0.012996,0.015976,0.010143894702196121,0.0010577584616839,0.9301632046699524
Q7KRU8_Q9VA83,0.0027468,0.016896,0.84346,0.07113246619701385,0.9989131689071656,0.0059373080730438
Q9W3E1_Q8T0S6,0.0025601,0.013603,0.024225,0.12740458548069,0.0017783803632482,0.001651816884987
P42003_P07664,0.002224,0.012933,0.015959,0.07193639874458313,0.0010384485358372,0.7993836998939514
P40792_Q24533,0.0060804,0.01308,0.016215,0.5576079487800598,0.0004844972572755,0.0025708018802106
Q9VJD4_P29310,0.0022109,0.029011,0.019576,0.009461509995162487,0.0366760604083538,0.0192875936627388
Q94513_P23023,0.0023532,0.012938,0.015963,0.2074732631444931,0.0028021833859384,0.2570841312408447
Q9VLU0_P42124,0.0021744,0.012946,0.015913,0.05211033299565315,0.0023276028223335,0.0015640977071598
O61722_Q9VJE4,0.0021829,0.01412,0.015875,0.009345916099846363,0.0002396916825091,0.0048440392129123
Q7KVG9_P19018,0.41247,0.013017,0.016124,0.0887410044670105,0.1148432791233062,0.049152635037899
P11346_M9PHN7,0.0024044,0.013098,0.016674,0.08363345265388489,0.0167268682271242,0.001123646274209
Q7K4Z4_Q8MUJ1,0.0022329,0.012926,0.016263,0.2754516303539276,0.0005805759574286,0.0065511027351021
Q9W2P0_P13582,0.0021866,0.012942,0.015897,0.01274010632187128,0.0008493131608702,0.0001930233411258
Q9W029_Q9VKV6,0.0021893,0.01296,0.015935,0.17439155280590057,0.0003716243081726,0.2729479968547821
Q9I7L4_Q9VJY6,0.0022039,0.012934,0.015918,0.047777995467185974,0.0004211160121485,0.7722250819206238
Q9VP78_X2JDZ1,0.032437,0.013347,0.020297,0.15468625724315643,0.1056688651442527,0.006690252572298
Q8T476_Q9VA32,0.0023285,0.012953,0.015995,0.16771771013736725,0.0011256481520831,0.0067998594604432
P91943_Q9VVW2,0.0054838,0.013046,0.015987,0.190812885761261,0.0015496491687372,0.9821955561637878
Q9V6Q2_Q8MLY8,0.0022177,0.012924,0.015939,0.33617886900901794,0.0352079458534717,0.0003705875424202
Q9VMI3_Q9VJI7,0.0024395,0.01299,0.015935,0.012906723655760288,0.0002237158478237,0.9875800013542176
P16371_P49258,0.0021917,0.013198,0.015968,0.060728516429662704,0.0053626396693289,0.005675992462784
Q24168_A0A0B4LGV6,0.0032448,0.012968,0.031932,0.36045390367507935,0.0011595770483836,0.0052266172133386
B7Z0T5_Q2PE14,0.0042973,0.012926,0.019925,0.4650629460811615,0.994063436985016,0.0009153961436823
Q9XYU0_P06603,0.0021872,0.013314,0.016729,0.05451732128858566,0.0011102029820904,0.0033530597575008
P52168_Q9VMI3,0.0021967,0.013245,0.016014,0.16967642307281494,0.0004773894324898,0.0142698287963867
O16797_Q8IPC3,0.0021878,0.012932,0.015924,0.37531793117523193,0.0004264818271622,0.0259673241525888
Q9VHE5_P02828,0.002214,0.012989,0.027983,0.09119922667741776,0.0004794473352376,0.0002708037500269
P80455_Q9VX37,0.0021839,0.012948,0.015878,0.1790449619293213,0.0019841666799038,0.0018408831674605
A1ZAW9_Q9VFJ3,0.0022237,0.013689,0.015953,0.057707373052835464,0.000236432737438,0.0029520499520003
Q9V4E0_Q9W5N2,0.0022219,0.012941,0.015906,0.04704320803284645,0.0002423575642751,0.3230153918266296
Q6NMT8_Q9VMX3,0.002195,0.012928,0.015913,0.06623265147209167,0.0030201754998415,0.0025689161848276
P21461_Q9W3H5,0.0021896,0.013249,0.015948,0.2506254315376282,0.0005660223541781,0.0020755501464009
P91943_Q9VHD2,0.0021831,0.012987,0.015893,0.25877225399017334,0.0390184856951236,0.0009675627807155
Q9VS59_Q6NN40,0.0022418,0.012956,0.015897,0.4148856997489929,0.0152133200317621,0.0003717065264936
Q7K0E6_Q9VS38,0.0021809,0.012946,0.015895,0.4697520136833191,0.0020690714009106,0.2135411351919174
A4IJ58_Q9VMJ4,0.5961,0.013124,0.016425,0.10881906002759933,0.0355206616222858,0.0097231119871139
P02833_A1Z8I0,0.0021909,0.012942,0.015898,0.31988340616226196,0.0009154371800832,0.0004283319285605
Q9W1E5_Q7JXV9,0.0025692,0.012924,0.01593,0.06456083804368973,0.0013616904616355,0.0012764412676915
P17917_Q9V9W8,0.0021669,0.012942,0.0159,0.07633465528488159,0.0212221648544073,0.0007613783818669
Q9VYW3_P09774,0.0021879,0.012943,0.015875,0.25176069140434265,0.0005514312069863,0.009673916734755
Q9XZS4_P11346,0.1251,0.55496,0.029456,0.19470807909965515,0.0028487618546932,0.1106409803032875
Q9VHE3_Q9VWZ1,0.15259,0.017973,0.015932,0.03679506108164787,0.0183182563632726,0.0015467575285583
X2JDF3_Q7K738,0.0021862,0.012964,0.015891,0.32262617349624634,0.0002886975125875,0.0004586511349771
Q9W5B3_Q59DX6,0.0021926,0.018481,0.025205,0.011635455302894115,0.0003354279906488,0.0039528268389403
Q9VUB8_Q9VUY2,0.0022313,0.013032,0.016045,0.019718850031495094,0.0120068071410059,0.0038223753217607
Q7K2G1_P38979,0.0022009,0.012935,0.015943,0.06710577756166458,0.0002963710285257,0.0002285798982484
Q9VFE4_P25843,0.0021887,0.012923,0.01597,0.07283610105514526,0.0005769066629,0.0002863911795429
Q9VF73_P43332,0.0021771,0.012977,0.01591,0.05618257820606232,0.9974185228347778,0.0004913861630484
Q9VFP2_P52304,0.0022017,0.012992,0.016162,0.051293183118104935,0.0029230576474219,0.0157754141837358
Q8IMZ4_Q8IRY7,0.002189,0.012923,0.015924,0.2831639051437378,0.9976432919502258,0.0010905545204877
Q9V9Y9_E1JHS8,0.61253,0.23667,0.016279,0.055642612278461456,0.0188258979469537,0.1123345270752906
P16241_Q9VL93,0.0022304,0.013011,0.01599,0.030816050246357918,0.0462052561342716,0.0016657644882798
P08645_Q9VAC4,0.0022116,0.01301,0.016013,0.05379645153880119,0.0002932061906903,0.3632418811321258
Q9W501_P29327,0.0021781,0.012943,0.015952,0.041542328894138336,0.0018276846967637,0.0226248186081647
Q9VXS3_Q7KSP5,0.005741,0.012948,0.016044,0.21835702657699585,0.0013406096259132,0.1016128212213516
Q8IRY7_Q9VAF3,0.0021851,0.012931,0.015937,0.23483482003211975,0.0239644423127174,0.4803008437156677
P81909_Q9W499,0.0021979,0.012914,0.015886,0.04592736437916756,0.0002368104178458,0.0010518667986616
P10084_Q01070,0.48028,0.013394,0.10673,0.18994128704071045,0.9987457990646362,0.075129359960556
P09956_Q9W0B3,0.0021858,0.012936,0.015891,0.0487898513674736,0.0116285653784871,0.0035821620840579
Q8I8V0_P35220,0.00219,0.012951,0.015912,0.1557140201330185,0.0005928992759436,0.0013085203245282
P17789_Q9VV44,0.0024876,0.01308,0.0159,0.042065009474754333,0.00060490478063,0.0424146018922328
P39768_Q9VJM1,0.0021857,0.012997,0.016067,0.03133659437298775,0.7783372402191162,0.0023874207399785
Q06559_Q9V3Y8,0.002209,0.012935,0.01594,0.39437785744667053,0.0008011184399947,0.1721074283123016
Q45VV3_P91641,0.0021877,0.012927,0.015897,0.08821403235197067,0.0008099240949377,0.0012898226268589
Q9VEG5_Q9W1A3,0.0021999,0.012982,0.015995,0.35516589879989624,0.0058419574052095,0.0006428298074752
Q01083_Q9W0E9,0.0022998,0.014275,0.017618,0.08227954059839249,0.001691683079116,0.0019698443356901
Q9XZ56_P00528,0.002218,0.012989,0.016633,0.202883780002594,0.0003917087451554,0.0024173327255994
Q24171_P26686,0.015474,0.013021,0.037974,0.15755634009838104,0.001479257363826,0.000542533933185
Q9VF10_P32031,0.0058233,0.012982,0.016144,0.17762096226215363,0.9976352453231812,0.0022393215913325
P16371_Q01071,0.0037464,0.013149,0.015918,0.49206778407096863,0.0295399781316518,0.0007043455261737
M9PF17_Q27415,0.0021815,0.013062,0.01593,0.1846221536397934,0.0017991678323596,0.0007320232107304
Q9VMU4_Q24180,0.0021908,0.012933,0.018743,0.005198758095502853,0.001556075992994,0.0006144455983303
Q9W0E9_P54611,0.0021985,0.012942,0.015905,0.1687098741531372,0.0003001564182341,0.0020187967456877
Q9VQY9_Q9XYU1,0.0021904,0.012936,0.015933,0.0017791579011827707,0.0007931899745017,0.0005108701298013
Q9VG38_P51140,0.0021857,0.012915,0.015921,0.1310948133468628,0.0006624824018217,0.9554787874221802
Q9VVT5_Q9VTM2,0.0021912,0.012988,0.015912,0.03036022186279297,0.0003483711916487,0.0035941437818109
P83949_Q24423,0.14702,0.014318,0.016059,0.4039563536643982,0.0432756245136261,0.9796542525291444
Q0E9B6_P12982,0.0021936,0.012982,0.015902,0.4248022735118866,0.0002140393335139,0.0047617168165743
A1ZAC4_Q9V407,0.0023184,0.012938,0.016193,0.1305958777666092,0.0009773541241884,0.0108180502429604
Q960D3_Q9VEV9,0.6007,0.013032,0.016308,0.13387705385684967,0.0004421725170686,0.0074337078258395
X2JDZ1_P02299,0.0021832,0.012972,0.016035,0.07008296251296997,0.0029390638228505,0.0065692295320332
Q9VMI3_Q24306,0.0022242,0.013018,0.015992,0.0635194182395935,0.0002259394386783,0.0204166341572999
Q9W418_Q0E9B7,0.0021718,0.012993,0.01589,0.09012098610401154,0.006710572168231,0.0037393011152744
P83094_Q9W102,0.0021917,0.012986,0.01591,0.0022989155258983374,0.0004453586880117,0.9024437665939332
M9PGR0_Q9W125,0.0022371,0.012955,0.015898,0.06619840860366821,0.0003098654269706,0.000418593728682
Q05201_Q9V3H2,0.0022111,0.013073,0.016384,0.03711500018835068,0.0016928866971284,0.0252503007650375
Q27272_Q9XZH6,0.0021867,0.012931,0.015909,0.04442842677235603,0.0009944272460415,0.266944944858551
Q7JX41_Q9V8I2,0.002217,0.012956,0.015891,0.07015050202608109,0.0005116728134453,0.003221380058676
P15330_P22812,0.16032,0.012936,0.016098,0.0812864899635315,0.0230645444244146,0.001323232310824
Q8T0K1_Q8SX86,0.0021836,0.012982,0.015973,0.02398894913494587,0.0160469580441713,0.0054011610336601
P08928_O46308,0.002253,0.013144,0.016349,0.014997036196291447,0.0215935111045837,0.9069185853004456
P40797_P02572,0.0023167,0.015416,0.022054,0.0966300293803215,0.03105204179883,0.0137622086331248
Q9TW27_Q9VY87,0.0021785,0.012973,0.015925,0.1589900404214859,0.0013789370423182,0.0010991529561579
P40791_Q9VS59,0.0028013,0.01297,0.015928,0.13138797879219055,0.0057772030122578,0.8889837265014648
Q9VQA6_Q9W380,0.0022986,0.012931,0.015884,0.1737767606973648,0.0003089177189394,0.000876139907632
P48462_Q9VPH8,0.0023781,0.013203,0.016575,0.16706329584121704,0.0223186053335666,0.9854352474212646
Q9V3K3_Q9VCZ7,0.0022047,0.012969,0.015902,0.0048090610653162,0.0003574429720174,0.0839070454239845
Q7KN94_Q8SX32,0.0022116,0.01298,0.01591,0.023575549945235252,0.0002790869039017,0.9192423820495604
P55035_D5SHR0,0.002272,0.012955,0.015904,0.01972474344074726,0.0023042929824441,0.0460605770349502
Q94533_P08970,0.019324,0.012985,0.016507,0.4955461919307709,0.1169208884239196,0.00102219148539
Q9W402_P20350,0.002716,0.012997,0.016086,0.23441599309444427,0.0003802274586632,0.0024060211144387
Q9VSY8_M9PHI7,0.0021845,0.012936,0.015894,0.0644267201423645,0.0009919684380292,0.072035476565361
Q0E9B6_I0B1P6,0.0021931,0.012944,0.015963,0.025409815832972527,0.0002715084992814,0.0516311973333358
Q9VCI7_Q8I7C3,0.34889,0.012965,0.01915,0.009093528613448143,0.006620458792895,0.0001717054110486
Q24306_Q9VFJ3,0.0021903,0.012995,0.01603,0.06808128207921982,0.0004030479176435,0.0179571602493524
Q24423_Q9VVX0,0.0021961,0.012944,0.015883,0.032714106142520905,0.0005555593525059,0.0033017632085829
Q9VYX1_Q7K4N3,0.0021737,0.012959,0.015888,0.016278285533189774,0.0030915739480406,0.0104945069178938
P14003_P06603,0.0021762,0.013354,0.015972,0.06141586974263191,0.0020270128734409,0.906345009803772
Q9W074_Q7KA43,0.0021896,0.013146,0.016561,0.011227942071855068,0.0002734467270784,0.04279275983572
Q9VQD7_Q9W087,0.002191,0.013146,0.015879,0.14384843409061432,0.0040298565290868,0.0053532803431153
P0CG69_Q24564,0.0022489,0.013395,0.016171,0.22254934906959534,0.0152745628729462,0.0280857142060995
Q24297_Q9VEF0,0.0021729,0.012995,0.015894,0.4470260441303253,0.0002944572479464,0.0094686364755034
Q9VZ01_Q9VHN1,0.0022241,0.012947,0.015893,0.07357703894376755,0.0112416455522179,0.0396708063781261
P18933_Q9VVJ6,0.0027852,0.013278,0.015883,0.16556651890277863,0.0002925689623225,0.0003722918627317
C7DZL9_D8FT20,0.0026634,0.012963,0.015885,0.3169139623641968,0.0002168750652344,0.0293639879673719
Q9VWI4_Q9VYW3,0.0022012,0.012932,0.015885,0.3098753094673157,0.0004000037442892,0.0171933472156524
Q9VEG5_Q9NHP1,0.0021741,0.013133,0.015931,0.08907870948314667,0.0007256384706124,0.0293943919241428
P09052_Q01645,0.0022568,0.013339,0.024151,0.37137553095817566,0.0007834216230548,0.0272505339235067
M9NF10_Q7K0E6,0.0021839,0.012947,0.015934,0.06503436714410782,0.0049918503500521,0.191849872469902
Q0KI69_Q9VMV7,0.0022329,0.013,0.016132,0.15169952809810638,0.0045859008096158,0.1781145930290222
P13096_Q9VCY3,0.002203,0.01301,0.015937,0.39844971895217896,0.0003817263350356,0.0097562605515122
Q9VTL1_Q9VR90,0.0022336,0.013063,0.015998,0.12157879024744034,0.0004547377175185,0.0157908294349908
Q9VAR6_P18431,0.0021966,0.013045,0.016071,0.39501214027404785,0.0022765691392123,0.0018730047158896
P19018_Q9W279,0.0021922,0.012974,0.016896,0.015191196464002132,0.0008411104790866,0.0026088643353432
P08970_O97183,0.0021731,0.012926,0.016121,0.004992591217160225,0.009056213311851,0.3409671187400818
Q7KSQ2_Q9VEN2,0.0023859,0.012978,0.016467,0.047832295298576355,0.0106795765459537,0.0025921578053385
Q7JYH3_Q32UW5,0.0021738,0.012948,0.015882,0.18631869554519653,0.0006361266132444,0.2440305352210998
P30052_O77237,0.0021923,0.012914,0.015934,0.312250018119812,0.0010668330360203,0.0088508296757936
O45030_Q9VKD6,0.0022137,0.012931,0.015908,0.04391300305724144,0.0026794266887009,0.0055848406627774
Q24106_Q9W2K0,0.0022111,0.012925,0.015938,0.016750333830714226,0.0029841919895261,0.0018535190029069
Q7KVG9_Q9VUQ1,0.0022955,0.012947,0.01595,0.40945950150489807,0.247050940990448,0.9638959169387816
Q9VUI0_P84040,0.0022218,0.012971,0.01686,0.16510963439941406,0.0004111527523491,0.0942885056138038
Q9W236_Q9VPT8,0.0021842,0.012963,0.015904,0.2659556567668915,0.0020953183993697,0.0008238848531618
Q45VV3_Q95TN8,0.48882,0.012979,0.020726,0.15212252736091614,0.4658789038658142,0.0002258203312521
P18934_Q9VBY7,0.0023743,0.012943,0.015895,0.5242189168930054,0.0002152913366444,0.0135056572034955
Q0KHZ6_Q7KN94,0.94486,0.027733,0.083537,0.05692083761096001,0.9990407824516296,0.0016778813442215
Q9W4N8_Q9VU83,0.0022085,0.012968,0.015929,0.5880273580551147,0.0011892250040546,0.0004621595144271
P26270_Q966T5,0.0021781,0.012986,0.015883,0.13348229229450226,0.0002554785460233,0.0006379787810146
Q9VS59_Q9VTZ1,0.0026321,0.012952,0.015959,0.10183326154947281,0.006672931369394,0.0766594633460044
Q9VSM9_B7YZE6,0.0024818,0.013029,0.016203,0.15112528204917908,0.0008442272082902,0.0087347216904163
P49630_Q9W5B3,0.0021952,0.012918,0.015988,0.05582688748836517,0.0007278807461261,0.0012077718274667
Q9XZH6_Q8T414,0.012494,0.013033,0.015929,0.10313872247934341,0.0042542843148112,0.0646737962961196
Q9VKV4_Q86B87,0.0022035,0.012922,0.015954,0.05878720059990883,0.0005773805896751,0.5492581129074097
P40792_A1ZAS3,0.0024934,0.014576,0.035737,0.30164527893066406,0.000497875851579,0.9827675223350524
E3CTS5_Q7KTX7,0.0022033,0.013054,0.015889,0.1371673345565796,0.0110129788517951,0.0006445951294153
O97143_Q9VNE4,0.004499,0.013126,0.015923,0.09465531259775162,0.0158041901886463,0.0010743022430688
Q9W3H5_Q95RR8,0.37107,0.013084,0.016137,0.10365352034568787,0.997922956943512,0.0042768213897943
Q9VNE4_Q9W029,0.0021915,0.013062,0.015891,0.3332595229148865,0.0141668571159243,0.5031790733337402
P39018_A1ZBY3,0.0021787,0.012931,0.015891,0.024777060374617577,0.0002963493170682,0.0872018486261367
Q9VA91_P52485,0.0021737,0.012946,0.015891,0.05447029694914818,0.000397794181481,0.0007032026769593
Q9V461_Q9VY87,0.0021873,0.013005,0.015885,0.02625369094312191,0.0004661745624616,0.0005420847446657
Q9Y0S9_C5WLN8,0.002191,0.012936,0.01592,0.19697654247283936,0.0013362227473407,0.4959272146224975
Q7YU24_P48462,0.0022562,0.013088,0.016969,0.4050477147102356,0.0101527525112032,0.0687074437737464
Q9W102_Q8I0J6,0.0021803,0.01316,0.015909,0.4672982394695282,0.00025497408933,0.0083332397043704
O97418_Q95RR8,0.0021895,0.012938,0.01593,0.5810830593109131,0.0136257894337177,0.0051322798244655
A0A0B4KEQ4_P09077,0.002192,0.012936,0.015905,0.12727628648281097,0.0060188472270965,0.0551167950034141
Q27889_Q960Q9,0.0022443,0.013016,0.016666,0.00889336783438921,0.005381575319916,0.0016624549170956
P13582_Q8T0S6,0.0023551,0.013043,0.016053,0.10026829689741135,0.000549296149984,0.7887232899665833
Q8T965_Q9VCZ8,0.0026216,0.013019,0.015946,0.6543634533882141,0.9877501130104064,0.0023558696266263
Q8MS69_Q9VBH7,0.0021852,0.012925,0.015964,0.18995986878871918,0.9984488487243652,0.9862485527992249
P40792_P09052,0.48188,0.020286,0.04018,0.009544444270431995,0.0004127239517401,0.0004026951792184
Q8MRE6_E1NZB4,0.0021921,0.012994,0.015941,0.1670171469449997,0.0004659882106352,0.6303060054779053
Q9VHM5_Q9VLB2,0.0083863,0.012992,0.01602,0.06691166013479233,0.0044328393414616,0.0054437005892395
Q05547_Q9V7W9,0.0022404,0.013026,0.01906,0.3948848843574524,0.0104918433353304,0.0013786744093522
R9PY49_P54733,0.3929,0.013115,0.016304,0.003972628153860569,0.0040616607293486,0.0002394547773292
P40792_Q9VVJ6,0.0021994,0.014377,0.015953,0.41554027795791626,0.0005244708736427,0.0141083858907222
Q9V629_Q9VIF5,0.0022185,0.012929,0.016145,0.0033948307391256094,0.0242147706449031,0.0103440983220934
O01382_O02002,0.0028695,0.013078,0.02439,0.48237404227256775,0.9986883997917176,0.0009270029258914
Q59DX6_P84051,0.0021982,0.012981,0.015943,0.04277406260371208,0.0002434056659694,0.0392829552292823
P91664_Q8ML92,0.0023025,0.013045,0.015917,0.4242866039276123,0.0006869887001812,0.0008427944267168
A0A0B4KFZ9_Q9W2P5,0.0029475,0.017803,0.015992,0.056990496814250946,0.0003865620528813,0.0009733837796375
Q0E8N2_P46223,0.0021775,0.012938,0.015937,0.19906660914421082,0.0007124870899133,0.0235467441380023
Q9W499_Q9VRY0,0.0022189,0.012925,0.015927,0.03408699482679367,0.0002960826968774,0.0092166075482964
P02574_Q9XZT6,0.0022463,0.014304,0.016119,0.06212646886706352,0.0076173269189894,0.0650253221392631
P02844_Q7K2L1,0.0021808,0.012941,0.015945,0.008112573996186256,0.0003143669455312,0.9600626826286316
P53034_P16554,0.0021806,0.012965,0.015901,0.05298508331179619,0.0003015311376657,0.0286083500832319
Q7K4Z4_Q9VMN9,0.0021932,0.012981,0.015894,0.34238260984420776,0.0009870755020529,0.008684909902513
Q9VUB8_Q9VD72,0.0022022,0.012944,0.015916,0.1638346016407013,0.0023639367427676,0.0005852988688275
P0CG69_Q9VVV9,0.0021816,0.012982,0.015876,0.030634824186563492,0.0215276423841714,0.8720483183860779
E1JHS8_Q8SWV6,0.0021822,0.013098,0.015915,0.05134148150682449,0.002348736859858,0.0002090969064738
Q9VFE4_Q9VR38,0.0021877,0.012918,0.0159,0.12536871433258057,0.0005847530555911,0.0035505888517946
P18488_P29555,0.67558,0.014112,0.017039,0.17601586878299713,0.998649537563324,0.0016142013482749
Q9VIZ0_Q9VTU2,0.0022319,0.012972,0.015901,0.10472076386213303,0.0002920951519627,0.0011239445302635
Q9W2H9_Q9VUK7,0.40008,0.012942,0.016539,0.09424097836017609,0.0023165475577116,0.0009646321996115
Q9VBI0_O44226,0.0021886,0.012929,0.015925,0.12026906758546829,0.0032335235737264,0.0102711170911788
Q9VPU9_P34021,0.0025521,0.013064,0.016065,0.009374629706144333,0.0021120933815836,0.000164019758813
Q08012_Q9W501,0.0021739,0.012999,0.01592,0.030765142291784286,0.0008655318524688,0.0076904455199837
P05205_Q8IQ92,0.0021848,0.012928,0.015927,0.1631956249475479,0.0734372064471244,0.0020276745781302
Q24562_Q94535,0.007119,0.014105,0.030702,0.08861254900693893,0.9989221096038818,0.000354853720637
Q9VAN8_Q9VWA1,0.0021872,0.013003,0.015903,0.08346147835254669,0.0014646587660536,0.0069783125072717
O18413_Q9VS38,0.23133,0.060624,0.015939,0.011593377217650414,0.022108256816864,0.0064142635092139
Q9W0B3_Q9VKV6,0.0021721,0.012932,0.015932,0.2774995267391205,0.0004509687714744,0.0010780123993754
D5SHR0_Q7KNM2,0.0021977,0.013018,0.015913,0.1749362349510193,0.0010776089038699,0.9554340839385986
Q8MRQ1_Q0E9B7,0.073327,0.013023,0.015935,0.051577311009168625,0.0486079789698123,0.4157249629497528
Q9W4M8_Q01842,0.0021874,0.01298,0.015893,0.29641884565353394,0.1026624739170074,0.9748274683952332
Q9VEQ2_P0CG69,0.0021796,0.013554,0.026976,0.08903046697378159,0.0003088935627602,0.0003135282313451
Q59DX6_Q9V3I9,0.0022016,0.012985,0.015915,0.19121988117694855,0.0004127703723497,0.9824732542037964
Q9VS59_Q9VYG2,0.0022543,0.012964,0.015915,0.29298797249794006,0.0019355409312993,0.0040909596718847
Q9VR65_Q8SYC1,0.002192,0.012914,0.015929,0.3129282593727112,0.0064743449911475,0.0121771544218063
P10084_Q9VAC4,0.0021988,0.012944,0.015932,0.004694562871009111,0.0005554169183596,0.0049301236867904
P20353_Q9W5R8,0.0021811,0.012959,0.01589,0.3404521048069,0.0002522281138226,0.048572089523077
Q7K049_Q24040,0.0022139,0.01304,0.01589,0.28090158104896545,0.0042866221629083,0.0089198146015405
P09180_P23647,0.0021837,0.012968,0.015956,0.3400794565677643,0.0010308272903785,0.0001591536129126
Q8IR14_Q8MRQ1,0.0022556,0.013031,0.015964,0.01308854203671217,0.0012240700889378,0.0120598170906305
Q9W0I6_A8JUS8,0.0021857,0.012934,0.015952,0.05444120243191719,0.0013205826980993,0.2914787530899048
Q06559_Q8INQ9,0.0022069,0.013004,0.015886,0.06260824203491211,0.0002770352584775,0.0032243521418422
O77260_P91641,0.00218,0.01292,0.015903,0.04915829747915268,0.0013253567740321,0.0001926605327753
P22816_O97420,0.0027058,0.012972,0.015951,0.04654805734753609,0.0010340982116758,0.855644941329956
O77237_Q24133,0.0022262,0.012973,0.015952,0.031262513250112534,0.0002972468500956,0.0011400219518691
P45975_P50882,0.0022152,0.012938,0.015922,0.26723361015319824,0.0012091565877199,0.0060893977060914
Q9VP85_Q9VJ12,0.0022452,0.012925,0.016215,0.07274320721626282,0.2341561615467071,0.6262058615684509
Q24318_Q9VIP1,0.0022546,0.012944,0.032285,0.37435275316238403,0.0496486574411392,0.3139736354351043
Q9VKJ4_P13582,0.0022351,0.01386,0.015966,0.09930551052093506,0.0005695114959962,0.0007186910370364
P48607_Q9VTU2,0.0023177,0.02831,0.17504,0.2622852027416229,0.0002675532014109,0.9506699442863464
P55035_Q9VWD9,0.0023011,0.012991,0.016334,0.07520801573991776,0.998451828956604,0.0002919514954555
Q9VT76_Q01068,0.0021851,0.020985,0.015891,0.3289761543273926,0.0003579698386602,0.0002784230164252
P49735_Q9XZH6,0.0022303,0.012971,0.015905,0.2083391547203064,0.003361087758094,0.0525498315691947
P81909_Q9VIH1,0.0022141,0.012937,0.015875,0.04180783033370972,0.0003081029863096,0.0053422423079609
Q9VFJ3_P07664,0.0021826,0.012951,0.015951,0.10686718672513962,0.000338586512953,0.0475618243217468
Q7KVL6_Q9W0I7,0.00217,0.012913,0.015884,0.07615292072296143,0.0019971164874732,0.0008796874899417
P22979_P48607,0.0022276,0.012935,0.015933,0.48372721672058105,0.0005494537763297,0.0086896819993853
Q9V9N4_O97183,0.0021803,0.012937,0.016009,0.1066397950053215,0.0002869511954486,0.1830291748046875
Q24169_Q24562,0.0022464,0.012981,0.016166,0.06396246701478958,0.0003836335672531,0.0085272723808884
Q9VGU4_Q9V9J3,0.0022406,0.013018,0.016733,0.07902907580137253,0.0159587766975164,0.1947338581085205
Q7K4Z4_Q24560,0.0021824,0.01315,0.015918,0.5507020354270935,0.0015033222734928,0.001085402444005
Q9U1H9_Q9W5B3,0.002184,0.012973,0.016036,0.47210684418678284,0.006748491898179,0.0031377486884593
Q9VQA2_Q9VPK4,0.0021871,0.012939,0.015917,0.04159625992178917,0.000536537147127,0.0425119027495384
P54367_Q7K2L1,0.0021959,0.012963,0.016728,0.019869942218065262,0.0003178961633238,0.0081096244975924
P25158_P17917,0.0021881,0.012924,0.015891,0.1989009976387024,0.2093686908483505,0.0016869714017957
P08044_X2JEH3,0.43145,0.013035,0.01618,0.06540434062480927,0.0063750986009836,0.0112355360761284
Q4V5A7_O97111,0.0077916,0.012933,0.015983,0.2876198887825012,0.0088564539328217,0.6296488642692566
P38979_P20353,0.0022489,0.013825,0.015996,0.03061751089990139,0.000264212663751,0.000566401227843
P08928_Q9VX37,0.024513,0.013697,0.016095,0.07308469712734222,0.0127685852348804,0.0195237249135971
Q0E8K5_Q9V3I9,0.0022022,0.012943,0.01592,0.11040356010198593,0.0025423052720725,0.0121086025610566
Q9W3E7_Q9VG96,0.0021791,0.012998,0.015887,0.3024755120277405,0.0015424671582877,0.0053017186000943
Q9VQM2_Q960Q9,0.0022164,0.012932,0.015907,0.17008960247039795,0.0002366603002883,0.8195926547050476
Q9VIZ0_Q9VRN6,0.0021881,0.012917,0.015902,0.267559289932251,0.0007678447291254,0.0973817557096481
P02828_Q9V3E9,0.0021764,0.013214,0.016796,0.12118309736251831,0.0098767727613449,0.0039727413095533
Q9VJQ5_Q9VLT7,0.002391,0.012976,0.016032,0.03152226284146309,0.0024092681705951,0.98649662733078
P54359_A1Z933,0.0021755,0.012951,0.015881,0.030911458656191826,0.0003947535878978,0.0014905800344422
D2NUE8_O61602,0.12157,0.01295,0.016215,0.23967616260051727,0.0019816113635897,0.1567704677581787
M9PBY4_Q9NFZ3,0.0023944,0.012997,0.015895,0.005404779687523842,0.0098501397296786,0.020950049161911
O46037_Q9VF82,0.0021663,0.012919,0.015897,0.08110330998897552,0.003237389260903,0.0050678611733019
P48609_Q8MUJ1,0.0021887,0.012979,0.01617,0.08221802860498428,0.0002963416627608,0.0025317806284874
A1ZB42_Q01069,0.0026644,0.013035,0.015954,0.11347967386245728,0.0007414143765345,0.031082822009921
P50534_Q9VX24,0.0025664,0.012959,0.016222,0.13381865620613098,0.0159093793481588,0.0015491364756599
Q8SX86_Q9V637,0.0021931,0.012924,0.015973,0.3889829218387604,0.0028389357030391,0.0010494521120563
Q9VEA2_A0A0B4JD33,0.0022026,0.013284,0.02022,0.0432572066783905,0.998604953289032,0.1564032584428787
Q9V3Z4_Q9XZ61,0.0021743,0.012965,0.015949,0.018953682854771614,0.0005519178812392,0.0070019317790865
Q24318_P13097,0.0022514,0.01307,0.015926,0.029915213584899902,0.0012516994029283,0.0044365692883729
B6VQA1_Q59DX6,0.0021746,0.015397,0.015926,0.19945649802684784,0.0005811481969431,0.5664570927619934
P08646_Q9VDH8,0.12438,0.013123,0.03011,0.027352826669812202,0.0012567598605528,0.0040922164916992
Q9VT76_Q7KUL3,0.0022049,0.012969,0.015879,0.029091767966747284,0.0003546880034264,0.0006208632839843
Q24472_Q9VUR1,0.0021759,0.012926,0.015946,0.12105835229158401,0.9963423609733582,0.9705525636672974
Q9VIH1_Q9VUX7,0.0027239,0.013019,0.015884,0.02465873397886753,0.000759765447583,0.103251077234745
Q9VUZ1_P21461,0.0021826,0.013015,0.015888,0.021816907450556755,0.0002761942450888,0.0005396583583205
Q9W279_Q9VZU4,0.0022057,0.012947,0.015954,0.004731552209705114,0.0014010246377438,0.0263465121388435
Q7K119_Q9VPP7,0.0021973,0.012947,0.01591,0.2604127824306488,0.0006052502430975,0.000468924845336
P06754_P80455,0.0022997,0.013001,0.015889,0.4570642411708832,0.0012425262248143,0.3831686675548553
Q9XZ58_Q9VJI9,0.0021766,0.012961,0.015894,0.12377152591943741,0.0003361963317729,0.0002082723513012
Q09024_P09087,0.0021868,0.013205,0.015921,0.29315924644470215,0.004221515264362,0.2445866465568542
Q7KY08_Q9VRT7,0.0021876,0.012973,0.015879,0.07950716465711594,0.0005751859862357,0.2544869780540466
Q9VMJ4_P16568,0.0024098,0.013429,0.015914,0.09173969179391861,0.0151250371709465,0.001294252811931
Q9VMV7_Q9V8I2,0.0022183,0.012988,0.015904,0.07883156090974808,0.0003652275190688,0.0007163091213442
P62152_Q9VGC1,0.28434,0.013081,0.29632,0.3770112097263336,0.0214301738888025,0.0214555189013481
Q9NFU0_Q9VJC7,0.0022061,0.012969,0.016451,0.5516133308410645,0.0017872821772471,0.7720223665237427
Q9V4E0_Q9VVA7,0.0022033,0.012929,0.015922,0.09509729593992233,0.0002131879591615,0.002882762113586
Q9W1K4_Q9VLT7,0.0021856,0.012918,0.016355,0.06657011061906815,0.0145318564027547,0.0023514996282756
Q9VQK1_Q9VJM1,0.0021711,0.013034,0.015866,0.08624490350484848,0.0038993740454316,0.0051436945796012
Q9VN77_Q9VX37,0.0022155,0.013048,0.016628,0.24369625747203827,0.0011021385435014,0.0051533710211515
P40792_Q9VRT7,0.0029818,0.013005,0.015868,0.14598987996578217,0.0002487821620889,0.1160318404436111
C0MJ66_P25843,0.002199,0.01298,0.015947,0.27721551060676575,0.0002489351900294,0.0007868238608352
Q24572_Q8IPC3,0.0021992,0.013007,0.020865,0.12714481353759766,0.0020248668733984,0.0128184929490089
Q24171_Q8IQ53,0.0021746,0.012986,0.015908,0.19917333126068115,0.0059621199034154,0.8058154582977295
Q9W229_Q7K2G1,0.0021836,0.012921,0.015932,0.23271183669567108,0.0002709161199163,0.0017888383008539
Q9VWZ1_A0A0B4JCT9,0.022751,0.012946,0.015937,0.19869464635849,0.0031142903026193,0.9841327667236328
Q9NJG9_Q8MLY8,0.0022044,0.012917,0.015935,0.018072182312607765,0.0016689857002347,0.0028664551209658
E1JJI1_Q9W148,0.057907,0.012926,0.022666,0.12594743072986603,0.0004930620780214,0.2119095921516418
B7YZE6_Q9W2A5,0.0023086,0.013158,0.016524,0.32841986417770386,0.0008395002805627,0.8260079622268677
Q0E9G3_Q9W4S7,0.023037,0.012945,0.01743,0.03498810529708862,0.1500484049320221,0.0038101039826869
P17133_P29844,0.0022381,0.01301,0.045858,0.09023117274045944,0.002323746215552,0.0015228441916406
Q27324_O18338,0.0023882,0.017262,0.019994,0.0018698658095672727,0.0004998410586267,0.0004241721471771
Q9VAN8_Q24008,0.0021786,0.012964,0.015907,0.10995666682720184,0.0018255043542012,0.0639280602335929
Q9W402_Q9VZL5,0.0022745,0.012919,0.015893,0.44267919659614563,0.0003866549232043,0.0405024252831935
A1ZBP6_Q9VF82,0.002225,0.012917,0.015888,0.21027027070522308,0.0003120024630334,0.83263099193573
P09052_Q7KMS3,0.0022143,0.012966,0.015907,0.023882420733571053,0.1008903682231903,0.0281076747924089
Q8T476_Q9VIY3,0.0022563,0.013079,0.015946,0.266899049282074,0.0080743404105305,0.4003455936908722
Q9XZT1_P09956,0.0021884,0.01293,0.015883,0.10115834325551987,0.0003402737493161,0.0002701116900425
Q8MS69_P40793,0.0022052,0.013384,0.015958,0.0563446469604969,0.0005009756423532,0.933899223804474
Q9W0Q5_Q7YU24,0.0022533,0.012936,0.01595,0.03606768697500229,0.2657925486564636,0.0692260488867759
P23572_M9NF10,0.0021862,0.012963,0.016154,0.30633649230003357,0.1681379973888397,0.7562028169631958
Q9XYU0_Q9VPK4,0.0022052,0.012961,0.017142,0.03244990110397339,0.0077359741553664,0.0007296823314391
P54733_Q94513,0.0052952,0.012954,0.015978,0.3065679967403412,0.9122321605682372,0.0211182311177253
Q7JYX5_Q9VVW2,0.0022092,0.013019,0.015926,0.16501367092132568,0.0019756790716201,0.0111875161528587
Q9VS05_Q9VHV8,0.24261,0.013031,0.017269,0.07783511281013489,0.1481698006391525,0.0012774859787896
Q9VJY6_P18289,0.0021827,0.013075,0.01598,0.10070370137691498,0.0002932296774815,0.0020588503684848
P13096_Q9W4N8,0.0029857,0.013189,0.016001,0.008723462000489235,0.0009459091816097,0.9922993779182434
P09077_A0A0B4KFZ9,0.0024489,0.013029,0.018883,0.02982114814221859,0.0007504265522584,0.0261415690183639
Q9V345_P08928,0.0021924,0.013603,0.016181,0.14228634536266327,0.0003068872611038,0.0003006725164595
Q8IR14_O18413,0.91922,0.67153,0.015941,0.03020756132900715,0.0007737317355349,0.0067162234336137
Q02936_Q7KS77,0.0021885,0.013036,0.016309,0.09254645556211472,0.000341894570738,0.0141445770859718
Q9VBU9_Q9VGC7,0.0022293,0.012936,0.015938,0.08319791406393051,0.00383270252496,0.007447924464941
P29310_Q9XZH6,0.0022359,0.0131,0.015972,0.006690904498100281,0.0007005846127867,0.0150160389021039
Q9VVH8_Q7JVK6,0.0035781,0.012988,0.015923,0.007172262761741877,0.009319270029664,0.0048522776924073
P34021_Q9VUF3,0.0022241,0.013014,0.016006,0.17940445244312286,0.0147520340979099,0.0073686502873897
O15945_Q9VVJ6,0.0022128,0.013434,0.015996,0.21478824317455292,0.0003199542989023,0.0250202678143978
Q9VCY3_Q9XZ58,0.0021773,0.012949,0.016261,0.01100005954504013,0.9984026551246644,0.0188588201999664
Q8IHA6_Q9V461,0.0022137,0.012956,0.016131,0.11807147413492203,0.0048506339080631,0.0668152496218681
P02836_Q7K304,0.0061016,0.012972,0.015956,0.08999123424291611,0.0016063918592408,0.0002476476074662
P13097_Q9VM64,0.0021955,0.016403,0.015923,0.020737137645483017,0.0003954366547986,0.0002163847238989
Q7K1V0_Q7K2Q8,0.0021777,0.012932,0.015904,0.005543533246964216,0.0430107787251472,0.6916220188140869
P55035_Q9VYX1,0.0021789,0.012939,0.015891,0.14241716265678406,0.9975746273994446,0.7742844820022583
Q01083_Q01645,0.0022635,0.013521,0.022139,0.010635056532919407,0.0007975750486366,0.0002958905242849
P48462_Q9V3C7,0.0026723,0.013083,0.0163,0.0614372082054615,0.9923646450042723,0.0961214229464531
Q9VIZ0_P83094,0.0022326,0.012921,0.015876,0.17322784662246704,0.0003124117502011,0.0005827220156788
E1JJE8_P51140,0.042226,0.012972,0.016389,0.4569437503814697,0.0052117402665317,0.0008139190613292
Q9VAQ8_Q9VS34,0.0021902,0.012922,0.015896,0.12091320753097534,0.0002742346841841,0.0056604612618684
Q9W2P0_Q0E8K5,0.0021844,0.012924,0.015886,0.21004627645015717,0.0055058915168046,0.0003145489026792
Q95028_P36188,0.002186,0.013063,0.016034,0.04855179041624069,0.0003675426123663,0.0002854523190762
P0CG69_P48588,0.0024565,0.013332,0.018366,0.2214875966310501,0.0020303491037338,0.0013432403793558
A1ZB42_P16568,0.0041544,0.013358,0.015906,0.027767449617385864,0.9972153902053832,0.0069465870037674
Q0E9B6_Q9VAY8,0.0021823,0.012927,0.016067,0.011087160557508469,0.0009208038682118,0.0019487177487462
Q59DZ4_P16914,0.0021918,0.012966,0.015935,0.018024833872914314,0.002432458102703,0.0005072527565062
P49735_Q9VQY9,0.0022139,0.012931,0.015942,0.01969730295240879,0.0057022809050977,0.0002178840222768
Q95028_Q9VUW2,0.0022006,0.012996,0.015969,0.05551906302571297,0.0064241997897624,0.0007952345767989
P29844_O16797,0.0022443,0.013135,0.051405,0.09653018414974213,0.0041112233884632,0.0379130505025386
Q9W0I6_Q9VEG5,0.0022207,0.012974,0.015912,0.3145939111709595,0.0015180136542767,0.001907605677843
Q9XZ58_A1ZAC4,0.0021804,0.01292,0.015905,0.06266079843044281,0.0009651805739849,0.033474151045084
Q24106_A0A0B4KEQ4,0.0021873,0.012926,0.015899,0.048327505588531494,0.0038865157403051,0.0023533133789896
Q9VBN5_Q7KSD8,0.0022207,0.012924,0.015922,0.13530233502388,0.0025875424034893,0.0069101797416806
Q9VP57_P15330,0.024415,0.012951,0.016998,0.03829256817698479,0.972287654876709,0.0010528458515182
X2JDZ1_P98149,0.57399,0.012966,0.016176,0.03801678866147995,0.0094585558399558,0.5573806166648865
Q9VB23_Q9W2K3,0.0022257,0.01303,0.01723,0.01556982658803463,0.0059140482917428,0.534544825553894
Q9VGW6_Q9VGS2,0.0021796,0.012934,0.015907,0.04903649911284447,0.0065045654773712,0.0001658441469771
Q9VF04_Q9W542,0.0024581,0.012975,0.016074,0.04613921046257019,0.0239305105060338,0.0005718842730857
Q23983_Q24547,0.0021822,0.013271,0.015965,0.03242921456694603,0.0103801460936665,0.0070616118609905
P81900_Q86BS3,0.0029021,0.012978,0.015932,0.0048917243257164955,0.0018113332334905,0.0022240162361413
Q9VB14_Q05547,0.0021992,0.013408,0.016632,0.16017986834049225,0.0002361126244068,0.1388882547616958
Q9VVH8_Q9VJC7,0.0021897,0.012967,0.01593,0.018850425258278847,0.0005538716795854,0.9072538614273072
Q9VZF5_Q9VQM2,0.0022117,0.013022,0.015883,0.3508046567440033,0.0018265470862388,0.0007525563705712
P18431_P18824,0.014449,0.014162,0.030815,0.32455992698669434,0.1220625936985015,0.0081721758469939
Q9VMV7_O61722,0.002213,0.012976,0.016484,0.13855773210525513,0.0009961914038285,0.0003459145955275
Q9VG94_P55828,0.0022253,0.012978,0.015886,0.008026737719774246,0.0003117669548373,0.0175800863653421
Q9XYU1_Q9VHG6,0.0022218,0.012975,0.015998,0.09447472542524338,0.0040981695055961,0.0005291354027576
Q23973_P42287,0.0022005,0.01296,0.01596,0.04315776377916336,0.0004253283550497,0.0005720349727198
O97111_Q23985,0.0062306,0.012988,0.01597,0.0457172617316246,0.0083485189825296,0.0008145801257342
Q24570_Q9VKW3,0.0021946,0.012961,0.01599,0.23142951726913452,0.0002617679419927,0.0220308657735586
Q9VVI3_Q9VXX8,0.0022061,0.012924,0.015966,0.08960796147584915,0.0015857417602092,0.0003190563293173
Q9VG03_Q9VHE5,0.002184,0.012991,0.015997,0.01673683151602745,0.0005169680807739,0.6854748129844666
Q9VEC5_Q8IMM9,0.0022019,0.013268,0.016004,0.7221108078956604,0.0019338690908625,0.0054269460961222
Q9VLU0_Q7KRI2,0.002277,0.013024,0.015898,0.11599697172641754,0.0024859514087438,0.0005997092812322
Q9W4I7_Q8IHA6,0.042869,0.012929,0.017021,0.016532052308321,0.0732012018561363,0.0002746103855315
Q9VX37_Q9VAH9,0.0022335,0.012961,0.015989,0.16535666584968567,0.0070566083304584,0.0688105672597885
Q9V629_Q24139,0.0022431,0.012918,0.015933,0.05653169006109238,0.0003125997027382,0.0001589949533808
Q7K738_Q9XZ68,0.0021819,0.01308,0.015986,0.3493436872959137,0.000263371359324,0.4126618504524231
Q9V428_Q9VEQ1,0.0021821,0.012964,0.015921,0.10612832009792328,0.0010820815805345,0.0011640582233667
Q9VNB5_Q9VCZ8,0.0021863,0.012919,0.015885,0.030352087691426277,0.0003042748721782,0.0001890676649054
Q9VFE9_Q9V3G1,0.0022309,0.012943,0.015919,0.12879961729049683,0.0012471361551433,0.0015443286392837
Q24276_Q9VI60,0.0021815,0.012924,0.015888,0.01851106435060501,0.0023753819987177,0.0009326466824859
P46223_Q9VUX7,0.0021866,0.012999,0.015903,0.02622520737349987,0.0004393932467792,0.0011889338493347
Q9VKD6_Q9W2P0,0.0042805,0.013719,0.015892,0.03630455210804939,0.9983686804771424,0.9828006029129028
Q9V345_A1Z8I0,0.0021771,0.012971,0.015886,0.2522626221179962,0.0005111017380841,0.7790173292160034
Q24152_Q01083,0.0021782,0.012945,0.015871,0.2760425806045532,0.000541407498531,0.9715437293052672
Q24276_P62152,0.0021873,0.013064,0.015936,0.005078506655991077,0.0012165397638455,0.0011907819425687
P13008_Q7KJ69,0.0022094,0.012932,0.016038,0.24351148307323456,0.0002386413543717,0.0008362624212168
A1Z9X0_Q8IN63,0.0022716,0.013026,0.016608,0.3430495262145996,0.0119208339601755,0.3375824987888336
P46824_Q7KS77,0.0027205,0.017668,0.017416,0.3245250880718231,0.0536518134176731,0.0048336721956729
O61231_P55035,0.0021798,0.012959,0.01593,0.025523439049720764,0.0002932304923888,0.2039989382028579
Q8ML92_P22807,0.0022268,0.012985,0.015902,0.468329519033432,0.043345782905817,0.8790639042854309
Q9VSG1_Q9VFP2,0.0021735,0.012928,0.015922,0.008981956169009209,0.00062997196801,0.0069878590293228
O77430_Q9VAY8,0.0021688,0.012934,0.01591,0.01943063549697399,0.00149092648644,0.2392534762620926
Q9VS55_Q94533,0.2054,0.012986,0.016852,0.13896097242832184,0.0103705888614058,0.1461663991212844
Q9VUF3_P08181,0.0021928,0.012988,0.016418,0.14679017663002014,0.018678830936551,0.0013947549741715
Q7K2G1_P55830,0.0021855,0.01301,0.015956,0.04581059142947197,0.0003341342380736,0.0095804836601018
X2J6Q6_Q9VEX5,0.0021824,0.012937,0.01591,0.026071688160300255,0.0004735167603939,0.8059706091880798
P41126_Q9VHK6,0.0021851,0.01301,0.015942,0.03770136088132858,0.0004692636430263,0.0267283674329519
Q27889_Q7KUZ5,0.002656,0.013011,0.016398,0.1032276526093483,0.0366905331611633,0.0053104469552636
Q9Y106_P50887,0.0021822,0.01292,0.015911,0.11606629937887192,0.0004188621242064,0.0004154054622631
P02835_P26270,0.002189,0.012937,0.015927,0.06681426614522934,0.000296467973385,0.000187600555364
Q9VMN6_Q8MSY4,0.0021804,0.013052,0.015903,0.42348459362983704,0.0004182710545137,0.0434231162071228
Q9VQD8_Q7JVK6,0.0021894,0.012916,0.015876,0.28037723898887634,0.0002680035540834,0.0042678350582718
P31009_Q9VIF5,0.0021767,0.01294,0.016077,0.012597707100212574,0.0032230510842055,0.0096034100279212
Q9VEA2_P04359,0.0021823,0.012946,0.017363,0.1778443455696106,0.0067413165234029,0.0049524037167429
Q960Q9_A1Z9X0,0.0022555,0.013001,0.019383,0.07972835749387741,0.0012069701915606,0.0002711665001697
Q9VN50_Q9VAF3,0.0021776,0.012933,0.015893,0.5237780809402466,0.0019659663084894,0.6623272895812988
Q9W542_Q9VAR6,0.0021849,0.012955,0.015911,0.6081559658050537,0.0011738513130694,0.0792301818728447
Q9VVI3_Q9I7H8,0.015277,0.012923,0.015964,0.029374288395047188,0.0022410172969102,0.00748599646613
Q9Y0Z9_Q9U1K1,0.12426,0.013014,0.016787,0.09887883812189102,0.0042062806896865,0.0127019062638282
Q23973_Q9VPE2,0.0021928,0.012975,0.015963,0.19471055269241333,0.0002645511704031,0.0560335330665111
Q8IMM9_A0A0B4KFV0,0.0059198,0.013113,0.022458,0.20843283832073212,0.0088643059134483,0.0008038909290917
P18431_Q9VTU2,0.0022074,0.013157,0.015965,0.022389378398656845,0.0004056070465594,0.9906875491142272
Q9VVY4_Q9XZT6,0.0022001,0.013008,0.015916,0.1211620345711708,0.0048593836836516,0.0006107023218646
Q9VBI0_Q9VKD6,0.0021957,0.012925,0.015888,0.07402456551790237,0.0064798714593052,0.052486103028059
Q0E9B7_Q9W1B9,0.0021892,0.012936,0.015937,0.055748507380485535,0.0005342175718396,0.0016421284526586
Q9V6B9_Q9XZS4,0.004975,0.013143,0.015939,0.25999221205711365,0.0004529620055109,0.0137744918465614
A1ZBK7_Q9VY87,0.0022441,0.012939,0.015936,0.23638658225536346,0.0274523478001356,0.000316598045174
Q9VYX7_Q9VBU9,0.0022346,0.01294,0.015899,0.08754782378673553,0.0003235623298678,0.066680260002613
Q9VF27_Q8I8V0,0.0022229,0.012929,0.015912,0.28577321767807007,0.0004321700253058,0.0005154605023562
Q9VL93_P48461,0.0022459,0.01304,0.016029,0.18377575278282166,0.0015436413232237,0.9817225337028505
Q9VJ33_Q8SYC1,0.0021908,0.012993,0.039251,0.07519962638616562,0.0017201778246089,0.0108894603326916
Q9VZM7_Q9VWA6,0.0024093,0.01322,0.015989,0.3728773891925812,0.0270707532763481,0.0008493399363942
P22979_Q9XZ58,0.0022051,0.012926,0.015897,0.06665035337209702,0.0005598021671175,0.0016837790608406
Q961D1_P36188,0.0021928,0.012992,0.015921,0.7049146294593811,0.0030552477110177,0.0022679099347442
Q8SX86_Q9V428,0.0021764,0.012938,0.015889,0.020504537969827652,0.0025112591683864,0.0032146105077117
Q9VAR6_P32031,0.0021999,0.013029,0.016003,0.2919611632823944,0.0006930537056177,0.0037319683469831
M9PGR0_Q9VSG1,0.0022065,0.012926,0.015898,0.4382518231868744,0.0066009406000375,0.0035892412997782
Q9VJQ5_Q9VU85,0.0021862,0.013016,0.015895,0.012470858171582222,0.0038634811062365,0.8512200713157654
P04197_Q8IHA6,0.45562,0.012961,0.019477,0.07784299552440643,0.996345579624176,0.0757588744163513
Q9VVA7_Q9V7W9,0.0024642,0.012956,0.015936,0.21008794009685516,0.0007396335713565,0.0162090137600898
Q9W1B9_Q9V6Q2,0.0022425,0.012933,0.015917,0.068819060921669,0.0005995029932819,0.0002492888597771
Q06453_Q8T965,0.0022135,0.012932,0.015891,0.08515433222055435,0.0005120936548337,0.0003632632142398
Q0E9G3_Q24246,0.0023996,0.013105,0.058319,0.49128252267837524,0.0593039877712726,0.0009364647557958
P16378_Q7KRY6,0.0022605,0.013191,0.016223,0.36188915371894836,0.0043255547061562,0.0003446535265538
Q9VQR2_P13097,0.0022069,0.012985,0.015914,0.2628386914730072,0.0003281043900642,0.0019655760843306
O45030_Q24133,0.0021942,0.012983,0.01592,0.22210350632667542,0.0010615435894578,0.9256144762039183
Q9VWG3_Q9VCI7,0.0022547,0.012942,0.01595,0.3148581385612488,0.0008166334009729,0.0003334523062221
Q9W334_Q95TJ9,0.0021715,0.012931,0.015869,0.047745149582624435,0.0006340831751003,0.0160998981446027
P06002_P40688,0.0025505,0.013051,0.015908,0.23312510550022125,0.0008595493854954,0.0004770931263919
P36188_Q7JWD6,0.0021786,0.012937,0.015906,0.1897994726896286,0.0004315251426305,0.5662601590156555
P19018_Q8IRI5,0.040447,0.012964,0.016148,0.02687372826039791,0.0004990800516679,0.0010420489124953
P08970_Q9W029,0.0021804,0.012941,0.015962,0.190757617354393,0.0077574993483722,0.0004750489606522
A8DYC9_Q9VIZ0,0.0021963,0.012926,0.015876,0.07980728894472122,0.0010905337985605,0.0021664351224899
Q8T3W6_Q27889,0.0025049,0.013065,0.016075,0.08404088020324707,0.0053548654541373,0.0090193497017025
A0A0B4JD33_Q8T390,0.0021951,0.012969,0.015916,0.1422186642885208,0.0649615749716758,0.032640054821968
X2JEH3_P39768,0.70911,0.013549,0.021568,0.16966445744037628,0.9975683093070984,0.0103992316871881
B7Z0R7_Q9V464,0.0022239,0.013813,0.016203,0.07361764460802078,0.0293048452585935,0.0002401315432507
M9PGR0_Q7K1V0,0.0061069,0.012977,0.019065,0.17406903207302094,0.998908519744873,0.0026994736399501
Q9VQA2_Q7KS77,0.0021948,0.012934,0.015894,0.47555577754974365,0.0014955371152609,0.8346205353736877
Q9VF10_P17210,0.0022344,0.013276,0.015949,0.12888890504837036,0.0815188288688659,0.1365838348865509
Q9W499_O97183,0.0021907,0.012911,0.015906,0.38162878155708313,0.0106632253155112,0.1385940015316009
P49630_Q9VSG1,0.0022069,0.012926,0.015922,0.003045477205887437,0.0003905673802364,0.0006856343825347
P29844_Q8T4F7,0.0021757,0.01306,0.015923,0.038746338337659836,0.0028868878725916,0.0034500511828809
Q9VAC8_Q9VNB5,0.0022015,0.012961,0.01589,0.007636852562427521,0.0010149335721507,0.0078245718032121
Q9VQI4_Q9W542,0.0022215,0.012918,0.016025,0.5166317224502563,0.0044362810440361,0.0008252500556409
Q01083_P16241,0.0022249,0.013328,0.015953,0.010352766141295433,0.0009330492466688,0.7827572226524353
Q7KN94_Q7K148,0.0021776,0.013002,0.041263,0.3635667562484741,0.000285869842628,0.0007681842544116
P26308_Q9VN50,0.0021845,0.012956,0.015905,0.05447854846715927,0.0011022608960047,0.1353028714656829
Q9VPT8_Q9VFP2,0.0022052,0.012944,0.015945,0.057160891592502594,0.0008886780124157,0.0026374312583357
A0A0B4KGY6_Q9VI72,0.00375,0.013006,0.016062,0.02589217759668827,0.0069727767258882,0.3008129298686981
Q9VH07_P11346,0.0022224,0.012983,0.01638,0.04050276055932045,0.0002520672569517,0.0154531691223382
Q9VZ01_P38979,0.0021845,0.012946,0.015882,0.07295491546392441,0.0091458298265933,0.000814993167296
Q0E9G3_Q9VBQ3,0.00218,0.01297,0.01626,0.04690387472510338,0.0204765349626541,0.0007602847763337
Q0KI69_Q9W237,0.002172,0.012935,0.015894,0.05166266858577728,0.003300851676613,0.0208644066005945
Q23985_Q9VVX0,0.0021962,0.012971,0.015932,0.0014527016319334507,0.0010176677023991,0.967741310596466
Q9W2A5_I0B1P6,0.0023311,0.013103,0.016434,0.3194299042224884,0.0050339419394731,0.0057042925618588
P49258_P14785,0.0021718,0.013168,0.015903,0.5084707140922546,0.0097359344363212,0.0005093749496154
P81909_D5SHR0,0.0021825,0.012932,0.015909,0.16363497078418732,0.0008500394178554,0.9505239725112916
P32031_P83949,0.0058076,0.013163,0.01621,0.0044784690253436565,0.0007939049974083,0.0063770622946321
Q9V9W8_Q7K2Q8,0.0021701,0.012947,0.015891,0.13778850436210632,0.0023627900518476,0.0116902375593781
P02835_Q6IDF5,0.0022095,0.012918,0.015924,0.013255108147859573,0.0006113271811045,0.0021454754751175
Q9V3K3_X2J8N3,0.0021795,0.012929,0.015903,0.012695467099547386,0.0003104346396867,0.0024442283902317
Q9VXS3_Q8IN63,0.0027756,0.01312,0.015977,0.5295087099075317,0.0205427445471286,0.0005608710926026
Q59DX6_A1ZBK7,0.0022051,0.012954,0.01587,0.05300789698958397,0.0010234880028292,0.0003088152443524
Q9VG94_Q9W237,0.002223,0.012974,0.015895,0.623426616191864,0.0002709228137973,0.110953152179718
A1Z9X0_Q9XYU1,0.0023238,0.013038,0.024886,0.1133597120642662,0.0004022717766929,0.002945243846625
Q9W402_P46223,0.002276,0.012946,0.015928,0.23520265519618988,0.0142023302614688,0.0041392538696527
Q9VHE5_Q9VSE9,0.0021907,0.012956,0.01601,0.17092297971248627,0.0002912945055868,0.0005408708238974
P52304_Q23973,0.0022349,0.012971,0.017337,0.017328189685940742,0.0180206093937158,0.0002991285582538
Q9W358_P09180,0.0021778,0.013024,0.015928,0.01131222303956747,0.0035277302376925,0.0009908755309879
Q24134_Q8SY34,0.0021805,0.013813,0.016907,0.013602787628769875,0.0199167542159557,0.001346084754914
Q7K4B4_P36179,0.0021727,0.013791,0.0159,0.29523324966430664,0.0048007885925471,0.0073481947183609
Q9VES8_A1Z9S1,0.0022096,0.013179,0.015945,0.3702678084373474,0.0005168414209038,0.0748551934957504
Q01842_C7DZL9,0.0022185,0.012976,0.015866,0.29878100752830505,0.0009482915047556,0.0002043905406026
Q9VS34_Q9VUI0,0.0021773,0.012935,0.015947,0.142669215798378,0.0005374421016313,0.0634623691439628
P23573_Q961D1,0.0070742,0.013028,0.042786,0.029076727107167244,0.9982682466506958,0.0007120204390957
Q8T3W6_Q94519,0.0021938,0.013189,0.016377,0.06841772794723511,0.0012070024386048,0.4079659581184387
Q9VWA1_Q8T3U2,0.0021803,0.012946,0.017189,0.1821964830160141,0.0006300458917394,0.025406040251255
Q9VRY0_Q9VVH8,0.0022603,0.012931,0.015957,0.07852280884981155,0.0008681749459356,0.0004001675697509
Q9VNB5_Q9V431,0.0021709,0.013026,0.015928,0.20245814323425293,0.0002972924849018,0.0002975210081785
Q8IHA6_Q9U1K1,0.20286,0.01295,0.01624,0.16192103922367096,0.005717332009226,0.0550543926656246
Q7KS77_Q9W102,0.0022034,0.013236,0.015925,0.010527844540774822,0.0008022154797799,0.0004197875387035
Q9VRX1_Q7K148,0.0021651,0.012958,0.015898,0.12033656239509583,0.0005070004262961,0.0023164965678006
P19889_P07247,0.0022673,0.012976,0.015953,0.11277300119400024,0.0046579809859395,0.0061233388260006
P54367_Q9VZJ3,0.0022359,0.012944,0.016049,0.4085269868373871,0.0012846952304244,0.8219233155250549
Q8MSY4_Q05652,0.0021949,0.012972,0.015949,0.1454910784959793,0.0207266453653574,0.9871166348457336
Q9VZF5_Q9VWG3,0.002195,0.013007,0.015994,0.010946379043161869,0.0018489741487428,0.0001695920946076
Q86B79_P48612,0.0021725,0.012958,0.015906,0.004728959407657385,0.0003616781323216,0.0995287671685218
Q9W029_P46867,0.0021929,0.013177,0.015922,0.013095301575958729,0.0014827789273113,0.0011564580490812
Q9VGC7_P13582,0.0021959,0.012943,0.015945,0.09724268317222595,0.0002693833375815,0.936800181865692
P55830_Q9V345,0.0021713,0.012944,0.016006,0.30561667680740356,0.0002472809574101,0.3060369491577148
Q8IRY7_Q24338,0.0021914,0.012996,0.015925,0.015597604215145111,0.003610027488321,0.0014558440307155
P23572_P54733,0.0022033,0.012987,0.017537,0.6422778367996216,0.3711390495300293,0.2077915221452713
Q94545_Q9VVH8,0.0023452,0.012933,0.015913,0.07372494786977768,0.0234679970890283,0.596291720867157
Q9VAN8_Q9W218,0.0021972,0.012926,0.015923,0.08402995020151138,0.0003265693376306,0.0011093085631728
P40427_Q0E9B7,0.0024423,0.012944,0.015959,0.03806719928979874,0.9911600947380066,0.0527710057795047
A1ZBY3_Q9VVU2,0.0021836,0.012929,0.015884,0.02526523359119892,0.0002946766035165,0.4833900034427643
Q9VJ12_Q7JXA8,0.0095927,0.012993,0.017481,0.16688552498817444,0.998550832271576,0.9834694862365724
A0A0B4KEP9_Q9VD72,0.0022479,0.012945,0.015913,0.20634505152702332,0.0009333263151347,0.9809039235115052
P28159_P29555,0.010564,0.012975,0.023361,0.38265132904052734,0.997798502445221,0.0038026710972189
P08182_Q9VG38,0.0021997,0.012936,0.015914,0.19624470174312592,0.0038731954991817,0.000128790794406
Q9VHE5_Q7JZC9,0.0021947,0.013005,0.015904,0.08626794815063477,0.0011504802387207,0.0034978694748133
P29555_Q7KS77,0.43572,0.013112,0.016687,0.12728480994701385,0.9987770915031432,0.0015382899437099
M9PBM3_Q9VEG5,0.002488,0.012977,0.015904,0.06345853954553604,0.9967915415763856,0.3077426850795746
P48462_Q8SY34,0.0023243,0.013222,0.28372,0.1773921102285385,0.0103595443069934,0.000256049883319
Q9VB22_Q94511,0.0021819,0.014181,0.015967,0.0020886678248643875,0.0006247063865885,0.0009669397841207
Q9VWA6_Q9W3X7,0.002198,0.012946,0.015942,0.0014300287002697587,0.005772890523076,0.0782728120684623
Q9W0F8_A0A0B4KFZ9,0.0022409,0.013034,0.015918,0.1314857304096222,0.0002589480718597,0.0057185115292668
Q7JVK6_Q9VTW6,0.0022079,0.012952,0.015885,0.06135331466794014,0.0002143246238119,0.0133738406002521
O18334_P51023,0.0052003,0.013125,0.01687,0.007299422286450863,0.0024660781491547,0.0022460469044744
M9PF17_O02002,0.002198,0.012981,0.016799,0.09877972304821014,0.0052952421829104,0.0531082302331924
Q8IQ92_Q8SXU3,0.0022073,0.012933,0.015894,0.16064639389514923,0.000408420804888,0.1291681230068206
Q9W418_Q9W358,0.0021629,0.013052,0.015939,0.1340799778699875,0.007329381071031,0.0040766256861388
Q9VJ12_P22711,0.035854,0.012997,0.016412,0.6430236101150513,0.9970285296440125,0.0091424724087119
A8JR10_C0HL67,0.0022109,0.012987,0.016306,0.04925863444805145,0.0042178803123533,0.0204097311943769
Q9W5N2_Q45VV3,0.0021837,0.012925,0.015902,0.279849648475647,0.0011544263688847,0.0037879128940403
O01382_M9PF96,0.0021881,0.01304,0.015925,0.23323141038417816,0.0002634175762068,0.0405529700219631
P49735_O76908,0.0031787,0.013034,0.016624,0.0031727927271276712,0.0009578445460647,0.0057700583711266
Q9VCS1_Q8SY34,0.0022087,0.012943,0.015899,0.04537012800574303,0.0116986762732267,0.017492676153779
Q9VSY8_Q9VBC5,0.0021867,0.01292,0.015879,0.013171045109629631,0.0003766086301766,0.0033897366374731
Q9VFL4_Q9VG03,0.0023885,0.013222,0.015917,0.14073608815670013,0.0011853493051603,0.0003396237734705
P22812_Q9VTC2,0.0023694,0.012936,0.015948,0.008555243723094463,0.0018606138182803,0.0074947201646864
Q7JXA8_Q9W0A8,0.0021793,0.013287,0.017079,0.18896853923797607,0.0016754302196204,0.0015330907190218
Q9VJ12_Q7KY08,0.0021899,0.012953,0.016302,0.03951491042971611,0.0051250732503831,0.0001513413735665
P91929_Q7KUZ5,0.0021777,0.013095,0.016029,0.022399963811039925,0.001650144229643,0.0551787838339805
Q8SX86_Q7K2G1,0.0021816,0.01293,0.01594,0.02433200553059578,0.0023718127049505,0.0148328896611928
Q9V444_Q9VGW6,0.0021895,0.012951,0.016104,0.06118883192539215,0.0013950837310403,0.010093243792653
Q59DZ4_Q7JWR4,0.0022022,0.012927,0.015913,0.07847516238689423,0.0007675926899537,0.6581948399543762
Q9VKF0_P49906,0.0021861,0.012926,0.015948,0.07028468698263168,0.0013776901178061,0.0012685637921094
P29555_Q9Y0Z9,0.33794,0.013043,0.016608,0.029762014746665955,0.9899761080741882,0.0008653685217723
Q9VG94_Q9W499,0.002187,0.01297,0.015891,0.35235100984573364,0.0002657806035131,0.0062776585109531
P20350_Q01083,0.0022877,0.01782,0.016396,0.18916743993759155,0.0033133090473711,0.0519669018685817
Q9VN42_Q05201,0.0022477,0.012936,0.015938,0.027684610337018967,0.0035589050967246,0.0008664659108035
Q709R6_Q05825,0.0021779,0.01441,0.01592,0.018051624298095703,0.0002271522535011,0.0020413994789123
A0A0B4KEQ4_P40301,0.0021665,0.012917,0.015885,0.3845337927341461,0.000244123628363,0.0136177102103829
Q7KUD5_B7YZE6,0.002175,0.01314,0.016025,0.02136188931763172,0.0006054847617633,0.0014187349006533
O97183_Q9VJE4,0.0021777,0.012945,0.015876,0.04630446061491966,0.999039590358734,0.2160052806138992
Q9VEQ2_P36241,0.0021796,0.01299,0.015947,0.07258380949497223,0.0022925604134798,0.4183470904827118
P02828_Q9VF27,0.0023687,0.012963,0.015944,0.0359501987695694,0.0006162828067317,0.0005164538742974
Q7KSQ2_Q27415,0.0021887,0.012956,0.015951,0.05827227979898453,0.0008560976129956,0.7774765491485596
O61722_Q9VFE9,0.0021766,0.012944,0.015893,0.028487004339694977,0.000273084064247,0.0031830328516662
Q962S2_P49258,0.013126,0.013008,0.043296,0.7327783703804016,0.0008350237621925,0.0911910757422447
O46036_P08044,0.0022626,0.013046,0.016106,0.0170223880559206,0.0003865075414068,0.0005180437001399
Q27415_Q9VKW3,0.002193,0.012981,0.01589,0.026591405272483826,0.0009474249673075,0.0091886390000581
Q9VSG1_Q9VJE4,0.002222,0.013008,0.015876,0.0021368879824876785,0.0002530212223064,0.0053933877497911
Q9V3I9_Q9VHE3,0.0032111,0.013032,0.015954,0.27065786719322205,0.00262604909949,0.0004701007856056
Q9Y0S9_Q95TY2,0.22659,0.012986,0.015997,0.03622071072459221,0.0180734898895025,0.7220298647880554
Q9VF04_Q7K3V6,0.0021748,0.01295,0.015894,0.02402029000222683,0.0111560793593525,0.0005079458351247
A0A0B4KEQ4_Q9VT76,0.0021868,0.012937,0.015896,0.09825616329908371,0.0008598418789915,0.0035101219546049
A1ZAW5_Q9VK46,0.0022408,0.012925,0.016624,0.07794889807701111,0.0025557177141308,0.002356304321438
Q9VUG4_Q7KS72,0.0023113,0.012953,0.015918,0.06870865076780319,0.0013501992216333,0.001011763466522
Q9VNB9_Q8IMZ4,0.0021807,0.012921,0.016121,0.09783720970153809,0.0004029142437502,0.0025259181857109
Q9VX36_I0B1P6,0.0021947,0.01301,0.015968,0.6381381750106812,0.0002515443775337,0.0067942552268505
M9NF10_A0A0B4LHU7,0.0048475,0.012962,0.016014,0.13807269930839539,0.0034951630514115,0.9750149250030518
A1ZAC4_P91664,0.0041041,0.021983,0.01605,0.18926987051963806,0.0062721311114728,0.0053688772022724
Q8T4F2_Q9VG03,0.002199,0.012953,0.01589,0.19008833169937134,0.0106461662799119,0.0008647441864013
P55035_Q9VGF9,0.0061224,0.012982,0.016525,0.0191172044724226,0.0154988011345267,0.001176762743853
O97111_P25843,0.0021894,0.012924,0.015904,0.23038603365421295,0.0012412392534315,0.0002339796192245
Q8MRQ1_Q9VI13,0.92199,0.013023,0.016494,0.0013483421644195914,0.026424741372466,0.0009621539502404
Q23985_Q24040,0.0021871,0.012939,0.015923,0.09108428657054901,0.0042780232615768,0.0043197157792747
Q9VJQ5_Q9VUQ1,0.0022093,0.012983,0.015926,0.5645084977149963,0.0063809398561716,0.0005613043322227
O16130_Q9VPK4,0.0022365,0.013031,0.015989,0.37982484698295593,0.095381386578083,0.0120891956612467
P18101_Q9VSG1,0.0022253,0.013376,0.01589,0.005200336687266827,0.0008696346194483,0.0007931208238005
P22979_Q9VG94,0.0022845,0.01298,0.015907,0.1675994098186493,0.0030275068711489,0.0002808413701131
Q8MLY8_P11346,0.0021968,0.012942,0.015935,0.3253275156021118,0.0003343907592352,0.0569489039480686
P02572_Q26263,0.0022443,0.013429,0.015911,0.10595865547657013,0.0020306885708123,0.0006521726027131
Q9VWE8_Q24180,0.00231,0.013066,0.015916,0.01838403008878231,0.0068374020047485,0.1464616954326629
Q9VR35_Q9VM46,0.0023203,0.012922,0.016106,0.3580792546272278,0.0021202575881034,0.0010681455023586
Q9VTC2_Q966T5,0.0022833,0.013036,0.015868,0.257085382938385,0.0006774475914426,0.9712939262390136
P29829_Q9W2E8,0.0022067,0.012953,0.015907,0.01639767922461033,0.0029635331593453,0.0109265260398387
Q9U6B8_P11147,0.0021745,0.012975,0.015893,0.07283332943916321,0.0013724830932915,0.8947837352752686
A1Z9I6_Q9VBP9,0.0021939,0.013022,0.016317,0.06171445548534393,0.0313430093228817,0.0007856602896936
Q9W140_Q9W2P5,0.0022215,0.012964,0.015863,0.003161109983921051,0.0005193774122744,0.0060081104747951
Q9VHG6_Q9W4R3,0.0021989,0.012957,0.015896,0.0629865899682045,0.0005465733702294,0.8627737760543823
O16867_A0A0B4KGY6,0.38014,0.013027,0.016384,0.07441396266222,0.0021049238275736,0.0069866245612502
Q9VEN2_Q9W1U6,0.0021852,0.012938,0.018061,0.03423808887600899,0.0032896096818149,0.0026797365862876
Q9W125_Q9VZL5,0.0022139,0.012922,0.016026,0.10520219802856445,0.0005653772968798,0.0038354669231921
Q24572_Q9W4N8,0.0022095,0.013097,0.02776,0.19024862349033356,0.0003480724117252,0.9650191068649292
Q24562_P07548,0.0034087,0.012971,0.016178,0.10681164264678955,0.7473709583282471,0.0151747474446892
Q7JZC9_Q9V3B4,0.0022013,0.012955,0.015916,0.7010205388069153,0.0012687147827818,0.1563407331705093
P12982_Q9VPU9,0.0021847,0.013058,0.016426,0.03460844233632088,0.0007253906805999,0.3418825566768646
Q95TS5_Q9VE52,0.0021824,0.013011,0.015952,0.11299490183591843,0.0003221099032089,0.0014950302429497
P13677_P48148,0.0061883,0.020952,0.023211,0.023140283301472664,0.075558990240097,0.0501631163060665
Q8IRY7_Q9VZL5,0.0021685,0.012911,0.015939,0.05151970311999321,0.027667062357068,0.9553954601287842
Q9VMV7_Q9NHB0,0.0021937,0.012937,0.015902,0.020317014306783676,0.0002846655261237,0.0006439602584578
Q9VPT8_Q9W102,0.0021834,0.012944,0.015908,0.1152886152267456,0.0004811841936316,0.2934354543685913
O97143_Q9VJZ4,0.0021781,0.012945,0.015914,0.07822390645742416,0.0012459127465263,0.0010001212358474
P41042_Q9VGF9,0.0022164,0.012954,0.015916,0.1432630717754364,0.0003046109632123,0.0012669487623497
Q9W4N8_Q9VEF0,0.0022484,0.012953,0.016013,0.03645868971943855,0.0007850548718124,0.0003410988720133
Q7JZK1_Q9I7L4,0.0021842,0.013119,0.015893,0.20408284664154053,0.0006914933910593,0.0002983550075441
P22807_Q7KTX7,0.0022265,0.013301,0.01593,0.2783346176147461,0.0075286133214831,0.0004011346609331
P02299_O45030,0.0022705,0.012965,0.016029,0.3709031641483307,0.0008216986316256,0.0748168975114822
P56672_Q9VAC4,0.002246,0.012926,0.015905,0.13749012351036072,0.0009448315249755,0.907911479473114
Q8IMM9_Q9VZS5,0.0022107,0.012945,0.016257,0.08682859688997269,0.000630667374935,0.0264328625053167
Q9NCC3_Q9W3E7,0.031591,0.012927,0.016067,0.03134375810623169,0.0016818717122077,0.001775155076757
A0A0B4LGV6_Q9VHB7,0.003547,0.012987,0.016505,0.16142775118350983,0.0031263700220733,0.8558295965194702
P13098_Q7KSD8,0.0022782,0.012988,0.015943,0.5080882906913757,0.0005543646984733,0.016381911933422
P17789_Q9VX37,0.031322,0.01296,0.019289,0.030213769525289536,0.0012043270980939,0.0004163871053606
P20350_P23792,0.0021819,0.013178,0.015955,0.16985628008842468,0.0023998054675757,0.2150898426771164
Q9VYX4_Q7K0E6,0.0021773,0.012934,0.015913,0.29761233925819397,0.0332507267594337,0.0011704062344506
Q0E9B7_Q7K304,0.0026932,0.012935,0.015926,0.5180478096008301,0.9976707100868224,0.0040582870133221
Q24133_Q27415,0.0075536,0.01299,0.015938,0.5574105978012085,0.0007555506890639,0.0003147060924675
Q8T0S6_Q9VXZ0,0.0022081,0.012992,0.015959,0.3862297832965851,0.0010752000380307,0.0013104852987453
Q9W0F8_Q24087,0.0021835,0.012961,0.015906,0.38076743483543396,0.0002689799002837,0.0003274675109423
O18338_P34021,0.0067469,0.014042,0.016081,0.3578614890575409,0.0084630828350782,0.0256828274577856
Q94533_Q8SYM9,0.42018,0.013006,0.016434,0.09438733011484146,0.0044947722926735,0.0008783122757449
P23647_P07247,0.71538,0.013408,0.01647,0.012173827737569809,0.992007613182068,0.0033441334962844
P84040_Q9VQD8,0.0022021,0.012938,0.016022,0.016053684055805206,0.997259259223938,0.0180738382041454
Q9VWI0_Q9VFJ3,0.0022415,0.013296,0.5527,0.08722587674856186,0.0002761584182735,0.0009528583032079
Q9V428_Q9VMJ4,0.0021687,0.012948,0.015953,0.2547279894351959,0.0172539316117763,0.3048499226570129
P52486_Q9XZ57,0.0021827,0.013025,0.01593,0.25612813234329224,0.0015011586947366,0.0021858769468963
Q7JWR4_Q9W074,0.0021748,0.012929,0.015929,0.44912680983543396,0.0250740833580493,0.0040766661986708
E1NZB4_Q05547,0.0022975,0.014609,0.039092,0.013735251501202583,0.0006392803625203,0.0012742946855723
P07909_Q9VAT0,0.09385,0.012989,0.028734,0.022620245814323425,0.002496639965102,0.0002196869754698
Q9VZF5_P18932,0.0021829,0.013482,0.015927,0.02117026224732399,0.0003340021066833,0.0026702475734055
X2J8N3_Q9VSG1,0.0021789,0.012949,0.01598,0.06704122573137283,0.0010632859775796,0.1810050159692764
Q9VW58_Q27350,0.0021888,0.012962,0.015901,0.2717416286468506,0.0042464635334908,0.0020533273927867
Q9VW53_P09180,0.002188,0.012936,0.016033,0.02688084915280342,0.0020628632046282,0.9602254033088684
Q9V3K3_Q9VFE4,0.0022703,0.013046,0.016086,0.019071025773882866,0.0046231085434556,0.0006937254220247
Q24117_B7Z0T5,0.0021768,0.012924,0.015887,0.008894474245607853,0.000508681347128,0.0514721572399139
P46824_Q7JZK1,0.0021956,0.013382,0.015909,0.22426459193229675,0.001538117066957,0.0066788452677428
Q9V444_Q9VN06,0.0022651,0.013002,0.015895,0.13683438301086426,0.0002685514336917,0.0302343983203172
A1ZAC4_P39768,0.0022604,0.012965,0.015977,0.08917886018753052,0.0016979405190795,0.0169175621122121
B7YZF0_Q7KTX7,0.0021906,0.013132,0.016208,0.2565101385116577,0.0098330080509185,0.7078983783721924
P29844_O76922,0.002183,0.012944,0.015978,0.6207377910614014,0.0097577814012765,0.000215438165469
Q9W358_A1Z8I0,0.0021791,0.012988,0.01589,0.08605502545833588,0.0433207303285598,0.0289884526282548
Q24306_Q24134,0.002181,0.013562,0.015933,0.10925611108541489,0.0006274433108046,0.0021934215910732
Q9VVI3_O61602,0.021985,0.012939,0.016032,0.42638030648231506,0.001534720766358,0.0016573729226365
Q9VVY4_Q9VDD1,0.0022232,0.012941,0.015891,0.00879582203924656,0.0003201208892278,0.0007893283618614
Q7YU24_Q9VAF3,0.0022052,0.01296,0.016023,0.0099789435043931,0.0067461556755006,0.0003026030317414
Q8SYU5_Q45VV3,0.065933,0.012938,0.016048,0.2276979386806488,0.0212074425071477,0.9775961637496948
Q8SX86_Q9VQ91,0.0022309,0.012927,0.015931,0.3432609438896179,0.0003329348401166,0.000642210652586
Q9VAF3_Q9VYX1,0.0021843,0.012944,0.015915,0.20040440559387207,0.002341940999031,0.8661717176437378
Q9W380_Q9VTC2,0.002303,0.01293,0.015895,0.3417920172214508,0.0006636312464252,0.0136357843875885
Q7K3V6_Q7KS77,0.0022185,0.013095,0.015974,0.25453832745552063,0.0003189872950315,0.0027991987299174
Q9VH45_P20350,0.0022092,0.012965,0.015934,0.07798735797405243,0.0014184679603204,0.0046913777478039
P16378_Q9VMU0,0.0021906,0.01305,0.015882,0.029717370867729187,0.0002685885701794,0.4132024049758911
P49847_E1JIM1,0.20276,0.013154,0.016054,0.1463918834924698,0.0079839378595352,0.0010109160793945
B7YZE6_M9PF17,0.0021864,0.013012,0.015952,0.04164155572652817,0.0011159615823999,0.0180454347282648
P39768_Q9VLU0,0.002171,0.012984,0.015908,0.12580788135528564,0.0489901155233383,0.0041627679020166
Q06453_Q9V3V9,0.0021939,0.012922,0.015876,0.18624575436115265,0.9976669549942015,0.0054673627018928
O02193_P10627,0.032068,0.012978,0.017658,0.5177822113037109,0.0062128221616148,0.0025524899829179
Q9VHA9_Q4V6I0,0.0021727,0.012942,0.01611,0.060402192175388336,0.0009535649442113,0.8457120656967163
Q9W358_Q7JXB9,0.00217,0.012966,0.015913,0.08197881281375885,0.0016119536012411,0.0003756007645279
Q9W5N2_Q9VKF0,0.0021784,0.012917,0.015895,0.03739725798368454,0.0002913383941631,0.0150254284963011
Q95TJ9_Q9VZ01,0.002204,0.012994,0.015907,0.4050503969192505,0.0350909382104873,0.7854609489440918
P49735_Q45VV3,0.03276,0.012963,0.016045,0.2102019488811493,0.0012798723764717,0.8944603800773621
Q9VBH7_Q9W2P0,0.002181,0.012931,0.015939,0.6117321252822876,0.0019188933074474,0.0010956523474305
Q7KMS3_Q00805,0.0021815,0.012923,0.015877,0.013691446743905544,0.0005057360976934,0.0035214801318943
A1Z9I6_P25867,0.013031,0.019846,0.016601,0.3975036144256592,0.0085938507691025,0.2804962694644928
Q9VEC5_Q59DZ4,0.0021893,0.013238,0.015878,0.005530447233468294,0.003622883465141,0.0025698789395391
Q9VIF5_P18431,0.0039106,0.012974,0.016241,0.031183436512947083,0.0074831936508417,0.0010583123657852
P81917_P22265,0.0021753,0.012915,0.015884,0.12308619916439056,0.0005964564625173,0.0006577561143785
Q9VBH7_P20227,0.0021957,0.014409,0.015943,0.25986507534980774,0.00107789831236,0.0005885462160222
P08044_A8DYC4,0.002201,0.012939,0.016008,0.0878240317106247,0.0003306856960989,0.9113246202468872
Q9V535_Q8T390,0.0022107,0.012957,0.016911,0.07949456572532654,0.0005526168970391,0.0002060596598312
Q8SYK5_Q9W0B3,0.0021869,0.012941,0.015884,0.11203036457300186,0.0014477692311629,0.963007390499115
Q8IPC3_Q9W418,0.0021977,0.013175,0.015928,0.06718137115240097,0.7411772012710571,0.0175751037895679
Q9W358_P18489,0.0021928,0.013176,0.015897,0.15963754057884216,0.0022119947243481,0.980043888092041
Q9VYW3_P05205,0.0021774,0.012937,0.015881,0.13362570106983185,0.0016724731540307,0.2599446773529053
Q9V535_O97420,0.0022306,0.012934,0.015893,0.39520832896232605,0.0005708881653845,0.0038584193680435
P54611_Q9VF04,0.0022012,0.012988,0.015886,0.18162766098976135,0.0009181335917674,0.0051515009254217
Q8T0G4_Q8IR14,0.002517,0.013033,0.016164,0.019273236393928528,0.005269315559417,0.1067117676138877
P22814_P91929,0.0022022,0.012997,0.01625,0.051379069685935974,0.0070976680144667,0.0158671867102384
P49847_Q8IRY7,0.0021709,0.013008,0.015951,0.12376940250396729,0.0022594816982746,0.1020188108086586
Q9VYY9_Q03017,0.0026875,0.013926,0.016822,0.06376964598894119,0.0086829643696546,0.0082886582240462
E1JHY7_Q9VA51,0.032749,0.012956,0.016124,0.2746777832508087,0.0264292433857917,0.0004702599544543
P13677_Q7JX41,0.0022049,0.012996,0.016105,0.2690087854862213,0.0037747751921415,0.9581886529922484
Q94518_M9PJE4,0.0023455,0.012931,0.016193,0.11929815262556076,0.0003973004058934,0.0016156388446688
Q9VVT5_Q7K4Z4,0.0036762,0.012968,0.015976,0.11674045771360397,0.0222810059785842,0.0922481939196586
P13098_Q9VZU4,0.0021885,0.013142,0.015929,0.04180257022380829,0.0005173303652554,0.0258568972349166
Q24040_P24350,0.0021963,0.012945,0.015906,0.27447593212127686,0.0017386061372235,0.0360526517033577
Q6IDF5_A1ZAS3,0.0022714,0.012941,0.015895,0.13006314635276794,0.0009188713738694,0.0368377156555652
Q9VF77_Q0E8N2,0.0022246,0.012967,0.015953,0.48040327429771423,0.000406778184697,0.0016567041166126
Q9VEQ1_Q9W3R7,0.0021773,0.013023,0.015896,0.05997719243168831,0.0010565022239461,0.00062478199834
Q32UW5_Q9VCV3,0.003575,0.013355,0.016351,0.01988036558032036,0.0070320200175046,0.9920990467071532
B6VQA1_Q9VA51,0.0041619,0.012993,0.01596,0.29553622007369995,0.0192261841148138,0.0162624716758728
Q9VLU0_Q9VUY2,0.0021819,0.013037,0.015912,0.3180399239063263,0.0013870211550965,0.0159535519778728
P40793_O76908,0.0022569,0.014066,0.016078,0.09403276443481445,0.0035369512625038,0.0024831411428749
Q9W358_O46034,0.0021703,0.013271,0.01595,0.26321810483932495,0.001260177232325,0.0208821929991245
Q9VND8_Q8MUJ1,0.0022045,0.013098,0.015911,0.1453675776720047,0.0003591167624108,0.0024231234565377
Q27324_P52304,0.0022974,0.013607,0.27453,0.12167202681303024,0.0006753809284418,0.5962885618209839
Q9VB23_Q9VSY9,0.0022427,0.013214,0.016045,0.3212074637413025,0.0063336049206554,0.0010696923127397
Q9VMH2_Q9VA83,0.0021919,0.012926,0.015902,0.20626792311668396,0.0007960704970173,0.0011277651647105
P13582_A1ZBP6,0.00237,0.013062,0.017072,0.08839225769042969,0.996422290802002,0.0016833655536174
O76878_A1Z6E0,0.0021914,0.012954,0.015895,0.025478124618530273,0.0245844349265098,0.0139281712472438
Q9VVB6_Q9VK46,0.002481,0.012974,0.016028,0.13703089952468872,0.0006718877702951,0.9773313403129578
P55035_P0CG69,0.0023298,0.013049,0.015975,0.002818232635036111,0.0080336397513747,0.9828894734382628
Q9VTZ1_Q94513,0.0022886,0.012937,0.016011,0.04437512159347534,0.0180365145206451,0.9839476346969604
P23647_Q9VF77,0.0022721,0.01295,0.015969,0.22837086021900177,0.0195585284382104,0.0005873864865861
Q9VA51_P16378,0.0021973,0.012994,0.01597,0.036605216562747955,0.0145851140841841,0.0168567858636379
P20153_Q9VYW2,0.0022947,0.013007,0.016032,0.16987180709838867,0.006141691468656,0.2048164755105972
Q9VBI1_P22814,0.0022362,0.012922,0.015916,0.06817033886909485,0.0004331158997956,0.1652217954397201
Q9V457_Q94524,0.002182,0.012919,0.015912,0.44776469469070435,0.000480820366647,0.0026907592546194
Q9VUB8_Q26366,0.0022451,0.012946,0.015914,0.05931520834565163,0.0015636821044608,0.0009985013166442
P91943_Q9VP57,0.024862,0.012991,0.016515,0.04134596511721611,0.0549355931580066,0.0009799629915505
Q9W0B3_P09052,0.0021887,0.012947,0.015936,0.19831539690494537,0.0004850529367104,0.1961939036846161
Q9VGF9_P25843,0.0021969,0.01294,0.01592,0.09259691089391708,0.0002919559774454,0.005187947768718
Q9VEX5_P09087,0.0032937,0.012995,0.016053,0.10530383884906769,0.0150454202666878,0.605293333530426
Q9V345_Q9V4S8,0.0021947,0.012948,0.015895,0.28130850195884705,0.0045675011351704,0.0007193574565462
Q9VJC7_Q02637,0.0021851,0.0131,0.015903,0.0141381174325943,0.0003604276571422,0.0012183267390355
Q94535_Q7K2G1,0.0022706,0.012962,0.016191,0.027473488822579384,0.0007964247488416,0.0034623551182448
Q05201_Q27350,0.084216,0.013635,0.016687,0.14797453582286835,0.001762491185218,0.6733571887016296
Q8T3W6_Q9W087,0.002175,0.01297,0.015881,0.4001976251602173,0.0004925486864522,0.017825549468398
A1A6X4_Q9VBI1,0.0021719,0.013012,0.015909,0.015662355348467827,0.001212834380567,0.9318498373031616
P48461_Q9VUF3,0.0022503,0.012998,0.016244,0.3956364393234253,0.0207818932831287,0.0137529177591204
C0MJ66_X2JEH3,0.0023668,0.012973,0.016588,0.22992080450057983,0.0010211076587438,0.1455048471689224
Q95RV2_P20353,0.0021916,0.013073,0.015955,0.050339750945568085,0.0055450894869863,0.5459232330322266
Q59DZ4_Q9VNE1,0.0022011,0.012923,0.015922,0.8462795615196228,0.0011228150688111,0.0002641733735799
Q9VLK1_Q9VCU6,0.0024284,0.012932,0.016113,0.07639464735984802,0.0393637754023075,0.0042624240741133
O44437_A1ZBP6,0.0098864,0.013123,0.84044,0.02024509198963642,0.0003480105369817,0.0023551075719296
Q94524_Q9VIT3,0.0021833,0.012923,0.015902,0.07616907358169556,0.0043278844095766,0.3406919240951538
P20227_Q8T965,0.0022014,0.012942,0.015906,0.0025674712378531694,0.0010554107138887,0.0029221379663795
Q9V3S6_Q9VV74,0.0022035,0.012922,0.01593,0.33114075660705566,0.0019675348885357,0.3012284636497497
P83949_Q9Y0Z9,0.0049863,0.013,0.016133,0.34326931834220886,0.0033985271584242,0.0029381769709289
Q9VJ83_Q7KSD8,0.0022705,0.012942,0.015933,0.14765110611915588,0.0004236247623339,0.0002397881326032
Q9W0S8_C0HL67,0.0021837,0.012939,0.015943,0.16282710433006287,0.0025019322056323,0.0210347790271043
O97418_Q9VHE3,0.002201,0.012971,0.015908,0.00802829023450613,0.0055542159825563,0.0058009037747979
Q8MSY4_Q7JYX5,0.010701,0.014897,0.015926,0.18383170664310455,0.001229575718753,0.9846273064613342
A1ZAK9_Q9V9J3,0.0022571,0.013039,0.022749,0.03325524181127548,0.0069404421374201,0.0028695098590105
P07247_Q8T3Y0,0.0052632,0.013125,0.035562,0.186661034822464,0.0056849769316613,0.0055565577931702
Q9VJD2_Q9VRT7,0.0021974,0.012951,0.015867,0.40787509083747864,0.0002468331949785,0.003344917204231
Q9VSJ8_P39018,0.0021982,0.012917,0.015891,0.03197812661528587,0.0003579836338758,0.1838460713624954
Q9VIF5_Q7KVG9,0.0095134,0.013001,0.016022,0.052346546202898026,0.0121295191347599,0.0034420124720782
Q8SYM9_Q8SZ16,0.0021781,0.012923,0.015917,0.06415608525276184,0.0044862180948257,0.1772753447294235
P30052_Q9VWI4,0.0057949,0.012956,0.015954,0.017848722636699677,0.0007327679777517,0.0301971193403005
A1ZAH8_A1Z9I6,0.002213,0.013038,0.015989,0.09714771807193756,0.0010801927419379,0.0427379086613655
Q7KVG9_Q9W4I7,0.0088165,0.012964,0.016006,0.05388089641928673,0.0028621584642678,0.6119856238365173
Q8T4F2_Q7JZC9,0.0022137,0.012978,0.015917,0.5453511476516724,0.0008154709357768,0.0001033989683492
Q9VXP1_Q24008,0.002331,0.01307,0.015969,0.05119006708264351,0.0004571132594719,0.0062728766351938
P13582_A8JNK7,0.0021835,0.013,0.016041,0.05820763111114502,0.0015278697246685,0.0005474970093928
P84040_Q9V535,0.0030467,0.017955,0.01915,0.0011843133252114058,0.998776376247406,0.2143331319093704
P05205_P45975,0.0021894,0.012983,0.016152,0.5138441920280457,0.0310829691588878,0.0103808557614684
Q9VTZ7_Q9VIT3,0.0024266,0.012947,0.016396,0.06291136890649796,0.0824468433856964,0.2798382341861725
Q9VH07_Q8SX32,0.0021989,0.012979,0.015976,0.04094637557864189,0.0004033375298604,0.0060579753480851
P40792_P25008,0.0021929,0.012961,0.01591,0.3974224925041199,0.0002658305456861,0.0027927295304834
A0A0B4KEQ4_Q9V428,0.0021757,0.012913,0.015887,0.12756220996379852,0.0021901805885136,0.0015273460885509
Q9VR65_P16914,0.0021764,0.012927,0.015911,0.018147090449929237,0.0374879501760005,0.0003051763342227
Q95RJ9_X2J8N3,0.0021864,0.013068,0.015935,0.42526981234550476,0.0088952304795384,0.4430491626262665
P25991_Q9W0F8,0.0021944,0.018485,0.016029,0.1436118185520172,0.0008122137514874,0.97955322265625
Q9W1K4_Q9VV74,0.0022138,0.012916,0.015979,0.10782235115766525,0.0843588709831237,0.002074746415019
Q24318_Q24472,0.0022049,0.012932,0.015951,0.04184480756521225,0.0157219544053077,0.0008415541960857
Q9VRT7_O16867,0.0022489,0.012989,0.015873,0.21088340878486633,0.0002927040040958,0.1600612848997116
P15330_Q24537,0.0055143,0.012959,0.021115,0.14678961038589478,0.9171141386032104,0.1125506237149238
Q9V3C7_P13008,0.0022077,0.012927,0.01638,0.23974739015102386,0.0004055809404235,0.0674116909503936
O46037_Q8INQ9,0.002176,0.012993,0.015898,0.04010135307908058,0.8269800543785095,0.0001560705859446
Q24570_E1JH43,0.0022184,0.012933,0.015946,0.020090483129024506,0.0038267131894826,0.0004241517162881
Q9VCE1_Q9XYN7,0.0021723,0.012925,0.01589,0.06600157171487808,0.0002470561303198,0.1015549600124359
Q9VZV5_Q9XZ58,0.0021852,0.013019,0.015911,0.11099349707365036,0.0005523439031094,0.0018021669238805
Q9VH07_Q24533,0.0021984,0.013005,0.015929,0.054956916719675064,0.0002878869709093,0.0761248990893364
Q9VKD6_Q9W4M8,0.010593,0.019823,0.015961,0.05762067809700966,0.9988296627998352,0.0040410817600786
Q01068_Q9VZV5,0.0022298,0.013159,0.015944,0.043817538768053055,0.0017346793320029,0.0156546737998724
Q9VZ01_A1ZAW5,0.0022205,0.012925,0.015928,0.2572735846042633,0.0031902287155389,0.0007336619892157
P15357_Q9VYW2,0.0023319,0.013017,0.015918,0.01980295032262802,0.0002522819559089,0.000401825091103
Q9VVH8_Q8MRQ1,0.0022805,0.012975,0.015899,0.17332829535007477,0.0046036839485168,0.0073922616429626
Q24318_Q27368,0.098042,0.012929,0.016344,0.4673306345939636,0.9986055493354796,0.0160607956349849
Q9VFP2_Q9V3C7,0.002416,0.01294,0.016024,0.05140425264835358,0.0009095606510527,0.9721454381942748
Q9V464_Q9VNB5,0.0021872,0.012922,0.01591,0.03024422936141491,0.0007428213721141,0.0003028948558494
P20353_P92204,0.0022326,0.014963,0.017127,0.012897414155304432,0.0003741607069969,0.0428878962993621
Q9W4S7_P13098,0.44199,0.013145,0.02431,0.1641913503408432,0.0552966147661209,0.0002650439855642
Q9VXK7_P24350,0.0021851,0.013086,0.015903,0.5386525988578796,0.0002756693866103,0.0085374126210808
Q9V3H2_Q7KTX7,0.0021854,0.013021,0.016034,0.13522261381149292,0.996733546257019,0.000654998992104
P29673_Q7KN94,0.002221,0.01301,0.015905,0.11366300284862518,0.0002337871555937,0.0031113207805901
Q9VX94_Q9VMX3,0.0021988,0.012916,0.015908,0.4289705455303192,0.0002968291519209,0.0009911828674376
A0A0B4K775_O18334,0.0035089,0.020926,0.016076,0.6713590621948242,0.998129665851593,0.0009840613929554
Q9VWI4_E1JJI1,0.019142,0.012943,0.021275,0.21428774297237396,0.0047675487585365,0.0041501875966787
Q8IMX1_Q9VEV9,0.002186,0.013035,0.016004,0.3532416522502899,0.0077001019380986,0.0146612841635942
A1A6X4_A0A0B4KGY6,0.0021802,0.013368,0.016063,0.03164868801832199,0.0006052349926903,0.0121208261698484
Q9W0S8_P40792,0.0021807,0.012972,0.015906,0.025460245087742805,0.0007936893962323,0.0035053417086601
Q9VYW3_O16810,0.0021751,0.012937,0.015884,0.4002428352832794,0.000374187977286,0.0004836950101889
Q9V428_P28159,0.0021737,0.012942,0.015942,0.43340808153152466,0.0131919346749782,0.0432440266013145
Q9VG03_Q9VIY3,0.010638,0.013365,0.015917,0.07969339936971664,0.9988254904747008,0.0008432177710346
Q9VU85_P20227,0.24184,0.013084,0.01637,0.14738500118255615,0.0383353568613529,0.000357128388714
Q9VVW2_P09774,0.0025195,0.013015,0.015979,0.6253185272216797,0.0020281283650547,0.0140268597751855
Q9VEV9_Q9VNB5,0.0021907,0.012956,0.015971,0.4156496524810791,0.0004996374482288,0.0079493653029203
P11346_P29673,0.059175,0.013069,0.028581,0.12460969388484955,0.0068398118019104,0.0280103366822004
Q7KUL3_Q9VIF5,0.0027151,0.012949,0.015961,0.15100263059139252,0.9974933862686156,0.0002757719485089
Q24246_P55035,0.0038216,0.012991,0.016258,0.36606499552726746,0.002766691846773,0.0379872061312198
Q9VZU1_Q9VRY0,0.0022158,0.012931,0.016066,0.11495882272720337,0.0019848844967782,0.0030994948465377
Q9W3E1_P15357,0.0021805,0.013089,0.016971,0.2712642550468445,0.0011540035484358,0.0028783672023564
Q8SXU3_A1Z9X0,0.0022439,0.01296,0.016046,0.037036143243312836,0.0003304090350866,0.0003889983636327
P40792_Q94511,0.0022922,0.014141,0.017127,0.03944069519639015,0.0002146209299098,0.0733120962977409
Q8INB9_Q9V3Z1,0.007512,0.031094,0.11177,0.058199916034936905,0.9980560541152954,0.0020740632899105
P52485_E1JJI1,0.0021826,0.012967,0.01593,0.0021148156374692917,0.0013783915201202,0.0009180907509289
Q9U6B8_A1ZBT5,0.0027355,0.012933,0.015901,0.011601751670241356,0.0005372992018237,0.0002864837588276
Q24472_Q9W542,0.0023671,0.01296,0.015998,0.12286245077848434,0.0310020018368959,0.0025735690724104
P53034_P16241,0.0022898,0.013079,0.021261,0.0488000214099884,0.0004767066566273,0.1579707413911819
P52304_Q9W087,0.0022117,0.013007,0.01591,0.1153169795870781,0.000597805250436,0.0009157341555692
Q9VQI5_Q9VXZ0,0.0021839,0.01297,0.015889,0.0059857238084077835,0.0021768307778984,0.0085920747369527
C7DZL9_Q9VRX1,0.0022268,0.012949,0.015874,0.10194921493530273,0.0002114512171829,0.0012882167939096
P10084_Q9VEV9,0.055102,0.013054,0.016248,0.20633824169635773,0.0140256863087415,0.0011192247038707
Q24008_Q9VEQ2,0.0021814,0.01305,0.016016,0.2682950794696808,0.0006270225276239,0.7787540555000305
Q9VI55_Q9W0A8,0.0021758,0.01304,0.021891,0.25274857878685,0.0045409956946969,0.0005729417898692
Q9VN42_A1Z9I5,0.0027283,0.013039,0.016161,0.12464084476232529,0.0040903729386627,0.0006857128464616
Q9VQR2_Q9W2K3,0.0022047,0.012917,0.015935,0.042570870369672775,0.0004825502110179,0.013446245342493
P16378_Q7K105,0.0021941,0.013215,0.016185,0.19371771812438965,0.0124623635783791,0.0075067295692861
Q9VGC1_Q9VCV3,0.0021938,0.013051,0.015951,0.38855648040771484,0.0013781945453956,0.8041152954101562
Q8SYU5_Q9V9N4,0.0033217,0.012959,0.016222,0.1286052018404007,0.0089120278134942,0.003663957118988
P91929_Q9VVW2,0.002316,0.013884,0.021416,0.03107459843158722,0.0012927941279485,0.2834275960922241
Q9VYW6_Q9VEX5,0.0022131,0.012969,0.01599,0.0473700575530529,0.0027774928603321,0.001521204249002
Q7KSQ2_P41042,0.0022122,0.012952,0.015902,0.42571359872817993,0.0004503913514781,0.0236259195953607
Q9V6Q2_Q9VI13,0.010679,0.012981,0.016286,0.07378406077623367,0.0094190025702118,0.0076321270316839
Q7K738_P09077,0.0021789,0.013028,0.015888,0.05760854110121727,0.0007597680087201,0.9879464507102966
Q9W0F8_Q9VGC7,0.0022049,0.012934,0.015902,0.07650035619735718,0.0003651215520221,0.0012669505085796
Q4V6I0_Q0KI69,0.0021674,0.012942,0.015886,0.10595725476741791,0.0013179020024836,0.0003594642621465
Q09024_P43332,0.0022092,0.012994,0.015978,0.03347330912947655,0.0005469498573802,0.0810833722352981
Q9VJ12_Q9V535,0.0023222,0.01318,0.017486,0.02139710634946823,0.9989124536514282,0.5239195823669434
Q9W4M8_Q7JXA8,0.0021924,0.012937,0.015883,0.1433516889810562,0.0020328019745647,0.0052384864538908
Q8SXU3_Q9W481,0.0022634,0.012986,0.016003,0.2110351026058197,0.0005546688917092,0.0004296833649277
Q8I8V0_P48149,0.0021781,0.012933,0.015895,0.24043351411819458,0.0015464157331734,0.0053688054904341
Q7PL91_Q9V9M7,0.0022407,0.012971,0.015889,0.04731918126344681,0.9655951857566832,0.0544381625950336
C0HL67_Q0E8N2,0.0022022,0.012979,0.01694,0.03751218318939209,0.0004760632291436,0.0179659090936183
Q9V9J3_P09052,0.0025786,0.013591,0.022537,0.14611752331256866,0.0097098378464579,0.052115298807621
X2JDF3_Q9XZ58,0.0021845,0.012924,0.015911,0.15296055376529694,0.0002585215261206,0.52839195728302
Q7JYX5_Q9W2V7,0.0022383,0.012921,0.015884,0.5176617503166199,0.0002342999650863,0.0012084398185834
P43332_Q9XZH6,0.0021936,0.01293,0.015883,0.16090956330299377,0.0267245210707187,0.0009240606450475
Q9VAY8_Q9VKI2,0.0022984,0.01299,0.015954,0.14303795993328094,0.003799240803346,0.0077920923940837
Q9VJE4_Q9W2K0,0.0021709,0.012928,0.015865,0.02452186681330204,0.0011196694104,0.0039464132860302
Q8IPW3_Q9U6B8,0.0024668,0.012999,0.015883,0.1366691142320633,0.0009280616068281,0.0193257145583629
I0B1P6_Q9VB14,0.019808,0.012929,0.022331,0.008658564649522305,0.0007397568551823,0.0047236746177077
Q23985_Q9V393,0.0023332,0.012957,0.015982,0.0962579995393753,0.0058529726229608,0.0002522869908716
Q9VCZ8_Q9VTZ1,0.0022083,0.012933,0.015904,0.0207639392465353,0.0010775328846648,0.0435686074197292
P36179_Q9VFP2,0.0022688,0.013729,0.017195,0.01653539575636387,0.0011226984206587,0.0002290583361173
Q8SY34_Q8IRY7,0.0021737,0.013034,0.015919,0.058152273297309875,0.0237897038459777,0.9773653745651244
P48555_Q9VDG2,0.0026445,0.013078,0.0187,0.023932598531246185,0.9959751963615416,0.9424219727516174
Q95028_P54611,0.0021891,0.013996,0.015919,0.1889953911304474,0.0022493482101708,0.0019101969664916
P81909_Q24572,0.002216,0.01301,0.015904,0.1053968071937561,0.0003507820656523,0.9484732747077942
Q9W4M8_P55035,0.0021982,0.01294,0.015917,0.0896134302020073,0.0019178031943738,0.0003525910142343
Q9VAN8_Q9V6B9,0.0030594,0.013002,0.015926,0.016982929781079292,0.0049625863321125,0.1835134774446487
Q24040_O62530,0.0021805,0.012932,0.015922,0.24776214361190796,0.0007565125124529,0.0004599486419465
P98149_Q9VAP2,0.91185,0.012939,0.01867,0.08376076817512512,0.0283815376460552,0.0003968374803662
Q9VS36_O97183,0.0021948,0.01293,0.016194,0.01728086918592453,0.0011380239157006,0.0177569631487131
Q9VUX7_Q9VR65,0.0023822,0.012933,0.015899,0.34477031230926514,0.0022801731247454,0.0012454208917915
Q9XYU1_Q7YU24,0.0022286,0.013,0.016774,0.03449075669050217,0.0015374001814052,0.971752405166626
Q24168_Q7K4Z4,0.0046634,0.012977,0.018008,0.039331864565610886,0.0007946989499032,0.7804487347602844
P62152_Q8IML3,0.0022225,0.01316,0.015912,0.00816960260272026,0.0002221721806563,0.0070441733114421
Q9V3W2_O46034,0.0022418,0.012998,0.015893,0.0980934128165245,0.0002875438367482,0.0005665907519869
B7YZE6_Q26263,0.010083,0.01303,0.016145,0.13221140205860138,0.0060159349814057,0.0007645582663826
Q8IMX1_Q9W483,0.0021769,0.012939,0.015909,0.47912463545799255,0.0050935801118612,0.0219550374895334
Q9W115_Q7KTX7,0.0022056,0.013119,0.015913,0.1594243347644806,0.0264517348259687,0.0041132839396595
Q9VSB6_P39018,0.0021768,0.012925,0.015891,0.21935662627220154,0.0003266287676524,0.001874585985206
Q9VG03_Q9VNE4,0.0030355,0.013109,0.015911,0.006107861641794443,0.0164269767701625,0.0001162885673693
Q9VZF5_Q8T3W6,0.0089502,0.013451,0.015951,0.03682464733719826,0.002003852976486,0.00589061062783
Q7KJ69_A1Z9X0,0.0021778,0.012956,0.015955,0.02282244898378849,0.0018664044328033,0.9775577783584596
Q9VZU2_Q7K306,0.0022202,0.013061,0.015912,0.044544193893671036,0.0002626091300044,0.0004187828744761
Q9NFU0_Q9VPE2,0.002191,0.012986,0.015975,0.05304857715964317,0.0011192556703463,0.0250722337514162
Q9VP85_A0A0B4K775,0.0022631,0.012983,0.015902,0.01444521825760603,0.000646466622129,0.9906291365623474
A0A0B4LGV6_Q24134,0.0021973,0.013016,0.01598,0.2924829125404358,0.0027188793756067,0.0025230690371245
Q9VBH8_Q9W4M8,0.0021996,0.013191,0.015915,0.49900147318840027,0.0006532792467623,0.0013540551299229
P49847_P13098,0.0025399,0.013177,0.015995,0.08174881339073181,0.0011120351264253,0.7686104774475098
Q9VK43_Q8T4F7,0.0028345,0.013101,0.016557,0.002238269429653883,0.0017340964404866,0.6720596551895142
Q9VUW2_A0A0B4JD33,0.0021726,0.012989,0.015921,0.030851678922772408,0.0004783847834914,0.0018490621587261
Q7KJ69_Q24297,0.0022026,0.013045,0.015885,0.5730146765708923,0.0002684065548237,0.0003165998787153
P09052_Q9VMJ4,0.023954,0.013083,0.01624,0.038551829755306244,0.0007068863487802,0.0132127963006496
Q9VHB6_Q9VZF2,0.0022167,0.012947,0.015916,0.05841175839304924,0.00121681089513,0.0002755162131506
Q7JYH3_M9PHI7,0.0022817,0.012932,0.015892,0.0995587557554245,0.0003591474087443,0.0004213739885017
Q9VYW2_E1JHY7,0.0022712,0.013027,0.016858,0.15546776354312897,0.0016895447624847,0.000367072498193
Q9XYN7_Q9NJG9,0.0021656,0.012924,0.015895,0.04331858456134796,0.0003399706911295,0.010324970819056
Q9VAC8_Q9XZ31,0.0042152,0.013874,0.015931,0.02699912153184414,0.077140673995018,0.0864581912755966
Q058Z8_Q9VBQ3,0.0021874,0.012933,0.015893,0.031109793111681938,0.0046423966996371,0.0008935895166359
Q9W380_P08510,0.0023849,0.012946,0.015996,0.5411049127578735,0.000296925951261,0.0148178245872259
P11147_P23758,0.0022808,0.013078,0.016016,0.009734919294714928,0.0022031529806554,0.0005384134710766
E1JGN7_P18824,0.16694,0.013417,0.016581,0.058784469962120056,0.9985610842704772,0.0073717962950468
Q9W074_Q9VMI3,0.0022625,0.013094,0.016055,0.12689027190208435,0.0005636403802782,0.0019270940683782
Q9VT51_Q9VEX9,0.002224,0.012932,0.015923,0.8023500442504883,0.0003518764569889,0.0076993331313133
Q7KN94_M9PHL2,0.0021939,0.012994,0.015896,0.517264187335968,0.0003448781790211,0.0668649598956108
Q9W2K3_Q9W2H9,0.0056268,0.012922,0.018229,0.6612587571144104,0.0283994264900684,0.0005013747140765
Q9W5N2_Q9W5B9,0.0022837,0.012929,0.015952,0.008037877269089222,0.0010646142764016,0.9594650864601136
Q94513_Q9VP57,0.0040735,0.012949,0.016408,0.40585970878601074,0.0258466638624668,0.494584321975708
X2J6Q6_Q9XZT1,0.0021858,0.012932,0.015889,0.34144771099090576,0.0003744979330804,0.0167333800345659
A4IJ58_P53034,0.002174,0.012957,0.016627,0.4463333785533905,0.0005959282862022,0.0003612544387578
P08645_P55935,0.0025755,0.012985,0.019553,0.05788631737232208,0.0002698156749829,0.8093974590301514
Q9V428_Q9VIT3,0.0021796,0.012943,0.015945,0.06941687315702438,0.0051384633406996,0.0072541874833405
P24350_P39018,0.0021858,0.012937,0.015919,0.00709796417504549,0.0003307308070361,0.0254212692379951
A1ZAK9_Q7KUZ5,0.0021863,0.013086,0.015971,0.058262571692466736,0.0091173751279711,0.1582530587911605
P52656_P18488,0.0021725,0.012932,0.015877,0.01688096858561039,0.0008281552582047,0.2806763350963592
P08646_Q9VE96,0.0031145,0.013006,0.016874,0.011170928366482258,0.020280523225665,0.0048310030251741
O18334_P16568,0.0041932,0.020152,0.016137,0.04778701066970825,0.997546136379242,0.6193340420722961
P81917_Q94535,0.0021896,0.012926,0.015926,0.15091681480407715,0.0002743092190939,0.0050275907851755
Q9VWG3_Q8MS69,0.0021834,0.012923,0.015903,0.08453698456287384,0.0003494819102343,0.0008377091726288
O97102_Q9VZF5,0.0022067,0.012994,0.015976,0.7174396514892578,0.001496294979006,0.0556208305060863
Q9V3Z4_Q9VVH8,0.0022076,0.013124,0.015919,0.006774086970835924,0.0009422757430002,0.2315842509269714
Q9VUR1_Q0E8K5,0.0021708,0.012923,0.015914,0.03639986366033554,0.0019720972049981,0.1589042991399765
Q9VVP8_P09081,0.0025072,0.012943,0.015923,0.19119298458099365,0.0828692987561225,0.0023571115452796
Q9VF77_Q9VTM0,0.15202,0.013655,0.015924,0.059551045298576355,0.0022472313139587,0.0007591422763653
Q9VNB5_C7DZL4,0.0023322,0.012947,0.015925,0.005890096537768841,0.0002687886590138,0.0005184334586374
Q8I0J6_Q9VV74,0.0022102,0.013035,0.015968,0.2564241290092468,0.0003824050945695,0.0037303965073078
Q23985_P20227,0.089776,0.01303,0.017965,0.18767160177230835,0.0026978217065334,0.0132388640195131
Q9W5N2_Q9NCC3,0.0021877,0.012916,0.016015,0.1829538345336914,0.0007869179244153,0.1304748803377151
Q8IMX1_P02833,0.0021909,0.013043,0.015964,0.004026556853204966,0.0052542411722242,0.0810484364628791
Q9VUZ1_Q9W483,0.0021983,0.01292,0.015886,0.25470030307769775,0.001662272028625,0.0006815899396315
Q7KM04_Q9W3Q0,0.016856,0.017115,0.02127,0.07171706110239029,0.0151197612285614,0.056143045425415
I0B1P6_Q9V3Z4,0.0021734,0.013016,0.016292,0.053016092628240585,0.0006273147882893,0.0607844479382038
Q24475_Q2PE14,0.0021976,0.012921,0.015893,0.030754733830690384,0.0121559044346213,0.007997665554285
Q9VVB6_Q9V457,0.0029478,0.012973,0.016816,0.1407807469367981,0.0007553466130048,0.0005913808126933
P51140_Q9VVV9,0.0037498,0.01294,0.016179,0.01901814341545105,0.006715137977153,0.0012800673721358
Q95TN8_Q9VVU2,0.0021742,0.012948,0.015948,0.42222893238067627,0.0028809453360736,0.0635926425457
Q9V7W9_Q9U8R4,0.0021944,0.012959,0.01593,0.5962558388710022,0.0041404492221772,0.8308104872703552
P51023_P23792,0.023569,0.012982,0.016132,0.032339878380298615,0.0543977580964565,0.0079177040606737
P46222_O15945,0.0021763,0.012964,0.015906,0.07718823105096817,0.0003265341219957,0.0002793925523292
Q9VM64_A1Z9I6,0.0022084,0.013014,0.015927,0.046859320253133774,0.0024279118515551,0.2839547097682953
P15330_Q05652,0.0023064,0.012946,0.015953,0.11342073231935501,0.101270817220211,0.0432979129254817
M9PBY4_Q7KSD8,0.0022186,0.012938,0.015907,0.006228318437933922,0.004620180465281,0.0004974331823177
Q7KN62_Q9VS05,0.0038278,0.013013,0.015989,0.07122045010328293,0.018723914399743,0.9572039246559144
O61602_P25158,0.0061426,0.01293,0.016023,0.2951911985874176,0.0116734914481639,0.2718236148357391
Q9VF82_Q9VM20,0.0021914,0.012931,0.015946,0.0162676814943552,0.0012833402724936,0.0070666586980223
Q9XYU0_Q9VYW3,0.0021782,0.012944,0.015902,0.004258614499121904,0.001673431135714,0.0004104332183487
Q9W402_Q9VUR3,0.0022614,0.01293,0.015936,0.41059643030166626,0.0030379318632185,0.0415617935359478
P40797_P54359,0.14935,0.081644,0.24284,0.07254321128129959,0.998742401599884,0.9472715854644777
Q9VUZ1_O18338,0.0021984,0.013014,0.015886,0.20448492467403412,0.0080444579944014,0.743182361125946
Q23973_E3CTS5,0.0025403,0.012926,0.015971,0.33623409271240234,0.0053441449999809,0.0121797528117895
P41094_Q9VF82,0.0021838,0.012931,0.01594,0.03163226693868637,0.0002437972725601,0.0006088149966672
Q9VCQ7_Q9VHA9,0.0038763,0.013002,0.019347,0.05623658001422882,0.0020266589708626,0.0006577351596206
O96860_Q9VFB9,0.0021684,0.012939,0.015892,0.009979890659451485,0.0034947195090353,0.0235084947198629
C6SV45_Q8MSY4,0.0021839,0.012976,0.015901,0.013219892047345638,0.0002191075473092,0.033944871276617
P19889_O44226,0.0022024,0.012954,0.015937,0.22136731445789337,0.0004606673610396,0.1558838635683059
P80455_Q9VUX7,0.0021893,0.012992,0.015867,0.07475446164608002,0.0004987595020793,0.0019043032079935
P52656_Q24134,0.0021657,0.012926,0.015893,0.41284820437431335,0.0043420912697911,0.0012303559342399
Q24186_Q27415,0.0022073,0.012936,0.015977,0.04145454242825508,0.0010666232556104,0.0017440029187127
O18333_Q9VEA2,0.0022341,0.052611,0.016271,0.05219544842839241,0.0016920213820412,0.0002623948967084
P18933_Q24537,0.0022019,0.013046,0.015876,0.027589574456214905,0.0002418642689008,0.0029731362592428
Q9W140_P17704,0.0021971,0.012919,0.015915,0.1952895224094391,0.0006341699045151,0.0007552479510195
Q9VX36_Q9VVX0,0.0021915,0.012947,0.015919,0.06106425076723099,0.0002313837467227,0.0004356367862783
Q9VNE9_Q9VZJ3,0.0021815,0.012928,0.015942,0.4246204197406769,0.0003957882872782,0.0165117383003234
Q9U1K1_Q9VT51,0.0021832,0.012997,0.015942,0.03408912569284439,0.0007680807029828,0.0024200296029448
P52656_Q9VMN9,0.0021779,0.012932,0.015885,0.036257628351449966,0.0011287163943052,0.0002275897422805
O18338_Q9VLP3,0.0022251,0.012993,0.015996,0.47730061411857605,0.7473914623260498,0.0005177492275834
A1Z9I5_D2NUE8,0.18476,0.013016,0.016175,0.39001888036727905,0.0012231953442096,0.0004738658317364
Q24570_P54367,0.0022752,0.012962,0.016165,0.10455597937107086,0.1151224598288536,0.0184913072735071
Q24139_I0B1P6,0.0023606,0.012941,0.016049,0.19205208122730255,0.0019044399959966,0.0606773532927036
P48612_Q9VU83,0.0021749,0.012955,0.015942,0.025092430412769318,0.0003897907445207,0.0306662246584892
O61722_Q7JZB4,0.002239,0.012974,0.015915,0.07621446251869202,0.0002242651389678,0.0049096113070845
P36241_Q23983,0.0021756,0.013002,0.016069,0.03141127899289131,0.0004147335712332,0.0036076544784009
Q0E9B7_Q26366,0.0057899,0.012978,0.016122,0.36250293254852295,0.0121923005208373,0.0014149217167869
Q9VUK7_Q8IRI5,0.1142,0.012958,0.016199,0.09034869074821472,0.0052757277153432,0.0025631715543568
Q01083_Q9W0F8,0.0024137,0.035113,0.10447,0.09492479264736176,0.0016280442941933,0.0005496009835042
Q9VA91_Q9W3E1,0.0021731,0.013024,0.015891,0.06566321849822998,0.0072987172752618,0.0004642648273147
P50534_Q7K4Z4,0.0046207,0.012964,0.016063,0.3956669569015503,0.0055570588447153,0.003874207381159
Q8IMX1_P48461,0.0022243,0.01322,0.023087,0.16354554891586304,0.035424992442131,0.027432695031166
Q9W380_Q9VXA5,0.0024707,0.012971,0.015998,0.29436907172203064,0.0004901058273389,0.8463208675384521
Q27324_Q86B79,0.0022292,0.012995,0.016453,0.05806271359324455,0.0004830136313103,0.0055922265164554
Q9W2S2_O17445,0.0022014,0.012976,0.015913,0.15731023252010345,0.0005281085032038,0.0002440866228425
A8JNK7_Q8MUJ1,0.0022192,0.012935,0.016117,0.04905841872096062,0.0009744249400682,0.0136290583759546
Q9VKV6_Q9VB22,0.0022261,0.015098,0.016783,0.059376638382673264,0.0016012007836252,0.9204950928688048
P06754_Q9W3X7,0.0021898,0.012978,0.015892,0.24956950545310974,0.0004627433954738,0.7234482765197754
Q7JYX5_A1Z9S1,0.0035,0.3834,0.015924,0.19204960763454437,0.0004499618080444,0.4263322055339813
Q9VDD1_Q9V464,0.0021882,0.012956,0.015918,0.3421083986759186,0.0010929710697382,0.0014559694100171
Q9VYX7_Q9V345,0.0021727,0.013804,0.015898,0.21879063546657562,0.0001993183977901,0.0239237416535615
A1ZBP6_Q7KM04,0.0099561,0.013449,0.021182,0.09191382676362991,0.0147587098181247,0.1087321639060974
P46824_Q9V4S8,0.0021968,0.013593,0.015927,0.08243010193109512,0.0085167121142148,0.000329649192281
C0HKA0_Q9VQS4,0.0021706,0.012969,0.015907,0.2917042374610901,0.0006023214082233,0.986469268798828
Q9VUQ1_Q86B79,0.0349,0.025948,0.015908,0.035130731761455536,0.0064617539756,0.0049882610328495
Q7JZK1_Q9VZU2,0.0021821,0.012938,0.015879,0.054021306335926056,0.0016481792554259,0.0003970351826865
Q9VI00_Q9VVA7,0.0022352,0.012942,0.015945,0.0670631155371666,0.0042091235518455,0.0089643206447362
P19018_Q95SG9,0.0021929,0.012975,0.016654,0.5966324210166931,0.0013354765251278,0.0029246187768876
P83094_Q9U6B8,0.0023605,0.013005,0.015961,0.04097374156117439,0.0017274775309488,0.0003058812581002
Q9U8R4_P40427,0.0022508,0.012989,0.015918,0.06218878924846649,0.0019354794640094,0.9672850966453552
Q24533_Q9W542,0.0054708,0.012969,0.016001,0.03301435708999634,0.0020343009382486,0.9384459853172302
P18824_Q9V407,0.23389,0.013346,0.025435,0.34837061166763306,0.0046367440372705,0.9722520112991332
P08645_P22464,0.0021984,0.012987,0.015916,0.5277190208435059,0.0014574627857655,0.0004321754095144
Q9W279_Q9V431,0.0021767,0.013304,0.016215,0.033535733819007874,0.0003742116969078,0.0011656464776024
Q9VGR1_Q9VCG6,0.0049438,0.013131,0.015906,0.1376955807209015,0.0189529415220022,0.0008896107319742
O18334_Q9VLU0,0.0023442,0.014648,0.015883,0.26295146346092224,0.000317699246807,0.0730356648564338
Q9W102_P09087,0.0022271,0.013244,0.01598,0.038546718657016754,0.0003164178633596,0.0336892306804657
Q9XZ57_Q9W2P0,0.011679,0.014645,0.015914,0.11278501152992249,0.003465614747256,0.000975894741714
Q9XZH6_Q01842,0.0021856,0.012938,0.015891,0.2975229024887085,0.0034907215740531,0.0014291817788034
Q8SX32_C0HL67,0.0021952,0.012954,0.016017,0.05972045287489891,0.0013080749195069,0.0002594504621811
Q24133_M9PGR0,0.0021959,0.012954,0.015942,0.007873591966927052,0.0002517660614103,0.0006392550421878
P41093_Q9W0E9,0.0021918,0.01294,0.015899,0.07355436682701111,0.0008563929586671,0.0004872085701208
Q9VRX1_Q9VKD6,0.0021983,0.012978,0.015919,0.09978175908327103,0.0012658793712034,0.0015440210700035
Q9VB22_Q9VCZ8,0.0021916,0.013284,0.015897,0.3206208646297455,0.0129918120801448,0.0003952075203415
Q9XZ31_Q9VJP9,0.0027213,0.012973,0.015911,0.10663089156150818,0.002760991686955,0.0087384218350052
P09081_Q9V9N4,0.023195,0.012979,0.01905,0.33552616834640503,0.0094229402020573,0.0016773957759141
Q9VS01_Q9VCG6,0.0022059,0.012929,0.015919,0.2437399923801422,0.0036494059022516,0.0002423892437946
Q9VSG1_Q6NMT8,0.00219,0.012949,0.015903,0.027601538226008415,0.013968183659017,0.8661624789237976
Q9V345_Q9VNB9,0.0021809,0.018082,0.016284,0.1016293317079544,0.0003259092918597,0.0086038215085864
P91664_Q9W4S7,0.13352,0.23041,0.017373,0.050760671496391296,0.0248344112187623,0.0043261316604912
P17789_Q7KRI2,0.0023377,0.012958,0.015951,0.019398031756281853,0.0166714955121278,0.0010099813807755
Q9VZF2_Q9V9J3,0.0021849,0.012989,0.015927,0.24625436961650848,0.0004926496185362,0.0012043351307511
P48612_Q7KY08,0.0021703,0.012919,0.015909,0.10465218871831894,0.0004686120955739,0.2145930230617523
Q7JWS8_Q8T0G4,0.0021843,0.013382,0.016035,0.04922589659690857,0.3187019824981689,0.0007006857194937
P22814_Q24040,0.0021951,0.012924,0.015918,0.025400668382644653,0.0221166871488094,0.0003603893273975
Q9VEA2_Q8SXU3,0.002195,0.013039,0.015924,0.11182205379009247,0.0010971094015985,0.0003144946240354
Q05201_Q9U5W9,0.002331,0.012963,0.015949,0.47263598442077637,0.0014325380325317,0.0024067424237728
P43332_P42325,0.0022221,0.013122,0.015983,0.4564465880393982,0.0013957362389191,0.006460428237915
Q9VM76_Q9VN42,0.0024845,0.012932,0.017133,0.1873433142900467,0.0035666159819811,0.0499493442475795
C0MJ66_Q7KMG7,0.0022411,0.01309,0.016178,0.1852579563856125,0.0006658085621893,0.0392043516039848
P22814_Q24039,0.002219,0.012939,0.015942,0.34143874049186707,0.0150405811145901,0.0999523848295211
P18932_Q24562,0.0021857,0.012996,0.015885,0.10916638374328613,0.0003491337702143,0.000348408910213
P56721_P43332,0.0021788,0.01294,0.01594,0.13464680314064026,0.9977813363075256,0.000325406959746
P41042_Q9XZT6,0.002254,0.012934,0.015901,0.4501180946826935,0.0002530308847781,0.4122545719146728
P31007_Q9VU83,0.24012,0.01297,0.016057,0.15046687424182892,0.0673984587192535,0.9740076661109924
P48609_Q9V3C7,0.0022754,0.012981,0.016072,0.3853108882904053,0.0011907643638551,0.000710078747943
Q9VGC7_P43332,0.0021771,0.012932,0.015983,0.05481811985373497,0.0083731338381767,0.0071061947382986
P02299_Q9VCU6,0.0022079,0.012978,0.016018,0.033326126635074615,0.9979310035705566,0.0014095401857048
P06602_P16568,0.0029494,0.013157,0.015943,0.03928434103727341,0.0032230648212134,0.060914933681488
Q8T3Y0_Q9W3H5,0.0023623,0.013149,0.015947,0.21482034027576447,0.0008196903509087,0.0004956396878696
Q9VS34_Q9VJD4,0.0021867,0.013024,0.015918,0.25512000918388367,0.0004676281532738,0.0004484865639824
P40792_Q9VIP1,0.0022603,0.013063,0.016911,0.22622740268707275,0.0003465744666755,0.0004898099577985
Q9V3G9_Q9W2K0,0.0022198,0.012924,0.015967,0.08398442715406418,0.5586293339729309,0.0120592778548598
Q9VEX9_A1Z9I6,0.0021859,0.013027,0.015924,0.16731573641300201,0.062505654990673,0.0150662437081336
A1Z9I6_P35128,0.0056206,0.019385,0.016246,0.1736147701740265,0.0591987110674381,0.0033499617129564
P22809_Q9VBY7,0.0022984,0.012956,0.015969,0.1444379985332489,0.005675658583641,0.9870434403419496
P18289_Q9VWD9,0.002313,0.012992,0.015964,0.2298680543899536,0.0003384303417988,0.4703909158706665
P18489_Q8MUJ1,0.002342,0.012963,0.023692,0.0698133334517479,0.0003573763533495,0.0009383712895214
Q9VX36_Q9W501,0.0021803,0.013434,0.015917,0.15068243443965912,0.0002845157578121,0.003583823563531
Q9VEV9_Q7KM15,0.0022227,0.012947,0.015918,0.03998063877224922,0.0006303143454715,0.1901175826787948
Q9W0Q5_A1Z9I5,0.0024397,0.012948,0.016019,0.5849876999855042,0.0038231557700783,0.0003622068907134
P09052_Q7JNL9,0.0024369,0.013008,0.016124,0.034446537494659424,0.9983183145523072,0.0007080777431838
Q95TS5_A0A0B4KEP9,0.0021733,0.012956,0.015936,0.062358953058719635,0.0002908224705606,0.4967541694641113
C0HL67_Q9W3E1,0.0022228,0.013018,0.017792,0.0232243612408638,0.0032470235601067,0.0010515197645872
Q9VN77_Q9VJC7,0.0021729,0.013048,0.015924,0.22860701382160187,0.0029207377228885,0.0074861557222902
Q9VBH8_Q9VPY0,0.0021803,0.012918,0.015976,0.013499812223017216,0.0004163057310506,0.0012997747398912
Q9VI60_Q9W074,0.0021835,0.013173,0.015988,0.10995654761791229,0.0028564701788127,0.00020989269251
P08044_Q9VX37,0.24101,0.01297,0.0167,0.06577315926551819,0.0036470072809606,0.0037200842052698
Q9VVB6_P51140,0.0088635,0.01295,0.015981,0.021000688895583153,0.0007626764709129,0.0045657041482627
P04359_Q9VEX5,0.0021785,0.012907,0.015887,0.14765220880508423,0.0009933293331414,0.0010959785431623
P13582_Q9W074,0.0022187,0.013077,0.015939,0.04035711660981178,0.000363244122127,0.0001956288033397
Q24133_Q9VG38,0.0021771,0.012947,0.015942,0.48633873462677,0.000565868394915,0.0005473154596984
A1ZBY3_P42287,0.0022894,0.15841,0.059311,0.08492095023393631,0.0018527409993112,0.0542512722313404
Q9VR65_P11147,0.002181,0.012948,0.027344,0.048511430621147156,0.0989432483911514,0.0005599855212494
Q9VTC4_Q7JYH3,0.002215,0.012958,0.015903,0.3943927586078644,0.0005820289370603,0.068068578839302
Q9VV73_P18929,0.0022555,0.012937,0.015855,0.18872514367103577,0.0054806126281619,0.7106833457946777
Q01083_Q9VJY9,0.0021974,0.012989,0.015904,0.49097198247909546,0.0015807208837941,0.1853496879339218
P23647_Q9VY87,0.0021928,0.013832,0.01592,0.3779643476009369,0.9324508905410768,0.1434060335159301
P29310_Q9Y0S9,0.0021875,0.01313,0.017295,0.04069710150361061,0.1829359531402588,0.3499805927276611
P83949_Q9VST2,0.0045791,0.013005,0.015958,0.04083094373345375,0.0093984035775065,0.2528486251831054
Q9VYX1_Q94527,0.0021865,0.012949,0.015903,0.008285949937999249,0.0446228571236133,0.0887662023305893
P92208_Q01070,0.0024364,0.013066,0.01643,0.0567762590944767,0.0039495369419455,0.000774557585828
Q9VTE5_Q95028,0.0021961,0.013039,0.015918,0.1860417127609253,0.0003229530411772,0.0001816063886508
Q8IRY7_Q9VRY0,0.0021704,0.013003,0.01592,0.17007039487361908,0.0053277560509741,0.0027405130676925
Q9VVB6_Q9VIH1,0.0021885,0.012952,0.015919,0.06707664579153061,0.0007547992863692,0.000771750928834
Q01083_Q9VTW6,0.0021872,0.013125,0.015872,0.068723663687706,0.0002725329250097,0.0106333456933498
P18289_Q9VBI0,0.002204,0.012964,0.015935,0.04460052400827408,0.0003096253494732,0.0044166166335344
P13677_Q24547,0.0022291,0.012991,0.016433,0.02728160098195076,0.0075735165737569,0.0080856643617153
Q8SYK5_O76922,0.0021953,0.012935,0.016006,0.1961982399225235,0.0017069245222955,0.0132762305438518
Q7KRU8_Q9VVL6,0.0021901,0.012978,0.015896,0.45559805631637573,0.0008925641304813,0.0005076825036667
Q9VZU1_Q9VES8,0.00218,0.01292,0.01592,0.05114059895277023,0.000480184884509,0.0030047730542719
P51140_P83949,0.0033603,0.012978,0.016154,0.003919392824172974,0.0046150209382176,0.0095339640974998
Q24570_Q9VVP8,0.0023549,0.012967,0.015948,0.03408936411142349,0.0066226511262357,0.0008340501226484
P23128_P81909,0.0021855,0.012935,0.01591,0.10128562152385712,0.0002606691268738,0.0126690538600087
B3DML8_Q9VY87,0.0022309,0.012975,0.017837,0.01568019948899746,0.0018893193919211,0.9807212352752686
Q9VWA6_Q9NJG9,0.0034219,0.013034,0.016097,0.07295910269021988,0.0069072032347321,0.0002166301565011
O16130_Q24139,0.0022135,0.01294,0.015891,0.0015484160976484418,0.0005879426607862,0.0016049799742177
Q95RA8_Q7JZC9,0.0022566,0.012944,0.01593,0.008138473145663738,0.0004473640001378,0.0006981745245866
Q9VNE1_Q9W5B3,0.0022661,0.012967,0.01593,0.007702437695115805,0.0105085093528032,0.0242063552141189
Q8INB9_A8DYC4,0.0021869,0.01295,0.015951,0.25575554370880127,0.0008315808954648,0.0014318506000563
Q9W0Q5_P55828,0.0021783,0.012941,0.015892,0.03761657327413559,0.001859683310613,0.0030826060101389
Q8T414_P22812,0.004622,0.012933,0.015941,0.008002073504030704,0.0023248153738677,0.0218150895088911
Q9VFE4_A1Z9E2,0.0022072,0.012993,0.015916,0.03940282016992569,0.0010355534031987,0.0002092412905767
Q9U6B8_Q9VQS4,0.0028104,0.013108,0.015939,0.0014353393344208598,0.0028383487369865,0.5497907996177673
P48462_Q7KM04,0.0040061,0.013229,0.022749,0.14813284575939178,0.021267645061016,0.0027784903068095
O61602_P18931,0.0021755,0.012972,0.015898,0.4606208801269531,0.0002621048188302,0.0221569575369358
Q24564_Q08605,0.0022451,0.012992,0.016024,0.15707707405090332,0.0018193811411038,0.0003243523533456
Q9VI00_Q9VZV5,0.0022064,0.012992,0.016039,0.1892661601305008,0.0033785898704081,0.0002135922404704
Q24570_Q27884,0.002252,0.013056,0.01594,0.15622226893901825,0.0022702061105519,0.0046451869420707
P23757_M9PBY4,0.0021887,0.012928,0.015907,0.06747196614742279,0.0041541918180882,0.0028846431523561
P55035_Q24560,0.0021801,0.013108,0.016638,0.08459337055683136,0.00466870656237,0.1102307438850402
Q9V3L7_Q95RR8,0.0022325,0.013149,0.015928,0.377529114484787,0.0013467245735228,0.0006418799748644
Q9VGC7_P98149,0.0022897,0.012925,0.016038,0.21773715317249298,0.0007283418090082,0.0003265207342337
P04359_Q9W0B3,0.0021774,0.012918,0.015881,0.18988941609859467,0.0006161485798656,0.000486290839035
Q7JVK6_Q9U6B8,0.0022386,0.012935,0.01589,0.313498318195343,0.0003065875207539,0.1157532706856727
P84040_Q95028,0.0021974,0.013109,0.016031,0.009979409165680408,0.0002385596744716,0.2591008841991424
P06603_Q9VLT7,0.0021888,0.012975,0.016044,0.47863462567329407,0.0022396382410079,0.0004320979642216
Q7K3V6_A1Z9I5,0.0021986,0.012963,0.015957,0.07180048525333405,0.00029032578459,0.9871681928634644
Q9VIE6_Q9VM64,0.0028327,0.012957,0.01591,0.10071627050638199,0.0013482568319886,0.0013833669945597
Q9V3B4_Q95U62,0.0021789,0.012921,0.015905,0.21850928664207458,0.0007657212554477,0.0024907591287046
Q9VA83_Q9VHM5,0.0021913,0.012964,0.015893,0.03803301602602005,0.0005241262842901,0.0159060787409544
Q9VUR3_Q8SXU3,0.0021781,0.012941,0.015897,0.052116647362709045,0.0008573184604756,0.0033353629987686
P40791_Q7KM04,0.0063661,0.01302,0.016516,0.1239471435546875,0.0071002128534018,0.0025114775635302
Q24168_M9PGR0,0.0026669,0.012952,0.017419,0.15540499985218048,0.0006778906099498,0.0205797776579856
Q9VQI4_Q9VGY3,0.0022118,0.012913,0.015901,0.0808718279004097,0.0117746517062187,0.0002150490472558
Q8IN63_A1Z6E0,0.0021851,0.012967,0.015897,0.006116070318967104,0.0159217827022075,0.0023577946703881
Q6NMT8_P47948,0.00219,0.013109,0.015895,0.08368443697690964,0.0137074058875441,0.0033290870487689
A8JR10_P41042,0.00225,0.012944,0.015912,0.009612765163183212,0.0008720430196262,0.0013572636526077
Q9W5R8_Q9V535,0.0022602,0.012956,0.015949,0.14828744530677795,0.0056582419201731,0.0394770950078964
Q9VTM2_Q9VKF0,0.0022011,0.012956,0.015969,0.5094958543777466,0.0002932604111265,0.0004047779075335
Q01069_O97418,0.0022045,0.012982,0.015942,0.05019321292638779,0.000408307329053,0.7618793249130249
P07909_Q9VJM1,0.0022509,0.012948,0.015869,0.6328686475753784,0.0012029381468892,0.0099525498226284
O96863_Q9VE52,0.0021866,0.012924,0.015911,0.023658815771341324,0.0011521379929035,0.0007087316480465
Q9W029_P08646,0.0022563,0.013199,0.016031,0.027380436658859253,0.0008541794959455,0.0029827270191162
Q9VVU2_Q9VNB5,0.0022189,0.012918,0.015879,0.03496474400162697,0.0002113923837896,0.9541898369789124
Q02637_Q8INQ9,0.0025155,0.013067,0.015878,0.03826480731368065,0.0070110619999468,0.2870217859745025
Q9V3Y8_Q9W3Z4,0.011755,0.013621,0.016033,0.25734132528305054,0.0289801266044378,0.0402064174413681
Q9W4B3_Q24472,0.002334,0.012949,0.015923,0.22198225557804108,0.3902742564678192,0.0140066482126712
A1A6X4_Q9VGW6,0.0021823,0.013262,0.016642,0.1861412227153778,0.0003995311853941,0.0024566510692238
Q0KHZ6_A0A0B4LHU7,0.0021678,0.012932,0.015902,0.03265796974301338,0.0003421501896809,0.0002751198480837
Q9W1A3_Q9VQS4,0.0022978,0.013044,0.017427,0.0445675253868103,0.0011575652752071,0.0076073487289249
P29829_P17133,0.0021914,0.012979,0.016173,0.054810501635074615,0.0239951238036155,0.1063699647784233
Q8IHA6_Q9W0A8,0.0021773,0.013137,0.016299,0.24465470016002655,0.0042101647704839,0.4929845929145813
A1Z8I0_Q9VFL4,0.0021837,0.012935,0.015873,0.11442594230175018,0.0004035961756017,0.0005130636855028
P83949_Q9VTW6,0.0026215,0.013007,0.015881,0.010940995998680592,0.0003172104479745,0.6010183691978455
Q9VZF2_P54367,0.0021973,0.012971,0.015935,0.017044661566615105,0.001187267480418,0.0748061761260032
Q7K4B4_Q9VBH8,0.0021816,0.012937,0.016159,0.22641576826572418,0.0016917564207687,0.9137059450149536
Q7JXA8_P54611,0.0021745,0.012939,0.015879,0.04487947002053261,0.0026239880826324,0.9382490515708924
P48612_Q9VTU2,0.0022491,0.013084,0.015914,0.2817513346672058,0.0002427979197818,0.1752462089061737
Q9VU85_P25867,0.002172,0.012973,0.015883,0.008284825831651688,0.0007567846914753,0.0063079926185309
Q24306_Q24475,0.0021955,0.012994,0.015897,0.24445830285549164,0.0022900900803506,0.0008059138781391
Q8IRY7_Q9VJD2,0.0021731,0.012924,0.015874,0.13050535321235657,0.0031590764410793,0.0019564116373658
Q8IRI5_Q9VRK9,0.0023525,0.013208,0.015984,0.22835847735404968,0.0008625900954939,0.0068166553974151
Q9VVR2_Q9W402,0.0021967,0.012935,0.015882,0.47151094675064087,0.0006420237477868,0.990559458732605
B7YZF0_Q24562,0.0022469,0.012974,0.025598,0.02388782799243927,0.0006366549059748,0.9799955487251282
Q9VEQ1_Q9VQA6,0.0021899,0.013164,0.015904,0.22607943415641785,0.0013866870431229,0.9820828437805176
Q9XZ56_P20227,0.0022697,0.012943,0.015924,0.12138204276561737,0.0066577801480889,0.7229206562042236
Q9W3X7_Q9VJ83,0.0025889,0.014995,0.12698,0.09286484867334366,0.0007424809155054,0.0038974538911134
P84040_Q7KMS3,0.0023384,0.012972,0.016545,0.039366867393255234,0.0004203926073387,0.0008212926331907
Q9V3H2_P23647,0.0022605,0.013126,0.016176,0.5062242150306702,0.0111573534086346,0.000271241471637
Q9VWE8_Q9W418,0.003025,0.014306,0.016293,0.14319775998592377,0.0007744351169094,0.0022375187836587
D2NUE8_Q9W5N2,0.0021986,0.012915,0.015945,0.19152311980724335,0.000586639274843,0.9552488923072816
Q9VDG2_Q0E9B7,0.015393,0.012978,0.016425,0.20230461657047272,0.004745278507471,0.0035199327394366
P48607_Q7KSD8,0.0022094,0.012936,0.015941,0.02529309131205082,0.0002657076402101,0.001500618411228
Q8IQ53_E1JJI1,0.0021819,0.012954,0.015904,0.04084319993853569,0.0021998966112732,0.9776650667190552
Q8T0G4_P49906,0.0022436,0.012919,0.016198,0.18766486644744873,0.0011866112472489,0.005214013159275
P02299_P45975,0.0022164,0.012956,0.017276,0.02560286596417427,0.0060717207379639,0.0100256036967039
Q9VEG5_O46034,0.0022393,0.01338,0.016026,0.15594184398651123,0.00636499049142,0.0172941777855157
D8FT20_Q9I7P3,0.0021686,0.012954,0.015904,0.012375004589557648,0.0005643051117658,0.0037020542658865
Q9VVT5_P29503,0.0022686,0.013035,0.015896,0.2584938406944275,0.0135618736967444,0.0041183987632393
Q8IQ53_Q9VZF5,0.0021735,0.013139,0.015899,0.5537341237068176,0.0003366777673363,0.9937149882316588
Q9V3I9_Q8IRI5,0.0022201,0.012932,0.015949,0.4838530719280243,0.0004153704212512,0.0002622163156047
Q7KRW1_Q9XZ58,0.0021792,0.012949,0.015888,0.21247375011444092,0.001030477695167,0.0543389096856117
P35220_Q9VT57,0.0021751,0.01296,0.016406,0.03424955904483795,0.0127852642908692,0.0738273337483406
Q9W3E1_Q86BB4,0.002332,0.013453,0.015875,0.06130005046725273,0.0034960035700351,0.0345903187990188
M9PHL2_Q9VS59,0.0058696,0.012957,0.015919,0.12351876497268677,0.005265814717859,0.0239860564470291
Q9VGR1_Q9VRT7,0.0021818,0.013374,0.015867,0.010343668051064014,0.0010706719476729,0.0102263623848557
Q9VSG1_Q9XZ56,0.0022236,0.013082,0.01596,0.21197712421417236,0.0049471594393253,0.1418465226888656
Q9VIH1_Q8INB9,0.0022021,0.012976,0.015992,0.1928883045911789,0.0007180978427641,0.0006658101920038
P15330_Q03017,0.0061563,0.013152,0.016509,0.03383197635412216,0.9939032196998596,0.0073168636299669
Q9VTU2_Q9V4S8,0.0022307,0.013007,0.015934,0.1968798041343689,0.0004835392464883,0.0018716010963544
Q9W482_Q9VB22,0.0022621,0.013552,0.016103,0.051953889429569244,0.0868987217545509,0.0001989170414162
M9PGR0_P52486,0.0021916,0.012974,0.015883,0.043754201382398605,0.0036557263229042,0.0005967686302028
Q9VN77_P20240,0.0021752,0.013153,0.015992,0.09741368144750595,0.000991613138467,0.0019311135401949
Q9VSG1_Q9W1E5,0.0021698,0.01291,0.015931,0.08376661688089371,0.0003001297882292,0.9644643664360046
O96881_Q9VP65,0.0021906,0.01292,0.015933,0.26079535484313965,0.0009633826557546,0.0014696430880576
O16810_Q9Y1B2,0.0021825,0.012919,0.015903,0.2161906212568283,0.0131742320954799,0.0010884527582675
Q9VY87_A0A0B4JCT9,0.0021877,0.013018,0.015955,0.3011239171028137,0.0028159623034298,0.0112050790339708
M9PHN7_E1NZB4,0.0024207,0.012955,0.015941,0.09174036979675293,0.0005244888598099,0.0019600200466811
Q9V464_Q9VKW8,0.0021835,0.013368,0.015921,0.11559684574604034,0.0018715861951932,0.1222937256097793
Q9VU83_Q9VTB4,0.0021807,0.012968,0.015891,0.10401672124862671,0.0010483782971277,0.0032400463242083
P42325_P40688,0.0021745,0.013097,0.015922,0.42661866545677185,0.0208774171769619,0.000244644616032
Q9VP65_Q7KY08,0.0022165,0.012931,0.015953,0.48107463121414185,0.0002344995300518,0.0001993111654883
A1Z8I0_Q9W0E9,0.002186,0.012938,0.015894,0.19160041213035583,0.0003712259931489,0.0182028580456972
Q7JWS8_Q9VR35,0.0023864,0.013007,0.016002,0.16019436717033386,0.0005056770169176,0.9712374806404114
Q9V9W3_Q9VGS2,0.0021854,0.012933,0.015976,0.21605581045150757,0.0008463063277304,0.0010945606045424
Q9VHN1_Q94545,0.002182,0.012938,0.015914,0.05071910470724106,0.9954943656921388,0.0016226479783654
P29503_Q9V3S6,0.0022419,0.012977,0.01593,0.03475964441895485,0.9978387951850892,0.0004080843646079
P54359_Q9VT31,0.0092351,0.018801,0.015947,0.007636852562427521,0.0018868030747398,0.0010469336993992
Q9VN77_Q9XZ68,0.0023334,0.013459,0.60101,0.2627410888671875,0.0038817836903035,0.006286627613008
Q9V637_Q9V7W9,0.013493,0.012927,0.016011,0.15254922211170197,0.0269152373075485,0.0007397850858978
P18930_Q9VVT5,0.0022452,0.012991,0.015885,0.02179449051618576,0.0002632890245877,0.5567777752876282
Q9VF73_P29673,0.12557,0.013066,0.016156,0.015844663605093956,0.9964905381202698,0.0491483137011528
Q24154_Q94511,0.0022274,0.012976,0.015916,0.42300257086753845,0.0002235382562503,0.0017253739060834
E1JJI1_Q9VY87,0.0021907,0.012952,0.015938,0.03207416832447052,0.0003991004778072,0.6541878581047058
P62152_Q9VJE4,0.0022014,0.013104,0.015913,0.26816532015800476,0.0002160863805329,0.0025922490749508
Q7K4Z4_Q9NFZ3,0.0022148,0.012926,0.015908,0.04137950390577316,0.0028423040639609,0.0003007562481798
P11147_B3DML8,0.0021802,0.012987,0.015902,0.07577818632125854,0.0120607987046241,0.0005480340332724
A1ZAS3_P48598,0.0021826,0.013254,0.016003,0.07711967825889587,0.0010798377916216,0.0021392605267465
Q8IMX1_Q03334,0.0021936,0.012927,0.015883,0.0211037565022707,0.000707677041646,0.9797289967536926
Q24133_Q24040,0.0021896,0.01297,0.01593,0.1222386360168457,0.0006773946224711,0.0003231273440178
Q9VQS4_P30052,0.0036098,0.013016,0.015999,0.10792283713817596,0.0389993600547313,0.4654305279254913
Q9VP65_Q9VSM9,0.0021989,0.012938,0.015911,0.04714856296777725,0.0018710588337853,0.0218530502170324
Q7JWS8_Q27415,0.0021799,0.013093,0.01597,0.32496723532676697,0.0003164534864481,0.0426504723727703
Q960Q9_P48607,0.0022257,0.012962,0.016025,0.1147615909576416,0.0005961674614809,0.4972753822803497
Q24117_Q24133,0.002203,0.013137,0.015899,0.24846309423446655,0.0004656760720536,0.0018793422495946
Q27415_Q9W3R7,0.0021659,0.012939,0.015924,0.019467823207378387,0.0004965390544384,0.0009667777339927
P20350_P42287,0.0022604,0.014744,0.016076,0.03564390912652016,0.0016876992303878,0.0039566005580127
Q8IPW2_Q9VIY3,0.0021802,0.012955,0.015894,0.0040505253709852695,0.0031767527107149,0.3732412755489349
Q9VBU9_Q7JXA8,0.0021972,0.012951,0.01593,0.22529134154319763,0.0044278101995587,0.0826967507600784
Q9VAF3_Q9VS55,0.0022184,0.012952,0.055318,0.01320706494152546,0.2257739305496215,0.0055905589833855
Q9VF27_P91664,0.0021917,0.012969,0.015921,0.03097570687532425,0.0002192218380514,0.7287461757659912
P48612_Q9VDH8,0.0022024,0.013026,0.015956,0.03125280514359474,0.0012691306183114,0.0166913866996765
Q9VJD4_Q7JVI3,0.0021781,0.013865,0.015914,0.34547606110572815,0.0173746235668659,0.0026065958663821
Q01068_Q95028,0.0021795,0.013078,0.015902,0.28718289732933044,0.0004190939944237,0.0013151266612112
Q9W3Z4_R9PY49,0.8044,0.79688,0.015964,0.16060590744018555,0.0430125184357166,0.0002740514755714
P52304_Q9VJI9,0.002217,0.012959,0.016036,0.06373421102762222,0.0004653758660424,0.0031254291534423
P49630_P05205,0.0021874,0.012936,0.016053,0.21786494553089142,0.0044127772562205,0.0054371934384107
Q03017_Q94527,0.0097874,0.014822,0.021722,0.0325157567858696,0.9970677495002748,0.0007183853304013
Q9VGY3_P25843,0.0022077,0.01292,0.015883,0.3745654821395874,0.023699602112174,0.0011820220388472
Q9VYX4_O97183,0.0022066,0.012945,0.015903,0.10816972702741623,0.0006422630394808,0.0002935734519269
P08044_Q9VTU2,0.0021973,0.013109,0.015928,0.043400589376688004,0.0005372285377234,0.0419736914336681
Q9VPK4_Q9Y106,0.002181,0.012927,0.016052,0.3148615062236786,0.001336830551736,0.0002163616009056
Q9W148_Q7KUL3,0.0029591,0.013006,0.015992,0.16019919514656067,0.0045369798317551,0.9908936023712158
P02836_Q24297,0.0022265,0.013053,0.015885,0.08672266453504562,0.0009548813686706,0.0002260094479424
Q9VMR2_Q01083,0.0022194,0.013272,0.015935,0.20444384217262268,0.0048596998676657,0.0016168771544471
P08181_P13098,0.0021996,0.013024,0.016465,0.19249136745929718,0.0021103152539581,0.0013188732555136
Q9VZU2_Q9VHB7,0.0021745,0.013132,0.015921,0.2373649924993515,0.0011828712886199,0.0008182922028936
P08970_Q9U5W9,0.0021807,0.01296,0.015948,0.06880860030651093,0.9911025762557985,0.2059234529733657
Q95RR8_Q9W102,0.0022058,0.01312,0.016209,0.2017565667629242,0.0006757729570381,0.1796844154596328
X2J6Q6_Q9VV44,0.0022069,0.013366,0.015975,0.10863026231527328,0.0012535767164081,0.0007521004299633
P06002_P0CG69,0.002538,0.013203,0.016053,0.09795033931732178,0.0045055323280394,0.0006701336242258
Q9VK46_Q7PLK0,0.0022054,0.012954,0.016045,0.06486060470342636,0.0004606673610396,0.9822933077812196
Q9W2A5_Q9VVH8,0.0022879,0.01298,0.016103,0.051428839564323425,0.0028284704312682,0.0017802895745262
Q9VTW3_Q9XZH6,0.002212,0.01299,0.015903,0.03396203741431236,0.000805705494713,0.0024872466456145
Q9W074_A0A0B4KFZ9,0.0022278,0.013157,0.0762,0.4284535348415375,0.0012691153679043,0.0129569508135318
P39018_P18930,0.0026659,0.012945,0.015874,0.01695895381271839,0.0002528179320506,0.9656636118888856
P52168_Q95TJ9,0.1395,0.013223,0.016083,0.0038706520572304726,0.0596561059355735,0.0069768819957971
Q01083_O18333,0.0021974,0.013736,0.015918,0.06863624602556229,0.000580157211516,0.0002054883225355
P47825_P18491,0.24179,0.013014,0.016814,0.22531303763389587,0.0032322525512427,0.0027968864887952
A1ZAW5_O76878,0.0022749,0.012957,0.17244,0.20962518453598022,0.0013771867379546,0.0402334854006767
P31007_Q9VQD8,0.0021997,0.012931,0.015932,0.39029982686042786,0.0033527282066643,0.0002295456652063
Q26454_Q8I7C3,0.90924,0.013004,0.019494,0.27516835927963257,0.0006593267899006,0.0015825936570763
P20240_Q9VS38,0.018749,0.01299,0.016053,0.06416772305965424,0.0008485588477924,0.0106940250843763
Q27368_A1ZBY3,0.002182,0.013001,0.015948,0.011541496962308884,0.0054825940169394,0.0097765987738966
P09180_Q9VPE2,0.0021907,0.012967,0.016726,0.2718808650970459,0.0039394558407366,0.5175827741622925
Q9VVJ6_Q9V3E9,0.002198,0.013155,0.015887,0.07970400154590607,0.0011208225041627,0.0418812148272991
P22711_Q7JWD6,0.0021783,0.012979,0.016019,0.28492027521133423,0.0044169123284518,0.0012720397207885
Q9VUY2_B7YZE6,0.0022442,0.013,0.019523,0.07006369531154633,0.0016734462697058,0.0002298211620654
P23647_M9PHL2,0.73195,0.013007,0.016934,0.013446396216750145,0.9982439279556274,0.0047506573610007
E1JJI1_P23647,0.65678,0.01298,0.016355,0.15130187571048737,0.99818617105484,0.0077398442663252
Q9W125_Q8T414,0.0024582,0.012939,0.015987,0.07151467353105545,0.0094043808057904,0.0088972989469766
Q8IMZ4_D2NUE8,0.069522,0.012936,0.017693,0.38553139567375183,0.0010705332970246,0.0101676611229777
Q9VF77_Q9VWA6,0.0035851,0.013327,0.015898,0.1958703249692917,0.0015222815563902,0.000660347752273
O16867_Q7KRY6,0.1935,0.013017,0.01673,0.011243055574595928,0.0170402768999338,0.0036706998944282
P46150_Q966T5,0.0021864,0.01301,0.015905,0.041374966502189636,0.0141528323292732,0.0051469844765961
P45975_D2NUE8,0.0022233,0.012936,0.016074,0.05207226052880287,0.0005451784236356,0.0088082272559404
Q7KA43_Q9VPD2,0.0022311,0.013045,0.17896,0.49154940247535706,0.0002105081803165,0.0166003536432981
Q9VHB6_Q9Y0S9,0.0021854,0.012937,0.015905,0.03378649428486824,0.0006838479894213,0.0235543921589851
Q9VGY3_Q7KTL5,0.0021956,0.012926,0.015889,0.09287097305059433,0.0317443944513797,0.0001112269601435
Q7JNL9_Q9VJM2,0.027164,0.012927,0.016335,0.02067992091178894,0.0076307728886604,0.0134242372587323
Q9VMJ4_Q9VXP1,0.0027877,0.014057,0.015963,0.0010457838652655482,0.0037074729334563,0.0048859482631087
Q9VS01_Q9VR35,0.0021872,0.012925,0.015882,0.17895148694515228,0.0008426322601735,0.0112957982346415
Q9VJQ5_P04197,0.002226,0.013135,0.015956,0.1120634600520134,0.9975417852401732,0.000466905941721
Q09024_Q94527,0.0021916,0.013084,0.015995,0.022051403298974037,0.0044945953413844,0.0007604651618748
C6SV45_Q7JYH3,0.0022451,0.012951,0.015887,0.023011445999145508,0.0003033132816199,0.0012713911710307
P20153_M9PHI7,0.0021847,0.013,0.015895,0.14573289453983307,0.0009057900169864,0.0026154548395425
P06603_P11346,0.0021937,0.013381,0.017917,0.29831334948539734,0.0026448220014572,0.0155205065384507
Q9VGC7_P09774,0.0022489,0.012945,0.015993,0.005475917831063271,0.0006235270993784,0.016086496412754
P55035_Q05201,0.034064,0.012978,0.01609,0.0066800848580896854,0.0027928517665714,0.0026028091087937
Q9W237_Q9VRY0,0.0021945,0.012963,0.015908,0.05720897763967514,0.0002930427144747,0.0002554631792008
P11346_Q9VLT7,0.002195,0.012939,0.016261,0.06285647302865982,0.0008717344026081,0.0013762704329565
Q9VJD2_Q7K738,0.0021755,0.013037,0.015879,0.06889946758747101,0.0002210139355156,0.00033789180452
Q9VHG6_Q9VSJ8,0.0072225,0.013253,0.015894,0.13519270718097687,0.0091877793893218,0.0008344467496499
P49071_Q94517,0.002545,0.014537,0.020468,0.09386873245239258,0.0007063853554427,0.0025197002105414
Q9V637_P56544,0.0021961,0.012947,0.016,0.14188945293426514,0.000344692292856,0.0013893486466258
O46308_Q9VEX5,0.002196,0.012963,0.017031,0.16491229832172394,0.0003629301791079,0.0002462502161506
P83949_Q06453,0.44338,0.013527,0.016542,0.0029006260447204113,0.0268818829208612,0.0005174662801437
Q9VEX5_P48609,0.0022251,0.012988,0.018316,0.08658195286989212,0.2287824302911758,0.0282431934028863
A1ZAC4_Q9VZL5,0.002183,0.012929,0.016013,0.03419004753232002,0.0009213195298798,0.0005181688466109
A0A0B4KEP9_P19889,0.0022073,0.012952,0.015935,0.14392194151878357,0.0009628609986975,0.0004102810344193
P91641_P35128,0.002178,0.013319,0.015895,0.1833164095878601,0.000472290237667,0.0502945221960544
P20009_P43332,0.0023674,0.013115,0.016161,0.12612178921699524,0.0279251355677843,0.0029880988877266
Q9VLT7_Q9VKD6,0.0021914,0.012919,0.015904,0.3873678743839264,0.0007689755875617,0.0223764404654502
P35220_Q9VRX1,0.002238,0.01313,0.016249,0.12244824320077896,0.0034710236359387,0.0051579293794929
Q9VBY2_O46037,0.0021723,0.01292,0.015888,0.2319730669260025,0.0002257542364532,0.000347933062585
Q8IHA6_B6VQA0,0.0026024,0.012926,0.016826,0.09326855093240738,0.1345096379518509,0.0028177625499665
Q27889_P16568,0.0023918,0.013065,0.01597,0.06865540891885757,0.0223100446164608,0.0017679929733276
A1Z9E2_Q9W542,0.071724,0.012959,0.016485,0.27918195724487305,0.0025575612671673,0.9784606099128724
Q9VLU0_Q9VVL6,0.0021757,0.012952,0.015889,0.07252435386180878,0.0006554741994477,0.0009237930644303
Q9VX37_Q9VAF3,0.0023431,0.012942,0.028809,0.007049818988889456,0.0037954924628138,0.0180686153471469
A1Z6E0_Q9V9Y9,0.0021954,0.012953,0.015898,0.42723456025123596,0.0659475475549697,0.0004096432239748
Q7KMG7_Q9VTT2,0.0021844,0.01295,0.01711,0.2469162493944168,0.0071486514061689,0.0002770959981717
P31007_Q9VT57,0.0060336,0.012996,0.023499,0.4169657528400421,0.0222633238881826,0.000214773841435
Q7KA43_Q0E9B7,0.0022056,0.013058,0.01585,0.17038673162460327,0.0020800044294446,0.0005815969780087
Q9W499_Q6IDF5,0.0022975,0.01294,0.016014,0.04376300051808357,0.001910742255859,0.0020801913924515
Q7JWS8_Q7K2G1,0.016311,0.018468,0.016494,0.0850178450345993,0.0169296376407146,0.0120936892926692
Q9NJG9_P10627,0.039968,0.012961,0.016495,0.033965762704610825,0.0041158902458846,0.0014152040239423
Q9VQS4_P39018,0.0021786,0.012949,0.01589,0.00694319000467658,0.0105650089681148,0.0004295084800105
P22812_P08645,0.002456,0.013467,0.016207,0.06597428023815155,0.0175761003047227,0.001975379185751
Q7KY08_Q9VFP2,0.002194,0.012967,0.015988,0.051342617720365524,0.0012258610222488,0.0107823498547077
O61722_Q9W3H5,0.0023453,0.012932,0.015892,0.014551009051501751,0.0016012708656489,0.0007378738373517
Q59DX6_P09077,0.0021949,0.013498,0.015921,0.024215128272771835,0.0018543634796515,0.0003071664832532
Q9VMJ4_Q9VEX5,0.0093831,0.012988,0.016014,0.2480781525373459,0.0022766243200749,0.986257016658783
P10084_P13097,0.61387,0.013589,0.057765,0.5287069082260132,0.0835748314857482,0.0007242912543006
P35220_P05205,0.0021745,0.012952,0.015957,0.14220333099365234,0.0057585779577493,0.0029206473845988
B6VQA0_P26270,0.0021772,0.012964,0.017667,0.06560534983873367,0.0005132351652719,0.0011626047780737
M9PF96_Q9W2H9,0.0021858,0.012996,0.015953,0.08794072270393372,0.0015291156014427,0.0021823600400239
P15357_Q26366,0.0023704,0.012971,0.015911,0.0034499953035265207,0.0003786951128859,0.0004143433470744
P40791_Q9VVW2,0.0051369,0.013038,0.015967,0.0901281088590622,0.0015077241696417,0.001093469443731
O76908_Q9W501,0.0022177,0.013432,0.015952,0.13710957765579224,0.0011978129623457,0.0006626134272664
Q9W0A8_Q7K148,0.0021772,0.012949,0.015934,0.028644029051065445,0.0002895073266699,0.0230176821351051
Q9W0I7_Q9VI13,0.0021707,0.012957,0.015907,0.0856955423951149,0.0002396091731498,0.0433173887431621
Q9U1H9_Q05825,0.0022014,0.013031,0.015927,0.1251859813928604,0.0002942481951322,0.0005490757757797
Q9VE52_Q9VFE9,0.0021816,0.013015,0.015948,0.08468618988990784,0.000283113826299,0.0009447019547224
Q9VAH9_Q9VEX5,0.0021738,0.012952,0.015918,0.06512674689292908,0.0033848767634481,0.0079502863809466
Q45VV3_A1ZBP6,0.0022351,0.013008,0.015917,0.19048340618610382,0.0038449284620583,0.7574583292007446
Q7KVL6_Q9VWI4,0.0025159,0.013014,0.01603,0.18527546525001526,0.0024200386833399,0.9817876815795898
Q9VVR2_Q9VWD9,0.0022335,0.01308,0.015901,0.03765445575118065,0.0013582366518676,0.0038529301527887
A1Z933_Q9VJZ6,0.002358,0.012965,0.01593,0.01636200025677681,0.0078348256647586,0.001886521349661
Q9V7W9_Q95RV2,0.17215,0.012918,0.016188,0.5002526640892029,0.0045358235947787,0.001536217983812
P29555_P22464,0.0021787,0.012932,0.015881,0.019591867923736572,0.0041951066814363,0.0005077389068901
P50887_Q9V3H2,0.002187,0.012975,0.018292,0.031233685091137886,0.000326075911289,0.0136695718392729
Q9W1A3_P06603,0.0021736,0.01301,0.01617,0.23227880895137787,0.002077910117805,0.0022018882445991
P11346_A1Z9E2,0.0030796,0.013008,0.015985,0.26073530316352844,0.0038239334244281,0.9483347535133362
P49847_Q9VQD7,0.0021732,0.012937,0.015889,0.004721928387880325,0.0020612305961549,0.3054417073726654
Q9VIY3_Q9V464,0.0022397,0.012943,0.015913,0.11889927089214325,0.0544373355805873,0.2167257815599441
P08044_Q8SZX5,0.0025912,0.012966,0.015929,0.0782904252409935,0.0026249375659972,0.0018834907095879
Q9VTM0_P50882,0.002197,0.01301,0.015962,0.2751045525074005,0.0005071402993053,0.000304269924527
Q9VEF0_Q9XZH6,0.002801,0.012941,0.015898,0.025037769228219986,0.0003972676349803,0.3318533897399902
Q9W0B3_Q7KVG9,0.0021822,0.012939,0.015907,0.17787663638591766,0.0090534752234816,0.0005371890729293
P20353_O46308,0.0026708,0.017329,0.050268,0.26482927799224854,0.0037369197234511,0.0031210391316562
P23572_Q9VJC7,0.0022102,0.013075,0.015969,0.20834101736545563,0.0002461406111251,0.0017971290508285
Q9VN50_Q9VVH6,0.0022046,0.012952,0.015879,0.029252715408802032,0.000443031953182,0.1000888645648956
Q7KRU8_Q7JXC4,0.0022956,0.032454,0.088233,0.005270590074360371,0.0011905091814696,0.0060675414279103
Q9U1K1_A8JNK7,0.13059,0.012963,0.016063,0.08537369221448898,0.0018197889439761,0.00439571775496
Q9VY87_Q9VQ91,0.0021959,0.013001,0.015996,0.1999586522579193,0.0003030334773939,0.0017460212111473
P18930_Q9VBY2,0.0023971,0.012953,0.015891,0.149863600730896,0.000599350198172,0.0009127607336267
A1ZBP6_Q9XZT1,0.002215,0.012927,0.015899,0.04209247604012489,0.0004718816198874,0.0023960035759955
Q6NMT8_Q27934,0.076081,0.012929,0.016686,0.18627256155014038,0.004882036242634,0.0003926630597561
P56544_X2J8N3,0.0021789,0.01295,0.015951,0.00819217786192894,0.0004434853326529,0.0007327769999392
P92177_Q8IN63,0.0022569,0.015106,0.1411,0.23260533809661865,0.0786862894892692,0.0411950647830963
Q7KSP5_Q9VRK9,0.0022104,0.013262,0.01619,0.5812601447105408,0.0016209301538765,0.0004973331815563
P05709_C0MJ66,0.0022728,0.013087,0.016334,0.2835885286331177,0.0005049646715633,0.0002762129297479
O97183_O18333,0.0021777,0.012979,0.015935,0.008337174542248249,0.0002125127648469,0.0033455691300332
P06603_Q7KUD5,0.0022017,0.014547,0.015925,0.07515964657068253,0.000433446111856,0.5166493654251099
Q8T414_Q9VGY3,0.0023332,0.01293,0.015926,0.004926777444779873,0.9985697269439696,0.0109776407480239
Q9I7P3_Q9VHK6,0.0021948,0.012953,0.01606,0.14620231091976166,0.0003215456672478,0.002628804417327
A1ZAK9_E1JH43,0.0021715,0.012948,0.015883,0.04265691712498665,0.0014900515088811,0.4407488107681274
Q86B79_P26308,0.0041,0.013284,0.01598,0.44780492782592773,0.0020009551662951,0.0034976417664438
Q9VCR6_Q9VBU9,0.0021985,0.01294,0.01596,0.10470239073038101,0.0052579562179744,0.0092105492949485
P18933_P49071,0.0022738,0.012971,0.015887,0.10703521966934204,0.0002055328077403,0.0025232429616153
Q7KS72_Q0KI69,0.0024123,0.012996,0.016074,0.2979443669319153,0.001993563491851,0.0006490963278338
Q9VQQ9_Q9W4M8,0.0022756,0.012923,0.01595,0.002442380413413048,0.001046119024977,0.0072190198116004
P02844_Q7JVK6,0.0022059,0.012927,0.015883,0.1057475283741951,0.0049810740165412,0.9565192461013794
P46150_O16810,0.0023308,0.013079,0.015995,0.015363328158855438,0.0005023958510719,0.0007784445188008
E1JGN7_Q9VBH7,0.002185,0.012948,0.016004,0.06429673731327057,0.0006245259428396,0.0655006319284439
I0B1P6_P22812,0.12428,0.012938,0.016189,0.018226535990834236,0.0009984908392652,0.801015317440033
P81900_Q962S2,0.0026464,0.013041,0.015928,0.03812405839562416,0.0002565689210314,0.0092330994084477
P31007_P55035,0.0046531,0.01295,0.016011,0.07040753215551376,0.0044881561771035,0.0004740797739941
Q8MUJ1_Q02637,0.0024,0.012976,0.016024,0.13537462055683136,0.0003347604651935,0.0002100444544339
Q9VVR2_P62152,0.0021644,0.013322,0.015878,0.17139510810375214,0.001921726274304,0.0141958622261881
P07247_P26017,0.0026299,0.012986,0.016071,0.020867178216576576,0.9687196016311646,0.9811877608299256
Q9V393_Q8IQ92,0.0024989,0.012934,0.015963,0.34897592663764954,0.0053056958131492,0.0725700706243515
Q03017_Q9VZF2,0.0021819,0.013252,0.016034,0.007497324142605066,0.0027591977268457,0.0022897645831108
Q9XYU0_Q8SZX5,0.002212,0.01296,0.015976,0.07150334119796753,0.0006161670899018,0.0005920369876548
Q9W3N7_O18413,0.0022223,0.012944,0.015902,0.03914850577712059,0.0008403690881095,0.0028258396778255
Q9VEX5_P18931,0.0021643,0.012958,0.015865,0.0336664654314518,0.0008178498246707,0.0005940078990533
Q960Q9_P22979,0.0022015,0.012958,0.015926,0.014337103813886642,0.0026557620149105,0.0019873618148267
Q9VTE5_P05709,0.0022035,0.012973,0.015907,0.041755929589271545,0.0002521917922422,0.0006532842526212
P48555_A1ZBK7,0.0022808,0.013212,0.015915,0.1180666908621788,0.0003625499666668,0.0378217883408069
Q95RR8_Q9VTZ7,0.0021956,0.012959,0.016107,0.5816866755485535,0.0397141948342323,0.002725469879806
P02835_Q24168,0.011447,0.013057,0.017263,0.01682787388563156,0.0005615951959043,0.0021155776921659
Q9VAF2_P48607,0.0022662,0.012929,0.01592,0.14698192477226257,0.0004787415382452,0.0007211299962364
Q9VWA6_P42124,0.0022853,0.013009,0.016447,0.5487924218177795,0.0023564347065985,0.2457089573144912
Q9V3L8_Q9VVB6,0.0026601,0.014003,0.01593,0.09048479050397873,0.0006095498101785,0.0083303963765501
Q7KMS3_Q9VYW6,0.002187,0.012949,0.015882,0.069338858127594,0.0005398818757385,0.8387957811355591
Q9VVR2_Q9VRK9,0.048744,0.013238,0.016,0.03281619772315025,0.0813469961285591,0.0022815295960754
P51140_P18930,0.0023019,0.012986,0.015872,0.010082711465656757,0.0006937673897482,0.9060052037239076
Q7JWS8_P29829,0.0024704,0.082629,0.020457,0.07629982382059097,0.0027220426127314,0.003539360826835
Q7KUL3_Q59DZ4,0.0022115,0.012949,0.015895,0.3427523970603943,0.0012834325898438,0.0493037290871143
A0A0B4K775_Q7KJ69,0.0021928,0.012961,0.015881,0.25044918060302734,0.0016737068071961,0.1815836429595947
Q9VND8_P08645,0.84119,0.26127,0.073878,0.27868232131004333,0.0050441841594874,0.2686024308204651
Q7KN62_P09180,0.0022242,0.012968,0.016406,0.38015061616897583,0.0032641494181007,0.5143030881881714
Q9VAR6_Q8I8V0,0.0021805,0.012966,0.015911,0.15288347005844116,0.0004826576041523,0.0141082126647233
Q9VKI2_Q8SX32,0.0021963,0.01294,0.015989,0.004656555131077766,0.0005374251632019,0.0003660786314867
P16568_Q9VAC8,0.30015,0.33194,0.01602,0.25766751170158386,0.9938190579414368,0.0003919039445463
Q9VB22_Q94535,0.011114,0.013247,0.021691,0.03914080187678337,0.9794571995735168,0.0003674082690849
B6VQA0_P32031,0.0023746,0.012955,0.016103,0.09741353988647461,0.0007104455144144,0.000915438926313
P35220_Q9VVY4,0.0021718,0.012923,0.015921,0.1973780393600464,0.0096182925626635,0.1846690475940704
Q9VVP8_Q9VGR1,0.0027868,0.012989,0.015886,0.3058471083641052,0.9916875958442688,0.01937036216259
Q961D1_B7Z0T5,0.013364,0.012933,0.015935,0.18237066268920898,0.0065879272297024,0.0343744792044162
Q9XZT6_O46339,0.0022467,0.012992,0.01598,0.024113764986395836,0.010939803905785,0.7247009873390198
O46308_P17789,0.0024833,0.012967,0.016408,0.2060198187828064,0.0016142268432304,0.0130726173520088
Q9XYN7_A0A0B4JD33,0.0021685,0.012937,0.015888,0.10611964017152786,0.0006178619223646,0.0313379690051078
Q9W0I6_P10084,0.0021761,0.01294,0.015926,0.4174954891204834,0.0008525151060894,0.0012625193921849
Q9VND8_Q9W2P0,0.0033351,0.013343,0.016103,0.003899950534105301,0.0013335027033463,0.0157330259680748
Q24324_Q9W481,0.0023707,0.013231,0.016153,0.24333132803440094,0.0020670490339398,0.0010874071158468
Q7JYH3_P08181,0.002248,0.012969,0.015898,0.1389727145433426,0.0002948893525172,0.07111606746912
Q9W358_E1JJE8,0.0026762,0.013373,0.015977,0.08045989274978638,0.0023991842754185,0.0062827682122588
Q9VN77_Q45VV3,0.0021879,0.012982,0.01596,0.12905094027519226,0.0010364140616729,0.7534283995628357
Q24087_P43332,0.0021677,0.012923,0.015997,0.030825376510620117,0.0293294321745634,0.0010943552479147
P49847_Q9XZ57,0.043803,0.01308,0.016091,0.13042698800563812,0.0012372890487313,0.0024049114435911
Q8IPC3_Q8T965,0.0021944,0.012925,0.015894,0.40773361921310425,0.0003453155804891,0.0011119276750832
Q27368_A1Z933,0.0021694,0.012919,0.015874,0.23254983127117157,0.9919881820678712,0.0003506419598124
P06002_Q0KHZ6,0.0022289,0.012984,0.015891,0.00979446992278099,0.0002563843154348,0.8264526724815369
B6VQA1_P23792,0.0033579,0.013015,0.016058,0.2155579924583435,0.9967664480209352,0.0003543295897543
Q9VR58_O97102,0.0021703,0.012954,0.015883,0.03421305865049362,0.0207945704460144,0.0052344105206429
Q8T0G4_Q9VJI7,0.0021893,0.012956,0.015921,0.13084037601947784,0.0004532308666966,0.0010614995844662
P26017_P46222,0.0021755,0.01296,0.015984,0.19942361116409302,0.9826418161392212,0.0186448562890291
O46036_Q9Y0I1,0.002195,0.01297,0.015902,0.29801562428474426,0.0004097447672393,0.9341545701026917
Q9VI72_Q9XZ31,0.48502,0.013167,0.016025,0.1913086324930191,0.0989827066659927,0.1239416673779487
Q9VI55_Q8T0S6,0.0021993,0.012986,0.016339,0.7336835265159607,0.0007790589588694,0.001034788088873
Q9VDD1_Q9VT57,0.0021925,0.012983,0.016168,0.13549737632274628,0.0003156032471451,0.0293909627944231
Q24171_P17210,0.15067,0.096127,0.019566,0.0271137747913599,0.0078465472906827,0.0233585536479949
Q7K4N3_Q95RJ9,0.0025698,0.013694,0.017696,0.2819386422634125,0.0226761400699615,0.1052083522081375
Q9VJZ4_Q9W2S2,0.0022161,0.012987,0.015895,0.18442291021347046,0.0003238190547563,0.6437363624572754
Q9VIP1_Q9VF82,0.0021875,0.01295,0.01589,0.019431546330451965,0.0002623641048558,0.0017681175377219
Q9VVT5_Q7K738,0.0021746,0.012995,0.015896,0.03349543362855911,0.0006912462995387,0.0235361494123935
Q24572_Q9W542,0.002509,0.013505,0.037381,0.04724296182394028,0.0643351078033447,0.0099990926682949
Q9VX37_Q94511,0.0021879,0.012953,0.015936,0.00452848756685853,0.0004314451362006,0.0015266183763742
Q9VAH9_Q9VAQ8,0.002216,0.013042,0.016152,0.1966181844472885,0.0003172325086779,0.0025002062320709
Q9VTU2_O61602,0.0022067,0.013016,0.0159,0.16363829374313354,0.0004200347175356,0.0005596775445155
Q9W2E8_Q59DZ4,0.0023094,0.012941,0.015907,0.18954779207706451,0.0009212527656927,0.0007030612905509
Q9VUB8_Q06453,0.0022533,0.01301,0.015914,0.3541679382324219,0.0009540874743834,0.0003811472852248
Q27297_O46339,0.002285,0.01296,0.015906,0.15799793601036072,0.0006144365179352,0.0226190611720085
Q9VLT7_O97420,0.00222,0.012944,0.015864,0.03891297057271004,0.0002828680444508,0.0010189730674028
Q8SYM9_P48462,0.0023646,0.013051,0.016171,0.20214109122753143,0.0003406931355129,0.000412557128584
P91664_Q9VPT8,0.0021909,0.013135,0.015945,0.23417773842811584,0.0007341945893131,0.0574982427060604
P02835_Q8IMX1,0.0021976,0.013006,0.015965,0.08323583751916885,0.0036596674472093,0.0311955269426107
Q9VXP1_Q9W1E5,0.0021802,0.013267,0.015945,0.06801803410053253,0.0006572971469722,0.0671790540218353
P81909_P18289,0.0021989,0.012934,0.015897,0.20112480223178864,0.0002844154369086,0.004552736878395
Q9VFE9_Q59DX6,0.0022272,0.012966,0.015891,0.35733580589294434,0.0002345127431908,0.0003540754842106
Q08605_Q7KRI2,0.0021903,0.012955,0.015941,0.011528252623975277,0.9978331923484802,0.0002325433306396
Q8IRY7_B6VQA1,0.0021739,0.012981,0.0159,0.28380611538887024,0.0786171853542327,0.9460341930389404
Q9VIE6_P25158,0.0028054,0.012963,0.016385,0.03047952800989151,0.0141532905399799,0.0057176761329174
Q9VD72_Q9VEV9,0.0022073,0.012963,0.015898,0.14809457957744598,0.0003452968085184,0.005408045835793
P29844_Q9VUZ1,0.0021864,0.012937,0.015898,0.12581339478492737,0.9985646605491638,0.0013424097560346
E1JHY7_Q9VWA1,0.002196,0.013022,0.017895,0.513878345489502,0.6177690625190735,0.0557007081806659
Q8INQ9_Q9VGW6,0.0021987,0.013045,0.060825,0.03868449479341507,0.0002369176800129,0.0024891425855457
Q9VS36_Q09024,0.0022016,0.012993,0.016063,0.12583127617835999,0.0005654756096191,0.0003177028847858
Q7KN62_P80455,0.0022025,0.012958,0.01597,0.6138185858726501,0.9953951239585876,0.0160741824656724
Q27889_Q06559,0.0022024,0.012969,0.015964,0.06556954979896545,0.0023542260751128,0.174776092171669
P42003_M9PF96,0.0021847,0.01299,0.015902,0.26134365797042847,0.000443769065896,0.0015006348257884
Q9VJI9_Q9VFB9,0.0021803,0.013011,0.01625,0.018648549914360046,0.0002583510358817,0.0025100710336118
Q9VTC4_Q86BS3,0.0021766,0.012976,0.015903,0.05380616337060928,0.0012874440290033,0.0004921068320982
Q7KY08_P36188,0.0021875,0.012947,0.016165,0.3126474618911743,0.0015472848899662,0.2810730338096618
E1JIM1_Q24154,0.002173,0.01294,0.015957,0.0100213922560215,0.9983456134796144,0.0025152207817882
P08570_Q9VTT2,0.0021938,0.012943,0.015951,0.41643550992012024,0.0005492383497767,0.0312861986458301
Q9VHB7_P12881,0.0021838,0.012934,0.015881,0.020248252898454666,0.0013498263433575,0.0022639816161245
Q8T414_Q9W218,0.0022273,0.012938,0.015904,0.023175954818725586,0.0011778662446886,0.8762874603271484
Q9VQS4_P51140,0.0049751,0.013241,0.016346,0.056845810264348984,0.0370387397706508,0.0041356803849339
X2JEH3_Q7K738,0.0021735,0.012962,0.015898,0.1799471229314804,0.0004318043647799,0.9720436930656432
P19889_P41042,0.0040473,0.013143,0.016433,0.13189217448234558,0.0133870663121342,0.0001736177800921
Q9VM20_Q8IML3,0.0022647,0.012964,0.016095,0.010389838367700577,0.0002646437496878,0.0106094144284725
Q9VXP1_Q9VAH9,0.0022259,0.013056,0.015939,0.2112361043691635,0.0002275450679007,0.0156820099800825
Q9VA32_Q9V9N4,0.0027045,0.013102,0.016901,0.07695907354354858,0.0020978704560548,0.0004202924610581
Q24171_P06602,0.0106,0.013038,0.01967,0.10191389173269272,0.0058878357522189,0.1261148750782013
P23758_Q9VYX7,0.0021902,0.013027,0.015885,0.45841673016548157,0.0002494450309313,0.0043532806448638
Q9VQK1_Q9VPP7,0.0021939,0.012928,0.015888,0.084937185049057,0.0046927607618272,0.6284028887748718
Q9VVB6_Q7KRW1,0.0023731,0.012987,0.015901,0.024051666259765625,0.0020916673820465,0.000277473242022
P02833_A8JNK7,0.0029009,0.013007,0.016037,0.04932649806141853,0.009606085717678,0.0027702609077095
Q9VAP2_Q9W4M8,0.0035345,0.012986,0.01591,0.1827714741230011,0.998202919960022,0.3871591985225677
P25867_Q9VAF2,0.0021867,0.012964,0.015894,0.09491441398859024,0.0013420799514278,0.0044055953621864
Q9VJZ6_Q9W218,0.002204,0.012959,0.01587,0.5380769371986389,0.0009640143252909,0.0003651145962066
Q9VYX7_Q9W2A5,0.002181,0.012973,0.015948,0.4889858067035675,0.0003064136253669,0.0007268053013831
Q8T3U2_Q9NJG9,0.0021828,0.012929,0.0161,0.42800015211105347,0.0003079438174609,0.0757045745849609
O62530_Q9W115,0.002179,0.012938,0.015906,0.22514411807060242,0.002021258464083,0.0435240529477596
Q26263_R9PY49,0.49713,0.013159,0.016403,0.4914540648460388,0.0100283101201057,0.0003807862813118
O77260_Q9VHB6,0.0021813,0.012925,0.015957,0.0036167555954307318,0.0054849963635206,0.0002154317771783
Q9VMJ4_Q9W2K3,0.0034407,0.012934,0.015982,0.15115389227867126,0.0144624505192041,0.0002749525301624
P13008_P54359,0.0022024,0.012937,0.016676,0.049286726862192154,0.0002566533512435,0.0098303565755486
Q960D3_P40792,0.025712,0.013082,0.016144,0.0641956478357315,0.0006519100279547,0.0104394499212503
Q9VFE9_Q9VEG5,0.0021982,0.013049,0.0159,0.2678411304950714,0.0004822828050237,0.0472795255482196
A1Z9S1_Q9VX94,0.0027519,0.01306,0.015922,0.11864685267210007,0.0148690482601523,0.0013407602673396
P41093_Q9NCC3,0.0021975,0.012922,0.015934,0.008323433808982372,0.0018417158862575,0.0075212414376437
Q9W237_Q9W0B3,0.002194,0.012937,0.015897,0.05586453527212143,0.0006273121107369,0.0026102717965841
Q9VEQ2_Q9V444,0.002202,0.013005,0.015959,0.11835090816020966,0.0019771785009652,0.0044053657911717
Q03334_Q02936,0.0022116,0.01294,0.015884,0.15940292179584503,0.0002951481437776,0.0003934442647732
Q9VQM2_O97143,0.0022681,0.012941,0.015888,0.5999038815498352,0.0003717720683198,0.0016600673552602
Q24154_Q24133,0.0022125,0.012976,0.015942,0.048739705234766006,0.0024964583572,0.0559286512434482
P16914_P31009,0.0022952,0.01297,0.015939,0.1310153752565384,0.0008359333733096,0.0022125316318124
P48149_Q7K3V6,0.0023849,0.014573,0.016246,0.21206334233283997,0.0003688930009957,0.0078357411548495
Q9W2S2_Q9VR35,0.0022808,0.012972,0.015909,0.12590838968753815,0.0015358157688751,0.0002964024024549
P02833_Q9VQI4,0.0022339,0.012946,0.015919,0.1239432767033577,0.0081551568582654,0.0003704534901771
Q8IML3_Q24564,0.024339,0.028678,0.015925,0.03921715170145035,0.0002666173968464,0.021714748814702
P18289_A4IJ58,0.02826,0.012981,0.016368,0.1393706202507019,0.0050317575223743,0.9203152060508728
P49735_P14003,0.02669,0.013091,0.016033,0.2383921593427658,0.000639981473796,0.0078192465007305
Q9V9Y9_Q9VCS1,0.0054153,0.012953,0.015942,0.4842347502708435,0.0097586754709482,0.0019337538396939
Q09024_Q9VT51,0.0022814,0.86576,0.71566,0.012392687611281872,0.9986810088157654,0.1711826473474502
Q9XYF4_O02193,0.0021854,0.012967,0.01595,0.06567604839801788,0.0011925691505894,0.1602373123168945
P52304_Q9VHB7,0.0024326,0.012972,0.016024,0.21630363166332245,0.0253259856253862,0.0717884227633476
Q9VMN6_Q9VAT0,0.0029487,0.013004,0.016023,0.03132402524352074,0.0004096701741218,0.006753156427294
Q7K738_Q9VCY3,0.0021793,0.013034,0.01589,0.006727715954184532,0.0006369432085193,0.0021106817293912
Q86BS3_Q9VP57,0.039502,0.012962,0.017212,0.16241323947906494,0.9920991659164428,0.0134431086480617
Q01842_A8JR10,0.0028014,0.012962,0.015985,0.09223639219999313,0.0214214622974395,0.0023061935789883
Q8ML92_P91641,0.0021731,0.01299,0.015895,0.44044843316078186,0.0003228182031307,0.0031248647719621
Q9VTE0_Q9VPY0,0.002221,0.012969,0.015919,0.05725018307566643,0.0017745475051924,0.5856940150260925
Q27415_P25843,0.0021889,0.012967,0.015889,0.151402547955513,0.0007196485530585,0.0006321878172457
Q9VMV7_P08181,0.0022067,0.012969,0.016282,0.5916475653648376,0.0009903380414471,0.0003950724785681
Q9V637_D8FT20,0.0021864,0.012977,0.015897,0.5574854016304016,0.0004717049014288,0.0004192248452454
Q8T965_Q95TN8,0.0022514,0.012941,0.015912,0.14066553115844727,0.0003399188863113,0.0142537476494908
Q9VHM7_A1ZBT5,0.0027108,0.012954,0.015947,0.33958157896995544,0.0007517848280258,0.0001855793088907
A1Z8I0_Q9VR35,0.0021848,0.01292,0.015897,0.020802581682801247,0.0021661445498466,0.8052000403404236
Q9VQA2_P02833,0.0022424,0.012946,0.015906,0.3869743347167969,0.0020411422010511,0.0011602836893871
Q9VJY9_Q9V9N4,0.002658,0.012956,0.016,0.12645557522773743,0.997274935245514,0.2309188097715377
Q02637_Q9VVT5,0.0028458,0.013101,0.015911,0.356505423784256,0.0016394678968936,0.0024700192734599
P47948_Q9V345,0.002172,0.013046,0.015944,0.33300694823265076,0.0003314574132673,0.023434804752469
P31009_Q95RV3,0.0021786,0.012926,0.015935,0.12954875826835632,0.0016755035612732,0.7376684546470642
Q9VGF9_P42124,0.0021802,0.012944,0.016072,0.34718260169029236,0.0008820724324323,0.0006320872344076
P03896_Q9VNE9,0.0021739,0.012989,0.015894,0.10587041825056076,0.0002382743841735,0.0029587326571345
Q9W4B3_Q9NHB0,0.0022045,0.012946,0.01592,0.014225580729544163,0.0023904524277895,0.0033310176804661
Q9NFU0_A0A0B4KFV0,0.13266,0.01311,0.01595,0.05861765146255493,0.0004258151748217,0.0002869965974241
Q9VCV3_Q9VNB5,0.0021872,0.013029,0.015946,0.12567085027694702,0.000273876969004,0.0004560826055239
Q9VJ12_Q9VJZ6,0.002187,0.013101,0.015882,0.14675331115722656,0.0963196083903312,0.2083018273115158
Q9V3G9_Q9VE52,0.0021779,0.012949,0.015929,0.005371447186917067,0.006653026677668,0.000556684390176
Q24040_Q9XZ61,0.0021869,0.012934,0.015921,0.03178156167268753,0.0004981319070793,0.0004762999597005
Q24338_Q9VSY8,0.0022361,0.013063,0.015989,0.14925071597099304,0.0009078878210857,0.0011844463879242
O62530_Q9VS01,0.0021834,0.01293,0.015892,0.1239570826292038,0.0003885082260239,0.0034673379268497
P50887_O01382,0.0021826,0.013009,0.015916,0.10906945914030075,0.0006423487211577,0.002144849859178
P16376_Q59DZ4,0.0021844,0.013054,0.015962,0.439186692237854,0.0049636489711701,0.000662607140839
P54611_Q9VR65,0.0022322,0.012949,0.0159,0.3273824155330658,0.0044330940581858,0.99430251121521
Q9VZL5_Q9VDH8,0.002195,0.012951,0.015926,0.011778458952903748,0.0048615471459925,0.0012538251467049
P54611_Q09024,0.0021851,0.012939,0.015875,0.13362357020378113,0.000250891665928,0.0046700029633939
B7Z0T5_Q962S2,0.0022204,0.012953,0.015928,0.10425493121147156,0.0150687992572784,0.0028710465412586
Q01070_Q9VUF3,0.0094303,0.013052,0.017175,0.24765150249004364,0.0049948659725487,0.0046423282474279
Q94535_Q24117,0.0030528,0.013208,0.015892,0.1581292748451233,0.0006892685196362,0.0246367678046226
Q9VKI2_Q7KSP5,0.11508,0.013045,0.016996,0.2264893651008606,0.0007355076959356,0.000607933383435
Q9VUB8_Q9XYU1,0.0021991,0.012967,0.016027,0.03598596900701523,0.004406304564327,0.0310468412935733
Q9V4Q8_Q9VZ01,0.0021962,0.012924,0.015894,0.3249484896659851,0.000425626465585,0.9500872492790222
P19018_A0A0B4KGY6,0.0092481,0.01307,0.016063,0.06604858487844467,0.0110887503251433,0.0032347268424928
Q8SYK5_Q9VQ91,0.023905,0.012961,0.016013,0.02064700238406658,0.000547912553884,0.0002782340743578
E1JHY7_Q8IMX1,0.0021762,0.013283,0.016725,0.357529878616333,0.0162843577563762,0.0004249027988407
A0A0B4KFV0_Q9W2K3,0.0055877,0.013058,0.016042,0.14429126679897308,0.0014613560633733,0.0027850975748151
P26270_Q27297,0.0021939,0.012993,0.015922,0.013802742585539818,0.0003098010492976,0.5332520008087158
M9PBM3_Q9VP78,0.0030474,0.012927,0.015948,0.08804913610219955,0.000924874912016,0.780807614326477
Q9I7L4_Q23983,0.0021758,0.013002,0.015931,0.1502326875925064,0.0115629993379116,0.0009843638399615
Q9VVB6_Q9VVH8,0.0022445,0.013252,0.015904,0.18440181016921997,0.0011384945828467,0.4812095165252685
Q9VMU0_Q9VFL4,0.0021907,0.012965,0.015892,0.2528282701969147,0.0002386936976108,0.0005599579890258
Q9W229_Q9VM64,0.0021858,0.012938,0.015879,0.16610413789749146,0.0002428414591122,0.0004696260439231
Q95TY2_Q9VHK6,0.0021769,0.01308,0.015895,0.2674122452735901,0.0030920531135052,0.0005746004753746
Q8IMX1_Q9VEC5,0.0021779,0.013169,0.016224,0.24341848492622375,0.0019476967863738,0.0036464687436819
Q9W5R8_Q7KMP8,0.0021759,0.012943,0.015903,0.3660223186016083,0.0003388461482245,0.0072205197066068
Q9V431_Q9VWD5,0.0021763,0.013023,0.015936,0.07805164903402328,0.0007858194294385,0.0006370783085003
P40791_P83949,0.092689,0.01307,0.016023,0.01527984905987978,0.0087926546111702,0.2428319901227951
Q9VU85_P06602,0.12765,0.013134,0.017125,0.2944245934486389,0.9973191618919371,0.0027832612395286
Q9VB22_Q9VH07,0.0021807,0.014061,0.016297,0.08902375400066376,0.0117936758324503,0.0170024521648883
Q9VND8_Q9NJG9,0.0023935,0.013275,0.015968,0.4150751829147339,0.0004263102600816,0.0135452803224325
Q7KN94_Q9VBU9,0.0022555,0.012987,0.015927,0.07539469748735428,0.0002350575960008,0.0126213235780596
Q9VE52_P29503,0.0094999,0.01308,0.018819,0.20075179636478424,0.0025568278506398,0.0021526333875954
Q9U6B8_P22464,0.0021733,0.012922,0.015873,0.05655616149306297,0.0008731700945645,0.2087190300226211
Q7JXV9_Q9XYU1,0.0037355,0.012938,0.016068,0.09777677804231644,0.0020649039652198,0.0698619782924652
Q9VGV7_Q9VVJ6,0.0021883,0.012937,0.015879,0.00893906969577074,0.00045700132614,0.0079710809513926
Q9VWE8_Q9VFP2,0.0021975,0.012951,0.015912,0.011858365498483181,0.0011025145649909,0.0005155523540452
Q7KTX7_A0A0B4KEQ4,0.0021798,0.013073,0.015917,0.5275055170059204,0.0104631101712584,0.0348334498703479
P46824_Q24533,0.0022359,0.062373,0.017114,0.007791064213961363,0.0372782200574874,0.0008915204089134
Q7KRY6_A0A0B4KEQ4,0.0021863,0.012928,0.01593,0.32625773549079895,0.0061520910821855,0.0093657281249761
P23758_R9PY49,0.002732,0.013097,0.015949,0.17981809377670288,0.0019861187320202,0.090675488114357
Q9W5R8_Q9V3W2,0.0022766,0.01293,0.015933,0.03564245253801346,0.0012289797887206,0.5763922929763794
P08970_Q9VKI2,0.002614,0.013033,0.015964,0.02088133990764618,0.2726362347602844,0.0328905023634433
Q24152_Q24547,0.0021758,0.012931,0.015898,0.10382163524627686,0.0003207630652468,0.8825040459632874
O16130_P35128,0.0023641,0.013034,0.01589,0.14500238001346588,0.0005060278344899,0.0002221389149781
Q9VSN0_Q9NCC3,0.0021933,0.012923,0.015985,0.13295409083366394,0.0114895142614841,0.0003247620188631
Q9VUG4_Q9VBP9,0.0021984,0.012935,0.015909,0.06766927987337112,0.0028580324724316,0.001279788208194
Q9VJ33_Q26366,0.0060587,0.012989,0.015887,0.1559237837791443,0.0022180015221238,0.0002789158606901
Q24186_Q94513,0.0021907,0.012928,0.015934,0.01043006032705307,0.000855317688547,0.0060464446432888
Q95TY2_Q8I0J6,0.0072818,0.013173,0.018734,0.438894122838974,0.0036195367574691,0.7254410982131958
Q9VTP4_Q86B87,0.0021701,0.012927,0.015985,0.11622244864702225,0.0003565037040971,0.0854407176375389
Q9VJM2_Q24547,0.0022553,0.012956,0.015943,0.3055833876132965,0.0006587790558114,0.1236202046275138
A1ZAC4_Q961D1,0.002241,0.012935,0.015973,0.04491078481078148,0.00129029690288,0.0002685263461899
Q9VK46_P10987,0.0022048,0.013097,0.015913,0.07727295160293579,0.0013018766185268,0.0002217520814156
Q9VPD2_Q9W3N7,0.0023169,0.01297,0.015893,0.35127750039100647,0.0003193859301973,0.0003347706515341
Q24134_P16376,0.0021763,0.013396,0.015916,0.031099548563361168,0.0020439715590327,0.986627995967865
Q9XYF4_Q9W0I6,0.0021817,0.012943,0.016085,0.10821221023797989,0.0005428135045804,0.0003080392489209
P13097_O16810,0.0024654,0.01307,0.01594,0.568534255027771,0.0003012354718521,0.0032218061387538
P23792_Q7KSQ2,0.098108,0.013044,0.016597,0.07036087661981583,0.0076595628634095,0.0450991578400135
P18931_P41092,0.0021825,0.013031,0.015914,0.17254236340522766,0.0004467265098355,0.0029931804165244
Q9VN77_Q9VEF0,0.0021877,0.012974,0.016842,0.0164871234446764,0.0006755540380254,0.0070788483135402
P22812_Q7JVI3,0.0021888,0.013012,0.016139,0.01781003549695015,0.0005544286686927,0.0333496183156967
P22812_Q95TS5,0.0021708,0.012962,0.015904,0.16174232959747314,0.000869964424055,0.0025903594214469
Q9W229_Q24560,0.0021864,0.01296,0.015967,0.11337251216173172,0.0003395339590497,0.991285502910614
Q27297_P41126,0.0021932,0.012969,0.015988,0.03955948352813721,0.012265358120203,0.0110709080472588
Q7JWS8_Q9VDE3,0.0022414,0.027621,0.02167,0.11912356317043304,0.005712135694921,0.0002404621482128
Q9VA91_Q9VPD2,0.0021953,0.013054,0.015986,0.10082967579364777,0.000715356785804,0.0382689982652664
Q9VSB6_E3CTS5,0.0022354,0.012929,0.015878,0.0314345583319664,0.0283031035214662,0.7059115767478943
Q9VFJ3_P41094,0.0022189,0.012963,0.015941,0.20665863156318665,0.000234451261349,0.0059719909913837
P46150_Q9V3Z4,0.0022048,0.013948,0.015948,0.05119771882891655,0.0007318893331103,0.0020687563810497
P42287_Q9W2A5,0.002218,0.013044,0.015955,0.12442372739315033,0.0004385266802273,0.0077932244166731
Q9VYY9_Q8IMX1,0.0021884,0.01301,0.015976,0.07811814546585083,0.0177047345787286,0.0006623832741752
P16378_Q9VIF5,0.0021952,0.013031,0.015936,0.14530014991760254,0.0065410216338932,0.0007174073834903
Q8IPW2_P13098,0.0021857,0.013025,0.015979,0.07303552329540253,0.0014199763536453,0.0004820222093258
Q9W358_Q8SYM9,0.0022718,0.013065,0.016489,0.1599663943052292,0.0054225567728281,0.2975126802921295
Q7KM15_Q8MRE6,0.0021817,0.012964,0.015879,0.5517228245735168,0.0004676785029005,0.0018869558116421
Q95RR8_Q9VMX3,0.002187,0.012948,0.015902,0.18727682530879974,0.001581018208526,0.0138501413166522
Q9VUG4_Q9VKW8,0.0021877,0.012962,0.015888,0.05028316751122475,0.0003148558316752,0.8265816569328308
P31007_Q9W0B3,0.0021777,0.012936,0.015922,0.07002606987953186,0.0020696653518825,0.5942071676254272
Q9VQ91_Q9VJ19,0.0021728,0.012937,0.015897,0.0339864045381546,0.0006168771651573,0.0060203736647963
P18489_Q24547,0.78903,0.77538,0.51322,0.08576065301895142,0.0047915638424456,0.0131564699113368
Q9VL93_Q05201,0.0022914,0.013088,0.015984,0.37382832169532776,0.0178938172757625,0.0020431361626833
Q9VV44_Q9VAP2,0.0025454,0.013096,0.015909,0.1930599808692932,0.001386261312291,0.0003158482722938
P03896_B6VQA0,0.0021855,0.012935,0.015882,0.054736845195293427,0.0007381756440736,0.0009453186648897
Q9V4S8_Q8MS69,0.0021817,0.012914,0.0159,0.1512523889541626,0.0014534764923155,0.0232605244964361
P08928_P54733,0.0054575,0.013356,0.016037,0.001191240269690752,0.0082493387162685,0.0001819390017772
Q8INQ9_Q9VKV4,0.002196,0.013003,0.015875,0.1627025455236435,0.0006431934889405,0.9863704442977904
Q9W087_Q27884,0.0022189,0.013109,0.015896,0.02024589665234089,0.000238182634348,0.0455867201089859
P92204_Q9VGC7,0.0022405,0.012932,0.016496,0.06873653829097748,0.9955488443374634,0.0049822363071143
Q9VS01_P48554,0.0021849,0.012984,0.015913,0.18041197955608368,0.0004084726097062,0.0034811471123248
P23647_Q7K738,0.0021779,0.013088,0.015924,0.19706229865550995,0.0597631894052028,0.0004939062637276
Q9W2R4_B6VQA0,0.0028991,0.01302,0.016424,0.11650492250919342,0.8363341689109802,0.0063282917253673
Q7JWD6_Q9W4S7,0.0021707,0.012979,0.015944,0.038153987377882004,0.001039499649778,0.0010601110989227
A1ZB42_X2JEH3,0.0022366,0.012936,0.015891,0.23476642370224,0.001778406673111,0.0005876230425201
Q24338_Q9VEQ2,0.0023173,0.013539,0.016346,0.1636064052581787,0.0203569643199443,0.018524968996644
P52304_P08928,0.0022591,0.013496,0.016305,0.12528809905052185,0.0036218075547367,0.000956570089329
P49906_Q9V3I9,0.0022085,0.012929,0.015938,0.016967764124274254,0.0120098730549216,0.0026678678113967
Q9VIY3_P36241,0.0021949,0.013132,0.016008,0.04289935529232025,0.0014432981843128,0.0008185156621038
P17133_Q9VMU0,0.0022086,0.012934,0.01591,0.18305329978466034,0.0005113624501973,0.0009265582775697
P16371_P22814,0.69956,0.013066,0.016294,0.28464746475219727,0.0332314558327198,0.0507066398859024
P40427_P54611,0.0022906,0.013092,0.0159,0.03308301791548729,0.0014691582182422,0.30230313539505
Q7PL91_P52168,0.0021899,0.012948,0.01603,0.15159399807453156,0.0011093091452494,0.6563196182250977
A1ZBP6_Q9VX24,0.0022086,0.013108,0.89129,0.05063765496015549,0.0557355470955371,0.9411169290542604
P18488_Q9VMN9,0.0021866,0.013129,0.015957,0.2691064476966858,0.000978383119218,0.0004021066997665
Q9VPU9_Q23985,0.01322,0.013022,0.016887,0.091513991355896,0.001579184201546,0.0729456096887588
Q9VG96_Q9V444,0.0022281,0.012968,0.015941,0.1496407687664032,0.0003058532602153,0.1459684669971466
Q9VS05_Q9W3R7,0.0021711,0.012945,0.015906,0.40060463547706604,0.814483642578125,0.0298487748950719
M9PHI7_Q9VG96,0.0021923,0.013011,0.022148,0.20562192797660828,0.000833764381241,0.0001852626446634
Q7JXB9_A1ZB42,0.0022094,0.012934,0.0159,0.038748547434806824,0.0003981333866249,0.0001205417793244
Q9VM76_P19018,0.0028927,0.012965,0.016058,0.12008203566074371,0.0050823390483856,0.0006348199676722
Q8MS69_Q8SYK5,0.0033985,0.012942,0.016147,0.4993930757045746,0.000705424346961,0.8506878018379211
Q9VWI4_Q9VA91,0.0021769,0.012935,0.015931,0.11556030809879303,0.0003573029243852,0.006664399523288
Q9VGS2_Q9VND8,0.0021871,0.012971,0.015877,0.35281044244766235,0.0024134835693985,0.0003329995670355
Q9VMU4_Q9W029,0.0022426,0.012926,0.015925,0.19346581399440765,0.0002530340279918,0.0010111529845744
Q9U1K1_P54359,0.0022116,0.013023,0.016007,0.5053459405899048,0.0027804211713373,0.0681813061237335
Q9VN50_Q9VCV3,0.0021796,0.012979,0.0159,0.005897439084947109,0.0005646717036142,0.0011926561128348
Q7KVG9_Q9VJ02,0.10424,0.013029,0.016051,0.06891045719385147,0.0187884271144866,0.6370114684104919
Q8IPC3_Q7KSD8,0.0021783,0.012932,0.016054,0.22287780046463013,0.0006139170145615,0.0367916151881217
Q9VY87_Q7JVI3,0.0021713,0.013303,0.015903,0.20187699794769287,0.0003215055039618,0.6084619164466858
Q9W499_Q8IH18,0.0021842,0.012918,0.015946,0.2874090373516083,0.0003517954319249,0.0036145511548966
Q6IDF5_P19889,0.0022928,0.012934,0.015924,0.1341959536075592,0.0009496571728959,0.0055303163826465
Q06453_Q9VI00,0.0041926,0.012972,0.015936,0.02602541819214821,0.0020464290864765,0.0018277731724083
O18333_Q9VN10,0.0025221,0.013355,0.061292,0.39760303497314453,0.0009795204969123,0.0013603527331724
P02833_Q9W074,0.019102,0.012998,0.016003,0.39595773816108704,0.0003898635914083,0.076723389327526
Q9VVU2_Q9W380,0.0029761,0.012933,0.0159,0.12826646864414215,0.0005741934292018,0.012103714980185
P49906_Q9W029,0.0021891,0.012937,0.015897,0.1997220516204834,0.0002594816323835,0.1031972169876098
Q8SYU5_P81900,0.0022261,0.012945,0.015934,0.3443140685558319,0.0100678354501724,0.0010841876501217
Q95RV3_P42287,0.0021944,0.012933,0.015909,0.10495350509881973,0.0009162150672636,0.0332865752279758
Q7K4N3_P0CG69,0.0021608,0.01304,0.01592,0.0302286259829998,0.000444453646196,0.0007655180525034
O97183_Q9V3S6,0.0021947,0.012931,0.015923,0.0008181619923561811,0.0003774991782847,0.2591709494590759
O16130_Q9VR35,0.0021797,0.012931,0.015909,0.014128969050943851,0.0058134822174906,0.0014712042175233
M9PBM3_Q9VVH8,0.0022293,0.012919,0.015899,0.006260162219405174,0.0010870301630347,0.0001980825618375
Q6NMT8_Q9VLK1,0.0035344,0.012932,0.032234,0.20258332788944244,0.7296791076660156,0.584183931350708
P09087_Q9VZM7,0.0024715,0.013229,0.015942,0.013126409612596035,0.0032940658275038,0.9753750562667848
Q9W5B3_Q24008,0.0021905,0.012941,0.016009,0.137989342212677,0.0009610613924451,0.0130010228604078
Q8IQ53_P25008,0.0021772,0.012988,0.015907,0.31140413880348206,0.0002461124386172,0.0008090563933365
Q24169_Q9VZF2,0.0021861,0.013044,0.01589,0.01938023790717125,0.0003109556855633,0.0757210999727249
P39768_Q27297,0.0021885,0.013026,0.015923,0.007160710170865059,0.0015405816957354,0.0002863493864424
P22814_Q9VPE2,0.0022602,0.013059,0.016028,0.3386247754096985,0.0024032886140048,0.001748441485688
P29555_P29673,0.028861,0.013072,0.016199,0.031488705426454544,0.0205606743693351,0.0003842626174446
P17133_Q9VD72,0.0022026,0.012924,0.015923,0.21733076870441437,0.0008776868344284,0.0055772382766008
Q9VI60_Q9VQD8,0.0021949,0.012967,0.015894,0.3573364019393921,0.0005773385055363,0.0026063467375934
M9PHN7_Q9VVB6,0.067377,0.013036,0.015904,0.06645283848047256,0.0008027086732909,0.9168681502342224
Q94535_Q8SZ16,0.0021824,0.01294,0.015908,0.027194930240511894,0.0031688995659351,0.7817384004592896
Q9V407_Q7KSP5,0.0043618,0.012956,0.016025,0.02851199358701706,0.0012286045821383,0.0006180430063977
Q24210_Q9VZJ3,0.0022196,0.012951,0.015946,0.18303517997264862,0.0034351299982517,0.2131961435079574
Q8I7C3_Q9VVU2,0.0021797,0.012933,0.015952,0.1536465883255005,0.0005134421517141,0.0057298149913549
Q8IPC3_Q9VBH8,0.002187,0.01292,0.016095,0.022943664342164993,0.0003876998380292,0.0035726355854421
P03896_Q24533,0.0021808,0.013495,0.015876,0.09047958999872208,0.0002354068128624,0.0082738511264324
Q9VBI1_Q9VPH8,0.0022227,0.012996,0.015957,0.2896323800086975,0.0138002764433622,0.0818448513746261
P29503_Q6IDF5,0.0022446,0.012933,0.015914,0.17791901528835297,0.3339393734931946,0.0012659764615818
Q9VAR6_A1Z9X0,0.0022291,0.01304,0.016035,0.012768115848302841,0.0003324286371935,0.0034505361691117
M9NF10_P48149,0.0021718,0.012922,0.015891,0.062083665281534195,0.0007783955661579,0.2992710471153259
Q9VDH8_Q9W1E5,0.0021773,0.012997,0.015948,0.3379974663257599,0.0017003864049911,0.0047959610819816
A0A0B4KGY6_P84040,0.0022069,0.012959,0.016043,0.0424024723470211,0.0019698040559887,0.0006335832877084
Q9W2P5_P98149,0.0021961,0.012983,0.015867,0.4593903720378876,0.0006151095149107,0.0058545297943055
A0A0B4KGY6_C7DZL9,0.0022288,0.012958,0.015872,0.027532583102583885,0.0005622807075269,0.0001921371585922
Q9VCQ7_Q86BS3,0.14291,0.012958,0.017095,0.03387409821152687,0.0018735066987574,0.0102662807330489
Q9VQQ9_Q7KLV9,0.0022469,0.013653,0.015988,0.4490831792354584,0.0004156304348725,0.0041771274991333
P0CG69_P02835,0.0029847,0.013274,0.01595,0.03134189173579216,0.0042193909175693,0.0005601196899078
P0CG69_Q9VMX3,0.0022002,0.013145,0.015883,0.07144122570753098,0.0004217796958982,0.0037013662513345
Q2PE14_P91641,0.0021784,0.012916,0.015888,0.019488586112856865,0.0223151389509439,0.1566061228513717
O97111_Q9VIP1,0.0022236,0.012956,0.015914,0.04664583131670952,0.0007211327902041,0.0410695150494575
A1ZB42_Q9V345,0.0022269,0.012983,0.015927,0.1181226298213005,0.0116509078070521,0.9866821765899658
Q32UW5_P29310,0.0021882,0.02062,0.067029,0.25148555636405945,0.9971234202384948,0.8740596175193787
P52656_Q24246,0.0021802,0.012961,0.016724,0.4405640959739685,0.0015146139776334,0.0287840850651264
Q03334_A8JUS8,0.002188,0.01296,0.015914,0.2537883222103119,0.0011082206619903,0.0932937487959861
Q9VN77_Q9VZM7,0.0026774,0.013224,0.48172,0.07096123695373535,0.0011797138722613,0.4399760365486145
Q9VHB6_Q9VW58,0.0021839,0.012942,0.015904,0.010559397749602795,0.9990012049674988,0.0016682348214089
Q9VQM2_Q9V3G1,0.0030058,0.012964,0.015933,0.2512308657169342,0.0004495810717344,0.0100912349298596
P35220_Q9VWZ1,0.0022277,0.012975,0.015911,0.06619291752576828,0.0013402656186372,0.8923923969268799
Q9VL93_P12881,0.0022061,0.012938,0.015898,0.3078254461288452,0.0005793778109364,0.0008959766710177
Q24139_Q9V3V9,0.0021955,0.012912,0.015887,0.01806418038904667,0.0045079006813466,0.7555610537528992
P56721_Q9VSM9,0.0088659,0.013028,0.015959,0.13719697296619415,0.011746697127819,0.0009425099706277
P29555_P52168,0.61832,0.021674,0.018637,0.07479248940944672,0.9875128865242004,0.9954558610916138
Q9VAC4_Q9VQA2,0.0022033,0.013282,0.016028,0.39648157358169556,0.000279687839793,0.0019445559009909
Q86P80_Q9V407,0.11872,0.012948,0.016122,0.33116963505744934,0.0034411619417369,0.0020668101496994
Q9V9Y9_Q24324,0.009304,0.013012,0.016045,0.03116815723478794,0.0519652403891086,0.2783793210983276
Q86BB4_Q94518,0.0021955,0.012976,0.015899,0.3410492241382599,0.0004027932882308,0.0035107424482703
Q27884_P29503,0.0022483,0.013042,0.016088,0.41744694113731384,0.0081397974863648,0.023439347743988
Q9VN50_M9PBM3,0.0021727,0.012921,0.01591,0.1195686012506485,0.0004588046285789,0.2373215854167938
P54733_Q7JVK6,0.0021906,0.012933,0.016018,0.5653858184814453,0.0024574683047831,0.1075760945677757
Q9VS59_Q8MSY4,0.0028405,0.013014,0.015892,0.0775194764137268,0.0081167006865143,0.0006937670405022
P41094_M9PBY4,0.0022463,0.012937,0.015993,0.001943594659678638,0.0009323236881755,0.1415071785449981
Q9VKK9_Q9VYW6,0.0022017,0.012989,0.015939,0.1838776022195816,0.0004203174612484,0.0016278992407023
Q9VM20_P09077,0.0027069,0.013109,0.01638,0.2614381015300751,0.0014396158512681,0.0003177373728249
Q9VV73_Q9W2H9,0.0021915,0.012932,0.016052,0.200126513838768,0.9984103441238404,0.172287181019783
Q9VKW3_Q8SX86,0.0021856,0.012931,0.015914,0.12985500693321228,0.0019421339966356,0.0068959994241595
P29555_P42003,0.0026028,0.01295,0.016116,0.16340363025665283,0.0425785407423973,0.001070981612429
P46150_Q24210,0.0021925,0.013008,0.018842,0.4046393036842346,0.0044228732585906,0.9876746535301208
Q24168_P09052,0.011527,0.013105,0.027583,0.3142704963684082,0.7880526781082153,0.3927834331989288
Q94519_Q9VA91,0.0023093,0.013144,0.01627,0.500857949256897,0.0004815025895368,0.1488944441080093
P14003_P81900,0.0023722,0.013018,0.015919,0.004427593667060137,0.0125578278675675,0.2299044877290725
Q9VS34_Q9W0F8,0.0021903,0.012925,0.015895,0.12724798917770386,0.00026880990481,0.013999636285007
Q9VUG4_A1Z9X0,0.0023338,0.012956,0.016094,0.25665950775146484,0.0041630584746599,0.0297330450266599
Q9VIP1_Q9W380,0.0022799,0.012938,0.015901,0.010295242071151733,0.0003142716013826,0.0134908379986882
Q24318_Q960D3,0.26198,0.012949,0.019293,0.0986727625131607,0.0349525101482868,0.0057492428459227
P25867_A0A0B4KFV0,0.098863,0.013332,0.018928,0.020811893045902252,0.0350890010595321,0.0011979412520304
O76922_Q9VES8,0.0021927,0.012913,0.01601,0.09622354805469513,0.0010202907724305,0.0016842560144141
Q9VP65_O97143,0.0021973,0.012938,0.015917,0.30313780903816223,0.0002950597845483,0.3108032643795013
Q9VUR3_Q9VYW2,0.0022082,0.012964,0.015969,0.04735782369971275,0.0009254470351152,0.0030557329300791
Q9VKW8_Q7KM15,0.0022302,0.012972,0.015956,0.007192371878772974,0.0003629277343861,0.0016975468024611
P41094_Q9W0I6,0.0021858,0.012928,0.015876,0.39797526597976685,0.0002578502462711,0.0001574580237502
P23792_P40301,0.002186,0.012946,0.015911,0.1724584400653839,0.0003546114021446,0.9912256598472596
Q9W2P5_Q7KUD5,0.0022225,0.013042,0.015875,0.1848503053188324,0.0002352459268877,0.0007781038293614
A1ZB42_O97111,0.0022317,0.012943,0.01591,0.08281565457582474,0.0004024133086204,0.000426193815656
P18489_Q7JXB9,0.002243,0.012944,0.015902,0.07652096450328827,0.0006369258626364,0.0124810747802257
Q9VX24_P08645,0.0030872,0.020129,0.016977,0.0053079258650541306,0.0224860720336437,0.0107035692781209
P25867_Q8IML3,0.0023006,0.013082,0.015894,0.02579079382121563,0.0002265445073135,0.0002611337986309
Q24087_P56721,0.0021983,0.012985,0.015985,0.13610725104808807,0.0008737818570807,0.0973302647471427
Q05547_Q9VPU9,0.0021815,0.013041,0.016334,0.3239400088787079,0.00083036191063,0.0963714569807052
P53034_Q9VD72,0.45703,0.012942,0.01613,0.013010682538151741,0.0007230433984659,0.0003321809053886
Q0KHZ6_Q9VMN9,0.0021844,0.012972,0.015892,0.03364216536283493,0.0002705253427848,0.0005506168818101
Q9VKW8_P56544,0.082011,0.013115,0.016125,0.2082185596227646,0.0003044388140551,0.0300548542290925
Q95TN8_Q9VUB8,0.0022335,0.012961,0.016015,0.21744118630886078,0.011487316340208,0.0216881539672613
Q9XZS4_D2NUE8,0.0036212,0.013126,0.015919,0.009289820678532124,0.0005396110354922,0.0011611350346356
Q9VGC7_Q9VJM2,0.0022327,0.012931,0.016284,0.14581485092639923,0.0288284365087747,0.0419903583824634
O44226_Q9VBY2,0.0022055,0.013035,0.015932,0.04757624492049217,0.0012637567706406,0.0223509762436151
Q9VVV9_Q9W402,0.0022086,0.012928,0.015893,0.03772103041410446,0.0041101984679698,0.0629490762948989
Q9VNE1_Q24139,0.0021919,0.012919,0.015905,0.18416480720043182,0.0004756266425829,0.0115461982786655
Q9VRK9_Q9VBI1,0.0023262,0.013053,0.015932,0.183047816157341,0.0023648333735764,0.5000879168510437
P20153_Q9VYW3,0.0021754,0.012955,0.015876,0.2889745235443115,0.000439771451056,0.1177946478128433
P22812_Q9VBQ3,0.0021725,0.01297,0.015994,0.05942543223500252,0.004214028827846,0.0707712620496749
P08182_I0B1P6,0.0022054,0.012948,0.016146,0.026885386556386948,0.0004734341637231,0.8749815225601196
P40792_Q8IRI5,0.0024944,0.015305,0.016608,0.019525524228811264,0.9827519059181212,0.0099193016067147
Q9W2K0_P35220,0.0021924,0.012918,0.015883,0.3973032236099243,0.0034623094834387,0.0006377094541676
O46036_Q9VF27,0.00237,0.013056,0.01596,0.3796830475330353,0.000265442271484,0.876579225063324
P50882_Q7K1V0,0.0021727,0.012951,0.015912,0.12322196364402771,0.0004788556543644,0.0008781842188909
Q7K306_Q9VAQ8,0.0022296,0.012982,0.016182,0.3222988545894623,0.0006833469960838,0.0036308611743152
Q9VVX0_Q9VZU1,0.0023105,0.012943,0.016009,0.3859875798225403,0.0003656808112282,0.5246150493621826
Q9VMX3_P46867,0.0021882,0.012999,0.015926,0.004463328048586845,0.0008365879766643,0.008379153907299
P04197_P07909,0.0024176,0.013042,0.016067,0.1535475105047226,0.997138261795044,0.167380228638649
Q9V3H2_Q9VAN8,0.0022607,0.013051,0.016046,0.03995189443230629,0.0014315771404653,0.9365218877792358
Q9VHB6_Q9VGS2,0.0021785,0.012922,0.015892,0.053296513855457306,0.0054647247307002,0.038694642484188
Q9VS34_P49906,0.0021822,0.012941,0.015942,0.414635568857193,0.009104361757636,0.074469931423664
Q06453_P08646,0.0033018,0.013184,0.017731,0.0020473862532526255,0.0007444364018738,0.0018815016373991
O46036_P14003,0.0027626,0.013065,0.015926,0.04806380346417427,0.0002691086556296,0.0003441698790993
Q9VZU4_P18488,0.0022093,0.013155,0.01591,0.007244654465466738,0.0033335087355226,0.001530057284981
Q9VR35_Q9XZT1,0.0021783,0.012991,0.015881,0.06529398262500763,0.002140860306099,0.0021389999892562
P16241_Q9VS34,0.0021796,0.012939,0.015923,0.20547807216644287,0.0006207085680216,0.0005712165730074
P08570_Q9VEV9,0.0022155,0.01299,0.015904,0.0020632813684642315,0.000254705606494,0.0076117566786706
P09052_P22464,0.0021803,0.012937,0.015906,0.13966280221939087,0.0011616367846727,0.0003530772228259
Q9W4R3_Q9VYW2,0.0022073,0.013186,0.016028,0.05974070355296135,0.000718084804248,0.0018479176796972
E1NZB4_P30052,0.0022645,0.01294,0.015991,0.11359156668186188,0.9984571933746338,0.0600759387016296
Q9W2R4_Q9VUZ1,0.0021791,0.012966,0.015879,0.022513872012495995,0.8763863444328308,0.8940140604972839
Q9VBC5_Q9VK46,0.49154,0.01327,0.041034,0.27692699432373047,0.0034519666805863,0.9590484499931335
Q9W3N7_P02572,0.0023008,0.013095,0.015946,0.12257741391658783,0.0005505210720002,0.0016775028780102
Q9VY87_Q8IML3,0.0022193,0.012958,0.01592,0.003949751146137714,0.0002194259432144,0.0013051722198724
Q9VTU2_Q9V6B9,0.0022169,0.014386,0.021793,0.42991387844085693,0.0002435939677525,0.001105836359784
Q9VYG2_P13098,0.0022067,0.013015,0.015938,0.31870442628860474,0.0005894677597098,0.0022966593969613
Q9VS05_Q9I7L4,0.0021845,0.012932,0.015888,0.07848455756902695,0.9976118803024292,0.0044412347488105
A1Z6E0_Q9XZ68,0.0021825,0.013003,0.020533,0.04906577244400978,0.0007256575045175,0.0003207908885087
P36179_Q8IH18,0.0042754,0.013453,0.02316,0.09033029526472092,0.0014106587041169,0.000306628702674
Q24008_Q7KSQ2,0.07837,0.012968,0.018177,0.23277074098587036,0.0335556790232658,0.0030492870137095
Q9VUI0_P29673,0.055031,0.013032,0.016193,0.18354706466197968,0.0160272289067506,0.1284931153059005
P49630_Q26366,0.0021778,0.012923,0.021805,0.1346370279788971,0.0004350746748968,0.0011590508511289
Q9W1K4_Q9VG03,0.0024657,0.012929,0.0159,0.005228627938777208,0.994123637676239,0.0002289878029841
Q9VEA2_Q9VBU9,0.0022477,0.012965,0.017429,0.07915689796209335,0.0123175857588648,0.0168238896876573
Q9W236_Q9VV74,0.0021843,0.01296,0.016028,0.13909807801246643,0.0012215879978612,0.9849520325660706
P47948_Q9V428,0.0022204,0.013154,0.015929,0.18408232927322388,0.0020471166353672,0.0127645162865519
O96989_P29829,0.0021886,0.01303,0.015932,0.08176414668560028,0.010507914237678,0.0589619502425193
P18289_P92208,0.0048304,0.013046,0.016069,0.36860010027885437,0.001049103680998,0.0829061269760131
P23128_Q9VBC5,0.002244,0.012957,0.016002,0.04286787658929825,0.0002758200571406,0.0060171382501721
O96880_A0A0B4K775,0.0022946,0.012984,0.015908,0.00830611027777195,0.0011610216461122,0.0005142362788319
Q8ML92_O97143,0.0021869,0.012979,0.016432,0.30608585476875305,0.0994936674833297,0.040047064423561
Q8I8V0_Q9W482,0.0023784,0.012975,0.015935,0.2133999615907669,0.001589985564351,0.7772437930107117
Q8INQ9_Q23985,0.0024872,0.013058,0.69483,0.06848455965518951,0.0019484328804537,0.0916763246059417
A1Z8I0_C5WLN8,0.002179,0.012916,0.015898,0.2977936267852783,0.0002918543759733,0.0027865334413945
Q9V9W8_P17133,0.52252,0.013032,0.02739,0.2616475224494934,0.003920990973711,0.0917932018637657
Q9VJD4_P18931,0.0021796,0.013163,0.015993,0.03926447033882141,0.0004600523388944,0.0047170617617666
Q9VCE1_D2NUE8,0.0022299,0.012945,0.015914,0.01782681792974472,0.000310655508656,0.0028585775289684
P50887_P83949,0.0021905,0.013199,0.01937,0.4053684175014496,0.0007283473969437,0.0004030961135867
I0B1P6_P18491,0.087945,0.013029,0.021862,0.07745520025491714,0.0021284725517034,0.0009454452083446
C7DZL9_P10987,0.0023541,0.012999,0.015929,0.06009925529360771,0.0002356742770643,0.0043419487774372
P31007_Q26454,0.060559,0.012966,0.016162,0.1424577236175537,0.0005634881090372,0.1492798775434494
Q9VHE5_P05709,0.0021798,0.012981,0.34835,0.43393704295158386,0.000238003762206,0.9321343302726746
Q8IML3_Q9VXX8,0.0022142,0.012932,0.015912,0.13133485615253448,0.0006900211446918,0.9845088124275208
Q9VWG3_Q9VJI9,0.002216,0.012954,0.016428,0.10194246470928192,0.0002772648876998,0.0248753521591424
Q24180_X2J6Q6,0.0021891,0.01296,0.017668,0.10140489786863327,0.0005582319572567,0.1268383115530014
P23023_Q8T403,0.0022368,0.01297,0.015873,0.09926532208919525,0.0032347545493394,0.0017774133011698
Q45VV3_P15330,0.17663,0.012937,0.016152,0.43129995465278625,0.0780564919114112,0.0004868167743552
P09077_P22265,0.17716,0.013029,0.016194,0.29585933685302734,0.9889751672744752,0.0001661355345277
Q9VWA1_Q7YU24,0.0022179,0.012971,0.015972,0.06291403621435165,0.0015887439949437,0.9306773543357848
Q960D3_Q9VMH2,0.0021741,0.012935,0.015999,0.0948585495352745,0.0046223187819123,0.0428038947284221
P48554_M9PGR0,0.0021891,0.016933,0.018099,0.24407750368118286,0.0006309977616183,0.0003416161634959
Q27368_Q9VZV5,0.002296,0.013342,0.016023,0.027759063988924026,0.008821346797049,0.1328755915164947
Q9W4I7_Q8MRQ1,0.27427,0.012978,0.015972,0.1564725935459137,0.0075894137844443,0.5831061005592346
Q9VUK7_P15330,0.72986,0.012957,0.016688,0.0060770646668970585,0.1064483076333999,0.9122924208641052
Q86BS3_Q9VKW8,0.22383,0.012979,0.016035,0.06513573229312897,0.0018793564522638,0.0026377586182206
Q9VHB6_Q08012,0.0021771,0.012974,0.015888,0.15363816916942596,0.0003706067800521,0.0012517882278189
Q24133_Q9VYX7,0.0021941,0.012963,0.015899,0.3700689673423767,0.0002352497394895,0.0010265049058943
P48461_Q0E9G3,0.0022417,0.013001,0.016384,0.14800594747066498,0.0099866576492786,0.000193876971025
Q9VG96_Q7PL91,0.0022104,0.013101,0.01591,0.10786384344100952,0.0006363558932207,0.0097128245979547
A0A0B4JD33_O16867,0.31536,0.013109,0.017008,0.01832905411720276,0.9979281425476074,0.0005861128447577
Q9VAY8_Q9VI55,0.0021828,0.01295,0.01606,0.015452529303729534,0.0014564007287845,0.8841111063957214
A1Z9I6_Q9VXX8,0.0022302,0.012956,0.019769,0.007422503549605608,0.0045026843436062,0.0007899694610387
Q9VA51_P20227,0.015607,0.012972,0.015977,0.07200737297534943,0.0437142699956893,0.0019319538259878
Q9V452_Q9W2S2,0.0022225,0.01333,0.015979,0.3797870874404907,0.0003669002035167,0.024953331798315
O97420_Q9V3E9,0.0023629,0.013073,0.015938,0.2608188986778259,0.0166353806853294,0.0115473894402384
Q8T390_Q9VLT7,0.002187,0.01293,0.015925,0.2364351600408554,0.0003146361559629,0.0002335853059776
Q9VVP8_Q9VUF3,0.0022691,0.012944,0.01597,0.14635078608989716,0.004375253804028,0.0019211950711905
P08510_Q9VL21,0.0022075,0.013028,0.018908,0.07021697610616684,0.002380316145718,0.0101824142038822
Q9W1E5_Q9VM76,0.0021844,0.012943,0.016022,0.18639101088047028,0.0038548307493329,0.0002571456425357
Q94535_Q9VZS5,0.0022321,0.012947,0.015917,0.057202085852622986,0.0004569270531646,0.0006907771457917
Q9VEQ2_Q7KMP8,0.0022321,0.013338,0.28329,0.20786884427070618,0.0361166037619113,0.5756296515464783
Q27884_Q9V3H2,0.0022214,0.013091,0.016944,0.10245559364557266,0.0017435563495382,0.007238823454827
C7DZL9_P47948,0.0022685,0.013254,0.015909,0.379695862531662,0.0002059744001599,0.0058312104083597
Q9V3Y8_Q9V3W2,0.002234,0.012932,0.015915,0.003517964854836464,0.0017566517926752,0.0151261035352945
Q24570_Q9W3X7,0.0022218,0.013029,0.0161,0.3329428732395172,0.0020608117338269,0.0001351735991192
Q9VZU4_Q9VXX0,0.002192,0.012942,0.015924,0.02977924607694149,0.0031041025649756,0.0029369310941547
Q24139_Q9VJQ5,0.002184,0.012962,0.015898,0.05663173645734787,0.0003605267847888,0.0009340726537629
Q9V3Z1_P25867,0.0021925,0.012992,0.015907,0.11059533804655075,0.0079911919310688,0.9792519211769104
Q24171_A8JNK7,0.014619,0.013017,0.01665,0.13634461164474487,0.0068440921604633,0.9410653114318848
A1ZB42_Q7JX41,0.0028398,0.014023,0.01593,0.03924574702978134,0.0144869787618517,0.020866472274065
Q01071_Q95TS5,0.0021772,0.013123,0.015935,0.015120244584977627,0.0002728878462221,0.0007970545557327
O62530_Q9VVU2,0.0022218,0.012929,0.015898,0.013329054228961468,0.0002879575185943,0.0027101673185825
A8DYC9_P91943,0.0023061,0.012978,0.016061,0.0051660132594406605,0.0013171253958716,0.5994706749916077
E1JGN7_A1A6X4,0.0021814,0.01314,0.026612,0.12055853009223938,0.0011255355784669,0.000205016680411
Q24324_Q9VZV5,0.0022133,0.013046,0.01595,0.07478026300668716,0.0039899186231195,0.0921559780836105
Q27889_Q7KS72,0.0024069,0.013052,0.048908,0.0393911711871624,0.0266280863434076,0.0686828345060348
Q26454_Q9VGW6,0.35671,0.013088,0.096907,0.1772085726261139,0.0008410720038227,0.0300018861889839
Q9VF10_Q9VJ83,0.0023477,0.013009,0.016067,0.009575629606842995,0.0103647327050566,0.0007562238024547
A1Z9I5_Q9VMV7,0.0022206,0.013027,0.019732,0.004061032086610794,0.0011066530132666,0.0032248594798147
P18824_Q9VF82,0.0021723,0.013037,0.015933,0.004333569202572107,0.9970145225524902,0.0214550402015447
P55935_Q7KY08,0.0022303,0.012922,0.015907,0.07735395431518555,0.0002990994835272,0.1497576981782913
P20227_Q9V9N4,0.034977,0.013036,0.016455,0.0691789910197258,0.0075533082708716,0.9499849081039428
Q9W087_Q9VA91,0.0021855,0.012979,0.015905,0.0107576297596097,0.0003025848709512,0.0069201872684061
Q9W542_Q9VE52,0.0067032,0.012966,0.018348,0.052656371146440506,0.0054486645385622,0.1844030916690826
Q24306_Q0E8K5,0.0022115,0.012986,0.015925,0.13484865427017212,0.0056867292150855,0.0172063317149877
Q8T390_Q9VEX9,0.0021839,0.012928,0.015897,0.09804326295852661,0.0032698868308216,0.0003090959507972
O17445_Q9VZU2,0.002185,0.012934,0.015893,0.15498684346675873,0.0003084056952502,0.3967401087284088
A4IJ58_Q24210,0.0022266,0.013038,0.018432,0.002138343406841159,0.0029691248200833,0.0051361573860049
E1JH43_Q9VJ33,0.0036282,0.013602,0.015943,0.06471197307109833,0.9975784420967102,0.864804744720459
Q9V461_Q8SXU3,0.0022177,0.012985,0.016121,0.05028010532259941,0.0020546410232782,0.0045616100542247
P40792_Q9VF77,0.0022051,0.013164,0.015957,0.0780177041888237,0.0003109094104729,0.0007786215282976
Q9VUW2_Q9V3I9,0.0021703,0.012955,0.015948,0.13464143872261047,0.0005267815431579,0.7915359735488892
Q9Y1B2_Q9W236,0.0021872,0.012938,0.015904,0.4896157383918762,0.0034873078111559,0.0006904993206262
Q9VQI4_Q9W4I7,0.0026322,0.012916,0.016037,0.09659896045923233,0.0082199880853295,0.1833040863275528
Q32UW5_Q9VGU4,0.32088,0.013676,0.018077,0.14671199023723602,0.0352123267948627,0.0002768374979496
P48554_P83949,0.025537,0.013195,0.018344,0.6462777853012085,0.0005892408080399,0.9387633204460144
Q9VR35_Q0E9B7,0.0073651,0.012945,0.016073,0.16483552753925323,0.0236532967537641,0.0053295302204787
Q8MRE6_P29310,0.0022023,0.014384,0.017081,0.009919194504618645,0.0003520864993333,0.0030640342738479
Q9VH07_Q9VIT3,0.0021781,0.012976,0.015906,0.10744991153478622,0.000641000282485,0.0103614265099167
P48555_P49258,0.0023868,0.015572,0.021352,0.13313047587871552,0.000367520522559,0.0161149743944406
Q8T0G4_P09081,0.0025586,0.012946,0.016032,0.5897170305252075,0.0058353282511234,0.9636276364326476
C0HL67_P05205,0.0022106,0.012969,0.016626,0.2018476277589798,0.9978963136672974,0.0242826659232378
Q24572_Q9W2P0,0.0022065,0.013628,0.015988,0.22722581028938293,0.0051623578183352,0.149486169219017
Q9VHE3_Q9NFU0,0.0027645,0.013068,0.01591,0.15467850863933563,0.0008610327495262,0.0009484739857725
Q9VB23_P31007,0.0022363,0.013068,0.019613,0.017380746081471443,0.0013595529599115,0.0004826767253689
Q7KSQ2_Q9XZ56,0.0022561,0.012954,0.016206,0.4321293532848358,0.0011644351761788,0.8792399168014526
Q9VNE9_E1JJE8,0.002167,0.012943,0.015934,0.005893389694392681,0.0003498679143376,0.0002186344499932
P52486_Q9VJZ6,0.0022029,0.013702,0.015905,0.05537925660610199,0.0007949159480631,0.0794807747006416
Q24276_Q9VVA7,0.0023252,0.013008,0.015917,0.004109189845621586,0.0007429537945427,0.0106771737337112
Q01083_Q9VYW6,0.0022938,0.013473,0.016171,0.05905301123857498,0.0035388241522014,0.0163022875785827
Q9VVI3_P17210,0.0022695,0.013161,0.016084,0.4127078056335449,0.0071275136433541,0.0028584443498402
A1A6X4_Q9V6B9,0.0021907,0.015197,0.14544,0.27629488706588745,0.0002505655866116,0.0047795660793781
P54611_P02283,0.0022004,0.012936,0.016023,0.0448201522231102,0.0017633975949138,0.0004064880195073
Q7KJ69_Q9W3R7,0.0021789,0.012984,0.015885,0.07548534870147705,0.0006450827931985,0.0263103991746902
P41042_P16378,0.0022054,0.012956,0.015893,0.012836087495088577,0.0002070060872938,0.0267884135246276
Q9VZU1_Q9W1Y1,0.0021812,0.01292,0.0159,0.053719211369752884,0.0006138780736364,0.1957274079322815
Q9V9Y9_Q9I7H8,0.010084,0.012999,0.015971,0.026348929852247238,0.0172253884375095,0.0007437641615979
Q9VCG6_Q8IQ53,0.0021769,0.013012,0.015891,0.18201197683811188,0.0023763584904372,0.0700643956661224
B7YZE6_Q9VX24,0.002272,0.012985,0.016154,0.11271354556083679,0.0014304583892226,0.0092522371560335
P17917_Q9VF77,0.002166,0.012928,0.015886,0.0739094540476799,0.0010582841932773,0.0026494432240724
B7Z0T5_O97143,0.032234,0.012964,0.016242,0.20278462767601013,0.0016206438886001,0.0062789320945739
P83949_Q9NHP1,0.002451,0.013235,0.016054,0.006699045188724995,0.0081838062033057,0.0005676237051375
Q8ML92_P35220,0.0021678,0.012926,0.015916,0.04799008369445801,0.0020825415849685,0.0004618023813236
A1ZAZ6_Q8SX32,0.0022842,0.012932,0.016004,0.0293424054980278,0.0116022815927863,0.0018535738345235
O96860_Q7JX41,0.0021717,0.012925,0.01589,0.253084659576416,0.0204910095781087,0.0088605815544724
Q95TJ9_Q9VHK6,0.0021776,0.012992,0.015896,0.01731562614440918,0.0003615983296185,0.0006657359190285
Q9Y0I1_Q9VTT2,0.0022009,0.012933,0.016085,0.06399793177843094,0.9831242561340332,0.0077840634621679
Q9VWD5_P41042,0.0022297,0.012924,0.015899,0.05013488233089447,0.0002927483874373,0.0010422414634376
Q9VQ91_Q9VN77,0.0021855,0.012987,0.015966,0.35666990280151367,0.0006120699108578,0.0006449536886066
Q9XZS4_Q7K1Y4,0.0022226,0.013403,0.015984,0.45103952288627625,0.0003527569351717,0.0434586703777313
P17789_Q8T3Y0,0.0033088,0.013061,0.018453,0.1287311613559723,0.0020514980424195,0.041957464069128
O76878_Q9VHM7,0.0026816,0.012979,0.016095,0.37911707162857056,0.0140637271106243,0.009354175068438
P49906_P81900,0.0021974,0.012967,0.015896,0.022391481325030327,0.0004177968075964,0.0018722872482612
Q7KA43_Q9VWZ1,0.0021804,0.013073,0.015849,0.23072898387908936,0.0004257357795722,0.0014874975895509
Q9W1E5_P48148,0.002205,0.013198,0.016018,0.29118916392326355,0.0021744652185589,0.0353775918483734
A1Z933_Q27884,0.0021893,0.013078,0.015907,0.02449800632894039,0.0002874889760278,0.0003259149088989
Q59DX6_P06602,0.0021919,0.013344,0.01595,0.1338234841823578,0.0008188771898858,0.0022892416454851
Q7KMS3_Q9VUY2,0.0022526,0.013319,0.01591,0.024468543007969856,0.0006476210546679,0.0034258803352713
Q9W358_O97420,0.0022288,0.013029,0.015878,0.05293818563222885,0.003763543209061,0.8388159871101379
Q9VUB8_Q9V3B4,0.0021819,0.01293,0.015907,0.1582101285457611,0.000429541018093,0.0112698292359709
Q9XYN7_Q8T3U2,0.0021896,0.012947,0.016015,0.1748201847076416,0.0002088799083139,0.963494598865509
Q9V4S8_Q9VSY8,0.0021901,0.012991,0.015921,0.6141905784606934,0.0008128556073643,0.0019645530264824
Q6NN40_Q7K2Q8,0.0021871,0.012932,0.015899,0.06878001987934113,0.0202049817889928,0.0321131609380245
Q9VF73_Q9VSY9,0.0022581,0.013041,0.015893,0.07039237022399902,0.9982989430427552,0.0029172322247177
P29310_Q9VS36,0.0022079,0.01355,0.027569,0.11249879002571106,0.9917938113212584,0.038750622421503
O18333_Q9VSE9,0.017259,0.013989,0.016381,0.15789946913719177,0.0027030110359191,0.0004264360468368
Q9VCQ7_O97111,0.0059684,0.012948,0.016006,0.0740271508693695,0.0035844948142766,0.0176620855927467
P48588_Q9V3G9,0.0021766,0.012937,0.015903,0.43187928199768066,0.0009361378615722,0.0004994246410205
Q9W418_Q9V3G1,0.0021768,0.013127,0.015903,0.12595203518867493,0.0004158977826591,0.0105106420814991
Q9VBH8_Q9V3W2,0.0023972,0.012929,0.016367,0.20703545212745667,0.0014740123879164,0.0025342782028019
A8JUS8_P25867,0.002317,0.013042,0.01603,0.12064942717552185,0.001097158063203,0.0003138652828056
Q7JZB4_Q9VTB4,0.0022905,0.012949,0.015892,0.2845340073108673,0.0021893365774303,0.0002101800782838
P24350_O76924,0.0022364,0.013345,0.016082,0.07618172466754913,0.0007159761153161,0.2317167967557907
Q9VZJ3_Q9VUF3,0.0030999,0.012962,0.01594,0.02542506344616413,0.0028698877431452,0.0027098257560282
Q9VJY9_P09087,0.0049125,0.012956,0.016111,0.0505053885281086,0.9985731840133668,0.9760873317718506
O97102_Q9VA32,0.002311,0.013059,0.015925,0.11261620372533798,0.0003777662641368,0.120326854288578
Q24318_Q9VJ83,0.0023724,0.012956,0.015907,0.06845472007989883,0.0005771921132691,0.987528920173645
Q9VYY9_Q24186,0.0021891,0.01297,0.015905,0.14634785056114197,0.0014820788055658,0.0031347970943897
Q9VNE9_Q9VEQ2,0.0021796,0.012984,0.015888,0.195535346865654,0.00074460596079,0.00662980414927
Q9VS38_Q24475,0.0022937,0.012927,0.015913,0.0010807038052007556,0.005578835029155,0.0006691652233712
A4IJ58_Q966T5,0.0029844,0.013019,0.01589,0.039515238255262375,0.0137650370597839,0.0002713025023695
P06602_P25158,0.0027389,0.012959,0.015947,0.1831684410572052,0.0059190122410655,0.0033771099988371
M9PBY4_Q9VS34,0.0022377,0.012933,0.015915,0.040281809866428375,0.0019743351731449,0.046650655567646
Q7KUD5_M9NF10,0.0021889,0.013089,0.015942,0.2158021777868271,0.0010941248619928,0.0020422593224793
C0HL67_Q9VCI7,0.0022111,0.012986,0.026938,0.019623417407274246,0.8484761714935303,0.0004050610878039
Q9VM46_Q7KM15,0.0022012,0.01293,0.016371,0.06593558937311172,0.0004418678872752,0.8714751601219177
Q45VV3_Q24324,0.0079283,0.012984,0.017526,0.045129384845495224,0.0231392588466405,0.0097412969917058
Q9VMH2_Q9VRT7,0.0021994,0.013002,0.01587,0.025150388479232788,0.0008125760359689,0.7851091027259827
Q9VVJ6_A1ZBY3,0.0026056,0.11286,0.10097,0.2592792212963104,0.0022555151954293,0.0126994950696825
Q9VD72_Q95RR8,0.0021874,0.012934,0.015889,0.1324291080236435,0.0005694458377547,0.0039660828188061
P23647_Q9VPU9,0.0081676,0.013184,0.016295,0.05961698666214943,0.7316336035728455,0.0016069326084107
Q9W2H9_P40797,0.0021974,0.012994,0.016281,0.09350887686014175,0.0103339636698365,0.001201745821163
Q03334_Q9V464,0.0021955,0.012934,0.015919,0.49943724274635315,0.0036874134093523,0.0367804057896137
Q9VIH1_Q9W3Q0,0.0022849,0.013009,0.016959,0.08337538689374924,0.000424421072239,0.0092991646379232
Q9VUX7_P23758,0.77488,0.013284,0.015964,0.10680577903985977,0.0008366350666619,0.014987826347351
P29844_P81909,0.0021806,0.012945,0.015891,0.1807156801223755,0.005045904777944,0.2979040443897247
Q01083_P25008,0.0021902,0.012936,0.015877,0.024944834411144257,0.0004296806873753,0.0892927572131156
P22711_P83949,0.18775,0.013528,0.016143,0.042730554938316345,0.9987586736679076,0.0001846380328061
Q9VKW8_Q0KI69,0.0021786,0.012986,0.015878,0.08500713109970093,0.0003645740798674,0.0008428370347246
P48554_P02833,0.0055685,0.013545,0.017914,0.18876636028289795,0.0006057968130335,0.627791166305542
Q9U1K1_Q9W0G1,0.014795,0.012964,0.016136,0.034607358276844025,0.0012556453002616,0.0059802080504596
P25867_Q9W0F8,0.0022029,0.013005,0.015894,0.09620773047208786,0.0003202714142389,0.0014423480024561
P81900_Q05201,0.00223,0.01297,0.015937,0.3312694728374481,0.0018412250792607,0.0004193523782305
Q9VNE9_Q9VJZ4,0.0022441,0.012931,0.015912,0.20888051390647888,0.0141863618046045,0.0184362530708313
Q9VSE9_P18489,0.0022475,0.012982,0.015921,0.013660439290106297,0.0004183847049716,0.9810866713523864
Q9VCV3_Q9VX94,0.0044212,0.013058,0.016635,0.04003634303808212,0.0016374664846807,0.9412147998809814
E1JJI1_Q9VHN1,0.0021807,0.012928,0.015896,0.06784292310476303,0.0085810832679271,0.0006015707040205
P48612_Q8ML92,0.0021802,0.013,0.015903,0.2659333050251007,0.0004896449390798,0.9818227291107178
P49028_Q9VS38,0.0022009,0.012924,0.015889,0.02635936625301838,0.0020267679356038,0.1546089649200439
P46824_Q8T4F2,0.0021943,0.013826,0.015951,0.24479123950004578,0.0069432826712727,0.0816841423511505
P29555_Q9VST2,0.2028,0.012981,0.016377,0.3338979184627533,0.2603788077831268,0.0042275385931134
P13582_P18932,0.0023311,0.013128,0.015894,0.5619486570358276,0.0005789875285699,0.0364851653575897
Q9W2A5_Q9VGY3,0.0022037,0.012946,0.015916,0.022397734224796295,0.0007267388282343,0.0933289229869842
Q9W2H9_Q9NCC3,0.0023253,0.012926,0.016216,0.09243457764387131,0.0078245420008897,0.0071236812509596
P22979_Q95TS5,0.002235,0.012969,0.015901,0.23955580592155457,0.0011972665088251,0.0022374377585947
P52486_Q9VXP1,0.0067719,0.013131,0.016049,0.05941507965326309,0.9701584577560424,0.0037283587735146
O76924_Q9W2E8,0.0022646,0.012974,0.015932,0.13849343359470367,0.0003754419740289,0.0163364801555871
Q9VZF5_Q9VJ02,0.0049386,0.013165,0.016096,0.12784726917743683,0.0046984744258224,0.0027175596915185
O15945_Q9VHD2,0.0021974,0.013016,0.050521,0.33633315563201904,0.0003574228321667,0.0002585111942607
Q9NHB0_Q9VRY0,0.0022,0.012932,0.015928,0.047861531376838684,0.0005380161455832,0.0050064655952155
Q9VG94_Q24106,0.0021751,0.012978,0.015886,0.026773741468787193,0.0022871438413858,0.0004222151474095
Q9W3N7_P22812,0.0022263,0.012936,0.01589,0.01043496374040842,0.0003196488250978,0.009832177311182
A1ZAK9_P12982,0.002214,0.013211,0.017472,0.10971374064683914,0.0022946530953049,0.0006313310586847
P13008_Q8IR14,0.0022393,0.012952,0.016169,0.27655601501464844,0.0002832331811077,0.0005393359460867
P11420_P13098,0.32844,0.013117,0.017674,0.013282964006066322,0.998416781425476,0.002600850071758
Q9W1Y1_P32031,0.0021858,0.01295,0.015884,0.011473927646875381,0.0003954932035412,0.0143416002392768
Q9VI72_Q7KSQ2,0.015099,0.013021,0.016301,0.021481091156601906,0.0039930632337927,0.0008419989608228
Q9VZM7_Q9VHD2,0.0021814,0.013027,0.015924,0.14122222363948822,0.0153127023950219,0.002189188497141
P52485_Q7KSP5,0.0021864,0.012987,0.016064,0.26841866970062256,0.0005955866654403,0.0146050350740551
Q8IH18_Q9VAC4,0.0022427,0.012928,0.016453,0.2607240080833435,0.0020210738293826,0.0026220367290079
P91664_Q7JWD6,0.0021894,0.013067,0.016004,0.11132290214300156,0.0003703401307575,0.6781553626060486
Q8T3U2_P13582,0.0021951,0.013288,0.015925,0.09859572350978851,0.0007500069914385,0.0021006455644965
Q7KSD8_A0A0B4LHU7,0.0047131,0.012939,0.016086,0.16970467567443848,0.080827958881855,0.9846712350845336
Q24475_Q9VLP3,0.0022441,0.012926,0.015951,0.1034853607416153,0.002169547136873,0.2364697456359863
Q9VMU4_Q9VC66,0.0021852,0.012972,0.015887,0.1952899843454361,0.0010456462623551,0.8977091312408447
O97420_Q4V5L1,0.0023483,0.012933,0.015915,0.01470044907182455,0.0175004880875349,0.0891602262854576
Q9U6B8_P20240,0.03188,0.013012,0.015974,0.20534713566303253,0.0009607272222638,0.0003895876870956
Q9XZ31_Q9VJD2,0.0021736,0.012933,0.015874,0.22060155868530273,0.0187493655830621,0.000513122882694
B6VQA1_Q9VJC7,0.0021855,0.013214,0.015913,0.24973949790000916,0.0005306552047841,0.0075448909774422
P18929_Q9VAQ8,0.0030497,0.01302,0.015894,0.4885912835597992,0.0003080034221056,0.6873619556427002
Q9VJM1_Q7K2G1,0.0021785,0.013019,0.015872,0.0440056286752224,0.0003743101842701,0.2272804826498031
D8FT20_Q7JWS8,0.0034464,0.01347,0.016344,0.19935625791549683,0.0005362937226891,0.4931769073009491
P48598_P05709,0.002189,0.013046,0.015921,0.012343352660536766,0.0003240864898543,0.0005973009392619
Q9VQK1_Q9W115,0.038854,0.014003,0.015988,0.03330546244978905,0.9933664202690125,0.0050381780602037
Q9VM46_Q9VTL1,0.0021801,0.012942,0.016185,0.21868395805358887,0.9988090991973876,0.0170604791492223
Q9V3V9_Q9VKW8,0.0021837,0.012958,0.015899,0.1179417222738266,0.0010725340107455,0.0004755239933729
P35220_Q95RV2,0.0026454,0.01292,0.015915,0.028169602155685425,0.0552303194999694,0.0617537833750247
Q7KUD5_Q27934,0.0021863,0.013028,0.016012,0.11102481931447983,0.0005055661895312,0.0107556954026222
A1ZBP6_O77260,0.0021897,0.012968,0.01589,0.028699811547994614,0.0288885589689016,0.8048610687255859
P10987_Q962S2,0.41245,0.020435,0.41327,0.12384000420570374,0.0021541928872466,0.0002288123214384
Q9VHE5_Q9W4I7,0.0021786,0.012982,0.020139,0.07702016830444336,0.0012097135186195,0.0019534493330866
Q8SWV6_P02283,0.0022139,0.012983,0.016147,0.37662404775619507,0.0003967656230088,0.0030076426919549
A0A0B4LGV6_Q8T0G4,0.0083249,0.012958,0.017492,0.021247494965791702,0.0017116339877247,0.0239216592162847
Q9W029_Q9W2S2,0.0022118,0.012948,0.015923,0.20995217561721802,0.0006089667440392,0.9022263288497924
Q9VPU9_O02193,0.0039863,0.012957,0.017081,0.060981448739767075,0.0024158842861652,0.0136251617223024
O44226_P55841,0.002188,0.013047,0.015929,0.003283028258010745,0.0003577069728635,0.8412531614303589
Q8INB9_Q7KSP5,0.011809,0.013005,0.016316,0.12936389446258545,0.0081858960911631,0.001295345951803
Q9VTP4_Q9V9Y9,0.0022111,0.012954,0.015958,0.10463660955429077,0.000330732378643,0.0053812433034181
Q9VQF9_Q9VJZ6,0.0022003,0.01297,0.015872,0.09730049222707748,0.0004349921073298,0.0622413046658039
A1Z9I5_Q9VMU0,0.0022269,0.012943,0.016458,0.005380549468100071,0.0005289249238558,0.0030557170975953
P04359_Q9V3B4,0.0021748,0.012911,0.015901,0.08452700078487396,0.0003992452693637,0.0016344516770914
Q8IRY7_Q9VSJ8,0.0021806,0.012934,0.015915,0.012945625931024551,0.0034752518404275,0.0003476857382338
Q9VUI0_Q9VM81,0.002252,0.012967,0.015941,0.07367376238107681,0.0005434287595562,0.0055139474570751
Q7KUD5_Q9VQ91,0.0021905,0.013528,0.016706,0.06668607890605927,0.0004757068818435,0.0004853091377299
P48555_Q9VQQ9,0.0022022,0.013095,0.016151,0.0068086888641119,0.1580706238746643,0.0004447815008461
Q24008_Q9VGV7,0.0021776,0.012946,0.015923,0.11583004146814346,0.0018471728544682,0.0041578607633709
P18930_P11420,0.0022094,0.0131,0.015854,0.027852678671479225,0.0002902001142501,0.0004403820494189
A8JUS8_Q9VGV7,0.0021914,0.012943,0.015916,0.4974980354309082,0.0035289793740957,0.0018219009507447
Q24423_Q9VAQ8,0.0021722,0.012961,0.015909,0.16332191228866577,0.0014084425056353,0.0028333566151559
Q709R6_Q9XYU0,0.002184,0.012992,0.016093,0.13394275307655334,0.0002858714724425,0.1979225277900695
Q9V4E0_O46034,0.0022033,0.013035,0.015956,0.6288010478019714,0.0002194953849539,0.0019669355824589
P41126_P29310,0.002184,0.013024,0.015911,0.3267090320587158,0.001594161032699,0.0047295223921537
Q4V5L1_Q8IN63,0.002326,0.01303,0.015888,0.2883654236793518,0.007336201146245,0.9589486122131348
Q59DZ4_Q95TS5,0.0022021,0.012947,0.015876,0.05228039249777794,0.0005211537354625,0.000292696757242
P13098_P18932,0.0022046,0.013095,0.015904,0.38381651043891907,0.000221458816668,0.3632269203662872
P20350_P36179,0.0021843,0.020858,0.015911,0.4853338897228241,0.0103495465591549,0.0006535439169965
Q7JWS8_Q8T3Y0,0.002191,0.014039,0.016441,0.5378143191337585,0.0030438327230513,0.0004145628190599
Q95TN8_P82804,0.0022303,0.012967,0.018414,0.024625638499855995,0.0245436560362577,0.9680519700050354
Q9VG94_Q7JVI3,0.0021789,0.012983,0.015931,0.009919287636876106,0.0010627243900671,0.7859806418418884
Q9VCV3_Q9VUQ1,0.0022624,0.013012,0.015927,0.09017345309257507,0.0021692665759474,0.0255104787647724
Q23973_A1ZBP6,0.0023165,0.012977,0.015896,0.00320178153924644,0.0003588641993701,0.0008507804595865
Q24472_O96860,0.0021642,0.012916,0.015885,0.6348344683647156,0.9989780187606812,0.0041819578036665
Q95TJ9_Q9VV74,0.0022776,0.012921,0.015964,0.07987283170223236,0.0010959148639813,0.43333300948143
Q7K304_Q9VAR6,0.002183,0.012985,0.015924,0.4095001816749573,0.0009256979101337,0.0046927984803915
M9PBM3_Q9VKK9,0.005099,0.012976,0.016019,0.32493284344673157,0.0214814618229866,0.0007810371462255
Q9W237_Q24168,0.0021835,0.012932,0.015903,0.10443975776433945,0.0061270371079444,0.001449158298783
Q9VKD6_Q9W0S8,0.0029747,0.013537,0.01592,0.03488774970173836,0.998897910118103,0.0075440597720444
P20227_A1ZAW9,0.0021811,0.013285,0.015911,0.2804787755012512,0.0216319933533668,0.021088607609272
Q05201_Q9VS36,0.0024229,0.012969,0.015966,0.02686106041073799,0.0027899648994207,0.9808433651924132
Q9VTM0_P40688,0.041386,0.014109,0.01594,0.017999766394495964,0.9905155897140504,0.001674236729741
P20353_Q9W358,0.0022225,0.0134,0.016077,0.23958048224449158,0.0309743490070104,0.0009896466508507
Q9VMU0_Q86BB4,0.0022006,0.012972,0.015874,0.007878548465669155,0.0002784169046208,0.0056784953922033
Q9VP57_Q9VVT5,0.002274,0.012969,0.015919,0.04773431271314621,0.9955068826675416,0.0434187948703765
Q9W380_Q9VT76,0.002275,0.013892,0.016181,0.11068329215049744,0.0003373328654561,0.002511418191716
Q7KSD8_Q94519,0.0021941,0.013032,0.016264,0.021153900772333145,0.0032661822624504,0.0034593476448208
Q7KMS3_Q7KM04,0.0022193,0.012964,0.01592,0.23950661718845367,0.0018744166009128,0.0161361955106258
Q8IPW3_Q9VS01,0.11144,0.01485,0.015932,0.4047524631023407,0.9988941550254822,0.0030031921342015
Q9Y0Z9_P40792,0.003265,0.017446,0.030843,0.034346241503953934,0.9943063855171204,0.000583189248573
P35128_Q7K105,0.0021779,0.013,0.015898,0.33149847388267517,0.0048105651512742,0.0405998080968856
Q9VJI7_Q9VRT7,0.73629,0.92939,0.1614,0.06634184718132019,0.9990469813346864,0.0006343998829834
Q9U1K1_A1Z9X0,0.0027707,0.01301,0.017721,0.3833935558795929,0.002718074247241,0.0009576041484251
Q9NHB0_Q9W3Q0,0.0022091,0.013002,0.015912,0.1430187225341797,0.0013514534803107,0.0004127625143155
Q9VAC4_P16241,0.0022119,0.012929,0.016175,0.035830624401569366,0.0011461683316156,0.2483590543270111
Q9VXS3_Q9VG94,0.0021735,0.012975,0.015892,0.005073610693216324,0.0056960871443152,0.0004606854054145
Q9W0F8_Q95RV2,0.0022017,0.012959,0.015888,0.34662070870399475,0.0007058140472508,0.9830302596092224
Q95028_Q9VAP2,0.0021693,0.012973,0.015926,0.6292640566825867,0.0059469239786267,0.0005580827128142
P04359_Q9VQK1,0.0021785,0.012921,0.015904,0.1817750781774521,0.001312238164246,0.0032813542056828
A0A0B4KEP9_Q9VJI9,0.0021838,0.012989,0.015925,0.5076660513877869,0.0013347244821488,0.002317297970876
Q24276_Q94533,0.0030787,0.012975,0.016578,0.08055254817008972,0.0007697116816416,0.1953593045473098
Q0E9B6_Q9VWA1,0.002211,0.012959,0.01615,0.11916768550872803,0.0003165274101775,0.0527542419731617
Q9VCZ8_Q9V3G1,0.0021982,0.012935,0.015921,0.23805484175682068,0.0003177086182404,0.0016406936338171
Q9W4S7_B7YZE6,0.0025279,0.012992,0.016525,0.02207779325544834,0.0082512469962239,0.0021672898437827
Q94535_Q9VX36,0.0021948,0.012987,0.015907,0.046592600643634796,0.0003065892669837,0.974937617778778
Q9VZM7_Q9VS55,0.0022782,0.013046,0.016293,0.13961148262023926,0.0731850415468216,0.0057809092104434
Q7JYX5_Q9W237,0.0022611,0.013069,0.015912,0.10416792333126068,0.000250410841545,0.0005291982088238
Q9VG38_Q9W483,0.0021908,0.012924,0.017037,0.0396677665412426,0.9984275102615356,0.0036372116301208
A1Z933_O97183,0.0021694,0.012937,0.015883,0.04133862257003784,0.000260634580627,0.1540790945291519
P40797_Q8I7C3,0.0046508,0.013069,0.016906,0.010586828924715519,0.01134779676795,0.0096560614183545
Q9V3V9_Q9VTW3,0.002185,0.012927,0.0159,0.01339784637093544,0.9959917664527892,0.0003381067072041
Q7JX41_P09052,0.0022593,0.013014,0.016086,0.19751644134521484,0.0014201616868376,0.0027442064601927
Q9VCI7_Q9VFP2,0.0029502,0.012953,0.016226,0.052251577377319336,0.0016631301259621,0.0059903413057327
Q8MRQ1_O46339,0.51786,0.013081,0.01604,0.0017902837134897709,0.056383691728115,0.9656217098236084
P16914_Q9VZM7,0.0021782,0.013219,0.015937,0.26095882058143616,0.0404209569096565,0.9446249008178712
Q9VVX0_Q9V9M7,0.002202,0.012926,0.015888,0.02098890393972397,0.0017095566727221,0.0159879345446825
Q9VCZ8_Q9VZJ3,0.0021998,0.012964,0.015898,0.20139488577842712,0.0009283101535402,0.0218014139682054
Q7K0E6_P35128,0.0021949,0.013914,0.015938,0.39729106426239014,0.0003148366231471,0.0001943415118148
Q9VVT5_Q9VLB2,0.011045,0.029933,0.015921,0.04738461226224899,0.9976953864097596,0.370771199464798
Q9VC66_Q9VF73,0.23855,0.42865,0.016125,0.027553584426641464,0.9987070560455322,0.3430014550685882
Q9VS55_Q9V393,0.0023235,0.012954,0.016196,0.41064682602882385,0.0031125571113079,0.0002475125947967
Q9VTZ7_P98149,0.0022087,0.012984,0.01667,0.20882003009319305,0.9984663724899292,0.1246751099824905
Q7KA43_Q9VY87,0.0022189,0.012979,0.016055,0.193594291806221,0.0004503475793171,0.0030965246260166
Q9VYW2_P54359,0.0027202,0.013005,0.015922,0.0047167083248496056,0.0026005543768405,0.002347998553887
Q9VLU0_P17133,0.0022297,0.013137,0.015903,0.06148069351911545,0.0017796151805669,0.0029983816202729
O61602_P83949,0.0030358,0.013269,0.015964,0.2173350602388382,0.012526704929769,0.1195725873112678
Q9V3J8_Q9V9Y9,0.002208,0.013266,0.016719,0.04461175948381424,0.0231850799173116,0.0305843111127614
Q94513_Q9VTM0,0.041585,0.014012,0.015912,0.23823562264442444,0.0009461421868763,0.0329685285687446
Q9VSB6_Q7KM15,0.0021907,0.012941,0.015888,0.028924087062478065,0.0010341360466554,0.0043655084446072
P38979_Q9V7W9,0.0022423,0.012928,0.015954,0.14646704494953156,0.0006586233503185,0.0116300331428647
Q9XYN7_Q9W2K3,0.0021842,0.012931,0.015894,0.38334211707115173,0.0002487940073478,0.8199090957641602
Q8SZ16_A8JNK7,0.0021873,0.012932,0.015899,0.14740946888923645,0.0016101312357932,0.0004119372169952
O76908_O97111,0.0027156,0.013056,0.016062,0.31726938486099243,0.0015086713247001,0.0047799311578273
Q9VWX1_P83094,0.011431,0.012937,0.01593,0.026551565155386925,0.0031146116089075,0.0005656230496242
A1ZAS3_Q9VN77,0.0021771,0.013042,0.016019,0.27552223205566406,0.0018857646500691,0.0015449675265699
Q9VPK4_P10734,0.2092,0.012965,0.016029,0.15421971678733826,0.0039534992538392,0.0002468047023285
Q9VEG5_Q9VT76,0.0021888,0.013515,0.015986,0.11350896954536438,0.0002835730847436,0.0053198956884443
P48607_I0B1P6,0.0022335,0.01295,0.015957,0.10959923267364502,0.0002832002355717,0.9626518487930298
P18101_P49071,0.0022867,0.013123,0.017212,0.24477311968803406,0.0059171826578676,0.0110605023801326
Q9VTW5_P06603,0.0022397,0.013229,0.01616,0.42577019333839417,0.0033220048062503,0.0033202210906893
Q9VTZ7_Q7K2Q8,0.0021749,0.01294,0.015901,0.06953693181276321,0.0036514005623757,0.0230171885341405
O97418_O44226,0.0022048,0.012966,0.015917,0.10086125880479813,0.0003185113891959,0.0031229862943291
Q26454_Q9VGV7,0.002206,0.012934,0.016289,0.03700948506593704,0.0052563198842108,0.0089894086122512
Q9VEX9_P53034,0.0021915,0.012938,0.015886,0.189677432179451,0.0021697247866541,0.0018222409998998
Q9VM76_P16568,0.0032433,0.01301,0.015919,0.30175790190696716,0.003936119377613,0.0008851657621562
Q95TJ9_Q7K306,0.0022854,0.012983,0.017186,0.11702191084623337,0.9985343217849731,0.0023249227087944
Q05825_P54367,0.0022034,0.012994,0.015974,0.02656564489006996,0.0002337709011044,0.0169111154973506
Q9VUX7_Q9VHE3,0.86936,0.81765,0.015945,0.05801302194595337,0.0349679142236709,0.0008677102159708
Q7JXB9_Q24152,0.0021834,0.012927,0.015903,0.12388352304697037,0.0135622965171933,0.0005570349749177
P48159_Q9W0S8,0.002177,0.013048,0.015994,0.26794180274009705,0.000365296844393,0.197656974196434
O16867_Q9NFZ3,0.0022053,0.012983,0.015887,0.03794124722480774,0.0104208653792738,0.1329478174448013
Q9VUB8_Q9VUI0,0.0022088,0.012959,0.015962,0.36750903725624084,0.0022485596127808,0.07562255859375
Q9W236_Q961D1,0.0021876,0.012928,0.015903,0.2187999188899994,0.0017765419324859,0.0019340750295668
Q8T0S6_Q9VX37,0.34191,0.013066,0.016665,0.14835691452026367,0.0018156465375795,0.0031555481255054
Q95U62_Q9VHN1,0.0021766,0.012943,0.015904,0.5106319785118103,0.0467422381043434,0.346576988697052
Q7K2L1_P32100,0.0021746,0.012925,0.016085,0.4144389033317566,0.0014238490257412,0.9789831638336182
Q9W148_Q9VTT2,0.059161,0.012949,0.021709,0.09820933640003204,0.0073204631917178,0.4233444333076477
O17445_Q7KTX7,0.0021855,0.013009,0.015943,0.2642378509044647,0.000419088784838,0.0004894954035989
O97420_Q7K304,0.0021983,0.012952,0.015909,0.047100041061639786,0.0012147449888288,0.0004082448722328
P48612_Q9VF73,0.0021998,0.012961,0.015886,0.0653916746377945,0.002273209625855,0.0019745784811675
Q7KRW1_P26308,0.0021893,0.012987,0.015924,0.09914808720350266,0.0022772287484258,0.3598174452781677
Q9VJ12_Q7KRY6,0.017845,0.012965,0.019571,0.2287209928035736,0.0098672276362776,0.0006559669272974
Q9VZU2_Q9VHA9,0.0021863,0.013056,0.01648,0.013580432161688805,0.0002707614330574,0.0017231929814442
Q9VF77_Q9W0B3,0.0021724,0.012916,0.0159,0.18191947042942047,0.0009603300131857,0.0031981011852622
Q27297_Q9VZ01,0.002197,0.012984,0.015896,0.08083987981081009,0.0023860684596002,0.3333266377449035
Q9VSN0_P08970,0.0021957,0.012923,0.015952,0.6052875518798828,0.9296812415122986,0.7218471169471741
B7Z0T5_E1JJE8,0.20374,0.012963,0.016671,0.12560336291790009,0.0025879805907607,0.0002401390811428
Q9XZ61_Q9V4S8,0.0021748,0.012923,0.015876,0.09411299973726273,0.0003893710963893,0.0290329195559024
Q7KS72_Q9VST2,0.041456,0.01299,0.016278,0.12132521718740463,0.054042100906372,0.0506818816065788
O61231_Q9W3X7,0.0022602,0.013004,0.016,0.05480233207345009,0.0031147403642535,0.0001057750632753
Q24306_O77260,0.0022519,0.012968,0.15657,0.15474393963813782,0.0009998054010793,0.0018654152518138
Q9VEV9_P06603,0.0022253,0.013198,0.015958,0.03509058058261871,0.0011900068493559,0.0003948331577703
Q9VUW2_P54359,0.0021965,0.013575,0.01594,0.42679309844970703,0.0002779487986117,0.1370409429073333
Q9VA95_Q95SG9,0.0021849,0.012935,0.015934,0.2073974907398224,0.0006271569873206,0.0105575947090983
Q9VN42_Q9VY87,0.0021892,0.012943,0.015958,0.05507533997297287,0.0002812502498272,0.0023269255179911
Q9VQY9_Q9VXA5,0.0021769,0.012939,0.015891,0.23069816827774048,0.000224481409532,0.0011098514078184
Q9W0G1_P84040,0.14089,0.013026,0.89969,0.09391472488641739,0.0010221876436844,0.0929096341133117
P20009_P83949,0.059017,0.013619,0.016375,0.04015344753861427,0.9987070560455322,0.0003483672044239
Q8MRQ1_Q45VV3,0.77138,0.012991,0.016096,0.1859448105096817,0.0228801053017377,0.0003731090109795
P55935_Q94519,0.0024832,0.013105,0.016225,0.4549071490764618,0.000998129369691,0.0228839181363582
Q0E9G3_Q9VF10,0.003135,0.012934,0.016096,0.33036014437675476,0.0814242959022522,0.0010922794463112
Q9VV73_Q94511,0.0022352,0.012937,0.015951,0.18772995471954346,0.0003741724940482,0.0008090178598649
P18431_Q9V407,0.0059373,0.012991,0.017378,0.1057538241147995,0.005890236236155,0.2395834475755691
Q9V457_Q23983,0.0021752,0.013132,0.020149,0.10722868144512177,0.0007282978040166,0.5108876824378967
X2J8N3_P50887,0.0021802,0.012933,0.015934,0.10260621458292007,0.0003980157489422,0.0017880286322906
P19889_P29844,0.002191,0.013086,0.016018,0.05642631649971008,0.010716482065618,0.0003261026286054
Q9VZM7_E1JHY7,0.0021839,0.013088,0.016373,0.1290999948978424,0.8782026767730713,0.0743802562355995
P16914_Q94545,0.0021833,0.01295,0.015952,0.011045251041650772,0.99851793050766,0.8226861357688904
P92177_P48598,0.0021942,0.013313,0.015965,0.2442270815372467,0.0086918175220489,0.0057959775440394
Q27350_Q24133,0.0022231,0.013264,0.015941,0.07672508805990219,0.0014712878037244,0.0010576250497251
C6SV45_M9PF96,0.0022576,0.013655,0.016015,0.06405270844697952,0.0003813308139797,0.0009790526237338
P34021_Q24008,0.0025231,0.012967,0.016073,0.18736819922924042,0.004754414781928,0.0004775330307893
Q9VWG3_P36188,0.0021863,0.012943,0.015949,0.41855329275131226,0.000995231908746,0.0014369265409186
P54359_Q9W418,0.0024301,0.013159,0.015975,0.04286180064082146,0.0009271327289752,0.0106250522658228
P80455_Q7K3V6,0.0053361,0.013478,0.016259,0.5088202357292175,0.0007352924440056,0.0168326944112777
P92177_Q7PL91,0.0021914,0.013151,0.015939,0.05141487345099449,0.0002806751290336,0.0004951322916895
Q9VI13_Q9VBC5,0.78765,0.013068,0.016215,0.03075489215552807,0.0020284941419959,0.1612583100795745
P49028_P26308,0.0021971,0.013121,0.016019,0.06381094455718994,0.0017172006191685,0.0072548678144812
O46034_Q9W029,0.0021819,0.012953,0.015889,0.03376467525959015,0.0002680102188605,0.0005073946667835
Q0E8N2_Q9VJE4,0.0021773,0.012944,0.015875,0.13231916725635529,0.0007077316986396,0.016384394839406
Q8MRE6_Q9VJZ6,0.0021894,0.012975,0.015969,0.1594216227531433,0.0010296287946403,0.0011191244702786
Q9W499_P21461,0.0021903,0.013001,0.015933,0.023831194266676903,0.0002428143925499,0.0019684180151671
Q01071_A0A0B4LHU7,0.0061664,0.013027,0.015944,0.33528080582618713,0.9982057809829712,0.0053385342471301
Q2PE14_P29503,0.0028154,0.012979,0.016137,0.27250155806541443,0.0006061277235858,0.0005947871832177
Q7KM15_P22711,0.0022275,0.012931,0.015942,0.026139190420508385,0.0017278747400268,0.0046333647333085
P18489_X2JDZ1,0.0025163,0.013069,0.015903,0.17515844106674194,0.0043021976016461,0.0485166236758232
Q9VF04_A1ZAZ6,0.0022778,0.012919,0.015959,0.11818023771047592,0.9984532594680786,0.0008543875301256
Q7KJ69_Q9VJZ4,0.002184,0.012922,0.015904,0.04498251900076866,0.0004167413280811,0.2570428848266601
Q9VKW3_P35220,0.0021715,0.012937,0.015898,0.48414817452430725,0.0003088102384936,0.0007997912471182
O76878_Q7JVK6,0.0026104,0.013,0.015892,0.23788733780384064,0.0010883818613365,0.0010716159595176
Q7K2Q8_Q7K306,0.0021794,0.012984,0.015904,0.04740431159734726,0.0007188314921222,0.0015142022166401
Q7JXA8_Q9VRX1,0.0022106,0.013113,0.017622,0.5454780459403992,0.997983694076538,0.0009267225395888
Q27368_P23572,0.0022932,0.012975,0.016185,0.06384257972240448,0.0516179502010345,0.0003441359149292
Q9VAN8_Q9VF04,0.0022348,0.01292,0.016002,0.12138353288173676,0.1017884835600853,0.0008056543883867
Q6NN40_Q9VEA2,0.0022125,0.013272,0.015975,0.02612849697470665,0.0219566710293293,0.0658653080463409
P48607_A1Z9E2,0.0022589,0.013075,0.015985,0.22268858551979065,0.000349017092958,0.5624609589576721
Q95RJ9_Q06559,0.0021839,0.012971,0.015921,0.34762826561927795,0.000601508480031,0.2763619124889374
O18334_Q9W4R3,0.0022311,0.014097,0.016018,0.16175708174705505,0.0008899574168026,0.0008663746993988
Q9W0F8_Q9VAQ8,0.0025221,0.013293,0.025679,0.12818747758865356,0.0030119051225483,0.0079757459461689
O96860_Q058Z8,0.0021869,0.012926,0.015875,0.011927951127290726,0.0040306723676621,0.0025511998683214
A8DYC9_Q8SZX5,0.0024195,0.013178,0.015943,0.5201551914215088,0.9982158541679382,0.0083306757733225
Q9VZS5_E1JGN7,0.0021966,0.012946,0.0161,0.007313871756196022,0.0002911723568104,0.0503129586577415
Q7KMG7_P18934,0.0027125,0.012966,0.015882,0.07746116071939468,0.0002898973471019,0.969076693058014
Q9VMH2_Q9V3C7,0.0021921,0.012982,0.015949,0.0019169716397300363,0.0130275636911392,0.0009903946192935
Q01068_Q7K049,0.49885,0.013179,0.016071,0.40128597617149353,0.0009378983522765,0.0293691586703062
P84051_Q7JWS8,0.0065035,0.013591,0.038229,0.08565724641084671,0.0002913094940595,0.0009949214290827
P52654_Q9W3E1,0.0023991,0.013401,0.016534,0.11843661963939667,0.0113005293533205,0.9321143627166748
Q7K2G1_Q9VLI9,0.0021712,0.012929,0.015887,0.04524247348308563,0.0051456880755722,0.9643877148628236
O44437_Q9VTM2,0.0021963,0.013021,0.015933,0.054190829396247864,0.0003332425258122,0.0008761064382269
Q8SXU3_P06754,0.0021763,0.013151,0.015913,0.24337638914585114,0.000331502611516,0.8634576797485352
Q9VQD7_P43332,0.0021738,0.012944,0.015888,0.0382520854473114,0.0053703314624726,0.0006196883041411
Q9VUW2_Q9VB14,0.0022321,0.012981,0.015947,0.29054659605026245,0.0002647886285558,0.1962243467569351
Q8IPW3_Q06453,0.0022496,0.012971,0.015877,0.4175145626068115,0.0020953544881194,0.0006328677991405
Q9VSJ8_Q9VBY7,0.0021969,0.012927,0.01593,0.02349518984556198,0.0021571479737758,0.00027116027195
Q9VQI4_Q9W074,0.002203,0.012926,0.016037,0.021265633404254913,0.0011691722320392,0.0002036971418419
Q9VEX5_Q24570,0.0023488,0.012957,0.016088,0.4152020514011383,0.9766207933425904,0.0420657098293304
P42124_Q9NJG9,0.0022156,0.012916,0.016305,0.01598718948662281,0.0086020892485976,0.0003842886071652
Q94518_Q9VKV4,0.002174,0.012919,0.015919,0.08930043876171112,0.0004186679143458,0.0313004925847053
P21461_P20009,0.0021943,0.013246,0.015945,0.03171607479453087,0.0004874511214438,0.1203405112028122
Q9VR35_Q9VSG1,0.0021769,0.012929,0.015902,0.0738835260272026,0.0577622428536415,0.0004154343623667
Q95SG9_Q9V3G9,0.0021819,0.012931,0.015992,0.2689298987388611,0.008763768710196,0.7311002016067505
P36188_Q9VFE4,0.0022467,0.013054,0.016211,0.09773408621549606,0.0006110863178037,0.0002994489914271
P12982_Q0E9G3,0.0022263,0.013009,0.016424,0.0246272012591362,0.0104190614074468,0.0006696481141261
Q9VR09_P31009,0.0022072,0.012947,0.015915,0.051946401596069336,0.0026431418955326,0.0006198221235536
P12982_Q9V7W9,0.0022548,0.013031,0.020021,0.07560095191001892,0.0092222969979047,0.0160781349986791
P40797_P23647,0.0022184,0.013078,0.016009,0.07045954465866089,0.0216132197529077,0.0163420755416154
P19889_Q9W1K4,0.002193,0.012939,0.015932,0.1859206110239029,0.0064130206592381,0.0001288175699301
Q9Y0I1_Q9VSN0,0.0021927,0.012923,0.016931,0.019199956208467484,0.112543873488903,0.0012603411450982
Q9V9W3_Q9VSJ8,0.0021984,0.012923,0.016646,0.32569706439971924,0.0003190244024153,0.0026171396020799
A8JUS8_Q960Q9,0.0022327,0.012948,0.027874,0.09893423318862915,0.0025431180838495,0.0034213268663734
Q8IQ92_Q32UW5,0.0026751,0.013016,0.016082,0.06332185119390488,0.0021407634485512,0.0003547618689481
Q9VWG3_Q7K0E6,0.0022156,0.01294,0.015967,0.038161564618349075,0.0005173658719286,0.9863147735595704
Q24564_Q9VCR6,0.0051,0.012982,0.016067,0.17180119454860687,0.0041247890330851,0.0084679294377565
Q9W237_Q94518,0.0022742,0.013065,0.016493,0.18963481485843658,0.1416540592908859,0.0474287308752536
P18289_Q95TN8,0.013792,0.013123,0.016343,0.25543540716171265,0.0073616597801446,0.0062957229092717
Q9W229_Q9VX36,0.0022047,0.012977,0.015894,0.207563579082489,0.0005479493993334,0.6244158744812012
Q7KN62_Q24171,0.0023193,0.013024,0.016115,0.0554511658847332,0.0048297150060534,0.0008573771920055
Q9VL93_P25158,0.0022963,0.012932,0.016017,0.1702527552843094,0.109037347137928,0.003111008554697
O97420_Q8T414,0.11133,0.013011,0.015947,0.015104600228369236,0.0241318475455045,0.5646155476570129
Q9V3Z1_Q8I0J6,0.0071741,0.013069,0.016341,0.05239734426140785,0.0109603209421038,0.0220877435058355
Q9W140_Q9VJ33,0.0023042,0.013002,0.015905,0.03656267002224922,0.0020337956957519,0.981285572052002
Q9VBP9_D5SHR0,0.0021806,0.012934,0.015913,0.02734822779893875,0.0086625684052705,0.0009815089870244
Q8I7C3_Q9U8R4,0.0021793,0.013025,0.016185,0.06422523409128189,0.0244441181421279,0.7233392000198364
Q8SYM9_Q7KUL3,0.0022282,0.012937,0.015912,0.321323424577713,0.0022473211865872,0.0433887019753456
A1ZBT5_Q7K2Q8,0.0022061,0.012925,0.015886,0.08625687658786774,0.0005874861381016,0.0014815127942711
P83094_Q9VUB8,0.0022376,0.012959,0.015904,0.10541383922100067,0.0007195933139882,0.8191260099411011
Q9VTT2_Q9VTE5,0.0023146,0.012946,0.015989,0.10194400697946548,0.00287551805377,0.0025889445096254
P31007_O01382,0.0021828,0.012961,0.015963,0.3050873279571533,0.0077364607714116,0.0002862148103304
Q960Q9_Q9VT31,0.004461,0.012943,0.015939,0.16020679473876953,0.0007921438664197,0.0081511586904525
Q9W4S7_Q86P80,0.013907,0.012964,0.016103,0.014338850043714046,0.0120387692004442,0.0043013705871999
B7Z0T5_Q24572,0.0024541,0.014024,0.046065,0.41523829102516174,0.4995193481445312,0.0038763207849115
P48609_Q7KUZ5,0.0022521,0.013023,0.016582,0.006016511470079422,0.9982118606567384,0.0135871795937418
Q8I7C3_O16797,0.0021985,0.012939,0.016925,0.05045159533619881,0.0005580991855822,0.0329988710582256
Q9VAF3_M9PBY4,0.0022601,0.012923,0.015935,0.4253675937652588,0.0020792405121028,0.0020937097724527
P11346_Q24324,0.0043041,0.013348,0.22034,0.07508185505867004,0.1566777974367141,0.0060434904880821
P40791_Q8SX86,0.0021987,0.012927,0.015958,0.009512223303318024,0.0051033734343945,0.0045673949643969
P20227_Q7JXV9,0.0021755,0.012968,0.01589,0.08696289360523224,0.0011221199529245,0.2881986796855926
Q9VBQ3_P98149,0.0021904,0.012992,0.016027,0.30665403604507446,0.0058324383571743,0.0077142580412328
A4IJ58_Q8IMZ4,0.004854,0.012933,0.01603,0.3841390907764435,0.0119949458166956,0.0003138901374768
Q9VSM9_Q9W358,0.002573,0.013786,0.016577,0.04282278195023537,0.0020624282769858,0.513484001159668
Q9V3B4_P02299,0.0022007,0.012942,0.015931,0.029522353783249855,0.000331885588821,0.0015509680379182
Q8T476_P50887,0.0021781,0.0131,0.016334,0.29803285002708435,0.0010193838970735,0.0013643716229125
Q9VI60_Q9VHV8,0.0021811,0.012954,0.015883,0.18063843250274658,0.0021473455708473,0.002719490090385
P18932_Q9W0A8,0.0021884,0.012967,0.015891,0.11829601228237152,0.0003210524737369,0.0024882890284061
P20350_Q7KSQ2,0.002191,0.013181,0.016057,0.17205370962619781,0.0003507205110508,0.3557380735874176
Q9VW58_Q9VYY9,0.0021813,0.01299,0.015892,0.02450372651219368,0.00077163282549,0.0016405204078182
E1JGN7_P25843,0.0021922,0.012928,0.015885,0.127091646194458,0.0022999516222625,0.0087621379643678
Q9VEQ2_Q9W1Y1,0.002179,0.013047,0.015932,0.015230530872941017,0.0100806942209601,0.0116122225299477
Q9VX37_Q9VMJ4,0.067877,0.013,0.016123,0.1810237467288971,0.0022478813771158,0.9849368929862976
Q9VIZ0_P48159,0.0021939,0.013086,0.016,0.4073472321033478,0.9988595247268676,0.0025847011711448
P16914_P13677,0.0022465,0.013076,0.03131,0.24179060757160187,0.0061572864651679,0.9759357571601868
Q9W2V7_Q9VMV7,0.0021813,0.012956,0.015963,0.33134719729423523,0.0046081240288913,0.0021523302420973
P04359_P25158,0.0021793,0.012912,0.015968,0.011838017031550407,0.007209712639451,0.0002407094143563
P06602_Q9VHB6,0.0021787,0.012982,0.015904,0.6118606328964233,0.0011115353554487,0.1608417332172393
A1Z9I5_Q9VBQ3,0.002177,0.013003,0.01593,0.022104017436504364,0.0011207946809008,0.0091006020084023
Q8T390_Q9VGC1,0.0022147,0.013021,0.015972,0.3091678023338318,0.0053145615383982,0.0129653559997677
Q9VTC2_O77237,0.0021916,0.01293,0.015909,0.12043380737304688,0.000622356601525,0.0005990169593133
Q6IDF5_Q9VF77,0.0022207,0.012908,0.015896,0.1635924130678177,0.0004553964536171,0.0086432993412017
P25158_P22711,0.035214,0.012949,0.016298,0.06338381767272949,0.0560463741421699,0.7333720326423645
Q9W3X7_Q9U5W9,0.0021943,0.012935,0.015889,0.06481263041496277,0.0007779862498864,0.0002940280537586
P41092_A8DYC9,0.0022318,0.01295,0.015913,0.08495716005563736,0.0011779251508414,0.0019234456121921
Q24475_Q7JYH3,0.0022303,0.012928,0.015895,0.589086651802063,0.0004240023554302,0.0002472856722306
Q24572_P55841,0.0022113,0.012942,0.016026,0.11049032211303711,0.0007766644121147,0.0011688047088682
P08510_Q9VGF9,0.0022121,0.013018,0.017045,0.07565181702375412,0.0025575272738933,0.0073439353145658
Q9VFT4_Q9VGY3,0.002182,0.012931,0.01588,0.42629095911979675,0.2829803228378296,0.0002707433595787
Q9VZ01_Q9VLU0,0.0022021,0.012979,0.0159,0.04330170154571533,0.0005964160664007,0.1548752337694168
P18101_Q9VHE3,0.0021839,0.013007,0.015945,0.2712244987487793,0.0068568028509616,0.2008112668991089
P16378_P11346,0.002477,0.013648,0.016349,0.10795314610004425,0.2946858406066894,0.0004730464715976
Q9NFU0_P31007,0.063339,0.012957,0.016484,0.20742973685264587,0.0065868040546774,0.0028877980075776
Q9VP65_Q9VKW8,0.0022036,0.012991,0.015906,0.39374426007270813,0.0003043769684154,0.3384808599948883
Q9V6Q2_Q9W2K3,0.0034582,0.012925,0.016572,0.046973954886198044,0.0008830264559946,0.0003568452375475
O96860_Q9VHV8,0.0021703,0.012938,0.015887,0.024163514375686646,0.0199302863329648,0.0008572624647058
Q9VGS2_Q9VJY6,0.0022129,0.012958,0.015946,0.02744464948773384,0.0013947144616395,0.1965386569499969
Q9W418_Q8IPW2,0.0023755,0.67923,0.016784,0.16882538795471191,0.0175637546926736,0.0045316223986446
Q9VKW8_P25008,0.0021924,0.012943,0.015899,0.415790855884552,0.0002475208602845,0.9828622937202454
P29503_Q9VJY6,0.0021913,0.01298,0.01606,0.18021613359451294,0.9917032122612,0.3902418613433838
A0A0B4KEP9_Q9VMV7,0.0022163,0.012998,0.016038,0.17977824807167053,0.0012067580828443,0.0026780180633068
Q9VJI7_Q7JWS8,0.0024197,0.013023,0.015878,0.13215892016887665,0.0002193387190345,0.0006164523074403
A1ZAW5_Q9VT57,0.0022581,0.012967,0.016356,0.14393417537212372,0.0014101597480475,0.0611597038805484
P10084_Q01068,0.36551,0.013424,0.022105,0.007879654876887798,0.9985548853874208,0.7471274733543396
Q9VWA1_Q9VTC2,0.0022085,0.012991,0.015958,0.25334879755973816,0.0131994616240262,0.0011087481398135
Q9W1E5_Q9VFB9,0.0021938,0.012939,0.016052,0.3033312261104584,0.0018954192055389,0.0008901919936761
Q9VDK2_M9NF10,0.0022338,0.012997,0.015896,0.568255603313446,0.001369584351778,0.0004222107236273
Q7KMG7_Q9VEC5,0.0021675,0.013131,0.015901,0.11445332318544388,0.0004360703460406,0.0066408994607627
Q24547_Q8IML3,0.0028506,0.012967,0.015939,0.12812697887420654,0.000243021902861,0.0067316554486751
A1Z9E2_A0A0B4KGY6,0.33159,0.012961,0.01617,0.2421548217535019,0.0076219495385885,0.002267706207931
P20227_M9PF17,0.0021883,0.013182,0.015939,0.24192097783088684,0.0007443718495778,0.9195860028266908
P06603_Q7K4N3,0.0021686,0.013222,0.018608,0.3239561915397644,0.0166982598602771,0.9294041991233826
Q9VZV5_Q9VBN5,0.0021909,0.012994,0.015927,0.1673930287361145,0.0003090482205152,0.4292371869087219
Q9VLT7_Q24472,0.0021947,0.012911,0.015968,0.24573907256126404,0.0017426676349714,0.0034531836863607
Q9VMR2_P04197,0.002328,0.012957,0.01609,0.007616818882524967,0.0632480308413505,0.050367459654808
Q9W3E1_Q9VPX6,0.0022808,0.013273,0.016009,0.12704159319400787,0.0053999265655875,0.0180298779159784
P22979_Q7K1Y4,0.0022068,0.012932,0.016037,0.014956749975681305,0.0066744391806423,0.0001924539974424
P08928_P20240,0.041695,0.013324,0.015919,0.25184035301208496,0.0051382482051849,0.8626433610916138
Q27368_Q9W481,0.0042079,0.012971,0.015923,0.041651491075754166,0.0278771817684173,0.0001531298767076
Q9VPU9_Q9VHB7,0.0035017,0.012977,0.016417,0.369406133890152,0.0112765897065401,0.8572012186050415
Q9VV74_Q9Y0Z9,0.0023353,0.012978,0.015948,0.19567595422267914,0.000291329488391,0.0004677237593568
E1JHY7_Q7PLK0,0.0021865,0.012964,0.016123,0.5575964450836182,0.0415980480611324,0.0001446579553885
A1Z9S1_Q7KUL3,0.0035395,0.013778,0.015962,0.06990621984004974,0.2042007595300674,0.0555069036781787
Q9VMI3_Q9W2R4,0.0021818,0.013678,0.015959,0.010917574167251587,0.0002945187443401,0.0087083829566836
P23573_B7YZE6,0.002558,0.013032,0.016376,0.17619235813617706,0.000794947030954,0.0170000623911619
Q9VAT0_Q05825,0.0021757,0.021873,0.015924,0.02816583588719368,0.0002853772602975,0.0204052124172449
O96881_P83949,0.0021953,0.01294,0.015943,0.574662983417511,0.0005581084988079,0.0005046081496402
Q24106_P41126,0.0022122,0.012921,0.016404,0.08850393444299698,0.0007782709435559,0.000375795410946
Q9VQS4_Q9VJQ5,0.0023181,0.013461,0.015918,0.727337658405304,0.0209659188985824,0.0008524549775756
Q7JYX5_P46824,0.0027084,0.013513,0.016126,0.1643054038286209,0.0006366154411807,0.0046781706623733
Q7KM15_Q7KS72,0.0021952,0.012934,0.015911,0.055350106209516525,0.0007569343433715,0.0037406748160719
Q9V3H2_Q7K2Q8,0.0021873,0.012924,0.015919,0.069794662296772,0.0010960124200209,0.0002052083436865
Q9VI72_P13582,0.0021912,0.012989,0.015932,0.021604228764772415,0.0024780028034001,0.002751353662461
Q7KRI2_Q7KS77,0.0021871,0.012969,0.015954,0.11228235810995102,0.0064488057978451,0.0057387887500226
O77260_Q9VI55,0.002179,0.012954,0.016039,0.04798465594649315,0.0016489735571667,0.9853004813194276
Q8SZX5_Q9VAF3,0.0022048,0.01295,0.01594,0.4857766032218933,0.0049337251111865,0.0009102408075705
P20009_Q9VMV7,0.0022095,0.013041,0.015937,0.04285270720720291,0.0006241388618946,0.0002436518116155
Q8SYC1_Q9VF82,0.0021935,0.012916,0.015917,0.6497153639793396,0.0010643947171047,0.0010301129659637
Q9NCC3_Q32UW5,0.011947,0.013021,0.017538,0.08010546118021011,0.0094382464885711,0.134272500872612
Q9VK46_P02828,0.0021957,0.012987,0.017997,0.18919479846954346,0.000410809967434,0.0004004083457402
Q9VP78_Q9VB22,0.0031362,0.013759,0.017506,0.05468546226620674,0.0501218698918819,0.0115761067718267
Q9VFE4_Q9VJP9,0.0021978,0.013029,0.015982,0.28472235798835754,0.0004290284705348,0.0007047225371934
Q9VG03_P13677,0.002186,0.012968,0.015992,0.06495664268732071,0.0004946152912452,0.0012646514223888
Q06559_Q9VJC7,0.017819,0.019445,0.016176,0.3626680076122284,0.0057416572235524,0.0016659960383549
Q9W2K3_Q0E8K5,0.0022913,0.012951,0.015952,0.09497392177581787,0.005003236234188,0.0020279921591281
P51023_Q0KI69,0.031667,0.012992,0.016639,0.12993156909942627,0.0638862997293472,0.0858922004699707
E1NZB4_Q9VPD2,0.002499,0.014444,0.019665,0.030061161145567894,0.000508546072524,0.099142238497734
Q9VRK9_X2J6Q6,0.0021885,0.013163,0.015928,0.0828707367181778,0.0018726331181824,0.009544557891786
O18333_P46222,0.0021845,0.013244,0.015954,0.09385582059621811,0.0002647174405865,0.0006103124469518
P07909_Q9VXX0,0.003733,0.012949,0.015964,0.15381895005702972,0.380178153514862,0.0006964924396015
Q7KS72_Q9VQS4,0.0058589,0.013123,0.016205,0.003551526926457882,0.0035287092905491,0.0021445711608976
Q7KVG9_Q9VTW5,0.055329,0.013029,0.016648,0.3893429636955261,0.0072773280553519,0.0054138456471264
Q9VT31_Q9VIF5,0.0090121,0.012938,0.015919,0.09622570127248764,0.2597105801105499,0.0427629649639129
Q9VHD2_Q95TJ9,0.002175,0.012973,0.015897,0.010488576255738735,0.0060540037229657,0.0124383838847279
Q9VUR3_Q9W1E5,0.0021808,0.012916,0.01593,0.2137041836977005,0.0009379967232234,0.609918475151062
Q8SX32_Q9W3E7,0.002193,0.012938,0.016045,0.042913515120744705,0.00248614535667,0.0045128483325243
P42003_Q9W2V7,0.0021761,0.012911,0.015878,0.1325511485338211,0.0011959238909184,0.2806356549263
A1Z8I0_Q9VAR6,0.0021861,0.012932,0.015883,0.031125448644161224,0.0003192942822352,0.000579081068281
Q7KA43_O77260,0.0023578,0.013025,0.34491,0.07753202319145203,0.0006066085188649,0.018496410921216
P51023_Q9I7H8,0.018285,0.012936,0.015943,0.209553524851799,0.97439044713974,0.0010458341566845
P06002_Q9VXP1,0.0022646,0.013146,0.01592,0.1317645162343979,0.0009940416784957,0.0003862532030325
O97102_Q9VZU2,0.0021892,0.013026,0.016005,0.3421519100666046,0.0003589767729863,0.0036282571963965
E1JH43_Q9V4E0,0.0021981,0.012957,0.016012,0.029814714565873146,0.0002135425602318,0.934422731399536
Q24570_Q9VIE6,0.0023285,0.012939,0.015934,0.04242139309644699,0.0503458529710769,0.0122141493484377
P22809_A8JNK7,0.015209,0.012997,0.016198,0.04846890643239021,0.0354521386325359,0.0043429960496723
P41092_Q8I7C3,0.0021866,0.012944,0.015945,0.00804733857512474,0.0004872311255894,0.0002178505819756
Q9VK43_Q9VVV9,0.0022651,0.012943,0.016013,0.15087631344795227,0.0077892211265861,0.0021340844687074
Q9W3X7_A4IJ58,0.0022491,0.012957,0.015916,0.010264410637319088,0.0011636740528047,0.0008695293217897
Q9VEF0_Q9VTT2,0.021216,0.012962,0.021843,0.02085651271045208,0.0111103188246488,0.9034572839736938
Q24210_Q9VBY7,0.0022806,0.012977,0.018685,0.41033557057380676,0.4113453924655914,0.0013843324268236
Q9VTC2_Q9VND8,0.0021976,0.012991,0.015905,0.0888727530837059,0.0005973812076263,0.9729971289634703
Q02637_Q9W0F8,0.0021891,0.01309,0.015886,0.1371784806251526,0.000449957937235,0.0188431553542614
Q9VCS1_P09077,0.0023278,0.012947,0.015904,0.013693656772375107,0.0027358620427548,0.1539720743894577
E1JHS8_A1ZAC4,0.29235,0.03978,0.016426,0.036278318613767624,0.0454325005412101,0.0395834222435951
P08570_Q8MLY8,0.0022299,0.013091,0.01615,0.7639685273170471,0.0031259972602128,0.0220583546906709
Q9W029_Q9VPU9,0.002184,0.012995,0.015951,0.01713281311094761,0.0006173615693114,0.9784074425697328
P25158_P46223,0.0021755,0.012918,0.015935,0.004434577655047178,0.0174005944281816,0.1437868326902389
Q9W3H5_P42003,0.0031799,0.012958,0.015916,0.4478372633457184,0.0446745716035366,0.2861861288547516
Q7K4Z4_Q9V3B4,0.0022201,0.012937,0.015967,0.2417413592338562,0.9988114833831788,0.0026952340267598
Q9VT31_Q9W1A3,0.0022894,0.012965,0.015918,0.05060834065079689,0.0004031023127026,0.5666637420654297
Q9VWI4_Q06559,0.0021962,0.012958,0.01593,0.01225322112441063,0.0008755573653616,0.0931932926177978
Q9W5N2_Q9VAR6,0.0022005,0.012933,0.01588,0.4845922589302063,0.000257930427324,0.553533136844635
A1Z9S1_Q94533,0.0022127,0.012973,0.015988,0.21550315618515015,0.0009691137820482,0.9796262383461
P02572_O96660,0.0021804,0.01297,0.016975,0.05052073299884796,0.0193702820688486,0.0003052091924473
Q9W0I6_Q45VV3,0.0021911,0.012937,0.015946,0.10877110064029694,0.0012209637789055,0.012501255609095
Q9I7L4_Q9V9W8,0.0021666,0.012964,0.015893,0.032011792063713074,0.0057195499539375,0.0257536005228757
Q9W102_A1ZBP6,0.0032716,0.013363,0.015915,0.038327086716890335,0.000269412092166,0.0004263065638951
Q9VRY0_Q9V452,0.0021868,0.012978,0.015943,0.026662807911634445,0.0002961645659524,0.0182892065495252
Q9XZS4_O17445,0.0021757,0.013039,0.015917,0.01983601599931717,0.0002869728195946,0.000205164309591
Q7KUL3_P49847,0.0022554,0.012979,0.01591,0.06566701084375381,0.0044469754211604,0.0065970420837402
Q7KSD8_Q9VAR6,0.0021827,0.012942,0.015897,0.6159849166870117,0.000530490593519,0.0049771121703088
P48554_P18930,0.0022158,0.013045,0.048411,0.03664416819810867,0.0002239388704765,0.0026906237471848
Q9VVB6_Q9V3H2,0.0021999,0.013055,0.016119,0.2184567004442215,0.0007729053031653,0.014735035598278
Q9VPT8_Q9VHD2,0.0022011,0.012986,0.01589,0.17114566266536713,0.0008890421013347,0.98537677526474
P81917_Q9W229,0.0021826,0.012914,0.015886,0.07195500284433365,0.0002187224454246,0.0005217621219344
P02299_Q24338,0.0025623,0.013007,0.096526,0.08550295978784561,0.9972285628318788,0.015821523964405
Q8IPW3_X2J6Q6,0.0022015,0.012979,0.015892,0.1919262409210205,0.0004959085490554,0.0028646783903241
Q27368_P38979,0.0024324,0.012929,0.015944,0.5895154476165771,0.0486573614180088,0.0009718515211716
P26017_Q7KUL3,0.0022064,0.01294,0.015929,0.1938830465078354,0.0143621331080794,0.0004361986066214
P45975_Q9VNE1,0.0021844,0.012923,0.015913,0.02509216219186783,0.0272373314946889,0.0356712415814399
P52654_Q9W3R7,0.0021708,0.012956,0.015889,0.04000050947070122,0.0086931204423308,0.0010138665093109
Q9VQD7_P17210,0.0021816,0.012968,0.015879,0.18191088736057281,0.0004721367149613,0.0004182050179224
Q9W1B9_Q8T4F7,0.002195,0.012936,0.015913,0.05896487832069397,0.000282291759504,0.0082387188449501
P25843_Q8T4F7,0.0021798,0.012931,0.015908,0.23168647289276123,0.0008392955060116,0.0021154547575861
Q27272_Q24106,0.015561,0.012957,0.016279,0.11407770216464996,0.0006581747438758,0.9876577854156494
Q9VJD4_P16554,0.0022079,0.013265,0.015972,0.09393829852342606,0.0014384469250217,0.0205550007522106
Q9VAH9_P07548,0.0022498,0.013018,0.015989,0.03128831461071968,0.000424652127549,0.0015177968889474
Q86B79_P49258,0.0021858,0.013077,0.016142,0.1770254522562027,0.0008412122260779,0.0004744034667965
A0A0B4JD33_P56721,0.01076,0.013016,0.016126,0.34114310145378113,0.9980412721633912,0.0038479848299175
Q7KN62_A1ZAK9,0.0022384,0.013013,0.016122,0.10930564999580383,0.581994891166687,0.0065847411751747
Q9VWA6_Q9U6B8,0.0028595,0.013036,0.015912,0.058743786066770554,0.0727039277553558,0.6880531907081604
Q8SWV6_P26308,0.0021873,0.013343,0.015985,0.006277073174715042,0.0103537971153855,0.0140483360737562
Q9W3H5_Q9W0A8,0.0021863,0.013486,0.015916,0.36107316613197327,0.00041714971303,0.0225353874266147
Q9VWD9_Q9W125,0.0021847,0.012976,0.015884,0.052963316440582275,0.000370122550521,0.0650099664926529
Q8SYU5_Q9VXP1,0.0024815,0.013047,0.015997,0.14235779643058777,0.001732814242132,0.0020254056435078
Q9W2K3_Q7JYH3,0.0021906,0.012927,0.01589,0.1112060621380806,0.0002794066385831,0.9507920145988464
Q9VQI4_Q9W029,0.002188,0.012937,0.015932,0.1265612095594406,0.0023873399477452,0.0004907348193228
P49258_Q9W0Q5,0.0021854,0.013177,0.015882,0.3693709671497345,0.0503557547926902,0.0012401508865877
Q9VMU4_P18929,0.098932,0.012945,0.015944,0.07594393938779831,0.0004735371330752,0.0004538064822554
P48607_Q9V629,0.0022044,0.012924,0.016003,0.1642717868089676,0.0002663313352968,0.0227759294211864
Q9VS55_Q8SY34,0.027838,0.013077,0.017399,0.04335948824882507,0.01352543476969,0.0023024377878755
Q0KI69_O76908,0.0036856,0.013102,0.01592,0.12055133283138275,0.0068306322209537,0.0075599066913127
P40797_O18338,0.35785,0.040853,0.1029,0.2839111387729645,0.0510752350091934,0.008402089588344
Q9VJY9_Q8IHA6,0.0022449,0.012933,0.015988,0.20548346638679504,0.1086416840553283,0.0003811825299635
Q9VWG3_Q9VMN9,0.0021796,0.01295,0.015905,0.018500393256545067,0.0006772454944439,0.9949142932891846
Q27934_Q06453,0.048422,0.012968,0.01611,0.43699023127555847,0.0051072724163532,0.0007196125225163
Q9V637_P22464,0.0021735,0.012921,0.01588,0.07076306641101837,0.0062554674223065,0.9335873126983644
O17445_Q9W0G1,0.0021768,0.012926,0.016102,0.08549737185239792,0.0004315080877859,0.0143677033483982
Q9U8R4_Q05825,0.0021979,0.013186,0.015933,0.01658025197684765,0.0002467152953613,0.0104213822633028
M9PHN7_P17789,0.41164,0.013083,0.016335,0.02404666319489479,0.0007657047826796,0.0349429920315742
Q9V3I9_Q27324,0.0022014,0.012989,0.016118,0.12680257856845856,0.0002901669067796,0.0015170981641858
Q9VUQ1_Q8IMM9,0.021207,0.012959,0.015942,0.003277389332652092,0.0113234547898173,0.0162436254322528
O77260_Q9Y0H4,0.002306,0.012939,0.016017,0.0903024971485138,0.0004017333267256,0.0003449597279541
Q9VHM5_P83094,0.0064202,0.012964,0.016004,0.0679047703742981,0.0017249565571546,0.0058304560370743
Q9VTE5_Q7KUZ5,0.0022267,0.012926,0.015905,0.014221061952412128,0.0003369748301338,0.9885526895523072
Q9VGW6_Q9VVW2,0.0022074,0.012981,0.015952,0.21248295903205872,0.0005081990966573,0.0004613896599039
P52654_P52656,0.0021718,0.012922,0.015919,0.185191810131073,0.0091926688328385,0.0004353860567789
P29555_P51023,0.21909,0.013104,0.016314,0.0375681146979332,0.994195520877838,0.0056086452677845
Q9VVY4_P32031,0.0021801,0.012993,0.015932,0.25246983766555786,0.0006503620534203,0.0040935324504971
A0A0B4KFV0_Q9VHK6,0.0021951,0.012978,0.015896,0.2536560297012329,0.0003012550296261,0.0010571853490546
Q9VLV5_O01382,0.0021901,0.013439,0.015885,0.45716673135757446,0.0002141897857654,0.0036794492043554
Q8T390_Q9VJC7,0.002203,0.012975,0.015933,0.10024922341108322,0.0003403097798582,0.0003851600049529
P18929_Q9VG96,0.0025311,0.013019,0.016222,0.29339712858200073,0.0002598413557279,0.000605625915341
Q9VFB9_Q9V4E0,0.0022109,0.012936,0.015952,0.05066029354929924,0.0003199164930265,0.0014727665111422
Q8T414_Q9XZ61,0.0022125,0.012922,0.015881,0.012551696971058846,0.0007072159205563,0.02688829600811
Q9VH07_Q9VDD1,0.0022656,0.013114,0.016192,0.12208472937345505,0.0004145227430853,0.0017517135711386
P20353_Q9VVL6,0.0021963,0.013001,0.015936,0.2736307680606842,0.0028730621561408,0.0082207964733242
Q9XZS4_Q7JZC9,0.0065486,0.013607,0.015913,0.024300076067447662,0.000519759429153,0.0015881336294114
O44437_P42207,0.0023509,0.013032,0.016142,0.07608800381422043,0.0002257912710774,0.0005600703298114
Q9XZT6_Q9VH69,0.0022502,0.01297,0.015961,0.32346823811531067,0.0016030152328312,0.03167075663805
Q9W483_O77237,0.0021864,0.012917,0.016042,0.05162937566637993,0.0024651743005961,0.0022721348796039
Q9VT57_P31009,0.0022004,0.012994,0.017181,0.11970525234937668,0.0002535269013606,0.0002359494828851
A1Z933_O62530,0.0021749,0.012947,0.015875,0.20328308641910553,0.000810447265394,0.0027659549377858
Q24152_Q9VP57,0.0021669,0.012938,0.015892,0.23316344618797302,0.0144270788878202,0.0614290237426757
P08928_Q9VND8,0.015607,0.046025,0.017458,0.028332026675343513,0.9961864352226256,0.001424599206075
M9PF17_Q9W229,0.0021911,0.012933,0.015875,0.09121312946081161,0.0004677449469454,0.0311858002096414
Q8T4F7_P46223,0.0021873,0.012942,0.015968,0.12068931013345718,0.0015695176552981,0.0160158034414052
P23757_P81909,0.0022144,0.01294,0.015937,0.10055860877037048,0.0004073354066349,0.0010060553904622
Q8IH18_O18640,0.0022161,0.013034,0.022213,0.328121542930603,0.994533896446228,0.220373585820198
Q8SZX5_P16554,0.0024493,0.01295,0.015924,0.021460378542542458,0.0005638803122565,0.0005813204916194
P10734_Q7K049,0.0021781,0.013299,0.015926,0.41730502247810364,0.0061825308948755,0.0024729536380618
P25008_P48554,0.0021931,0.012961,0.015904,0.008843508549034595,0.0003473315446171,0.3107369542121887
Q7K148_Q24306,0.0021773,0.012944,0.015897,0.026552805677056313,0.0004018516920041,0.0028537565376609
Q9V3E9_Q9VV44,0.0022766,0.013356,0.015891,0.14054355025291443,0.0005812470335513,0.0385857596993446
Q9VWI0_M9NF10,0.002186,0.012942,0.015917,0.006297524552792311,0.0002855740021914,0.0189072825014591
Q24472_Q9W0G1,0.0022169,0.01293,0.015996,0.006784872617572546,0.0026370987761765,0.9886655807495116
P10987_Q9U1K1,0.0021879,0.013016,0.032575,0.2585165798664093,0.0016249609179794,0.0007854915456846
Q9VZU4_Q9VXP1,0.0021971,0.013249,0.015982,0.05870448425412178,0.0010215236106887,0.2678759694099426
P45975_Q9VLU0,0.0021977,0.012957,0.015915,0.16186724603176117,0.0026984594296664,0.9890164136886596
E1NZB4_D2NUE8,0.0021894,0.012927,0.015954,0.03417408466339111,0.0014082037378102,0.3422406017780304
P22816_P42287,0.0022188,0.013035,0.015945,0.11083155125379562,0.0011922374833375,0.0019832490943372
Q9VUK7_Q24134,0.0024633,0.01306,0.015909,0.00621741684153676,0.0093409419059753,0.0002401111560175
Q24454_Q9VT31,0.0027727,0.01292,0.015942,0.14426617324352264,0.0012967581860721,0.0001370951649732
Q9VM76_Q9W2K0,0.002232,0.012926,0.015995,0.08311665058135986,0.1599490642547607,0.2128294259309768
Q9V464_P40427,0.0022075,0.012971,0.015928,0.018068037927150726,0.013123988173902,0.0036365259438753
A1ZAS3_Q9VYG2,0.002181,0.012941,0.01593,0.07491227984428406,0.0009348930907435,0.2231051176786422
Q9VW53_O77260,0.0021946,0.012932,0.015937,0.06855662912130356,0.0002953023649752,0.0016207696171477
Q94513_Q9VCE1,0.002245,0.01294,0.015964,0.6174854636192322,0.0007311332738026,0.9723738431930542
Q9VVH6_Q9I7P3,0.0021728,0.012933,0.015894,0.24978551268577576,0.02775171212852,0.0134763102978467
P09087_Q9W2S2,0.002595,0.013057,0.015911,0.14910821616649628,0.0024397945962846,0.8823672533035278
Q9VHM5_Q05201,0.0024188,0.012971,0.016038,0.06200171634554863,0.0025882439222186,0.008820217102766
Q9VKK9_Q9VS01,0.0022619,0.012925,0.015883,0.2974156141281128,0.0008417940116487,0.0014057470252737
P22814_A8DYC9,0.002217,0.012956,0.01598,0.08085048943758011,0.0707636326551437,0.0126296281814575
P32031_Q9W3E1,0.0024024,0.013332,0.016675,0.03567171096801758,0.000697880750522,0.0116195911541581
Q9V431_Q0E9G3,0.0021961,0.01303,0.016258,0.35610073804855347,0.0151239149272441,0.0004716086550615
Q01071_X2J8N3,0.0022018,0.012996,0.015986,0.00946284644305706,0.0007977707427926,0.0035252403467893
Q9VPP7_Q9VLK1,0.0021761,0.012924,0.015883,0.017876410856842995,0.0012603651266545,0.1057439893484115
Q966T5_Q9XZ68,0.0021812,0.013191,0.016064,0.025618931278586388,0.0003631322761066,0.013989227823913
A1Z6E0_Q27324,0.0025664,0.012978,0.017175,0.1447509229183197,0.0005975654348731,0.0028456645086407
Q9VVA7_Q7JVK6,0.0023156,0.013022,0.015887,0.10006256401538849,0.00023546628654,0.0046209255233407
Q9VDK2_Q9VCE1,0.0021867,0.012958,0.015897,0.12117494642734528,0.001295163994655,0.0229757279157638
Q7KVL6_Q94535,0.018167,0.012961,0.015927,0.16500994563102722,0.0069180247373878,0.928097665309906
Q02637_Q9VTW6,0.0022199,0.020417,0.015884,0.05212123692035675,0.000267378258286,0.0145487738773226
E1JHY7_Q8MRE6,0.002186,0.013,0.015917,0.10617358982563019,0.0005470583564601,0.0035504859406501
P19889_Q9VUW2,0.0021821,0.012965,0.016048,0.07161246240139008,0.0016384052578359,0.0045278426259756
Q7KSD8_Q9VWZ1,0.0026643,0.012969,0.015988,0.3854517638683319,0.0072295740246772,0.0117925591766834
Q9VZS5_Q9VPK4,0.0022224,0.012938,0.015932,0.20039036870002747,0.0022099097259342,0.0002565112081356
Q9VYW3_Q9VMU0,0.0022258,0.012988,0.015965,0.0383722148835659,0.0002175811241613,0.1546131521463394
P20153_P08182,0.0022057,0.012964,0.018525,0.0817718505859375,0.0003717327781487,0.0014091689372435
P02572_P02574,0.80105,0.1933,0.74057,0.14596858620643616,0.1105033457279205,0.990410327911377
P91943_Q9VAP2,0.64044,0.012964,0.016552,0.11657138168811798,0.1358824521303177,0.0158583577722311
Q9VAQ8_X2J6Q6,0.0022116,0.012972,0.015993,0.006290805526077747,0.0010067131370306,0.0034822872839868
P49258_O96989,0.0021707,0.013068,0.015884,0.008198064751923084,0.0008791043655946,0.0011891605099663
Q24564_Q7JVK6,0.0023612,0.012942,0.015925,0.03861810639500618,0.0006017708219587,0.0002826871641445
Q9W2S2_Q9VR09,0.0023042,0.017399,0.015954,0.16235113143920898,0.0229061152786016,0.1148198768496513
P48555_Q7JXC4,0.0021908,0.013053,0.015974,0.13226298987865448,0.0002315046876901,0.0003090072714257
M9PGR0_Q9W0I6,0.0021785,0.012911,0.015931,0.26581335067749023,0.0008631903328932,0.0018367933807894
Q27415_Q9VAC4,0.0021831,0.012969,0.016007,0.37227439880371094,0.9990021586418152,0.0011994872475042
P0CG69_Q8IPC3,0.0021963,0.013179,0.015919,0.03475981950759888,0.0299317706376314,0.8682519197463989
O18413_Q9VDH8,0.0021955,0.012967,0.015982,0.07184811681509018,0.001534866169095,0.9669267535209656
P49906_Q9VN50,0.002177,0.012927,0.015884,0.3273673951625824,0.0003061957540921,0.0012837590184062
P23023_Q95RJ9,0.0024467,0.013006,0.015971,0.5223897099494934,0.0095097348093986,0.0058984481729567
Q94517_Q4V6I0,0.0021792,0.012987,0.015909,0.05499672517180443,0.0077184136025607,0.0003282073012087
P08570_Q9VHA9,0.0021796,0.012963,0.015937,0.03591500595211983,0.0004008256073575,0.0095717860385775
Q9VVH6_P20350,0.0023576,0.012977,0.015906,0.06943634152412415,0.0031913632992655,0.0004087717388756
Q9W2A5_Q9VVX0,0.0022168,0.012967,0.016283,0.08634179085493088,0.0004604684945661,0.000184604228707
Q9W140_Q9VEQ2,0.0021804,0.013083,0.01636,0.42099514603614807,0.814417839050293,0.3450909852981567
P46824_B7YZF0,0.002198,0.014064,0.016069,0.20933650434017181,0.0188205130398273,0.050817385315895
P10084_Q9W542,0.0044992,0.012963,0.015964,0.13074636459350586,0.0020425596740096,0.0003047989157494
P34021_P81909,0.0021759,0.012988,0.015956,0.39464399218559265,0.0018996186554431,0.0010223155841231
P42287_A1ZAC4,0.0022349,0.012957,0.015966,0.0019710154738277197,0.0005319110350683,0.018443489447236
Q9TW27_Q9VMU0,0.0021886,0.01296,0.015922,0.08263825625181198,0.000382380123483,0.0818940848112106
Q7K148_Q9V3B4,0.0021757,0.012915,0.015882,0.0743286982178688,0.00036794366315,0.0002220830065198
Q8IHA6_Q9Y0I1,0.0022106,0.012948,0.015956,0.2534273862838745,0.006147792097181,0.0008797273621894
Q9VKD6_Q9VIE6,0.0021887,0.012943,0.015905,0.0058590383268892765,0.012627606280148,0.0003131267731077
Q9V3E9_Q9VA83,0.0021778,0.013371,0.015885,0.21933969855308533,0.0008111004135571,0.0024936776608228
Q9VA91_Q7KJ69,0.0021845,0.012957,0.016055,0.12792570888996124,0.0002619789156597,0.1908699125051498
Q9VCR6_Q9VM81,0.0022794,0.013179,0.015973,0.10562358051538467,0.0055809337645769,0.0242152195423841
P25008_Q9VEF0,0.0022091,0.01294,0.015905,0.17441806197166443,0.0008683779742568,0.0653823167085647
P40791_Q9V3W2,0.0021922,0.012929,0.015913,0.007479225285351276,0.001202180981636,0.0130389537662267
Q8IPC3_O62530,0.0021824,0.012931,0.015925,0.18849465250968933,0.0005395418847911,0.0005012298934161
P46867_P56721,0.012001,0.013205,0.015975,0.5281642079353333,0.0148271210491657,0.012300856411457
Q0E9B6_Q7KTX7,0.0022107,0.0131,0.015947,0.2944403886795044,0.0004578923399094,0.7873669266700745
P02844_Q6IDF5,0.0023066,0.01293,0.015968,0.2059095799922943,0.0005879653617739,0.0042293556034564
E1JHY7_Q7KRY6,0.0093893,0.01295,0.017592,0.030133184045553207,0.031842615455389,0.0007887949468567
Q8MRE6_Q9VM20,0.0022111,0.01357,0.016423,0.19537138938903809,0.0005984579911455,0.0002913303324021
O46036_Q9V464,0.0021959,0.012961,0.015918,0.08344056457281113,0.0006277944776229,0.7863929271697998
P81909_X2JEH3,0.0021781,0.012924,0.015915,0.012890094891190529,0.0005691918777301,0.7070052027702332
P54611_Q9XZH6,0.021421,0.23265,0.016364,0.3399260342121124,0.9989702701568604,0.0024268066044896
P08182_P08646,0.0022381,0.013019,0.016083,0.035300515592098236,0.0004344111366663,0.0154639091342687
Q24180_P10627,0.062781,0.013019,0.016172,0.3562202453613281,0.0040806834585964,0.992576003074646
Q9VUR3_Q9VR09,0.0021829,0.012934,0.015901,0.007710244506597519,0.0463650375604629,0.0235688406974077
Q9VJQ5_Q8T3Y0,0.0021799,0.013003,0.015926,0.07202903926372528,0.0003283315745647,0.0006511925021186
Q9VCR6_Q9VMU0,0.0021933,0.012934,0.0159,0.1320687085390091,0.0020154197700321,0.0004509926075115
A8JNK7_Q24475,0.0022148,0.012958,0.015913,0.13368237018585205,0.0092874784022569,0.001253607799299
Q9W0F8_Q0KI69,0.0022017,0.013048,0.0159,0.015662480145692825,0.0009148477111011,0.3503403961658478
A1ZB42_Q9VS38,0.013854,0.014133,0.015925,0.22950312495231628,0.0113249821588397,0.7375404238700867
P09081_Q01645,0.0022867,0.012944,0.01589,0.28945595026016235,0.0201613400131464,0.0932041108608245
Q8INB9_Q9VDE3,0.0021943,0.015399,0.021023,0.46015000343322754,0.0555245913565158,0.9825918674468994
Q9VT76_Q9VVU2,0.0021927,0.012947,0.015876,0.49400022625923157,0.000219266366912,0.0248605348169803
P98149_Q03017,0.036387,0.013123,0.016767,0.004558125045150518,0.9986483454704284,0.0006544598727487
P11346_O97183,0.0021939,0.012939,0.015936,0.01783052459359169,0.0004456848837435,0.0050467043183743
Q9VKM1_Q9VZV5,0.0022103,0.01301,0.015988,0.1675734668970108,0.0017327368259429,0.0017812143778428
Q9VHK6_Q9VAQ8,0.002203,0.015917,0.042006,0.07920915633440018,0.0002499685797374,0.0005345965619198
Q9I7L4_O96880,0.0021861,0.01293,0.0159,0.3810443580150604,0.99882835149765,0.0069970334880054
Q9V9J3_Q9VBQ3,0.0021807,0.013011,0.015907,0.017773987725377083,0.0038336382713168,0.0005588995409198
Q95SG9_P40427,0.0021836,0.012944,0.015972,0.006979214958846569,0.0083170998841524,0.0144500313326716
Q8IR14_Q2PE14,0.0026335,0.013052,0.016129,0.4368007481098175,0.0005709716933779,0.0027361195534467
P12982_Q9VK43,0.0022006,0.01303,0.017001,0.054605476558208466,0.0039464468136429,0.0002096692478517
A1ZAK9_P25843,0.0021891,0.012931,0.015895,0.03943413868546486,0.0019103032536804,0.1033622547984123
P29829_Q9VTC4,0.0022092,0.15316,0.015957,0.04830724373459816,0.0163364950567483,0.9810003042221068
Q9VAF3_Q9VHA9,0.0021905,0.012962,0.025053,0.04243667796254158,0.0022552986629307,0.0079645635560154
P32031_P26017,0.0024496,0.012958,0.016059,0.03308949992060661,0.0021305042318999,0.0160891767591238
Q9VEX5_M9NF10,0.002894,0.012944,0.015984,0.2422260046005249,0.0013749111676588,0.0003170417330693
Q7K148_Q9VSY8,0.0021801,0.012929,0.015883,0.02453267015516758,0.0002520811976864,0.0002266304800286
Q9VCU6_P53034,0.0021901,0.012949,0.015906,0.002923223190009594,0.9719961881637572,0.0114796953275799
Q9W4B3_Q7JXB9,0.0021906,0.012946,0.015939,0.05712997540831566,0.0228938125073909,0.3458548188209533
P83949_Q9VMR2,0.0058143,0.013642,0.016243,0.17518363893032074,0.0564327612519264,0.0010378748411312
O97111_P23572,0.0022704,0.012982,0.017952,0.015661289915442467,0.9952906370162964,0.002375294920057
P10627_Q9VBH7,0.0021878,0.012966,0.015965,0.002383970655500889,0.0009477725252509,0.002819197718054
Q9Y1B2_Q8I8V0,0.0021764,0.012931,0.015904,0.5917673707008362,0.0026955595239996,0.0005526432651095
O96660_P83949,0.0022278,0.013022,0.015938,0.09609635174274445,0.0044098412618041,0.0795153602957725
Q7K306_Q7KUZ5,0.0022752,0.013012,0.016715,0.08545645326375961,0.9985913634300232,0.0056552193127572
Q9W3Q0_Q9VR65,0.0021985,0.013011,0.015978,0.00709754740819335,0.0009566356311552,0.0005000052624382
A1Z9S1_Q9VS01,0.002413,0.014058,0.015946,0.6773407459259033,0.6257444620132446,0.0060831997543573
P23647_Q9W029,0.0021841,0.013078,0.015937,0.3932507634162903,0.2469454109668731,0.0003547319793142
Q7JZB4_P32031,0.002285,0.013012,0.015897,0.11198507994413376,0.0002622225438244,0.0002754663000814
Q9XZH6_O02002,0.0021927,0.012933,0.015911,0.12055985629558563,0.0004855923471041,0.0051638786680996
Q9VIF5_E1JHY7,0.032509,0.012976,0.016255,0.1860022395849228,0.1973315179347992,0.0005609829095192
P55841_Q9VGC1,0.0021841,0.012959,0.016032,0.005437345709651709,0.0005255953874439,0.0005546001484617
Q9VJY9_O97183,0.0021717,0.012936,0.015909,0.18827520310878754,0.0004165481077507,0.0916569307446479
Q9VXP1_Q9VBC5,0.011223,0.013175,0.016532,0.182680144906044,0.0003155797894578,0.0004676575190387
P07909_Q9VEA2,0.0022206,0.0131,0.015953,0.13202650845050812,0.0050814589485526,0.0008444126578979
O61231_M9PBM3,0.0021762,0.01291,0.015898,0.06912446022033691,0.0002737172471825,0.0004016973543912
O02002_Q9W3E1,0.0021755,0.013447,0.015958,0.0498792789876461,0.0017101076664403,0.9861297011375428
O61722_P06603,0.0021765,0.013264,0.016504,0.24878375232219696,0.0030342398677021,0.0284179504960775
Q9VJ19_Q9XZ56,0.0021841,0.012929,0.015883,0.13288246095180511,0.0005339353228919,0.0026109011378139
O45030_Q9VQA6,0.0022133,0.012921,0.015915,0.014528279192745686,0.0014881202951073,0.0042352359741926
Q7KRW1_P18932,0.0023689,0.012977,0.015881,0.030651571229100227,0.0004300943983253,0.0185951292514801
Q8T0K1_P52654,0.0021728,0.01294,0.015915,0.2070895880460739,0.0042107966728508,0.7567204833030701
X2JDF3_Q7K2Q8,0.0021839,0.012927,0.01589,0.011239128187298775,0.0002812097663991,0.0002626364002935
Q9VPY0_Q9VQD8,0.0021935,0.012931,0.015895,0.0060551967471838,0.0071525955572724,0.0299411844462156
P15330_Q9VF73,0.0060738,0.013075,0.01599,0.28923869132995605,0.6676537394523621,0.8351612687110901
Q0KI69_Q9W2S2,0.0021998,0.012963,0.015901,0.056805241852998734,0.003670600708574,0.0024653209839016
Q9W5N2_P23647,0.0021864,0.01293,0.015894,0.36477187275886536,0.0029342665802687,0.980603277683258
Q9VEN2_Q9VAY8,0.0081786,0.012962,0.020628,0.10031560808420181,0.0178731121122837,0.021951787173748
Q24117_Q9VFB9,0.0021683,0.01294,0.015891,0.12327979505062103,0.0040359534323215,0.0435932353138923
P91641_Q9XZT1,0.0021793,0.012927,0.015895,0.3431747257709503,0.998958945274353,0.0003217078628949
Q9VJ83_Q8SYM9,0.0023677,0.012962,0.015927,0.10516497492790222,0.0006482679164037,0.4212045073509216
P62152_Q24562,0.0022264,0.013607,0.016339,0.49657490849494934,0.0003539581957738,0.3718832731246948
Q9V3Y8_Q9VJ12,0.0036796,0.012953,0.021062,0.32117772102355957,0.001010550186038,0.0057532754726707
Q9VF10_O77237,0.0021911,0.012927,0.015917,0.08331383764743805,0.2528288662433624,0.0162067487835884
P23758_Q7KN94,0.0022239,0.013019,0.015884,0.4025794267654419,0.0002170486113755,0.0007181310211308
O01382_Q9VTT2,0.0021853,0.012968,0.015954,0.001924552721902728,0.0013179534580558,0.7680163383483887
Q9VKW3_O16810,0.86451,0.013061,0.14968,0.1652481108903885,0.0603810437023639,0.0001461514621041
Q4V5L1_P92204,0.0021952,0.012919,0.015923,0.3091784715652466,0.0045031700283288,0.0054390863515436
Q8IMM9_P29829,0.0021979,0.013056,0.015948,0.05823911726474762,0.0041778115555644,0.0027688583359122
Q9VG94_P32031,0.0021897,0.013021,0.015899,0.058437470346689224,0.0009569629328325,0.0009754511993378
A1Z9I5_Q9U5W9,0.0022261,0.012962,0.015944,0.00796708557754755,0.0012599930632859,0.0004191255429759
Q9VIP1_P47825,0.0022741,0.012951,0.015924,0.3275076448917389,0.0006157314637675,0.0063713029958307
Q961D1_Q9VJ12,0.025785,0.01296,0.016207,0.2572057545185089,0.004572095349431,0.0020944692660123
P32031_Q24134,0.0022042,0.013041,0.016019,0.22243204712867737,0.0008587753982283,0.0178541056811809
Q8SYU5_D8FT20,0.0021745,0.012955,0.015915,0.18065989017486572,0.0023817194160073,0.0003123399510513
Q9VST2_Q0E9B7,0.0053794,0.012943,0.016003,0.24035900831222534,0.6914467215538025,0.0506016537547111
Q7K2G1_Q9VXX8,0.0021902,0.012937,0.015934,0.08389674127101898,0.001039900816977,0.0010110249277204
Q9VZM7_Q27350,0.0021799,0.013136,0.01598,0.05947618559002876,0.08261239528656,0.0004774431872647
Q9W3X7_Q9I7L4,0.0022172,0.01294,0.015903,0.004560090601444244,0.0003505700733512,0.8807213306427002
P09774_Q9VS55,0.004562,0.013006,0.016486,0.021397626027464867,0.0034935439471155,0.0005965823656879
Q9VBY7_Q9VAP2,0.0022007,0.012939,0.015915,0.33198392391204834,0.0053942189551889,0.0026926691643893
Q7K738_Q9VTW6,0.002192,0.053013,0.015922,0.394301176071167,0.0003090393729507,0.0051853107288479
Q9VUW2_Q9VGS2,0.0021747,0.012962,0.015905,0.10737286508083344,0.0014933688798919,0.002870517084375
Q9V7W9_Q24297,0.0021801,0.012974,0.015939,0.01019313745200634,0.0018082871101796,0.0369259193539619
Q9VWD5_P91664,0.0022613,0.013052,0.015939,0.3948870599269867,0.0018771842587739,0.368293285369873
Q9V457_Q9VSG1,0.0021827,0.012947,0.015918,0.2511293888092041,0.0015778802335262,0.0014514985959976
P04197_Q24572,0.005927,0.013104,0.056718,0.0039922576397657394,0.9975407123565674,0.0069004325196146
Q9W2P5_Q7JWD6,0.0022335,0.013019,0.015877,0.24308644235134125,0.0002195845881942,0.0028259472455829
P55841_Q9W3R7,0.0021882,0.012915,0.0159,0.026012398302555084,0.0004194069188088,0.0359995774924755
Q9VM81_C7DZL4,0.0021763,0.012983,0.015865,0.06300269067287445,0.0002867742150556,0.8984591960906982
P02299_O61722,0.0021898,0.012956,0.015935,0.6454317569732666,0.0002853861951734,0.0009853757219389
P35220_A8DYC9,0.0021818,0.012943,0.015905,0.02455676905810833,0.0014429208822548,0.0008005793206393
Q94511_O15945,0.0021807,0.013015,0.015973,0.05494964122772217,0.0002448331506457,0.0025951033458113
Q7KLV9_Q23983,0.0026838,0.013646,0.49511,0.044287942349910736,0.0128609631210565,0.0157778151333332
P22807_Q9VCU6,0.014575,0.012935,0.015946,0.1726253777742386,0.997117519378662,0.0182469096034765
Q9W0S8_Q9VVU2,0.0021799,0.012937,0.015945,0.2646051049232483,0.0003468358772806,0.0032374556176364
Q08605_P32100,0.0021753,0.012942,0.016076,0.08539137989282608,0.0006367923342622,0.3813606202602386
P25008_Q9VT57,0.0021823,0.012955,0.016442,0.1660502701997757,0.9984543323516846,0.0166899841278791
Q9VS01_Q9VXA5,0.0021796,0.012968,0.01588,0.2124437838792801,0.0002928614558186,0.0124986302107572
Q9VQ91_Q9XZ68,0.0021734,0.013018,0.015979,0.050132088363170624,0.0003520326281432,0.4393699765205383
Q9VMU0_P56544,0.0023293,0.012971,0.01594,0.01337843481451273,0.0003204723761882,0.0022564416285604
Q9W4I7_Q9V3Z1,0.0065199,0.012941,0.016193,0.2017829567193985,0.0051504746079444,0.0004398372257128
P54359_Q9VJ02,0.002261,0.013043,0.016386,0.08712939918041229,0.0046137701719999,0.0010808664374053
P40797_Q8T4F2,0.0021828,0.012964,0.015904,0.0834367647767067,0.0019315463723614,0.0003559313190635
Q9VHB7_P32031,0.0031595,0.012971,0.016057,0.10184355825185776,0.0014790911227464,0.0319987498223781
Q7K0E6_Q9VAR6,0.0021853,0.01296,0.015875,0.16941332817077637,0.0003919171576853,0.000855679216329
Q9VAN8_B6VQA1,0.0026768,0.012986,0.015915,0.01635080762207508,0.0022077478934079,0.0498628318309783
Q24106_Q9W3H5,0.19838,0.013261,0.016347,0.0016538799973204732,0.0026921890676021,0.0003802372666541
P51023_Q9VE52,0.7294,0.013224,0.01608,0.034638360142707825,0.065936766564846,0.0009113116539083
Q24560_P08044,0.0021863,0.013131,0.016052,0.27240344882011414,0.0038945246487855,0.0011116120731458
P22464_P52654,0.0021777,0.012934,0.015882,0.36898258328437805,0.0214785672724246,0.0509026236832141
O97418_Q9VB23,0.0021792,0.012948,0.015892,0.3490757942199707,0.0011552431387826,0.837730884552002
Q9VWA6_Q59DX6,0.0021841,0.012995,0.015882,0.3428654968738556,0.007706512697041,0.299290269613266
Q9V3J8_P02833,0.0022281,0.013237,0.01598,0.5427860021591187,0.0054398970678448,0.0044482424855232
P50536_P16371,0.0023862,0.013158,0.016028,0.009756362996995449,0.0107191922143101,0.0016191662289202
Q9VU83_Q9VG38,0.0021997,0.012926,0.016153,0.05662982165813446,0.0011922840494662,0.0003208392299711
Q9VNE4_Q9VJ12,0.0026867,0.01319,0.015926,0.0582282729446888,0.0101088834926486,0.0493865013122558
Q9VCU6_A1ZAS3,0.0022086,0.012946,0.015989,0.35252851247787476,0.0042033633217215,0.0005808214773423
Q9VHV8_Q7K2Q8,0.0021748,0.012939,0.015881,0.16972458362579346,0.0075599174015223,0.0003611103165894
Q8SXU3_Q45VV3,0.0023226,0.012944,0.015923,0.021703870967030525,0.00049762573326,0.8425135016441345
P42124_Q8SX32,0.0021853,0.012956,0.016177,0.17438091337680817,0.004576520062983,0.0030993493273854
Q9VSN0_Q24169,0.0021828,0.01292,0.015915,0.10813084244728088,0.0002259165776195,0.0033260488416999
Q9V3S6_Q9W5B9,0.0021882,0.012969,0.015928,0.020911194384098053,0.0272782538086175,0.0063861212693154
Q9VLI9_Q9VT51,0.0022221,0.012938,0.016044,0.09389840066432953,0.0002603164466563,0.0017878772923722
B6VQA1_Q9W2S2,0.0029796,0.01298,0.015904,0.34748178720474243,0.0028570420108735,0.0056934710592031
E1NZB4_P12881,0.0022094,0.012945,0.015898,0.005115463864058256,0.0003113422426395,0.1125555783510208
P48554_Q9VI13,0.0044682,0.014424,0.020985,0.005370937753468752,0.9965362548828124,0.0014384682290256
Q9VUB8_Q24171,0.0022262,0.01297,0.015966,0.13593702018260956,0.0007841760525479,0.0001992851466638
E1JJE8_Q01083,0.0022278,0.013389,0.016012,0.14706416428089142,0.0015699684154242,0.9801263213157654
Q0E9G3_Q8IPW2,0.0021764,0.012958,0.016011,0.10185891389846802,0.003200160106644,0.0027256731409579
Q7JZB4_Q9VD72,0.002188,0.01294,0.015917,0.3852342963218689,0.0002144378668162,0.000206788899959
Q9W380_Q7JXV9,0.0022754,0.012929,0.015897,0.056741658598184586,0.0003179983177687,0.1001987606287002
Q9VL21_Q9VPX6,0.0022904,0.012991,0.015972,0.21933098137378693,0.0010978119680657,0.0463177785277366
Q9W483_O96660,0.0021899,0.012923,0.015935,0.21333234012126923,0.7261051535606384,0.20301254093647
Q9V535_P41094,0.0023136,0.013147,0.018454,0.017942307516932487,0.0313554443418979,0.0004635784716811
Q9W1U6_P49847,0.0022034,0.012951,0.057339,0.21056482195854187,0.0014668412040919,0.0833193212747573
Q8SYM9_Q9VM20,0.0023907,0.012971,0.016033,0.017942877486348152,0.0004664724110625,0.8285496830940247
A1ZBT5_Q7KA43,0.0022028,0.013042,0.015854,0.17070750892162323,0.0003743365814443,0.0015099906595423
P48461_P11346,0.0023282,0.013056,0.016444,0.09298103302717209,0.0090486211702227,0.0694862082600593
Q8IPW2_P48607,0.0021926,0.012949,0.015965,0.11146344989538193,0.0007450211560353,0.024563206359744
Q9W0F8_E3CTS5,0.0022823,0.012954,0.015979,0.03800000622868538,0.0009039079304784,0.0049545592628419
Q24087_Q9VXA5,0.0021692,0.012949,0.015934,0.07152930647134781,0.0004033548466395,0.0004812568950001
P41092_Q9VT57,0.0021863,0.012972,0.015947,0.08162748068571091,0.0004164607380516,0.0002222293842351
P55035_Q8INB9,0.0024896,0.012991,0.016144,0.11463065445423126,0.0061805150471627,0.0032287824433296
Q9VN50_Q9VFB9,0.0021832,0.012927,0.015906,0.4126698672771454,0.0003058246802538,0.2696056663990021
Q9VR90_Q9VFE9,0.0023538,0.01294,0.015917,0.06634333729743958,0.0002999435819219,0.9917526841163636
A0A0B4JCT9_Q09024,0.0021899,0.012973,0.015942,0.12966153025627136,0.0016443743370473,0.0006138795870356
O45030_P46223,0.0021782,0.012918,0.015936,0.1694944202899933,0.0012222763616591,0.0085069378837943
Q9VR65_P18289,0.0026651,0.012986,0.015927,0.5419068932533264,0.0053208922035992,0.0014470856403931
Q9VLI9_O97183,0.0021755,0.012937,0.015892,0.015065861865878105,0.000208855009987,0.000705046695657
Q24562_P55841,0.0022406,0.012962,0.015991,0.24120692908763885,0.0014443292748183,0.3477058410644531
P18934_Q9VPH8,0.0022097,0.012959,0.015897,0.07766087353229523,0.0005989861674606,0.0009312623296864
Q95RJ9_P24350,0.0026901,0.013226,0.015941,0.04019298031926155,0.0187016744166612,0.0005898383678868
Q9VGC1_Q9V3Z1,0.0021891,0.012967,0.016031,0.08374253660440445,0.009325735270977,0.0023276903666555
Q9VF73_Q9VGU4,0.0027205,0.013216,0.016085,0.022491896525025368,0.9975956082344056,0.0007350938394665
Q45VV3_Q8IMX1,0.002187,0.012956,0.015987,0.036161668598651886,0.0197480507194995,0.0008935975492931
Q9VPD2_Q9VU83,0.002169,0.01302,0.016387,0.11604595929384232,0.0003303576668258,0.0008195630507543
Q9VFE9_Q9V9M7,0.0022145,0.012928,0.015923,0.06238536164164543,0.0007811573450453,0.0064554531127214
A1ZAW5_Q9VTZ7,0.0022104,0.012955,0.016188,0.10211612284183502,0.2966828644275665,0.0022460629697889
M9PHI7_Q9VA32,0.0022016,0.01303,0.015899,0.525013267993927,0.0003401368740014,0.0007348301587626
Q7KN94_A1ZBT5,0.002205,0.012968,0.015885,0.32966914772987366,0.0002739684132393,0.0049692522734403
Q9VG38_Q9VDK2,0.0021888,0.012921,0.015923,0.5263016223907471,0.0015180511400103,0.0024134607519954
Q9VJ33_Q9VUR1,0.0022238,0.013795,0.015914,0.1342676877975464,0.0005064920405857,0.001890443614684
Q9V8I2_A1ZAW9,0.0022237,0.012946,0.015877,0.003731971839442849,0.0004924160311929,0.0020947691518813
O02193_P50534,0.0025338,0.012957,0.017821,0.035970259457826614,0.0196054093539714,0.000691341527272
O46036_Q9W1K4,0.002239,0.012957,0.015916,0.19559310376644135,0.0005524478619918,0.000222252914682
Q7KRI2_Q9VQI5,0.0021745,0.012994,0.016734,0.07205752283334732,0.0003642650262918,0.039415780454874
Q9VNE9_Q9VA95,0.0021746,0.01295,0.015885,0.025816960260272026,0.0002430216700304,0.0671890154480934
O76908_P23572,0.0022006,0.012998,0.021098,0.00515416543930769,0.0039873835630714,0.0036934986710548
P92177_Q9VKW8,0.0022256,0.01321,0.015936,0.0984664037823677,0.0003447760827839,0.0242999456822872
P23792_Q95U62,0.0021761,0.012927,0.015915,0.3331701457500458,0.9986259937286376,0.0043982290662825
Q0E8K5_Q7KN94,0.0021767,0.01297,0.015887,0.4304521381855011,0.0002770946884993,0.0012336773797869
Q9VYX7_Q9V3E9,0.0021776,0.013078,0.015883,0.22965067625045776,0.0002507828758098,0.0002821887319441
Q9VQF9_Q9VA91,0.0021868,0.012963,0.015888,0.12997108697891235,0.0015793428756296,0.052955724298954
Q24106_P16914,0.0030916,0.013054,0.01601,0.31419432163238525,0.0118336109444499,0.0015143487835302
Q9W2V7_Q9W501,0.0021774,0.012929,0.015903,0.23264290392398834,0.0004436240706127,0.0648901760578155
P35220_Q24180,0.0022999,0.012955,0.015914,0.10922172665596008,0.0120551018044352,0.0179688781499862
P56544_Q9VHB7,0.0022203,0.012951,0.015923,0.02093818411231041,0.0041960226371884,0.0004469571576919
Q9V444_Q9VAN8,0.0021847,0.012927,0.015904,0.2045225352048874,0.0007286560139618,0.0421005114912986
Q9XZ58_P46824,0.0021872,0.013731,0.015916,0.08428344130516052,0.0005432754405774,0.0102883735671639
Q9VGC7_Q9V3Z1,0.0022071,0.012932,0.016211,0.12150319665670395,0.0050593712367117,0.0040601203218102
Q7K2L1_O77237,0.0021937,0.01292,0.015943,0.020909924060106277,0.001157728373073,0.1544054746627807
Q7KSP5_Q9VVL6,0.013577,0.01301,0.016657,0.11416173726320267,0.0119779137894511,0.0021364376880228
Q9VQR2_Q9VYW3,0.0022027,0.012926,0.015932,0.10731062293052673,0.0002731845888774,0.6254144906997681
P22979_Q9XZ57,0.0022011,0.01296,0.015894,0.043512023985385895,0.0007269072229973,0.0026315576396882
P08970_P43332,0.0021717,0.012944,0.01598,0.12154699862003326,0.9968818426132202,0.2359329611063003
Q7JYH3_O46308,0.0022357,0.012937,0.015908,0.007819388061761856,0.0003494379343464,0.0014946907758712
Q9VJD4_Q24562,0.0021881,0.013041,0.016065,0.025404034182429314,0.9985920786857604,0.0079753687605261
Q9XYN7_Q03017,0.0021753,0.013038,0.016039,0.10281781107187271,0.0006199703784659,0.2130278944969177
Q95RV3_Q01645,0.0021792,0.01293,0.015879,0.21118079125881195,0.0009898452553898,0.0052846916951239
O44437_Q9VHE3,0.0021777,0.013114,0.015887,0.0772411972284317,0.0006220108480192,0.0006066889618523
O62530_Q9W0S8,0.002197,0.012927,0.015889,0.0031974201556295156,0.0009102359763346,0.0004015085869468
P08645_Q02637,0.0063849,0.013968,0.015928,0.48706355690956116,0.0017216048436239,0.0785539895296096
X2JDZ1_A1Z9E2,0.0026462,0.012965,0.015985,0.1183169037103653,0.0047435224987566,0.5400282740592957
Q9VWD5_Q9VA51,0.0021972,0.012948,0.015978,0.2793935537338257,0.0277650095522403,0.0205017980188131
Q8SWV6_Q9I7P3,0.0022026,0.012944,0.015915,0.04399510845541954,0.0007355360430665,0.0003303595876786
Q9VBQ3_Q9VIT3,0.0021788,0.013078,0.016215,0.47270798683166504,0.0075351288542151,0.0008921645348891
Q9VJI7_P84051,0.0023259,0.013258,0.016155,0.0035856154281646013,0.000342600949807,0.9852076768875122
P46867_Q9V7W9,0.3623,0.013482,0.016242,0.13015982508659363,0.0095669366419315,0.0146055854856967
Q9W4R3_Q27350,0.0021967,0.013056,0.016202,0.12412858754396439,0.0019021155312657,0.0007099295035004
Q9W483_Q9VL93,0.0022244,0.012963,0.016016,0.36638593673706055,0.0598739609122276,0.0118617638945579
O16130_Q9V3S6,0.0022543,0.012925,0.0159,0.14782671630382538,0.0027735268231481,0.0297302789986133
P13097_P16371,0.0045362,0.013162,0.015918,0.02299371175467968,0.006590599194169,0.0061776922084391
Q7KN62_A1ZBT5,0.0026137,0.01295,0.015989,0.12576578557491302,0.0052970508113503,0.1620507687330246
A1Z9I5_Q9VCY3,0.0021815,0.012956,0.015907,0.017250318080186844,0.0006331321201287,0.9791208505630492
P06002_P40792,0.0031935,0.013224,0.031586,0.0026382694486528635,0.0009781128028407,0.0018553567351773
P23647_Q9VAQ8,0.0021792,0.012971,0.015952,0.04935091361403465,0.9928760528564452,0.3102268874645233
Q9VVH6_Q9W358,0.0025595,0.013157,0.016153,0.0032823930960148573,0.0784475803375244,0.0047259530983865
O62530_Q9VT31,0.0021857,0.012934,0.015908,0.005793181248009205,0.0004446051316335,0.0086993603035807
P08175_Q9W4B3,0.0022502,0.012948,0.016089,0.13414208590984344,0.0076860287226736,0.5811271071434021
Q9VFT4_Q9Y0I1,0.0022777,0.01299,0.016016,0.2279839664697647,0.0319366566836833,0.0007417574524879
P46824_P17789,0.0022279,0.013755,0.016889,0.08064013719558716,0.0011721561895683,0.001351939397864
P08645_Q9W4R3,0.0022224,0.015095,0.016265,0.08074884861707687,0.001012425404042,0.0005592656088992
Q9VM81_Q9W4B3,0.0022889,0.013149,0.016013,0.02952333353459835,0.0056536379270255,0.0251490324735641
Q9W087_P92204,0.89943,0.013132,0.0159,0.14758355915546417,0.0161856953054666,0.0009820378618314
P29310_M9NF10,0.0021887,0.013364,0.021473,0.11024774610996246,0.0282544512301683,0.0018897292902693
P98149_Q9VZV5,0.0022718,0.013275,0.016068,0.019478293135762215,0.9955525994300842,0.4532361030578613
P23647_O44226,0.0059337,0.012972,0.016448,0.4634935259819031,0.9955710768699646,0.001201361301355
Q27889_Q9VJI9,0.0022313,0.013076,0.016483,0.10461463034152985,0.0052734459750354,0.0421121604740619
P48609_Q9V3H2,0.0022031,0.012989,0.016176,0.4032125174999237,0.0002607747737783,0.001489998307079
Q9VXX0_Q9VHM7,0.0021896,0.012959,0.015904,0.10626295208930969,0.0038428616244345,0.0009722238755784
Q9VBY2_Q9XYU0,0.0021966,0.012931,0.015992,0.0702211931347847,0.0013198603410273,0.0098730195313692
Q9W2K3_Q9VYX7,0.0021844,0.012935,0.015889,0.1201261356472969,0.000331848510541,0.8941792249679565
Q9V3E9_Q9VWI4,0.0026242,0.013073,0.015995,0.006913168355822563,0.0009700958034954,0.0018300409428775
A1ZBP6_Q24306,0.0022162,0.012974,0.015909,0.02304019406437874,0.0096221175044775,0.0003345374425407
Q94545_Q9VPH8,0.0022442,0.013068,0.017678,0.0059677353128790855,0.9983067512512208,0.0003839370619971
O61722_P18824,0.0022601,0.013438,0.020896,0.06991659849882126,0.9966854453086852,0.0110165728256106
Q9VLK1_Q9V4E0,0.0021942,0.012947,0.015945,0.04812278598546982,0.0018393628997728,0.0643156915903091
P30052_P17917,0.0021683,0.012931,0.015911,0.2519083619117737,0.0097530419006943,0.5912924408912659
P42003_O18413,0.0022173,0.012972,0.015926,0.13696879148483276,0.0051577067933976,0.0010013083228841
Q8T0S6_Q8T4F2,0.0021976,0.012974,0.015937,0.5337791442871094,0.0011478267842903,0.0013678799150511
Q7KN94_Q9VMU4,0.0021965,0.012982,0.015939,0.0901770293712616,0.0003058103902731,0.0082595385611057
P08570_Q9VQD8,0.0022015,0.012925,0.015898,0.3043493926525116,0.0012120064347982,0.355845034122467
B7Z0R7_P46150,0.82904,0.75489,0.016011,0.0021419860422611237,0.0009948859224095,0.0147878313437104
X2JDZ1_P54359,0.0053196,0.013803,0.016046,0.013352131471037865,0.0117894150316715,0.0545457527041435
A1Z9E2_Q24472,0.0022973,0.012928,0.015931,0.014656140469014645,0.0152332549914717,0.0371173098683357
P07548_Q9V8I2,0.0021795,0.012951,0.015902,0.17165116965770721,0.0020841376390308,0.039785049855709
Q9NHB0_O18413,0.0021845,0.012937,0.015919,0.07730953395366669,0.0003409103082958,0.0016598516376689
Q9VQF9_Q9VTE0,0.47674,0.52399,0.015989,0.43943870067596436,0.9989863038063048,0.0086756981909275
Q9V3G9_P48149,0.0021758,0.012942,0.015889,0.14599362015724182,0.0018529825611039,0.0028499232139438
E1JJE8_P91664,0.32676,0.018677,0.016963,0.47541359066963196,0.0903377309441566,0.0138320988044142
P06754_Q9VFT4,0.0021973,0.013256,0.015917,0.08837616443634033,0.0010034469887614,0.0149825252592563
Q9W2A5_Q8T0S6,0.0053535,0.01313,0.041695,0.04190288856625557,0.0076142312027513,0.0018572057597339
P41093_P19889,0.0021936,0.012925,0.015931,0.28221595287323,0.0013937185285612,0.0458680503070354
Q9VY87_Q9VLI9,0.0022051,0.012994,0.015911,0.09582201391458511,0.0003464198380243,0.390639990568161
Q7YU24_Q9VFJ3,0.0022016,0.012951,0.015924,0.22474978864192963,0.0017165917670354,0.006183324381709
Q9VJD2_M9PF96,0.0021859,0.013048,0.015892,0.19180282950401306,0.0004907238180749,0.0003146151721011
Q9VUG4_Q9VF82,0.0022284,0.012935,0.015893,0.0928855612874031,0.0007667847676202,0.0044060596264898
Q7KLV9_Q7KN94,0.0021863,0.014822,0.015917,0.0028444211930036545,0.0002196652058046,0.9838507771492004
C7DZL9_Q9VKJ4,0.0035544,0.012954,0.015885,0.02759881690144539,0.0003466150956228,0.0069496282376348
M9NF10_Q9VNE9,0.0021808,0.012918,0.015923,0.019938165321946144,0.0011442265240475,0.0134942959994077
P26017_Q9VHG6,0.0022203,0.012946,0.016016,0.22716738283634186,0.018274150788784,0.0016565006226301
Q0KHZ6_O02193,0.0021769,0.012938,0.015916,0.010568410158157349,0.0008851555758155,0.982141137123108
P41042_Q7JWR4,0.0022261,0.012928,0.01588,0.12731538712978363,0.3578799962997436,0.0039002613630145
Q9VYW2_Q9VWZ1,0.0025035,0.012974,0.015916,0.3614088296890259,0.0017438326030969,0.0022321660071611
P18289_Q9V407,0.0035456,0.013011,0.015975,0.08970358967781067,0.0003810758644249,0.0583546571433544
P29327_Q9VIF5,0.0021907,0.01292,0.020203,0.39442673325538635,0.0197532847523689,0.0282771587371826
P08646_Q7JXV9,0.0022488,0.01306,0.017239,0.00866593886166811,0.0002220586611656,0.0011877284850925
Q9V9W8_Q7K1V0,0.0023996,0.013009,0.025011,0.011719776317477226,0.9957200884819032,0.0373679101467132
Q9VXP1_P26686,0.0024846,0.013076,0.015975,0.3977851867675781,0.0008733426802791,0.0003208294510841
P62152_Q9VA95,0.0022037,0.013121,0.015872,0.016541343182325363,0.0004487748083192,0.0215819645673036
P22769_Q95TJ9,0.0021713,0.012927,0.015885,0.02214624732732773,0.0002423416299279,0.0038775582797825
Q9VZV5_Q9W4R3,0.0021872,0.013121,0.015967,0.013799985870718956,0.000627075030934,0.0054917065426707
Q94518_Q9W5N2,0.0022098,0.01295,0.016361,0.2644253373146057,0.0004653159994632,0.0055993851274251
Q7KTX7_Q7YU24,0.0021948,0.013064,0.015939,0.10177990049123764,0.0016024613287299,0.0021652705036103
Q95TJ9_Q9VR38,0.0023326,0.012978,0.015943,0.719170093536377,0.0374092981219291,0.9854257106781006
P29829_Q7K1Y4,0.0029752,0.085042,0.041933,0.19667455554008484,0.0200122408568859,0.000286523340037
Q8T965_Q9VTE5,0.055344,0.013307,0.015977,0.3026968240737915,0.9967855215072632,0.0054119103588163
Q9W3E1_P18488,0.0024449,0.013483,0.01595,0.08239216357469559,0.0051297070458531,0.0004502239171415
A0A0B4KEQ4_Q9VUI0,0.0021835,0.012917,0.015898,0.11193079501390457,0.0026636386755853,0.0003237289201933
A1Z9X0_Q9W5N2,0.0021923,0.012947,0.015931,0.0895429253578186,0.0010060553904622,0.0003151651762891
P49847_P09087,0.47408,0.013153,0.016279,0.08215026557445526,0.00226162513718,0.104301668703556
Q9V3K3_Q9VH07,0.96489,0.013703,0.053565,0.07157468795776367,0.9989977478981018,0.1267040222883224
P41093_Q8T965,0.0021847,0.012918,0.015896,0.302645742893219,0.0022356640547513,0.0005031715263612
Q9VZF2_Q9VST2,0.0021794,0.013079,0.015929,0.07166818529367447,0.0011312972055748,0.000465292687295
Q9W1B9_P48462,0.0022106,0.012988,0.015905,0.030537260696291924,0.0002133490052074,0.990407407283783
Q9VUI0_P46223,0.0021767,0.012934,0.01855,0.010371067561209202,0.0009472462697885,0.0071138739585876
Q9TW27_Q8IMX1,0.0021774,0.012951,0.015951,0.08604905009269714,0.0148412538692355,0.2429067492485046
O61722_Q8IPW3,0.0021914,0.012963,0.015905,0.07692187279462814,0.0003303025732748,0.0013495980529114
Q7KTX7_Q9VEX9,0.0021865,0.013068,0.01591,0.016276780515909195,0.9964731335639954,0.0021314248442649
Q9V3V9_Q9VI60,0.0021854,0.012922,0.015892,0.10946483165025711,0.0194063540548086,0.0013672781642526
Q9W2H9_Q9VJD2,0.0021738,0.012928,0.015872,0.0334407277405262,0.0059972023591399,0.5262252688407898
Q06453_Q9VU83,0.83512,0.013115,0.016825,0.2922412157058716,0.0129889249801635,0.0045409551821649
Q9VVT5_P13677,0.0021904,0.012994,0.016038,0.06157279014587402,0.0010451519628986,0.0016868805978447
Q01071_Q0E9G3,0.0022554,0.013044,0.01597,0.008525256998836994,0.0012239195639267,0.9829044938087464
P29555_Q27368,0.45164,0.013611,0.017711,0.21054285764694214,0.8403789401054382,0.6282944679260254
P52486_Q9VZV5,0.02648,0.013223,0.016045,0.33314087986946106,0.996960461139679,0.9249182343482972
P46824_P18824,0.0048576,0.10564,0.019267,0.08977615088224411,0.5227430462837219,0.5919831991195679
P23573_O96989,0.0021852,0.012972,0.016661,0.2009989619255066,0.0004771956882905,0.0041173971258103
O16810_Q9W2R4,0.74199,0.013574,0.019201,0.0338553786277771,0.0536447837948799,0.9815691709518432
M9PBM3_P18491,0.0023263,0.012972,0.015975,0.20228073000907898,0.0020361875649541,0.0009256352786906
Q9U5W9_Q8SY34,0.0022055,0.012975,0.016024,0.029374798759818077,0.0044567519798874,0.0007976380875334
Q7KA43_Q8MSY4,0.0021764,0.013076,0.015863,0.012527305632829666,0.0009279546211473,0.0013708977494388
Q9VVB6_Q0E9B6,0.0021807,0.013001,0.016064,0.058837007731199265,0.0006417258409783,0.98550283908844
Q7JXV9_E1JHY7,0.0021786,0.012971,0.01601,0.230852410197258,0.0005535102100111,0.0663306936621666
Q7JXB9_Q9VNE4,0.0021773,0.012926,0.015884,0.09577789157629013,0.001167420647107,0.000575463171117
A0A0B4KFV0_Q8T0S6,0.51778,0.013383,0.01612,0.25692427158355713,0.0024583297781646,0.0018106264760717
P38979_Q9VEV9,0.0024651,0.012964,0.015919,0.08653540909290314,0.0002467336307745,0.0382802858948707
Q9NHP1_Q9VJI9,0.0021899,0.013162,0.015893,0.4431409537792206,0.0027590927202254,0.0003542426275089
Q95TN8_Q9VZF5,0.5466,0.013148,0.021507,0.013302859850227833,0.0384236499667167,0.0011002247920259
O16130_P91929,0.0022488,0.013609,0.015916,0.013867787085473537,0.0020746120717376,0.0228918734937906
P53034_P40791,0.0021878,0.012965,0.015894,0.2381526231765747,0.0003516073629725,0.8900584578514099
Q9VGR1_Q962S2,0.0021891,0.012969,0.015848,0.052638232707977295,0.0087727503851056,0.0349832214415073
P18930_P08181,0.0023215,0.013012,0.015897,0.035661377012729645,0.0002158538991352,0.0036537260748445
Q9VW53_Q9W236,0.0021846,0.012932,0.01593,0.17265333235263824,0.0002478266542311,0.940632939338684
Q9VYW3_P22464,0.0021794,0.012923,0.015882,0.357563316822052,0.0008278088644146,0.0009498373256064
P40792_P39768,0.0026118,0.013646,0.016079,0.005089147947728634,0.0005810285801999,0.0003152874705847
Q7KRY6_Q86B79,0.092456,0.01304,0.016216,0.49608495831489563,0.0095862951129674,0.0023531019687652
O76908_P35220,0.0022189,0.01298,0.015936,0.09210363030433655,0.0046254131011664,0.0005850066663697
Q9VBY2_Q9VGY3,0.0021987,0.012912,0.015892,0.0074713570065796375,0.071137398481369,0.0213543027639389
Q9VTL1_Q9XZ61,0.0021738,0.012955,0.016077,0.39878857135772705,0.0002687009982764,0.0014655357226729
Q7JVI3_P0CG69,0.0021617,0.013067,0.015922,0.2069869041442871,0.0004026961396448,0.9819297194480896
Q9VUY2_P23647,0.027977,0.013344,0.016624,0.27240514755249023,0.9668111205101012,0.9892026782035828
Q8T3Y0_E1NZB4,0.0022142,0.012955,0.015935,0.19656415283679962,0.0003436041588429,0.0067775561474263
O77237_P42207,0.0021903,0.012943,0.016067,0.021913841366767883,0.0004377212608233,0.0073543670587241
Q7KVG9_Q9VL21,0.0033958,0.013021,0.015974,0.3119388222694397,0.0165954027324914,0.1920809596776962
O61722_Q9VB22,0.0022749,0.016155,0.016021,0.007734198123216629,0.1003590375185012,0.5509246587753296
Q27889_Q9VJ12,0.0023045,0.013065,0.043393,0.014208727516233921,0.0171910915523767,0.0314942374825477
P12982_Q24276,0.0022014,0.013013,0.016546,0.2822871804237366,0.0026666261255741,0.0741038247942924
Q9VDK2_Q9W279,0.0021868,0.013029,0.015941,0.20810940861701965,0.0058090165257453,0.939871311187744
Q9V345_P83094,0.0021845,0.013237,0.015967,0.070402130484581,0.0005580500001087,0.0002642809413373
Q9VGY3_Q9VA32,0.0021934,0.012935,0.01588,0.0987413227558136,0.0004036635509692,0.0031714448705315
Q9W2A5_Q9VHD2,0.0022254,0.013056,0.016019,0.21052643656730652,0.0021248315460979,0.0011737546883523
Q8MS69_Q9VSY9,0.0022098,0.012921,0.01599,0.6266893744468689,0.0006819008267484,0.002257763640955
Q9VCU6_Q9VYX4,0.0022175,0.012922,0.015931,0.4349503815174103,0.5493810772895813,0.0002369716821704
Q7JZC9_Q9VYX4,0.0026627,0.012956,0.015919,0.2511725425720215,0.7464674115180969,0.0027062406297773
O46339_P17210,0.0033636,0.013163,0.016034,0.009422989562153816,0.0295598004013299,0.0515424869954586
Q9VEG5_P22807,0.0023701,0.013025,0.015907,0.045765139162540436,0.005075235851109,0.1810435205698013
Q9VSY9_Q9NJG9,0.0024397,0.012941,0.016132,0.05534818023443222,0.0129081821069121,0.0323524735867977
Q9VKV4_Q7KSQ2,0.0021781,0.012957,0.0159,0.2404855340719223,0.0003044196346309,0.0085849212482571
Q8SWV6_A0A0B4JCT9,0.0021841,0.013663,0.015912,0.05142933875322342,0.0008227727375924,0.0037916051223874
Q27415_A0A0B4KEQ4,0.002169,0.012916,0.015924,0.010207093320786953,0.0005703225615434,0.0092573976144194
B7YZE6_Q9VAN8,0.0021871,0.012935,0.015916,0.0526885986328125,0.002343117725104,0.0064611877314746
P49906_P07548,0.0022886,0.012937,0.016141,0.10519829392433167,0.0008153612725436,0.4800283014774322
P42124_A0A0B4KGY6,0.0021943,0.012924,0.01601,0.1048811674118042,0.0025538320187479,0.0021094388794153
O16867_P21461,0.0021972,0.013312,0.015939,0.010599547997117043,0.0010915487073361,0.1513056457042694
Q9VKI2_Q9V3H8,0.0022094,0.01296,0.015896,0.05444550886750221,0.0003370266931597,0.0579723082482814
O46034_Q08012,0.002187,0.013123,0.016282,0.04619530215859413,0.0042602368630468,0.0004051085561513
Q9VHM5_Q00805,0.0021981,0.01295,0.016011,0.5226032137870789,0.0010436370503157,0.0004037441685795
Q9W087_Q9VQI4,0.0021794,0.012984,0.015893,0.11043474078178406,0.0003667022974696,0.0009572834242135
Q8SX86_O77430,0.0021672,0.012917,0.015879,0.026216818019747734,0.0249493867158889,0.002272066893056
Q9VG03_Q01070,0.0028072,0.012995,0.015944,0.05607002601027489,0.0024250606074929,0.0068428348749876
Q9VZ01_Q9VMV7,0.0021938,0.013085,0.015882,0.21521934866905212,0.0021642046049237,0.7800009846687317
Q0E8K5_Q9VV74,0.0022104,0.012946,0.015927,0.1330290287733078,0.0007296184194274,0.933581292629242
Q9I7L4_Q9VJD4,0.002181,0.013095,0.015895,0.004654411692172289,0.0100052589550614,0.0794393122196197
Q8IPW2_Q9NCC3,0.0021998,0.022259,0.035835,0.1273983269929886,0.998770534992218,0.0081423381343483
Q0E9B6_Q9U5W9,0.0022037,0.012927,0.015943,0.08639758825302124,0.000430913263699,0.0003358351532369
Q9VQS4_X2JEH3,0.012234,0.013247,0.016399,0.06697270274162292,0.0251954142004251,0.0043367366306483
Q9W0S8_Q9VZU1,0.0022587,0.012924,0.015923,0.0087503707036376,0.0047517078928649,0.00072462746175
P22711_Q9VA95,0.0021838,0.012941,0.015928,0.35605937242507935,0.002135980175808,0.0049720373935997
A1ZBP6_Q9VTT2,0.0022261,0.012974,0.23925,0.28122782707214355,0.0032354895956814,0.0055436305701732
P49847_P18491,0.042755,0.013067,0.023791,0.06688951700925827,0.0014558065449818,0.0239397697150707
Q9VWE8_Q95RV2,0.0021994,0.013053,0.028192,0.02019910141825676,0.9461767077445984,0.0003522004699334
P39768_P20350,0.0021823,0.013521,0.015936,0.08061554282903671,0.0068538910709321,0.0064749489538371
P15357_Q9VQD7,0.0022317,0.013371,0.015941,0.19648368656635284,0.0004831727128475,0.0372096933424472
Q4V5A7_P22979,0.0022044,0.012939,0.015899,0.20887626707553864,0.010477022267878,0.9739812016487122
P13008_Q9VBI0,0.0021906,0.012917,0.015965,0.1371772289276123,0.0006301215034909,0.982583463191986
Q7K4Z4_P80455,0.0021896,0.012972,0.015875,0.06902702152729034,0.0002564936003182,0.0001526688720332
P23647_P07909,0.0029108,0.01318,0.034892,0.07995368540287018,0.7799252271652222,0.0186966601759195
Q9VF27_P20227,0.0022434,0.012949,0.015903,0.07689932733774185,0.0003083386691287,0.0024167406372725
A1Z9E2_P04197,0.0037642,0.012975,0.016486,0.10168520361185074,0.1168888807296752,0.5671844482421875
P49906_Q9VIP1,0.0029546,0.012962,0.54365,0.20563220977783203,0.9986779093742372,0.9426235556602478
Q27889_Q9VSY9,0.0022908,0.013154,0.016058,0.5992298722267151,0.0667817816138267,0.6158424615859985
Q03017_Q9V3E9,0.0023588,0.013702,0.019314,0.027061201632022858,0.0163471959531307,0.001036679605022
Q9VX37_Q0E9B7,0.018064,0.012929,0.017228,0.028373781591653824,0.0036557416897267,0.0010448696557432
Q9VUB8_Q9W2E8,0.0024127,0.012931,0.015918,0.04345571622252464,0.0003727088915184,0.981654167175293
Q8IH18_A8JNK7,0.24743,0.012976,0.016404,0.4012976884841919,0.0042227618396282,0.0006113534327596
Q9W499_Q9VS38,0.002233,0.012942,0.01598,0.5431671738624573,0.0004007908282801,0.8367923498153687
Q05201_C7DZL4,0.0021861,0.01302,0.015882,0.14882713556289673,0.0002650250389706,0.131353810429573
Q9I7H8_Q9VUR3,0.0021902,0.012924,0.015905,0.29843565821647644,0.0009084307821467,0.0165736898779869
Q9VRT7_P55841,0.0021939,0.014104,0.015876,0.3705061674118042,0.0003844907041639,0.0003193490847479
Q9VMV7_Q9VN42,0.0022169,0.012967,0.019479,0.5077527165412903,0.0006398759433068,0.0028285861480981
Q9VXX8_Q9W418,0.0022311,0.013005,0.87304,0.28385818004608154,0.0002669414388947,0.0192406121641397
Q7JZK1_O76927,0.002215,0.012931,0.015895,0.0855773314833641,0.0241357125341892,0.004681400489062
P55830_P48598,0.0021722,0.012954,0.01591,0.06661111116409302,0.0003445073380135,0.0944720953702926
P22979_Q94524,0.0021918,0.012927,0.015889,0.06366583704948425,0.0007969915168359,0.0004458646290004
Q27934_P26270,0.0021802,0.012918,0.015948,0.5449060201644897,0.0006243423558771,0.0264199133962392
P26270_Q9W0G1,0.0021752,0.012931,0.016292,0.47029075026512146,0.00034538374166,0.0002611360396258
P13096_Q8IQ53,0.0021739,0.014244,0.015894,0.12458797544240952,0.0006458482821471,0.0003293115005362
P29503_Q9V461,0.0021963,0.01302,0.016502,0.3746885359287262,0.0006582242785952,0.0003096554719377
Q7K159_O46034,0.002182,0.013072,0.015904,0.43161097168922424,0.0004707570769824,0.0002967595355585
Q9VZF2_Q9W087,0.0022012,0.012955,0.015887,0.09561797976493835,0.0009095268324017,0.0046470812521874
P08970_O16130,0.0021742,0.012941,0.016222,0.03805726394057274,0.9974688291549684,0.1532434225082397
Q95RR8_Q9V629,0.0021931,0.012928,0.015953,0.029831919819116592,0.0046967091038823,0.971853256225586
Q9VNB5_Q01645,0.0021996,0.012962,0.015889,0.16371101140975952,0.0005018224474042,0.000615992990788
Q9VS34_P53034,0.0021716,0.012939,0.015896,0.28651612997055054,0.0005383164971135,0.0002877354854717
Q9VL93_P17704,0.0022056,0.012924,0.015926,0.09082291275262833,0.0008896801737137,0.0002200414746766
P20153_P49847,0.003368,0.013133,0.016148,0.2196694314479828,0.0008168964413926,0.0020583870355039
Q9U6B8_P10734,0.0030973,0.012979,0.017299,0.17378365993499756,0.0010992300231009,0.0003220107173547
Q9VUK7_Q9W3E7,0.8044,0.01299,0.017261,0.10226821154356003,0.0123331844806671,0.0058023449964821
C0MJ66_P18489,0.0022049,0.012967,0.016264,0.20407533645629883,0.0003074207925237,0.0041579632088541
Q9V428_P40427,0.0021819,0.012996,0.015922,0.0642501562833786,0.0023120585829019,0.5770699977874756
Q9VR35_Q9W5B3,0.002227,0.012933,0.015938,0.6209049820899963,0.0232331845909357,0.0023441279772669
P84040_Q23973,0.0022173,0.012965,0.016103,0.20242761075496674,0.0004346878849901,0.0010924142552539
Q9VTZ7_Q86P80,0.0022733,0.012987,0.016058,0.2547558844089508,0.0234486814588308,0.0014197201235219
Q9VS59_Q9V4E0,0.0021921,0.01301,0.01598,0.2116769552230835,0.0002593201352283,0.0004308319475967
Q7JVI3_A0A0B4JCT9,0.0021773,0.013033,0.01591,0.09646688401699066,0.000837741070427,0.0080582359805703
E1JH43_P08646,0.0021857,0.014827,0.015891,0.05114608258008957,0.0005555670359171,0.0102033270522952
Q9XZS4_Q9XYU0,0.0021956,0.013098,0.016667,0.07391642034053802,0.0002832815225701,0.0009372659842483
Q9VJI7_A0A0B7P9G0,0.0022026,0.013018,0.015919,0.014665205031633377,0.000219175213715,0.948237419128418
P13096_Q9VZJ3,0.0025508,0.013044,0.01602,0.44948408007621765,0.9898393154144288,0.0002446637372486
P91664_Q8SX32,0.002202,0.013003,0.015977,0.09460730850696564,0.0003601896169129,0.0312591344118118
Q95TJ9_Q9VB23,0.0022144,0.013773,0.017247,0.03090687282383442,0.003204695880413,0.0001545191771583
Q95RV2_Q24475,0.002217,0.012931,0.015908,0.18453416228294373,0.0028618222568184,0.0005462514818646
Q9W102_Q9XZS4,0.0022204,0.013074,0.015917,0.21262770891189575,0.0002173540851799,0.0028935694135725
Q9W482_Q7K119,0.0022256,0.013003,0.01593,0.045449163764715195,0.008746045641601,0.0082272067666053
P31007_Q8SX32,0.002187,0.013031,0.01619,0.03806141018867493,0.0049212798476219,0.0322187356650829
Q9VX94_Q9VRK9,0.12364,0.024392,0.015982,0.021751398220658302,0.0182404164224863,0.0519636124372482
P18930_Q9V3L8,0.0024084,0.013009,0.016071,0.26885655522346497,0.000224298069952,0.9004780054092407
Q9VGC1_P46824,0.0022215,0.016111,0.015951,0.004493150860071182,0.0007979801739566,0.0032275842968374
A0A0B4K775_Q9XTN4,0.0022687,0.013352,0.015925,0.008973492309451103,0.0059420550242066,0.0046271150931715
Q7JWD6_Q24168,0.0021751,0.012953,0.01596,0.018050961196422577,0.0007371879182755,0.0016877955058589
Q9VRK9_Q7JVI3,0.0022007,0.013675,0.015971,0.1309189796447754,0.0054252627305686,0.0842447206377983
Q9VD72_Q06453,0.0022185,0.012947,0.015892,0.19060398638248444,0.000434325862443,0.0020637537818402
P42287_Q9VNB5,0.0022924,0.012948,0.016984,0.0763196051120758,0.0008957355748862,0.0392164550721645
A0A0B7P9G0_P02828,0.0021917,0.012961,0.016022,0.4518485367298126,0.0008182087331078,0.0132212154567241
Q9VJ33_Q8IR14,0.0022077,0.013149,0.015983,0.18346478044986725,0.0048187398351728,0.0009690638980828
Q9VR38_P22769,0.0021804,0.01292,0.01588,0.04148952290415764,0.001859612413682,0.53704434633255
P06002_Q7KSQ2,0.0023256,0.013235,0.019737,0.0053587243892252445,0.0006507356301881,0.259971410036087
E1NZB4_Q9VVW2,0.0022247,0.012958,0.015988,0.34326931834220886,0.002377287717536,0.0005630784435197
P82804_P02574,0.0022644,0.013066,0.37464,0.3281072676181793,0.0030065733008086,0.0211991816759109
Q9VUB8_Q7KUL3,0.0022764,0.012953,0.015916,0.35004737973213196,0.0036642791237682,0.0706067979335784
M9PF96_P11346,0.0022064,0.013067,0.016047,0.20154134929180145,0.0003102130722254,0.0017398422351107
Q7JNL9_Q9VTT2,0.065473,0.01293,0.016537,0.011628471314907074,0.006010178476572,0.8886409401893616
Q9VF82_Q9W237,0.0021887,0.012936,0.015891,0.1994105726480484,0.0002513403596822,0.0143803069368004
M9NF10_Q9VNB5,0.0022069,0.012923,0.015895,0.21090008318424225,0.0061619039624929,0.0008496000664308
Q9Y0H4_Q8MRQ1,0.27489,0.013003,0.016048,0.07347259670495987,0.0005145331961102,0.1125069335103035
Q9W2H9_Q8IRI5,0.0028441,0.012933,0.016026,0.38091418147087097,0.0026225270703434,0.0273471996188163
Q9VEX5_P91929,0.0021744,0.012958,0.015951,0.06393898278474808,0.0207827184349298,0.0242322050034999
Q9VCQ7_Q9NFZ3,0.0021843,0.012943,0.015908,0.13887210190296173,0.0028001239988952,0.0030390399042516
E1JHS8_Q9W5B9,0.0021956,0.012928,0.015906,0.13302169740200043,0.0019982820376753,0.9742547273635864
P02835_E1JIM1,0.061502,0.012982,0.016365,0.03500641509890556,0.0142443692311644,0.0017455294728279
Q7JZC9_Q9W4S7,0.0023114,0.013015,0.015891,0.16019415855407715,0.1875820606946945,0.0099116349592804
Q7JWD6_O16867,0.0021763,0.013048,0.015977,0.005015780683606863,0.0010605772258713,0.2864497005939483
P19018_Q8T390,0.0022018,0.012991,0.018328,0.3146321177482605,0.0006196611793711,0.0533840470016002
P56672_P48461,0.002878,0.013134,0.017273,0.22339673340320587,0.0044444892555475,0.6871706247329712
Q9Y0I1_P41042,0.0022325,0.012944,0.015912,0.05483628436923027,0.0003229512076359,0.0040373103693127
Q9I7L4_Q9VKV4,0.0021974,0.012927,0.015886,0.026312822476029396,0.0385122932493686,0.8580970764160156
P49735_Q9VVL6,0.0050215,0.012968,0.016655,0.17220550775527954,0.0020455778576433,0.0029460913501679
P10083_Q9VCY3,0.0022067,0.012976,0.015922,0.0664195865392685,0.0002953812072519,0.017387693747878
Q8IQ92_P13096,0.021559,0.012991,0.017161,0.19731974601745605,0.0014769214903935,0.0015878357226029
P10084_P18491,0.28711,0.013059,0.020045,0.7654179930686951,0.9986249208450316,0.2615773975849151
P14003_P16371,0.22757,0.013219,0.016012,0.6060507893562317,0.0083876410499215,0.0210761465132236
O77237_Q05652,0.0021813,0.012925,0.015922,0.027118204161524773,0.0006078713922761,0.0023578619584441
M9PHN7_M9NF10,0.0023326,0.013023,0.015899,0.2442270815372467,0.0012274436885491,0.0006927502690814
Q24133_Q9VG96,0.0023381,0.013059,0.015899,0.1174721047282219,0.0004341785097494,0.0025175211485475
Q9VZU4_Q9V8I2,0.0021957,0.013028,0.015885,0.08608152717351913,0.0264662001281976,0.0005745279486291
Q59DX6_P11346,0.0021873,0.013026,0.015945,0.11361716687679291,0.0006855707615613,0.169472724199295
P02828_Q9VZF2,0.0021978,0.012962,0.017032,0.06551875919103622,0.0012707173591479,0.0079430611804127
Q9VKF0_P48607,0.0022023,0.012949,0.015917,0.1065814346075058,0.0004466149548534,0.9897528886795044
Q9VWX1_Q7K105,0.027792,0.012933,0.016064,0.47523435950279236,0.0037164080422371,0.0012189954286441
Q7KN94_Q9VEX5,0.0021677,0.012996,0.015885,0.17411573231220245,0.0002107672626152,0.0043653985485434
Q9VTZ7_Q23983,0.0022151,0.013097,0.01775,0.023237790912389755,0.028946129605174,0.0061822403222322
Q9V444_P91664,0.0053481,0.013055,0.60062,0.028940275311470032,0.0003181056526955,0.8581262230873108
P31007_Q9W0G1,0.0030063,0.01297,0.016228,0.03928237780928612,0.0033909706398844,0.0031677719671279
Q9VNB5_Q9W483,0.0021762,0.012922,0.015954,0.08162569254636765,0.0009793596109375,0.0073341117240488
Q0E9B7_Q9VTW3,0.0027624,0.012971,0.01599,0.07654067128896713,0.0037995690945535,0.0359102897346019
Q9VT31_P51023,0.0049107,0.012958,0.015908,0.16707520186901093,0.0043379622511565,0.3347938358783722
Q9VW58_Q9XTN4,0.0021803,0.012954,0.015892,0.09099864214658737,0.0014403426321223,0.002675682073459
Q9VW58_Q9VQS4,0.0021954,0.012979,0.01588,0.1403876096010208,0.0018028737977147,0.000217249878915
P26270_Q9VGC1,0.0021866,0.012971,0.015959,0.22826088964939117,0.0003923320909962,0.001445003435947
O97418_Q9XYN7,0.0021829,0.012932,0.01591,0.05176515877246857,0.0002727512619458,0.074373073875904
Q9VAY8_P36241,0.0021736,0.012922,0.016148,0.053986478596925735,0.0009112283005379,0.1247965171933174
Q9VLU0_Q9V629,0.0021751,0.012967,0.015896,0.07034290581941605,0.0009666224941611,0.0319751240313053
Q9W4M8_B3DML8,0.0022104,0.012943,0.01596,0.030929649248719215,0.0013268565526232,0.0080951387062668
Q9VP85_P52656,0.0021814,0.012916,0.015901,0.08718179166316986,0.0046859504655003,0.0286946091800928
Q9VTZ1_Q9VW53,0.0021845,0.012929,0.015908,0.3236735761165619,0.0011192160891368,0.00048256633454
Q9I7P3_Q9V3J8,0.0021827,0.013916,0.015903,0.0725821852684021,0.0073447483591735,0.0002039607061306
P12982_Q9V3C7,0.0022532,0.01308,0.016318,0.07622474431991577,0.9978715181350708,0.0139385480433702
P91943_B3DML8,0.0021926,0.012975,0.01593,0.0008602028829045594,0.004988629836589,0.0013728830963373
P13097_Q9VBY7,0.002283,0.012991,0.015984,0.6008098125457764,0.0022210767492651,0.0052295187488198
Q7JVK6_Q9VTW3,0.0022246,0.012955,0.015898,0.23760797083377838,0.0002959669800475,0.0004404748324304
Q9W1A3_O15945,0.0022565,0.013013,0.016045,0.055978018790483475,0.000303041859297,0.0003597206668928
Q8IN63_P13008,0.0022406,0.012963,0.015956,0.12274681776762009,0.0087321121245622,0.0014965820591896
Q9VRK9_P02833,0.0023612,0.013364,0.016349,0.011475264094769955,0.0055227032862603,0.0001536993659101
P25867_Q95RR8,0.0021844,0.013029,0.01589,0.019994357600808144,0.0025481404736638,0.058702502399683
P22464_Q7KN62,0.0021863,0.012939,0.01599,0.1082334816455841,0.0028035400900989,0.0028029815293848
Q9VM20_P10083,0.0042036,0.01316,0.018378,0.05199943482875824,0.0008346976828761,0.0044795381836593
Q7K304_B7Z0R7,0.0035075,0.013129,0.016237,0.2433815896511078,0.0022719176486134,0.0008794620516709
M9PF96_Q03017,0.0021894,0.013368,0.015929,0.015198667533695698,0.0021561719477176,0.0139948995783925
Q9VIZ0_Q9VJE4,0.0022076,0.012953,0.015882,0.036481861025094986,0.9990241527557372,0.9720864295959472
Q7K1Y4_P83094,0.0022412,0.013251,0.016048,0.003938112873584032,0.0051533561199903,0.0129017503932118
P49735_Q9VIE6,0.35251,0.012953,0.02595,0.12028004974126816,0.0119080860167741,0.1772201210260391
Q7KTX7_O77237,0.0022244,0.012979,0.016955,0.017240434885025024,0.014753988943994,0.6792015433311462
Q9VVP8_P42124,0.0022829,0.012916,0.01596,0.018930478021502495,0.0266039166599512,0.0036322074010968
Q45VV3_Q9VJ83,0.0027975,0.012982,0.015916,0.04316294565796852,0.001516017364338,0.6129837036132812
Q9NFZ3_Q9VAQ8,0.0022003,0.012944,0.015898,0.10768783837556839,0.0022181218955665,0.000890115625225
P13582_Q9V457,0.0021884,0.012947,0.015986,0.2624260485172272,0.0008531610947102,0.0134464474394917
Q9V9M7_P25867,0.0021979,0.012974,0.015878,0.4278791844844818,0.0002240952017018,0.0010130632435902
O46308_Q9W499,0.0021861,0.012932,0.015919,0.020658083260059357,0.0002239694003947,0.0066755870357155
Q32UW5_P29844,0.0021908,0.013304,0.015952,0.2967562675476074,0.0077276658266782,0.009244330227375
Q9V6B9_Q7KSP5,0.18495,0.013319,0.026777,0.19284632802009583,0.0010197763331234,0.93554025888443
Q7KSP5_Q9VBY2,0.0022029,0.012945,0.016028,0.5724298357963562,0.0004141816461924,0.0004320891166571
M9PHL2_P20353,0.0021752,0.013031,0.015943,0.2261875867843628,0.006104168947786,0.0019026633817702
P54359_Q9Y0Z9,0.0022623,0.013051,0.016379,0.1374780237674713,0.0099029205739498,0.000412288820371
Q9VNE9_A8JR10,0.0022324,0.012933,0.015919,0.04576157405972481,0.0003732123586814,0.0012838481925427
Q9VK43_Q9VYW6,0.0021829,0.012997,0.015918,0.03241508826613426,0.0018733498873189,0.00650444207713
Q9XZ56_P07548,0.0023806,0.012937,0.01593,0.37331366539001465,0.0009809639304876,0.0002709677792154
P13677_Q9VIY3,0.0021855,0.012995,0.016012,0.07870764285326004,0.0024139198940247,0.9903274178504944
Q9U6B8_P28159,0.0021949,0.012936,0.016043,0.04091673716902733,0.0031776481773704,0.0007412009872496
Q86P80_Q7KA43,0.0021849,0.013057,0.016152,0.006572668440639973,0.0024675556924194,0.0009995292639359
Q9XZT1_P02833,0.0021784,0.01295,0.015892,0.18886211514472961,0.000326388166286,0.0121308220550417
Q9W501_Q9XZ68,0.0023234,0.013229,0.53436,0.01287547592073679,0.9968320727348328,0.0099245756864547
O46339_Q9VYW3,0.0021799,0.012933,0.015876,0.3737771213054657,0.001162922126241,0.0006335877696983
Q9VNE1_Q9VZJ3,0.0021866,0.012933,0.015912,0.1681535243988037,0.0021108707878738,0.0002987173211295
P29844_Q9VS38,0.0021933,0.012978,0.015907,0.5555135011672974,0.3688707649707794,0.8208569288253784
Q7KSP5_Q9VS01,0.0022053,0.012935,0.015892,0.011296714656054974,0.0005790490540675,0.0009072790853679
Q9W2A5_Q9VHE3,0.0050112,0.012994,0.016422,0.02841826155781746,0.0215190220624208,0.990633487701416
P52486_P11346,0.0021931,0.013057,0.015909,0.09735607355833054,0.0034943690989166,0.0028750381898134
Q9VIH1_Q9VAT0,0.0022623,0.013003,0.015907,0.06074456125497818,0.0006412587244994,0.0006599711487069
P30052_Q45VV3,0.0086745,0.012938,0.01597,0.20071297883987427,0.1834182888269424,0.0004190949839539
P47948_Q9V3H8,0.0021927,0.013016,0.015903,0.00948687456548214,0.0004059993079863,0.328625351190567
Q9W2S2_Q9VWD9,0.0023902,0.013241,0.01659,0.06429673731327057,0.0050559141673147,0.090228296816349
D2NUE8_Q9V7W9,0.54767,0.01293,0.016109,0.03229966387152672,0.0015349750174209,0.0067613651044666
Q8SYU5_Q9VPX6,0.0031315,0.012939,0.01601,0.06776159256696701,0.0063610924407839,0.1686802357435226
A1Z9I5_Q9I7H8,0.0024025,0.013003,0.015935,0.061674557626247406,0.0028062113560736,0.0006104963249526
Q9VMU0_D2NUE8,0.0021949,0.012926,0.015912,0.013486559502780437,0.0002474923094268,0.0083426507189869
Q9VBH7_P16554,0.0021819,0.012958,0.016013,0.2751862406730652,0.0010039298795163,0.001484032603912
O18334_Q9VYY9,0.0028639,0.015785,0.016053,0.1333426833152771,0.9488733410835266,0.8014600872993469
Q9XZS4_Q9VQD7,0.0021755,0.013017,0.015898,0.62632155418396,0.0002908496535383,0.0082590393722057
Q8SYC1_Q9VY87,0.0021964,0.012959,0.016039,0.25486135482788086,0.0028100153431296,0.004958695732057
Q8IPW2_Q9XYN7,0.0021872,0.012955,0.016027,0.021546022966504097,0.0002503824362065,0.0013530342839658
Q86BB4_Q24008,0.0022327,0.014986,0.015935,0.1441376656293869,0.0977037698030471,0.00361521076411
Q9VD72_O61602,0.0022609,0.013194,0.015889,0.21868069469928741,0.0013246785383671,0.003054000204429
P48159_P40301,0.0022155,0.013104,0.016021,0.02404635027050972,0.0002142813027603,0.0028446135111153
Q9Y1B2_P48554,0.0022067,0.012957,0.015898,0.1274278610944748,0.0003973401908297,0.0152387786656618
Q9VND8_O16867,0.0035996,0.013526,0.016066,0.09120014309883118,0.0009643068769946,0.0074769100174307
O77430_Q9VHM7,0.0021731,0.012956,0.015907,0.07555051147937775,0.0035400283522903,0.866264283657074
Q24087_Q9VQA2,0.0021942,0.012914,0.015895,0.3633463978767395,0.0003431571531109,0.0022037159651517
Q9W1A3_Q86B87,0.0031446,0.013012,0.017584,0.05118915066123009,0.0006090115057304,0.0049169408157467
Q9VI55_Q9XTN4,0.0021868,0.01296,0.016243,0.04838503897190094,0.0015704496763646,0.0013977866619825
Q9VKI2_Q9VGV7,0.0021847,0.012937,0.015902,0.0460515134036541,0.0018462348962202,0.0016133686294779
Q9VCY3_P08181,0.0021798,0.01295,0.015969,0.013927837833762169,0.0003505781060084,0.000454149878351
Q9VL93_A0A0B4KFV0,0.0022801,0.013049,0.01594,0.100201316177845,0.0019349018111824,0.0009264890104532
Q7KSP5_Q9VRY0,0.0021852,0.012949,0.015921,0.10929718613624573,0.0013855028664693,0.0042401957325637
Q24564_Q9V3S6,0.0023171,0.012938,0.015914,0.0169074684381485,0.0040568974800407,0.0019064212683588
P23572_Q9I7H8,0.0022357,0.012962,0.016187,0.05602281540632248,0.0072335069999098,0.0055073043331503
Q9W334_Q7KRW1,0.0021981,0.012964,0.015867,0.033225368708372116,0.0007072857115417,0.0015747537836432
Q9W2E8_Q9V3H2,0.0022311,0.012949,0.015991,0.16869927942752838,0.0003241820377297,0.0023520777467638
P46867_Q9VUY2,0.0040288,0.013941,0.016212,0.21845392882823944,0.0124388942494988,0.0063651413656771
Q9W2R4_Q9W5B9,0.0021698,0.012939,0.015897,0.3269164562225342,0.1602034568786621,0.000335263175657
O17445_P09052,0.0022046,0.012936,0.016144,0.028360124677419662,0.9981546998023988,0.0011392028536647
Q9VSB6_Q9XZ56,0.002196,0.013928,0.015958,0.3870576322078705,0.0106019340455532,0.0009429933270439
Q95U62_A1Z6E0,0.002184,0.012934,0.015892,0.13327519595623016,0.0026458697393536,0.0109742814674973
P42287_Q8T3U2,0.0021841,0.012958,0.015891,0.31516093015670776,0.0002175827976316,0.0092021496966481
Q9VEV9_P54733,0.050255,0.013054,0.016189,0.5856963396072388,0.0007963753887452,0.0005955660017207
B6VQA1_Q9Y1B2,0.0021788,0.012982,0.015886,0.01306990534067154,0.0015779299428686,0.0009098636219277
P02283_Q7JXC4,0.0021952,0.013138,0.016007,0.30940502882003784,0.0007148184231482,0.0054977983236312
P24350_Q9U6B8,0.0026108,0.01297,0.016182,0.1458757072687149,0.0011860495433211,0.0091319074854254
Q02936_Q9VCZ7,0.0022243,0.01295,0.015889,0.04759439080953598,0.0003069978556595,0.9592764973640442
O18333_Q9VIT3,0.0021714,0.01315,0.015971,0.16435182094573975,0.0015963978366926,0.0015653924783691
Q9VTM2_Q9VLB2,0.0021826,0.012985,0.015912,0.4897673726081848,0.0003711341705638,0.341833621263504
O61231_Q9V8I2,0.0021884,0.01294,0.015899,0.045507028698921204,0.0002275060105603,0.033394020050764
P18932_E3CTS5,0.0021958,0.012938,0.01589,0.39359667897224426,0.726405143737793,0.0001964711118489
Q9VUG4_Q9VH07,0.0021857,0.012952,0.01591,0.16536512970924377,0.0023097279481589,0.0025200804229825
P48462_P02283,0.0036844,0.013312,0.019024,0.026654323562979698,0.0003888865758199,0.0005568144260905
Q9VWI0_Q9VAF2,0.0021848,0.012925,0.015946,0.17345620691776276,0.0012586214579641,0.0664662271738052
Q8T0G4_Q8T414,0.085387,0.012935,0.01604,0.3902699649333954,0.0038242563605308,0.004899073857814
P09956_Q7KNM2,0.0021741,0.012985,0.015894,0.16351769864559174,0.0013393525732681,0.9607469439506532
Q9V3B4_Q24297,0.0022084,0.012969,0.015887,0.5372310280799866,0.0002856478095054,0.0021489809732884
Q03334_Q9W3Z4,0.0021808,0.012934,0.015895,0.07434707880020142,0.0009271314484067,0.0033021490089595
P54611_Q9U5W9,0.0021821,0.012925,0.015889,0.4850733280181885,0.0012232734588906,0.0009457847918383
Q9VHE5_P19018,0.0021917,0.012986,0.015967,0.08691038191318512,0.0005136100226081,0.0046631079167127
Q8T0G4_Q9XZ61,0.0021753,0.012916,0.015883,0.2806406021118164,0.001060121692717,0.0490171797573566
Q9VVY4_Q9VJM2,0.002189,0.012973,0.015895,0.05155540630221367,0.0013448019744828,0.0056699863635003
P83949_Q9VS05,0.15186,0.013372,0.016147,0.03214895352721214,0.9981927275657654,0.0026055558118969
Q8IRY7_A8DYC4,0.0022095,0.012938,0.015912,0.2566884458065033,0.0012904283357784,0.0006746940780431
Q95RV2_Q9VHN1,0.0021711,0.01293,0.015891,0.029050031676888466,0.0038357069715857,0.0045647723600268
Q9VVP8_Q7KM04,0.0022336,0.012997,0.016534,0.04586261138319969,0.1662897020578384,0.0003664494433905
P49847_M9PF17,0.0021837,0.013158,0.015908,0.05671362951397896,0.0008351408177986,0.0003111220721621
Q9W3Z4_P98149,0.28245,0.01315,0.015975,0.15051588416099548,0.0283779948949813,0.003618553513661
Q9V3K3_Q9Y0I1,0.0021989,0.01295,0.015915,0.3296612501144409,0.0003354348591528,0.0012913782848045
Q9V393_Q8SX86,0.0022081,0.012929,0.015995,0.11196030676364899,0.001349046244286,0.0006558563327416
Q9VM76_P52656,0.0021711,0.012928,0.015902,0.006703161634504795,0.0018534890841692,0.0001922485680552
Q94519_A1ZB42,0.0022044,0.013005,0.016265,0.11683543026447296,0.0007131823804229,0.0002243502676719
Q9U6B8_Q9VJD4,0.0021814,0.013231,0.015921,0.23291409015655518,0.0014978544786572,0.004449741449207
Q94535_Q7KSP5,0.0023079,0.012961,0.015992,0.2115914225578308,0.0245464425534009,0.0025183043908327
Q01645_Q9W482,0.0021916,0.012986,0.015869,0.03151310607790947,0.0008592267986387,0.0016162636457011
Q9VVT5_C7DZL4,0.0021794,0.012952,0.01589,0.4178047180175781,0.0002309916308149,0.0019921599887311
Q9VVT5_C6SV45,0.0021914,0.013029,0.0159,0.10673592984676361,0.0005293089197948,0.0144186513498425
P29503_Q9V9N4,0.024311,0.013031,0.017189,0.04536031186580658,0.0852354988455772,0.0034156083129346
Q94518_Q7K119,0.0022379,0.013003,0.015902,0.21333211660385132,0.0004768168728332,0.0010346170747652
Q9VZM7_R9PY49,0.0029252,0.013709,0.016001,0.13549533486366272,0.0188142340630292,0.0003217747434973
P18932_Q9VRT7,0.0022034,0.013473,0.015899,0.48686838150024414,0.0003770973708014,0.0013693267246708
P12881_P49071,0.0021791,0.012952,0.015927,0.3091420531272888,0.0002340208739042,0.0450797788798809
Q7KM04_Q9VLI9,0.0021825,0.01298,0.015996,0.6631848812103271,0.0026267610955983,0.0013656547525897
Q9VA51_O01382,0.0022116,0.012974,0.015953,0.3790578842163086,0.0242232717573642,0.002036087680608
Q8T965_Q9VA91,0.0021821,0.012975,0.015942,0.06274306029081345,0.0009995150612667,0.9176670908927916
Q9VUB8_O96989,0.0021995,0.013006,0.015923,0.2212626338005066,0.0033129344228655,0.1263793557882309
P51023_E1NZB4,0.0025355,0.012954,0.016093,0.18261300027370453,0.038885660469532,0.0107422545552253
Q8T0G4_Q24039,0.0022107,0.012926,0.015992,0.1545620560646057,0.0007119135698303,0.0084180468693375
Q9VVV9_E3CTS5,0.0021794,0.012926,0.015892,0.1963111013174057,0.0179763082414865,0.0095697212964296
P52485_Q9Y1B2,0.0021754,0.01294,0.015883,0.5519617199897766,0.0004803698102477,0.0006648685666732
Q8SYU5_Q9VGV7,0.0021878,0.012921,0.015902,0.044035326689481735,0.0014692672993987,0.0009423269075341
Q9VSY9_Q9VD72,0.0021832,0.01294,0.015882,0.029328061267733574,0.0015014131786301,0.0002701209450606
P07909_E1JGN7,0.92985,0.013434,0.056583,0.41913485527038574,0.9989101886749268,0.0577215626835823
Q9VJE4_A8JR10,0.0021882,0.012945,0.015877,0.2434956431388855,0.0008076941012404,0.0010615047067403
Q23985_P17789,0.12583,0.012993,0.018558,0.0519183911383152,0.0021157073788344,0.010423962958157
M9PJE4_Q7KVG9,0.66487,0.01311,0.018158,0.006922566797584295,0.978396475315094,0.0005496169324032
Q24040_Q9XZT6,0.0021905,0.012949,0.0159,0.36224353313446045,0.0042670974507927,0.0010065952083095
P16914_P48612,0.0021772,0.012941,0.015922,0.10687508434057236,0.0066290507093071,0.001323316595517
Q8T3Y0_Q9XZ57,0.004589,0.012995,0.015919,0.09135355800390244,0.0005464819259941,0.9428739547729492
Q94545_Q9VSM9,0.0021796,0.012956,0.016135,0.14471471309661865,0.0499969087541103,0.372965008020401
P98149_Q94527,0.63603,0.01306,0.01763,0.003443432506173849,0.9982457160949708,0.4880008697509765
O97420_Q7JYH3,0.0023422,0.012915,0.015938,0.1627020686864853,0.0002764787932392,0.7716189622879028
Q24454_A0A0B4KEP9,0.0023126,0.012927,0.015982,0.12674126029014587,0.0021808291785418,0.0006767780869267
Q9V393_Q9VZS5,0.0022147,0.012963,0.015961,0.1467708945274353,0.0004597886290866,0.0042256121523678
Q9VHD2_Q24318,0.0021812,0.01299,0.015886,0.09060633927583694,0.0038224474992603,0.0012133468408137
P21461_Q27934,0.0021835,0.013053,0.016197,0.29050204157829285,0.0019195628119632,0.0159779824316501
Q9VWD5_O76908,0.0021981,0.012987,0.015975,0.07109875231981277,0.0014698591548949,0.0164137613028287
C6SV45_Q24338,0.0021988,0.014235,0.01595,0.04284432530403137,0.0007273329538293,0.0004231822385918
P40793_Q9VAT0,0.0025509,0.014484,0.016123,0.006775450427085161,0.0005050491308793,0.0330757051706314
P48609_Q9VM20,0.0047135,0.014648,0.020126,0.6223424673080444,0.0023548656608909,0.9833295941352844
P07548_C6SV45,0.0024008,0.012994,0.015913,0.11712396889925003,0.0008254581480287,0.0006710935849696
M9PBM3_Q7PL91,0.0022278,0.013022,0.015923,0.061407338827848434,0.000259138731053,0.001896716072224
Q7KSQ2_Q9U1K1,0.20368,0.013007,0.016499,0.35693565011024475,0.0060277571901679,0.0461405515670776
P23128_Q9VHK6,0.0021905,0.013026,0.016037,0.008153625763952732,0.0003959079331252,0.0804532244801521
Q9VEG5_Q9VUW2,0.0022642,0.013076,0.015925,0.05295993387699127,0.0002777122426778,0.0974185913801193
Q7JX41_Q9VVH8,0.024415,0.036116,0.015933,0.05856388807296753,0.0090132653713226,0.0004822637420147
O18413_Q9XZT1,0.0022109,0.012958,0.015913,0.1585729718208313,0.0007942375959828,0.0330552831292152
Q24560_Q9W2H9,0.0021862,0.013075,0.01607,0.022812310606241226,0.0056422911584377,0.0001390779798384
B7YZE6_Q8IQ53,0.0021818,0.012956,0.01589,0.09854120016098022,0.0007769856601953,0.6114046573638916
Q9VTU2_Q0E8N2,0.0021958,0.013,0.015897,0.15968923270702362,0.0004311951925046,0.0149613581597805
P00528_Q27324,0.0024707,0.013922,0.27674,0.323983371257782,0.002353980904445,0.0017837088089436
Q9W542_Q9VEQ2,0.0021763,0.013165,0.016482,0.04274049028754234,0.0259614363312721,0.4308913350105285
Q86BB4_Q9VV74,0.0021985,0.013012,0.015883,0.23012976348400116,0.0004046025860588,0.0042624240741133
Q9VKW8_P31007,0.0391,0.013043,0.016037,0.05754825845360756,0.0003887555503752,0.003362076357007
P08645_P11346,0.0032878,0.016295,0.017045,0.09294470399618149,0.993868887424469,0.0003683579852804
B7Z0T5_Q9VKD6,0.002199,0.012936,0.015906,0.04013153910636902,0.0112023279070854,0.001101705012843
Q9XZ56_Q9V3K3,0.0021872,0.012938,0.015905,0.3263503909111023,0.0003328554739709,0.0214836932718753
Q9VL21_Q9W0F8,0.002198,0.012986,0.015921,0.2560509741306305,0.0004965965636074,0.9827327728271484
Q9TW27_Q9XYF4,0.0021824,0.012953,0.015959,0.20076316595077515,0.0067348224110901,0.0681530460715293
Q9VRN6_P53034,0.0021926,0.012946,0.015912,0.04860737919807434,0.0004646076995413,0.0003496628487482
Q7KUD5_Q9VEX9,0.0022365,0.012964,0.015956,0.1949915587902069,0.0003826204047072,0.0028541553765535
P13060_Q9VXA5,0.0021787,0.01306,0.015964,0.11086638271808624,0.0003196509205736,0.0025936730671674
Q9VCZ8_Q9VFJ3,0.002188,0.012947,0.015913,0.0892539843916893,0.0002428775915177,0.0109132602810859
A8DYC9_Q9VCU6,0.002215,0.012945,0.015933,0.16123013198375702,0.0128778452053666,0.0003647232078947
Q9XZS4_Q7K3V6,0.0021859,0.013006,0.015962,0.48716017603874207,0.0002673170820344,0.0005448968731798
Q00805_Q95028,0.0021861,0.012971,0.015937,0.017600035294890404,0.0005779138300567,0.0009258443024009
Q9VYY9_Q9VHE5,0.0021848,0.012989,0.015914,0.0305782537907362,0.0008073723874986,0.771653413772583
P22265_Q8SZ16,0.0021739,0.012927,0.01589,0.27117276191711426,0.1061829552054405,0.0084977326914668
O96863_Q9Y0I1,0.0021816,0.01292,0.015906,0.026985032483935356,0.0166123062372207,0.0233410559594631
Q9W5R8_Q9VJD2,0.0021913,0.012924,0.015901,0.15455234050750732,0.0002952097274828,0.011524150148034
Q95SJ2_P49906,0.0022169,0.012929,0.015906,0.015198653563857079,0.000362297927495,0.0008237458532676
O18640_A0A0B4K775,0.0022764,0.013407,0.015938,0.004545451607555151,0.0705006867647171,0.0015305397100746
Q9V6B9_Q9VZU1,0.0025171,0.01315,0.016296,0.14357708394527435,0.0008436244679614,0.0021546091884374
Q9W074_P56672,0.010857,0.012979,0.016036,0.33215638995170593,0.0005583394085988,0.0003236157062929
Q9V535_Q9VVI3,0.0022554,0.012945,0.016595,0.07294059544801712,0.000761390721891,0.0314612947404384
Q9W140_P29310,0.0021972,0.013389,0.016312,0.07007816433906555,0.9971094727516174,0.0002138049749191
Q9VEX5_P54733,0.073849,0.012992,0.016235,0.30457866191864014,0.0063021723181009,0.0041879313066601
I0B1P6_Q24318,0.043371,0.01295,0.017231,0.17621274292469025,0.0013667008606716,0.987359344959259
Q9V428_A1ZAK9,0.0021693,0.013026,0.015907,0.19090230762958527,0.0019905734807252,0.0019725684542208
P21461_Q9V3G9,0.0021785,0.012993,0.015928,0.21733291447162628,0.0012736982898786,0.2942419052124023
Q9VAH9_A8DYC9,0.0022688,0.012991,0.01595,0.18232011795043945,0.0036223684437572,0.0050626322627067
Q9VGY3_Q9W3H5,0.0022278,0.012928,0.015893,0.03875834494829178,0.0059425700455904,0.0002389416622463
A0A0B4JCT9_Q9VCI7,0.029441,0.01295,0.016086,0.12862643599510193,0.1402348130941391,0.0002217603469034
Q9Y1B2_O46339,0.0021904,0.012924,0.015906,0.06643383204936981,0.009350199252367,0.9667924642562866
Q9VL21_Q9VCI7,0.0023083,0.01303,0.016165,0.10424557328224182,0.0017409397987648,0.0032959354575723
P29555_P32031,0.11637,0.013122,0.016446,0.32717931270599365,0.888096809387207,0.0073760268278419
Q7KMS3_Q9VSM9,0.002204,0.013207,0.015906,0.14261049032211304,0.0045587290078401,0.8948426842689514
Q7KM04_O76922,0.0021995,0.012972,0.016103,0.15594668686389923,0.0005576339317485,0.0020682918839156
A8DYC4_Q9XZ58,0.0021994,0.012922,0.015907,0.07201921939849854,0.0003286913852207,0.0003651525184977
O62530_P23647,0.0021801,0.012941,0.016277,0.005819393787533045,0.0097322715446352,0.5702985525131226
Q8IH18_Q9Y106,0.0021966,0.012919,0.015985,0.058640677481889725,0.0039814189076423,0.0071370769292116
Q24133_Q8IPC3,0.0021761,0.012953,0.015929,0.06456952542066574,0.0002772704465314,0.05843411013484
P13582_Q8T414,0.0021838,0.012959,0.015963,0.03738474100828171,0.001608818070963,0.0003356949309818
Q24117_Q9VVR2,0.0021612,0.012932,0.015893,0.49802833795547485,0.050821203738451,0.0033352961763739
Q9W029_Q9VHG6,0.0021975,0.012958,0.015882,0.15871427953243256,0.0010722490260377,0.0007980558439157
Q9W3X7_Q26263,0.0022318,0.012983,0.015927,0.04305441305041313,0.0004342898610047,0.0800333768129348
A1Z9X0_O97111,0.002293,0.012985,0.03063,0.10696250200271606,0.1606463938951492,0.0098480936139822
P10734_P83949,0.13744,0.013154,0.016044,0.036285195499658585,0.0020427501294761,0.0002520999405533
P41042_Q24454,0.0022868,0.012923,0.015885,0.5289303064346313,0.0004351159441284,0.017812080681324
Q9V6B9_Q9VTC2,0.03246,0.013071,0.015962,0.1104210913181305,0.0162848234176635,0.0153439221903681
Q9VCL2_P48462,0.0023209,0.013042,0.016418,0.024380763992667198,0.0129999350756406,0.0004744398465845
Q9W358_Q9VA95,0.0021752,0.012977,0.016131,0.3094325363636017,0.0345962159335613,0.0092378994449973
E1JH43_Q9VHM7,0.0021942,0.012926,0.015906,0.34865379333496094,0.0008217283175326,0.000618384743575
Q9VDK2_Q9VQI4,0.002191,0.012927,0.015911,0.12890587747097015,0.0142184207215905,0.0007326754275709
Q24472_Q27350,0.002186,0.012936,0.015937,0.049610286951065063,0.9987377524375916,0.011856417171657
Q9VR58_Q9VXP1,0.0036446,0.014173,0.016095,0.5250558257102966,0.005756014958024,0.0002704340149648
P28159_O46308,0.0021969,0.012953,0.016109,0.02349182404577732,0.0089456578716635,0.0081937434151768
Q9W2V7_Q9VH69,0.0022177,0.012924,0.015879,0.04939897730946541,0.00081045756815,0.0010976854246109
O44437_O17445,0.0021875,0.012948,0.015951,0.07912646234035492,0.00292485114187,0.0004201098054181
Q8IQ53_P23757,0.0021757,0.013488,0.015918,0.030480407178401947,0.0003942295443266,0.597058117389679
Q7JYH3_Q24210,0.0022338,0.012938,0.015891,0.04273710027337074,0.0003097901062574,0.0746114775538444
O96989_Q26454,0.0021947,0.012955,0.01606,0.18020224571228027,0.0021097469143569,0.0077084419317543
Q7KVG9_Q9VLP3,0.0022026,0.012929,0.015982,0.03300962969660759,0.0810335427522659,0.9578868746757508
Q7JYX5_Q9VKW8,0.0022183,0.012969,0.015942,0.012547998689115047,0.0002662447514012,0.00895357131958
Q9VKD6_Q9VKV6,0.0022417,0.012939,0.015903,0.10101223737001419,0.0007007168023847,0.0067617460153996
O16810_Q7JXV9,0.010533,0.012932,0.015991,0.007762768305838108,0.0112816207110881,0.0249663107097148
Q9VN77_P14003,0.0021991,0.013088,0.015924,0.32304325699806213,0.0003444825706537,0.0187266655266284
Q9VS01_Q9VYX4,0.0053627,0.012957,0.015916,0.04875919595360756,0.0350515395402908,0.0005190725205466
Q27350_Q9W029,0.002193,0.012981,0.015951,0.06808830052614212,0.0009057925781235,0.0512349940836429
Q9V461_P52168,0.0022164,0.013028,0.016613,0.2597731351852417,0.0012542395852506,0.3345937132835388
Q9VN77_Q9VJ02,0.0021804,0.013115,0.016,0.234989732503891,0.000594115757849,0.0004447426763363
P10083_P40797,0.003191,0.013042,0.015964,0.03452884033322334,0.0019327701302245,0.1769751906394958
Q9Y1B2_C0HL67,0.002212,0.012934,0.015937,0.0512281209230423,0.002851917175576,0.0022581727243959
Q9VTU2_Q9VMX3,0.0023047,0.013237,0.01593,0.10684385895729065,0.0006298507214523,0.0019844209309667
E1JH43_Q9W402,0.0022582,0.012947,0.01591,0.06995045393705368,0.0002443043049424,0.0199894253164529
P08970_Q9VNB5,0.0021794,0.012927,0.015967,0.027488568797707558,0.0018955655395984,0.0016364464536309
P17789_Q9W4I7,0.024684,0.012956,0.017508,0.18724092841148376,0.0051806713454425,0.8839542269706726
Q9VVL6_Q01070,0.0023288,0.013013,0.015923,0.020022215321660042,0.0007113344036042,0.345653086900711
Q9VRK9_Q24180,0.084313,0.059811,0.015989,0.02136605605483055,0.0036310874857008,0.00054036534857
Q95TJ9_Q9VBI1,0.0022165,0.012925,0.015932,0.16981744766235352,0.000560802174732,0.0047531356103718
P48461_Q9W148,0.0022974,0.013036,0.016309,0.013132655061781406,0.0007274848176166,0.0060654655098915
Q9V3V9_Q9W2S2,0.0021871,0.012959,0.015899,0.03111378103494644,0.0046780267730355,0.0035818507894873
Q8T0G4_P05205,0.0021772,0.012933,0.016017,0.39898595213890076,0.0020806270185858,0.0057446118444204
P48159_Q9VN06,0.0022191,0.012945,0.015903,0.3139212727546692,0.000206283366424,0.0017638599965721
O96989_Q9V345,0.0021738,0.013141,0.01699,0.10583537817001343,0.0038737030699849,0.0017875620396807
Q9W1K4_Q08012,0.0021714,0.012968,0.016018,0.05571644753217697,0.0062654418870806,0.1055444628000259
P91929_Q9VJ12,0.002179,0.01297,0.015998,0.052045173943042755,0.0004826889489777,0.0060393852181732
Q9VN50_Q0KHZ6,0.0021758,0.01293,0.015903,0.09559253603219986,0.0002083708677673,0.0009665369871072
Q23983_Q01083,0.002188,0.014881,0.015986,0.1528279334306717,0.0008047838346101,0.8953436613082886
A8DYC4_Q9VSE9,0.0021984,0.012945,0.015896,0.030016660690307617,0.0003076732391491,0.0003174282610416
Q94533_Q24454,0.0023506,0.012956,0.016071,0.0028254915960133076,0.0138697316870093,0.0167295020073652
P49071_Q9VSY8,0.0021833,0.012958,0.016078,0.08130747824907303,0.0013333896640688,0.1292468607425689
Q9V464_Q9VUR1,0.0021796,0.012932,0.015945,0.4018005132675171,0.0180290769785642,0.0169209018349647
Q9W218_Q24560,0.0021843,0.013099,0.01602,0.39781609177589417,0.0012907590717077,0.0013281342107802
Q9VJ02_Q9VEG5,0.002541,0.013082,0.016084,0.27486690878868103,0.0004317440616432,0.0010714061791077
Q9VPX6_Q9VKK9,0.003517,0.012928,0.016009,0.01789606176316738,0.0036584816407412,0.0002797136839944
Q8SY34_P25843,0.0021822,0.013704,0.01592,0.008456319570541382,0.0156195182353258,0.9787312746047974
P40797_Q9VKW8,0.002268,0.013024,0.016342,0.03812241926789284,0.0003869645006489,0.0069762878119945
E3CTS5_Q9VIZ0,0.0023477,0.012924,0.015897,0.3713932931423187,0.0005329166306182,0.7317824363708496
Q9VR09_P09077,0.0022267,0.012989,0.015913,0.22157539427280426,0.0041632363572716,0.0325549207627773
P17704_Q9VVJ6,0.0021865,0.012936,0.015883,0.008089596405625343,0.0002482376585248,0.000453072541859
Q9VFP2_P54611,0.0021741,0.012947,0.015893,0.2778387665748596,0.0005646017962135,0.0472814515233039
B7Z0T5_Q9W0S8,0.0022045,0.012925,0.015908,0.5446698665618896,0.0314909964799881,0.0022030314430594
Q7K148_Q9VIY3,0.0021776,0.012924,0.015877,0.1652764528989792,0.0004592380137182,0.000708476640284
Q0E9G3_Q7KNM2,0.0021758,0.012942,0.015921,0.3220076858997345,0.0050009721890091,0.0003785834123846
Q24560_Q24306,0.0021763,0.013292,0.016775,0.29711225628852844,0.015044217929244,0.9911350011825562
Q9VWD5_P18431,0.0021834,0.012958,0.016141,0.3674694299697876,0.005454562138766,0.9767528176307678
P14003_Q9VR09,0.0021891,0.012975,0.015899,0.01904001273214817,0.0016289521008729,0.0007377276197075
Q9W1K4_P02574,0.0022013,0.012955,0.019554,0.17576558887958527,0.0219885744154453,0.0003370588237885
Q9VEN2_Q9Y0S9,0.031536,0.012948,0.01595,0.048327092081308365,0.0037468282971531,0.0003639767528511
Q7KJ69_Q9VJP9,0.0021845,0.012939,0.015909,0.45513051748275757,0.0002471447223797,0.0348905362188816
P92204_Q9VUX7,0.003263,0.012972,0.015945,0.19559960067272186,0.0008232515538111,0.7197611927986145
Q59DZ4_Q9VTB4,0.0022076,0.012941,0.01591,0.3437396287918091,0.0012014952953904,0.0006385907181538
P47948_P18931,0.0024688,0.013512,0.031853,0.003089029574766755,0.0002135338145308,0.0436273142695426
A1Z9I5_P09077,0.0023747,0.01307,0.015981,0.006708655972033739,0.0011151583166792,0.0118349213153123
P20009_A1ZAK9,0.01631,0.015889,0.01618,0.5564861297607422,0.0141418855637311,0.0002509490877855
Q9VL93_Q9VX37,0.0022501,0.012964,0.015947,0.048456303775310516,0.0093305511400103,0.000684470986016
Q9VMN6_Q9VJY9,0.0021972,0.012959,0.015946,0.10512565076351166,0.0055588507093489,0.0029389914125204
P07664_Q94513,0.0028054,0.012952,0.017198,0.33350512385368347,0.0231819692999124,0.0517759248614311
O46034_Q8ML92,0.0022075,0.013047,0.016091,0.12029165774583817,0.0004319463914725,0.0038903718814253
P29844_Q9NHB0,0.0021903,0.013096,0.024831,0.13462108373641968,0.0027860922273248,0.980676531791687
Q23973_Q9VP65,0.0021951,0.012947,0.015882,0.13886497914791107,0.0002375455660512,0.5214313268661499
Q9VF82_O18413,0.0021872,0.012939,0.015909,0.2815295159816742,0.000604341214057,0.0067798709496855
Q27884_Q9VDE3,0.0022652,0.013556,0.017285,0.03195026516914368,0.0036923545412719,0.0180907547473907
Q06453_O02002,0.0021858,0.013042,0.015962,0.10991621017456055,0.0047624693252146,0.0008396451012231
Q9VRK9_P16568,0.87993,0.87912,0.015956,0.37358298897743225,0.024850120767951,0.037954743951559
Q9V3G9_P98149,0.0021988,0.012938,0.01592,0.006391684524714947,0.0027445780579,0.0099878842011094
P48588_Q9XYN7,0.0022014,0.012944,0.015897,0.018091242760419846,0.0002166363410651,0.0063350121490657
Q9VD72_Q9V3B4,0.0022038,0.012926,0.01591,0.3764227032661438,0.0003983761416748,0.0078100664541125
P08928_P17133,0.004081,0.013463,0.016001,0.026798130944371223,0.0022356959525495,0.0238508582115173
Q9VJY6_Q9XYU0,0.0022546,0.013033,0.016597,0.05272126942873001,0.0003833303635474,0.0004777985159307
O76927_Q9VQK1,0.0021724,0.012935,0.015874,0.3297085464000702,0.0007839275640435,0.0002948595501948
Q9VLP3_Q9W237,0.0021921,0.012943,0.015916,0.22951741516590118,0.0002739908522926,0.0504079535603523
Q24133_Q9V452,0.002218,0.013336,0.016122,0.011792692355811596,0.0002760183997452,0.0030425263103097
P16241_Q9VM64,0.002195,0.013097,0.01594,0.05271737650036812,0.0022092852741479,0.0002016605139942
P55841_O15945,0.0021824,0.012956,0.01599,0.16618889570236206,0.0002289607364218,0.0100656831637024
Q24297_Q9VLV5,0.70729,0.93643,0.48124,0.4470447897911072,0.9990301132202148,0.2606905102729797
Q9VJI9_Q7KMS3,0.0022651,0.014054,0.015894,0.009265960194170475,0.0005078187678009,0.0004439051263034
Q9Y0I1_P36188,0.0021861,0.01294,0.028272,0.5201928019523621,0.0041100387461483,0.0004635722725652
Q9VN50_E1JJI1,0.0021883,0.012919,0.015899,0.48576197028160095,0.0005777062033303,0.0001644568255869
P81900_Q8MUJ1,0.0021949,0.012963,0.015965,0.4850495457649231,0.0003388889599591,0.0021025363821536
Q9VAT0_Q9VS36,0.0023356,0.013091,0.015959,0.061974380165338516,0.0016076036263257,0.9249444603919984
P36179_P56672,0.0027723,0.013429,0.015991,0.35491135716438293,0.0453591980040073,0.0676910355687141
Q9VXX0_Q8MRQ1,0.0021879,0.012958,0.015887,0.20177650451660156,0.0136701948940753,0.873066782951355
Q9VXX0_P35220,0.0021754,0.01292,0.01588,0.02389776147902012,0.0041544679552316,0.0002200756716774
O46037_Q7KSQ2,0.0021738,0.012985,0.016243,0.1911182701587677,0.0074830912053585,0.0014092427445575
P49847_Q9VMI3,0.0022005,0.013386,0.015985,0.18511296808719635,0.000368905486539,0.969234824180603
P81900_Q9VAN8,0.0021928,0.012948,0.015897,0.19051139056682587,0.0004135356284677,0.0011453251354396
Q9VTU2_Q7KTX7,0.0022425,0.013129,0.016569,0.10136757791042328,0.000335863645887,0.0138677945360541
Q9VJP9_Q9VTE5,0.01396,0.013238,0.015958,0.021935753524303436,0.9990059733390808,0.0090556582435965
Q9VTC4_Q9W5B3,0.0021812,0.013282,0.015895,0.014267293736338615,0.0043405168689787,0.0014314770232886
P51140_Q9VWI4,0.0025804,0.012961,0.016035,0.20949052274227142,0.0095350053161382,0.0003296802751719
P05205_Q9VIE6,0.0021993,0.012955,0.021391,0.3403891324996948,0.9983069896697998,0.0275858640670776
O02002_Q9VB23,0.0021737,0.013093,0.015949,0.032862111926078796,0.0006578250904567,0.4046884775161743
Q9V3Z4_P56721,0.0021796,0.013007,0.015935,0.009702463634312153,0.0008800736395642,0.0008106379536911
P91641_A1Z9E2,0.0021796,0.01294,0.015873,0.10884843021631241,0.0012094847625121,0.0020512179471552
Q7K159_Q9VBH8,0.0021824,0.012936,0.01912,0.05348680540919304,0.0302464682608842,0.0084170680493116
P41042_P23128,0.0022221,0.012942,0.015931,0.08751533180475235,0.0004324218316469,0.0011145283933728
O45030_Q9VR09,0.0022052,0.012928,0.015908,0.4744757413864136,0.0035596834495663,0.0143545204773545
Q9VPP7_A1ZAW9,0.0021902,0.012929,0.015922,0.5197924375534058,0.0015767253935337,0.0034979456104338
P10083_O61722,0.0022022,0.013005,0.015982,0.1847216933965683,0.0010641063563525,0.5274568796157837
Q9VNE1_Q8MRQ1,0.0022029,0.012928,0.015911,0.13271716237068176,0.0055254874750971,0.9155012369155884
P29829_A1Z9X0,0.0022022,0.014099,0.020547,0.018031032755970955,0.0066587543115019,0.0004478361515793
P02833_Q27934,0.010124,0.012956,0.016142,0.06891946494579315,0.0079491659998893,0.6630809903144836
P02574_O16810,0.0022071,0.013624,0.016762,0.0058913505636155605,0.0021173239219933,0.0016548682469874
Q9VEX5_P55841,0.0021808,0.012916,0.015968,0.0789894089102745,0.0025582923553884,0.0070916251279413
Q7JVI3_Q9VZM7,0.0022179,0.013359,0.021528,0.058964043855667114,0.0078895771875977,0.0007574095507152
Q9VZF2_Q9VVH6,0.002198,0.01305,0.015919,0.44220489263534546,0.0016218903474509,0.1414453834295272
Q9VQS4_Q9VA83,0.0021914,0.012946,0.015873,0.23990850150585175,0.0140905091539025,0.000396487332182
Q7K1Y4_Q9W1Y1,0.0021793,0.012995,0.015906,0.02412940002977848,0.0009534013224765,0.0002541990543249
Q8T403_Q7KRY6,0.0021945,0.012986,0.01587,0.030230065807700157,0.0013965446269139,0.0001686485629761
P48461_Q9V7W9,0.0028966,0.013026,0.019636,0.1978328824043274,0.0043352236971259,0.0151261109858751
Q9VR65_Q9VYX7,0.002179,0.012934,0.015883,0.2189507633447647,0.0003408614138606,0.0032931547611951
Q9VLK1_O61722,0.0022494,0.012961,0.015906,0.06949373334646225,0.0006478719296865,0.0010927353287115
Q94527_Q8MRQ1,0.77214,0.013346,0.01615,0.008337571285665035,0.0658737272024154,0.5681464672088623
P92208_O76908,0.002274,0.012986,0.020051,0.004860331304371357,0.000780162634328,0.0119099421426653
P49258_Q9W2K3,0.002337,0.013184,0.016229,0.3864278495311737,0.0035209951456636,0.0115011921152472
Q86BB4_Q9VGR1,0.14053,0.18055,0.016209,0.06531132012605667,0.0646372362971305,0.0007730371435172
Q9VB14_Q24560,0.0021785,0.012989,0.016122,0.2602544128894806,0.0005573361413553,0.0670175030827522
Q9VIF5_Q7K2Q8,0.0021759,0.012946,0.015905,0.025305958464741707,0.0218661744147539,0.0029316968284547
Q9W279_P22464,0.0021647,0.012912,0.015888,0.14730340242385864,0.0007163432892411,0.0088933017104864
Q24134_Q24297,0.0021847,0.012972,0.015958,0.03691580519080162,0.0003998425090685,0.2356028407812118
Q9VBY7_P22769,0.0021967,0.012938,0.015921,0.12235558778047562,0.0002076825912808,0.0001428085524821
Q7K304_A1ZAK9,0.0070391,0.012983,0.016525,0.01580006629228592,0.0017181008588522,0.0055749639868736
Q9VYX7_Q7K2G1,0.00218,0.012975,0.015879,0.10122793167829514,0.0002633136173244,0.0915424600243568
O46037_Q9VAT0,0.0021777,0.01299,0.015915,0.015597449615597725,0.0008656163117848,0.0037482972256839
P10083_O15945,0.061199,0.013246,0.0164,0.2652164697647095,0.8200350999832153,0.0012213727459311
P48554_P49847,0.0022969,0.013125,0.016569,0.20654746890068054,0.0004428172833286,0.1189462095499038
Q9VJI7_Q9VKW8,0.89745,0.92417,0.18905,0.06939942389726639,0.1895698755979538,0.0022922111675143
Q9VTL1_B6VQA0,0.0021759,0.012986,0.016006,0.14937542378902435,0.0022490944247692,0.078086569905281
P02833_P12881,0.0021907,0.012952,0.015895,0.0324370302259922,0.0002531952050048,0.0043903915211558
Q24297_O16867,0.0021985,0.013023,0.015895,0.17034168541431427,0.0002662935003172,0.984511375427246
P48598_Q8T0G4,0.0021872,0.013003,0.015927,0.47375643253326416,0.0006598120671696,0.0078006605617702
Q9W2P5_O77430,0.0021997,0.013005,0.015866,0.09488499909639359,0.0002407330757705,0.0526715591549873
Q9VUX7_Q9W1E5,0.0021906,0.012985,0.015889,0.01804060861468315,0.0005481797852553,0.0474170073866844
Q9W218_Q9W4B3,0.031691,0.012979,0.016014,0.029735732823610306,0.0030604125931859,0.0002208683727076
P23573_Q24475,0.0021979,0.012969,0.016029,0.2179356962442398,0.0009759635431692,0.000619979284238
M9NF10_Q9VHK6,0.0021822,0.012953,0.01589,0.23320552706718445,0.0012509556254372,0.2133691906929016
Q9VPH8_P48609,0.0022337,0.013044,0.016675,0.028418030589818954,0.1687601506710052,0.0038857941981405
P38979_O02002,0.0022331,0.012939,0.015938,0.46095380187034607,0.0002650776004884,0.0023549171164631
Q9VBI1_Q9VI13,0.0021966,0.012959,0.01594,0.0697498694062233,0.0003048329090233,0.0133972847834229
Q95RA8_Q9VB14,0.0021899,0.012919,0.015887,0.01834903657436371,0.0003205683024134,0.0001347089855698
P0CG69_P48159,0.0022257,0.013161,0.015891,0.047335363924503326,0.003110519144684,0.0011574974050745
P08044_Q9VV74,0.0022714,0.012948,0.016009,0.23035936057567596,0.0012737279757857,0.0004775754059664
Q9VB14_Q8IRI5,0.024274,0.012935,0.015934,0.35278502106666565,0.0004694082890637,0.000733618682716
Q9V407_P02828,0.0021809,0.012971,0.016027,0.05713662505149841,0.0006671297596767,0.0005826267297379
O96863_C0HL67,0.0022064,0.012939,0.015962,0.12074484676122665,0.0016987642738968,0.1399801224470138
P36179_Q9VE52,0.0023649,0.013769,0.019985,0.029710078611969948,0.0081792753189802,0.0017333158757537
P22711_P40792,0.0028964,0.013152,0.022055,0.020939886569976807,0.0014269773382693,0.0307052917778491
Q9XYN7_Q9VS05,0.0021827,0.012975,0.015901,0.008006492629647255,0.0004639792605303,0.0004716464609373
A0A0B4JCT9_Q9W3X7,0.0022898,0.013035,0.015957,0.05528441071510315,0.0008172775851562,0.1486963778734207
P56672_P49735,0.027449,0.012975,0.016077,0.08517642319202423,0.0004176021029707,0.5378088355064392
Q8IN63_Q9VJY6,0.0021792,0.013159,0.016166,0.2347179651260376,0.0126795480027794,0.0032248743809759
Q9VU83_P40688,0.020127,0.012975,0.016265,0.14870603382587433,0.013333098962903,0.0006814707885496
P29829_Q05825,0.0022044,0.013058,0.01607,0.2536703050136566,0.0004638695972971,0.0108674736693501
M9NF10_Q9VAT0,0.0024376,0.012957,0.01593,0.2519753575325012,0.0074816858395934,0.0067330366000533
Q9VIF5_Q9VQI5,0.013829,0.013116,0.016528,0.573440432548523,0.0129481488838791,0.005084584467113
P08044_Q7JYH3,0.0022004,0.012937,0.015901,0.06905757635831833,0.0006467359489761,0.0071149952709674
Q9V3K3_Q8SWV6,0.0023222,0.013116,0.015948,0.07173444330692291,0.0003555097791831,0.0114199910312891
Q9Y1B2_Q9VCR6,0.002176,0.012916,0.015882,0.025817995890975,0.0015057993587106,0.9863300919532776
P24350_Q8ML92,0.002273,0.012972,0.01597,0.0749063789844513,0.0009469200158491,0.0033565254416316
Q7JVK6_Q7JVI3,0.0022077,0.012944,0.015921,0.2843904495239258,0.000386269937735,0.0360521711409091
P04197_Q24472,0.099914,0.012935,0.016003,0.2986777126789093,0.9965448975563048,0.0211771707981824
O46308_Q9XZS4,0.0022143,0.01302,0.01599,0.11703165620565414,0.0002929801412392,0.0050839884206652
Q9W0S8_P04197,0.0022235,0.012942,0.015919,0.09211038798093796,0.9984398484230042,0.002404038561508
P22809_P83949,0.08863,0.013077,0.016214,0.08599533885717392,0.9983922839164734,0.9849010109901428
Q9VR65_P48555,0.0022059,0.013022,0.015954,0.0035420104395598173,0.0006898997817188,0.3382787406444549
P42287_P45975,0.0021979,0.012959,0.015998,0.02536458522081375,0.0005117476684972,0.0464667566120624
P18489_P0CG69,0.0021851,0.013712,0.015974,0.21432805061340332,0.0005658565205521,0.0008599983993917
P47825_P29503,0.43717,0.013059,0.016213,0.1444847583770752,0.0038330880925059,0.050582006573677
P36188_Q7KS77,0.002258,0.013082,0.016006,0.392890602350235,0.0087149711325764,0.0020331309642642
Q9VG03_Q8T403,0.0022094,0.01295,0.01586,0.0010559255024418235,0.0029073182959109,0.0010082782246172
P53034_Q9VM20,0.0024534,0.013546,0.20404,0.021561026573181152,0.0002890122996177,0.0013110695872455
Q9VGC1_Q9VL93,0.0021914,0.013076,0.016001,0.07038163393735886,0.0017705296631902,0.9841278195381165
Q8T390_Q9V444,0.0021819,0.012942,0.015931,0.02034929022192955,0.000338738085702,0.0336356833577156
P48462_Q9V7W9,0.012539,0.013021,0.020779,0.06582300364971161,0.0071498425677418,0.0131170498207211
Q9XZS4_Q9W0G1,0.0022691,0.013052,0.015967,0.16584976017475128,0.0003801859857048,0.0073335911147296
P48148_Q24560,0.0025977,0.013659,0.017017,0.08721108734607697,0.0005159124266356,0.0005901752738282
Q9V3W2_Q9VV73,0.0022373,0.01293,0.015902,0.007235921453684568,0.000387760112062,0.0201977007091045
E1JH43_Q9W5N2,0.0021905,0.012917,0.015896,0.02325749769806862,0.0002538991684559,0.0006349897012114
Q9VTU2_P29327,0.0023006,0.013042,0.015928,0.10200795531272888,0.0028283654246479,0.0039661545306444
P16914_P10734,0.0092201,0.013078,0.016001,0.046546924859285355,0.0674025043845176,0.0004347290669102
Q9VP65_Q7JXC4,0.0022033,0.013002,0.016137,0.016444073989987373,0.000461066229036,0.002498980378732
P48609_Q94511,0.002223,0.013002,0.016008,0.04599875956773758,0.0002130034845322,0.0061864522285759
Q9VPP7_P91929,0.0022243,0.012939,0.015898,0.14533951878547668,0.0018584737554192,0.0002456147922202
Q8SWV6_Q9V3L8,0.0022169,0.016427,0.017765,0.43203070759773254,0.0004491452127695,0.0702558830380439
Q9VT31_Q9VSN0,0.0023551,0.01298,0.015916,0.19306838512420654,0.0014052029000595,0.0006558079039677
Q9VAF2_P91664,0.0035637,0.013161,0.016088,0.022639436647295952,0.0015766518190503,0.0276105869561433
Q9W3Q0_Q9U8R4,0.0025851,0.022379,0.29022,0.29035133123397827,0.0141466204077005,0.6956226229667664
Q9W0E9_Q9W5B9,0.0021851,0.012946,0.015889,0.2360096424818039,0.0012258137576282,0.0010583659168332
O16867_Q9VP65,0.0021786,0.01296,0.015904,0.020306643098592758,0.0003564712533261,0.0036579915322363
Q9VUF3_Q9VTC4,0.002181,0.01296,0.015888,0.165765181183815,0.007844565436244,0.0139762116596102
Q8INQ9_Q24154,0.0021812,0.013012,0.015894,0.07375118881464005,0.0025012646801769,0.1164577454328537
P29844_Q8SWV6,0.0021871,0.013401,0.017763,0.02898569591343403,0.0024563989136368,0.9396705627441406
Q9VSG1_Q9VF77,0.0021932,0.012925,0.015933,0.2024109959602356,0.0002703489444684,0.0010827353689819
Q06453_Q9VTM2,0.0021905,0.013012,0.015907,0.26697540283203125,0.0003797165700234,0.0045382073149085
Q8IQ92_Q9TW27,0.010082,0.012927,0.015959,0.172211691737175,0.9968307614326476,0.0150267276912927
A8JNK7_Q86B87,0.0035321,0.012975,0.016282,0.015730449929833412,0.0194476395845413,0.0028223802801221
E1JGN7_Q05201,0.83636,0.014995,0.016134,0.18340548872947693,0.0035420625936239,0.001039816183038
O96660_O02193,0.0027687,0.012934,0.015945,0.15337815880775452,0.0027206733357161,0.002022290835157
P48461_Q02936,0.0021784,0.012974,0.015915,0.044949907809495926,0.0005035503418184,0.001428653136827
Q7JXA8_P22265,0.0042342,0.012946,0.01656,0.18820719420909882,0.9982376098632812,0.0049159959889948
Q9VHM5_Q24133,0.0022098,0.012991,0.015989,0.07035963982343674,0.0005984985036775,0.0006025797920301
E1JJI1_A8JR10,0.0023365,0.012937,0.016152,0.066126748919487,0.0038785822689533,0.0006303088739514
Q24139_Q9VXS3,0.01019,0.012941,0.01607,0.24699458479881287,0.0023839785717427,0.000313235737849
Q7KSD8_Q9VTZ1,0.0022103,0.01295,0.015983,0.03982801362872124,0.0021823146380484,0.0003909283259417
Q9VTZ1_Q24040,0.0021842,0.012922,0.01591,0.22083531320095062,0.0146281532943248,0.0056888167746365
O97111_P40793,0.0029517,0.013271,0.016406,0.026205511763691902,0.9942084550857544,0.1140084937214851
O16867_Q9VKM1,0.0025708,0.012988,0.01601,0.11696797609329224,0.0004698806733358,0.0001884354423964
Q8T476_Q9VI60,0.0021817,0.012959,0.015894,0.010979784652590752,0.0146871460601687,0.0007618607487529
Q9VBH8_Q8T3Y0,0.0021879,0.01297,0.023182,0.3997326195240021,0.0003441641165409,0.0004778404545504
Q9VV44_Q9VKV6,0.002191,0.013013,0.015888,0.5224958658218384,0.0002824320399668,0.9898849725723268
A1Z6E0_P10084,0.0021952,0.012963,0.015903,0.2785593569278717,0.0037177100311964,0.0231658276170492
Q9VJD2_Q9VGC1,0.0021741,0.012954,0.015896,0.09385335445404053,0.0007656767265871,0.0069714104756712
Q9NJG9_P20353,0.002197,0.013111,0.015935,0.05153068155050278,0.0005285899969749,0.0007699570269323
Q9VJ33_Q9VMR2,0.0022189,0.013236,0.015892,0.07054682075977325,0.0101084783673286,0.0003444790781941
Q9VBY2_Q9VTW6,0.0021891,0.012972,0.015896,0.01405328419059515,0.0021942753810435,0.0771603658795356
P22769_P24350,0.0021919,0.012941,0.015895,0.06004888191819191,0.0002774949825834,0.0098815206438303
Q9V464_Q9VGR1,0.0023807,0.013578,0.015902,0.06543923169374466,0.0177550315856933,0.0030616030562669
O18338_P17133,0.049903,0.013809,0.017387,0.038012225180864334,0.0005375401815399,0.0006958541925996
Q9W334_P18489,0.0021972,0.013077,0.015886,0.03132285177707672,0.0002111186331603,0.0010706241009756
Q24039_Q9VGV7,0.0021874,0.012936,0.015984,0.0595749169588089,0.0072621279396116,0.0039159879088401
P18289_Q94517,0.0022191,0.013114,0.01595,0.20468522608280182,0.0002756906906142,0.000534483930096
Q02637_Q9VBI1,0.0024344,0.012997,0.015914,0.04049300402402878,0.0003275227791164,0.0003476464189589
Q9VJD4_P46223,0.0021823,0.013092,0.015981,0.17867286503314972,0.0283599030226469,0.0171710103750228
Q9VTZ7_Q9VKJ4,0.0022084,0.012946,0.01618,0.1760413944721222,0.0005460419342853,0.0006933968979865
Q9VKJ4_Q7KA43,0.0022525,0.013086,0.015856,0.03322084993124008,0.000220904184971,0.0136129762977361
Q9VZM7_Q0E8K5,0.0021702,0.012994,0.01594,0.09779491275548935,0.0023405821993947,0.907517671585083
Q9VWX1_Q9VYW6,0.0022093,0.012966,0.015924,0.013627936132252216,0.0026098384987562,0.0008260816684924
Q9VVB6_Q9VPX6,0.0023836,0.01296,0.016005,0.02746119536459446,0.0019438584567978,0.4999961256980896
Q9VS05_Q8IN63,0.0028707,0.01336,0.015983,0.007110741455107927,0.018178017809987,0.687317967414856
Q0E8N2_Q9V428,0.0021725,0.013025,0.01603,0.5404742360115051,0.0027630643453449,0.0002368261921219
Q9VBQ3_Q9VVX0,0.0021822,0.012941,0.015924,0.07224419713020325,0.0011845845729112,0.8834545016288757
Q9VSE9_Q7KVL6,0.002421,0.013009,0.016085,0.021956592798233032,0.0003228828427381,0.0030142229516059
P17789_Q24180,0.0040342,0.013,0.016429,0.3590162396430969,0.0185138918459415,0.0008161425939761
P29310_Q9VP85,0.0021735,0.013235,0.016007,0.19704680144786835,0.0023391598369926,0.5078601837158203
Q9XZT6_O97420,0.0023229,0.012944,0.015926,0.07643762230873108,0.0006996055017225,0.1078011766076088
Q9VXP1_Q9W402,0.0022579,0.012989,0.015954,0.244791641831398,0.000376270036213,0.2731037735939026
P10627_Q9VS01,0.0022091,0.01299,0.015882,0.3424990177154541,0.0019164726836606,0.0593938715755939
Q9VWG3_Q9VAF2,0.0022135,0.012926,0.015981,0.06757700443267822,0.0006643798551522,0.0008723372011445
Q9VJ12_Q9VIP1,0.0022873,0.01295,0.016596,0.2189411222934723,0.9987825751304626,0.0052634780295193
Q9I7L4_Q9W1Y1,0.0021822,0.012924,0.015882,0.2607506811618805,0.0019381101010367,0.0027526242192834
E1JH43_P22464,0.0021668,0.012915,0.015886,0.14928872883319855,0.0004137298092246,0.3695890605449676
Q9VD72_Q23983,0.0021735,0.013006,0.015934,0.011735416948795319,0.0022692147176712,0.0964019820094108
P49735_Q9XYU1,0.079692,0.01304,0.041561,0.31929638981819153,0.0068368064239621,0.0016450319672003
Q9VEX5_Q8T965,0.0022982,0.012921,0.015925,0.011119360104203224,0.0029454694595187,0.6746451258659363
P53034_D8FT20,0.0022017,0.013009,0.016011,0.2582562565803528,0.0011686901561915,0.1035045236349105
Q9VLP3_Q9V3V9,0.0022133,0.012916,0.016075,0.6754651069641113,0.0164890717715024,0.0323597304522991
M9PF96_Q9W482,0.0022004,0.012995,0.015905,0.012288921512663364,0.0006423988961614,0.0002613173564895
Q9VI55_P22809,0.0022097,0.012991,0.015907,0.16384802758693695,0.0032866408582776,0.0022048822138458
Q9V3Z4_Q0E9G3,0.0021871,0.013024,0.017253,0.2259671688079834,0.0029470284935086,0.0116506218910217
Q9W402_Q7K4B4,0.0022341,0.012927,0.015922,0.01274881325662136,0.0019577641505748,0.0054098516702651
Q9V7W9_Q8T0S6,0.58112,0.012979,0.01718,0.24235400557518005,0.0019803659524768,0.0832360163331031
Q94517_Q9VFB9,0.0021845,0.012983,0.016059,0.0017131902277469635,0.0006890416843816,0.002044892637059
A1ZAW5_P09052,0.0023326,0.012939,0.27789,0.17739704251289368,0.990401327610016,0.0208814907819032
Q9Y0S9_Q7JWD6,0.0021747,0.012976,0.016003,0.12264319509267807,0.0014085652073845,0.0015556018333882
Q4V5A7_Q9VMX3,0.0022073,0.012927,0.015902,0.4105861186981201,0.0014866343699395,0.0020315526053309
Q9W2K3_Q9VES8,0.0021761,0.012915,0.015905,0.0250545721501112,0.0002745695819612,0.1262998729944229
Q9VBC5_Q9VZU1,0.0023555,0.01296,0.016021,0.263861745595932,0.0005700380424968,0.1388512849807739
Q9VL21_Q9W1E5,0.0021934,0.012994,0.015978,0.12759946286678314,0.0022870285902172,0.0001688498741714
P41093_Q7KUL3,0.0022089,0.012926,0.015893,0.021279269829392433,0.007665142416954,0.1043782606720924
D8FT20_Q9XZ58,0.002171,0.012965,0.01591,0.06282272189855576,0.0014433427713811,0.0047075254842638
Q9VEC5_Q94513,0.0022028,0.013196,0.015968,0.03236771747469902,0.0080063305795192,0.0086670741438865
P02572_Q7JZK1,0.0021858,0.013172,0.015959,0.26941320300102234,0.0140509791672229,0.0259385872632265
Q9VWE8_P91929,0.0022094,0.013319,0.016041,0.03397202864289284,0.0015538178849965,0.0036402959376573
C7DZL4_Q7KN94,0.0022278,0.013057,0.015915,0.04131706804037094,0.001015878166072,0.3762033581733703
E1JGN7_P23573,0.0034828,0.0131,0.017092,0.1854981631040573,0.0019366579363122,0.961110293865204
Q9W2E8_Q9VJZ6,0.0022184,0.012951,0.015944,0.18224920332431793,0.00201331009157,0.0283074155449867
P17789_Q8T0G4,0.0027959,0.012947,0.016542,0.009083440527319908,0.0017961859703063,0.0194455664604902
Q9VG38_A0A0B4KGY6,0.0021885,0.012921,0.015929,0.14173808693885803,0.0008728124084882,0.0020277055446058
Q9VXA5_Q9XZ68,0.0021812,0.014815,0.015985,0.14896798133850098,0.0003276960924267,0.0008764417143538
C6SV45_Q8SXU3,0.0022297,0.012997,0.015976,0.2859274744987488,0.0004312344244681,0.0009429339552298
P56544_Q9VF27,0.0042283,0.012985,0.015985,0.4675295650959015,0.0003389388730283,0.0026718354783952
A0A0B4LGV6_Q9VXK7,0.0022014,0.012946,0.015917,0.03447716683149338,0.0003210830909665,0.008621540851891
Q9W2K0_Q9W2P0,0.0022058,0.012924,0.015878,0.12438996136188507,0.0513768941164016,0.0026174718514084
Q9VS59_Q9VAH9,0.0021868,0.012977,0.015899,0.14417962729930878,0.0044780801981687,0.0001752970565576
Q9W3E1_P32100,0.0021736,0.013063,0.015978,0.2707531154155731,0.0016837029252201,0.1002374142408371
P38979_Q8IR14,0.0021805,0.012972,0.015922,0.4812827408313751,0.0002921051927842,0.0007636393420398
Q9VXP1_Q9VEX5,0.0022461,0.013343,0.015973,0.0061595444567501545,0.0013141393428668,0.0243206098675727
Q9V9W8_Q02637,0.10654,0.013143,0.016087,0.11425615102052689,0.0535307340323925,0.0018511095549911
Q24564_P23572,0.0022075,0.013001,0.018812,0.16116687655448914,0.005705882795155,0.0367994047701358
Q9W1B9_P26686,0.0022041,0.012958,0.015917,0.15946263074874878,0.000259931286564,0.0009254501201212
Q9VVH6_Q8I0J6,0.60113,0.019248,0.015998,0.20417186617851257,0.0059157363139092,0.0304859485477209
Q9VM64_C7DZL4,0.0021897,0.013308,0.01635,0.10381971299648285,0.001674534054473,0.0021971515379846
P42325_P05709,0.01582,0.013131,0.015935,0.028884846717119217,0.0016134284669533,0.0008196438429877
Q9VNB5_Q9NHB0,0.0022572,0.012919,0.015941,0.04426455497741699,0.00146812829189,0.0016801952151581
Q9VF27_P20009,0.0022079,0.012969,0.015924,0.007807739078998566,0.0002721525379456,0.0009418174740858
P08175_Q9VJE4,0.0022346,0.012995,0.015863,0.061860378831624985,0.0002633078256621,0.9900649189949036
Q94545_Q7JZB4,0.0021925,0.012939,0.015941,0.015283630229532719,0.0006799070397391,0.0401294901967048
Q7KSP5_Q7JXA8,0.00225,0.012963,0.016239,0.1504504531621933,0.0072365412488579,0.3741547465324402
Q966T5_P08510,0.0022206,0.013052,0.032401,0.12809740006923676,0.0014708982780575,0.0039090840145945
Q9VUQ1_O46308,0.0021908,0.012951,0.01606,0.008320340886712074,0.0027347875293344,0.0069497004151344
P48607_Q9VVI3,0.0023855,0.012946,0.015957,0.08272857964038849,0.0003467281057965,0.000786151504144
P20353_Q86B79,0.0023812,0.013268,0.015981,0.24865733087062836,0.0006098054582253,0.0011472010519355
Q9VEG5_C7DZL4,0.0021964,0.012973,0.015946,0.1422891914844513,0.0002150451327906,0.2934539318084717
Q9VLU0_Q9VRK9,0.0021815,0.013075,0.015971,0.17800158262252808,0.0097419591620564,0.2547382712364197
Q8T390_P18934,0.0023826,0.01297,0.015885,0.13429982960224152,0.0002633148978929,0.0013340380974113
Q9XZS4_Q8I8V0,0.0022905,0.013109,0.18056,0.6131951808929443,0.0004429882392287,0.0002197927969973
Q9VH45_Q8I8V0,0.0021954,0.012955,0.015909,0.07960672676563263,0.0004193905042484,0.0013613564660772
Q9VYG2_Q9VRX1,0.0022135,0.013236,0.016808,0.5214240550994873,0.0007257820107042,0.0172399654984474
Q9VQK1_Q9VVY4,0.0021758,0.012939,0.015884,0.04773104935884476,0.016462754458189,0.0044180806726217
P05205_Q95RV2,0.0021783,0.012923,0.016201,0.033503852784633636,0.0044377953745424,0.935255765914917
Q9VMX3_Q9VCL2,0.0022004,0.012925,0.015889,0.007955060340464115,0.0690249353647232,0.3304670751094818
P41094_Q94513,0.0021902,0.012935,0.016079,0.023142535239458084,0.0003546198713593,0.9439253807067872
Q7KRY6_Q9VS01,0.0022073,0.012942,0.015908,0.4418219327926636,0.0054571419022977,0.0002523729053791
Q9VCI7_Q9VGR1,0.002387,0.013096,0.015927,0.03002917766571045,0.0102539537474513,0.0019429168896749
Q9VJY6_Q9VVW2,0.0022506,0.012943,0.016001,0.42939943075180054,0.000290648691589,0.0934833139181137
Q8SX86_O61602,0.0022835,0.012929,0.015934,0.08663557469844818,0.0032916367053985,0.001308633130975
Q9VLB2_Q9VN10,0.01026,0.013123,0.016005,0.054132893681526184,0.1288641542196273,0.0003963059571105
Q9VFJ3_Q9VQI4,0.0021896,0.012951,0.015923,0.5525356531143188,0.0008521321578882,0.0097505366429686
Q9W3Q0_P39768,0.0023371,0.01327,0.01929,0.27213650941848755,0.0014195221010595,0.0007113473257049
Q9VJC7_Q9Y106,0.0021784,0.012929,0.01592,0.28764915466308594,0.0005806645494885,0.021128149703145
E1JJE8_Q9VMU0,0.0021726,0.012939,0.015913,0.10046292841434479,0.0054618120193481,0.0005613233079202
A8DYC4_P29555,0.0021951,0.013053,0.016168,0.03211209550499916,0.0004663761646952,0.0002907374000642
A8JNK7_A8JR10,0.0076899,0.012959,0.016147,0.10757795721292496,0.0147003605961799,0.9247518181800842
Q9VBU9_Q9VMU0,0.0023586,0.013059,0.081295,0.06573262810707092,0.0003780656552407,0.0505057238042354
P29829_Q9V428,0.0021865,0.013556,0.017097,0.005786785390228033,0.0082659861072897,0.00418271869421
Q24139_Q9VDD1,0.0022072,0.012929,0.015901,0.5216723084449768,0.0003571130800992,0.0192241724580526
Q9VP65_Q9VK43,0.0021854,0.012947,0.015905,0.34827715158462524,0.0003382563008926,0.353130578994751
C0HL67_P09774,0.011389,0.013018,0.016206,0.04576391354203224,0.0013556882040575,0.000423600373324
P23792_P13677,0.0022284,0.013046,0.017338,0.2248472422361374,0.0304358955472707,0.0020499804522842
Q8SY34_Q24008,0.090979,0.013105,0.018197,0.07348223775625229,0.0358261913061142,0.0393904633820056
Q9VRK9_Q9VTZ7,0.0022745,0.013554,0.016014,0.22873282432556152,0.0228333361446857,0.0002946687454823
Q9W542_Q24246,0.017654,0.013366,0.024324,0.3328360915184021,0.0084414193406701,0.000459900824353
Q8SYU5_Q9VVL6,0.00236,0.012937,0.016064,0.26915261149406433,0.0025082915090024,0.0122401919215917
Q9W3W8_Q9W4S7,0.0021816,0.012934,0.015939,0.10862745344638824,0.000370198249584,0.0047729024663567
O76924_Q7K738,0.011997,0.013572,0.016126,0.0445740781724453,0.998945415019989,0.032864898443222
Q9V3B4_E1JJI1,0.0022457,0.012918,0.015903,0.2777445614337921,0.0048726699315011,0.0039813737384974
Q7JWD6_P48554,0.0023321,0.013008,0.080287,0.054009322077035904,0.001190275652334,0.009855443611741
Q9VFB9_Q01083,0.0022019,0.013081,0.015917,0.16414831578731537,0.0006271572201512,0.055546585470438
Q9VCL2_Q9VMH2,0.0022111,0.012923,0.015955,0.08941202610731125,0.0122168185189366,0.0013567202258855
P05709_Q7JNL9,0.0049214,0.012991,0.017625,0.006206464022397995,0.0004622918786481,0.0002183117758249
Q9VBP9_Q9W0S8,0.0021819,0.012923,0.015893,0.2513560354709625,0.0008443249389529,0.0048511773347854
Q27324_Q01842,0.0022108,0.013028,0.021892,0.059355005621910095,0.0006731558823958,0.5854392647743225
Q7K4N3_Q9XYF4,0.0021798,0.013084,0.016019,0.3574638068675995,0.0006693179020658,0.0007524649263359
P23573_P25008,0.002184,0.012956,0.016749,0.15754789113998413,0.9989641904830932,0.0575103685259819
P81917_Q9VZ01,0.0022274,0.012961,0.016016,0.005677626468241215,0.0002782311639748,0.0006870764191262
Q9VTT2_Q9VKD6,0.0023557,0.012965,0.015896,0.12472350895404816,0.0174238942563533,0.0167008731514215
P28159_P92204,0.0022515,0.012941,0.016123,0.2187388837337494,0.0016304346499964,0.0003017629496753
Q9W1A3_Q9VRT7,0.0021828,0.012968,0.015872,0.169355571269989,0.0018370188772678,0.0056223017163574
P48554_P20227,0.0026694,0.013793,0.015909,0.020576635375618935,0.0004315438854973,0.2491593062877655
P07909_Q9VAP2,0.014147,0.012964,0.016404,0.013780444860458374,0.3466745615005493,0.0032718672882765
Q9VF04_Q26366,0.0024246,0.013036,0.015943,0.09158381074666977,0.998711347579956,0.0004032610158901
Q9VJD4_O96989,0.0021747,0.01318,0.015918,0.3508091866970062,0.0042766039259731,0.1751216650009155
Q24454_Q9VRN6,0.0022162,0.012939,0.016024,0.031971000134944916,0.1138361766934394,0.0019644098356366
Q9VPY0_Q9VSE9,0.0021975,0.012973,0.016078,0.07081069052219391,0.0014813231537118,0.0295121762901544
M9PBY4_Q9VLB2,0.0023453,0.012953,0.015886,0.00555129861459136,0.0073951901867985,0.6364805102348328
Q9VG03_Q9VBN5,0.0021816,0.012927,0.015915,0.13480110466480255,0.0004395149589981,0.9248486161231996
Q8IQ92_Q9VR09,0.002227,0.01293,0.015891,0.20125514268875122,0.0104547208175063,0.0072941095568239
Q9VUF3_Q9VF10,0.0062113,0.012944,0.016248,0.21654386818408966,0.2941620647907257,0.6988939642906189
Q7JVK6_Q9VCR6,0.002188,0.012927,0.015879,0.29848524928092957,0.0006377109675668,0.0115436892956495
Q94524_Q9VA51,0.0021856,0.01292,0.015878,0.444856196641922,0.0114345829933881,0.001636624103412
P16914_Q95028,0.0022488,0.01309,0.015967,0.6823551654815674,0.0018880113493651,0.0002529409248381
Q9VA91_Q9VPP7,0.0021752,0.012924,0.015895,0.03308330103754997,0.0036652735434472,0.0012995077995583
P02299_P42124,0.0021935,0.012928,0.019172,0.14944924414157867,0.9870713353157043,0.0005964774754829
Q9VKK9_Q9VAR6,0.002205,0.012971,0.015945,0.023427356034517288,0.0002569412754382,0.0058736884966492
P18933_Q9VV73,0.002267,0.012922,0.015869,0.2728213667869568,0.0002566954353824,0.0006672181771136
Q9VJM2_Q9VNE4,0.0042824,0.012993,0.015924,0.5886741876602173,0.0064784474670886,0.000673139526043
Q9VPP7_Q9VAR6,0.0021935,0.012931,0.015883,0.17292684316635132,0.0003558334137778,0.0183802302926778
Q95028_Q9VYW6,0.0021927,0.012988,0.015916,0.016096431761980057,0.0003160895721521,0.0040177889168262
P40688_Q9W2S2,0.0021665,0.012949,0.015904,0.21334527432918549,0.0080674728378653,0.0031502349302172
O18338_Q7JZC9,0.0022251,0.013033,0.015919,0.20165523886680603,0.0003326816076878,0.01144789904356
Q9VCZ7_Q9VTT2,0.02175,0.014418,0.015911,0.09814334660768509,0.0160105898976326,0.7304723262786865
Q9VCS1_Q9VUG4,0.79468,0.015716,0.016074,0.22935493290424347,0.0449062548577785,0.0023671733215451
P22711_Q9XZ58,0.002192,0.012939,0.015887,0.04440340772271156,0.000882372201886,0.8645419478416443
Q9VK43_Q9VN50,0.0021741,0.012931,0.015887,0.04596978425979614,0.0007838337915018,0.0490936562418937
Q7K2G1_Q9XZ61,0.0021777,0.012928,0.01588,0.13199763000011444,0.9814695119857788,0.2796781063079834
Q9XYN7_Q9TW27,0.0021736,0.012943,0.015897,0.13527411222457886,0.00042369752191,0.0047509209252893
Q9VYG2_P29844,0.0021775,0.012965,0.01633,0.7270106673240662,0.0026369772385805,0.0350461453199386
O17445_Q9VBY7,0.0021793,0.012924,0.015907,0.07114694267511368,0.000239030981902,0.0151607086881995
C0HKA0_Q7JZC9,0.0021867,0.012988,0.015922,0.4786154627799988,0.0008548662881366,0.9824913144111632
Q9W4B3_Q7PL91,0.0021892,0.012935,0.01595,0.021665304899215698,0.0034436876885592,0.5635139346122742
Q9V345_Q9VCY3,0.0021978,0.013122,0.017541,0.21156679093837738,0.0040303659625351,0.0012452109949663
Q9VJ12_A1ZAW9,0.0021784,0.01339,0.015899,0.052372824400663376,0.9987952709197998,0.0007779455627314
Q9VAY8_O16867,0.004062,0.012983,0.01608,0.0715920552611351,0.0079672280699014,0.0045263580977916
Q9W3Z4_Q8MSY4,0.014305,0.015848,0.015902,0.16059404611587524,0.0078832563012838,0.0002695850271265
Q8I0J6_P09087,0.070485,0.013235,0.01613,0.03208832070231438,0.0008343207882717,0.0002737775212153
P08510_Q9VF10,0.0023018,0.013021,0.016166,0.06182701140642166,0.0030174788553267,0.0064745140261948
Q9W279_Q9VIH1,0.0021757,0.012947,0.015878,0.018354378640651703,0.0003010319196619,0.0003839180571958
O46308_Q9VUI0,0.0022883,0.012993,0.01832,0.19968141615390778,0.0114556076005101,0.0481021404266357
Q95TN8_A0A0B4KGY6,0.0061936,0.013016,0.016838,0.1987646520137787,0.0244844667613506,0.0002428797015454
P23572_Q9VM20,0.0061302,0.014736,0.019586,0.08345766365528107,0.0010374853154644,0.0032981231343001
Q03017_Q23983,0.0021838,0.013841,0.019269,0.03368706628680229,0.04089942201972,0.8033459782600403
Q9W4R3_Q9W2S2,0.0022278,0.013451,0.015956,0.019804293289780617,0.0004861583292949,0.0046200598590075
Q9VFB9_Q9VVJ6,0.0022033,0.013005,0.015915,0.08029019087553024,0.0004884562222287,0.0003595408634282
Q9VCL2_Q9VQA2,0.0021785,0.012917,0.015884,0.07258822023868561,0.0025525717064738,0.0332197546958923
Q9VMH2_P03896,0.0021901,0.012975,0.015891,0.012130895629525185,0.0002520109992474,0.0716632232069969
P07909_Q9VYW3,0.0021866,0.01293,0.015901,0.5662501454353333,0.0010527395643293,0.0010080597130581
Q9VFL4_Q7K0E6,0.0021843,0.012952,0.015896,0.08588401973247528,0.0003201285144314,0.0004949149442836
Q9V407_Q7KSQ2,0.083489,0.013002,0.016682,0.21706780791282654,0.0032744167838245,0.0251566972583532
Q9W2A5_P41042,0.0022131,0.012996,0.015892,0.27957797050476074,0.0002252412523375,0.0230084471404552
P22812_Q9XZS4,0.0024177,0.013155,0.015925,0.031014561653137207,0.000575702637434,0.0020966101437807
Q9VWZ1_O77237,0.0021884,0.012922,0.01594,0.025065196678042412,0.0006648511043749,0.0013177174841985
Q7K4Z4_Q9VXX0,0.0021996,0.012939,0.01593,0.021619796752929688,0.0013784321490675,0.5290685892105103
Q9VM76_Q8T4F2,0.0021919,0.012947,0.015903,0.15891875326633453,0.0073998682200908,0.693059504032135
Q9VZU4_P25158,0.0021935,0.012924,0.015897,0.08197969943284988,0.0053809424862265,0.011818972416222
Q9VAC4_Q9VTB4,0.0022001,0.012938,0.015925,0.04786926507949829,0.00089792907238,0.0132679939270019
Q9V9Y9_Q0KI69,0.52084,0.051402,0.016746,0.3735049366950989,0.0150325372815132,0.0033757460769265
P13677_P40791,0.0023245,0.013091,0.018143,0.0032069082371890545,0.0167941246181726,0.8054786324501038
Q9VQY9_Q9VH45,0.0022181,0.012926,0.015906,0.09103961288928986,0.0002660618047229,0.0001672001526458
Q9V3K3_Q9VKM1,0.0021857,0.012928,0.015956,0.05990205332636833,0.000341370672686,0.0037723206914961
P29829_Q9VSE9,0.0021931,0.013178,0.015978,0.05163721367716789,0.0148797100409865,0.0018417711835354
E1JGN7_P11420,0.75555,0.013217,0.01611,0.1878197342157364,0.0189690105617046,0.0659125223755836
Q9VTT2_Q058Z8,0.002181,0.01292,0.015911,0.17629574239253998,0.0046846028417348,0.0149336038157343
Q9VW53_Q9VNB9,0.0021888,0.012919,0.015935,0.2297595590353012,0.0006994168506935,0.9505072832107544
Q24139_Q9XYF4,0.0022066,0.012943,0.016008,0.00612880801782012,0.014788880944252,0.0110199768096208
Q7K1Y4_Q7KVL6,0.0021778,0.013118,0.017073,0.14112313091754913,0.0010773460380733,0.2666316032409668
O97111_Q9V3G9,0.0021869,0.012926,0.0159,0.003703431226313114,0.0015109897358343,0.0009564930223859
Q9W237_Q9V8I2,0.0021942,0.012978,0.015937,0.026014504954218864,0.0002925223961938,0.0046727051958441
P16371_Q01069,0.004208,0.01319,0.015912,0.27221959829330444,0.0111646996811032,0.0289531834423542
Q0KI69_Q9V3G9,0.0022244,0.01293,0.015941,0.27057015895843506,0.0119613744318485,0.0017593355150893
Q9VGS2_P18488,0.0021786,0.012932,0.015874,0.07838404923677444,0.0010403675260022,0.0556599237024784
Q9XZ56_P91664,0.0024704,0.013006,0.015902,0.2731103003025055,0.0003475677222013,0.0534051246941089
Q9V3L8_Q9VXZ0,0.0022155,0.013051,0.015941,0.4069061577320099,0.0010792182292789,0.0037881161551922
P46824_Q9VNE9,0.0021683,0.013547,0.015935,0.06617089360952377,0.0004693624796345,0.0005338869523257
Q7KTL5_P02833,0.025262,0.013003,0.015953,0.06359724700450897,0.0035428791306912,0.1515451818704605
Q95TJ9_Q4V5A7,0.031054,0.012942,0.015979,0.03863023594021797,0.0328810960054397,0.0025093068834394
Q9VZU2_C5WLN8,0.0021922,0.012951,0.015977,0.036606647074222565,0.000992564833723,0.95643812417984
Q962S2_Q9VTZ7,0.0022909,0.012988,0.01591,0.5043351054191589,0.0439580045640468,0.000549905700609
Q9VHG6_Q9I7H8,0.0044858,0.01297,0.015916,0.49947649240493774,0.0053505338728427,0.0289455000311136
E3CTS5_Q9VF77,0.002204,0.012914,0.015888,0.10046263039112091,0.0009323600679636,0.00197319756262
Q26454_P50882,0.0022068,0.01299,0.015913,0.11369618028402328,0.0047176438383758,0.0001981972600333
Q4V6I0_Q9VJ02,0.0022086,0.012972,0.01808,0.07315900176763535,0.0003739182138815,0.0004445686936378
Q9VEX9_Q9VG38,0.0021928,0.012948,0.015945,0.1465797871351242,0.0124738421291112,0.292849987745285
Q9W482_P54733,0.0022483,0.012964,0.015954,0.1385147124528885,0.0087859621271491,0.0040217866189777
Q9VT76_Q9V3E9,0.0021991,0.013086,0.015906,0.16409826278686523,0.0002925025764852,0.0004492678854148
P12982_Q9VUF3,0.0022134,0.013004,0.016267,0.18347609043121338,0.0092920856550335,0.0014960371190682
P52168_Q9VEG5,0.0136,0.012989,0.016063,0.034059859812259674,0.0163769330829381,0.0002600059087853
Q24570_P56721,0.0022619,0.01349,0.016247,0.05033179745078087,0.7788326144218445,0.0056864325888454
P06002_Q9VYW3,0.0022256,0.013009,0.015862,0.020595474168658257,0.0003666855045594,0.0042809066362679
Q9VJD4_P13098,0.0021886,0.013303,0.016032,0.47020792961120605,0.0019772490486502,0.0020985135342925
E1NZB4_P16914,0.029196,0.041011,0.020404,0.03702787309885025,0.9989352822303772,0.000503868679516
Q9V464_Q9XYU1,0.0022124,0.012956,0.015975,0.273112416267395,0.0034700934775173,0.8135926723480225
Q9VCI7_P40301,0.0021692,0.012946,0.015888,0.6058622598648071,0.0003212995943613,0.0005030729807913
Q9VTW3_O97183,0.0021916,0.012931,0.015929,0.4292445182800293,0.0003327488957438,0.0035030939616262
Q9VS36_Q59DX6,0.0021884,0.012966,0.016059,0.06120065227150917,0.0005126865580677,0.9881398677825928
Q9VRN6_Q962S2,0.0023208,0.013001,0.015948,0.15699802339076996,0.0009042029269039,0.0007269230554811
P13677_R9PY49,0.0022237,0.013107,0.017131,0.3015952408313751,0.0045724618248641,0.933952569961548
Q9VBY2_A8DYC4,0.0021984,0.012932,0.092852,0.5871359705924988,0.0018716832855716,0.0014808301348239
Q9XZT6_Q9W0I6,0.0021872,0.012926,0.015943,0.037430379539728165,0.0004475773312151,0.0125278914347291
Q9VV74_P29829,0.0022063,0.012958,0.018988,0.1092597097158432,0.008973067626357,0.0014425547560676
Q9VMI3_Q9VCZ8,0.0022007,0.012948,0.015951,0.06859826296567917,0.000214936924749,0.01084597222507
Q9VAT0_Q9VTM2,0.0021823,0.012969,0.015919,0.014561139978468418,0.0004161720280535,0.0011029704473912
Q24134_Q9XZ56,0.0021965,0.012929,0.015931,0.22872275114059448,0.00200229533948,0.0003039895382244
Q01083_Q01071,0.0022584,0.013229,0.015893,0.2796834111213684,0.0005345557583495,0.0013129952130839
Q95RJ9_Q9VS55,0.0022143,0.013576,0.048531,0.39386606216430664,0.0303058810532093,0.0019758022390305
O96881_A1Z8I0,0.0021772,0.012917,0.015884,0.0810326561331749,0.0002998489362653,0.0003506852372083
Q9VXX0_P16914,0.0024423,0.012934,0.015906,0.10203292965888977,0.9984941482543944,0.0027755536139011
Q9VTW3_O01382,0.0022122,0.01301,0.015971,0.11589671671390533,0.0290866717696189,0.0032866704277694
Q9VK46_P48159,0.0022338,0.012933,0.015925,0.07622674107551575,0.0002281507477164,0.008873731829226
Q9VX36_P25158,0.0021877,0.012964,0.015912,0.2962774932384491,0.0011011206079274,0.6004810929298401
P50534_Q9V3E9,0.0024546,0.01312,0.018782,0.2980809211730957,0.0024534843396395,0.0037353083025664
A8JNK7_A8JUS8,0.0022183,0.01297,0.015986,0.031215719878673553,0.0154845109209418,0.0200380552560091
Q7KM15_Q8IPW3,0.0021812,0.012944,0.015887,0.5974842309951782,0.0315331742167472,0.0005314152222126
P81917_P92177,0.0021841,0.013025,0.015936,0.030480099841952324,0.0004955730400979,0.0003520858299452
Q27272_Q9V345,0.0021709,0.012985,0.015927,0.12050006538629532,0.001081614755094,0.0007302486337721
Q9VP57_P07548,0.0037965,0.012967,0.016158,0.09175125509500504,0.9107025861740112,0.8902299404144287
Q9VVX0_Q7YU24,0.0022368,0.012971,0.015922,0.029122771695256233,0.000357151729986,0.0002988173218909
Q9VM81_Q9VJI7,0.020258,0.012966,0.015874,0.011372335255146027,0.0002584229805506,0.4397214353084564
Q9VJY9_O18413,0.0021851,0.01302,0.015926,0.23367086052894592,0.0249783806502819,0.0139620825648307
Q7KM15_Q94518,0.0021812,0.012963,0.018361,0.07693685591220856,0.9988580942153932,0.0107749523594975
Q9VFP2_P23757,0.011556,0.013042,0.016237,0.17901761829853058,0.0015732768224552,0.0075801783241331
P11346_Q9VKF0,0.0023156,0.013033,0.016055,0.05790528655052185,0.0171567890793085,0.0114209288731217
P22769_Q9W4B3,0.0021783,0.012943,0.015888,0.24972400069236755,0.0002958490513265,0.0785332545638084
Q7KY08_Q9VNE1,0.0021759,0.012921,0.016012,0.3156197965145111,0.0036714985035359,0.000341920327628
P56721_Q9VR90,0.0022316,0.01296,0.015977,0.32001256942749023,0.0359944440424442,0.0043714502826333
P23757_P29555,0.26485,0.014467,0.016446,0.20454880595207214,0.9656054973602296,0.0001785652566468
Q9VQQ9_Q26263,0.0022382,0.012998,0.015906,0.029184114187955856,0.0103810466825962,0.0257200039923191
Q0E9B6_Q9XYU1,0.0022124,0.01296,0.015914,0.12961743772029877,0.0004988432046957,0.0003395141975488
Q7K049_Q9V3G9,0.0021865,0.013072,0.01587,0.012302790768444538,0.0108068408444523,0.0002407388092251
P31007_Q9VR58,0.018102,0.012963,0.015987,0.009900180622935295,0.0131927300244569,0.0039397068321704
Q9XZT6_P55828,0.0021968,0.012961,0.015895,0.020809585228562355,0.0003756457008421,0.0865509957075119
P08646_Q9VJZ4,0.0021931,0.013123,0.015878,0.1920461356639862,0.000280560896499,0.0073850085027515
Q9VCQ7_Q9V431,0.0032535,0.013045,0.016329,0.023034794256091118,0.000805098679848,0.0043359459377825
Q9V393_P23792,0.0023895,0.012936,0.015991,0.07343342155218124,0.0151169570162892,0.1688880771398544
Q8SWV6_Q9VA95,0.002179,0.012973,0.01592,0.013510440476238728,0.0005433453479781,0.0025812010280787
Q9VAF2_P46824,0.0029363,0.01351,0.016471,0.39427998661994934,0.0293753091245889,0.0193954147398471
P50882_Q7JWD6,0.0022027,0.012962,0.015895,0.08234953135251999,0.0003281394310761,0.275439441204071
Q9VJY9_Q7K2Q8,0.0021691,0.012944,0.015892,0.000549937947653234,0.9966268539428712,0.0450558178126812
Q9VJ12_Q24324,0.0027726,0.012991,0.020749,0.03059128113090992,0.0017006326233968,0.0002175153786083
P55035_P29503,0.0055242,0.012991,0.016098,0.032750971615314484,0.0089963097125291,0.0048860013484954
Q9VUR3_Q9VYY9,0.0028469,0.012981,0.015909,0.13130703568458557,0.0005697938613593,0.1425682455301284
Q9XYU1_P23758,0.0024267,0.012979,0.016159,0.030048495158553123,0.0020418909844011,0.0006999159231781
O46339_P40427,0.29415,0.013891,0.017846,0.05318840965628624,0.998864769935608,0.5493612885475159
P23647_P18929,0.0022257,0.01304,0.015912,0.23226234316825867,0.0008125420426949,0.0060197943821549
P91943_Q7K4B4,0.002318,0.012965,0.01593,0.04141722992062569,0.0257942024618387,0.0452029183506965
Q9W2E8_Q9Y0Z9,0.0021965,0.012943,0.015912,0.24791796505451202,0.0004049927229061,0.0005149273783899
Q9V452_Q9W3N7,0.0023015,0.012986,0.015885,0.005022748373448849,0.0003010913205798,0.001772619318217
Q9VBH7_Q7JNL9,0.0021949,0.012935,0.015938,0.01747768558561802,0.0294398050755262,0.0011184951290488
Q9U8R4_Q9XZT1,0.0021952,0.012939,0.015893,0.0023019020445644855,0.0005899640964344,0.9784975051879884
Q9VTZ1_Q0E8N2,0.0082945,0.012992,0.016956,0.26159951090812683,0.0038666587788611,0.001324116718024
Q9VDE3_P52486,0.0021747,0.013945,0.016503,0.03376099467277527,0.0011725269723683,0.0006459868163801
P06603_P54733,0.002172,0.01316,0.015994,0.7728044390678406,0.0024724041577428,0.0019559098873287
O46308_Q9VRK9,0.0022343,0.013056,0.020492,0.26938873529434204,0.0009915045229718,0.0048318761400878
Q8T3W6_Q9XTN4,0.032553,0.01308,0.016105,0.014713053591549397,0.0012035117251798,0.0003359750844538
Q9VCY3_Q9VCZ8,0.0021968,0.012933,0.015892,0.028954848647117615,0.0003766485024243,0.0003486817004159
Q9VEQ1_Q9VAQ8,0.0021848,0.013175,0.016096,0.18047304451465607,0.0009295864147134,0.066471017897129
Q9W4S7_Q8T0S6,0.7229,0.013151,0.017064,0.008690375834703445,0.0024722551461309,0.0517497844994068
P26308_P92177,0.0023045,0.016098,0.016093,0.22088441252708435,0.0073729450814425,0.0351771190762519
Q9VJI9_Q9VAQ8,0.0021986,0.013016,0.01612,0.12465337663888931,0.0003186225658282,0.0004645443987101
Q9VYY9_Q9VPU9,0.0022035,0.013543,0.015987,0.022404391318559647,0.0018592064734548,0.024341020733118
P48555_Q9W0I6,0.0022122,0.013346,0.016,0.21498413383960724,0.0003589273255784,0.0481138303875923
Q9VBY2_Q9VLK1,0.0021788,0.01297,0.045229,0.04354603961110115,0.9986398816108704,0.0057596946135163
Q9W5N2_Q9VLI9,0.0021859,0.012919,0.015921,0.1487072855234146,0.0002377069031354,0.0034451640676707
Q24423_A0A0B4KFV0,0.07436,0.013229,0.016016,0.3203303813934326,0.0005982030997984,0.0020664865151047
P49847_Q95SJ2,0.0021878,0.013061,0.01626,0.2151460498571396,0.0012407823232933,0.5352794528007507
P48149_Q8IRI5,0.0021727,0.012921,0.015888,0.37129923701286316,0.0003734074125532,0.0008348726551048
Q9VA32_A0A0B4LHU7,0.0023538,0.012947,0.016409,0.45410317182540894,0.0026443740352988,0.000295867677778
O02002_P46223,0.0021831,0.012942,0.015925,0.19456033408641815,0.0002736329624895,0.0441059917211532
Q24169_Q9Y106,0.0021855,0.012924,0.01594,0.13615064322948456,0.0002579151769168,0.0049820095300674
Q9W3H5_Q9W236,0.0021865,0.012978,0.015894,0.025241151452064514,0.0007439137552864,0.3676632046699524
Q7JWS8_P55828,0.0022521,0.013072,0.015884,0.10862306505441666,0.0002843823458533,0.0252047628164291
Q94517_A1ZAH8,0.0022088,0.012968,0.015925,0.0053848689422011375,0.0126488488167524,0.5497663021087646
P24350_P55935,0.0021839,0.012936,0.015921,0.2535136342048645,0.000333527335897,0.8257596492767334
Q9I7H8_Q7K105,0.0026514,0.012923,0.015949,0.0400833860039711,0.0013962733792141,0.0008009066223166
Q9V3V9_Q9W4S7,0.0021823,0.012927,0.015896,0.4181022644042969,0.0057967472821474,0.0294683948159217
Q9VVY4_P84040,0.0022425,0.012997,0.015975,0.29999420046806335,0.0004929478745907,0.0216705463826656
P13582_P38979,0.0022085,0.012993,0.015937,0.31955811381340027,0.00029788914253,0.0188986025750637
Q9VWE8_Q8IQ92,0.0022641,0.013325,0.015908,0.37305814027786255,0.0820984542369842,0.926314115524292
Q9V3S6_Q9VVH6,0.0024569,0.01295,0.0159,0.09904570877552032,0.0068676243536174,0.9308965802192688
P25991_Q9XYF4,0.0021936,0.013414,0.015986,0.0014648031210526824,0.0008881379035301,0.0081858579069376
Q9VSM9_Q02637,0.0027916,0.013059,0.016657,0.2427411526441574,0.0013524822425097,0.01039295271039
Q24210_O77430,0.0021742,0.012938,0.015911,0.421298086643219,0.0013034131843596,0.3612610101699829
Q9VK43_Q24533,0.0022613,0.012965,0.016267,0.49938586354255676,0.0023233580868691,0.0041074631735682
C5WLN8_Q95RJ9,0.0022016,0.012943,0.051808,0.3316796123981476,0.0010762166930362,0.000837093219161
Q9W0F8_P13098,0.0021942,0.013137,0.015927,0.009174523875117302,0.0004502848605625,0.0174638666212558
Q9VTZ7_Q9VJ33,0.0022231,0.015735,0.016079,0.14814844727516174,0.0017161978175863,0.000602189626079
Q9I7L4_Q9VZU2,0.0021793,0.012948,0.01591,0.02654663659632206,0.0003340173861943,0.0004736397822853
Q24133_Q9V3V9,0.0021848,0.012946,0.015908,0.02592265047132969,0.0029956616926938,0.0006582540809176
Q9VT57_P55841,0.0021925,0.012968,0.018449,0.14427265524864197,0.0002876068756449,0.0002505402953829
Q9VYX4_Q9V3H2,0.0022344,0.01294,0.015999,0.05058247223496437,0.0003033002722077,0.198729321360588
P16914_M9PHN7,0.0030016,0.013093,0.015979,0.36548420786857605,0.0041799708269536,0.7414785027503967
P36179_Q9XZT1,0.0021564,0.013196,0.015926,0.03998935967683792,0.0007512981537729,0.9317437410354614
Q9VU85_Q9VM64,0.0024007,0.013014,0.015944,0.039187800139188766,0.0037191759329289,0.0005825220723636
Q7KTX7_Q9VNB5,0.0022056,0.013069,0.015919,0.36329764127731323,0.0004197105008643,0.759666383266449
Q9VQM2_Q27889,0.0022588,0.013039,0.015897,0.22594457864761353,0.0010211232583969,0.008919907733798
Q9U5W9_Q9VTZ1,0.0022147,0.012952,0.01597,0.04602081701159477,0.012174935080111,0.0117535199970006
Q9V6Q2_Q9VAP2,0.01448,0.012932,0.017748,0.18836364150047302,0.9924893379211426,0.0951718464493751
Q9VTM2_Q9VIZ0,0.0021864,0.012925,0.015881,0.0825486108660698,0.0095463562756776,0.6266791224479675
Q9W074_P91664,0.0022112,0.013135,0.016047,0.029871705919504166,0.0004885577363893,0.0006147443200461
Q9NFZ3_P84040,0.0023725,0.012933,0.016064,0.23245349526405334,0.0006717216456308,0.0041945585981011
Q9VJ02_Q9VV74,0.002337,0.012999,0.01594,0.031861040741205215,0.0004606849397532,0.0007773048710078
Q9V457_Q27934,0.011542,0.012928,0.016661,0.4069857597351074,0.0074055935256183,0.5145952701568604
Q7KTL5_P49071,0.0022699,0.012985,0.016272,0.4380345940589905,0.1405698359012603,0.0730663985013961
Q9VTT2_Q8SYM9,0.0024482,0.012926,0.016514,0.042489033192396164,0.0125975934788584,0.0433258935809135
A1ZAH8_Q9VND8,0.0021998,0.013284,0.015908,0.1357804834842682,0.0005693818093277,0.0004579205415211
X2J8N3_Q9VTL1,0.0022162,0.013055,0.015964,0.006571794860064983,0.0003052665560971,0.0073485695756971
P54733_P48612,0.0021702,0.012934,0.015907,0.00860260147601366,0.001304637058638,0.0012469995999708
Q24276_P16914,0.0021792,0.012932,0.015948,0.05400686338543892,0.0132643980905413,0.0014019154477864
A1Z9X0_Q9VU83,0.0093018,0.01302,0.017133,0.015861937776207924,0.0658446103334426,0.0025969638954848
Q9I7L4_Q9VBI1,0.0021975,0.012942,0.015903,0.06738587468862534,0.0038744946941733,0.9243860244750975
Q01069_Q24472,0.0026799,0.012992,0.015947,0.10576736927032471,0.371834397315979,0.3251634240150451
Q9VXZ0_P49906,0.0021896,0.012925,0.015885,0.19865825772285461,0.0151212038472294,0.5905455946922302
O46339_Q95RA8,0.0022001,0.01293,0.015899,0.2708319425582886,0.0017278747400268,0.0008871402824297
A1Z9E2_A1ZAH8,0.0022154,0.012956,0.015955,0.12485702335834503,0.0125038931146264,0.0002238468878204
X2JDF3_Q9U6B8,0.0022014,0.012976,0.01592,0.22139163315296173,0.0005488680326379,0.0032595465891063
Q0E8K5_Q9VZU4,0.0021889,0.012941,0.015975,0.0068659656681120396,0.0037825328763574,0.0007765349000692
Q9VAH9_A1Z8I0,0.0021743,0.012925,0.015901,0.07568228244781494,0.0014207703061401,0.0250855069607496
Q9VVT5_X2JEH3,0.0024303,0.013001,0.015978,0.31093063950538635,0.0012419600971043,0.0027757314965128
Q9W481_P02574,0.0022183,0.015084,0.016307,0.2010887712240219,0.0027971712406724,0.0005229481030255
Q9VVP8_P49028,0.0022365,0.013296,0.015903,0.2825186550617218,0.0019482753705233,0.0026503014378249
P09081_Q9VWI0,0.0021992,0.013067,0.015963,0.33120229840278625,0.0033491165377199,0.9788846969604492
Q7K738_Q9VJZ4,0.0021809,0.012937,0.015877,0.34110668301582336,0.0003010204236488,0.3619081974029541
Q9VVW2_Q9VCS1,0.0023097,0.012949,0.015958,0.3729094862937927,0.0011333514703437,0.6659712195396423
Q9V3Y8_Q94518,0.0022032,0.012931,0.015941,0.1273709386587143,0.0017577032558619,0.1260659545660019
Q9VJM2_Q24133,0.0022604,0.013016,0.015991,0.022622812539339066,0.0004564592964015,0.3356432318687439
Q9VN06_Q9W499,0.0022366,0.01293,0.015952,0.013117874972522259,0.0002276309824083,0.9821917414665222
Q9V7W9_Q9VIZ0,0.0021881,0.012918,0.015874,0.37674659490585327,0.0013086425606161,0.866388201713562
O97143_Q9VKI2,0.015221,0.012962,0.015963,0.010418250225484371,0.118169754743576,0.0122677562758326
Q9VSB6_Q9VLP3,0.0021952,0.012924,0.01591,0.320036917924881,0.0009789314353838,0.0031093230936676
Q7K4Z4_Q95RR8,0.041943,0.012968,0.016264,0.014975236728787422,0.0294155403971672,0.9721370935440063
Q24039_Q9VHK6,0.0021851,0.012953,0.015899,0.062429025769233704,0.0002816280757542,0.0004362185427453
P20240_Q9VUG4,0.002213,0.013046,0.015931,0.001850649481639266,0.0005825487314723,0.0084949238225817
Q05652_Q24572,0.00219,0.013289,0.016189,0.10482524335384369,0.0003635555913206,0.0003603505028877
Q9VT76_P42003,0.0021888,0.012958,0.015936,0.06777410954236984,0.0005481821135617,0.0010982726234942
P10987_Q9VRT7,0.0023701,0.0132,0.015893,0.09302596747875214,0.0004560578381642,0.01172417961061
Q7KRW1_P54359,0.0021807,0.012969,0.015936,0.023471225053071976,0.0011627658968791,0.0049849981442093
P13098_Q9NCC3,0.0022132,0.012997,0.015937,0.19330662488937378,0.0080381780862808,0.0036914672236889
P49847_Q7JVK6,0.0021819,0.012945,0.015953,0.004947403445839882,0.000495005340781,0.0065709631890058
Q9VJD4_Q8IPW2,0.0021801,0.013028,0.015904,0.263202428817749,0.0003754908393602,0.9844903349876404
P22265_Q9VPU9,0.015103,0.013022,0.016811,0.24442245066165924,0.0234383977949619,0.0195228122174739
Q7JVK6_P84051,0.0022064,0.012969,0.015987,0.4704047739505768,0.0002673560811672,0.0031647286377847
Q8MLY8_Q24547,0.0022283,0.013005,0.015931,0.004658884834498167,0.0003667917626444,0.0007668465259484
O77430_Q9VCZ8,0.002176,0.012951,0.015894,0.05263747647404671,0.0002324178640265,0.0130913630127906
Q9VZV5_O44437,0.002189,0.013001,0.015933,0.007517088670283556,0.0002532910730224,0.0003355925437062
P92177_Q9VHA9,0.0021854,0.013452,0.016461,0.15238448977470398,0.0035166330635547,0.8687747716903687
Q08605_Q9VP57,0.0055389,0.012964,0.018947,0.048187412321567535,0.998542070388794,0.1994168609380722
Q9W229_Q24570,0.002187,0.012918,0.015885,0.048026349395513535,0.0006001979345455,0.0002655465796124
Q05652_Q9VF73,0.0023372,0.012995,0.016108,0.00344944279640913,0.986877977848053,0.0006124480860307
Q27884_Q23983,0.0021782,0.013076,0.015927,0.20977716147899628,0.0015855432720854,0.0007813891861587
Q9VHD2_Q9VA95,0.0021855,0.013103,0.016231,0.13701467216014862,0.0004464413214009,0.00025883919443
Q9VPX6_Q9V3Z4,0.0021763,0.013082,0.016034,0.08673465251922607,0.0019263011636212,0.8148272037506104
Q9VTW3_Q9VU83,0.089038,0.013026,0.016059,0.007726667448878288,0.0099468380212783,0.003585695521906
Q9I7L4_P91641,0.0021739,0.012928,0.015892,0.16523973643779755,0.0006446487968787,0.0016417431179434
Q9VIZ0_P06603,0.0021889,0.012957,0.015902,0.0758523941040039,0.000411713233916,0.0026608000043779
P48461_Q9VK43,0.0022024,0.013022,0.016919,0.3925669193267822,0.0044694044627249,0.0146141787990927
Q9W1U6_Q9W2R4,0.0021942,0.012941,0.015996,0.027727212756872177,0.0082369819283485,0.0171333663165569
Q9W5N2_P31007,0.0021767,0.012932,0.015931,0.4149371385574341,0.0003690286248456,0.0002236797881778
A1Z9E2_Q9VJD2,0.0021719,0.012965,0.015874,0.6110804677009583,0.0073595289140939,0.2834896147251129
Q7K0E6_Q9VUF3,0.0021811,0.01294,0.015924,0.012435116805136204,0.0005112768849357,0.975753664970398
P29673_Q9W3H5,0.0059365,0.013121,0.015961,0.06068818271160126,0.0052417498081922,0.0025162091478705
Q9VMN9_Q9VLU0,0.0021803,0.012948,0.01589,0.12060274928808212,0.000561204040423,0.0020344431977719
Q9V428_Q23985,0.0021713,0.012965,0.015918,0.19299516081809998,0.0129357893019914,0.9828491806983948
P06602_P83949,0.070741,0.01358,0.016422,0.0021560059394687414,0.9986144304275512,0.0146324438974261
Q9VJP9_A0A0B4KFV0,0.0035031,0.013137,0.015922,0.03129548951983452,0.0004552490427158,0.0030328859575092
E1NZB4_P49630,0.0022169,0.012931,0.0159,0.3443182110786438,0.0020132006611675,0.0124132419005036
Q9VVR2_P48461,0.0022774,0.013031,0.016742,0.019826218485832214,0.6459313035011292,0.0066063744015991
Q9V464_P30052,0.0022464,0.012936,0.015942,0.15233345329761505,0.2624207437038421,0.7621867656707764
P55035_A1ZBK7,0.0021742,0.012941,0.015894,0.010633897967636585,0.0007659194525331,0.0361754782497882
Q9VAT0_Q9V431,0.083808,0.013051,0.017231,0.13753028213977814,0.0022440729662775,0.0060849147848784
Q9V3Z4_Q9VH69,0.0021792,0.012964,0.015931,0.026151521131396294,0.0005908618913963,0.989796221256256
Q8MS69_Q26366,0.0022453,0.012921,0.01593,0.0034225413110107183,0.000339009478921,0.0007887667161412
Q9VUK7_Q9VAC4,0.00228,0.012929,0.016058,0.20966844260692596,0.0188661962747573,0.0004862271016463
Q24171_P51023,0.020272,0.01301,0.017021,0.037690214812755585,0.0039258003234863,0.0032804701477289
B7YZE6_Q8IPW2,0.0022034,0.012961,0.016025,0.0525946319103241,0.0013759813737124,0.0147465458139777
P62152_Q962S2,0.02233,0.013032,0.047249,0.1489873230457306,0.000577762897592,0.0040497598238289
O17445_Q9VH07,0.0021909,0.012918,0.016043,0.5156310796737671,0.0007574582123197,0.0164856389164924
B3DML8_Q9U6B8,0.0022159,0.01294,0.015923,0.05358007550239563,0.0010525153484195,0.0031024166382849
P08182_Q9V3E9,0.0022,0.012997,0.015962,0.11723954975605011,0.0133800823241472,0.0024948676582425
Q9W542_Q8MLY8,0.0022149,0.012929,0.01605,0.0031548673287034035,0.0291879996657371,0.1093361601233482
Q9VZM7_Q9VWA1,0.0021799,0.012992,0.015938,0.034489091485738754,0.0196665059775114,0.0248144958168268
Q9VHB7_P18491,0.0078855,0.013003,0.016313,0.028094058856368065,0.0027656366582959,0.5580560564994812
P23572_Q7KUZ5,0.0022154,0.013005,0.016538,0.05417349562048912,0.9978330731391908,0.3067240417003631
Q9W229_Q9W2V7,0.0021821,0.012932,0.015913,0.18825523555278778,0.0057616606354713,0.5657121539115906
O15945_Q24338,0.0023217,0.013231,0.016013,0.0045298743061721325,0.0004928208072669,0.0030691130086779
Q9VY87_Q02936,0.0022066,0.037616,0.2728,0.3147985637187958,0.0021295717451721,0.0002969579072669
Q9VY87_P10734,0.002195,0.013307,0.015967,0.09306760132312775,0.0023582065477967,0.0003627767728175
Q9VDG2_Q01083,0.0022457,0.013073,0.015893,0.014474860392510891,0.000694275368005,0.0014476581709459
Q9VEC5_Q95RV2,0.0023872,0.013076,0.016054,0.07065919786691666,0.0041622379794716,0.0340428352355957
Q9W0I6_P46824,0.0021768,0.014183,0.01594,0.004882673267275095,0.0009725879062898,0.0009016881231218
P92208_Q9W1B9,0.002212,0.012965,0.015919,0.22040478885173798,0.0002272296114824,0.0082659041509032
Q9VKF0_Q9VQF9,0.0022329,0.012946,0.015897,0.08036206662654877,0.0008877309737727,0.0010785958729684
Q9VM81_Q24472,0.0021882,0.012927,0.015891,0.0853719562292099,0.0017982613062486,0.0011475173523649
Q9W5B9_Q9VLB2,0.0021969,0.012961,0.015889,0.10197459161281586,0.0015206685056909,0.0020495201461017
Q9VJY9_Q9VJ02,0.0024645,0.012993,0.01598,0.08074558526277542,0.0096703302115201,0.3244762122631073
Q9W4N8_Q9U8R4,0.0022185,0.012948,0.015884,0.051744285970926285,0.0010468290420249,0.3292005658149719
Q01071_Q9V3Z4,0.0022,0.01309,0.015941,0.21898020803928375,0.0005826056585647,0.0240571741014719
Q9VIZ0_Q9VMX3,0.0021933,0.01295,0.015903,0.21302306652069092,0.999021291732788,0.0009356848313473
Q9VGR1_Q9W029,0.0021899,0.013043,0.015903,0.12737824022769928,0.019816268235445,0.0340520143508911
Q8T0K1_Q9VUI0,0.0021793,0.012933,0.016474,0.07076134532690048,0.0029159996192902,0.0003212986630387
O17445_Q24306,0.0021854,0.012962,0.015954,0.13871745765209198,0.0003754391218535,0.0004840956244152
Q27324_A0A0B4K775,0.0022365,0.013006,0.016145,0.3812188506126404,0.0006219100905582,0.0046078045852482
Q9V457_Q9W148,0.010846,0.012926,0.02199,0.18789911270141602,0.0013809601077809,0.0005504237487912
Q9W483_P22769,0.0021736,0.012926,0.01589,0.18847376108169556,0.0004511119041126,0.0136520192027091
Q9VA95_Q01842,0.0021768,0.012938,0.015909,0.4432205259799957,0.0051208809018135,0.90492844581604
Q8IH18_Q9TW27,0.068088,0.012935,0.017473,0.10190090537071228,0.99729186296463,0.0008026658324524
P16371_P91943,0.12498,0.013124,0.016415,0.4828853905200958,0.0437859296798706,0.0082746613770723
Q9VX24_Q9VI55,0.0021846,0.012948,0.015971,0.056392546743154526,0.0004010763368569,0.000720280513633
P17789_Q27934,0.05952,0.012962,0.016646,0.016640717163681984,0.0026601257268339,0.0058919400908052
Q9W2S2_P55935,0.0022082,0.013057,0.016175,0.025383595377206802,0.0004027529503218,0.0167855527251958
Q24186_A0A0B4KFZ9,0.020112,0.012974,0.83684,0.05082789063453674,0.000990695785731,0.8382435441017151
Q9NCC3_Q9VHM7,0.0022051,0.012928,0.016054,0.027752822265028954,0.005181745160371,0.0093089789152145
Q9VR09_Q9VR38,0.0021759,0.01293,0.015917,0.22530215978622437,0.0133724557235836,0.0003137285821139
Q8IN63_Q9V3Z1,0.0022852,0.013083,0.016073,0.03585213050246239,0.0559686236083507,0.0008868876029737
Q9VYX1_O18640,0.0021985,0.012955,0.015934,0.034849900752305984,0.0048102275468409,0.0008241981267929
P22807_P83949,0.012234,0.013043,0.016103,0.11987120658159256,0.8497100472450256,0.0075280289165675
P42003_P83949,0.0022158,0.012964,0.015934,0.07349295169115067,0.0013568338472396,0.0002554609964136
Q9VI72_Q9VNE4,0.92842,0.90224,0.015983,0.04404376074671745,0.0824775919318199,0.0013976136688143
Q8SYM9_O01382,0.002188,0.012973,0.015919,0.09716200083494186,0.0007744705071672,0.8980569243431091
Q9VV73_Q9VG38,0.0021871,0.012911,0.015988,0.4774968922138214,0.0152144692838191,0.0005570944631472
Q7JXV9_O02193,0.0022059,0.012936,0.015941,0.38174518942832947,0.0042333900928497,0.0003082037437707
Q8IPW2_Q9W0G1,0.0021905,0.013029,0.016098,0.08190881460905075,0.0060858838260173,0.987253487110138
P07548_P46150,0.0023858,0.013167,0.01596,0.3741711676120758,0.0024987035430967,0.0011088955216109
P25008_Q7JXC4,0.0022247,0.012918,0.015905,0.35788494348526,0.0002566481998655,0.0013129102298989
P06603_Q7KA43,0.002189,0.01313,0.023775,0.026583611965179443,0.0005678017623722,0.5682934522628784
Q9VPY0_Q7KMP8,0.0021682,0.013036,0.015922,0.04088645055890083,0.0020153997465968,0.0023351316340267
Q9XZH6_P13097,0.017209,0.013245,0.015918,0.03620484843850136,0.0005710416007786,0.0001272817899007
Q9VST2_Q9W148,0.035933,0.012931,0.016005,0.13864636421203613,0.0011374332243576,0.0034818570129573
B7YZF0_Q0E9B7,0.0021925,0.012938,0.015915,0.2854413092136383,0.0379378348588943,0.0005347379483282
A8JNK7_Q8SYK5,0.019558,0.012981,0.016179,0.4127874970436096,0.0161579959094524,0.5988386273384094
P48612_Q9W074,0.0021743,0.012944,0.016011,0.03434498980641365,0.0971190929412841,0.0555315241217613
Q9VTB4_Q9VHB6,0.0022294,0.012915,0.015898,0.14545796811580658,0.0010811749380081,0.0008838665089569
B7Z0T5_Q9W4M8,0.0021887,0.01293,0.015912,0.1305093765258789,0.0028825032059103,0.1399697214365005
Q9VU83_Q7KUL3,0.002445,0.012938,0.015905,0.10790596157312393,0.0048566679470241,0.0031858012080192
Q9V3E9_P09180,0.0021916,0.013135,0.016463,0.3366645276546478,0.011535937897861,0.2697912752628326
Q7JXA8_Q9VTE0,0.0022267,0.013015,0.015895,0.11448562145233154,0.0024962765164673,0.0069539691321551
P06002_Q24008,0.0026291,0.013057,0.015892,0.21173176169395447,0.068225011229515,0.0008230358362197
Q02637_Q9W3N7,0.0021839,0.012931,0.015878,0.03899731859564781,0.0004076500772498,0.0002662112237885
P20350_Q9VVY4,0.0022316,0.012948,0.015896,0.37275394797325134,0.0005836522323079,0.0025119986385107
Q9XZ61_P92177,0.0021801,0.013076,0.015935,0.017880529165267944,0.0013102350058034,0.0005614439724013
M9PHN7_O46037,0.0021671,0.013059,0.015877,0.006578780710697174,0.0009679468930698,0.008512707427144
Q960D3_P18929,0.0022418,0.012991,0.015875,0.005915738642215729,0.0003090408281423,0.0070793507620692
P17789_Q9VYW6,0.0025214,0.013043,0.015924,0.0542353019118309,0.0014244186459109,0.000189851707546
Q32UW5_Q9VQM2,0.0021834,0.012958,0.01588,0.37287288904190063,0.0011234205449,0.0034697686787694
Q9VYW2_Q9VN50,0.0021761,0.012946,0.015896,0.04651416465640068,0.0022970822174102,0.0004005984810646
Q24454_P50882,0.0021952,0.012939,0.015891,0.03017955645918846,0.0144176967442035,0.00204090308398
A0A0B4LGV6_Q2PE14,0.0042259,0.013201,0.019516,0.13147564232349396,0.0011632168898358,0.0008037431398406
O62530_Q9VDG2,0.0021901,0.012932,0.015949,0.5570284724235535,0.0079822801053524,0.0784637480974197
Q9VUR3_Q24276,0.0022172,0.012934,0.015904,0.42515331506729126,0.0034410099033266,0.003281062701717
Q05201_P02572,0.0022531,0.013126,0.01593,0.05557577311992645,0.0016335120890289,0.1488179862499237
Q9VDE3_Q8T414,0.0022525,0.013033,0.015933,0.02976646088063717,0.0030516567640006,0.010249525308609
Q9VXZ0_Q26263,0.0022087,0.012954,0.0159,0.06833954155445099,0.0005082567804493,0.0002520561974961
P91929_Q9VR38,0.0021751,0.012977,0.015916,0.2761226296424866,0.0006488968501798,0.2051843553781509
Q7JYX5_P49071,0.002193,0.012964,0.016081,0.1577574461698532,0.0006419230485334,0.0082401651889085
C6SV45_Q9V461,0.002234,0.013262,0.017986,0.30159419775009155,0.0007485738606192,0.1439667642116546
Q9VCE1_Q9W358,0.0021798,0.013003,0.015913,0.25103259086608887,0.0017240914748981,0.0003299264935776
Q9W4B3_Q9VCU6,0.010243,0.012945,0.015961,0.11278501152992249,0.995740294456482,0.0017799040069803
O96660_A8DYC9,0.0021894,0.012936,0.015952,0.05089924857020378,0.0088061550632119,0.0014375506434589
Q9VK43_Q7K4Z4,0.0022343,0.012959,0.016778,0.020012585446238518,0.001975848339498,0.0002198278089053
Q9VVT5_Q24168,0.0022371,0.013043,0.015926,0.0706910640001297,0.0013924994273111,0.0014824675163254
Q45VV3_Q9VU85,0.16424,0.012984,0.017624,0.25440895557403564,0.0101669374853372,0.1376017332077026
Q9W1Y1_Q9VM20,0.0021872,0.012966,0.015903,0.03604390472173691,0.0003108401142526,0.000977671239525
O96880_Q9W418,0.0021927,0.013129,0.017557,0.14534758031368256,0.0003195577010046,0.0134590798988938
Q9U5W9_Q9V3H2,0.0022364,0.012931,0.015953,0.5962406992912292,0.0003112217527814,0.0022551312576979
Q9VV73_P54359,0.0021778,0.012982,0.016006,0.1496414989233017,0.9985587000846864,0.0004312101809773
Q7KTL5_Q9XZ57,0.024112,0.013016,0.01593,0.032739825546741486,0.006826221011579,0.0007039915653876
Q9VI13_P84040,0.0022504,0.013018,0.016289,0.09970204532146454,0.0019978827331215,0.1481267362833023
P84040_P23573,0.0022848,0.014333,0.017507,0.07890631258487701,0.0003240716760046,0.0083931665867567
O61231_Q9VLB2,0.0021732,0.012944,0.01591,0.00816932413727045,0.0005507859168574,0.0078599862754344
O96660_Q9VXA5,0.0021776,0.012974,0.015919,0.09285294264554977,0.0002902197884395,0.0019988394342362
Q9VBH7_Q7JZC9,0.0021931,0.01297,0.01591,0.0920042023062706,0.0028485599905252,0.051671452820301
Q9VWG3_Q8IN63,0.0021904,0.012963,0.015942,0.3275647461414337,0.0021333727054297,0.0006309721502475
Q9VRN6_Q7KMG7,0.0021712,0.012944,0.015928,0.0225799810141325,0.0010739481076598,0.0112834563478827
A1Z9I5_Q7JWR4,0.0021941,0.012937,0.015929,0.04547681659460068,0.0007736768457107,0.982835054397583
Q8IHA6_O46034,0.0022409,0.013119,0.015953,0.008193410001695156,0.0010671807685866,0.0022488920949399
Q9VWD5_A1Z9I5,0.0022067,0.013021,0.015941,0.13304755091667175,0.0029175984673202,0.0036384041886776
P41042_B7Z0T5,0.0022061,0.012925,0.015911,0.12895479798316956,0.00422471947968,0.0251163523644208
Q0E9G3_Q27934,0.0031892,0.012922,0.016392,0.03221718221902847,0.0165217146277427,0.000975263537839
Q9VCL2_B7YZE6,0.0022452,0.012964,0.016077,0.22994700074195862,0.00085780658992,0.0004586721479427
Q9VSN0_Q9VYG2,0.0021987,0.01292,0.016019,0.09816746413707733,0.0034742909483611,0.0004197443486191
Q9I7L4_Q9VJI7,0.0021963,0.012985,0.015889,0.15011966228485107,0.0006170792039483,0.001720699481666
P00528_Q9VFL4,0.002185,0.012972,0.015923,0.17426416277885437,0.0024258245248347,0.0036632874980568
Q9VYG2_Q9VEC5,0.0021903,0.013137,0.016136,0.034987661987543106,0.0002997429110109,0.0799692049622535
A8DYC9_Q8IN63,0.0023399,0.013066,0.015998,0.013355913572013378,0.0008160141878761,0.0004791360115632
P40797_Q966T5,0.0022364,0.013086,0.018064,0.15011096000671387,0.0118483183905482,0.9484198689460754
P09077_O18413,0.0024512,0.013153,0.01599,0.40028002858161926,0.0007592924521304,0.0114218536764383
Q9VAH9_Q6NN40,0.0021966,0.012955,0.015966,0.011929677799344063,0.0454006567597389,0.0033829775638878
P49258_Q9VFL4,0.0022011,0.013141,0.015901,0.0077732400968670845,0.0015446109464392,0.2103029787540435
Q9VP65_Q9VBP9,0.0022371,0.01293,0.016142,0.053222231566905975,0.0006127455853857,0.9834470748901368
Q7KM04_P49630,0.0021849,0.012963,0.016088,0.36718639731407166,0.0009891947265714,0.0818243846297264
Q9W087_Q9VM64,0.0021799,0.013483,0.015878,0.29928672313690186,0.0002604967157822,0.0003876150585711
Q24210_Q7KLV9,0.0021839,0.013799,0.01618,0.14558105170726776,0.001099236193113,0.0105030369013547
O96989_I0B1P6,0.002171,0.012937,0.01628,0.45426666736602783,0.0005818576319143,0.0018471401417627
Q9VN50_Q9VTW5,0.0021737,0.012937,0.015894,0.3968869149684906,0.0003282805264461,0.1308056861162185
Q9VTM2_Q9VL21,0.0022016,0.012955,0.015943,0.5637935400009155,0.0002567218616604,0.0008021833491511
Q961D1_Q9VIH1,0.0022071,0.012947,0.015875,0.1612173169851303,0.0015988581581041,0.0436945743858814
P16371_Q9VN10,0.11254,0.013309,0.016178,0.009778555482625961,0.0189698468893766,0.0064522069878876
Q058Z8_Q9V3W2,0.0025856,0.012933,0.015955,0.02831311896443367,0.0010897959582507,0.0077256616204977
P0CG69_Q9VZF5,0.0023532,0.013107,0.015963,0.20122410356998444,0.00765813421458,0.0198947712779045
Q95028_Q9VQQ9,0.0021658,0.012943,0.015946,0.1842515766620636,0.0002404951810603,0.0008351989090442
P35128_Q01083,0.002189,0.013067,0.015895,0.013871747069060802,0.0004189194587524,0.9884865283966064
Q9VFE4_P40793,0.0022041,0.01302,0.016416,0.03171972930431366,0.0003846780455205,0.0007029654807411
P07548_P40427,0.13218,0.01309,0.016328,0.23961558938026428,0.9984599351882936,0.0003372741921339
Q24324_P13096,0.0028155,0.013066,0.017086,0.22516247630119324,0.0032992423512041,0.0026284544728696
P36179_Q7KRW1,0.0022273,0.0151,0.015927,0.0519525520503521,0.0025234890636056,0.1995717585086822
Q9W140_Q9V461,0.0022051,0.012977,0.016698,0.4219062626361847,0.0015683495439589,0.035395547747612
Q9VEV9_Q9W237,0.0021812,0.01296,0.015907,0.0511636808514595,0.0004614050267264,0.0005402257665991
Q9V3J8_Q8IRI5,0.0021809,0.013978,0.016068,0.32269683480262756,0.0076331635937094,0.000914916046895
Q9VEX5_O96863,0.0021956,0.01291,0.015914,0.08091401308774948,0.0336508639156818,0.1235595196485519
Q94517_P08182,0.0021772,0.012953,0.019015,0.014218047261238098,0.0047432519495487,0.8142992258071899
Q45VV3_Q9VJP9,0.0022136,0.012921,0.015905,0.020118754357099533,0.0006301329704001,0.0099195316433906
A1Z9X0_Q7K1V0,0.0023062,0.01297,0.016771,0.0616033710539341,0.0053041353821754,0.0085148848593235
Q9VPU9_Q9W102,0.0022129,0.013143,0.015901,0.020737772807478905,0.0013108442071825,0.0013159572845324
Q24246_P0CG69,0.0023098,0.01316,0.01692,0.296627938747406,0.0009669173159636,0.003772722557187
Q9V393_I0B1P6,0.0022018,0.012945,0.015978,0.23602361977100372,0.0051011149771511,0.9723435640335084
P91929_O76878,0.0021964,0.012942,0.016025,0.013290735892951488,0.00077693129424,0.8285823464393616
Q9VCZ8_Q9V3C7,0.0022228,0.012948,0.015907,0.0031842084135860205,0.001103650429286,0.1458085030317306
Q9W102_Q7JX41,0.0021927,0.012961,0.015949,0.16932141780853271,0.0003630158025771,0.001387792173773
Q9VRK9_Q9VGF9,0.0022414,0.01343,0.022878,0.1888781487941742,0.01579175516963,0.0293418187648057
Q9W3E7_Q7KM15,0.0022089,0.012932,0.016215,0.19844914972782135,0.0040786010213196,0.0155284563079476
Q95TN8_Q24180,0.49083,0.013018,0.016152,0.18535801768302917,0.018235707655549,0.0156016238033771
Q9VWX1_Q0E9B7,0.012396,0.01295,0.01599,0.016262922435998917,0.0172154884785413,0.0900919586420059
Q9VLT7_Q9VG03,0.0021873,0.012925,0.015933,0.11217144876718521,0.0010219977702945,0.001641979208216
P13582_P48607,0.0076095,0.074117,0.11424,0.020212875679135323,0.0079441433772444,0.7228765487670898
P18824_P35128,0.0021767,0.014639,0.015946,0.019854310899972916,0.0032502999529242,0.0003242864913772
P16568_A1ZBY3,0.0022059,0.013019,0.015883,0.02478073723614216,0.0070176883600652,0.001382008777
Q9VJD2_Q24472,0.002166,0.012911,0.015869,0.2529529333114624,0.0012248975690454,0.0005055146175436
O15945_Q7KM15,0.0022268,0.012956,0.015954,0.011332239024341106,0.0003714705817401,0.000387052539736
X2JDZ1_A1ZAH8,0.0022015,0.012922,0.015929,0.09217868000268936,0.0058060842566192,0.2408798187971115
Q7JZC9_Q9VK46,0.0022014,0.012949,0.015877,0.0180842112749815,0.00183137843851,0.0012015112442895
Q08012_Q7K2G1,0.0022151,0.012973,0.017317,0.4617313742637634,0.0103819780051708,0.0004687827313318
Q9VJQ5_Q9VBQ3,0.0021765,0.01297,0.01593,0.006401073187589645,0.0010993200121447,0.003394333878532
A0A0B4KFV0_O76924,0.0040257,0.013258,0.06165,0.35513389110565186,0.0010002222843468,0.0029675657860934
Q7KMG7_P36179,0.0021691,0.013271,0.015893,0.012430262751877308,0.0048621790483593,0.0169869419187307
P36188_P54611,0.003161,0.117,0.016475,0.027322357520461082,0.0025622451212257,0.1313903033733368
Q7JZC9_Q9VVL6,0.0021934,0.012954,0.015877,0.4759179651737213,0.0039753573946654,0.0003857124829664
P02833_A0A0B7P9G0,0.0024346,0.012999,0.015967,0.016606060788035393,0.0003125958610326,0.0002892074699047
Q9NFU0_Q9W5R8,0.0022304,0.012939,0.016004,0.03068697080016136,0.0026595855597406,0.9662535786628724
O46339_Q9VFL4,0.0022805,0.013064,0.01591,0.25250861048698425,0.0044521144591271,0.9584243297576904
P18934_Q9W2H9,0.0022999,0.012924,0.015868,0.12201903760433197,0.0004727217310573,0.0366551876068115
O77430_Q9VDE3,0.0021743,0.01295,0.015918,0.20229005813598633,0.9987300038337708,0.9739949107170104
Q06453_Q9W418,0.003288,0.013341,0.016313,0.19951051473617554,0.000515172840096,0.4022446274757385
P18488_P83949,0.085058,0.013558,0.016211,0.024945013225078583,0.9985951781272888,0.002358004450798
P29844_P40797,0.0022207,0.013244,0.016775,0.008043171837925911,0.069973737001419,0.8471842408180237
P08646_Q24572,0.0023076,0.11003,0.017481,0.10856112092733383,0.0002961882855743,0.0056649022735655
Q9W1B9_Q9VWX1,0.0022111,0.012932,0.015915,0.013975415378808975,0.0004376550787128,0.2479385435581207
Q9VKF0_P36188,0.0021893,0.012947,0.015933,0.4457819163799286,0.0037297140806913,0.0014029179001227
Q9VQY9_Q7KS72,0.0022652,0.012948,0.01592,0.2584189176559448,0.0004314891993999,0.0025199926458299
Q9VHB7_Q9VLU0,0.002173,0.012985,0.015894,0.03328360989689827,0.001235670177266,0.0274996683001518
P11147_Q7K4N3,0.002168,0.013165,0.015907,0.16814744472503662,0.0007558437646366,0.0007232242496684
Q24139_O97111,0.0023136,0.012941,0.015935,0.007421895861625671,0.0008730614208616,0.0548742190003395
Q8SZ16_Q9XZ68,0.0021753,0.012945,0.015919,0.05501578375697136,0.0005656341090798,0.000166469006217
P47948_P0CG69,0.0021867,0.013315,0.016006,0.10486279428005219,0.0016582105308771,0.0368991419672966
Q7K3V6_P02572,0.0022375,0.013761,0.01663,0.23632219433784485,0.000669969827868,0.0010056390892714
Q9W3W8_X2J6Q6,0.002181,0.012923,0.015898,0.1223156675696373,0.0002433970803394,0.0291766375303268
P56544_P13098,0.002216,0.013007,0.015923,0.07821007072925568,0.0003912551037501,0.6727637648582458
P45975_Q9VNB9,0.0021968,0.012927,0.016219,0.267322838306427,0.0007289490895345,0.001529014436528
P08570_A0A0B4LGV6,0.002205,0.012945,0.016003,0.020863788202404976,0.0006681554950773,0.011298700235784
Q9VVA7_P49258,0.0021899,0.013318,0.015884,0.02931499481201172,0.0003084418422076,0.0004414231225382
P23023_Q9V457,0.0032165,0.012948,0.015966,0.41058042645454407,0.1812203973531723,0.9862464666366576
Q9VNB9_P49028,0.0022042,0.012923,0.015932,0.08991599828004837,0.0012013447703793,0.0004934426979161
Q9NHB0_Q9VTW6,0.0021953,0.012969,0.015863,0.004224001429975033,0.0003645400574896,0.3098044395446777
P03896_Q9XYF4,0.0021796,0.012954,0.015878,0.04487086087465286,0.0002496030065231,0.0487503670156002
Q8SYK5_Q7KY08,0.0022054,0.012953,0.015932,0.10144758969545364,0.0004529047582764,0.0018040832364931
Q9VCE1_Q9VST2,0.0021855,0.012928,0.015889,0.05632873624563217,0.0031578121706843,0.1100586429238319
Q7K2G1_Q7K306,0.0022125,0.012977,0.017012,0.007986418902873993,0.0121746081858873,0.1671356409788131
P22265_Q9VLI9,0.0021658,0.01292,0.015882,0.08072414249181747,0.0093318652361631,0.0020515283104032
Q08012_Q9NHB0,0.0022566,0.012964,0.015879,0.007604285608977079,0.0020608697086572,0.0046739233657717
Q24276_Q9W402,0.0022383,0.012924,0.015917,0.08960248529911041,0.0003454614197835,0.0008761135395616
Q9W0Q5_Q9VVV9,0.002346,0.012933,0.015941,0.003361609997227788,0.020987581461668,0.001030922983773
O97420_Q8I8V0,0.0022378,0.012963,0.015916,0.10322899371385574,0.0004848254611715,0.00706581864506
Q7JXA8_Q86P80,0.0039045,0.012976,0.01625,0.03276674821972847,0.01655881293118,0.0014296963345259
Q9VVH6_Q95TN8,0.61857,0.013003,0.016193,0.18442943692207336,0.0156836081296205,0.0038175899535417
C0HL67_Q27934,0.0021898,0.012987,0.01625,0.12001155316829681,0.0043390640057623,0.0015939100412651
P18489_P07247,0.0023351,0.012992,0.015945,0.07277407497167587,0.0006003598100505,0.0013699842384085
Q9V461_Q9XYU1,0.086056,0.013079,0.069436,0.1651940941810608,0.0066279107704758,0.0004741739539895
P31009_Q9W1A3,0.0021926,0.012937,0.015957,0.005198779981583357,0.0007610219181515,0.0149839622899889
P23757_Q9VPU9,0.0087453,0.013007,0.015996,0.6094492077827454,0.0039063277654349,0.0232414156198501
Q9VVJ6_P23573,0.0021983,0.012993,0.016204,0.10713692754507065,0.0012105873320251,0.0030663846991956
Q9VZV5_Q9VB14,0.002196,0.012984,0.016126,0.27684611082077026,0.0004268402990419,0.0860313102602958
Q24338_Q9VGC7,0.0022453,0.013078,0.017263,0.1375824213027954,0.1818793267011642,0.1434869319200515
Q9VFL4_R9PY49,0.53995,0.67388,0.015926,0.4828519821166992,0.001138275489211,0.9289442300796508
E1JGN7_Q9VI60,0.0021768,0.01294,0.015917,0.08941672742366791,0.0023781135678291,0.0052870032377541
P41094_Q9VJI9,0.002248,0.013045,0.017933,0.10381115972995758,0.0003341253323014,0.0004903334192931
Q9VLU0_A8JNK7,0.0021785,0.012979,0.015893,0.014385201036930084,0.0031771059148013,0.4488358795642853
Q08605_O18333,0.0021901,0.013166,0.017679,0.33928224444389343,0.0014475259231403,0.0002754597226157
Q9W0Q5_P25008,0.0021997,0.012936,0.01591,0.11939599364995956,0.996798574924469,0.0013723843730986
P25008_Q9VLV5,0.0023686,0.01295,0.015892,0.03399745747447014,0.0002202377218054,0.0024323957040905
Q9VUR3_P92177,0.002187,0.013441,0.017277,0.0632503405213356,0.0015014366945251,0.0007548529538325
Q9W418_P43332,0.0031239,0.017764,0.017185,0.015259522013366222,0.0005604612524621,0.0074418112635612
P49630_P92204,0.002199,0.012937,0.024426,0.033416181802749634,0.1212104707956314,0.0037633089814335
O97418_Q9XTN4,0.0021785,0.012928,0.015938,0.0063790930435061455,0.0021856396924704,0.0001979409717023
Q9VR09_Q9W5N2,0.0022518,0.012923,0.015889,0.3273876905441284,0.0010687918402254,0.0028070975095033
Q9VW53_Q9VA32,0.0022055,0.012944,0.015937,0.20614376664161682,0.0002512991486582,0.0007309702923521
P31007_Q9VEV9,0.049408,0.012978,0.01606,0.014946341514587402,0.0039679706096649,0.009365901350975
Q9VA51_Q9V452,0.0021893,0.012951,0.015915,0.4425009787082672,0.5177695155143738,0.6385208368301392
Q9VA32_P55035,0.003118,0.013034,0.019505,0.06102767214179039,0.000612175266724,0.0026188218034803
Q9VZJ3_Q9VVI3,0.042116,0.012961,0.01602,0.18096880614757538,0.0004294540558476,0.000341314531397
Q9U6B8_P11420,0.0038321,0.012991,0.016385,0.4017001688480377,0.0012528849765658,0.0098270764574408
P09081_Q7KTX7,0.0022413,0.013238,0.015944,0.01753232628107071,0.0360544919967651,0.0006086395005695
O02193_P84040,0.0040827,0.013002,0.16383,0.19405023753643036,0.014830875210464,0.0003721549001056
Q9VGV7_Q9VZF2,0.0021829,0.012949,0.015893,0.14996416866779327,0.0008761402568779,0.0002272865967825
Q9VSN0_Q7JVK6,0.0022233,0.012931,0.015898,0.0021400677505880594,0.0004867179959546,0.9743298888206482
Q8MUJ1_P07247,0.0022096,0.012948,0.016113,0.00949336402118206,0.0002938492398243,0.0151121225208044
Q9W087_Q9XZT6,0.0022135,0.013004,0.015903,0.17275699973106384,0.0002035030338447,0.0259200111031532
Q2PE14_P02574,0.0021839,0.013086,0.021196,0.19274017214775085,0.0043247682042419,0.029585288837552
Q9VNE4_Q9VCV3,0.0023565,0.013042,0.015924,0.06199017912149429,0.0370704196393489,0.0030465745367109
P21461_A8JR10,0.0021804,0.013066,0.015926,0.01605180837213993,0.0015193361323326,0.2257757782936096
P40688_Q9VLB2,0.77481,0.89448,0.016091,0.39001551270484924,0.1005439162254333,0.0002261504268972
A1Z9S1_Q9VQF9,0.019784,0.24081,0.016302,0.025482531636953354,0.9989123344421388,0.0117724491283297
Q9VVA7_Q9VGY3,0.0022636,0.012951,0.015895,0.04738466814160347,0.0005736081511713,0.0027665221132338
Q9VM46_P41093,0.0021936,0.012997,0.015967,0.14303746819496155,0.0006440590368583,0.0005864346749149
C7DZL4_P50882,0.0022155,0.013019,0.015923,0.03875628113746643,0.0009080020827241,0.0012286771088838
X2J8N3_P40688,0.0021976,0.012936,0.015974,0.030057696625590324,0.0025940926279872,0.4818874895572662
Q9W2A5_Q7JYH3,0.0022055,0.012997,0.01588,0.04605530574917793,0.0003442246816121,0.0009521595784462
Q7K159_X2J8N3,0.0021829,0.012925,0.015962,0.18149086833000183,0.0005554259405471,0.0003809954214375
Q9VZU2_O76878,0.0021873,0.012973,0.01596,0.047952018678188324,0.0003441300068516,0.1383186876773834
A1ZAZ6_O76922,0.0022281,0.012915,0.015942,0.061792682856321335,0.0062102619558572,0.9500225782394408
P42287_Q9Y0S9,0.0022442,0.013018,0.015895,0.2686176896095276,0.0005880045937374,0.0012905814219266
Q9VMN6_Q9W3Q0,0.0022025,0.013537,0.015983,0.41862571239471436,0.0009143187780864,0.0004107138083782
Q9VES8_Q24039,0.0021798,0.012921,0.015925,0.0324195995926857,0.0030856276862323,0.0001949664438143
M9PF17_P18932,0.002185,0.013364,0.016088,0.27673953771591187,0.0003824954910669,0.0029369017574936
Q7KVG9_Q9W279,0.0022437,0.012956,0.016056,0.4253450036048889,0.0019070946145802,0.0265035852789878
Q9VTM0_A0A0B4KFZ9,0.0022422,0.012964,0.015991,0.37674254179000854,0.0015573195414617,0.0017643949249759
O17445_Q9VUG4,0.0021868,0.012922,0.015903,0.1867455244064331,0.0018482165178284,0.0602872557938098
Q9VP78_Q9VVY4,0.002189,0.012939,0.015907,0.046303678303956985,0.0058122859336435,0.0006723723490722
Q9VXZ0_Q9VL93,0.0021883,0.012945,0.015999,0.32984426617622375,0.0029708759393543,0.00037699873792
Q9VNE9_Q9VQI4,0.0021938,0.012913,0.015945,0.3477047383785248,0.0004655511584132,0.0136603880673646
Q9VQI4_P17789,0.0022108,0.012933,0.016037,0.18429170548915863,0.0009149627294391,0.9852907657623292
P02835_P23758,0.047319,0.013019,0.016151,0.1799394190311432,0.0030804865527898,0.0502564199268817
E1JIM1_Q9VEX5,0.012139,0.012949,0.015997,0.1565074920654297,0.0378231182694435,0.5711332559585571
P52485_Q9VI72,0.0021823,0.01304,0.015918,0.31278547644615173,0.0014479608507826,0.0020799229387193
Q8IMZ4_Q9V3B4,0.0021823,0.012918,0.015882,0.04492645710706711,0.0078568551689386,0.0006440596189349
Q9V9N4_Q95TN8,0.021881,0.012995,0.016433,0.006668154150247574,0.280438631772995,0.0009990603430196
Q7JWS8_Q8IRI5,0.0025905,0.015548,0.01654,0.21804948151111603,0.9888473749160768,0.0001754276454448
P09081_Q9VEX9,0.0021875,0.01292,0.015894,0.43178310990333557,0.9972646236419678,0.0099722137674689
A1Z933_A1ZBY3,0.0021794,0.012943,0.015876,0.18384233117103577,0.0003572384011931,0.0005783786182291
Q9VVH6_P54359,0.89469,0.18862,0.016027,0.016814056783914566,0.0480156876146793,0.0287090875208377
Q9VPP7_P29555,0.0022082,0.012926,0.015902,0.023317353799939156,0.0030564968474209,0.0011652591638267
A1ZAK9_O02193,0.0041219,0.012961,0.016044,0.15906482934951782,0.002749114530161,0.0017753805732354
Q9W2P5_Q9V3Z4,0.0021998,0.01306,0.015888,0.0564352385699749,0.0003797243407461,0.0074882246553897
Q94524_Q9VH45,0.0021826,0.012919,0.015891,0.04383338615298271,0.9989921450614928,0.0021001065615564
Q27889_Q9V9W8,0.0023745,0.013132,0.016446,0.12378864735364914,0.6147900819778442,0.0134327709674835
O45030_Q9W2K3,0.0029102,0.012916,0.015968,0.01360535342246294,0.0070778126828372,0.1189644560217857
Q9VW53_Q9VN06,0.0022039,0.012932,0.015889,0.2980482876300812,0.0002274934231536,0.0041989949531853
P10084_Q7K4Z4,0.0182,0.012976,0.018491,0.13583965599536896,0.0070943119935691,0.0110535630956292
Q9W4M8_Q8SZX5,0.0022457,0.012943,0.015904,0.09797491133213043,0.0006758354138582,0.239271879196167
P24350_P09087,0.50218,0.013195,0.016398,0.03739210218191147,0.067590057849884,0.0029737583827227
Q6NN40_Q8SX32,0.0048241,0.017043,0.022354,0.10130739212036133,0.9988285899162292,0.9594589471817015
X2JDZ1_Q9VEN2,0.016647,0.012941,0.016909,0.022654687985777855,0.0064938603900372,0.000360240926966
P48609_Q9VUZ1,0.0021894,0.012979,0.015917,0.03393006697297096,0.0002566599287092,0.795621931552887
P40793_Q9VKD6,0.002212,0.012996,0.01594,0.5191248059272766,0.0052997954189777,0.0008471846231259
Q9VMU0_Q9VJY6,0.0023317,0.013065,0.017247,0.043297767639160156,0.0024474952369928,0.0002095787349389
Q9VB14_P20353,0.0022227,0.012948,0.016306,0.020055675879120827,0.0003675482294056,0.0009186941315419
Q9W0Q5_Q9VR38,0.0023482,0.012931,0.016313,0.1621558517217636,0.1599565595388412,0.3143938481807709
Q9VN06_M9NF10,0.0022038,0.012938,0.01588,0.06438381969928741,0.0007455688319168,0.0009269344154745
P54611_Q7K2G1,0.0021845,0.013023,0.015906,0.15030819177627563,0.0003055032575502,0.0138819329440593
P30052_Q9VXZ0,0.002201,0.012925,0.015952,0.3020118176937103,0.0052845133468508,0.4927157461643219
Q9VDE3_Q7JWR4,0.0021911,0.012946,0.015948,0.03999730944633484,0.0002792828017845,0.0021644630469381
Q9V3L7_Q9VKI2,0.0022352,0.013097,0.018554,0.22457477450370789,0.00226068822667,0.9928513765335084
Q9VWD5_Q9VYW2,0.0022098,0.012944,0.015918,0.022672874853014946,0.0013965918915346,0.0075157573446631
Q8T390_Q7KSQ2,0.0021996,0.012963,0.028987,0.3613016605377197,0.0011549922637641,0.0006760315736755
Q9VX36_P49028,0.002185,0.012954,0.015901,0.024521799758076668,0.0084855519235134,0.0001646134041948
Q7KA43_C7DZL9,0.0022582,0.013096,0.015856,0.08305346220731735,0.000199402027647,0.0056053912267088
Q06453_Q9VVL6,0.16308,0.013051,0.01733,0.253217875957489,0.0011861297534778,0.0013730772770941
Q9VES8_Q9W148,0.0021774,0.012921,0.016026,0.09061107784509659,0.0015932900132611,0.0914589241147041
P50882_Q24564,0.0022037,0.01295,0.015907,0.17385663092136383,0.0002705359074752,0.0003422807203605
Q9NFZ3_Q9VH45,0.0022272,0.012929,0.015892,0.15971483290195465,0.0103220762684941,0.0137452231720089
Q9XZ31_Q95SG9,0.0021734,0.012939,0.016016,0.010552619583904743,0.0261432845145463,0.0323632843792438
Q9VXP1_Q9VHG6,0.002304,0.013081,0.015945,0.008832944557070732,0.0005397854256443,0.0052455849945545
Q9VCI7_Q7KSQ2,0.032365,0.012973,0.01629,0.0031656629871577024,0.0011393359163776,0.004040302708745
A1ZBK7_Q8IPC3,0.0021773,0.01294,0.015888,0.2782967984676361,0.0005000411765649,0.0051303836517035
P81909_P16568,0.0022673,0.012963,0.015893,0.5432952046394348,0.0005476517253555,0.0035199830308556
Q7KJ69_Q9VF10,0.0021733,0.012919,0.015879,0.18910902738571167,0.0098567092791199,0.0009131408296525
Q9V428_P48554,0.0022422,0.01381,0.017431,0.07983877509832382,0.0153959961608052,0.0002496484667062
Q8T3U2_Q9W029,0.0022153,0.012929,0.015882,0.5385224223136902,0.0002143362653441,0.000503892195411
O77430_A1Z6E0,0.0021894,0.012952,0.015884,0.008029347285628319,0.9973479509353638,0.0006366500165313
A1ZAZ6_Q9VV44,0.0021975,0.012953,0.015926,0.28311195969581604,0.0005402720998972,0.9806035161018372
Q9W0I6_Q9VNE1,0.0021758,0.012918,0.015933,0.17825214564800262,0.0006545035284943,0.0025542923249304
Q9VHM5_P49071,0.0022119,0.012966,0.016354,0.2246687263250351,0.0103383101522922,0.0030091255903244
P35128_Q9VGC7,0.0021806,0.013011,0.015903,0.042871251702308655,0.0010289022466167,0.0003975341678597
Q9VJQ5_Q8IMZ4,0.0021946,0.012958,0.015924,0.05741347372531891,0.0021760934032499,0.0068795112892985
Q9VJM1_P08646,0.35535,0.013359,0.015866,0.15352320671081543,0.0003405966854188,0.0058730673044919
O76922_Q9VUG4,0.0022084,0.012936,0.015922,0.009575421921908855,0.0107151521369814,0.0006439344142563
P09052_Q9VTC4,0.0021876,0.01401,0.015924,0.28313446044921875,0.0015101294266059,0.0230488087981939
Q9VM64_O76927,0.002187,0.012957,0.015877,0.03270580619573593,0.0053140218369662,0.000294182827929
Q9VE96_P17210,0.0024721,0.013251,0.016109,0.15816327929496765,0.0155686875805258,0.0178257152438163
Q7JWS8_P02836,0.0025848,0.013075,0.016795,0.042928654700517654,0.0008325037197209,0.0026383306831121
P56544_Q9W1B9,0.0096819,0.01296,0.016057,0.19208204746246338,0.0004544012481346,0.0005207383655942
Q9NHP1_O44437,0.0022334,0.013151,0.016282,0.19285234808921814,0.0006538919406011,0.0189961586147546
Q9VMN9_Q7KA43,0.0022475,0.0131,0.015958,0.009333237074315548,0.0004079179198015,0.0087998770177364
A1ZAZ6_A8DYC4,0.0022062,0.012918,0.01589,0.04208068177103996,0.0004068700945936,0.0095261828973889
P02835_P29844,0.0023292,0.013105,0.015953,0.09125501662492752,0.0008273886051028,0.0007291940273717
P29310_Q9W4I7,0.0021907,0.013411,0.01668,0.04953201487660408,0.9975097179412842,0.0673048570752143
Q95RV3_O45030,0.0028683,0.01292,0.015959,0.015614092350006104,0.0059638838283717,0.0022075821179896
Q9VQK1_Q8IPC3,0.0021917,0.012929,0.015942,0.13310712575912476,0.0141495671123266,0.0005294716684147
Q7K0E6_Q9VCZ8,0.0021897,0.012935,0.015889,0.14070065319538116,0.000427874882007,0.6414064764976501
Q0E9B7_Q9W115,0.019807,0.01296,0.015967,0.11709697544574738,0.0595189593732357,0.0782833397388458
Q9VXA5_Q9VCG6,0.0021971,0.012969,0.01591,0.29967984557151794,0.0004989589797332,0.8890362977981567
Q9VGY3_Q9XZ56,0.0022386,0.012926,0.015953,0.07220081239938736,0.000882446533069,0.0004511345177888
Q9U8R4_Q94517,0.0021794,0.013017,0.015911,0.12117449939250946,0.0007344423211179,0.0002138728450518
Q9VVA7_P19889,0.0022323,0.01297,0.015912,0.28348401188850403,0.000221735186642,0.000337370991474
Q9W3Q0_Q7JXB9,0.0021894,0.012952,0.01596,0.1463695913553238,0.0002634288975968,0.0010587373981252
Q9VBH7_Q9VF10,0.0021738,0.012956,0.015926,0.28502652049064636,0.0006850704085081,0.0007885182858444
Q86B87_Q8T4F2,0.0021888,0.01298,0.015894,0.1028807982802391,0.0020268904045224,0.979961633682251
Q9VTE5_Q9VSY9,0.0021819,0.012952,0.015931,0.03871379420161247,0.0004945046966895,0.0002439537784084
Q9VS59_Q27368,0.0029352,0.012962,0.015912,0.033513378351926804,0.0253868047147989,0.0017046127468347
P36188_P47948,0.0022784,0.013088,0.015942,0.04652561992406845,0.0653314664959907,0.0009899964788928
Q24133_Q9VUR1,0.0021793,0.012948,0.015916,0.07207920402288437,0.0003177585895173,0.9780619144439696
P16371_Q9VUI0,0.13391,0.012961,0.016589,0.03842133283615112,0.0171528905630111,0.0013066541869193
Q9VBH8_P54359,0.0021809,0.013545,0.034261,0.1546405702829361,0.0003235166659578,0.0040654046460986
P83094_Q9VSY8,0.002231,0.012934,0.015881,0.0607939213514328,0.0011949058389291,0.0261139962822198
Q9W3Z4_Q9V3H2,0.0028441,0.013095,0.016057,0.15153153240680695,0.0014311819104477,0.0002484720898792
Q8T3U2_Q9W4S7,0.0021715,0.01295,0.016345,0.04200402647256851,0.0004517177585512,0.0070215300656855
P48588_Q9VBP9,0.0021906,0.012943,0.015967,0.20292672514915466,0.0006406048196367,0.0005544630112126
Q9VPX6_P08044,0.0038609,0.012994,0.015985,0.046434566378593445,0.0030404226854443,0.0005862997495569
Q9VPX6_Q23973,0.0027172,0.012937,0.015938,0.015799004584550858,0.0031637784559279,0.0011043304111808
Q9VCV3_Q01070,0.0024615,0.013076,0.015968,0.028991196304559708,0.0007153479382395,0.0013020545011386
P25158_Q8I7C3,0.0030983,0.012947,0.015993,0.31073063611984253,0.0036368106957525,0.0008028398733586
Q961D1_Q7K2L1,0.0021893,0.013016,0.016125,0.017542317509651184,0.0003422715526539,0.0002932145725935
Q9VAP2_P12881,0.0021917,0.012929,0.015885,0.009396166540682316,0.0027963132597506,0.0036632472183555
Q9VYX7_Q24318,0.0021733,0.012947,0.015878,0.07124792784452438,0.0003161706263199,0.000660995952785
Q24338_Q8IMX1,0.0022026,0.013864,0.016168,0.04563984274864197,0.0332447402179241,0.0013480321504175
Q9VKW8_Q9VG03,0.0021886,0.012953,0.015957,0.11952769756317139,0.0004014031728729,0.9799965620040894
A1Z9I5_Q9VZF5,0.65033,0.5868,0.016114,0.08142014592885971,0.0011113901855424,0.0002928728645201
E1NZB4_M9PF96,0.0022205,0.013006,0.016126,0.3521685302257538,0.0008624565089121,0.977629780769348
P18931_Q7K4N3,0.0021665,0.013034,0.015859,0.15039187669754028,0.0002786285476759,0.0148239796981215
A1A6X4_E1JJI1,0.0021752,0.012974,0.01974,0.16449196636676788,0.00047499028733,0.0066928509622812
Q95SG9_Q95TY2,0.0021756,0.012937,0.016001,0.02127697505056858,0.0234598126262426,0.0001922229275805
Q9VX37_P48598,0.0021946,0.012933,0.015905,0.17814263701438904,0.0094154253602027,0.0572980567812919
Q9V637_Q9VAP2,0.18231,0.012934,0.015985,0.053593482822179794,0.0147570529952645,0.0079569835215806
Q9VXX0_Q9W087,0.0024655,0.013018,0.015889,0.021272866055369377,0.0011110033374279,0.0079750064760446
P13677_Q9VHB6,0.0021883,0.012959,0.015936,0.06988228112459183,0.0014451142633333,0.001989813754335
Q9W3H5_Q9VQS4,0.0085162,0.013038,0.015902,0.3502536416053772,0.0110148955136537,0.0108997421339154
Q9VJE4_P02572,0.0021909,0.01418,0.017222,0.026249540969729424,0.0002376976044615,0.0435045398771762
Q9VDD1_P06602,0.0022042,0.012977,0.015979,0.10539546608924866,0.0005717945750802,0.001913490705192
Q9VKW8_Q9VSY8,0.0021813,0.012949,0.015938,0.04391366243362427,0.0001974830520339,0.0029721602331846
Q9VYX1_Q9VJY9,0.0021782,0.012933,0.015891,0.5518608093261719,0.6721792817115784,0.9640961289405824
Q9W402_M9PBM3,0.0022478,0.012933,0.015915,0.11965727806091309,0.0002858565130736,0.1351680308580398
Q9VDH8_Q9VM20,0.0032331,0.012979,0.017166,0.01879863068461418,0.0018806071020662,0.0002039986138697
Q9VTT2_O76878,0.0053802,0.01311,0.016329,0.10102654993534088,0.0139569118618965,0.001348266378045
P13677_Q9VVH8,0.0021957,0.012989,0.01639,0.15051807463169098,0.0119349500164389,0.0020690378732979
P43332_Q9W482,0.002183,0.012929,0.015898,0.11319276690483093,0.0076078060083091,0.0020376346074044
P07548_Q9W1K4,0.032458,0.012985,0.016441,0.35648420453071594,0.0129886819049716,0.0144196078181266
Q9VXZ0_Q9VAF3,0.0021873,0.012926,0.01629,0.1882263571023941,0.0047305999323725,0.0801980346441268
Q9VJE4_O77430,0.0021838,0.013011,0.015914,0.209156334400177,0.0002084688458126,0.0036876637022942
Q9VXX0_Q24040,0.0021939,0.012922,0.015903,0.12476200610399246,0.0037188597489148,0.0601810812950134
P29844_A8DYC4,0.0023236,0.013189,0.66115,0.3365478813648224,0.6552277207374573,0.0004778948496095
P24350_P20240,0.03776,0.013167,0.015923,0.16708609461784363,0.0006375736556947,0.0160292461514472
Q9VMV7_Q9VUR1,0.0021871,0.012975,0.015958,0.05153566971421242,0.0005061530391685,0.0212634149938821
B6VQA0_Q9VF77,0.0022093,0.012918,0.015914,0.04259501025080681,0.0007928567938506,0.0306647215038537
P81909_P22265,0.0021721,0.012929,0.015885,0.13363529741764069,0.000662681646645,0.0033002598211169
Q9V3G1_Q7JZC9,0.0021926,0.012954,0.015902,0.10581191629171371,0.0005742361536249,0.0066172862425446
O62530_O97111,0.0021819,0.012926,0.015913,0.04073093459010124,0.0005951576749794,0.0001974273327505
Q9VSY8_E1JHY7,0.0021903,0.013387,0.018251,0.03071863017976284,0.001245763269253,0.0036438014358282
P52485_Q9V464,0.0021878,0.013071,0.01594,0.24559161067008972,0.0010217670351266,0.7758122682571411
P29829_Q9NFZ3,0.0022337,0.013005,0.015976,0.20077991485595703,0.053633939474821,0.000523088441696
P19018_Q0KHZ6,0.0021853,0.012952,0.015964,0.1558755785226822,0.0002882242260966,0.0027424516156315
P22816_Q9VWD9,0.0023442,0.013102,0.01594,0.2641679048538208,0.0016151284798979,0.0004253104561939
Q9VVU2_Q9VVX0,0.0021812,0.012926,0.015884,0.6221381425857544,0.0005574952228926,0.0062571908347308
Q7KA43_A8JR10,0.0021897,0.013049,0.015905,0.2926744818687439,0.0010405449429526,0.0080694686621427
Q8INQ9_Q9VA91,0.0021745,0.012991,0.015887,0.27823150157928467,0.0002797830384224,0.0018676450708881
Q9Y0Z9_Q0KI69,0.0028683,0.012985,0.015973,0.02041214145720005,0.0136688072234392,0.8103089332580566
Q0E9B7_Q9VA91,0.0021718,0.012927,0.015898,0.32735371589660645,0.0012843228178098,0.0011005953419953
O46339_P19018,0.4706,0.013097,0.026968,0.020824695006012917,0.9979422688484192,0.0024742572568356
P13098_Q9W0S8,0.0022871,0.012983,0.015961,0.09785114228725433,0.0012750055175274,0.0083860028535127
P17704_Q9V3E9,0.0021805,0.013012,0.015984,0.0035228142514824867,0.0189250018447637,0.9696783423423768
P05709_Q7KTX7,0.0021972,0.013124,0.015939,0.04157750681042671,0.0003738143132068,0.0003709116426762
Q9V3Z1_P40792,0.0026271,0.014693,0.02179,0.04276636987924576,0.0653320178389549,0.0003637148474808
M9PJE4_Q9VCZ7,0.0025709,0.013085,0.015919,0.08434413373470306,0.0111616775393486,0.0006230945582501
P08182_Q9W402,0.0022383,0.012943,0.015912,0.14141985774040222,0.0005208528018556,0.0041755782440304
P25867_Q08605,0.0021765,0.01308,0.015888,0.19609753787517548,0.0005679354071617,0.0135248554870486
A1ZAH8_P18932,0.0022256,0.01301,0.015927,0.08547164499759674,0.0005384237156249,0.0008636637357994
Q24570_Q7KRW1,0.0022218,0.01315,0.016158,0.015440143644809723,0.0056798043660819,0.0023238388821482
Q9VJ83_P13677,0.0022817,0.012986,0.016061,0.172857865691185,0.0007600460667163,0.0006599350017495
A0A0B7P9G0_Q7KS77,0.026341,0.013033,0.015989,0.018766185268759727,0.0007600786630064,0.0009510348318144
M9PHN7_Q9VJY9,0.018411,0.013015,0.015932,0.00518359150737524,0.0024972872342914,0.0010539788054302
P42287_A1ZAS3,0.0022166,0.013038,0.015942,0.018037624657154083,0.0003737296792678,0.7434677481651306
P02572_Q9VPX6,0.0022002,0.013251,0.016136,0.014931359328329563,0.0063983048312366,0.0062318206764757
Q9VKW3_Q9W1Y1,0.0021851,0.012939,0.015889,0.7063742280006409,0.0003658265632111,0.0033305236138403
Q9VWX1_Q9VPX6,0.0028494,0.01293,0.015936,0.07003176957368851,0.0029611797071993,0.0025966020766645
Q9VQD7_Q9VQS4,0.0021817,0.012944,0.015876,0.09263497591018677,0.0019954808522015,0.0006423000595532
Q9VST2_Q9VX94,0.088146,0.013001,0.015928,0.2006956785917282,0.0246140677481889,0.0022001340985298
Q9I7H8_O96880,0.029626,0.01292,0.016166,0.13714344799518585,0.0009155923617072,0.0002405449340585
P92177_P84040,0.0022311,0.01323,0.016199,0.0989885926246643,0.0023201582953333,0.0004813061968889
P36179_Q9VZV5,0.0021863,0.01625,0.015922,0.07147261500358582,0.0063675944693386,0.0112211313098669
Q9VFL4_Q95RR8,0.0021787,0.013146,0.015901,0.12490145862102509,0.0033113225363194,0.1039322614669799
Q02637_Q7K0E6,0.0021809,0.012981,0.016029,0.01393924281001091,0.0002928966132458,0.0105012087151408
Q59DX6_Q9VJZ4,0.0021947,0.012927,0.015952,0.037176020443439484,0.0003786985762417,0.0011960018891841
P18931_Q9VUY2,0.002183,0.012969,0.015905,0.04499392956495285,0.0002469409955665,0.0050549902953207
P20353_A1ZBP6,0.0022005,0.013137,0.015915,0.006025329232215881,0.0021697825286537,0.0010648596799001
P18489_Q9VHE3,0.010011,0.013038,0.015913,0.4757571518421173,0.0452138110995292,0.0011275460710749
P18930_Q24297,0.0022174,0.012983,0.015887,0.46002140641212463,0.0002639178419485,0.9412263035774232
Q8IMX1_P09077,0.0021853,0.013023,0.015953,0.15899354219436646,0.0023810181301087,0.3674076199531555
P22711_Q9VBC5,0.57811,0.013554,0.016336,0.036224666982889175,0.0172088406980037,0.0048872441984713
Q9VKK9_Q9W2A5,0.0054017,0.013042,0.017458,0.06184259057044983,0.0134188951924443,0.0002750149578787
Q0E9B7_O16797,0.0021915,0.012928,0.015947,0.49363940954208374,0.0005381987430155,0.0002634449629113
M9PBY4_Q9VQD8,0.0022573,0.012945,0.015879,0.03643808141350746,0.0137249594554305,0.000215856169234
P20353_P26308,0.0023557,0.0484,0.018187,0.6122593283653259,0.0077769295312464,0.8191070556640625
Q9VPE2_P24350,0.0022646,0.013116,0.015948,0.12219009548425674,0.0005620248848572,0.0025054800789803
Q7PL91_P48612,0.0022092,0.01302,0.015887,0.2826303243637085,0.0002811161975841,0.0005754922749474
Q94517_Q9VHB7,0.0021923,0.012978,0.015979,0.7404744029045105,0.003868784289807,0.0768986642360687
P08928_Q9W4S7,0.46585,0.55331,0.016604,0.30380529165267944,0.0109413359314203,0.7338280081748962
P55035_Q7K306,0.0022825,0.012982,0.016033,0.09929993748664856,0.0117614809423685,0.0305130332708358
Q9VSE9_Q9W3E1,0.00231,0.014032,0.016075,0.012486583553254604,0.0004969150177203,0.9788970947265624
O97418_P02572,0.0022026,0.013163,0.016793,0.2767932713031769,0.000908633810468,0.0214370004832744
Q8SX32_Q9VMH2,0.0022001,0.012974,0.01591,0.13262449204921722,0.0023710345849394,0.0288845319300889
Q9VGW6_Q24246,0.0022136,0.013042,0.016506,0.009207124821841717,0.0029336251318454,0.9887937903404236
Q9VAR6_Q8SYU5,0.0021974,0.012941,0.015981,0.235478475689888,0.0029608011245727,0.0025795113760977
A1Z9I6_Q9VJZ4,0.0021851,0.01302,0.015932,0.41870778799057007,0.0017914472846314,0.0013910625129938
Q95SG9_Q9XZT6,0.0021843,0.012945,0.016001,0.25146496295928955,0.004674382507801,0.0006720293313264
P84051_Q03017,0.0045042,0.013012,0.018868,0.230547234416008,0.0096633415669202,0.9609500765800476
P50887_O62530,0.002185,0.012947,0.015899,0.15806230902671814,0.0007786630303598,0.0209325067698955
P50536_Q8IPC3,0.0021931,0.012922,0.016021,0.32607656717300415,0.0052611143328249,0.0004160201060585
Q9V9Y9_Q9VMU4,0.0021969,0.012945,0.017077,0.21669836342334747,0.0034130187705159,0.9869027137756348
Q9VYG2_Q95RJ9,0.0022036,0.013257,0.020346,0.08677401393651962,0.0037669078446924,0.0013147759018465
P31007_O97143,0.0025794,0.012969,0.021415,0.0676097422838211,0.0039254534058272,0.0030413609929382
P49258_Q7KUL3,0.0021909,0.01301,0.01589,0.17159029841423035,0.001487223431468,0.0167455282062292
Q7JXA8_Q9VUG4,0.0023258,0.012932,0.015923,0.06969362497329712,0.1159341037273407,0.001386523945257
Q9VW53_Q9VKF0,0.0021785,0.012928,0.015892,0.04685833305120468,0.0002528150798752,0.0113941375166177
P48462_Q9VSN0,0.0022029,0.013048,0.016029,0.07562199234962463,0.0110164061188697,0.020485796034336
Q24547_Q9VUQ1,0.0089378,0.013997,0.015916,0.3530368506908417,0.9982081651687622,0.000164802186191
Q9VKW3_Q9VEC5,0.0022179,0.01322,0.015974,0.04589974880218506,0.0002812097663991,0.0306210722774267
Q9VCU6_Q7K3V6,0.0021926,0.013018,0.016013,0.01769859716296196,0.0022854688577353,0.0695441216230392
Q9VKV6_Q9VTZ1,0.0023572,0.012987,0.016578,0.04500032588839531,0.0010932700242847,0.0014590583741664
Q7K306_Q9VVX0,0.00219,0.012985,0.01782,0.03752784803509712,0.0002328139962628,0.170486643910408
Q9VQF9_Q9VJI9,0.0021969,0.013001,0.015891,0.1159471794962883,0.00033090900979,0.0075273588299751
Q9VV44_Q9VBH7,0.0022226,0.013244,0.015963,0.02924405224621296,0.000290357886115,0.0057863653637468
P21461_Q9VFT4,0.0021946,0.013099,0.015939,0.2711341679096222,0.0003073094412684,0.0037541296333074
Q9VEX9_P48598,0.002193,0.013322,0.015886,0.250366747379303,0.0476753152906894,0.0002872780023608
Q9W4S7_Q8I0J6,0.65294,0.013303,0.017685,0.1085808053612709,0.0011883163824677,0.0039564934559166
Q9VTW3_Q9VHB7,0.0031562,0.013022,0.016013,0.3534594178199768,0.0052084731869399,0.0036704631056636
P92204_Q24134,0.002183,0.012948,0.016067,0.2818816006183624,0.0091371992602944,0.925102949142456
P08175_Q9VPT8,0.0022053,0.012967,0.015917,0.11942385882139206,0.0875605791807174,0.0062985722906887
Q9VI00_Q9VJ83,0.002356,0.01295,0.016091,0.2506396174430847,0.0018954806728288,0.0024425396695733
B6VQA0_A1Z9X0,0.0023252,0.012977,0.018146,0.2318219244480133,0.0054252473637461,0.0002985092287417
A0A0B4LGV6_P09081,0.0036822,0.012972,0.016256,0.07328176498413086,0.001537752454169,0.002906440757215
P20240_Q9VE52,0.82043,0.013313,0.016548,0.04840705543756485,0.0188853275030851,0.0023687176872044
D5SHR0_O96881,0.0021793,0.012934,0.015896,0.13736194372177124,0.0007881374331191,0.0004614652716554
P49906_Q01071,0.0022522,0.013038,0.015931,0.05298324301838875,0.0003569428808987,0.4984414577484131
P52304_P11420,0.0023507,0.013096,0.016506,0.2939988076686859,0.0264130719006061,0.0130465580150485
P22464_Q9VD72,0.0021787,0.012918,0.015902,0.02763054519891739,0.0010201286058872,0.0003693235048558
O01382_Q9VWZ1,0.0021914,0.012972,0.015906,0.5073928236961365,0.0005776068428531,0.0113741736859083
Q05652_A0A0B4KEP9,0.0023166,0.01297,0.017494,0.07432340085506439,0.0064621730707585,0.5043583512306213
C0MJ66_Q7KUZ5,0.0022154,0.013005,0.016541,0.33210131525993347,0.9978330731391908,0.7104172110557556
Q9VBI0_Q9V4Q8,0.002179,0.012915,0.015908,0.04352825880050659,0.0169966742396354,0.0007179090171121
P12982_Q9VFT4,0.0022336,0.013143,0.025162,0.23993998765945435,0.0007297202246263,0.0004004236252512
Q0E8N2_P11420,0.0054588,0.013011,0.016232,0.0841338187456131,0.0049481005407869,0.0010825075441971
Q9VA91_Q9VZF2,0.0021908,0.012959,0.01592,0.19409944117069244,0.0025448519736528,0.0028268180321902
Q9VEV9_M9PHL2,0.11749,0.012986,0.016192,0.2961757481098175,0.0006274541374295,0.4509097039699554
Q709R6_Q9VLU0,0.002179,0.012979,0.015891,0.013362809084355831,0.000368656910723,0.8439090847969055
P06602_P29555,0.48735,0.014029,0.017619,0.4771151542663574,0.998734414577484,0.0003191311552654
P49071_Q9VHK6,0.0021924,0.012965,0.015983,0.08604801446199417,0.000228900273214,0.0204860866069793
Q7KSP5_Q95U62,0.0021909,0.012923,0.015897,0.06024792045354843,0.0017966750310733,0.0259602516889572
Q9V3S6_Q0E9B7,0.0023822,0.012936,0.015973,0.02339084818959236,0.0461199469864368,0.0199416447430849
Q9VQY9_Q9W501,0.0021965,0.013025,0.015941,0.03437471389770508,0.0003715424973051,0.0015471662627533
P49847_Q9VFE4,0.0022196,0.012954,0.26111,0.1504640132188797,0.0007858336321078,0.0002670353569556
Q961D1_Q9XZ56,0.0023299,0.012943,0.016098,0.372089684009552,0.001192663447,0.0056965434923768
Q9VV73_Q9W4S7,0.0021963,0.012938,0.015964,0.1938275843858719,0.9873862862586976,0.0015543974004685
Q8MS69_Q27272,0.0021885,0.012923,0.015907,0.004600647836923599,0.0007125651463866,0.0020625060424208
Q23973_Q9W0F8,0.002199,0.012985,0.015919,0.03538881242275238,0.0003045348857995,0.000348398956703
Q9VR38_A8DYC4,0.0021934,0.012922,0.015891,0.06907391548156738,0.0007209537434391,0.032267976552248
Q7KRY6_Q9VS36,0.0063715,0.012969,0.017263,0.4311978816986084,0.0812778174877166,0.0123768066987395
Q09024_Q9VSB6,0.0021964,0.012986,0.015948,0.08359239995479584,0.0003377827524673,0.0001953022729139
Q9VEQ1_P22812,0.0021718,0.013096,0.016104,0.004552330821752548,0.0004666734603233,0.0002025637368205
Q7JYX5_Q9VPU9,0.0021917,0.012944,0.01592,0.07721443474292755,0.0009552030242048,0.0028739569243043
Q9VIF5_Q7KN62,0.0023895,0.012964,0.016051,0.1683172881603241,0.0101050762459635,0.0040698652155697
Q9VKW3_O01382,0.0022175,0.012993,0.015954,0.2756904363632202,0.0005786645342595,0.0015265777474269
Q9W4M8_Q24306,0.0021967,0.01297,0.01589,0.3134496808052063,0.0048776967450976,0.0012682321248576
P54611_P10083,0.010418,0.013074,0.015891,0.23319095373153687,0.0002667900407686,0.0013811239041388
Q9W499_Q9VLB2,0.0024365,0.012993,0.015916,0.09901846945285797,0.0007478223997168,0.5301257967948914
P23023_Q9VAF3,0.0021971,0.012929,0.015995,0.05792064964771271,0.0481991209089756,0.0006422153091989
Q6NN40_Q9VHE3,0.0023203,0.012977,0.015916,0.32132020592689514,0.0084515623748302,0.0164308510720729
Q9U6B8_P18489,0.0023917,0.012985,0.016013,0.17676426470279694,0.0008892017649486,0.973080277442932
P14785_P23572,0.0022979,0.012961,0.016939,0.06374853849411011,0.9942004680633544,0.3783772587776184
Q9VDK2_Q9VCZ7,0.0023907,0.013486,0.015882,0.5911829471588135,0.0058712023310363,0.7216635942459106
E1JH43_Q9VWD5,0.0021837,0.012917,0.015878,0.46650204062461853,0.0012463359162211,0.1703109443187713
Q7K4Z4_P16568,0.0032135,0.013015,0.015931,0.016357211396098137,0.0190090406686067,0.0003637540503405
Q9VDD1_Q9VI55,0.0022375,0.012949,0.016818,0.25793230533599854,0.0013361533638089,0.0038556857034564
P19018_Q95SJ2,0.0026208,0.012965,0.018908,0.42860057950019836,0.0015706628328189,0.9720990061759948
Q7K1V0_P98149,0.14139,0.012977,0.016726,0.17977707087993622,0.998890221118927,0.001584036508575
Q59DX6_Q9V3L8,0.0021995,0.09165,0.097602,0.2093186229467392,0.0040050912648439,0.6602782607078552
P13096_P16371,0.0037809,0.013112,0.01591,0.1865679770708084,0.0074696135707199,0.0001679378619883
Q7JVI3_P13060,0.0021745,0.012963,0.016344,0.12439422309398651,0.0003579430631361,0.0047384668141603
A1Z9X0_O96660,0.0022323,0.012982,0.016496,0.03089858964085579,0.0101330755278468,0.0112031940370798
P05205_P25991,0.0021989,0.013068,0.016144,0.22593554854393005,0.545834481716156,0.0102411992847919
Q9VZF2_Q24246,0.0021918,0.013037,0.017088,0.4077932834625244,0.0009508740040473,0.0008123105508275
P10627_P16554,0.84601,0.013001,0.018174,0.6639273762702942,0.0058066183701157,0.0001491760776843
Q9VWG3_A1ZBK7,0.0022227,0.012951,0.016004,0.25831863284111023,0.0002662965271156,0.2459890395402908
Q24472_Q9VWG3,0.0021855,0.012919,0.015894,0.10753703862428665,0.0061564920470118,0.3099673688411712
Q9VQI4_Q9V3Z4,0.0021891,0.012991,0.015997,0.19459815323352814,0.0011811183067038,0.0089751845225691
P54733_A1ZAS3,0.0028222,0.013007,0.016419,0.23672442138195038,0.0118737583979964,0.8429251313209534
Q4V5A7_Q8IRI5,0.0072722,0.012946,0.015991,0.09837407618761063,0.0042340774089097,0.0005063513526692
P42124_Q9TW27,0.0022076,0.012919,0.016229,0.004435426089912653,0.0116501608863472,0.0020028348080813
P17704_O76922,0.0022009,0.012922,0.015907,0.31357541680336,0.0002788267738651,0.0118204988539218
Q9VUG4_Q9VCI7,0.0022545,0.012937,0.015963,0.31379032135009766,0.0024542054161429,0.0004062234656885
O46036_P10734,0.0064019,0.013069,0.016267,0.019061284139752388,0.0004163456324022,0.0073945890180766
Q7K119_A8JR10,0.0022001,0.012961,0.016016,0.3092121481895447,0.0120362965390086,0.0001971216697711
Q9V393_Q8SYC1,0.0022021,0.012926,0.015944,0.11994236707687378,0.0143065163865685,0.0001721885928418
Q8T0S6_Q95RA8,0.0021868,0.012951,0.015898,0.11483436077833176,0.0028662087861448,0.0164271704852581
P26270_Q9V3H2,0.0021912,0.012924,0.017859,0.04061591252684593,0.9931562542915344,0.0050743520259857
Q9VAQ8_Q7KN62,0.0022137,0.012969,0.016346,0.06905918568372726,0.0005456538056023,0.0054237963631749
A1Z8I0_Q9VJD2,0.0021815,0.012915,0.0159,0.2702682912349701,0.9990466237068176,0.0009697593050077
Q9VU85_Q9W2A5,0.0025492,0.013091,0.01614,0.018078530207276344,0.0262680184096097,0.0006078091100789
Q9VB14_Q9VH07,0.64679,0.01294,0.016217,0.2479008287191391,0.0005392880993895,0.0064052292145788
Q9VGV7_Q9VQF9,0.0022258,0.012937,0.015885,0.008260668255388737,0.0019025845685973,0.0048736645840108
Q9VND8_Q9VYX4,0.0021859,0.013003,0.015918,0.18852300941944122,0.0008897836087271,0.1002364978194236
Q9V3E9_A0A0B4K775,0.024955,0.013255,0.01594,0.00923616997897625,0.0026465128175914,0.0021742067765444
Q24533_P29673,0.0053428,0.013089,0.016259,0.08696921169757843,0.0022871817927807,0.0022984826937317
Q9VSB6_Q9V3Y8,0.0021939,0.01295,0.016013,0.43036821484565735,0.0009328110609203,0.0004102356615476
P82804_P49847,0.0021945,0.013024,0.016253,0.22995322942733765,0.0025898423045873,0.1186098009347915
P39018_Q9VGV7,0.0033515,0.012928,0.016164,0.1456129103899002,0.0119138425216078,0.0088889272883534
Q9W499_Q24210,0.0021994,0.012935,0.015926,0.14747391641139984,0.0003157221071887,0.2549216747283935
P36179_Q9VNE4,0.0022976,0.015818,0.015916,0.5329375863075256,0.0362446717917919,0.9531207084655762
Q8IMZ4_Q9VEQ1,0.0021875,0.013059,0.016945,0.3664730489253998,0.0087437061592936,0.7646036148071289
Q9VS55_Q02637,0.0042,0.01302,0.017764,0.027816981077194214,0.003216762561351,0.0022862441837787
A1ZAW5_Q24472,0.0022141,0.012915,0.015974,0.14028021693229675,0.9974378347396852,0.0638571456074714
Q7K4B4_Q9VKD6,0.021009,0.014291,0.015912,0.06269175559282303,0.985954225063324,0.7416428327560425
O76878_Q9VKF0,0.0022273,0.013076,0.01592,0.4485434591770172,0.0392910651862621,0.003252463415265
Q9VZU2_Q9V3G9,0.0021792,0.01296,0.015904,0.011798662133514881,0.0070405821315944,0.0540069751441478
Q9VDH8_Q9VZU2,0.0021882,0.012995,0.015929,0.2689688205718994,0.0008116308017633,0.0018443922745063
P83094_Q7JZC9,0.0029283,0.013388,0.015895,0.677588701248169,0.0018038917332887,0.0004563522234093
Q9VSM9_Q9VJC7,0.0022148,0.013021,0.015978,0.34437382221221924,0.4257598221302032,0.0002169199287891
P18101_Q9XZS4,0.053266,0.013769,0.72022,0.059090372174978256,0.0005235276184976,0.0384590066969394
Q9VVR2_A0A0B4LGV6,0.0082684,0.012937,0.016434,0.04469449073076248,0.0071841459721326,0.0056187971495091
Q9VR38_P50887,0.0021837,0.013035,0.015909,0.09293035417795181,0.0016030884580686,0.0546469129621982
Q9W4N8_Q24324,0.0022276,0.012956,0.016112,0.4026985168457031,0.0007088464335538,0.002892950316891
Q9V457_A0A0B7P9G0,0.003174,0.01296,0.016193,0.021754415705800056,0.0003176337922923,0.0006136555457487
Q9V9N4_Q9VND8,0.0023142,0.014152,0.016893,0.05133143812417984,0.0015050547663122,0.004816735163331
Q9VHB6_Q9VV74,0.0021979,0.012936,0.015918,0.15956147015094757,0.0004917300539091,0.0840726047754287
Q9VQF9_Q9W4I7,0.0022854,0.012964,0.015898,0.1071673259139061,0.041440974920988,0.7657011151313782
Q24318_P02828,0.0021749,0.012966,0.016761,0.004346449393779039,0.2327838391065597,0.0064647640101611
P29555_Q9VS05,0.7917,0.013752,0.017143,0.20083874464035034,0.998060405254364,0.0140667827799916
Q24560_Q9VBH7,0.0021926,0.013168,0.016125,0.029213452711701393,0.0010642918059602,0.0015228028642013
B7Z0T5_Q27889,0.0023173,0.013032,0.016253,0.0920630469918251,0.0025341890286654,0.0109927933663129
Q9VLT7_Q9V3V9,0.0022179,0.012914,0.015944,0.2577350437641144,0.0007210829644463,0.0002006990980589
Q7K3V6_Q24133,0.0043358,0.01364,0.016412,0.5148214101791382,0.0002440514508634,0.1221385151147842
Q9VVW2_Q9VRT7,0.0021928,0.013155,0.015874,0.22216543555259705,0.0006313521298579,0.9748147130012512
O77260_P52654,0.0022165,0.012966,0.016079,0.09704697877168655,0.0053776619024574,0.8567179441452026
Q8SYU5_B6VQA1,0.0030541,0.012998,0.015965,0.31185299158096313,0.0079553993418812,0.0001733567623887
Q45VV3_P10083,0.024097,0.012981,0.02037,0.3990511894226074,0.0062892283312976,0.0633853673934936
A1Z9I5_Q9VU85,0.040421,0.013051,0.016134,0.33807694911956787,0.0017105508595705,0.4348109662532806
Q9VJI9_P46222,0.0021951,0.013116,0.015989,0.03590763360261917,0.0002707583189476,0.0007413842831738
P42003_Q9VL93,0.002217,0.012939,0.015989,0.23227204382419586,0.036244947463274,0.0337476842105388
Q7JYH3_O61722,0.0022371,0.012939,0.015886,0.11939814686775208,0.0003906461352016,0.1167714372277259
Q06453_Q05825,0.0022677,0.013946,0.015919,0.0372922420501709,0.0002940600097645,0.0058889188803732
Q7KRI2_Q8SWV6,0.0021883,0.012967,0.015898,0.06454270333051682,0.0003855428076349,0.0008410411537624
Q7KUD5_Q0E9B7,0.0021902,0.013045,0.015981,0.029372917488217354,0.0006230687140487,0.0019242687849327
P22265_Q9VF27,0.0021959,0.01294,0.015903,0.08104877918958664,0.0027998322620987,0.0003783741558436
Q9XZ58_Q24087,0.002171,0.012916,0.015919,0.16368287801742554,0.0019514210289344,0.0002406240673735
Q24423_P22464,0.0021783,0.012928,0.01587,0.2626746594905853,0.0040327343158423,0.0011480296961963
Q9VF82_Q9VQK1,0.0021811,0.012919,0.01588,0.06501061469316483,0.0018457948463037,0.0175537355244159
O77237_Q9VS38,0.0021862,0.012917,0.015913,0.014376315288245678,0.0005779512575827,0.0002751295396592
Q7K4N3_Q24562,0.0021741,0.012995,0.018991,0.24975955486297607,0.0201622918248176,0.2892259657382965
Q24154_Q9VUR3,0.0021871,0.012937,0.015891,0.009057233110070229,0.0119290528818964,0.0004797220753971
Q9VQI4_Q9VTM0,0.0023421,0.012928,0.015933,0.1839764416217804,0.0068137729540467,0.9846856594085692
P50536_P53034,0.002187,0.012936,0.015897,0.019704297184944153,0.0011812419397756,0.0834358111023902
Q8SZ16_Q27324,0.0021865,0.012943,0.015913,0.0071416995488107204,0.0002576460246928,0.0015111701795831
Q9W1B9_Q8T0S6,0.0021963,0.012949,0.015926,0.06069502606987953,0.0002407826541457,0.0001989682641578
P92204_P02836,0.0050433,0.012968,0.016264,0.273482084274292,0.0205520335584878,0.0007800236344337
O46036_Q9XTN4,0.0030896,0.013043,0.015976,0.09793839603662491,0.0003544175706338,0.0140836220234632
P83949_Q9VFT4,0.019561,0.013066,0.016024,0.4078826606273651,0.0101539501920342,0.0150323463603854
Q9VAQ8_Q24186,0.0022183,0.012916,0.015915,0.12212777137756348,0.0003467621572781,0.0001812669652281
Q9VPK4_P91641,0.0021789,0.012932,0.015917,0.0034871422685682774,0.0043683983385562,0.0112314205616712
Q8IMZ4_P23792,0.002245,0.012937,0.016206,0.20172512531280518,0.4062972366809845,0.0005433629848994
O76878_Q9W5N2,0.0022029,0.012928,0.015896,0.04630076512694359,0.0039499388076364,0.0189567543566226
P50534_Q9VM81,0.0022054,0.012968,0.020067,0.003943437710404396,0.004558322019875,0.0153721673414111
Q24338_Q9W0I6,0.0022402,0.013034,0.015958,0.39348265528678894,0.0020515818614512,0.0030414520297199
P18932_P07548,0.0021873,0.013058,0.015944,0.027953123673796654,0.000305627065245,0.0002900900435633
Q9VB23_P22769,0.0021686,0.012985,0.015952,0.5820333957672119,0.0004496140172705,0.0002447883307468
P49906_Q9VJQ5,0.013597,0.013018,0.62825,0.12705184519290924,0.9988995790481568,0.000270462653134
Q9VVT5_Q9VAR6,0.0021906,0.012956,0.015881,0.5868183374404907,0.0005814002361148,0.3985109627246856
Q9VMN9_Q9W481,0.0021848,0.013541,0.023217,0.06932995468378067,0.0006933833938091,0.0004819080349989
P08510_P31007,0.0022742,0.012973,0.017255,0.04833970218896866,0.0027983004692941,0.9570876359939576
P06002_Q95SJ2,0.0023077,0.013009,0.016522,0.10792508721351624,0.0005269374232739,0.0439451560378074
Q9VAT0_Q9VPK4,0.2729,0.012947,0.016487,0.312644362449646,0.0020349060650914,0.0003168879484292
Q8ML92_Q9VUY2,0.0021972,0.013028,0.015919,0.05865579843521118,0.0032021028455346,0.0015268835704773
O97102_Q9VGF9,0.0023925,0.013002,0.016492,0.34720760583877563,0.0057228915393352,0.0086269592866301
Q95RV2_O61602,0.028383,0.012935,0.016296,0.07699820399284363,0.9969513416290284,0.0008050891337916
Q9NHP1_Q27889,0.0024728,0.023436,0.020795,0.05757235363125801,0.0736296474933624,0.00111106375698
Q9XZT6_P51140,0.0022157,0.012965,0.01601,0.018265964463353157,0.0006563976057805,0.0116879297420382
A1ZAZ6_Q9U1K1,0.0022234,0.01292,0.01592,0.2308751940727234,0.0043899659067392,0.0056044850498437
Q9VLK1_Q9VAQ8,0.0021777,0.01292,0.016022,0.04600069671869278,0.0005640364834107,0.028776217252016
Q9VM20_Q8IMZ4,0.0084938,0.012993,0.016243,0.003767118789255619,0.0151005238294601,0.0086940862238407
Q9V9Y9_Q9V464,0.0025197,0.013261,0.015957,0.5372852087020874,0.0021173520945012,0.019658850505948
Q95TY2_Q9VX94,0.14052,0.013353,0.016216,0.07793277502059937,0.0132785784080624,0.2676866054534912
Q9W5R8_Q9VJ33,0.0022262,0.013275,0.015906,0.029147213324904442,0.0003453605168033,0.9372498393058776
Q9VTC2_O46036,0.0022138,0.012971,0.015892,0.028264598920941353,0.0002708156534936,0.1585847437381744
P48612_Q01645,0.0021963,0.012915,0.015896,0.1765931397676468,0.0003113558632321,0.0012880518333986
Q9VHV8_P55935,0.0021876,0.012939,0.015916,0.07663334906101227,0.000588672759477,0.0320725254714489
Q59DZ4_P06002,0.0023123,0.014494,0.025544,0.3509353995323181,0.0036320448853075,0.0014842770760878
Q7YU24_Q9VL93,0.0022244,0.012975,0.015929,0.09952645748853683,0.1310430169105529,0.0161580573767423
O18640_Q8IML3,0.00222,0.013011,0.015992,0.5657199025154114,0.0003799968399107,0.3420557975769043
Q7K2G1_Q9VX94,0.0030047,0.012986,0.015947,0.0030728564597666264,0.0085825063288211,0.0765449181199073
P09956_P15357,0.0023882,0.013016,0.01602,0.10189270228147507,0.0007109460420906,0.9867212772369384
P48461_Q9VPU9,0.0021918,0.013045,0.016329,0.003994516097009182,0.0012748761801049,0.000182963674888
Q9W087_Q7JX41,0.0021786,0.012999,0.015897,0.012716462835669518,0.0002479743852745,0.9450341463088988
Q7JYX5_Q9V3K3,0.0022329,0.013195,0.015902,0.019792597740888596,0.0003187708498444,0.1371933668851852
Q24475_P46824,0.0023277,0.013554,0.016402,0.30348488688468933,0.0271646007895469,0.0015962047036737
Q9V8I2_Q9VYW3,0.0021955,0.012951,0.01587,0.035840049386024475,0.0002864416746888,0.005655066575855
O61602_O02002,0.0021778,0.012964,0.01595,0.2594913840293884,0.0018778184894472,0.0003328919992782
Q9VYG2_Q9VMU0,0.0022162,0.012945,0.015921,0.08594121783971786,0.0009449088829569,0.0003665607073344
Q8I0J6_Q9XYU1,0.0023573,0.013194,0.01612,0.5839383006095886,0.0003143306530546,0.0018952677492052
Q8IMX1_Q9VA91,0.0021914,0.012919,0.015884,0.13263483345508575,0.001079651643522,0.0069828741252422
O76927_Q8SXU3,0.0023578,0.012948,0.015937,0.07944059371948242,0.0007619083044119,0.0015150908147916
Q9W501_Q9VCU6,0.0021862,0.012959,0.015968,0.033527128398418427,0.0617947019636631,0.0006576571031473
Q9VZF2_P06002,0.0022993,0.013099,0.015973,0.2912188768386841,0.0008142692968249,0.8249502182006836
Q9W074_Q9VN50,0.0021793,0.012934,0.015992,0.04328674077987671,0.0014169289497658,0.0115447295829653
Q9VTC2_Q9V3V9,0.0022023,0.012922,0.015884,0.10428637266159058,0.0018307961290702,0.000354639836587
A0A0B4JCT9_O97420,0.0022403,0.012965,0.015903,0.5784198045730591,0.0011403962271288,0.000689820270054
P84040_Q9VKD6,0.0022028,0.012943,0.015989,0.2788185775279999,0.0014400396030396,0.01969625800848
Q95TS5_Q9VAR6,0.0021879,0.012948,0.015873,0.20550188422203064,0.0002472298219799,0.1257945597171783
E1JH43_O97143,0.0021842,0.01296,0.015906,0.42771947383880615,0.0011465532006695,0.0025156359188258
Q9VEX5_Q9VWE8,0.0022022,0.013011,0.015945,0.21908749639987946,0.4328819811344147,0.2181667685508728
P29555_P56721,0.22652,0.031302,0.016172,0.17356781661510468,0.9948050379753112,0.0007873534341342
P02844_Q9VIT3,0.0022115,0.01294,0.015891,0.07595313340425491,0.0008241077885031,0.3928120136260986
Q9W418_P22265,0.0021929,0.013002,0.015901,0.0357840359210968,0.0036339992657303,0.016508299857378
Q9W0A8_Q9VAH9,0.0021969,0.013023,0.016488,0.12444085627794266,0.0006469159270636,0.0393888354301452
P98149_A8DYC4,0.0022157,0.013015,0.015983,0.1351565420627594,0.0062272828072309,0.9414272308349608
Q9VJP9_P40791,0.0022024,0.012931,0.015904,0.0958978682756424,0.0007114665932022,0.1912786960601806
Q7JYH3_Q9VD72,0.0022379,0.012927,0.01589,0.04427148774266243,0.0002814428589772,0.0350739546120166
P29310_Q9VCQ7,0.0021931,0.013473,0.023609,0.4368473291397095,0.0062839053571224,0.3059131801128387
Q9VNB9_Q9VP57,0.0021723,0.012962,0.017901,0.06023426353931427,0.0012452637311071,0.0363925918936729
P48461_Q9VZ01,0.0022612,0.013117,0.015915,0.031351931393146515,0.0003471293020993,0.0166771728545427
Q9VF82_Q9VW53,0.0021838,0.012986,0.015873,0.10966070741415024,0.000256257946603,0.2319948226213455
Q9VVT5_Q9VX94,0.026525,0.018136,0.015905,0.06288650631904602,0.0535442382097244,0.0004331689269747
B6VQA1_Q7KN94,0.0022171,0.013075,0.01589,0.00464047584682703,0.0002123005106113,0.9082670211791992
Q9VHB6_Q24152,0.002182,0.012936,0.015892,0.05588165298104286,0.0101848421618342,0.0004191836633253
Q9W1A3_A1Z9S1,0.0021924,0.012941,0.015908,0.05704636126756668,0.0022883345372974,0.0014456529170274
Q7K4Z4_Q9V3H8,0.0021844,0.012936,0.015915,0.053959235548973083,0.0006809397600591,0.0009085727506317
Q9VZV5_Q9VWI4,0.0023349,0.013077,0.1673,0.14031995832920074,0.0172182209789752,0.0035798093304038
Q9V629_P10987,0.002175,0.013041,0.015899,0.05620303004980087,0.0018473212840035,0.6153764128684998
Q0E9B6_P25867,0.0022083,0.012979,0.015878,0.381359726190567,0.0002367792330915,0.00104216998443
Q9VJP9_P25991,0.0022083,0.01306,0.015937,0.26308414340019226,0.0004090994189027,0.2432401627302169
Q8T3Y0_Q9VBQ3,0.0021794,0.013104,0.015916,0.13193704187870026,0.0012635099701583,0.0014097227249294
P48609_P16914,0.0026419,0.013645,0.025879,0.013085993006825447,0.0004185558063909,0.0022007790394127
Q02637_Q9V3Z1,0.0034151,0.012983,0.016096,0.4598407447338104,0.0207680314779281,0.5048171877861023
Q7JWR4_Q9VF82,0.0022155,0.012923,0.016,0.2833518981933594,0.0007855169824324,0.3748001754283905
Q9VJI9_Q9VPD2,0.0032358,0.015098,0.062429,0.034783218055963516,0.9990350008010864,0.166175976395607
C7DZL9_Q9VVP8,0.0022201,0.012952,0.015878,0.24134470522403717,0.0003117309825029,0.0030423863790929
Q9W1Y1_P50534,0.0021735,0.012927,0.015887,0.111111581325531,0.0006354412762448,0.0005933495122008
P55935_Q8IQ92,0.0022047,0.012925,0.015906,0.11509574949741364,0.005359407979995,0.0004892980214208
P36179_Q24039,0.0021854,0.01325,0.018993,0.055909834802150726,0.0022706144955009,0.0015974484849721
Q05201_Q9VYG2,0.77004,0.013402,0.016378,0.034529849886894226,0.0016103751258924,0.0144603857770562
A0A0B7P9G0_Q7JX41,0.008826,0.012979,0.015957,0.013300775550305843,0.0011766600655391,0.0005639147129841
Q9W229_Q9VTC4,0.0021834,0.012924,0.015904,0.15105083584785461,0.0003558356256689,0.0413261167705059
P42287_Q24297,0.0021912,0.013009,0.015887,0.05159556865692139,0.0002478186215739,0.9839991927146912
O46036_A1Z8I0,0.0021785,0.012932,0.015882,0.07908053696155548,0.0002675787254702,0.0001290053914999
Q9VXX0_Q9VPD2,0.0027115,0.012937,0.015892,0.0024237146135419607,0.0004838441964238,0.0005595223628915
Q9U8R4_O97111,0.0021863,0.012966,0.015912,0.0691123902797699,0.0016495481831952,0.000924220890738
Q86BS3_Q9VTZ7,0.0022154,0.013094,0.016875,0.29776597023010254,0.0079706814140081,0.0596421398222446
P25843_P23573,0.0022006,0.012981,0.015964,0.03463192284107208,0.0005157430423423,0.0008401497034355
Q9XZT1_Q8IQ92,0.0022092,0.012971,0.015872,0.428261935710907,0.0077925464138388,0.0029944612178951
P12881_Q9V4Q8,0.0021792,0.012927,0.015882,0.019315360113978386,0.0002723139768932,0.0003914866538252
M9PF17_P52486,0.0021811,0.013055,0.015902,0.2986026704311371,0.0003868105122819,0.0001370100944768
Q9VJD2_Q9VDD1,0.0021834,0.012979,0.015901,0.25075748562812805,0.0008151232614181,0.3392948508262634
Q24324_P0CG69,0.0026119,0.013266,0.034255,0.06140824407339096,0.0074761849828064,0.0013954126043245
Q9V535_P23792,0.0022125,0.01293,0.015979,0.013761657290160656,0.0490933656692504,0.005216006655246
A0A0B7P9G0_P41094,0.002198,0.012957,0.01593,0.0794767513871193,0.0003211433941032,0.1235586479306221
P32100_Q7KRY6,0.0021741,0.012927,0.018144,0.32628583908081055,0.0023638650309294,0.0003744631248991
Q9XYN7_Q24152,0.0021798,0.012945,0.015892,0.007978293113410473,0.0006024600588716,0.0025281552225351
Q9V3H8_P20227,0.0021997,0.013066,0.016,0.07862726598978043,0.0006764833815395,0.0026299725286662
Q9W218_Q0E8N2,0.0023382,0.012949,0.015895,0.3745976686477661,0.0009199812775477,0.0006866251351311
Q7KRY6_Q9VFB9,0.0024573,0.013018,0.01749,0.19130867719650269,0.0068885320797562,0.8862314820289612
Q9VRN6_Q02637,0.0022051,0.012989,0.015949,0.06537368148565292,0.0006598186446353,0.0216041374951601
P10083_Q86BS3,0.0023514,0.012989,0.015989,0.40235841274261475,0.002195208100602,0.031063437461853
P30052_D2NUE8,0.044457,0.012933,0.015978,0.2891891598701477,0.0011709610698744,0.0257285665720701
Q8T3U2_Q9VJM2,0.002174,0.012947,0.01625,0.024489346891641617,0.0063924202695488,0.0003798492543864
Q9VJ33_Q24276,0.0021871,0.013056,0.015898,0.003845624392852187,0.0009047364001162,0.0080770906060934
Q9VSG1_Q9VYG2,0.0021803,0.012939,0.015931,0.03303668275475502,0.0005916297668591,0.0024536265991628
O18413_Q9VXX8,0.0021786,0.012949,0.016034,0.04466971755027771,0.0017292809206992,0.0020219243597239
Q9VBQ3_Q7KVG9,0.0021823,0.013016,0.0159,0.017604339867830276,0.0093731023371219,0.0380387641489505
Q95RR8_Q9W3Q0,0.002229,0.013307,0.016859,0.2655504643917084,0.9977906942367554,0.0001901653013192
Q9VIP1_Q9VTC2,0.0021988,0.012946,0.015921,0.12467119097709656,0.0008940480765886,0.0050246552564203
Q9V3L8_Q8SYC1,0.0022168,0.012978,0.015976,0.1229606568813324,0.0006652916199527,0.0079544428735971
O97143_Q9VMN6,0.0022734,0.012987,0.016004,0.11165540665388107,0.0054947128519415,0.0006526784272864
Q9VTE0_Q9VEA2,0.002216,0.013031,0.015909,0.16589932143688202,0.0011295595904812,0.0002895978686865
Q26366_Q9VGW6,0.0021911,0.01304,0.015969,0.6333805322647095,0.000596355239395,0.0002917789679486
Q9VMH2_Q9VQD8,0.0021894,0.012966,0.015903,0.2251487821340561,0.9987791180610656,0.0569973103702068
Q9V457_P17704,0.0021868,0.012918,0.015894,0.31061235070228577,0.0004071277217008,0.0002538265543989
P20353_Q9VB22,0.0022001,0.0143,0.016181,0.00700904056429863,0.0071782311424613,0.0058982213959097
Q9VCR6_Q9VI72,0.39055,0.013021,0.016062,0.10898457467556,0.0137562025338411,0.0001844690850703
Q4V5L1_Q8I0J6,0.0024599,0.013113,0.015917,0.16780130565166473,0.0016207857988774,0.003395372768864
Q9VAQ8_Q9VS55,0.0021765,0.012932,0.015999,0.5225814580917358,0.0011417886707931,0.0029305152129381
Q9V9W3_Q9VJZ6,0.0021899,0.012935,0.015869,0.29180824756622314,0.0003194888704456,0.0007302298326976
Q9VZF5_Q9V4S8,0.0021811,0.013013,0.015891,0.1521172672510147,0.0040350407361984,0.0004695907409768
P22812_C7DZL4,0.0021713,0.012971,0.015889,0.009414754807949066,0.0002987480838783,0.0001611726765986
Q7KVG9_P36179,0.0026599,0.013447,0.016075,0.00459506968036294,0.0879051312804222,0.0508640818297863
O76908_Q9VAY8,0.0023305,0.012968,0.027161,0.4659683406352997,0.0071541564539074,0.0189446620643138
Q9VMU0_O18413,0.0021975,0.012957,0.015922,0.12261956930160522,0.0003208529669791,0.0006407907349057
Q9VAR6_Q9VRK9,0.0021992,0.013321,0.015904,0.04815394803881645,0.0012143360218033,0.0023822837974876
Q9VRY0_Q9VWA6,0.0023279,0.012987,0.015917,0.06769995391368866,0.0038172891363501,0.9884698390960692
P48461_Q9VX37,0.0023879,0.013025,0.016152,0.30023255944252014,0.0016558682546019,0.006059902254492
P13096_Q960Q9,0.0025974,0.012985,0.015942,0.4545119106769562,0.0006757684750482,0.1693563908338546
Q961D1_Q9VQD7,0.0021695,0.012923,0.015877,0.055078424513339996,0.000408035761211,0.9816293716430664
Q9VYX7_Q9W102,0.0021831,0.012986,0.015884,0.2291911244392395,0.0002063707070192,0.0007221202831715
Q9VKM1_Q7KRY6,0.0022063,0.012937,0.016049,0.08936449885368347,0.0027607802767306,0.0003299884556327
Q9VTM0_Q9W029,0.0021977,0.012931,0.015883,0.15944066643714905,0.0004608206218108,0.006254584994167
Q9VR65_Q24475,0.0022847,0.012925,0.015918,0.02484384924173355,0.0145041029900312,0.0040689744055271
Q9W483_Q9VZF5,0.0021918,0.013179,0.024521,0.10379079729318619,0.0050167520530521,0.0013839065795764
Q9VEQ2_M9PHN7,0.0021694,0.013389,0.015897,0.25625714659690857,0.0004838585446123,0.0042236144654452
P17133_Q24537,0.0047759,0.012991,0.017147,0.3485180139541626,0.0071781831793487,0.5390256643295288
Q9VBI0_E1JJI1,0.002287,0.012924,0.018154,0.012675495818257332,0.0055977525189518,0.0731374993920326
P20240_Q9VVY4,0.0021889,0.012949,0.015885,0.372843474149704,0.0006977357552386,0.0115135041996836
Q9VR35_Q9VRY0,0.0021862,0.012937,0.015915,0.003712280886247754,0.9408614635467528,0.5519605875015259
Q9Y0S9_O96989,0.002192,0.012971,0.01592,0.12329643219709396,0.0011887560831382,0.7595309615135193
P20227_A1Z8I0,0.0021805,0.01296,0.015888,0.2317625880241394,0.0065451809205114,0.000308401271468
Q24040_Q9V345,0.0021744,0.012922,0.015892,0.24931298196315765,0.000598372425884,0.0004789642698597
Q7JZC9_Q9VT31,0.043012,0.01418,0.015914,0.1277671605348587,0.0012032979866489,0.0148689085617661
Q8T0K1_Q9VUB8,0.0021849,0.012973,0.015919,0.047951459884643555,0.0019962158985435,0.0051595228724181
Q7PL91_Q00805,0.0024037,0.034174,0.016384,0.22958597540855408,0.0007961713708937,0.0014632131205871
Q9W115_Q7KUZ5,0.25968,0.012996,0.015934,0.10508369654417038,0.0756306499242782,0.0039504151791334
P28159_Q8SYK5,0.0023797,0.012964,0.016292,0.3197508156299591,0.026064183562994,0.036220546811819
P16376_P29555,0.38384,0.01509,0.016432,0.2504003643989563,0.0055990209802985,0.0002215458225691
Q9VA51_Q24324,0.007584,0.012976,0.016019,0.008286279626190662,0.0092439632862806,0.0401817113161087
Q9VQA2_O77260,0.0021804,0.01292,0.015925,0.07183807343244553,0.0006292252801358,0.0068843965418636
Q9VMX3_Q9VU83,0.0021849,0.012959,0.015976,0.0198732390999794,0.0004658045945689,0.0206854064017534
Q9VND8_P13096,0.0033576,0.013606,0.015979,0.11202017217874527,0.0003525407810229,0.000515877502039
Q9VQQ9_Q9VCG6,0.0022239,0.012943,0.015967,0.07976485788822174,0.0096966102719306,0.0016777206910774
P42207_P12881,0.0021996,0.012968,0.015905,0.10876915603876114,0.0002222677285317,0.7740796208381653
P52654_Q9W5B9,0.0021732,0.01292,0.015895,0.11387205123901367,0.0088084638118743,0.0015300295781344
Q27297_Q24318,0.002182,0.012958,0.015898,0.08196070045232773,0.0024460370186716,0.0005665257340297
P42207_P52168,0.0022866,0.013063,0.01639,0.2178647816181183,0.0013331642840057,0.454712837934494
Q9VJQ5_Q9Y0H4,0.0021942,0.012997,0.015963,0.18304035067558289,0.0003231190203223,0.9869965314865112
Q9VUG4_Q9V9M7,0.0021956,0.01293,0.015895,0.0317249521613121,0.0005698706954717,0.0166850630193948
Q9NCC3_A0A0B4KEP9,0.0022637,0.01295,0.01612,0.30097827315330505,0.0021060679573565,0.9613623023033142
Q7KRY6_Q7KTL5,0.18567,0.012968,0.019888,0.1696072369813919,0.1685972511768341,0.0044136885553598
P42287_Q9VJM2,0.0021948,0.012944,0.015913,0.5288060307502747,0.0002734378795139,0.4459743499755859
X2JEH3_Q8T4F7,0.72047,0.013126,0.047241,0.10591360181570053,0.0026611532084643,0.9638643860816956
A8DYC4_Q9VM46,0.002251,0.023159,0.01649,0.2633964419364929,0.0006142508937045,0.0086650913581252
P12982_E1JIM1,0.0022329,0.013016,0.015998,0.2914104759693146,0.0007739725406281,0.0007725348696112
Q9VUG4_Q9VAY8,0.0023116,0.01294,0.015923,0.13547782599925995,0.0129820881411433,0.000707879778929
Q9VQD8_P29829,0.0021896,0.012957,0.015999,0.11692026257514954,0.0153122404590249,0.8299053907394409
Q9V464_P12982,0.0024051,0.01317,0.016602,0.3521111309528351,0.0254917219281196,0.0027343286201357
Q0E9B6_Q9VG94,0.0022139,0.012965,0.015883,0.3897845149040222,0.0002237615117337,0.0019116010516881
Q9VT57_Q9VKJ4,0.0021886,0.013077,0.015922,0.04377748817205429,0.000255277409451,0.0983994305133819
Q9VI72_Q9VCS1,0.0025713,0.012998,0.01591,0.2516084313392639,0.439940333366394,0.0048565622419118
Q7JXA8_O77237,0.002184,0.012929,0.015996,0.14071519672870636,0.0005963938892818,0.0029012314043939
P23023_Q9VM81,0.0023889,0.013078,0.016125,0.31206342577934265,0.0065351673401892,0.0069959438405931
Q9VVT5_Q94533,0.002446,0.012999,0.016013,0.013721493072807789,0.0027505489997565,0.185758501291275
Q94527_P08570,0.0021907,0.012974,0.01591,0.2748183608055115,0.0061150649562478,0.000885679910425
P13677_Q24008,0.00225,0.012989,0.044512,0.2410263568162918,0.1536202132701873,0.0010305581381544
E1NZB4_Q9VEA2,0.0022061,0.01297,0.01597,0.14340025186538696,0.0040397136472165,0.1224989742040634
A1A6X4_Q9VRT7,0.0022085,0.01385,0.015886,0.0235626008361578,0.0003948748053517,0.0008369228453375
P18933_Q9VCZ7,0.0021982,0.012984,0.015878,0.002548255492001772,0.0002346672845305,0.0015812501078471
Q9VI00_P09087,0.016297,0.012966,0.015936,0.02950630895793438,0.0276021715253591,0.8559396266937256
A0A0B4LGV6_Q9VHG6,0.64218,0.62818,0.016171,0.006341959349811077,0.9987751841545104,0.0023798439651727
O76924_C5WLN8,0.0021939,0.012967,0.065204,0.1401316523551941,0.0008105815504677,0.1752744019031524
X2JDZ1_O02002,0.0021822,0.012944,0.015966,0.07455633580684662,0.05236741527915,0.0008968116017058
Q9VYW6_B7YZF0,0.0022093,0.01298,0.01593,0.055454861372709274,0.0053949863649904,0.0008852615137584
Q9VWZ1_Q9XZH6,0.0027468,0.013925,0.015908,0.18240585923194885,0.0033592002000659,0.006435205694288
Q8T414_Q9VEG5,0.0021732,0.012941,0.015898,0.3378787636756897,0.0075880992226302,0.0186413656920194
P43332_Q9Y0Z9,0.0022611,0.012985,0.016048,0.20731885731220245,0.0079917702823877,0.0009283097460865
Q9W5B3_Q9XZ56,0.0022997,0.012953,0.015983,0.0489533506333828,0.0063793896697461,0.0020874715410172
Q24039_Q9V3W2,0.0022134,0.012938,0.015916,0.022391192615032196,0.001251091598533,0.0120673812925815
P18930_Q9VUK7,0.0021993,0.013092,0.015859,0.3343315124511719,0.0003778228419832,0.3456626534461975
Q9VPY0_Q24171,0.0022202,0.012967,0.015956,0.10181746631860733,0.0026702424511313,0.0006216714973561
Q9VP57_Q9VEA2,0.0021827,0.013131,0.018199,0.09722118824720383,0.0084777483716607,0.3619492650032043
P92208_Q9W237,0.0021992,0.012961,0.015944,0.07623367756605148,0.000328402937157,0.0236016009002923
O02002_P17704,0.0021835,0.012947,0.015932,0.06971509009599686,0.000241857356741,0.0680590495467186
O16867_Q9VNB5,0.0022354,0.012972,0.01597,0.2611994743347168,0.0005520901759155,0.0265187229961156
A0A0B7P9G0_Q9VTM2,0.002207,0.012951,0.015947,0.4852980673313141,0.0002934942604042,0.0002922227140516
Q9VR09_Q9VQI4,0.0021835,0.012926,0.01593,0.07283521443605423,0.0046360157430171,0.0014276133151724
O02002_Q9V6Q2,0.0021783,0.012958,0.015974,0.01172669231891632,0.0003803597937803,0.0023369896225631
Q9VHK6_A1Z9X0,0.0021915,0.012967,0.015987,0.03766542300581932,0.0002402178652118,0.9219737648963928
Q9VCZ8_A8DYC4,0.0021909,0.01294,0.015945,0.18881165981292725,0.000533347541932,0.7926992774009705
Q9VS34_Q7KN62,0.0022015,0.012939,0.01593,0.04555616155266762,0.0009302172693423,0.0021462105214595
Q7KN94_Q24454,0.002175,0.012977,0.015879,0.086350217461586,0.0002296479069627,0.0007651807391084
P31009_Q9XZT1,0.0022082,0.01294,0.015933,0.17605584859848022,0.0062017333693802,0.0395650006830692
O96881_Q9W380,0.0022551,0.012917,0.01589,0.057798728346824646,0.0003794053627643,0.0014344197697937
Q7KMG7_P25158,0.0021798,0.012937,0.015946,0.07496073096990585,0.0132106635719537,0.9764449000358582
Q2PE14_Q7KMS3,0.0021825,0.012923,0.015889,0.20270855724811554,0.0012043833266943,0.0016048378311097
A1ZBK7_O16797,0.0022756,0.013192,0.016118,0.13419057428836823,0.0002450185711495,0.0590627789497375
Q24169_P12881,0.0021874,0.012945,0.015903,0.18623681366443634,0.0002267664531245,0.088343858718872
Q9I7L4_A0A0B4KFZ9,0.0022057,0.012946,0.015979,0.07196277379989624,0.0016101787332445,0.2233584523200988
Q7JYH3_Q9W418,0.0021872,0.013036,0.015902,0.006913924589753151,0.0004468683328013,0.0015398997347801
M9PF17_Q9VNE9,0.0021916,0.012938,0.015883,0.3843348026275635,0.0005463704583235,0.0136227775365114
A1ZBK7_Q27272,0.0021924,0.012966,0.7342,0.17097827792167664,0.0002973216760437,0.0092334346845746
P16914_P49028,0.0021729,0.012923,0.016149,0.0499679297208786,0.0052500111050903,0.0019313765224069
P06002_Q9VL21,0.0021909,0.013126,0.024883,0.03471438214182854,0.0058552180416882,0.0009622813086025
Q06559_Q24169,0.0021864,0.012931,0.015924,0.04241664707660675,0.0003423265588935,0.0016242377460002
Q9V3Z4_Q9W0I7,0.0021851,0.012949,0.015896,0.06221480295062065,0.0005049586179666,0.0163695700466632
Q6NN40_Q9VKV4,0.0022448,0.012943,0.015928,0.157210573554039,0.0360973216593265,0.1869476288557052
P49735_Q9XZ31,0.023419,0.012996,0.016006,0.2101513296365738,0.0014626872725784,0.0013509020209312
P19889_O97102,0.00219,0.012966,0.015965,0.09912477433681488,0.0007116924389265,0.0011210535885766
Q9W0B3_Q9VXA5,0.0021755,0.01297,0.015905,0.06834641098976135,0.000435421738075,0.0177242737263441
P54359_P29673,0.0023425,0.01301,0.016374,0.03931572288274765,0.0025745243765413,0.210537388920784
Q9VN50_Q9VG38,0.0021776,0.012945,0.015903,0.00483269989490509,0.001548335654661,0.0004496433830354
Q9VVB6_Q9W358,0.0028979,0.013206,0.016808,0.24963806569576263,0.0024332969915121,0.0018114994745701
Q24572_Q9VGY3,0.0022008,0.012922,0.015906,0.15923988819122314,0.0050802561454474,0.0007704048184677
Q7KMS3_Q9VS55,0.0021803,0.012944,0.015902,0.23152613639831543,0.0209114700555801,0.0014048343291506
E1JH43_Q9VBY7,0.0021816,0.012924,0.015897,0.05256757140159607,0.0009331319597549,0.0026654328685253
Q8SXU3_Q9V444,0.002194,0.012944,0.015926,0.08275745809078217,0.0003115129657089,0.000164536977536
Q9W237_Q9VCI7,0.002173,0.012932,0.0159,0.24302294850349426,0.0005760752828791,0.000452643900644
Q9VHB6_O76908,0.0021849,0.012966,0.015927,0.18127766251564026,0.0003983529750257,0.7484808564186096
P04197_O97143,0.20945,0.013038,0.016923,0.10756473243236542,0.0237136408686637,0.9867910146713256
P20227_Q27368,0.40697,0.013007,0.016386,0.052121035754680634,0.9953346848487854,0.0013567537534981
Q9V3Y8_P02835,0.013331,0.013016,0.016854,0.024957112967967987,0.0029017280321568,0.0126091167330741
Q8IHA6_P92208,0.0023676,0.012955,0.016298,0.04803541675209999,0.0012495249975472,0.0271388553082942
Q9VXP1_Q9VFT4,0.0059303,0.013272,0.016325,0.0863775908946991,0.0004980117664672,0.0009040155564434
Q9VKV6_Q9VF82,0.0021787,0.012915,0.015925,0.21043281257152557,0.0036023070570081,0.133473202586174
P50536_P84040,0.0032768,0.012992,0.016321,0.09168986976146698,0.0103947576135396,0.1396107077598571
A1ZBP6_Q9VJM1,0.0023077,0.013013,0.11644,0.004826450254768133,0.0005408584256656,0.0010987316491082
Q9VLK1_Q9W0I7,0.0021738,0.012917,0.015895,0.18350328505039215,0.0016649099998176,0.0014428261201828
Q9VK43_Q7KNM2,0.0021723,0.012962,0.015906,0.24106337130069733,0.0020142251159995,0.0802050828933715
Q9VEX9_M9PBY4,0.0022983,0.012942,0.015913,0.13782355189323425,0.003676819615066,0.0003245694679208
Q9VP57_O97111,0.0023791,0.01295,0.016007,0.11641732603311539,0.00864795781672,0.0090041728690266
Q9VJD4_Q9VEG5,0.0022027,0.01307,0.018058,0.09769158065319061,0.0005228693480603,0.5667560696601868
Q9VPT8_Q9VCY3,0.0021851,0.012939,0.01591,0.008859044872224331,0.0019661027472466,0.0030744415707886
P25867_Q9VMX3,0.0021977,0.013279,0.015882,0.18128371238708496,0.0002504287404008,0.000402402394684
A1ZAC4_Q9VT51,0.0021958,0.012931,0.015938,0.36514541506767273,0.000563675595913,0.0006845160387456
P49071_Q9VHB6,0.0021779,0.01295,0.015911,0.4225124716758728,0.0003992966376245,0.0025686265435069
Q9V3H2_Q94535,0.0021837,0.012956,0.016041,0.2670385539531708,0.0004707781772594,0.0039526559412479
Q9VYW6_Q24152,0.0021781,0.012943,0.015888,0.1457645744085312,0.0047002765350043,0.0015680792275816
Q86BS3_Q9VLI9,0.0021716,0.012923,0.015885,0.18650847673416138,0.0034627404529601,0.0470473989844322
Q27297_Q9VX94,0.0024166,0.012971,0.015935,0.0564846470952034,0.0006148366373963,0.0264554489403963
Q9VD72_Q7K306,0.002196,0.012956,0.015981,0.014342484064400196,0.0002578721614554,0.2092836946249008
Q9VYX4_Q9V3J8,0.0021858,0.012978,0.015936,0.3526575267314911,0.0043057817965745,0.0007547925924882
Q9VUR1_Q9VA95,0.0021781,0.012929,0.015905,0.13247059285640717,0.0004890012787654,0.0002193146647186
Q8T3W6_Q9VV44,0.0024662,0.013218,0.015921,0.031091544777154922,0.0008755674352869,0.004433047492057
P29844_O96880,0.0021793,0.012964,0.01594,0.03293924033641815,0.0046926001086831,0.0008593933889642
Q7JZB4_Q9VHB7,0.0022525,0.012946,0.015904,0.012910024262964725,0.0008258289890363,0.0138263311237096
Q9VI55_Q9VEA2,0.0022085,0.013178,0.016689,0.05020284652709961,0.0200352426618337,0.0021727776620537
Q7KJ69_Q9VCI7,0.0021711,0.012924,0.015905,0.10948672890663147,0.0002725877566263,0.0044311792589724
Q9VZM7_P50536,0.0021867,0.012972,0.016014,0.03321774676442146,0.0339503437280654,0.9120137691497804
P25008_Q7K159,0.0021937,0.012918,0.015886,0.36786460876464844,0.0018967926735058,0.0003904454351868
D2NUE8_Q9VVX0,0.0030816,0.012954,0.016008,0.294347882270813,0.0003516048309393,0.0008310809498652
Q9VWI0_Q961D1,0.0021899,0.012963,0.015907,0.07328688353300095,0.0003372090577613,0.0023278975859284
C0HKA0_Q7K4B4,0.0021678,0.012932,0.015934,0.06308537721633911,0.0006791269988752,0.0004587552102748
Q9VQM2_Q9VJC7,0.0025503,0.01324,0.016174,0.002148335799574852,0.0028721839189529,0.1132104098796844
Q8T0S6_P32031,0.16463,0.013066,0.031925,0.33788520097732544,0.0018667766125872,0.004392419476062
Q9VWI0_Q9VJM1,0.0022561,0.012964,0.015866,0.003259737277403474,0.0004174205823801,0.0043565183877944
Q9VIP1_P29310,0.0022155,0.013117,0.015984,0.07257150113582611,0.0004103766696061,0.0001857648458098
P41094_Q9W0Q5,0.0021839,0.012937,0.015952,0.16275939345359802,0.0007837988086976,0.0302472133189439
A1ZB42_P21461,0.0021936,0.013045,0.015912,0.05515903979539871,0.0002967629407066,0.0409213677048683
Q95RJ9_O16130,0.002203,0.014712,0.022127,0.33861973881721497,0.0694293305277824,0.011131583712995
M9PGR0_Q9VMN9,0.0021907,0.012957,0.015892,0.12275466322898865,0.0010050677228718,0.0004520988150034
Q9VM46_P23792,0.0022393,0.012943,0.02293,0.2832718789577484,0.0008298801258206,0.0129728894680738
Q9VM76_Q9VP65,0.0021908,0.012939,0.016011,0.3377193808555603,0.000590315554291,0.0020032636821269
Q9VLP3_Q8IRI5,0.0021841,0.012929,0.015915,0.1261318176984787,0.0006405214080587,0.0005686905351467
Q8IPC3_P14003,0.0021822,0.012968,0.015936,0.24745722115039825,0.000661730824504,0.001061929971911
Q9VIZ0_Q0E9G3,0.0021896,0.012919,0.015895,0.1744651347398758,0.0006473319372162,0.0063378708437085
P32100_Q9VAT0,0.0021768,0.01295,0.01653,0.12580344080924988,0.0004205691511742,0.0009624151862226
Q9Y0H4_X2JEH3,0.026595,0.012996,0.016426,0.09240876138210297,0.0013188538141548,0.0120800361037254
P08181_Q7K4B4,0.0021826,0.012941,0.015936,0.0486251525580883,0.0004323309112805,0.0026219571009278
Q7KNM2_Q8IMZ4,0.0021767,0.012965,0.015914,0.29886388778686523,0.0029053075704723,0.0056768315844237
Q9VSE9_P00528,0.0022567,0.013229,0.035846,0.02118586003780365,0.0006202840013429,0.0116862505674362
Q9W3W8_Q8I7C3,0.0021766,0.012924,0.016617,0.19971023499965668,0.0002410608285572,0.0678462386131286
Q7KTX7_A1ZAK9,0.0022308,0.013104,0.015921,0.020757166668772697,0.0007131248712539,0.0133387651294469
Q9W4I7_Q9VUW2,0.0021685,0.012969,0.015914,0.050977304577827454,0.0046251281164586,0.0014518309617415
P0CG69_A1Z9I6,0.043699,0.017162,0.017176,0.1336045116186142,0.0296278707683086,0.013907765969634
P23792_O62530,0.0021676,0.012932,0.01595,0.37140703201293945,0.2214981466531753,0.0040136678144335
Q8T965_Q9VLB2,0.0054126,0.01298,0.015917,0.31917884945869446,0.0011580509599298,0.0023888293653726
P16378_M9PHN7,0.0021805,0.013081,0.015918,0.038186073303222656,0.0009279050864279,0.0004824473871849
P42287_P16554,0.0021968,0.013039,0.01591,0.02550850808620453,0.0009342163102701,0.0010313532548025
Q7JYX5_P07247,0.0021792,0.01295,0.01591,0.07511595636606216,0.0021645661909133,0.1750685721635818
Q9VWD5_Q9VBI0,0.002175,0.012914,0.015901,0.014165399596095085,0.0310044176876544,0.1318799555301666
