pair,D-SCRIPT,Topsy-Turvy,TT3D,TUnA,PLM-interact,PLMDA-PPI
Q8C031_Q8CFA1,0.0023721,0.012975,0.016148,0.4966021180152893,0.0034342112485319,0.3078943192958832
Q8BLC3_P39428,0.0022118,0.012979,0.016164,0.24360935389995575,0.0020901600364595,0.2767670452594757
Q61160_P27038,0.0021808,0.012936,0.015985,0.07303661108016968,0.0054934099316596,0.0003644708776846
O88634_P13504,0.0022707,0.018483,0.29076,0.0639791265130043,0.0082129621878266,0.2012585252523422
Q9D2R8_Q9ERA0,0.0021816,0.012918,0.015878,0.054960012435913086,0.0015520304441452,0.906199872493744
Q9JIH2_Q9CWY8,0.0021842,0.012965,0.015955,0.012653613463044167,0.0004608452436514,0.403857946395874
P58801_Q99ML1,0.0027399,0.013274,0.017552,0.009122015908360481,0.0058243535459041,0.0018418473191559
P09021_P18181,0.0021889,0.013455,0.015913,0.29024186730384827,0.0003212132432963,0.0005843106773681
P06332_P08046,0.0021865,0.013237,0.016151,0.015763869509100914,0.0017811431316658,0.0226801298558712
Q3UYI6_Q9WU38,0.0022128,0.012976,0.022384,0.4273812174797058,0.0003809047921095,0.3395366072654724
Q3ULA2_Q9CQT6,0.0022586,0.012962,0.016399,0.1663467437028885,0.0016017131274566,0.2241747230291366
P51410_P47713,0.0022049,0.012927,0.015894,0.20773853361606598,0.0002445867867209,0.0001747883216012
Q8BFU0_Q91VD9,0.0022027,0.012946,0.015937,0.015005704015493393,0.0002384048275416,0.0008225564379245
P11440_P43275,0.0022079,0.012949,0.016016,0.12331731617450714,0.0003989083634223,0.0001412283600075
Q99M51_P48787,0.0021979,0.01296,0.015966,0.21248368918895721,0.0010830489918589,0.0026066901627928
P07356_P70191,0.0021773,0.013002,0.015888,0.3334527015686035,0.0025301626883447,0.0024780840612947
Q61234_P62301,0.002175,0.012931,0.015893,0.10717522352933884,0.0004674815572798,0.000254144280916
A0A087WRI3_Q9WTM5,0.0021861,0.012925,0.015958,0.45533058047294617,0.0006884341710247,0.0007277000695466
P46414_Q61457,0.06363,0.012932,0.016323,0.08306853473186493,0.0091270124539732,0.0138306422159075
P97792_P01808,0.0086712,0.57991,0.073011,0.04320107027888298,0.2551672756671905,0.3732624351978302
Q2VPU4_Q9R1P0,0.0021717,0.012993,0.015891,0.06728003174066544,0.0003697693464346,0.0440039634704589
P05214_Q9QUN7,0.0021741,0.013085,0.015977,0.05497271567583084,0.0003446446498855,0.0008511242340318
Q61423_Q9CQY1,0.0022003,0.012959,0.015945,0.24982048571109772,0.0019257941748946,0.015040791593492
Q60692_Q9WTX5,0.0021809,0.012926,0.016002,0.37838685512542725,0.000198113542865,0.1845861226320266
Q9JKV1_Q9D9D9,0.0021757,0.012953,0.015896,0.009188366122543812,0.0026098708622157,0.6250407099723816
O08609_P13297,0.017951,0.013099,0.016387,0.03286151960492134,0.0040083546191453,0.069522425532341
Q9D131_Q9WVG6,0.0022957,0.012953,0.015994,0.012240849435329437,0.0014340537600219,0.0394524671137332
P01647_Q9D9B8,0.54806,0.7983,0.073362,0.20882202684879303,0.0051485789008438,0.001285022124648
Q61771_O54901,0.0022155,0.013523,0.015891,0.18661445379257202,0.0002847586583811,0.0830196961760521
Q8CHU3_P97333,0.0022968,0.013042,0.015949,0.46499502658843994,0.0024343680124729,0.0002549385826569
Q9WU39_P83882,0.002214,0.012918,0.015909,0.0052161202766001225,0.0003745427238754,0.0015478904824703
A0A0M3KL49_Q9D125,0.0021924,0.013149,0.01588,0.01594948023557663,0.0042112325318157,0.0015105293132364
P15379_P16092,0.0023373,0.014821,0.017328,0.10723608732223511,0.0082149356603622,0.0189880449324846
P0CG50_P54775,0.0023995,0.013121,0.01801,0.06515371054410934,0.0004824646457564,0.0150216110050678
P08152_P49138,0.0024121,0.013168,0.016915,0.3673578202724457,0.0195251200348138,0.0027621211484074
O88890_P54763,0.002195,0.013483,0.031421,0.045988913625478745,0.0005589032662101,0.0003680241643451
P68134_Q7TQF7,0.0023873,0.013005,0.019319,0.33038991689682007,0.0070476001128554,0.0004894977319054
Q3UI43_Q61190,0.0025207,0.013025,0.038433,0.20596356689929962,0.0002507768804207,0.0217149816453456
Q9CXZ1_P54818,0.0023467,0.013049,0.8795,0.25053590536117554,0.0006472082459367,0.0001473701995564
Q8CIB5_Q14B62,0.002204,0.012959,0.015917,0.06389012187719345,0.0002575320831965,0.0013934259768575
P16858_Q9CQ69,0.0022096,0.013032,0.015909,0.4628787338733673,0.0004582222318276,0.0164059028029441
Q9CWY8_Q920N1,0.002249,0.012963,0.016143,0.08969881385564804,0.0005586039624176,0.0358493514358997
Q9D4K7_O88566,0.0022461,0.012946,0.015979,0.0787457674741745,0.0020841178484261,0.0099787451326847
O70435_Q61216,0.0021739,0.012937,0.015895,0.06872712820768356,0.0002230177342426,0.0962619557976722
Q8VI36_Q8R3R8,0.0021855,0.012981,0.01595,0.09345724433660507,0.0056513836607337,0.1955896317958831
Q8VI33_Q3U1F9,0.0022279,0.012983,0.015953,0.39740991592407227,0.0002408761065453,0.0014198932331055
Q924H2_Q8VEG6,0.0021815,0.013047,0.015924,0.3075544834136963,0.0951842293143272,0.0025646334979683
Q61084_P50752,0.0022151,0.012978,0.015941,0.0013949775602668524,0.0063840518705546,0.0004929537535645
Q8R3R8_Q99JW4,0.0021974,0.013028,0.016324,0.0037996319588273764,0.0016944257076829,0.0311437454074621
P56393_Q6P3B9,0.0021918,0.014798,0.12012,0.22091762721538544,0.0033263540826737,0.00491888448596
Q61337_O55222,0.0022066,0.013068,0.017624,0.16167369484901428,0.0625560209155082,0.0012362847337499
Q08509_P70326,0.027244,0.012974,0.01622,0.16749995946884155,0.0066877743229269,0.0962810590863227
P23798_O08686,0.0022193,0.013093,0.016202,0.2945363521575928,0.003862029640004,0.0006418533739633
Q80WQ6_P70218,0.023503,0.013011,0.020128,0.008204957470297813,0.0861623510718345,0.0021021883003413
P03966_Q99LC3,0.0021747,0.013179,0.016095,0.07088136672973633,0.0014673363184556,0.6256120204925537
P08152_P63085,0.0032197,0.013061,0.016831,0.08035499602556229,0.0090041346848011,0.0571108870208263
P07750_P23772,0.0021848,0.013064,0.015947,0.029035847634077072,0.0023239019792526,0.02133609354496
Q61771_P26516,0.0021733,0.013033,0.016178,0.037156764417886734,0.0009481509914621,0.0852880179882049
Q62318_P09632,0.0026698,0.013327,0.016033,0.48563453555107117,0.0009486190392635,0.0008692489354871
Q04207_Q9WTV6,0.0021908,0.01293,0.016224,0.06013756990432739,0.005088341422379,0.3089084029197693
Q62108_Q9Z2W9,0.0021834,0.012955,0.015932,0.015751386061310768,0.000811367877759,0.004947314504534
Q02067_Q80US8,0.77812,0.013089,0.0243,0.0238356776535511,0.998543381690979,0.1009684652090072
Q00609_Q9D9V4,0.0021942,0.012958,0.015873,0.011021347716450691,0.0018873214721679,0.0031940860208123
Q80XZ4_Q99N28,0.002769,0.028089,0.10631,0.07061482220888138,0.0060154017992317,0.0490551739931106
Q6QLQ4_Q60867,0.0021893,0.012989,0.015946,0.4549153447151184,0.0004455007147043,0.9514439105987548
P34902_Q9JLQ0,0.0022409,0.013063,0.015935,0.1022563949227333,0.0012837320100516,0.0049047395586967
P14206_Q9R1P3,0.0021751,0.012937,0.016163,0.034348953515291214,0.0002127736952388,0.0062291780486702
P62274_Q9CQP8,0.002318,0.012958,0.015867,0.4303439259529114,0.0012927202042192,0.007442255038768
O35730_P23798,0.20742,0.013164,0.053934,0.11969715356826782,0.9987555742263794,0.0010665185982361
P62281_P48346,0.0022102,0.012936,0.015884,0.005652527790516615,0.0002167855273,0.003582063363865
P17665_Q8BFU0,0.0023695,0.022984,0.10512,0.06286032497882843,0.0005168279167264,0.0004435071023181
Q80WQ6_Q9Z0F8,0.03142,0.020003,0.11603,0.011625775136053562,0.0012540323659777,0.0022910630796104
Q3TNS5_Q80VP1,0.0021783,0.012962,0.01597,0.08600767701864243,0.0006079490412957,0.0001894715678645
Q9CZX0_Q9CQR2,0.0026672,0.012993,0.016503,0.005085669923573732,0.0023738071322441,0.0007914507878012
Q9QWV9_Q9CQ39,0.0022161,0.01294,0.015897,0.31497710943222046,0.0083877397701144,0.0001805065112421
Q65ZC0_Q8VCB2,0.0021979,0.013782,0.015996,0.10747013241052628,0.0006821192218922,0.0009800965199247
P15116_O08603,0.0022068,0.016279,0.037636,0.11844159662723541,0.0011334929149597,0.0022721868008375
P63328_Q9JJW5,0.0023149,0.013066,0.016059,0.17106270790100098,0.9434220790863036,0.1687135845422744
Q9ES46_P51150,0.0021975,0.013738,0.016063,0.011480441316962242,0.03307581320405,0.000443841679953
Q9Z307_Q9JJV2,0.0021946,0.012927,0.015889,0.025224335491657257,0.0074280356056988,0.3761420845985412
Q61127_Q60855,0.0031665,0.012972,0.016284,0.4035373330116272,0.0021466193720698,0.0516032315790653
A2NUE8_Q08509,0.0022225,0.013007,0.016033,0.49010032415390015,0.0259633082896471,0.0003353379725012
P60766_Q61730,0.0022213,0.013725,0.016992,0.04876888543367386,0.0005830856389366,0.0026170648634433
I6L958_P15247,0.0024378,0.098302,0.060355,0.007604569662362337,0.3666511178016662,0.0126005364581942
Q8BLC3_Q9QUN3,0.0021938,0.013021,0.016042,0.34404468536376953,0.0002381395024713,0.0004714578681159
P30561_Q9D9T8,0.0023012,0.012997,0.015958,0.0301167331635952,0.0004784089978784,0.9644726514816284
P49817_P16330,0.0022212,0.012988,0.016007,0.07114589214324951,0.0005482957931235,0.0173711962997913
P42866_O70394,0.0031351,0.015687,0.63913,0.02881246618926525,0.0027019984554499,0.0261254590004682
Q9EPC1_Q9QWV4,0.0022311,0.012925,0.015909,0.009924275800585747,0.0008231562678702,0.022463109344244
P47941_Q8R4A3,0.002193,0.01298,0.016002,0.04274161532521248,0.0010631430195644,0.0228427220135927
Q9JHJ3_A0A0G2JF94,0.0033165,0.19046,0.1208,0.0045089577324688435,0.977741539478302,0.0002528000914026
P23804_P51945,0.0021735,0.012985,0.015902,0.004041632637381554,0.0012947311624884,0.0011243793414905
Q8CDD8_P26043,0.0022212,0.012941,0.015971,0.00462350994348526,0.0004829258832614,0.0023588694166392
P04919_Q6P6J0,0.0021783,0.01294,0.015905,0.15221622586250305,0.0016181853134185,0.0166817475110292
P29452_Q8CGN5,0.0021746,0.012944,0.015957,0.09380867332220078,0.0005132038495503,0.0004163529665675
P58059_O88895,0.0021819,0.012935,0.015912,0.05553032457828522,0.0003534985880833,0.8428975939750671
Q8BFZ4_Q9WTX6,0.0021786,0.012945,0.015999,0.265667200088501,0.0021161071490496,0.0230620950460433
P24860_P09021,0.002387,0.012981,0.015942,0.055108170956373215,0.0015958119183778,0.3520592451095581
Q64364_P63011,0.0021926,0.013021,0.016002,0.03671354800462723,0.0007299174321815,0.2039839476346969
P46096_Q99NC0,0.0021822,0.012956,0.016068,0.3340490758419037,0.0011602693703025,0.0003437435661908
Q80TG9_Q8R0L9,0.0022336,0.01295,0.015896,0.10939149558544159,0.0003500721359159,0.0047819484025239
Q9CZ82_P49817,0.0021836,0.012928,0.01588,0.22888770699501038,0.0002487665042281,0.0005231327959336
P06537_P11499,0.0021896,0.01298,0.016032,0.029263930395245552,0.0118970377370715,0.5540935397148132
P50580_P34902,0.002209,0.012946,0.015896,0.3199489712715149,0.0002135949034709,0.0018644707743078
P22366_Q9JJX7,0.0021825,0.01293,0.01613,0.013238833285868168,0.1978675574064254,0.0002941755519714
Q5EE38_Q99PT1,0.0022493,0.012979,0.016121,0.18639294803142548,0.0009716025670059,0.7109304070472717
Q99ME6_P62881,0.0022077,0.01296,0.016056,0.0037185237742960453,0.0011468365555629,0.0655189380049705
Q922G7_Q9Z2D6,0.002221,0.012971,0.015903,0.27248454093933105,0.0045965788885951,0.0009377380483783
P18572_Q9JM76,0.0022109,0.012972,0.015952,0.023424547165632248,0.0009298203513026,0.0026908207219094
P25446_Q60989,0.0021803,0.013023,0.01591,0.24391688406467438,0.0019712932407855,0.5097137093544006
Q9D855_Q99MB1,0.0024636,0.012942,0.01593,0.003023876342922449,0.0002414592308923,0.5954301953315735
P39054_P51450,0.0022385,0.013093,0.016156,0.0032006115652620792,0.0007561326492577,0.2322752922773361
Q9JIY5_Q9CWY8,0.0021879,0.012947,0.015946,0.03172590583562851,0.0002483288117218,0.0122315231710672
P30280_O35730,0.0021832,0.013202,0.015906,0.06331855803728104,0.0003707103314809,0.0007503132219426
A2ARP9_O35613,0.0022015,0.012971,0.07469,0.38329362869262695,0.000543906004168,0.0005747141549363
Q9JIA1_P01108,0.0021857,0.012987,0.016018,0.11025190353393555,0.0003957255103159,0.0009871724760159
Q9R109_P09631,0.0021855,0.012989,0.01609,0.24330094456672668,0.033491525799036,0.0449254438281059
P20937_Q8BH43,0.0022155,0.01296,0.015956,0.0020322073251008987,0.0002256489970022,0.0005359056522138
Q91XU0_Q5SW45,0.0022051,0.012938,0.015967,0.13422773778438568,0.0011140953283756,0.0721847563982009
P03903_Q9R0X0,0.0023106,0.01293,0.015869,0.011678658425807953,0.0002317023026989,0.0702838003635406
O08603_Q8R0W6,0.0027103,0.013128,0.031059,0.015085396356880665,0.0007374057313427,0.0573627911508083
P14869_G5E8A8,0.0021742,0.012943,0.01591,0.29511120915412903,0.0005627581849694,0.0006058106664568
O55013_Q04735,0.0021827,0.01299,0.015941,0.019770778715610504,0.0055262502282857,0.000512366532348
Q8BVZ5_O88685,0.0022103,0.012954,0.015927,0.4492816627025604,0.0004032395081594,0.0005440359236672
Q07763_Q6P6J0,0.0021875,0.012957,0.015897,0.16945068538188934,0.0002795873442664,0.000781302456744
P62983_Q62348,0.0022619,0.012978,0.015906,0.3531014621257782,0.0002051807387033,0.0038581443950533
Q8R4A3_Q9DCL4,0.002179,0.012982,0.015994,0.15690843760967255,0.0020703489426523,0.0007347412174567
P28078_Q8N7N6,0.0021891,0.012978,0.016207,0.21467232704162598,0.0009192890720441,0.0024279786739498
Q8CGK7_P63276,0.0022099,0.012942,0.015916,0.0045006610453128815,0.0003709316370077,0.0169880017638206
P07141_P39054,0.0021985,0.013401,0.015917,0.013242696411907673,0.0005817838246002,0.0003649990248959
Q9D0B8_P97377,0.0022735,0.012959,0.016282,0.002789041493088007,0.0034961430355906,0.0002630606759339
O35618_P23804,0.002423,0.013022,0.024306,0.031836528331041336,0.9971317052841188,0.0086509464308619
P01731_P06240,0.0022104,0.013067,0.016028,0.1216980516910553,0.0008092657080851,0.000913145719096
Q9JIF7_P04370,0.0024609,0.01302,0.016421,0.49349990487098694,0.0030557836871594,0.0009182101348415
Q6P6J0_P18872,0.0021858,0.013106,0.016985,0.040060121566057205,0.0003502405597828,0.0002528734039515
Q9WTK5_Q9D4Q1,0.002192,0.014236,0.01601,0.019633175805211067,0.9713667035102844,0.001236643991433
Q9D1R9_Q5BN45,0.0021953,0.012949,0.015947,0.009659098461270332,0.0002795974432956,0.000637701828964
Q8JZM6_Q60867,0.0021952,0.013,0.015899,0.17311471700668335,0.0053011481650173,0.0007438102620653
Q9CWR8_Q8VDU0,0.0025385,0.013645,0.040928,0.011290132999420166,0.0052068973891437,0.0071779722347855
Q9JM63_P18572,0.0022256,0.013554,0.022161,0.08683111518621445,0.0005777237820439,0.002641242230311
Q3UYV9_Q3TL44,0.0022372,0.01527,0.016661,0.1329326033592224,0.0004084252868779,0.0132595989853143
P04919_Q9CPQ1,0.002503,0.012946,0.015896,0.3000876009464264,0.000466694793431,0.0040977629832923
Q61884_P07351,0.0021831,0.012937,0.015877,0.09351206570863724,0.000432799977716,0.0040956693701446
P41969_O09108,0.0021965,0.013299,0.016112,0.016759619116783142,0.0031194374896585,0.0455648079514503
P20334_P01843,0.0027532,0.029796,0.017507,0.06616847962141037,0.00955131649971,0.0005378446658141
P0CG50_Q9CVD2,0.0021793,0.013292,0.015891,0.15589860081672668,0.0270576067268848,0.004984620027244
Q61881_Q9D8B7,0.0021967,0.012993,0.015892,0.24180811643600464,0.000287041766569,0.2979966402053833
Q8VI24_Q8VCD5,0.0021947,0.012931,0.015946,0.017678391188383102,0.0004862672358285,0.0004818811721634
Q9JIE6_O54918,0.0022329,0.01304,0.017193,0.0017113203648477793,0.0004746725899167,0.6374215483665466
P18469_Q61102,0.0022161,0.020907,0.02088,0.07559674978256226,0.001017139526084,0.04468634724617
P00757_Q8JZM6,0.0021929,0.013009,0.015909,0.29903075098991394,0.0003655466134659,0.0005445871502161
Q9QYP6_Q9D9D8,0.0022252,0.013007,0.016111,0.0026868402492254972,0.021684780716896,0.0002437635848764
Q9D032_Q8BUN5,0.0022298,0.01293,0.015927,0.002240350004285574,0.0055935177952051,0.0422234684228897
Q01887_P62270,0.0022,0.013003,0.01597,0.054744984954595566,0.000279537460301,0.0004071574076078
P29352_P63073,0.0021878,0.012987,0.016055,0.04246728494763374,0.0016216116491705,0.000548075302504
P01325_P46938,0.0021919,0.013284,0.015943,0.03284776583313942,0.0008842208189889,0.0003646300465334
P68373_P08113,0.0021944,0.013374,0.016358,0.03531137481331825,0.009907703846693,0.037388764321804
Q3UNW5_P27792,0.0041949,0.012987,0.016244,0.09450916200876236,0.0197697170078754,0.9633656144142152
P61979_P61255,0.0021836,0.01294,0.015899,0.025837786495685577,0.0004893141449429,0.0601943954825401
P23242_P0DP26,0.002189,0.013332,0.01591,0.16811707615852356,0.0006217960035428,0.1763743311166763
Q9JLC6_Q8CF89,0.0025281,0.012984,0.016052,0.034912675619125366,0.00069626851473,0.0014713563723489
P63073_O09061,0.0021874,0.01294,0.015902,0.0676233321428299,0.0002182378957513,0.0006720328237861
Q8BH43_P62869,0.0022083,0.013038,0.015929,0.10983774065971375,0.0003630814317148,0.0825158506631851
Q99NC0_Q14B62,0.002217,0.012952,0.015979,0.19999374449253082,0.0003108246892224,0.4706979691982269
Q6IMH0_O88653,0.0021994,0.012918,0.015904,0.009477830491960049,0.0075843837112188,0.0019351596711203
P70372_P18052,0.0022182,0.013103,0.017524,0.1978360116481781,0.0004402132763061,0.8338512182235718
P42866_Q6DID7,0.0026692,0.025065,0.57768,0.36031773686408997,0.0011616677511483,0.0069429436698555
Q8BFZ4_Q80WG5,0.002193,0.013006,0.016107,0.019231164827942848,0.000267786468612,0.1228398010134697
Q9R000_P61092,0.0021849,0.012962,0.18249,0.29966822266578674,0.0016312800580635,0.0027869138866662
Q61102_P25444,0.0022029,0.013063,0.015993,0.16947123408317566,0.0012339819222688,0.0977591350674629
P01747_Q9JI59,0.0031044,0.48576,0.057896,0.2826786935329437,0.0983617380261421,0.0002651817630976
P28076_Q31099,0.0021742,0.012962,0.015865,0.0020717375446110964,0.0002443658013362,0.0017556370003148
P29452_Q9DCA2,0.0022277,0.012946,0.015913,0.335104763507843,0.0002743071236182,0.0015540355816483
Q8R502_Q64028,0.0021853,0.012964,0.015986,0.03327889367938042,0.000468723999802,0.0461501218378543
Q8R2L5_P07901,0.0022498,0.012973,0.015972,0.4537266790866852,0.0002485002914909,0.0002519648987799
Q9WUL7_Q91V27,0.0023737,0.013302,0.016024,0.024063466116786003,0.7185726761817932,0.0010150031885132
Q5EE38_Q9JKV1,0.0021749,0.01312,0.016022,0.18268731236457825,0.002782508265227,0.0922912508249282
Q9QZS3_P16054,0.0027567,0.01307,0.019775,0.020724132657051086,0.2792096734046936,0.8557632565498352
Q99LC3_Q7TS55,0.0022113,0.16953,0.24476,0.05024304613471031,0.0002697212912607,0.0004103140672668
Q2VPU4_Q8R502,0.002236,0.012955,0.015966,0.1270509511232376,0.0011628562351688,0.0057210712693631
Q9D3X8_O35089,0.0022071,0.012914,0.015893,0.02909720316529274,0.0004407959349919,0.0005198848084546
Q91ZD4_P83882,0.002188,0.012916,0.015926,0.31764495372772217,0.0004076671611983,0.0002492945641279
Q8K480_P62918,0.0021901,0.012936,0.015893,0.3176550567150116,0.0002538723056204,0.0007219152757897
P42866_Q08775,0.0026487,0.013385,0.015965,0.441018283367157,0.0007932342705316,0.0041880668140947
A0A0M3KL48_Q99LI8,0.0021875,0.013573,0.01601,0.01630435883998871,0.0022826164495199,0.5124372243881226
P25233_Q148A4,0.0022316,0.012989,0.015904,0.12694227695465088,0.0016083675436675,0.0057294806465506
P01810_Q61501,0.0021927,0.013121,0.016064,0.005720599554479122,0.0028718614485114,0.0007927597034722
Q60591_A0A0M3KL48,0.002185,0.013052,0.015976,0.04246966913342476,0.0019381680758669,0.8128288388252258
Q9QZE5_A2AIP0,0.00225,0.013267,0.01611,0.3202992081642151,0.0006635281606577,0.0009505678317509
Q6PF93_Q8JZM6,0.0021798,0.012935,0.015921,0.508346438407898,0.0025538925547152,0.049159500747919
P35951_Q91YN9,0.0022036,0.012956,0.015916,0.16615234315395355,0.0019997805356979,0.0257157254964113
P97333_P54775,0.0022061,0.012949,0.015897,0.008740023709833622,0.0003178522456437,0.0226223226636648
P01942_Q9JJR7,0.0021947,0.013004,0.015884,0.0058677662163972855,0.0017748322570696,0.0362034812569618
P62892_Q9JLC6,0.002221,0.012969,0.015935,0.019447706639766693,0.0008088593604043,0.000943865685258
Q99MZ3_Q9JJX7,0.0021883,0.012998,0.01602,0.17714226245880127,0.0094875721260905,0.0766600519418716
Q9Z0X1_O08686,0.0022604,0.013002,0.015987,0.20447076857089996,0.0008096575620584,0.0013824022607877
O54786_P46935,0.0022235,0.012951,0.01617,0.15144877135753632,0.0219081491231918,0.0003080154419876
Q9WU78_P98156,0.0021976,0.013049,0.015892,0.05704127252101898,0.0004001673660241,0.0002855969069059
O08665_P14753,0.0028395,0.01615,0.027545,0.07302217185497284,0.0008139326237142,0.0461438484489917
Q923E4_Q8R4A3,0.0057989,0.013046,0.018052,0.2863011956214905,0.0087212268263101,0.4305717349052429
Q99NC0_Q61091,0.0022125,0.013087,0.01616,0.23949971795082092,0.0002646266075316,0.0046283318661153
Q6SP97_Q61881,0.0021951,0.012957,0.016368,0.06905733048915863,0.0017296439036726,0.034962709993124
Q9D7X3_P60904,0.0022154,0.012985,0.01595,0.01090306881815195,0.0009959783637896,0.0013784405309706
P23798_O35618,0.002331,0.013043,0.027832,0.21739281713962555,0.0012637843610718,0.3646301031112671
C0HKE3_Q9CQ18,0.0023156,0.013087,0.015946,0.05302400514483452,0.001425152644515,0.2018772214651107
Q08351_Q3USJ8,0.002238,0.013036,0.015995,0.01163684856146574,0.0015323653351515,0.000221163209062
Q61324_Q9Z0X1,0.0022555,0.013007,0.016006,0.0053824386559426785,0.0002748340775724,0.0011577156838029
O88351_O88522,0.81239,0.81521,0.016801,0.2595221996307373,0.0181810315698385,0.0019682326819747
P0DN34_Q3USJ8,0.0022319,0.012947,0.015914,0.2239539623260498,0.0003461032756604,0.001646232092753
Q99N87_P48432,0.0021831,0.013309,0.01608,0.11929190903902054,0.0004725198959931,0.1151370108127594
P98078_Q08024,0.0021832,0.012977,0.015965,0.00814549345523119,0.0008298425818793,0.0016592575702816
O54918_Q9QYH6,0.0022113,0.013194,0.015924,0.008262097835540771,0.0009423003066331,0.0197160448879003
Q9CQV5_Q9D6K5,0.0022079,0.012952,0.016102,0.07505692541599274,0.000235718107433,0.0007215191144496
Q6PFD5_P01749,0.0022005,0.013139,0.017037,0.07038572430610657,0.079433836042881,0.0111408345401287
P27782_Q9JM05,0.0024697,0.013018,0.016012,0.006673301104456186,0.0205414313822984,0.009244822897017
P25118_Q60855,0.023945,0.012985,0.015967,0.37124836444854736,0.0010619491804391,0.0045459885150194
Q9CY16_O88895,0.0021866,0.015367,0.015918,0.05306358262896538,0.0003871231747325,0.0946544483304023
P62482_P42582,0.002219,0.013028,0.01634,0.32163533568382263,0.0020681549794971,0.0011740542249754
Q63934_Q80US8,0.002635,0.013087,0.015975,0.18926237523555756,0.0112253641709685,0.0318835563957691
Q9CQY1_Q8C437,0.0022192,0.013355,0.015956,0.13066168129444122,0.0238204319030046,0.0001793669507605
Q99N84_P52293,0.0021961,0.015951,0.016066,0.012039790861308575,0.0075852596201002,0.5607976317405701
P01942_Q9QUM9,0.0022115,0.12103,0.19047,0.16634896397590637,0.0003104011993855,0.0005867463769391
P12815_P26350,0.002584,0.013069,0.016063,0.01597767323255539,0.0016570123843848,0.0006295617786236
Q9JHD2_P08207,0.0022237,0.012997,0.015956,0.1751038134098053,0.983854353427887,0.0001791295508155
P09055_Q8CIB5,0.0021989,0.012976,0.015938,0.06291987001895905,0.0004269750206731,0.8769730925559998
P62892_Q64028,0.002184,0.012961,0.015992,0.09858068078756332,0.0020540182013064,0.1021308600902557
Q61216_Q9R207,0.069672,0.012959,0.016552,0.15330621600151062,0.0007340931915678,0.0028029496315866
P15314_Q8CBW3,0.0023576,0.012942,0.015949,0.12319713085889816,0.0156578421592712,0.4203355610370636
P28652_Q9D7W5,0.0023037,0.012988,0.015943,0.14948445558547974,0.0008215122506953,0.0002629691443871
P15247_P43431,0.0024899,0.77468,0.080882,0.18829981982707977,0.9979451298713684,0.0011305824154987
Q9QWF0_P15702,0.0022301,0.013145,0.016009,0.03009839914739132,0.0007488870760425,0.0002179916773457
P26369_Q91YI4,0.002196,0.01294,0.016812,0.02317860722541809,0.0020211392547935,0.0057415105402469
P62317_Q5SW45,0.0021753,0.012982,0.015895,0.03314456716179848,0.0002406541170785,0.0270447805523872
Q99N28_P18525,0.26168,0.60762,0.30606,0.0033083083108067513,0.9972062706947328,0.0545959137380123
O54828_Q8K480,0.0022695,0.012978,0.016972,0.25851747393608093,0.0011159478453919,0.0165301468223333
O08915_Q9D4Q1,0.0021783,0.013,0.016116,0.18520191311836243,0.0053976150229573,0.0004766635538544
Q9Z1X4_P60670,0.0021842,0.01294,0.015971,0.3248688578605652,0.0010937538463622,0.0400367565453052
O88653_Q505F1,0.002183,0.012958,0.016124,0.0439525842666626,0.002291536424309,0.0628610923886299
Q8CGP4_P62270,0.039522,0.019709,0.48885,0.1302860677242279,0.0002530456113163,0.0289051011204719
Q80XE1_P15307,0.0047263,0.013082,0.017044,0.04855141043663025,0.371304303407669,0.0009604321094229
Q5R1C2_P28078,0.049639,0.75345,0.2188,0.025980263948440552,0.9974824786186218,0.0001175498327938
P01645_Q64339,0.0022542,0.014737,0.016029,0.0032241973094642162,0.0023487457074224,0.8995409607887268
O09044_P61255,0.0021914,0.012944,0.015901,0.0014504967257380486,0.0002210318489233,0.017238026484847
Q6R5N8_A6H6Q4,0.0021885,0.012937,0.015925,0.20470426976680756,0.0013167992001399,0.0003425785980653
Q9D4Q1_Q9JHS3,0.0022684,0.013264,0.015924,0.35580089688301086,0.0004763448669109,0.0008823961252346
Q8VEG6_Q63934,0.0021764,0.013048,0.01599,0.01941659301519394,0.0119334207847714,0.0028177595231682
P22091_P70662,0.0075648,0.013007,0.01599,0.07358437031507492,0.5576412081718445,0.2559192180633545
P12023_Q9DC70,0.0022311,0.019554,0.045501,0.45993655920028687,0.0002608642971608,0.0002426477585686
P47753_P22315,0.0021717,0.012917,0.015931,0.006248373072594404,0.0002682645572349,0.0014813302550464
Q60598_Q9DAR0,0.0023396,0.012983,0.01674,0.009355002082884312,0.0042628832161426,0.0073980931192636
P70347_Q8R4G0,0.0021991,0.012988,0.016329,0.1507398635149002,0.00049069855595,0.0026028126012533
P70347_Q60803,0.77958,0.30508,0.016258,0.009196269325911999,0.0062204143032431,0.0012116850120946
Q5XJY5_Q8C2B3,0.0021953,0.012965,0.015954,0.15113605558872223,0.0046936916187405,0.96909761428833
Q9WVG6_P47941,0.0022175,0.013024,0.016857,0.024489762261509895,0.0022542944643646,0.0001976642815861
Q9QYS2_P40336,0.002226,0.012945,0.015927,0.27420392632484436,0.0003268465225119,0.0094155734404921
P05977_Q62425,0.0022788,0.013028,0.015914,0.008231152780354023,0.0004020559426862,0.0321949310600757
P0CG50_P27612,0.0022698,0.013139,0.016483,0.04006613790988922,0.0003249822184443,0.0003683858958538
P30051_P46938,0.035374,0.012935,0.015963,0.04293779656291008,0.0077846967615187,0.0003098235174547
P03966_I6L958,0.0021873,0.097595,0.016004,0.16604329645633698,0.0003431820077821,0.2151069045066833
Q8C031_P30561,0.089012,0.013018,0.015984,0.12516294419765472,0.0010603807168081,0.0163676645606756
P53986_Q64237,0.0022204,0.013065,0.015976,0.012094824574887753,0.0011484436690807,0.3243710696697235
P14753_Q63739,0.0022149,0.012976,0.016771,0.2943914532661438,0.002717898460105,0.0289407782256603
P60605_P62878,0.0073611,0.015657,0.016227,0.03593116253614426,0.9986306428909302,0.000377754564397
Q9EP73_A2NUE8,0.18001,0.55091,0.20496,0.508436381816864,0.9946311712265016,0.6128956079483032
Q61091_P20067,0.0021849,0.012983,0.018531,0.006537288893014193,0.0010371207026764,0.0055721118114888
Q9Z2D6_P08046,0.002391,0.013076,0.016044,0.09082118421792984,0.001339737791568,0.0039082467555999
Q9QZ88_Q9CQY1,0.0021734,0.012931,0.015896,0.0013508956180885434,0.0565622560679912,0.0005395722109824
P62743_O88485,0.0022878,0.01325,0.01595,0.025913147255778313,0.0070655881427228,0.0004652665229514
Q8R2K4_Q61733,0.0022168,0.013142,0.019157,0.08721528947353363,0.0026718876324594,0.227380946278572
Q3UGQ1_Q08509,0.0022272,0.012981,0.016157,0.01846279203891754,0.0004399085009936,0.0052931504324078
P59999_Q80WQ6,0.0022188,0.01293,0.015952,0.16042549908161163,0.0035279649309813,0.0350040420889854
Q80UL9_Q02242,0.36151,0.56762,0.44911,0.0714174434542656,0.9980146884918212,0.0001791751710698
Q9WVL2_P01843,0.002171,0.013904,0.015909,0.16350694000720978,0.0005485307192429,0.1278156638145446
Q99JB6_Q61457,0.0024041,0.012966,0.015985,0.0022155102342367172,0.0274450667202472,0.0429536812007427
O35593_P0CG50,0.0021774,0.013236,0.015929,0.06053606793284416,0.0005195264238864,0.002940253354609
P01897_Q8CGK7,0.0022002,0.014464,0.015931,0.10462276637554169,0.0038743843324482,0.0122144883498549
Q08481_O54786,0.0023011,0.012963,0.01598,0.24637442827224731,0.0020157257094979,0.0077784303575754
P15379_P40226,0.0023359,0.013768,0.018621,0.02460864558815956,0.0017963004065677,0.0002267558447783
P50752_P36898,0.0021908,0.013013,0.015922,0.2672119438648224,0.0002539234119467,0.0002688591193873
Q3V0Q6_P15314,0.0027047,0.012947,0.016087,0.047196753323078156,0.0021488072816282,0.001483911066316
O54790_P53986,0.0023239,0.013094,0.015889,0.07983485609292984,0.0002676356234587,0.0027558514848351
P29452_Q6ZWS8,0.0021829,0.01295,0.016108,0.0016301304567605257,0.0045861206017434,0.006936827674508
P04370_P34902,0.002203,0.013032,0.016038,0.16471730172634125,0.0011421617818996,0.0007153254700824
Q61881_Q9CXU1,0.002183,0.012957,0.015899,0.07563481479883194,0.0010185164865106,0.5006520748138428
O55234_Q60793,0.0022262,0.013133,0.01616,0.015191510319709778,0.0009021285222843,0.000724094978068
Q62225_Q8C0J2,0.002241,0.013008,0.015939,0.07380392402410507,0.0021316581405699,0.0056300917640328
O70263_Q9JIK5,0.0022091,0.013047,0.016892,0.2056065797805786,0.0006501395837403,0.0008703711209818
P63017_Q63943,0.0022044,0.013105,0.015948,0.002241862006485462,0.0074275811202824,0.0010367735521867
Q76MZ3_Q9JHL1,0.0022718,0.013338,0.027936,0.06026526913046837,0.9965221881866456,0.0007675841916352
P09022_P41778,0.023543,0.013098,0.017166,0.18354202806949615,0.8374305367469788,0.001104305149056
P58059_Q9ES57,0.0022047,0.012939,0.015882,0.14368614554405212,0.0002536564716137,0.0024017707910388
Q9CZB6_P07356,0.0021792,0.012938,0.015883,0.16445080935955048,0.0004068301350343,0.0001403104979544
P40764_Q8HWE5,0.0021826,0.014922,0.015943,0.12872569262981415,0.0006624654051847,0.0001500803482485
Q60954_Q80US8,0.0029501,0.013055,0.016016,0.010196058079600334,0.010946343652904,0.0117734810337424
P70441_P02340,0.0022328,0.013015,0.018893,0.28362560272216797,0.0208480041474103,0.0005740213091485
O88685_P48346,0.0022511,0.012955,0.015909,0.14967042207717896,0.0002837791689671,0.000736856367439
P00683_P15307,0.0021826,0.012993,0.01653,0.05571954697370529,0.0003113876155111,0.0054542543366551
Q9JHF9_Q8C669,0.0021751,0.012928,0.015968,0.0037268358282744884,0.0006053540855646,0.0011258160229772
P97318_P98156,0.0022138,0.013128,0.016141,0.0017316787270829082,0.000666830339469,0.0013084105448797
P01592_P47708,0.0022,0.013012,0.016038,0.007250703871250153,0.0003188869741279,0.0007697333348914
P01942_P01867,0.0021819,0.013269,0.015869,0.34627726674079895,0.0017142368014901,0.000297565566143
Q8C180_P62812,0.0022027,0.012942,0.015954,0.11737732589244843,0.0073135704733431,0.0023805641103535
P41136_Q80Y75,0.0035481,0.013098,0.039987,0.27026668190956116,0.0003198484773747,0.0364375822246074
P63141_Q9DCJ7,0.0022232,0.013307,0.019109,0.009273440577089787,0.0002660161117091,0.3643104135990143
P70280_Q61733,0.0022046,0.01319,0.015985,0.27883481979370117,0.0007638522656634,0.0008865407435223
P84091_O70435,0.0021838,0.012938,0.01589,0.004298142623156309,0.0003036173584405,0.0005247474182397
P01665_Q9CQC3,0.0021848,0.012942,0.015909,0.30986663699150085,0.0130254486575722,0.000695553200785
P01869_Q9CQP8,0.0022121,0.012975,0.015935,0.005359672475606203,0.0017512241611257,0.0005688209203071
Q60855_Q9QZL0,0.023792,0.013394,0.26785,0.009334576316177845,0.9987995624542236,0.0275601223111152
P23780_Q8BVZ1,0.002177,0.012942,0.016068,0.012574955821037292,0.0007931605214253,0.0005292582791298
V9GXK1_P40226,0.0022273,0.013046,0.016664,0.24485765397548676,0.0004399236349854,0.1668535768985748
A2NTU7_O08795,0.0023665,0.01958,0.031197,0.48897507786750793,0.0153493555262684,0.0022551761940121
Q9D495_Q9Z2U1,0.0021691,0.012932,0.015911,0.09836489707231522,0.0003755314974114,0.0044181453995406
O09044_P18529,0.0022293,0.013864,0.016088,0.04772040992975235,0.0012133423006162,0.0004215841181576
P08046_Q9JM73,0.042221,0.013222,0.016071,0.03677716106176376,0.014652132987976,0.0006029239157214
P07356_P08207,0.002542,0.013021,0.016554,0.3054686486721039,0.9988068342208862,0.0049387020990252
Q9D4G2_P35951,0.0022129,0.013096,0.015926,0.12830857932567596,0.0013335903640836,0.0002787776174955
Q3UDK1_Q9CXW2,0.0021961,0.012978,0.015929,0.10031285881996155,0.0003895121335517,0.0002272248384542
P01823_Q9JM13,0.0021848,0.012986,0.015933,0.18153297901153564,0.0034706427250057,0.0054525858722627
P12815_P08113,0.0021871,0.013154,0.0159,0.05955733731389046,0.0013547099661082,0.0152538055554032
P09542_Q61216,0.0021878,0.01325,0.018911,0.005088385194540024,0.0005934487562626,0.0006907303468324
P54818_P70662,0.0021936,0.012939,0.016003,0.3995662033557892,0.0039381538517773,0.0002972363727167
P70188_Q8BLC3,0.0021806,0.014031,0.015916,0.0140146529302001,0.0010213470086455,0.8102450370788574
Q924X6_Q9JIK9,0.0022143,0.012936,0.015934,0.024946104735136032,0.0008292457205243,0.0004984498373232
Q9D9V4_P08113,0.0022036,0.012936,0.015933,0.056891068816185,0.0013279565609991,0.0038370229303836
Q9CZQ9_Q8BPZ8,0.0021929,0.012932,0.016119,0.0026560528203845024,0.000954003771767,0.0353779084980487
Q61006_Q9CPX8,0.002962,0.012954,0.015888,0.4494810998439789,0.0024674511514604,0.0001829760440159
Q62108_Q99JY8,0.0021876,0.012969,0.015903,0.03666669502854347,0.0020230358932167,0.0031748067121952
Q9EPU5_Q61730,0.0075606,0.025116,0.085611,0.04879474267363548,0.002675334457308,0.0060805967077612
Q31099_P06339,0.79466,0.62865,0.20931,0.45452097058296204,0.998239040374756,0.0002937756071332
Q62406_Q8JZM6,0.0021908,0.01298,0.015964,0.4712245762348175,0.0064933039247989,0.0149751100689172
O08675_Q61097,0.0022306,0.013222,0.016152,0.4881444573402405,0.0007767684292048,0.0191622041165828
Q9JIY5_P26450,0.0021848,0.012996,0.015905,0.5121904015541077,0.0002340891660423,0.0002034097124123
Q9JMK2_Q9DCL4,0.0022528,0.012965,0.016022,0.17519481480121613,0.0014828466810286,0.0445098578929901
P25799_P49817,0.0021939,0.012956,0.015887,0.034756068140268326,0.0086795706301927,0.0017123926663771
Q9JLC6_P61979,0.0035949,0.012993,0.016084,0.05595775321125984,0.0006527639925479,0.2101394236087799
Q922G7_Q60769,0.0022071,0.012968,0.015947,0.3658052384853363,0.0005922132986597,0.0002022036642301
Q3HNM7_Q5SSL4,0.0022408,0.013359,0.018194,0.22540821135044098,0.0066577992402017,0.17318095266819
P13297_Q5R1F1,0.0022116,0.019265,0.015977,0.02479768730700016,0.0008035884238779,0.0368058122694492
P09803_Q9DAD0,0.0022887,0.01296,0.015979,0.25456348061561584,0.0031129806302487,0.0099679119884967
P09632_P47708,0.002314,0.013482,0.016223,0.039134617894887924,0.0040544206276535,0.0556594990193843
P27659_Q08509,0.0021988,0.012936,0.016027,0.19753976166248322,0.0003102420305367,0.0059023443609476
P60879_P59178,0.0021911,0.01294,0.015938,0.16477718949317932,0.0008536823443137,0.0008834658656269
P48678_Q63739,0.002407,0.013064,0.016296,0.14560306072235107,0.979619026184082,0.0013013799907639
O70263_P23819,0.002178,0.012966,0.015928,0.003467789152637124,0.0005953122745268,0.0014518102398142
Q7TMM9_Q9JL85,0.0022076,0.015004,0.015978,0.006955527234822512,0.0017542479326948,0.0006345577421598
P46938_O89110,0.0021821,0.012979,0.015931,0.021382607519626617,0.0106492796912789,0.0047934129834175
P09022_P62878,0.0021883,0.013051,0.016052,0.002583565656095743,0.0003089945821557,0.2546390891075134
Q920D3_P97287,0.0022049,0.012957,0.015985,0.20101246237754822,0.0005505974404513,0.0009578285389579
Q8BX09_P28076,0.0021765,0.012939,0.015914,0.007649159990251064,0.0007912370492704,0.1122476980090141
P01849_P61080,0.0021794,0.013065,0.015901,0.19729949533939362,0.0004626423760782,0.0021792091429233
P06343_O54788,0.0021928,0.013096,0.015952,0.18660591542720795,0.001730156247504,0.0283843651413917
A2AIP0_Q8R3R8,0.0021772,0.012948,0.015903,0.14944685995578766,0.0014280762989073,0.0616776756942272
O08795_P35980,0.0022057,0.012983,0.016434,0.012640048749744892,0.0003237644559703,0.0007368953665718
Q99ME6_Q9CSN1,0.0022181,0.012935,0.016017,0.07043404877185822,0.0003411422949284,0.2217715382575988
O70589_Q811D0,0.0023452,0.01305,0.0399,0.08166466653347015,0.0248479600995779,0.0105337426066398
P47741_P68372,0.0021904,0.013587,0.016004,0.16693608462810516,0.0003777753154281,0.0009457236155867
P81270_P41274,0.0022187,0.012991,0.016005,0.06456191837787628,0.0010196689981967,0.5096701383590698
A6H6Q4_P01852,0.0021928,0.014208,0.0159,0.008297862485051155,0.0064992615953087,0.00164572277572
Q9JHL1_Q9WTL8,0.0036763,0.012999,0.016245,0.0029182585421949625,0.0124379219487309,0.7654573917388916
Q9WUB0_Q8VDS3,0.0021893,0.013021,0.015983,0.14540798962116241,0.016056403517723,0.0119632286950945
Q9QZH6_P68372,0.0021779,0.013391,0.016145,0.2120029628276825,0.0003345773147884,0.0004312376840971
O35963_P01325,0.0022502,0.016699,0.016006,0.4597063362598419,0.0002887198352254,0.002885294612497
P09631_P41778,0.040485,0.013157,0.016638,0.25642988085746765,0.9983341097831726,0.183336079120636
Q9JIL4_P01872,0.0021731,0.012982,0.01598,0.026714500039815903,0.0030639469623565,0.0219039153307676
P08046_Q9D439,0.0021904,0.012977,0.015953,0.07094445079565048,0.0016040846239775,0.0010275127133354
Q8C180_Q9WVI9,0.16999,0.012969,0.016479,0.009344701655209064,0.0078587541356682,0.0467751808464527
O88621_P39087,0.00231,0.013066,0.016164,0.03690208122134209,0.0009051006636582,0.0007987901335582
Q9D7X3_P42228,0.002171,0.012974,0.016018,0.07453560829162598,0.0004508112324401,0.0008283782517537
Q62432_P15702,0.0022207,0.012957,0.016086,0.059556689113378525,0.0009747633594088,0.0525897368788719
P62301_P28741,0.0021788,0.013014,0.015904,0.09310613572597504,0.0002701796765904,0.4153690934181213
P18525_P98083,0.0022009,0.01302,0.016933,0.13363154232501984,0.0137326680123806,0.0401639901101589
Q18PE0_P62702,0.0021929,0.012938,0.015893,0.04899585619568825,0.0002832809987012,0.0016548517160117
Q9WU78_O35680,0.0021997,0.013111,0.015905,0.054050855338573456,0.0002993080124724,0.0003627072437666
P18524_Q9D4K5,0.0022537,0.013186,0.016799,0.02346404455602169,0.004932811949402,0.0013665712904185
Q9CPW4_Q99MB1,0.0021886,0.012943,0.015896,0.018129048869013786,0.0002810663718264,0.0003883386671077
Q9CQZ5_O70477,0.0022001,0.012971,0.015923,0.06542222201824188,0.0033937208354473,0.9775972962379456
Q9Z2U0_Q80UL9,0.0021838,0.012952,0.015883,0.004606543108820915,0.0002634228731039,0.0597861297428607
Q8BH16_Q07832,0.0021731,0.012973,0.027793,0.03011871688067913,0.0087854601442813,0.0108381938189268
P97481_O54786,0.0033644,0.013019,0.016059,0.15325023233890533,0.0005086268065497,0.0011763501679524
O70570_Q6R5N8,0.005,0.021117,0.030973,0.058054327964782715,0.9147443175315856,0.0005307077663019
P70671_Q60825,0.002191,0.012927,0.015895,0.1718895584344864,0.001098760869354,0.0007965795812197
P61965_Q02242,0.0022096,0.013163,0.016032,0.17989493906497955,0.0005731437122449,0.0286181308329105
Q9R1P3_Q80TQ2,0.002178,0.012925,0.015901,0.21811121702194214,0.0005866969004273,0.0002007523144129
Q3UXZ6_Q62108,0.0022801,0.015364,0.01593,0.08350298553705215,0.9955409169197084,0.0005789641290903
Q9CZX0_Q9DCS9,0.0021982,0.012937,0.015952,0.15899646282196045,0.0013182880356907,0.0001814161951187
P50752_P18760,0.0021864,0.012926,0.015939,0.32613295316696167,0.0057897106744349,0.0696801915764808
P63213_Q60629,0.0021971,0.012963,0.015997,0.1945064663887024,0.0005246928776614,0.0002871225005947
Q9CQ91_O88786,0.0028579,0.013166,0.016161,0.18129809200763702,0.0003322312550153,0.019331706687808
Q8R0L9_P03893,0.002183,0.012941,0.015872,0.028938446193933487,0.0002671349211595,0.000231519472436
Q80V24_Q9JJX7,0.00219,0.012995,0.016376,0.04265636205673218,0.0098953861743211,0.0015854358207434
Q9D9U9_P31938,0.0022351,0.012995,0.016032,0.37822601199150085,0.0011108096223324,0.0744002386927604
P28574_P15116,0.0022841,0.013074,0.015885,0.0007431162521243095,0.0003126718511339,0.0011374045861884
P10085_Q9CSN1,0.0023067,0.012988,0.015985,0.16915355622768402,0.0030544011387974,0.0005514508811756
P07750_Q64287,0.0021759,0.012919,0.016135,0.41403910517692566,0.0006052577518858,0.0027194614522159
I6L991_Q9DAK2,0.0022174,0.013425,0.015887,0.011374500580132008,0.0007318387506529,0.0001578506926307
Q60598_Q9CR57,0.0022926,0.013536,0.12178,0.015847397968173027,0.0008625485934317,0.0228726714849472
P47708_P63011,0.0026113,0.01948,0.016802,0.03099730983376503,0.996667206287384,0.0002337198384338
Q9R1P1_Q91ZD4,0.0021774,0.012921,0.015888,0.17936955392360687,0.0002514788939151,0.0007002044585533
P34902_O09167,0.0022278,0.01294,0.015886,0.07208286970853806,0.0003352270578034,0.0027529411017894
O88448_Q8R4I7,0.0030061,0.014425,0.016901,0.020227739587426186,0.0014170759823173,0.0007927558617666
Q9CWF6_Q9D9D8,0.0021816,0.012952,0.015903,0.005887235514819622,0.0011035401839762,0.0010283759329468
O09106_Q6ZQ88,0.0021901,0.012978,0.016268,0.013962273485958576,0.00395676959306,0.0008767895633354
Q8C0X7_Q62314,0.0022213,0.01301,0.015977,0.34219735860824585,0.0013461494818329,0.0144997080788016
Q8HWE5_Q62170,0.0021923,0.059479,0.051068,0.38290634751319885,0.0035493522882461,0.0014655203558504
Q99KP6_P49718,0.0022463,0.013144,0.016901,0.019495967775583267,0.0004746855120174,0.2888228595256805
Q6ZWN5_P01679,0.0022781,0.012947,0.015895,0.111827053129673,0.0002660567115526,0.1800117641687393
Q811D0_P70188,0.002444,0.013222,0.021071,0.41858920454978943,0.0136677585542202,0.0071543701924383
Q60598_P23812,0.0027548,0.013442,0.016651,0.14995379745960236,0.001092467806302,0.1709825694561004
Q8BHJ5_Q9CXW4,0.0021849,0.012933,0.015958,0.013957475312054157,0.0007863097125664,0.000620323291514
Q9D131_P01823,0.0024165,0.012954,0.015948,0.016095351427793503,0.0042491643689572,0.0015685874968767
P08551_Q99JB6,0.29825,0.30955,0.016133,0.04247260466217995,0.0177052896469831,0.044979989528656
O55033_Q6PAT0,0.0021784,0.012978,0.015922,0.10277754813432693,0.0015494602266699,0.0006004488095641
Q149S1_Q8VDU0,0.0028988,0.01383,0.016028,0.02167503535747528,0.0046229897998273,0.8822938203811646
Q9R207_P70297,0.0026185,0.013023,0.017102,0.6064878106117249,0.0003204812237527,0.0921346172690391
Q8VCB2_Q61171,0.0021764,0.01305,0.015894,0.1363653689622879,0.0003306545258965,0.000420477357693
O55203_Q9WVB3,0.0022304,0.012959,0.016058,0.015976376831531525,0.9628388285636902,0.0113387750461697
Q9QZE7_Q9WVB3,0.002247,0.012996,0.016164,0.03574049472808838,0.0031088043469935,0.1788767874240875
Q7TSN7_Q60989,0.0021921,0.012998,0.015901,0.14737099409103394,0.002394558629021,0.0003053818072658
P01810_Q8BGW0,0.0021703,0.01295,0.015875,0.03565550595521927,0.0166443362832069,0.0001803723280318
Q3TNS5_P51450,0.0021898,0.012997,0.016368,0.20271670818328857,0.005145639181137,0.0001806418440537
Q99PT1_Q8K3J1,0.0021941,0.013007,0.015925,0.06885919719934464,0.0002424255362711,0.0836342349648475
Q9JHS3_Q60591,0.00218,0.01294,0.015903,0.17047445476055145,0.000558398256544,0.0028765639290213
P47713_Q9CQE3,0.0022184,0.012944,0.015932,0.03258906677365303,0.0004870166012551,0.9195022583007812
P62812_P06804,0.0022367,0.02252,0.02736,0.41431257128715515,0.002012848155573,0.0763667449355125
P01867_Q60787,0.0021869,0.013073,0.015928,0.059225380420684814,0.0011038281954824,0.0007460854831151
Q8CIB5_Q9DC70,0.0022012,0.012965,0.015925,0.520348072052002,0.0003398836997803,0.002841567620635
Q62296_O88597,0.0022257,0.012952,0.015921,0.055899590253829956,0.0030509836506098,0.0707415491342544
Q5BN45_P50396,0.0022019,0.013233,0.016102,0.012579641304910183,0.0011096806265413,0.0738651603460311
P02089_Q9D855,0.0022333,0.013008,0.016499,0.027126319706439972,0.0004964983672834,0.000803260714747
Q9JLQ2_P16297,0.009035,0.013042,0.016835,0.12318053096532822,0.0004693841328844,0.2076002061367035
P63330_Q76MZ3,0.0022248,0.013566,0.077892,0.06020447984337807,0.0122748715803027,0.1121905297040939
O35963_P49710,0.0022283,0.013024,0.017463,0.0173693485558033,0.0096290493384003,0.0025618758518248
Q793I8_Q8C031,0.0022016,0.012947,0.016135,0.09330406785011292,0.000384030630812,0.0002812773454934
Q64261_Q9D9U9,0.0021951,0.012953,0.016162,0.07414980232715607,0.000505790580064,0.0008338307379744
P28028_P31938,0.0029717,0.01341,0.24012,0.14878323674201965,0.0336524210870265,0.0021252543665468
P48787_P01823,0.0021899,0.013209,0.015894,0.02795843593776226,0.0004470017156563,0.0213595107197761
Q9DC40_Q8CJG0,0.0021809,0.01305,0.016498,0.15354758501052856,0.0045424299314618,0.0017664756160229
Q60989_Q8CIB5,0.0021975,0.013038,0.015977,0.6200544834136963,0.0279253832995891,0.0146384863182902
P70338_Q9Z1X4,0.0022769,0.014113,0.016021,0.13497675955295563,0.0042334245517849,0.0019404866034165
P10085_Q8BUN5,0.0030131,0.01298,0.016479,0.2407716065645218,0.0036781397648155,0.015155947767198
Q9WVK0_P97792,0.0023914,0.012997,0.015965,0.023291930556297302,0.0006948956288397,0.0003109227691311
P01849_P04919,0.002295,0.012932,0.01597,0.07075350731611252,0.0005028608138673,0.0136973215267062
P60122_Q9ERA0,0.0021755,0.012931,0.015897,0.27280038595199585,0.0008140486315824,0.0002152870147256
P01592_P17665,0.0025576,0.014076,0.022389,0.18308977782726288,0.0003383311268407,0.0009982045739889
Q5F201_P52189,0.0023591,0.013528,0.030256,0.005930723622441292,0.0012870400678366,0.0020404050592333
Q8BLC3_P61080,0.0021944,0.013088,0.015892,0.03248823434114456,0.0002810540609061,0.0013070909772068
Q61768_Q8VCW4,0.0023863,0.015549,0.01601,0.23663407564163208,0.0003233689349144,0.0026637930423021
P62192_E9Q9W7,0.0022176,0.013212,0.016282,0.06378000974655151,0.0022848742082715,0.001692785997875
Q8C0X7_Q920D3,0.0022122,0.013023,0.016442,0.031249944120645523,0.0003302767290733,0.0029911007732152
P14432_Q9CQC3,0.002224,0.012952,0.01598,0.0371352843940258,0.0058998856693506,0.0841478407382965
Q61179_P68369,0.0021766,0.013008,0.016033,0.31855207681655884,0.001491573289968,0.0011736035812646
Q9QUM9_Q61083,0.0021796,0.012946,0.015924,0.24444806575775146,0.0002456819929648,0.0007425315561704
Q60825_P28063,0.0021959,0.013081,0.029483,0.0027398327365517616,0.0002695523726288,0.0003127932141069
Q9R1P0_Q9D4K7,0.0021731,0.012926,0.015891,0.2460935264825821,0.000497764267493,0.001785313244909
Q6QLQ4_P62717,0.0021856,0.012952,0.015954,0.008613718673586845,0.0004775028210133,0.0058837872929871
Q923E4_Q8R3R8,0.0021844,0.013031,0.016027,0.0972135066986084,0.0054134246893227,0.0004982639220543
Q9D495_O88188,0.0021897,0.01302,0.016086,0.013296945951879025,0.0090655861422419,0.006308524403721
P70217_Q9CXY6,0.0022121,0.012961,0.016013,0.015376735478639603,0.0024476619437336,0.0656897723674774
Q9WVB3_P62242,0.0021854,0.012941,0.016921,0.1845838576555252,0.0126139931380748,0.1736188232898712
Q91ZW2_Q9JHD2,0.0021712,0.013025,0.015964,0.1863538771867752,0.0043611312285065,0.0299013536423444
Q0VBL6_Q9D4Q1,0.0023249,0.012963,0.015909,0.1813727617263794,0.000295206089504,0.0017236809944733
P62281_Q9EPK5,0.0021872,0.012939,0.015898,0.006520370952785015,0.0003964183852076,0.0422485060989856
P83940_Q6X6Z7,0.0021758,0.012959,0.015915,0.4779270589351654,0.0004214959335513,0.0499756596982479
Q60629_Q9Z0G0,0.0022506,0.012997,0.025047,0.22968387603759766,0.0005606105551123,0.0005939198308624
Q9D2N4_Q60787,0.074997,0.013033,0.015954,0.06848718971014023,0.0056153032928705,0.1956430822610855
Q6P6J0_P70447,0.0021785,0.013004,0.015906,0.04842708259820938,0.0004238986584823,0.0003383756557013
Q9DCJ7_O70477,0.0022244,0.013068,0.016087,0.020684808492660522,0.0011156246764585,0.0216213297098875
Q04863_P61809,0.0023437,0.01299,0.01652,0.008278582245111465,0.0046621700748801,0.0124712940305471
Q9QUN3_P61092,0.0021815,0.013074,0.015937,0.03882645443081856,0.0004025740781798,0.0018713526660576
Q9Z2U0_Q14B62,0.0021897,0.01294,0.015875,0.01603129878640175,0.0002190371305914,0.0004711000365205
Q3TNS5_Q8CFA1,0.0026904,0.01296,0.016158,0.010287078097462654,0.0010225913720205,0.0002198420552304
P49718_P51945,0.0025173,0.01294,0.01591,0.15028060972690582,0.0003536795848049,0.0371024198830127
Q9WVL2_P12787,0.0021806,0.013143,0.082228,0.05386604741215706,0.0003875178808812,0.3939509391784668
Q8BVM4_Q9R109,0.0021752,0.012942,0.015901,0.15689878165721893,0.0074401595629751,0.0008712519193068
P35330_P30051,0.0021961,0.012952,0.01596,0.01959294266998768,0.000431464111898,0.0006809529731981
Q9ES46_Q8R2K4,0.0021874,0.012983,0.016398,0.06812550872564316,0.0003994266444351,0.069042220711708
A0A2R8VHF7_O54786,0.0022247,0.012939,0.015937,0.10410382598638535,0.0010735901305451,0.0012095348211005
Q62179_Q80ZV0,0.0022104,0.012935,0.015938,0.04045221209526062,0.0003182767541147,0.0018830685876309
O54714_P23772,0.18695,0.013227,0.018456,0.03237322345376015,0.428483784198761,0.0003142216010019
B5KM66_A0A5E3,0.0022164,0.016139,0.015906,0.21918131411075592,0.0006899537402205,0.0007732080412097
P42225_P20263,0.0022191,0.012952,0.016037,0.03202486410737038,0.002556026680395,0.0047498680651187
Q3UNW5_Q52L64,0.0022119,0.013326,0.015999,0.008018841035664082,0.0007595602655783,0.0004340648883953
Q02248_Q8CIB5,0.002342,0.013125,0.02146,0.008934102952480316,0.0137043064460158,0.1567315906286239
P97864_P47941,0.0021915,0.013173,0.016068,0.006042445544153452,0.0020258547738194,0.0015768357552587
Q9QZS3_Q9WVG6,0.78728,0.013496,0.016722,0.041247013956308365,0.0020246743224561,0.0402576066553592
Q8BLC3_P70362,0.0022445,0.02039,0.018613,0.07248737663030624,0.0002499764668755,0.0002740394556894
P47915_P48025,0.0021931,0.012958,0.016002,0.011534938588738441,0.0046197939664125,0.0580707564949989
Q9D8C6_Q8CDT5,0.0022118,0.012927,0.016007,0.3154423236846924,0.0059378314763307,0.3875510692596435
Q61091_Q91WC1,0.0021833,0.012947,0.016074,0.06120957061648369,0.0003787862660828,0.0132175162434577
P56393_O35182,0.0022697,0.013493,0.016009,0.048418477177619934,0.005150428507477,0.0009645513491705
Q9DCS9_Q64339,0.0021713,0.013135,0.015876,0.5167033076286316,0.000263191643171,0.0029995823279023
Q925K9_Q3TXS7,0.0021777,0.013786,0.017658,0.17070843279361725,0.0002992115623783,0.961074948310852
P70347_Q8C5G2,0.0025404,0.012964,0.016042,0.13874676823616028,0.0267732869833707,0.0004624247667379
Q9R207_Q9WTX5,0.0021668,0.012934,0.015925,0.07084876298904419,0.0003730942553374,0.0002556183899287
J3QMY9_P62806,0.0022508,0.012965,0.016046,0.012222371995449066,0.0052279932424426,0.7078323364257812
Q60953_Q62231,0.0022256,0.013043,0.015956,0.17309017479419708,0.0012907247291877,0.0016006029909476
Q9D1R9_P12023,0.0021872,0.012931,0.015906,0.03265415132045746,0.0002407555730314,0.0334560796618461
P0CG50_Q9D2R8,0.0021713,0.013002,0.015884,0.017264729365706444,0.0010727773187682,0.0007124310941435
P06876_Q9CQY1,0.0022378,0.012963,0.016026,0.05871693789958954,0.4305976927280426,0.0292457342147827
Q9D8E6_Q9ERA0,0.0021979,0.012932,0.015939,0.14631395041942596,0.0003793404321186,0.3135561645030975
Q9Z1P6_P97767,0.002228,0.013031,0.015982,0.05741821229457855,0.0063929143361747,0.0002031379844993
P18469_Q8BTU1,0.0022057,0.022404,0.018037,0.16272243857383728,0.0006787355523556,0.0543459504842758
P68372_Q9CQP8,0.0021875,0.013082,0.015933,0.06554937362670898,0.0562427639961242,0.0019258665852248
Q9JHD2_Q91WC1,0.0021861,0.012959,0.016301,0.30974456667900085,0.0174797568470239,0.0681357905268669
X5J519_Q91V27,0.002184,0.013175,0.015944,0.009376023896038532,0.0043741343542933,0.8845227956771851
P28078_Q52L64,0.29821,0.75915,0.2365,0.02917604334652424,0.9865874648094176,0.0096570467576384
Q62132_P19123,0.0021899,0.013149,0.018474,0.029431389644742012,0.0013414978748187,0.0003531151160132
Q80WQ6_Q9DCA2,0.0024666,0.014807,0.015972,0.4385268986225128,0.0009632522705942,0.7727084755897522
P28741_Q3V0Q6,0.0023801,0.013353,0.01596,0.014315496198832989,0.0009287294233217,0.0002288871764903
P46460_Q62108,0.0022281,0.01297,0.016122,0.4712209701538086,0.0015128633240237,0.004295923281461
P42866_P41969,0.0022956,0.01322,0.016781,0.05475115776062012,0.0008663202170282,0.0928063616156578
Q8R2K4_Q9QYP6,0.0046678,0.013116,0.016955,0.0448700487613678,0.0010124207474291,0.0009669145802035
O35449_O54714,0.0024262,0.013246,0.015939,0.058620188385248184,0.0003548721724655,0.2115830928087234
Q9JIY5_Q9CZB6,0.0021823,0.01294,0.015919,0.02824408747255802,0.0002447832084726,0.0363765135407447
P62830_Q62276,0.0021802,0.012975,0.015914,0.2190912514925003,0.000551413919311,0.0028241821564733
Q9D439_Q3UNW5,0.0021881,0.012922,0.01602,0.25467216968536377,0.0023505655117332,0.7507558465003967
Q99L88_Q9CR68,0.0022664,0.016102,0.1983,0.06612369418144226,0.0003397638502065,0.0012064144248142
Q9WVE0_Q8BTU1,0.0021915,0.012927,0.015903,0.11570317298173904,0.0031078900210559,0.0368808805942535
P05132_Q9DBC7,0.0022787,0.013137,0.039409,0.0004313341632951051,0.99860018491745,0.0305797941982746
P51450_Q8BFU0,0.002212,0.01401,0.017363,0.18892242014408112,0.0008840657537803,0.0015111226821318
Q6SP97_O35716,0.0021922,0.012952,0.01594,0.026964789256453514,0.0005173333338461,0.0002844978589564
Q9WUU8_P61979,0.007231,0.013078,0.016029,0.0983266532421112,0.0072061023674905,0.0048995367251336
Q08509_O09108,0.0022066,0.013054,0.015899,0.0011695103021338582,0.004539590794593,0.0002292711433256
Q99MH5_P62806,0.0022126,0.012957,0.015947,0.028449803590774536,0.000281812303001,0.0002338955237064
Q8VIG3_A0A0M3KL48,0.0022029,0.01308,0.016154,0.04040480777621269,0.0011662312317639,0.0005594432004727
P15314_Q8C0J2,0.0029675,0.01308,0.016629,0.0030738774221390486,0.0021337962243705,0.0027448874898254
P21784_P18654,0.0022678,0.012985,0.016281,0.3499673008918762,0.003023830242455,0.0026162099093198
Q9ERK7_P39429,0.0022122,0.01304,0.016046,0.5201079845428467,0.0004711525980383,0.0003611194551922
O55142_Q9D8B7,0.0021952,0.012953,0.015884,0.3413538932800293,0.000246991374297,0.015718825161457
Q9QYP6_Q9CSN1,0.0022415,0.013207,0.015925,0.04922555014491081,0.0040998319163918,0.0015016183024272
Q2NL51_P30051,0.044824,0.013025,0.017438,0.5033775568008423,0.0093238949775695,0.0007245846791192
Q8VEA4_P0CG50,0.0021731,0.013002,0.015887,0.23027846217155457,0.0006480173906311,0.0004082061350345
P20263_P61965,0.0021991,0.013867,0.015975,0.3838924765586853,0.0186702255159616,0.0003272893081884
Q7TQF7_O88508,0.0022026,0.013017,0.016053,0.10662198811769485,0.0025139099452644,0.047223649919033
O70469_Q99M51,0.0026843,0.015729,0.023632,0.13321968913078308,0.0069465711712837,0.0024740537628531
Q9CWH4_Q9QY24,0.0023841,0.012944,0.016247,0.22431987524032593,0.0277548115700483,0.0024390008766204
Q8CGK7_Q9D6J5,0.0021989,0.013,0.016014,0.007633424364030361,0.000347676774254,0.00353799527511
O88895_O88384,0.0021879,0.012954,0.015914,0.14690211415290833,0.0002717104798648,0.1767509132623672
P40336_Q9DC70,0.0022173,0.013045,0.016464,0.23857901990413666,0.0002305220987182,0.0021845947485417
O09106_Q9CR88,0.0021839,0.013042,0.016124,0.538396418094635,0.0003378585970494,0.0003886727208737
Q9WUU8_P52293,0.002335,0.013784,0.016176,0.0042691826820373535,0.0045033730566501,0.0020807567052543
P01592_P55271,0.0022083,0.012961,0.016777,0.24610000848770142,0.0008312022546306,0.0283132437616586
Q9JLC6_D2D553,0.0022398,0.012969,0.015952,0.014852495864033699,0.000427716440754,0.0013661158736795
Q9CPW4_Q03358,0.0022436,0.012962,0.015909,0.07291264832019806,0.0007749359938316,0.0536796748638153
P51450_P01723,0.0021951,0.019743,0.018048,0.006375032011419535,0.0010561490198597,0.0027636948507279
Q8CDT5_Q8VIG3,0.0021888,0.012914,0.01591,0.21117599308490753,0.0615762919187545,0.0015429997583851
Q61180_P20937,0.0022499,0.013071,0.024216,0.062475305050611496,0.0003084841882809,0.001903090858832
Q9CQY9_P47941,0.002269,0.013075,0.024597,0.010577388107776642,0.000259323103819,0.0001790660462575
Q8BUV3_Q9WU78,0.0021875,0.012981,0.015893,0.027755100280046463,0.0021730184089392,0.1477687656879425
P28033_Q149S1,0.42311,0.39876,0.015963,0.044449836015701294,0.0016289760824292,0.7596901655197144
P20937_Q99M51,0.0022578,0.013107,0.016745,0.054563045501708984,0.0010890351841226,0.0028595521580427
O70477_P97457,0.0037442,0.013161,0.016314,0.05496285855770111,0.0030359395314007,0.0005891007022
Q9CQT6_P01575,0.0022012,0.012932,0.015941,0.02145296521484852,0.0008530619670636,0.0003075054846704
Q60629_Q9CVB6,0.0022012,0.012971,0.015924,0.06549666821956635,0.0019532272126525,0.0003491091192699
Q63943_P70340,0.38265,0.012955,0.016164,0.02386533096432686,0.0081448964774608,0.0004860413318965
P48025_D3Z338,0.0021898,0.012947,0.01594,0.06615118682384491,0.0066069024614989,0.0802843421697616
P46660_Q9DAM2,0.0024675,0.014295,0.015919,0.28999677300453186,0.0283081568777561,0.0034844290930777
Q9R1P0_Q62179,0.002179,0.012931,0.015871,0.07120587676763535,0.0002080663107335,0.0068056783638894
P98156_Q9DAG4,0.0023413,0.012963,0.016146,0.21724027395248413,0.0016373869730159,0.0001833391288528
Q99J83_P48025,0.0021696,0.012954,0.015906,0.002812255872413516,0.0008750252891331,0.0150894066318869
P62259_Q64339,0.0022385,0.013099,0.017243,0.026470910757780075,0.0030157577712088,0.0272691920399665
P70217_P68433,0.0022182,0.013013,0.016221,0.05700351297855377,0.0036687334068119,0.0416728034615516
P97784_P63073,0.0021946,0.012955,0.016631,0.02429797872900963,0.0004239253757987,0.000423276622314
Q9D495_P43006,0.0023236,0.012985,0.015943,0.20012366771697998,0.0007325731567107,0.0294928345829248
P02340_P62984,0.0021818,0.013094,0.01591,0.23353804647922516,0.0012596072629094,0.0047357375733554
Q9R1P4_P04919,0.0021851,0.012922,0.015892,0.2643376588821411,0.0002965013554785,0.0005835019983351
P70188_Q921D4,0.0021879,0.013029,0.016755,0.0367138497531414,0.0593827851116657,0.0005257238517515
Q8BUV3_P62849,0.0021872,0.012986,0.015906,0.263109028339386,0.0003653011808637,0.0468071140348911
P16388_Q62108,0.0022015,0.012988,0.018522,0.09803497046232224,0.2957538366317749,0.0003873989335261
Q6DIA7_P00756,0.0021908,0.013014,0.015972,0.12668238580226898,0.0023534107021987,0.0053353095427155
P51150_Q91VN6,0.015939,0.023821,0.060526,0.1351190209388733,0.000433950102888,0.3766553699970245
Q9DC71_O55013,0.0021955,0.012978,0.01596,0.13818560540676117,0.000319862505421,0.035545065999031
Q61045_Q6QLQ4,0.0021903,0.012983,0.016332,0.03746989741921425,0.0002674922288861,0.0004483929369598
O88942_Q61006,0.0021931,0.013068,0.02908,0.007073363289237022,0.0005101628485135,0.0790951773524284
P14685_Q9Z0W1,0.0022052,0.015725,0.016041,0.03364042937755585,0.0003942314069718,0.1824163347482681
P46096_O55234,0.0022707,0.012944,0.015913,0.2748187780380249,0.0002144750615116,0.0004432007262948
P59999_Q62108,0.0021756,0.012961,0.015937,0.4621260464191437,0.0015302503015846,0.0395295619964599
P16054_Q9CQV8,0.0022081,0.014932,0.086525,0.07275928556919098,0.0432438589632511,0.0024050918873399
Q99JW4_Q9JJ59,0.0021943,0.013171,0.016051,0.003622773103415966,0.0002705777005758,0.4067526459693908
P02340_Q8R4A3,0.002243,0.012968,0.021001,0.24681082367897034,0.0045945025049149,0.2767664492130279
P03966_P35329,0.0023436,0.015687,0.016116,0.46401920914649963,0.0003903779143001,0.0006910111987963
P30285_P53566,0.0038463,0.01319,0.016584,0.39027005434036255,0.9936723709106444,0.0333291813731193
O88685_Q99L88,0.0022377,0.01311,0.016019,0.18436400592327118,0.0009097366128116,0.0004603530978783
Q99JB6_Q8K3I6,0.0022216,0.013041,0.016029,0.014983602799475193,0.0006840197602286,0.0086068231612443
Q99MB1_Q8C1B7,0.0021929,0.013918,0.015921,0.0012892803642898798,0.0010107697453349,0.0084069930016994
Q8BTU1_Q9Z1X4,0.0021769,0.012923,0.015889,0.18865147233009338,0.0009059227886609,0.0012008636258542
P62751_Q9QWH1,0.0021726,0.013126,0.015974,0.26328250765800476,0.0008939161198213,0.0233406424522399
P98083_Q9QYY0,0.27543,0.012979,0.016159,0.0013278123224154115,0.0203911196440458,0.0004138159856665
Q5XJY5_Q61457,0.0021777,0.012921,0.015957,0.08795630931854248,0.0095494855195283,0.00025774675305
P97318_Q61097,0.023442,0.013043,0.016279,0.006369338370859623,0.0047715888358652,0.000648410001304
P63248_P00683,0.0023208,0.012941,0.015857,0.12281446158885956,0.000259184918832,0.0004861198249273
Q80X85_Q9CZX0,0.0022931,0.012946,0.015912,0.11381757259368896,0.0006430500652641,0.0002223828341811
Q921A6_P47757,0.0021697,0.013045,0.01589,0.004036834929138422,0.0012487972853705,0.0028937675524502
P16675_P14115,0.002187,0.012946,0.015927,0.0019097387557849288,0.0002922840067185,0.0022582651581615
P15806_Q60989,0.0022143,0.013186,0.015937,0.18358105421066284,0.0240279715508222,0.0109988348558545
O70589_P47757,0.0021717,0.01296,0.015917,0.15022844076156616,0.0072375042364001,0.0300258994102478
P01645_Q9JM54,0.0021888,0.012947,0.015863,0.06033644825220108,0.0016179796075448,0.088412307202816
Q9CPX8_Q6P3B9,0.0022792,0.014951,0.01936,0.3559217154979706,0.0037568644620478,0.0249087382107973
O88566_Q99NC0,0.06623,0.012959,0.016794,0.16011083126068115,0.0022245359141379,0.0059994086623191
P10085_Q80ZS3,0.0022483,0.013163,0.015979,0.0376703143119812,0.0008188097272068,0.0069316597655415
Q9WVR4_P63166,0.0027697,0.013056,0.01593,0.0991593599319458,0.0066812303848564,0.0015632631257176
Q91WQ5_Q9JHD2,0.002646,0.013347,0.021488,0.08931860327720642,0.0639961436390876,0.0019508099649101
A0A087WRI3_Q9DCJ7,0.0022167,0.01294,0.015986,0.0021987997461110353,0.0015554471174255,0.8132349252700806
Q9QYP6_P08113,0.0022165,0.012983,0.015933,0.08882001787424088,0.0265985094010829,0.000374686991563
Q9QYP6_Q9WUN2,0.069663,0.031417,0.016833,0.007416474167257547,0.0138651086017489,0.1452765017747879
Q64028_Q9D4K5,0.0022699,0.013003,0.015964,0.2063748985528946,0.0121266804635524,0.1492257565259933
P15209_Q9QYK7,0.0021881,0.013085,0.016202,0.017312688753008842,0.0010099466890096,0.0026695479173213
Q9JMK2_Q9CXW2,0.002196,0.01301,0.016315,0.037718478590250015,0.0004993867478333,0.5388607978820801
P29352_Q9WVS7,0.0023435,0.013045,0.017184,0.0662556141614914,0.0084016127511858,0.0003221467486582
Q01887_P03903,0.0027245,0.013305,0.015941,0.006213714834302664,0.0002460584801156,0.0029824036173522
Q9R109_Q76MZ3,0.0021591,0.013251,0.0159,0.0740630030632019,0.0011311608832329,0.0005409099976532
O88448_P23242,0.0025057,0.013595,0.019206,0.06034425273537636,0.0008364827372133,0.0085271429270505
Q9Z2U0_P58283,0.0021729,0.012939,0.015902,0.3521289825439453,0.0002577425912022,0.0038656725082546
Q9Z1X4_O70439,0.0022104,0.013006,0.015915,0.14518941938877106,0.0004931903677061,0.000434461486293
P42567_Q9D032,0.062234,0.013246,0.016009,0.02756725437939167,0.3109880685806274,0.0009772256016731
P15116_Q99J83,0.0021918,0.012951,0.015891,0.013915196992456913,0.0003674043982755,0.0023556724190711
P01897_Q9R109,0.0021811,0.013056,0.020369,0.0073117781430482864,0.0005725512164644,0.0012331436155363
Q8BG40_Q6R891,0.0053772,0.013397,0.016073,0.07022854685783386,0.0202627629041671,0.1382167041301727
P52503_Q62276,0.0021986,0.01298,0.015897,0.005826480221003294,0.0003611089487094,0.0002613270480651
O08795_Q9CWE6,0.0022003,0.012929,0.015966,0.18906313180923462,0.0004364421183709,0.0047585135325789
O55222_P28063,0.0021814,0.013039,0.016022,0.044920533895492554,0.0003051379462704,0.0003163017972838
Q91XL9_Q9DB91,0.0022211,0.013168,0.016032,0.014601364731788635,0.0029405355453491,0.0003427558403927
Q9CR21_Q9D8B7,0.0022529,0.17644,0.59279,0.0011033960618078709,0.0002971901558339,0.0005338487681001
Q6PAT0_Q9DC37,0.0021841,0.01311,0.016348,0.01691661775112152,0.0002879490202758,0.0002937321842182
Q8CGN5_P10126,0.0021899,0.01295,0.015969,0.006704241037368774,0.0002547799085732,0.0150230005383491
P16390_Q62108,0.0021943,0.012988,0.019857,0.029564809054136276,0.0032773395068943,0.0027927071787416
Q63810_Q5XJY5,0.002181,0.013037,0.015881,0.13905790448188782,0.2874290645122528,0.0374014489352703
Q3U1F9_P58064,0.0021821,0.012987,0.015931,0.13783487677574158,0.0002588858187664,0.0003289669693913
O08785_P29754,0.0024377,0.013175,0.015969,0.0070109982043504715,0.0002887996670324,0.0049422844313085
Q80Y75_Q6P8X9,0.002193,0.012961,0.015922,0.09483341127634048,0.0036800962407141,0.0006114169373176
Q8CBW3_P52946,0.0025027,0.013053,0.01615,0.017910391092300415,0.0051629724912345,0.0115073900669813
B8ZXI1_P59999,0.0022167,0.012942,0.015901,0.00940761063247919,0.0012118690647184,0.0067943390458822
P60122_Q61699,0.0021982,0.013041,0.016117,0.00456332927569747,0.0005282656056806,0.0126760983839631
Q9DCJ5_Q8CFI0,0.0022427,0.01294,0.016026,0.650416910648346,0.001209104200825,0.0105865048244595
P56393_Q08024,0.0022052,0.013371,0.015921,0.7223785519599915,0.0023453659377992,0.0059112594462931
Q9QY24_Q9WUN2,0.0023305,0.012959,0.016456,0.052879348397254944,0.0009556941222399,0.0003064536722376
Q8R1I1_Q9D9D9,0.0023073,0.012953,0.015894,0.25313234329223633,0.0006691935705021,0.8886394500732422
V9GXK1_Q9JHF9,0.0022064,0.012972,0.016107,0.27516278624534607,0.0008137274417094,0.6623374223709106
Q9Z2X2_Q62232,0.0021876,0.013515,0.021071,0.09279971569776535,0.0026133807841688,0.0020920119713991
Q9CY16_P01750,0.0022642,0.24262,0.069932,0.08331850916147232,0.0002903003187384,0.007615344133228
Q69Z66_P61979,0.0022087,0.012962,0.016119,0.02040543593466282,0.9839327335357666,0.0011225134367123
Q08369_P61957,0.049812,0.013008,0.48706,0.46822360157966614,0.0126583436504006,0.0109692625701427
Q5EE38_O35449,0.0022053,0.013754,0.01601,0.012170788832008839,0.0009789696196094,0.0023306810762733
Q9CQY1_Q62093,0.00218,0.012979,0.015942,0.09422910958528519,0.0019686887972056,0.0280559286475181
O55013_A0A0G2JF94,0.0021996,0.01296,0.015879,0.03337084501981735,0.0017193665262311,0.0006634750170633
Q9D7W5_Q61827,0.0029729,0.013047,0.015923,0.01725638099014759,0.0003672722086776,0.0127480877563357
Q9QUM4_O88447,0.0022687,0.016905,0.016073,0.17855994403362274,0.0003773908538278,0.0002803066454362
Q62132_P42866,0.0040278,0.013427,0.050388,0.4312049150466919,0.0004619109095074,0.0030572994146496
Q8BVM4_Q9JMK2,0.0022047,0.013095,0.015931,0.034299254417419434,0.0030145794153213,0.8241063952445984
Q9WU32_P27870,0.0022204,0.013734,0.016124,0.003068475751206279,0.0003553566348273,0.1007292717695236
P18052_O89100,0.0022229,0.01372,0.018692,0.30500853061676025,0.0009067552746273,0.0274182222783565
P01864_P42669,0.0021794,0.013043,0.015881,0.09109080582857132,0.0011155726388096,0.0030307383276522
Q8VD72_Q8VCI5,0.0021868,0.013108,0.01595,0.06124582886695862,0.0235785022377967,0.0156022012233734
E9Q9F6_P01837,0.002189,0.019536,0.016093,0.21105025708675385,0.0089145051315426,0.0891965180635452
P47708_P55258,0.002776,0.026578,0.016558,0.09841039031744003,0.9966198205947876,0.0074778981506824
P01747_P55258,0.0022749,0.206,0.01646,0.1308494210243225,0.0011926249135285,0.0428067073225975
Q6DIA7_Q8R0S2,0.48756,0.012981,0.027635,0.09126905351877213,0.0049493173137307,0.0375259742140769
Q8R4G0_Q3UI43,0.0022095,0.01303,0.017168,0.019410202279686928,0.0005001725512556,0.0151626244187355
O70274_Q2TBA3,0.002177,0.012948,0.016266,0.009810450486838818,0.0030904691666364,0.3724853992462158
Q9D8B4_P26049,0.0031758,0.012946,0.016213,0.011710180900990963,0.0004294844984542,0.0292439758777618
Q01887_P51683,0.0025632,0.013148,0.17999,0.00946947280317545,0.0007743414025753,0.0941139981150627
P15209_P27782,0.0021989,0.013247,0.025056,0.23263804614543915,0.0005327731487341,0.0476869195699691
O35089_O54828,0.002179,0.012928,0.015888,0.017592739313840866,0.0002141726436093,0.0622062087059021
P19253_Q99PI8,0.0021813,0.012927,0.015879,0.002723947400227189,0.000230777208344,0.2734961807727813
Q9D7W5_P01837,0.0021684,0.015721,0.015863,0.060112953186035156,0.0002285940572619,0.0173809826374053
P22366_P56477,0.0021835,0.012936,0.015983,0.1024952083826065,0.0005078212125226,0.0008877922664396
Q5EE38_P27038,0.002216,0.013035,0.016584,0.12746506929397583,0.0003481794847175,0.0003317371883895
Q9D6J6_Q9JJY9,0.0023321,0.31061,0.18023,0.22428694367408752,0.0002269401447847,0.0001849610125645
O88621_Q9WUL7,0.024882,0.015345,0.016374,0.46741002798080444,0.0247803200036287,0.0060523371212184
P01739_Q9CZQ9,0.0022048,0.01296,0.015917,0.1841132640838623,0.0008257621084339,0.0225360542535781
O09100_O70570,0.0022069,0.013036,0.015929,0.009898049756884575,0.0004242948489263,0.0122306365519762
Q61501_Q8VE22,0.0022158,0.012929,0.015985,0.3410201668739319,0.0031984946690499,0.0010173401096835
P61092_P49817,0.0022038,0.012976,0.015915,0.08538629859685898,0.0002536605752538,0.0059740263968706
Q9DCL4_Q9CPP6,0.002201,0.01296,0.015906,0.03250802308320999,0.0051334681920707,0.0039195008575916
P23780_Q9WV31,0.0021807,0.012964,0.016067,0.6215184330940247,0.0007509845891036,0.0014842353994026
P53986_P12367,0.0021946,0.012978,0.016106,0.016429618000984192,0.0003082490293309,0.0007754142861813
P61809_P22892,0.0022327,0.01314,0.017237,0.032845593988895416,0.000663915881887,0.0024119354784488
Q9CXY6_P62315,0.0022218,0.012971,0.015886,0.28524917364120483,0.0005531323258765,0.0014765312662348
Q8C0J2_Q924X6,0.0023279,0.013043,0.016102,0.08534485846757889,0.0011798407649621,0.0013384063495323
P02340_Q60665,0.002257,0.012966,0.016528,0.13691696524620056,0.0153833804652094,0.1553512513637542
P35396_Q9QXL8,0.0021753,0.012951,0.015948,0.021308934316039085,0.0017028165748342,0.0095896814018487
Q9CQP8_P55271,0.0022203,0.01302,0.017243,0.043491702526807785,0.0330428220331668,0.0001649641053518
P68037_Q80W99,0.0023036,0.013448,0.015996,0.0023887213319540024,0.0003627015685196,0.1162377521395683
Q9DAJ2_Q8CGP6,0.0021743,0.012978,0.015956,0.05595584958791733,0.0007509341812692,0.0509957149624824
P13405_Q00322,0.0029104,0.013038,0.015959,0.16377457976341248,0.0037415579427033,0.0017761336639523
P70195_O88895,0.0021887,0.012971,0.015961,0.13390743732452393,0.0002208349178545,0.0035765382926911
Q8VCW4_Q8R4I1,0.0022023,0.013484,0.016046,0.054366063326597214,0.0007369631784968,0.0007268704357556
P62267_Q9CQI9,0.0021837,0.01295,0.015885,0.31695181131362915,0.0004536959750112,0.0042219441384077
P00756_P70444,0.0022002,0.013037,0.015948,0.09408244490623474,0.0011198731372132,0.0006089839152991
P50752_P25118,0.0021943,0.012952,0.015918,0.1783263087272644,0.0003248998255003,0.6603373289108276
P68433_P58064,0.0026865,0.013033,0.017325,0.005845456384122372,0.0012146680383011,0.0014076728839427
Q9DCL4_Q62192,0.0021784,0.013088,0.015882,0.13722941279411316,0.0002893359633162,0.0005347945261746
P01648_O88643,0.0025781,0.019865,0.016199,0.12711374461650848,0.0174206458032131,0.0004713212547358
Q07763_Q8VCB2,0.0022205,0.013111,0.016462,0.2677232623100281,0.0004151275497861,0.0008191605447791
Q63739_Q9JMA2,0.0022131,0.013002,0.016189,0.07103613018989563,0.0003737867227755,0.0401072464883327
Q3TTA7_O88485,0.0041059,0.013019,0.017115,0.017077535390853882,0.0006409531924873,0.12729312479496
P13504_P97372,0.0021893,0.012952,0.015943,0.004068734589964151,0.0012451973743736,0.0030822867993265
P68369_Q62158,0.0021857,0.013544,0.016043,0.21491801738739014,0.0006797045934945,0.0815269351005554
P01747_Q9Z1E3,0.0021981,0.015058,0.016187,0.3806014060974121,0.0024556091520935,0.1838488578796386
Q9R111_Q9DAM2,0.0021712,0.013068,0.015891,0.0019439583411440253,0.0004130533779971,0.0006948694353923
Q8C0X7_P15379,0.0022421,0.013108,0.016271,0.3750501871109009,0.0010091123403981,0.0059185354039072
P62849_O88188,0.0022232,0.012944,0.015881,0.11473527550697327,0.0002215576678281,0.0002660716709215
P63085_Q99N87,0.0021895,0.013244,0.016579,0.21596387028694153,0.0002187155623687,0.0013049092376604
Q52L64_Q9DAU1,0.0027422,0.077135,0.29472,0.020899882540106773,0.0491882935166358,0.00139239593409
P63085_Q61097,0.0024554,0.013442,0.061558,0.008292734622955322,0.029649019241333,0.0028544077649712
Q9Z1K6_Q04735,0.0022065,0.013046,0.016035,0.05480559915304184,0.0171972960233688,0.6427088975906372
Q6X6Z7_P62843,0.0021865,0.012934,0.015914,0.03475949168205261,0.0011972665088251,0.003902886994183
P16390_Q8BTU1,0.002189,0.012959,0.015909,0.06380823254585266,0.0004343465843703,0.0150659326463937
Q60692_P40336,0.0021961,0.01293,0.015924,0.19285432994365692,0.0001988417643588,0.0316434875130653
Q03358_Q9CQA5,0.0051578,0.01305,0.016015,0.02248336188495159,0.0079965116456151,0.0092731555923819
Q9CPX6_Q9WVK0,0.0022223,0.012915,0.015885,0.23646913468837738,0.0004549976729322,0.0012704717228189
Q9D4K5_Q80UL9,0.0022227,0.013029,0.01611,0.05955039709806442,0.0013976829359307,0.0037102692294865
Q9QZ88_O88685,0.0023216,0.012941,0.016221,0.003145994385704398,0.0061915782280266,0.0079401945695281
P52927_Q62424,0.002215,0.013103,0.015976,0.044502921402454376,0.0051376363262534,0.0142089333385229
Q8BHJ5_Q9CQZ5,0.0022236,0.013056,0.015929,0.28153544664382935,0.0022546611726284,0.00054958864348
P70441_Q61699,0.0022954,0.012988,0.016239,0.009614759124815464,0.0110541563481092,0.0032200347632169
O88513_P46096,0.0021936,0.013366,0.015998,0.0578748844563961,0.0004395070136524,0.0007373975822702
P01592_Q9WV60,0.002192,0.012981,0.01603,0.10992658883333206,0.0008642973261885,0.032804362475872
Q9CWF6_O08582,0.0021898,0.013034,0.015942,0.40320509672164917,0.003589566797018,0.0020400662906467
Q3V0Q6_Q9CQ75,0.0021799,0.013012,0.0159,0.23543517291545868,0.0011156543623656,0.0006798966787755
P09022_P15209,0.0022193,0.013296,0.025763,0.05782712996006012,0.0005483062122948,0.0002413091860944
Q60598_Q60821,0.0022932,0.013034,0.01887,0.0453779511153698,0.0015851953066885,0.0024355689529329
P15209_Q62193,0.0021955,0.013085,0.017504,0.0598580576479435,0.0003008374187629,0.0006589934928342
Q9D485_Q14B62,0.0022068,0.012948,0.015966,0.13839386403560638,0.0003708187141455,0.004045567009598
Q9DAM2_O35963,0.0022297,0.013671,0.016106,0.003260223660618067,0.0082997698336839,0.0018774656346067
P58801_Q9JHJ3,0.0021872,0.013031,0.016328,0.1463715136051178,0.0004429943801369,0.0019546044059097
P08113_Q61221,0.0021957,0.012983,0.016023,0.0828774943947792,0.0004399345489218,0.0051066889427602
Q9D1P4_Q99N87,0.0021851,0.012934,0.015952,0.11518096178770065,0.0005258160526864,0.0004027807735837
Q8VE22_P08103,0.002179,0.012962,0.016013,0.21193952858448029,0.0002980169665534,0.1963077038526535
Q80ZS3_Q9DC37,0.0022038,0.013183,0.026939,0.003657202934846282,0.0002265015209559,0.0001637415989534
Q62170_Q08481,0.0026186,0.014289,0.034945,0.0021859840489923954,0.0031213820911943,0.0008667379734106
Q9DCS9_Q99PT1,0.0022123,0.012949,0.015921,0.0040811216458678246,0.0005150773795321,0.0332013592123985
Q9CR57_Q00422,0.0021896,0.01298,0.01596,0.02440636046230793,0.0004786096687894,0.0010810272069647
Q62158_Q9CWH4,0.0022604,0.013029,0.016967,0.0009075133129954338,0.0015069568762555,0.1659054905176162
Q9CY58_Q64028,0.016274,0.012952,0.01626,0.16898894309997559,0.000489943777211,0.0003312327899038
P23798_P62751,0.0021806,0.013082,0.016023,0.41248562932014465,0.0005530703347176,0.170365110039711
O55013_P97287,0.0022021,0.012925,0.015913,0.07889353483915329,0.0056755077093839,0.003206051653251
P01679_Q921D4,0.0021901,0.01294,0.015881,0.45038798451423645,0.0018558636074885,0.9634286761283876
Q61190_P63328,0.0022653,0.013068,0.016213,0.04005444422364235,0.0007293204544112,0.0004707290790975
Q8C4G9_Q9CQY1,0.0022525,0.012961,0.016038,0.004071978386491537,0.0034986990503966,0.0005874939961358
P42228_Q8C6B2,0.0033366,0.01314,0.022216,0.11824730783700943,0.0022000314202159,0.0002030663454206
P17665_Q9D7N3,0.0027686,0.013618,0.54258,0.007940183393657207,0.9982093572616576,0.5120741724967957
Q9D8B7_P01108,0.0022334,0.014927,0.015942,0.2476382851600647,0.0003079423331655,0.0530322901904583
P28078_P14869,0.0021814,0.012972,0.015872,0.16634277999401093,0.0002238165470771,0.0178056992590427
E9Q9W7_Q9CQY9,0.0022063,0.013274,0.016868,0.016127249225974083,0.0007429576362483,0.0106687443330883
Q9JIY5_P62754,0.0022157,0.012935,0.015907,0.005523941479623318,0.0005914111970923,0.0003832017246168
O88653_P25118,0.0021856,0.012936,0.015898,0.05806177482008934,0.0003167275572195,0.0018707435810938
P13297_Q9ERK7,0.0022428,0.013151,0.016451,0.003728356910869479,0.0003939301241189,0.0010426684748381
Q9JM63_P51450,0.0022044,0.012998,0.016002,0.09622937440872192,0.0095630707219243,0.0466982051730155
Q4KKZ1_Q8VI24,0.0021941,0.012942,0.015907,0.012691152282059193,0.0030845983419567,0.0007319322321563
P26369_P15314,0.0022935,0.012947,0.016348,0.007764715701341629,0.0063879843801259,0.0011034754570573
O70274_P48168,0.0021893,0.012967,0.016083,0.3995212912559509,0.0008162159938365,0.0112736504524946
Q8BVZ1_Q8C0J2,0.0025771,0.013249,0.015917,0.001309436047449708,0.0013809207594022,0.0005145533359609
P48437_Q9WVL2,0.0094491,0.012972,0.016037,0.05683658644556999,0.0037840495351701,0.0011922522680833
P61080_P47962,0.0021859,0.01298,0.015876,0.006943002343177795,0.0003194032760802,0.0145609751343727
P16388_P99026,0.0021837,0.012975,0.015937,0.3359546661376953,0.0002206158096669,0.0010835129069164
Q6X6Z7_Q8C180,0.52826,0.012985,0.016025,0.08107490092515945,0.0065785683691501,0.0013574517797678
A2NTY6_Q9CWR8,0.0022113,0.013061,0.02053,0.012974751181900501,0.0008443224942311,0.0246157143265008
A2A825_P58283,0.0022039,0.012991,0.016023,0.1880447417497635,0.0054557961411774,0.0001941763039212
P52795_O35593,0.0022666,0.012982,0.016036,0.1061435416340828,0.0005743826040998,0.0004801486793439
Q61771_P50580,0.0021787,0.013144,0.015916,0.0408245325088501,0.0004019394400529,0.0004384079657029
P62855_G5E8A8,0.0021994,0.012933,0.015935,0.16045919060707092,0.0002554492966737,0.2535207569599151
Q60954_P61358,0.0021811,0.012947,0.015928,0.04439246281981468,0.0004802080220542,0.0387596637010574
Q9JLQ0_Q811G0,0.0023591,0.013572,0.016256,0.12843796610832214,0.9978941082954408,0.0211481545120477
P09023_Q07832,0.020154,0.014745,0.025388,0.3978769779205322,0.0101512856781482,0.391819953918457
P01108_P97459,0.0083468,0.013051,0.016422,0.2001272439956665,0.0007138238870538,0.0003777518577408
Q62170_P01851,0.0023135,0.013054,0.018619,0.16332826018333435,0.0044614975340664,0.333274096250534
Q61768_Q9D4G2,0.92586,0.82332,0.016072,0.04228160157799721,0.0063273473642766,0.0014560915296897
Q61387_P42669,0.0023085,0.012968,0.015915,0.033946216106414795,0.0005968391778878,0.0002617888967506
P18760_Q99K74,0.002168,0.013047,0.016821,0.044251494109630585,0.0010468394029885,0.0116890911012887
Q99JW4_P35585,0.002174,0.012983,0.015862,0.049589112401008606,0.0004491092695388,0.0006279895314946
Q61190_P98084,0.00241,0.012969,0.016988,0.26944583654403687,0.0014650381635874,0.0006389663903973
Q61730_D3Z338,0.0022082,0.013204,0.016828,0.0208029393106699,0.0005428488948382,0.0018486372428014
Q9JMA2_Q9WVE0,0.0022883,0.015042,0.01619,0.19486767053604126,0.0008154032984748,0.0005552443908527
P07356_Q65ZL8,0.0022172,0.012955,0.015886,0.03138887137174606,0.0068059843033552,0.0017768169054761
B8ZXI1_P58252,0.0022474,0.013064,0.016308,0.074933722615242,0.0005283446516841,0.0606191493570804
P51683_Q80XZ4,0.0038484,0.01309,0.10999,0.09466227144002914,0.0022901881020516,0.0064079826697707
Q8K2G4_P52800,0.0022411,0.012955,0.016666,0.0495181567966938,0.0002677412703633,0.0387662649154663
O35963_P28033,0.0033648,0.054442,0.01618,0.15344925224781036,0.0010517950868234,0.4870696663856506
Q9CXU1_Q9WTL8,0.002207,0.013073,0.015888,0.019990578293800354,0.0015687317354604,0.0153032215312123
P62858_Q9D2N4,0.0021815,0.01295,0.015865,0.09845183789730072,0.0004216134548187,0.0005078734830021
Q8K214_Q9CQJ4,0.0021833,0.013095,0.01596,0.0010122267995029688,0.0011311947600916,0.0002251177793368
Q9DAD0_P01631,0.002199,0.012949,0.015882,0.3883248567581177,0.001745092566125,0.0001408354000886
Q3U0V2_P62305,0.0021781,0.012938,0.015906,0.021342258900403976,0.0002634248521644,0.0003433335514273
P09022_P46471,0.0024451,0.013404,0.016102,0.05963374301791191,0.0004470963031053,0.0004104343825019
Q9CXZ1_Q9DCJ7,0.0022062,0.079758,0.86252,0.004122051410377026,0.0011168820783495,0.0029981194529682
Q80Y75_P62830,0.002211,0.013257,0.016029,0.002002144930884242,0.0002413740585325,0.0016316716792061
Q6X6Z7_Q9DCJ5,0.002479,0.01294,0.015912,0.1800319105386734,0.0009045174228958,0.0008408380672335
P46096_P70217,0.0021824,0.013009,0.016092,0.01937367022037506,0.001707506366074,0.0012784785358235
Q99LM9_P45448,0.0021813,0.01296,0.016053,0.01561040710657835,0.0018436794634908,0.0032015200704336
Q8K480_P98083,0.0021999,0.012958,0.016234,0.45945096015930176,0.0019379513105377,0.0007831017719581
Q60631_Q60749,0.0021885,0.012998,0.016509,0.010073487646877766,0.0003053163236472,0.0001481462386436
P23812_Q9D9U9,0.0022298,0.013063,0.015912,0.08639571815729141,0.0005434119375422,0.0014637309359386
O88282_P41183,0.0031801,0.013198,0.031497,0.01880118064582348,0.9975632429122924,0.000450193445431
Q9D9U9_P63001,0.0025383,0.013011,0.016068,0.12062711268663406,0.0025330851785838,0.002659612102434
O35226_P55258,0.0023853,0.013157,0.025861,0.22144217789173126,0.0269303731620311,0.0172047298401594
P63101_Q9CPX7,0.0021972,0.013019,0.0159,0.07918547838926315,0.0012280553346499,0.0004752369131892
P40338_O89100,0.0021894,0.012991,0.017189,0.05842890590429306,0.050744891166687,0.0005037716473452
O88643_P63001,0.0033738,0.016387,0.022501,0.04044529050588608,0.9977557063102722,0.0092713553458452
Q9JMA2_O88448,0.0021643,0.04386,0.015919,0.018245771527290344,0.0019572842866182,0.0042161764577031
P97767_Q62232,0.0078223,0.013048,0.016131,0.045673076063394547,0.0114838127046823,0.8779321312904358
P01900_P19123,0.0021913,0.01315,0.01601,0.16219305992126465,0.0005467116716317,0.0004701310535892
Q8N7N6_A6H6Q4,0.0021835,0.012949,0.016001,0.35809624195098877,0.0261598285287618,0.0002418725780444
Q99JB6_Q922G7,0.010234,0.063069,0.015899,0.03910708427429199,0.0112294778227806,0.0411629378795623
Q60773_Q61179,0.0022424,0.012969,0.017784,0.007139055989682674,0.0195354800671339,0.0144672151654958
O35963_P09632,0.0031945,0.013501,0.017284,0.030599026009440422,0.0004236904205754,0.0027232700958848
Q9D9D8_Q00609,0.002181,0.013127,0.016087,0.043105654418468475,0.0003729902673512,0.8555827140808105
Q31099_P46096,0.0022391,0.01464,0.041723,0.014156692661345005,0.00313455122523,0.0009020129218697
Q8R4K2_Q9JIH2,0.0022295,0.012978,0.01599,0.33795902132987976,0.0014975036028772,0.0007708783959969
Q9QYK7_Q9JIK5,0.0022002,0.013228,0.015976,0.5224945545196533,0.0002485564327798,0.0870676338672638
P62317_P40336,0.0021901,0.013018,0.015901,0.17794381082057953,0.0002084270963678,0.0040828082710504
P12787_Q8R2L5,0.0024492,0.17102,0.8799,0.11927120387554169,0.0012925220653414,0.0003280324453953
Q62093_P70217,0.0026188,0.013026,0.016825,0.3975042402744293,0.0212972182780504,0.002960943384096
P70217_P19785,0.19785,0.014799,0.016593,0.07702100276947021,0.0360896550118923,0.0138034429401159
P62267_Q9D485,0.0022352,0.012941,0.015898,0.5458360314369202,0.000321554223774,0.0054503474384546
Q6R5N8_Q8VCW4,0.0022066,0.013353,0.017874,0.2481287568807602,0.0006693214527331,0.036252737045288
Q99PI8_Q9ERR1,0.0022158,0.013228,0.016044,0.03462640941143036,0.0015454869717359,0.0016033684369176
P10126_Q9QZ88,0.002438,0.012954,0.016207,0.2112104892730713,0.0030241766944527,0.1685106456279754
P41241_Q3U1F9,0.0021809,0.012997,0.016109,0.007715897168964148,0.0007090514991432,0.0001815674331737
Q02111_Q62225,0.0021916,0.013587,0.019703,0.01957962103188038,0.0085535980761051,0.0264326762408018
Q8BVM4_Q9D8L4,0.0022265,0.013573,0.015872,0.17212536931037903,0.000907081994228,0.8177856206893921
Q9DBL9_P61087,0.0021939,0.013028,0.015891,0.03635639324784279,0.000520514557138,0.00044544893899
P48437_Q9QUQ5,0.40916,0.012976,0.016478,0.04689329117536545,0.0006007713382132,0.0002849425072781
Q8BTU1_Q91VI7,0.0021834,0.012924,0.015874,0.017976190894842148,0.0005555937532335,0.4350329339504242
P70372_P97371,0.0021862,0.012943,0.015937,0.2652739882469177,0.0057644918560981,0.0011007079156115
Q920D3_Q8C4V4,0.002217,0.013043,0.015909,0.004177566152065992,0.0003717655199579,0.0005061074043624
Q9DCJ7_P17433,0.0022534,0.013069,0.016226,0.6088989973068237,0.0006801629788242,0.0001340334856649
P62918_P63073,0.002208,0.012935,0.01593,0.03576686233282089,0.000248196942266,0.0046239295043051
Q9R109_Q6ZWS8,0.0021882,0.012964,0.016274,0.3739587962627411,0.0036737115588039,0.0068897460587322
Q6P3B9_P20826,0.0022175,0.66225,0.057754,0.1956465244293213,0.0003144577494822,0.0265486482530832
P01592_P97864,0.0022127,0.013017,0.016377,0.06342435628175735,0.007184428628534,0.0007066833204589
O35955_P42228,0.0021648,0.012927,0.015896,0.02408764325082302,0.00024097142159,0.0116206305101513
Q9CR88_P59999,0.00222,0.012935,0.015979,0.016366835683584213,0.0002733760920818,0.0134193552657961
P28076_Q9R0T8,0.0021676,0.012944,0.015906,0.002311231568455696,0.0002133138186763,0.0060282340273261
Q9WTM5_Q64339,0.0023322,0.01301,0.59685,0.05497889593243599,0.0002604137698654,0.4692780673503876
Q7TQF7_Q9JM13,0.0022504,0.012953,0.016069,0.08284805715084076,0.0189394261687994,0.235549196600914
P62192_O08665,0.0022192,0.013081,0.015965,0.18929730355739594,0.0004042727232445,0.0008921416010707
Q61097_Q8BVN3,0.0021907,0.012988,0.015961,0.0018030419014394283,0.0052332705818116,0.0199998989701271
Q9WUT3_Q03526,0.0031091,0.015267,0.28299,0.34249866008758545,0.0314632356166839,0.0056428988464176
P18760_Q9R0Q1,0.0021918,0.012938,0.016075,0.11925867944955826,0.0355796813964843,0.0001475204917369
Q9JHS3_Q9CXW4,0.0021938,0.012931,0.015936,0.3796485364437103,0.0002557246771175,0.0004761599120683
Q8BTU1_P42866,0.0022536,0.013027,0.015901,0.08754660189151764,0.0005426409770734,0.0004964297404512
Q68EF6_P35951,0.0022646,0.013449,0.018253,0.08219809085130692,0.0060665258206427,0.0002055382938124
Q80ZS3_Q68FF6,0.002363,0.013077,0.015916,0.04090364649891853,0.000491851940751,0.0346111170947551
Q9D9U9_Q60778,0.0022076,0.014233,0.016172,0.010026686824858189,0.0015668352134525,0.000473669875646
P12787_P97465,0.0021897,0.013094,0.016173,0.014600631780922413,0.0004385174543131,0.0001459397899452
Q8R2L5_P05627,0.0021857,0.013245,0.015958,0.5350990891456604,0.0004965163534507,0.125562697649002
P04351_P20067,0.0022364,0.01299,0.016293,0.18901090323925018,0.0046379524283111,0.0379160232841968
P14429_P16297,0.0022062,0.076725,0.11956,0.05257927253842354,0.9985670447349548,0.0040992051362991
Q3UYI6_Q5R1F1,0.0021929,0.013072,0.024619,0.24632401764392853,0.0190821178257465,0.0009641860960982
Q8VEA4_Q63932,0.0021817,0.012949,0.016066,0.13973797857761383,0.0004462996148504,0.0300577320158481
Q9JIQ3_P61514,0.0022142,0.01295,0.016039,0.10398714244365692,0.0009157494059763,0.0075498092919588
P63044_P26231,0.0021852,0.014115,0.015868,0.3251289427280426,0.9934839606285096,0.9690361618995668
Q9QWV9_O35714,0.002192,0.013074,0.0159,0.03153437376022339,0.0002693443093448,0.0345016531646251
Q3UYI6_D2YW38,0.0021647,0.013001,0.016323,0.11509745568037033,0.0005574183887802,0.0095986481755971
O55234_Q99MZ3,0.0022272,0.013033,0.015963,0.010314236395061016,0.0003020876320078,0.008659460581839
Q8BGU5_P01747,0.0021935,0.012976,0.015914,0.22706349194049835,0.0018688277341425,0.0019030408002436
P40226_Q9JIL4,0.0023102,0.012997,0.016012,0.38485029339790344,0.0007394728600047,0.0006421574507839
P39688_Q8K214,0.002253,0.013015,0.018247,0.04442527890205383,0.0031500104814767,0.0002000414970098
P01645_Q6P3B9,0.0021928,0.013549,0.046997,0.0021407194435596466,0.0008750473498366,0.031943704932928
P09405_P47962,0.00224,0.012963,0.01939,0.17482149600982666,0.0064925774931907,0.0250042807310819
Q9ERI2_Q9R0Q1,0.0023343,0.014622,0.016987,0.16813914477825165,0.931526780128479,0.0023176022805273
Q3TBT3_Q9WUN2,0.0022213,0.012954,0.016166,0.17028391361236572,0.000810308556538,0.0191552210599184
P26516_Q91YD9,0.002172,0.01294,0.015951,0.047824591398239136,0.0002901904226746,0.0015417954418808
P01750_Q99JX3,0.0022226,0.013022,0.015996,0.23986399173736572,0.1637366861104965,0.0049989814870059
Q80W99_Q9WUU8,0.0024482,0.013008,0.015898,0.0011789442505687475,0.0013830417301505,0.0027568317018449
Q9CQ54_P51150,0.002199,0.012951,0.015896,0.03793663904070854,0.0002577189879957,0.0004076885525137
P70434_P01647,0.0022742,0.013059,0.016117,0.0037483645137399435,0.0011605224572122,0.9431238770484924
P20109_Q9D7X3,0.0022025,0.013006,0.015986,0.007920367643237114,0.000328237976646,0.0344545021653175
P29754_Q53VQ5,0.0030196,0.036545,0.35685,0.2610689401626587,0.990376889705658,0.34096559882164
O70343_Q01147,0.0023483,0.013008,0.015924,0.09883313626050949,0.0012246222468093,0.5143752098083496
P70696_P03966,0.027067,0.013057,0.14677,0.001818323042243719,0.0013265231391415,0.000228072880418
P60766_Q80UL9,0.0022039,0.01672,0.015941,0.022581959143280983,0.0049321758560836,0.0028842373285442
A0N262_Q8K479,0.0024366,0.042377,0.043996,0.09175173938274384,0.0576601102948188,0.000408778199926
P37238_Q07763,0.0023504,0.013268,0.017304,0.23073627054691315,0.0008614476537331,0.0047333063557744
Q8VEG6_P18893,0.0023719,0.013044,0.016156,0.013483686372637749,0.0025119401980191,0.0007606275030411
P50540_P70445,0.0022332,0.012972,0.015909,0.004931466653943062,0.0010551995364949,0.1165903657674789
Q62277_Q91XU0,0.0022628,0.012969,0.023024,0.11110386252403259,0.0003621325013227,0.0004228743782732
Q80X85_Q9QY24,0.0021918,0.013002,0.015887,0.04593423753976822,0.0004483100492507,0.00086905102944
Q14C51_Q80Y75,0.0021811,0.01336,0.015937,0.49664410948753357,0.0003910915984306,0.0011301543563604
Q922Y1_P68368,0.0021838,0.013067,0.015959,0.02802562527358532,0.0026851720176637,0.0001969655422726
Q8K3W0_Q80ZV0,0.002174,0.012933,0.015935,0.002216031076386571,0.0006228071870282,0.0204242374747991
P46938_Q60787,0.18981,0.012965,0.016025,0.0353076308965683,0.0055836597457528,0.0159402843564748
Q9DA80_Q9ERA0,0.0022077,0.012919,0.015958,0.09674572944641113,0.0032553786877542,0.0229681506752967
Q60722_Q9CY16,0.0021951,0.013143,0.016045,0.13282053172588348,0.0017217965796589,0.1406130641698837
P01642_P22605,0.0021916,0.03721,0.017751,0.10922170430421829,0.0039149723015725,0.0002018174855038
P46938_Q8VI36,0.065375,0.013064,0.016036,0.06495686620473862,0.4941854476928711,0.0002754418819677
Q8C5G2_Q60722,0.1765,0.012947,0.015964,0.0051794396713376045,0.0169510524719953,0.0089497892186045
O88508_A2RTH0,0.0021785,0.012991,0.016058,0.22778116166591644,0.0005763806984759,0.5646463632583618
P46096_P97371,0.002185,0.01295,0.016042,0.23512423038482666,0.0003530025132931,0.0804774463176727
O54786_P01631,0.0021911,0.013064,0.015937,0.007937108166515827,0.0077072023414075,0.0067184534855186
Q62312_O88513,0.0026437,0.012984,0.017066,0.18685786426067352,0.0003651669539976,0.0103140026330947
Q61733_P04370,0.0028682,0.013012,0.016255,0.02676377259194851,0.0011765826493501,0.011198054999113
P62305_P01642,0.002202,0.013,0.016098,0.24535462260246277,0.0003167218237649,0.2766371667385101
P42867_Q63943,0.002179,0.012969,0.015913,0.0008912150515243411,0.0003147462848573,0.002612370532006
Q60770_Q9D8C6,0.0021752,0.012922,0.015924,0.4315333664417267,0.0002637148427311,0.001274007721804
P20917_P49138,0.0021998,0.012977,0.015947,0.003114827908575535,0.0018421778222545,0.0014844057150185
Q02067_P49718,0.0022614,0.013156,0.015943,0.289069801568985,0.0003150281554553,0.1433614194393158
Q8VCW4_P70662,0.0022011,0.013024,0.015942,0.06793465465307236,0.001156986458227,0.054600540548563
Q62264_Q3USJ8,0.0022554,0.012969,0.015904,0.12445324659347534,0.0060991202481091,0.0001679344859439
P54775_P28063,0.0021779,0.012994,0.015904,0.1787562370300293,0.0003074465785175,0.0425566956400871
P70460_O35963,0.0025727,0.013878,0.017046,0.19071228802204132,0.00158439099323,0.0050965412519872
Q8C2B3_P41241,0.0022025,0.013056,0.0168,0.030752981081604958,0.0033332852181047,0.9490981698036194
P04224_Q9CQD0,0.0022182,0.012995,0.015874,0.3984522819519043,0.0007318276329897,0.0007816893048584
P53986_O88448,0.0022804,0.060973,0.032333,0.020379850640892982,0.0003370467748027,0.0023002228699624
P97302_Q6IMH0,0.0021902,0.01293,0.015969,0.06839843094348907,0.008688042871654,0.0582444705069065
Q64329_P42225,0.0022085,0.013175,0.015989,0.29659804701805115,0.0003524727362673,0.027890145778656
Q91VN6_Q9DAG4,0.0022093,0.012952,0.015991,0.19364148378372192,0.0186739191412925,0.0276296865195035
P05532_P49718,0.002203,0.013013,0.01646,0.2300739884376526,0.0002792612358462,0.0023543501738458
P52633_Q9QUQ5,0.34268,0.013007,0.016097,0.17967811226844788,0.0013580996310338,0.0319738052785396
O35963_Q60953,0.0023268,0.013367,0.01606,0.17832523584365845,0.0048729195259511,0.009971922263503
Q63739_Q9R049,0.0021981,0.012965,0.016319,0.009862998500466347,0.0002525055024307,0.041424736380577
Q60953_Q80W99,0.0022228,0.013007,0.01595,0.1633169800043106,0.0011409102007746,0.0031840298324823
P09022_Q9CZ13,0.0021857,0.013625,0.016677,0.00747967092320323,0.0002799901121761,0.0001955144834937
Q923E4_P70375,0.0022012,0.013057,0.016138,0.47503527998924255,0.000630959868431,0.0238704327493906
Q9QUM9_O54788,0.002174,0.012935,0.015898,0.20260348916053772,0.0003268053987994,0.002865174319595
Q9JLC6_Q9JIK9,0.002189,0.012931,0.015925,0.003496380290016532,0.0006584657821804,0.7239404916763306
Q61327_P27782,0.0022001,0.013161,0.01592,0.04182477667927742,0.0008031627512536,0.0151783972978591
Q61083_P62806,0.0022293,0.013044,0.016456,0.2197512686252594,0.0007904364028945,0.001254741451703
P99028_Q9D495,0.0022146,0.012917,0.016031,0.011469244956970215,0.0021668195258826,0.1814782470464706
P09542_Q9JHD1,0.0022136,0.013174,0.016006,0.020159104838967323,0.0103918742388486,0.0019624852575361
Q8BFU0_P68368,0.0021854,0.013174,0.015932,0.0021520270965993404,0.0007005178485997,0.0008398263016715
P08152_O54828,0.0028109,0.013008,0.016013,0.19524475932121277,0.0008395454497076,0.0002379492798354
Q14B62_Q62108,0.0021926,0.01296,0.01592,0.05358833447098732,0.0007350472733378,0.0007705992902629
P68369_Q6R891,0.002186,0.013184,0.016193,0.0010147923603653908,0.0408725216984748,0.0029411802534013
Q9QYY0_Q9JIY5,0.0021852,0.013035,0.015941,0.1979982703924179,0.0004928712733089,0.0009663108503445
Q61221_Q9D8T2,0.002481,0.012956,0.016401,0.05393631011247635,0.0002651923568919,0.5696584582328796
P86048_Q61768,0.0021754,0.012981,0.015904,0.2141755074262619,0.0002319140476174,0.0025531605351716
P31311_Q60954,0.024595,0.013503,0.016583,0.07018967717885971,0.99806946516037,0.0065687433816492
A0N262_P51450,0.0021973,0.035284,0.017746,0.06848679482936859,0.0085890050977468,0.8381338715553284
P07356_O54784,0.0021864,0.012968,0.016013,0.37691938877105713,0.0028094651643186,0.0115592665970325
Q80TQ2_P47757,0.0021761,0.012927,0.015909,0.013895921409130096,0.0266283582895994,0.0002791885635815
Q6P8Y0_Q9R207,0.0021768,0.01292,0.015895,0.23122122883796692,0.0007717270636931,0.027585769072175
Q9ER88_Q9JL85,0.0022942,0.013048,0.015922,0.017326761037111282,0.0008157156989909,0.0004355030832812
P35330_P16330,0.0022163,0.014948,0.023196,0.19358040392398834,0.000310209201416,0.0033985546324402
Q8CGN5_Q61006,0.0021847,0.012974,0.01613,0.18144671618938446,0.0007098354399204,0.0001460008934373
P54841_Q9WU78,0.0025906,0.013015,0.016099,0.008354494348168373,0.0004775872221216,0.0001832671259762
Q9QWV9_Q8VEA4,0.0021723,0.012934,0.015938,0.005219107959419489,0.0027960047591477,0.0383894070982933
P62881_Q9CQP8,0.0022118,0.012954,0.016293,0.11144094914197922,0.0393814072012901,0.2708687782287597
P28028_Q63932,0.0034837,0.013411,0.18191,0.0033718436025083065,0.0472088456153869,0.0018433540826663
Q4KKZ1_P68510,0.0021792,0.013093,0.015907,0.018262533470988274,0.0175502896308898,0.0045795799233019
Q62191_P04426,0.0021881,0.013028,0.016213,0.20541633665561676,0.0003724741400219,0.000229542813031
P04925_P08113,0.0021828,0.014353,0.019133,0.1743578463792801,0.0015526289353147,0.051739290356636
O88351_Q62073,0.45249,0.38101,0.25431,0.3807236850261688,0.9984437823295592,0.0173918977379798
Q925K9_O08785,0.0022987,0.013069,0.019283,0.07550830394029617,0.004396035335958,0.0017678686417639
Q8C456_P60122,0.0021831,0.01305,0.015938,0.004154055844992399,0.0007318429998122,0.0009200900094583
Q9Z1S8_P18531,0.002188,0.013029,0.01596,0.053516726940870285,0.0102699100971221,0.1894793063402176
P62843_Q9D8B7,0.0021927,0.012934,0.015877,0.18807201087474823,0.0003154372097924,0.0055463071912527
P19221_Q9CY16,0.0022403,0.1015,0.17143,0.060760498046875,0.00030088701169,0.0009813181823119
P60122_Q99N87,0.0021994,0.012981,0.015972,0.6512081623077393,0.0008397483034059,0.0088604856282472
Q5NCF2_P97428,0.0021738,0.012967,0.015939,0.006860414985567331,0.0002618657890707,0.208482027053833
P63213_Q02242,0.0022083,0.01295,0.015868,0.3366408944129944,0.0004583030531648,0.0069818058982491
Q91XL9_Q64329,0.0022198,0.013029,0.016118,0.15490809082984924,0.0005133222439326,0.0018616360612213
P09023_O55234,0.0023217,0.013074,0.015934,0.010933506302535534,0.0002464251883793,0.0002331311698071
A0JLY1_O08795,0.0023037,0.013179,0.016338,0.07917852699756622,0.0012431228533387,0.0561341792345047
P62305_Q9JKD8,0.0021771,0.012975,0.015946,0.09900201857089996,0.0003716402570717,0.0003101429610978
Q60925_Q9Z2W9,0.0021887,0.013064,0.015952,0.12161768227815628,0.0003752666525542,0.1065987274050712
Q9DCJ7_Q8K4B2,0.0022491,0.013376,0.018328,0.19974805414676666,0.000283421453787,0.0004134948248974
Q8BK72_P55258,0.0022671,0.014032,0.016431,0.005919769871979952,0.0006647395784966,0.0423438362777233
P42669_P01808,0.002226,0.012971,0.016143,0.12095080316066742,0.0134052410721778,0.0044233878143131
Q60629_P14115,0.0021899,0.012972,0.0159,0.006882140878587961,0.0003318538947496,0.0003224700340069
O54788_P12023,0.0021943,0.012933,0.016086,0.0007790515664964914,0.0008000085363164,0.0802998021245002
Q6PHU5_Q8C0D7,0.002189,0.012958,0.015922,0.14695830643177032,0.0004803350602742,0.000719258096069
Q8CGN5_P11499,0.0021814,0.012953,0.015961,0.051711808890104294,0.0005030878237448,0.0011715485015884
P28700_Q9Z1X4,0.2218,0.013295,0.015988,0.004853514488786459,0.0003531051625031,0.0092370398342609
P10085_Q9JIF7,0.0022535,0.013323,0.016198,0.005731930956244469,0.0025485244113951,0.3013952672481537
Q99LI8_Q9CZQ9,0.0021795,0.012968,0.015934,0.3227100670337677,0.0040424889884889,0.6437975168228149
Q91YE7_Q9R0Q1,0.0022616,0.012972,0.016561,0.44523435831069946,0.0045550670474767,0.000604512868449
O35526_P09632,0.0025066,0.012977,0.015936,0.008595426566898823,0.0042912405915558,0.7348095774650574
Q925K9_P47911,0.0021775,0.012949,0.015994,0.04958030581474304,0.0002692829293664,0.0006783045246265
A2A825_P70175,0.0024283,0.013058,0.016209,0.017949912697076797,0.993205428123474,0.0003591402200981
Q811G0_P19221,0.0022125,0.012985,0.016254,0.5604783892631531,0.0018600878538563,0.0243693273514509
O88602_Q62108,0.0022632,0.012963,0.016024,0.03556213527917862,0.0058991918340325,0.0006921520107425
P62317_Q8BFZ4,0.0024275,0.012997,0.015902,0.2859279215335846,0.0002343479718547,0.0004762536555062
P59178_Q99PT1,0.0022068,0.013147,0.016869,0.021805517375469208,0.0012372373603284,0.0023498947266489
Q9CPX6_P01631,0.0021899,0.012929,0.015885,0.020447885617613792,0.0003616148605942,0.0488668344914913
P24604_Q8VCS6,0.0022041,0.012981,0.015929,0.15272954106330872,0.0012531655374914,0.0072933984920382
P60605_Q9DBC7,0.0021846,0.013331,0.015939,0.04238509014248848,0.0013693782966583,0.6971184015274048
P43431_Q925K9,0.0022041,0.012962,0.016022,0.038653142750263214,0.0003248942666687,0.0003639316710177
Q8C5G2_Q9EPU5,0.0022698,0.01295,0.016039,0.4072277843952179,0.0010974726174026,0.0014318744651973
P70362_Q9DB40,0.0021928,0.012924,0.015899,0.041062481701374054,0.0017208838835358,0.0022380212321877
P42225_Q9CQ20,0.0023888,0.012951,0.01605,0.16787947714328766,0.0008191015222109,0.1056657284498214
P05977_Q6R5N8,0.0022192,0.013317,0.015907,0.38404741883277893,0.0006447585765272,0.0221439134329557
P61080_Q5R1B3,0.002188,0.013549,0.016124,0.11338476836681366,0.0008077436941675,0.0079709338024258
P48281_Q9CQY1,0.0022091,0.012979,0.015981,0.10138143599033356,0.0011614713585004,0.1464607119560241
O88188_P41969,0.0021924,0.013001,0.016077,0.20419494807720184,0.0021475253161042,0.0005305663798935
P21784_P35922,0.0022076,0.012964,0.015981,0.15101218223571777,0.0011358393821865,0.0003166747046634
Q91YN9_P12815,0.0021874,0.012991,0.015899,0.04088394716382027,0.0117154084146022,0.0015142275951802
Q9CXW4_P49722,0.0022014,0.012983,0.020151,0.14091528952121735,0.0002285781665705,0.0051187071949243
Q8R4K2_Q9DCL4,0.0022113,0.012982,0.015951,0.22627289593219757,0.0006508497172035,0.090726152062416
Q9CQP2_Q60809,0.0021847,0.013999,0.016764,0.03652019798755646,0.000817411171738,0.0011185143375769
Q9D8T2_O35129,0.0021905,0.012942,0.015878,0.014198344200849533,0.0004959910293109,0.2289805263280868
Q60598_P49722,0.0021766,0.012953,0.015975,0.0022261030972003937,0.0004387681547086,0.0184726808220148
Q3TNS5_P19221,0.0021956,0.013074,0.015987,0.04455546662211418,0.0018761176615953,0.0013504923554137
Q99JY9_Q9DAU1,0.0021941,0.013146,0.015963,0.14874765276908875,0.0021848431788384,0.0026287343353033
Q80WG5_Q8CGP4,0.0022168,0.012942,0.015973,0.11645104736089706,0.0002315605524927,0.4110165238380432
P60904_Q5BKP2,0.0021967,0.01297,0.015983,0.0009289245936088264,0.0008382509113289,0.0004371497780084
B8ZXI1_F7BJB9,0.0022068,0.013053,0.015932,0.01020668912678957,0.0003227492852602,0.0026423048693686
P22091_P61092,0.0021798,0.013265,0.01617,0.018067236989736557,0.0010632427874952,0.0070507740601897
O35182_P81270,0.0023559,0.012994,0.016464,0.20630790293216705,0.2052334398031234,0.0296941306442022
P62962_Q61127,0.0021768,0.012934,0.015952,0.00873724464327097,0.0019982545636594,0.0275296531617641
P03888_Q8C6B2,0.0021844,0.012961,0.01585,0.06638406217098236,0.0002047457237495,0.3465475738048553
Q5SSZ7_Q52L64,0.002208,0.029591,0.22498,0.0020633148960769176,0.0021219905465841,0.1303464025259018
Q7TS55_P63085,0.0022011,0.013048,0.016411,0.007616437040269375,0.0002552111982367,0.0068050529807806
P08207_Q62318,0.0021877,0.013011,0.015903,0.28886234760284424,0.0014165274333208,0.23595030605793
Q8C1B7_Q99MH5,0.0021801,0.012935,0.01589,0.0672687217593193,0.0004935116157867,0.0004226339515298
P01852_P60710,0.0022363,0.014219,0.015918,0.02691025100648403,0.00052230944857,0.0003354092768859
P01645_P54841,0.0021872,0.088228,0.016017,0.07291840761899948,0.0035804810468107,0.0038708024658262
P68368_P97351,0.0021719,0.01296,0.016135,0.3283309042453766,0.0003572172718122,0.0007948338170535
Q9D7N3_P84099,0.0027528,0.013028,0.016184,0.006468642968684435,0.0106312539428472,0.0003265369450673
Q62108_Q9Z2W8,0.0021834,0.012958,0.015928,0.11980461329221725,0.0005343856755644,0.010295120999217
Q61768_Q5NCF2,0.0022411,0.01306,0.015951,0.44417184591293335,0.0013215685030445,0.006541873794049
Q9D9V4_P43404,0.0021773,0.012959,0.015908,0.3628113567829132,0.0019721169956028,0.0026127086021006
Q62108_Q9D415,0.030009,0.012969,0.016095,0.05199336260557175,0.0130556859076023,0.0243433304131031
O55033_P12970,0.00218,0.012958,0.016001,0.1391930878162384,0.0004257357795722,0.0006700535304844
P0DP26_Q8BX09,0.0021809,0.013135,0.015953,0.27837926149368286,0.0039177532307803,0.006279441062361
Q9D7X3_O88890,0.002177,0.013524,0.017495,0.0675211027264595,0.0026015888433903,0.978316843509674
P04187_P97864,0.0022326,0.013724,0.020887,0.27239835262298584,0.0032255016267299,0.0031144383829087
O54972_Q8BJ56,0.0022028,0.013148,0.016133,0.5084735751152039,0.0007181136170402,0.2234322130680084
Q04887_A0A087WRI3,0.0022088,0.012934,0.015948,0.01607755571603775,0.0137908048927783,0.0037421642336994
P35979_P70452,0.0022257,0.013392,0.015931,0.11216448992490768,0.0002084362349705,0.00379473506473
Q3V3N7_O54788,0.0022119,0.01293,0.01594,0.06638561189174652,0.0007701291469857,0.0034447598736733
Q8R4E9_P04925,0.0022142,0.013585,0.052458,0.011264024302363396,0.0002892281336244,0.0275340601801872
O35613_Q60838,0.0026353,0.012983,0.01621,0.3547388017177582,0.0004379958845674,0.0005358461639843
P47753_Q9CR68,0.0023003,0.013444,0.015963,0.2517164349555969,0.0002326123212696,0.0522247329354286
P51150_P63017,0.0023641,0.014574,0.019322,0.015817441046237946,0.0014748759567737,0.0005171785014681
P22682_Q9JLQ0,0.46872,0.013082,0.016215,0.22948338091373444,0.1188599690794944,0.0185558721423149
D2D553_Q62108,0.0021753,0.012942,0.015912,0.042176730930805206,0.0038458856288343,0.0174830146133899
P41241_Q08024,0.002193,0.012986,0.016581,0.048022836446762085,0.0008728185785003,0.0011474655475467
P06869_Q9ER88,0.0022352,0.014271,0.019872,0.29329797625541687,0.0007446145173162,0.0275424383580684
Q9JIY5_Q9QZE5,0.0022038,0.015359,0.015903,0.124239481985569,0.0002408079162705,0.080224871635437
P41136_Q9CQ39,0.0023478,0.013119,0.015974,0.16199947893619537,0.0005158231942914,0.82797771692276
P00683_P97310,0.00218,0.012973,0.015904,0.08765579760074615,0.0002207416255259,0.0229389239102602
O35226_Q9CPX6,0.0021816,0.012934,0.016005,0.1641940027475357,0.0012202988145872,0.0023448562715202
Q3V0Q6_Q9WTK5,0.0031781,0.013813,0.020997,0.3334919810295105,0.0102531937882304,0.015133948996663
Q52L64_Q9WTV6,0.0022001,0.01619,0.016084,0.09033016115427017,0.0006913540419191,0.0063042300753295
P03903_P99026,0.0032571,0.013246,0.016037,0.6050570011138916,0.0001964179245987,0.0387057214975357
Q60989_Q9JIQ3,0.002179,0.012984,0.015915,0.17712025344371796,0.0026418410707265,0.8365115523338318
Q04207_Q9EQ14,0.0021977,0.012995,0.018033,0.016666032373905182,0.0009479869622737,0.0005554039962589
Q9EPC1_Q3USJ8,0.0022352,0.012988,0.015957,0.005450856406241655,0.0253104455769062,0.0152224227786064
Q9D2R8_Q6PGF3,0.0021859,0.012926,0.01589,0.007474989630281925,0.0289349351078271,0.0569925345480442
P84751_P08207,0.0021894,0.013368,0.016043,0.015602750703692436,0.0029744370840489,0.0393958091735839
Q8VCQ3_Q63934,0.0023278,0.013045,0.015935,0.006553272251039743,0.0240651406347751,0.0095057832077145
P43006_P04224,0.0027332,0.013052,0.016195,0.05604633316397667,0.0007035663584247,0.0784350708127021
Q9D4K5_P27792,0.0023343,0.013053,0.016179,0.010575457476079464,0.0036854848731309,0.0014024650445207
P09631_O70435,0.0022143,0.012971,0.015897,0.3102930784225464,0.0002384821127634,0.3122077584266662
P70196_Q80UF7,0.002498,0.013643,0.016045,0.07337161153554916,0.0004528592398855,0.0012931389501318
Q924H2_P62309,0.0021811,0.012982,0.015868,0.05205915495753288,0.0009326844592578,0.0004144642443861
Q9D9D8_P41183,0.0022605,0.013004,0.017791,0.02302730642259121,0.1515260636806488,0.0097555294632911
Q9WTM5_P18181,0.002199,0.012971,0.01588,0.0852307379245758,0.0002036373480223,0.9767638444900512
Q80X85_Q3UXZ6,0.0022131,0.013137,0.016123,0.006524504628032446,0.0003996805171482,0.0014162157895043
P33242_Q04887,0.14567,0.013143,0.016087,0.04539753496646881,0.0109483357518911,0.0251221098005771
P30285_P46414,0.0022237,0.012986,0.019717,0.16515177488327026,0.6271496415138245,0.0010753388050943
Q9D5V5_Q8K3Z0,0.0021952,0.015229,0.01593,0.4145743250846863,0.0027394902426749,0.0127979926764965
Q6DIA7_Q9JIH2,0.0022637,0.013252,0.01647,0.015166155993938446,0.0025854536797851,0.0053319395519793
P16054_O55029,0.0022004,0.013739,0.018371,0.0029184722807258368,0.0114895850419998,0.5537841320037842
P54818_Q8BTU1,0.0023085,0.013047,0.018548,0.0021903221495449543,0.0004823147319257,0.0033637194428592
Q91X20_Q9Z0X1,0.002253,0.012964,0.016068,0.19473595917224884,0.0005791136063635,0.1735690385103225
O88351_O08795,0.0025086,0.012969,0.016109,0.060950133949518204,0.0027642284985631,0.0057456819340586
Q9D4K7_Q9D8V0,0.0022045,0.012925,0.015892,0.22180353105068207,0.0003304134588688,0.003045481396839
P68037_Q9Z1K6,0.02005,0.013495,0.01707,0.23693019151687622,0.998782217502594,0.0001103833637898
Q60692_P63280,0.0021756,0.013053,0.015944,0.22089798748493195,0.000207748147659,0.0492007546126842
Q9JJX7_P53566,0.0021973,0.01308,0.015961,0.01004217192530632,0.0033759206999093,0.0023701635655015
Q9CZ13_Q99J83,0.0021784,0.012922,0.015905,0.09078924357891083,0.0002532063226681,0.2480725198984146
P04214_Q9DCJ7,0.0022536,0.83047,0.26904,0.355552077293396,0.0003641147050075,0.0002074680378427
Q9WTK5_Q99MB1,0.0021953,0.01747,0.01695,0.3437032997608185,0.0046299356035888,0.0042445790022611
Q8VEA4_Q9R109,0.0021845,0.012934,0.016143,0.0762316957116127,0.0088184615597128,0.0710736811161041
Q07813_Q8R0L9,0.0022316,0.012953,0.01588,0.4328269064426422,0.0002876595244742,0.1478329449892044
Q8R4I1_Q61699,0.0022442,0.012982,0.015971,0.28616365790367126,0.0040632504969835,0.5097364187240601
P62082_P39054,0.0021902,0.012931,0.015923,0.011296330019831657,0.0007019245531409,0.0009030392393469
P41183_Q60925,0.057438,0.013138,0.016207,0.11813588440418243,0.0292912498116493,0.0020858708303421
P62812_P68134,0.0021861,0.013072,0.015902,0.3882977068424225,0.000704257923644,0.0005094519001431
P22366_Q9QUK6,0.0021839,0.012952,0.016043,0.17252543568611145,0.0004021740169264,0.0035280892625451
O08543_Q6P8Y0,0.0022247,0.012947,0.015882,0.07503259927034378,0.0006301969406194,0.0076811099424958
O35228_P43431,0.0025143,0.17853,0.27694,0.018234070390462875,0.9989853501319884,0.5537387132644653
P01739_Q9CXW2,0.0022303,0.41323,0.23688,0.07897297292947769,0.0003194361634086,0.001492544542998
Q9DAK2_P16858,0.002168,0.012971,0.01595,0.09484884887933731,0.0003006968763656,0.0405973941087722
Q9JIY5_Q8R0W1,0.0021726,0.013788,0.016109,0.007694037165492773,0.0005870644235983,0.0015278951032087
Q8BFZ4_P22892,0.0021827,0.013214,0.016305,0.05547363683581352,0.0005543517763726,0.2082823812961578
Q61097_P01647,0.0022802,0.013592,0.016616,0.29651886224746704,0.0069991806522011,0.0020593297667801
Q9EP73_P14148,0.0021885,0.012941,0.015878,0.5056332349777222,0.0002718672330956,0.0860962867736816
P17182_P99026,0.002252,0.012987,0.021069,0.04082179814577103,0.0009476447012275,0.0014042351394891
P55258_P29352,0.0022205,0.013772,0.016088,0.16553375124931335,0.0144081935286521,0.0081090992316603
Q80WG5_P47811,0.00219,0.012981,0.017762,0.013385416008532047,0.000262858608039,0.0011870204471051
P98084_P29754,0.0022809,0.013017,0.016032,0.5781005620956421,0.0003413908707443,0.0002744787489064
P19253_Q60787,0.0021787,0.012949,0.015969,0.011117246933281422,0.0002459458773955,0.0979609414935112
Q60838_Q8R4A3,0.0042671,0.013104,0.016885,0.15497565269470215,0.0022317084949463,0.1929188519716262
Q62073_Q62312,0.0036915,0.01332,0.23654,0.01106968056410551,0.0004836111329495,0.0006901806336827
Q9WU78_O54784,0.0022997,0.013061,0.015943,0.037747520953416824,0.0008816980989649,0.0139284059405326
Q9R0Q1_P47941,0.0021912,0.013018,0.017223,0.0553005114197731,0.0051713725551962,0.0030658731702715
Q6DID7_Q91XD6,0.0022381,0.012921,0.01591,0.00866688136011362,0.0003133328282274,0.0005584972677752
Q9JI44_P54818,0.0021814,0.012932,0.015886,0.1384548395872116,0.0004941075458191,0.0003255640040151
Q9Z0G0_Q8R1I1,0.0022402,0.012938,0.015892,0.38463839888572693,0.0002214332635048,0.001214183983393
Q3TTA7_Q61881,0.0021812,0.013039,0.016023,0.06197570636868477,0.0004410800465848,0.0010151708265766
P63044_Q61553,0.0023473,0.012948,0.015897,0.16504018008708954,0.0006318634259514,0.0193375069648027
Q60598_O09061,0.002246,0.01296,0.016233,0.029544183984398842,0.0003532910195644,0.0006967580411583
P62482_D2D553,0.0021972,0.012943,0.015902,0.021655553951859474,0.0021321948152035,0.0002700506302062
Q922F4_Q6QLQ4,0.002185,0.013116,0.015933,0.002237477106973529,0.0002807415148708,0.0008473339257761
P84228_P67984,0.0022713,0.012947,0.050326,0.2243596464395523,0.0307919029146432,0.0003309029852971
Q3UYV9_Q91XV3,0.002161,0.013136,0.015885,0.006101412698626518,0.9506964683532716,0.2261341214179992
P58283_Q63739,0.0022207,0.012979,0.016088,0.14288903772830963,0.0844108164310455,0.0119316494092345
Q99LM9_Q9JIK5,0.0021989,0.012945,0.016407,0.05483725666999817,0.0009054033434949,0.0091502591967582
Q60973_Q3U1F9,0.0096129,0.013144,0.023086,0.01599819026887417,0.0003189836279489,0.0007540232618339
P28078_P38533,0.0021911,0.012961,0.015906,0.01031152531504631,0.0004067886329721,0.0045917904935777
P17433_Q9JM73,0.0025612,0.013012,0.01606,0.30539146065711975,0.0055632786825299,0.0023414443712681
P08113_Q9D8L4,0.0022392,0.013711,0.016065,0.5984098315238953,0.001418691012077,0.0024239777121692
P63137_Q9QUN3,0.0022189,0.012929,0.015996,0.053760990500450134,0.0007299803546629,0.0007474860176444
P52293_Q9ERE9,0.0022357,0.013779,0.042685,0.00982117559760809,0.9978476762771606,0.0003408092889003
Q5NCF2_Q01114,0.002322,0.012936,0.015911,0.2956070005893707,0.000321103609167,0.0010753005044534
Q0VBL6_P27870,0.0024066,0.013026,0.016734,0.0038784665521234274,0.0011836602352559,0.0024943135213106
Q62318_P35585,0.0022086,0.012986,0.015936,0.26657626032829285,0.0017064096173271,0.5491349697113037
Q8CDJ3_Q01114,0.0022457,0.012966,0.016191,0.0011809151619672775,0.0003274712653364,0.0005450615426525
P16388_Q059U7,0.0022768,0.012968,0.016169,0.156932532787323,0.0043866140767931,0.9776018857955932
Q8CDJ3_P70195,0.0022525,0.012948,0.015947,0.0019428806845098734,0.0002377091441303,0.0640678778290748
Q5SW45_P62259,0.0021713,0.01309,0.015973,0.052647802978754044,0.0049990718252956,0.0016739283455535
P41778_Q8CII9,0.0022167,0.013003,0.015937,0.18158136308193207,0.0005257810116745,0.0052884677425026
P19785_P08103,0.0022756,0.015105,0.042458,0.10053295642137527,0.0036128347273916,0.0002840195375028
Q99LM9_Q6PGF3,0.0022261,0.013016,0.016252,0.1995161771774292,0.000682002864778,0.0725697129964828
P0CG50_Q9JKV1,0.0021856,0.01301,0.015909,0.20893271267414093,0.004059468396008,0.4262536466121673
Q9CQV8_P48346,0.0021779,0.013148,0.015932,0.029589736834168434,0.0004867235256824,0.0002185289922636
Q99JB4_P26369,0.002199,0.012982,0.015923,0.03759731724858284,0.0002545033639762,0.0013288732152432
Q8CFI0_Q9WU39,0.0022364,0.012924,0.015979,0.017438873648643494,0.0005298725445754,0.003077981993556
Q8CBW3_Q9EPC1,0.0022187,0.012948,0.015917,0.4379696547985077,0.0082074142992496,0.0003537205629982
Q8CGK7_P63280,0.0021855,0.017114,0.015881,0.03156031668186188,0.0039366618730127,0.000175137160113
Q3V3N7_P18526,0.0028339,0.019245,0.016626,0.018326034769415855,0.0045607658103108,0.4810831248760223
P11499_Q99JB4,0.0022165,0.012943,0.015912,0.054460350424051285,0.0002267415839014,0.6136419177055359
Q62108_Q9JIA1,0.0021833,0.012955,0.015926,0.022217418998479843,0.0008170397486537,0.0378727279603481
P23804_P16675,0.0021777,0.013013,0.016065,0.13257832825183868,0.0005826039705425,0.0004167677252553
P41241_Q8R0W6,0.002223,0.01296,0.015941,0.11244954913854599,0.0009650453575886,0.0007158703519962
Q5SSZ7_Q8BYM5,0.0059079,0.013704,0.021672,0.12306208908557892,0.00029740986065,0.000959875411354
P25916_Q9QWH1,0.0025354,0.013133,0.016387,0.017176048830151558,0.0034224484115839,0.2101658433675766
O88513_O70439,0.034893,0.01306,0.015917,0.040382277220487595,0.0004828566452488,0.2245610654354095
P23818_P01942,0.0021801,0.013038,0.016081,0.0059588453732430935,0.0016501309582963,0.0003191774303559
P97318_Q924X6,0.0023065,0.01325,0.016219,0.3992701470851898,0.0009224226814694,0.0014671777607873
P97333_P53762,0.0021921,0.012997,0.01599,0.0824529379606247,0.0015817945823073,0.0001649716723477
P63166_P46938,0.002277,0.012969,0.015879,0.03417230397462845,0.0027429105248302,0.0002607081551104
Q9CVB6_P47941,0.0021804,0.012973,0.015915,0.0456017442047596,0.0008630040101706,0.4168899953365326
P67984_Q03358,0.0021789,0.012944,0.015883,0.003421619301661849,0.0005171662196516,0.0008347553084604
O55033_O70469,0.0024129,0.013546,0.021313,0.36220836639404297,0.400239884853363,0.5244901180267334
Q3V0Q6_P15261,0.002953,0.013001,0.017694,0.015359656885266304,0.0007486009271815,0.0737305730581283
P01843_P39054,0.0021971,0.014058,0.015931,0.09325623512268066,0.0004567075520753,0.5625866651535034
Q9DAG4_Q14B62,0.0023448,0.012951,0.015934,0.17650456726551056,0.0003522107144817,0.0084194839000701
P61089_Q9ES57,0.0021796,0.013175,0.015902,0.014215954579412937,0.0003198496997356,0.4940103590488434
Q3V0Q6_Q9DBG6,0.0022014,0.013368,0.0159,0.0006197417969815433,0.001022161799483,0.0010106113040819
Q9DA80_P97767,0.012302,0.012948,0.016242,0.3160182237625122,0.0008271241094917,0.2307310104370117
Q8VI24_Q9D7W5,0.0026803,0.012952,0.015918,0.1371467411518097,0.0004967165878042,0.7530642747879028
Q9JKS4_P15209,0.002235,0.013543,0.019719,0.012811108492314816,0.0010509943822398,0.0014900309033691
Q8R4G0_Q60855,0.002198,0.012962,0.015933,0.12029638886451721,0.0013806688366457,0.0001651531347306
P47708_Q9D8B4,0.0022811,0.012952,0.015878,0.0016331878723576665,0.0004902955843135,0.0097944978624582
Q8JZM6_Q8R3V6,0.00219,0.012956,0.015903,0.048394910991191864,0.0009950455278158,0.0137387076392769
P06869_Q9JIK5,0.0022401,0.013011,0.015931,0.005196327343583107,0.0007619467214681,0.0044742254540324
Q6ZWS8_Q9ERK7,0.0021914,0.012973,0.01634,0.32061734795570374,0.0027969649527221,0.1539032459259033
Q8R4E9_P68040,0.0022265,0.013045,0.016087,0.5441349148750305,0.030461685732007,0.0003126405354123
Q8K3Z0_Q9EPU5,0.0022017,0.035698,0.017314,0.34735190868377686,0.0022252567578107,0.6522876024246216
P41133_Q9R0Q1,0.0022438,0.013022,0.01619,0.37335482239723206,0.0025685643777251,0.0089114969596266
Q62108_Q9D2M8,0.0021755,0.013093,0.015969,0.0007214877987280488,0.0012316978536546,0.4726834893226623
Q99JX3_Q9R1P1,0.0021721,0.012933,0.015897,0.36593443155288696,0.0002497243985999,0.0057204905897378
Q9EPB4_P01867,0.0021885,0.01302,0.015886,0.3100014328956604,0.0026795594021677,0.0006125009385868
Q62276_Q8C5G2,0.0022303,0.012946,0.015955,0.006151785142719746,0.001643382711336,0.0007029333501122
Q922G7_P04224,0.0022033,0.012993,0.015873,0.00496856402605772,0.0008079947438091,0.8709388971328735
O08665_Q8C456,0.0026696,0.013316,0.020509,0.16302767395973206,0.1160104498267173,0.1177571415901184
Q3U1F9_Q8C4G9,0.054899,0.013091,0.018242,0.4162793755531311,0.0003439294232521,0.0004446971579454
O70435_Q61221,0.0021933,0.012975,0.015897,0.06503985077142715,0.0002208736550528,0.0079714842140674
Q8C1B7_P01108,0.011558,0.013526,0.015929,0.053318895399570465,0.001480157719925,0.5362628102302551
Q921E6_Q9Z248,0.0022125,0.013684,0.016519,0.11199011653661728,0.0783097520470619,0.0593695305287838
Q8BKX1_Q6P8Y0,0.0021741,0.01293,0.015876,0.3940017521381378,0.0037532898131757,0.0012654328020289
Q8VCS6_Q60809,0.0021941,0.012995,0.015952,0.3713437020778656,0.0029456303454935,0.2429975867271423
Q91WQ5_P01647,0.0023022,0.01462,0.016041,0.0249503031373024,0.0005381684750318,0.0060076154768466
Q9DAS2_Q9D1J1,0.0022132,0.012955,0.015975,0.3860567510128021,0.0009860857389867,0.0029857486952096
Q6PHU5_Q8VCS6,0.002203,0.013002,0.016583,0.2823702394962311,0.0007531008450314,0.0002901176922023
O09108_Q9QWF0,0.0021984,0.013019,0.016601,0.25834178924560547,0.0004534426552709,0.0046574082225561
Q8R4G0_P35330,0.0037689,0.015733,0.082077,0.18985560536384583,0.0182913765311241,0.0017035665223374
P23819_O09044,0.002189,0.012942,0.015948,0.06191539019346237,0.0007575469790026,0.1045769453048706
A2ARP9_P15535,0.002194,0.012968,0.020553,0.1061333641409874,0.0008032664773054,0.0008952292264439
P01660_Q8R0L9,0.0021771,0.012955,0.015893,0.009264358319342136,0.0015678820200264,0.3283999264240265
Q8BH43_Q91V08,0.0022072,0.013123,0.016015,0.16248179972171783,0.0002589505165815,0.0008428550790995
P70452_O88952,0.0022473,0.012999,0.015943,0.042729925364255905,0.0045053269714117,0.000665484170895
Q9JHL1_Q9WV60,0.0023903,0.013014,0.096451,0.1561620682477951,0.1844648420810699,0.0005575975519604
P07351_Q9D125,0.0022674,0.012973,0.015945,0.28360870480537415,0.0004438767791725,0.0430499985814094
Q8R3R8_P42228,0.002181,0.013028,0.015921,0.1402260959148407,0.0005953188519924,0.982040286064148
P63017_Q7TPM5,0.0021965,0.012987,0.016095,0.35870981216430664,0.0032977468799799,0.0775385797023773
Q8R1R4_Q9R1P4,0.0021838,0.012924,0.01589,0.04071523994207382,0.0002977522672154,0.0002611801028251
P0DP43_Q9CXW2,0.0022014,0.026801,0.35929,0.340660035610199,0.0004358614969532,0.0009943201439455
Q7TMF3_P97333,0.0022221,0.012931,0.015927,0.0019103896338492632,0.000497356406413,0.0464990995824337
Q9DC69_Q99N84,0.0021962,0.51835,0.83851,0.08696257323026657,0.0009082546457648,0.0006087148794904
Q61733_Q3V0Q6,0.0022507,0.012991,0.016097,0.14879192411899567,0.0010516784386709,0.7680193185806274
Q9WUL5_O35963,0.002209,0.013696,0.017247,0.169796422123909,0.0007003389764577,0.1089080646634101
Q8BJZ4_Q99ME6,0.0021956,0.032991,0.032723,0.021338580176234245,0.0002973988011945,0.1125810146331787
O54901_Q3TTA7,0.0021843,0.013078,0.015997,0.48535826802253723,0.0003378407564014,0.0029453388415277
P01843_P01869,0.12767,0.69243,0.026954,0.04571499675512314,0.0020837746560573,0.008288238197565
O35526_P18052,0.0022228,0.012988,0.015974,0.003925943747162819,0.0008936456870287,0.0010857343440875
P68368_A2A825,0.0021913,0.013059,0.016242,0.04258487746119499,0.001975571969524,0.0231038257479667
P0CG50_Q69Z66,0.0022589,0.013145,0.015942,0.017696691676974297,0.0003820115816779,0.1682402640581131
Q61501_Q9JIQ3,0.0022128,0.013336,0.019259,0.01731935143470764,0.0347093306481838,0.7707152366638184
Q8C5G2_Q60778,0.0022021,0.013069,0.020303,0.13003380596637726,0.0079156784340739,0.2345862239599228
P05132_Q9EPC1,0.0022036,0.012971,0.019233,0.3857479691505432,0.9952521324157716,0.0166933890432119
Q9EQH3_P31750,0.0021989,0.013224,0.049384,0.02704644948244095,0.0121771665289998,0.0002627751673571
Q9WVK0_Q9DAU1,0.002245,0.013279,0.016107,0.34892749786376953,0.0003630035498645,0.1806991696357727
A0A087WRI3_Q9QY24,0.0022133,0.012924,0.015905,0.06150262802839279,0.0075491126626729,0.0031679000239819
P52795_Q60867,0.0025802,0.013062,0.01593,0.10725612938404083,0.0005715330480597,0.0002885786234401
Q04211_O35717,0.0021769,0.013232,0.015981,0.10568006336688995,0.0004571093304548,0.0001719531283015
P20917_P48437,0.0023763,0.012955,0.015938,0.2537636160850525,0.0010939732892438,0.000487827375764
Q924X6_Q9WV31,0.0022476,0.012977,0.01619,0.010906673036515713,0.0037765919696539,0.190015897154808
Q9EPB4_Q8CGN5,0.0021718,0.012928,0.015935,0.22372156381607056,0.0010729847708716,0.0068613989278674
P25801_P70662,0.002474,0.012992,0.015921,0.001943182316608727,0.0082529680803418,0.0003065892669837
P63330_Q9Z2U0,0.0021835,0.01296,0.015907,0.011818754486739635,0.0002333391021238,0.0315537936985492
P04919_P97310,0.0022028,0.012953,0.015977,0.22368749976158142,0.0008312037680298,0.0003247035201638
Q69ZK9_P51667,0.0022031,0.013334,0.01611,0.24279837310314178,0.0006179628544487,0.2583759725093841
P16054_P23242,0.0022427,0.013012,0.017095,0.018648948520421982,0.0003791470371652,0.0027286366093903
Q9QYP6_Q9CWE6,0.0023032,0.013004,0.015958,0.103861503303051,0.0021895647514611,0.0012128961971029
P63166_Q8CBW3,0.0021872,0.013159,0.015941,0.05352766439318657,0.0007435537409037,0.0060535413213074
P40764_P48281,0.0030037,0.013052,0.016059,0.3252781629562378,0.0064453510567545,0.0042862454429268
Q62264_Q8VCB2,0.0021961,0.012931,0.01609,0.2885199189186096,0.0004284973256289,0.0095636891201138
Q8VCQ3_O88703,0.0025902,0.01308,0.015935,0.12612736225128174,0.010309706442058,0.0002751203719526
P47811_Q9WVR4,0.002502,0.013009,0.01786,0.012633868493139744,0.0002917091478593,0.0035960548557341
O35305_P70191,0.0022126,0.013039,0.016179,0.04925034940242767,0.0005904889549128,0.0006991219124756
Q65ZI1_Q9EPB4,0.0021973,0.013,0.015881,0.0430721640586853,0.0083937104791402,0.4810875356197357
Q60770_Q8CDT5,0.0021978,0.012912,0.01591,0.04477480426430702,0.0030663379002362,0.2362175285816192
Q8C5G2_P0CG50,0.0021808,0.013086,0.015903,0.3176077604293823,0.0096506224945187,0.0006063602631911
Q8CFI0_Q61387,0.0022871,0.012968,0.015893,0.1752742975950241,0.0007091636653058,0.0049650031141936
Q01114_Q7TMF3,0.002407,0.012945,0.016274,0.147555872797966,0.0008165964391082,0.005004824604839
Q8CCI5_Q9CZ13,0.0021911,0.012949,0.015906,0.0030383679550141096,0.0002534355444367,0.7150981426239014
Q60629_Q8R4I7,0.0025173,0.015248,0.043618,0.031957484781742096,0.036997951567173,0.0017973360372707
Q9CZQ9_P01904,0.0022014,0.013,0.015909,0.018057407811284065,0.0003202484804205,0.2034365385770797
P48281_Q9CWH4,0.0022097,0.012961,0.017309,0.4073581397533417,0.0006634876481257,0.0034519352484494
P58801_Q9JJ59,0.0022055,0.013095,0.016705,0.10116927325725555,0.0003033346729353,0.0002610245137475
Q8R0W6_Q62231,0.0022265,0.012964,0.015892,0.05668073892593384,0.0005937045207247,0.0134561788290739
Q9JI59_Q8BX10,0.0022039,0.052249,0.035813,0.07401473075151443,0.0003315247304271,0.0560388676822185
Q9JIA1_P35456,0.045749,0.082605,0.050751,0.16401554644107819,0.9328928589820862,0.0025084847584366
P42225_P16858,0.0021684,0.012946,0.015921,0.024013444781303406,0.0002662630286067,0.0091357585042715
P47713_P68372,0.0021763,0.012987,0.016048,0.03460901603102684,0.0016483361832797,0.0003992340352851
P08113_P61514,0.0022378,0.012962,0.01662,0.44821470975875854,0.0011762947542592,0.0017791297286748
P62881_P54841,0.0094907,0.014495,0.01609,0.020404072478413582,0.0241381879895925,0.0006777665694244
P01823_P54775,0.0023959,0.013604,0.016353,0.0014313732972368598,0.0006438773707486,0.0244010910391807
Q63934_P46938,0.007483,0.01299,0.016016,0.06116513907909393,0.0063149840570986,0.0023000631481409
P0CG50_Q9JM13,0.0021733,0.013006,0.016231,0.006183234043419361,0.0924246981739997,0.0031758663244545
Q62108_Q8C4G9,0.0022362,0.01297,0.016128,0.4383123815059662,0.0019124654354527,0.0020138667896389
P01823_Q91XD6,0.0021954,0.012975,0.015917,0.17009367048740387,0.0005242687184363,0.0002311116986675
Q91Y44_Q80WG5,0.002184,0.012956,0.015977,0.0017314273864030838,0.003897089511156,0.0015291273593902
Q60629_Q9QZE7,0.0022024,0.012965,0.016268,0.005389610771089792,0.0003268297004979,0.0267382524907588
P70217_P70326,0.1982,0.013967,0.016631,0.02247617579996586,0.0709513798356056,0.0021020802669227
Q9R1P1_O88811,0.0021706,0.012958,0.015909,0.05435698479413986,0.0002052476629614,0.0129804741591215
Q3UYV9_P99028,0.0022031,0.01294,0.01588,0.026601996272802353,0.0007480218773707,0.0012155718868598
O35618_P20334,0.0021913,0.012988,0.015896,0.2682579457759857,0.0010777915595099,0.0002949059125967
Q9Z0W1_Q9D2M8,0.0021753,0.012968,0.016128,0.23186954855918884,0.0002756949106696,0.0005120453424751
Q60825_Q9DC69,0.0022017,0.01569,0.22996,0.12240630388259888,0.0004568131407722,0.000304142886307
Q9QZE7_Q9DA80,0.0021909,0.012919,0.015907,0.4429902732372284,0.0009013260132633,0.0326933562755584
Q2NL51_Q9WV86,0.002566,0.013167,0.019295,0.13846056163311005,0.0106472559273242,0.1206321641802787
P25801_A2A825,0.0021963,0.013086,0.016916,0.005635419860482216,0.9973316192626952,0.0836780294775962
O35730_O09108,0.0021906,0.013109,0.016051,0.008026373572647572,0.0002823272952809,0.0007108210702426
Q07763_P46737,0.0022219,0.012954,0.015993,0.01676231436431408,0.0003211975854355,0.2013030350208282
Q9Z1X4_O55234,0.0022046,0.013066,0.016125,0.06884198635816574,0.0002581033622846,0.0006270690937526
Q9DAG4_Q91XV3,0.0021786,0.012945,0.015902,0.36893707513809204,0.0039945519529283,0.1825858503580093
P10148_P51683,0.0022851,0.015408,0.027951,0.0660439133644104,0.0079607143998146,0.0291947424411773
P62317_P23242,0.0021844,0.012996,0.015899,0.004881915636360645,0.0002045708970399,0.4983541369438171
Q99N87_P41183,0.0022097,0.013471,0.017649,0.008914900943636894,0.0003547307860571,0.0006707592401653
O88811_P0CG50,0.0021997,0.014038,0.016069,0.03345688804984093,0.0155165661126375,0.0001462848886149
Q6ZWV7_P43404,0.0021922,0.012956,0.015969,0.2960474193096161,0.0004586004361044,0.192912146449089
P27038_Q8BTU1,0.0022476,0.013215,0.017141,0.38045406341552734,0.0003098205197602,0.005325467325747
P62858_P27467,0.0022204,0.012936,0.01586,0.015421055257320404,0.0002168227510992,0.0006230039871297
P01747_P30999,0.0021951,0.014389,0.015953,0.13140815496444702,0.0018202097853645,0.261036604642868
P18052_Q60631,0.002197,0.01346,0.01905,0.002496651839464903,0.0004780470044352,0.1037380918860435
P17433_P17679,0.25378,0.013016,0.017262,0.04363672062754631,0.0072996015660464,0.0020907272119075
Q8BVN3_P68368,0.0021783,0.013038,0.015939,0.04939993843436241,0.0003912434040103,0.0206075478345155
Q9EPW9_P49615,0.002223,0.013012,0.017429,0.3305344581604004,0.0006829189369454,0.0046498789452016
Q61006_Q91WC1,0.0021901,0.013007,0.016579,0.0013331890804693103,0.0006628881674259,0.0002726522216107
Q04735_Q9WUL5,0.0021988,0.013016,0.015995,0.08600928634405136,0.0017121195560321,0.0039101946167647
P70280_P81270,0.0022066,0.012971,0.016173,0.5883607864379883,0.0043944912031292,0.0843981206417083
Q9CQA5_P01820,0.0021972,0.01317,0.015888,0.08011571317911148,0.0006386671448126,0.0129667054861783
O88485_Q8K4B2,0.00306,0.013013,0.016279,0.1743585765361786,0.0007431201520375,0.0278609748929739
O08785_P52800,0.002315,0.012995,0.015911,0.31909722089767456,0.0003771971678361,0.0320810675621032
P0DP43_Q9WVI9,0.0021867,0.01298,0.016353,0.0024099203292280436,0.0008629842777736,0.0117651289328932
Q31099_P70362,0.0022019,0.022149,0.015965,0.018736161291599274,0.0002796009066514,0.0002713221765588
Q9CQA6_P16872,0.002233,0.018198,0.018668,0.004889830481261015,0.0003191527794115,0.3344556093215942
Q7TSN7_P61089,0.0021757,0.013013,0.015902,0.028286635875701904,0.0006349884788505,0.0297703314572572
P23812_Q65ZI1,0.0022656,0.017721,0.016169,0.3677637279033661,0.0047504515387117,0.0015191762940958
P09581_P01942,0.0021899,0.013083,0.019533,0.014848568476736546,0.0032173315994441,0.000567635637708
O35730_P30658,0.0021955,0.013128,0.015959,0.0010460776975378394,0.0027488728519529,0.0001102553433156
P15379_P63137,0.0022951,0.014797,0.01744,0.01346821803599596,0.0009002411388792,0.9467994570732116
P97372_O08734,0.0022146,0.012934,0.01591,0.0917295515537262,0.0004522904346231,0.0016036503948271
Q61733_Q9JJN6,0.0021871,0.012954,0.015899,0.015046174637973309,0.0008440264500677,0.006163262296468
O54918_P18572,0.002205,0.013546,0.023671,0.04731910675764084,0.000562849920243,0.0003210096620023
P62259_P34902,0.0022055,0.016698,0.016175,0.17884838581085205,0.0004201916744932,0.0003024833276867
Q80U63_P01647,0.0022263,0.018896,0.021095,0.005442379042506218,0.0011309895198792,0.4889893233776092
P27038_Q99L88,0.0022061,0.013,0.023248,0.378261923789978,0.0006471530650742,0.000289264251478
Q9CR68_Q149S1,0.0022151,0.012955,0.015993,0.16342085599899292,0.0002634823613334,0.8449389338493347
P42582_Q61091,0.0022636,0.013409,0.016208,0.08801956474781036,0.0005563717568293,0.0016421276377514
Q793I8_Q60770,0.0021781,0.012912,0.015938,0.013667064718902111,0.00138604210224,0.0004297470441088
Q9D2R8_P62281,0.0022863,0.012966,0.022595,0.12848849594593048,0.0072144754230976,0.4263511002063751
P60879_P28078,0.0021947,0.012941,0.015879,0.03794313222169876,0.0002525344025343,0.0052466825582087
Q9Z307_Q8BVM4,0.0021764,0.012957,0.015918,0.07802005857229233,0.0055919107981026,0.732597291469574
Q6PF93_Q8CDJ3,0.0023146,0.013,0.015942,0.4347178637981415,0.0062351934611797,0.0036685850936919
Q68EF6_P13297,0.019021,0.01437,0.016451,0.035650450736284256,0.0732583999633789,0.0032793257851153
Q9Z0H7_P62892,0.0022066,0.012938,0.015924,0.028676321730017662,0.0005579988937824,0.0027931744698435
P60710_Q9CPR8,0.0021916,0.012993,0.016008,0.03421121463179588,0.0125577552244067,0.0012620637426152
P03966_P29351,0.0036365,0.013038,0.016011,0.0456659160554409,0.0012563528725877,0.0001360922615276
P49722_Q9CQ18,0.0021863,0.012975,0.016085,0.047666847705841064,0.0002532065846025,0.0041556735523045
P70195_Q9CQA5,0.0023095,0.012983,0.015949,0.048626504838466644,0.0003364034637343,0.0001889081904664
P97333_Q60793,0.0021913,0.013013,0.01608,0.2940745949745178,0.0053425435908138,0.0277016870677471
Q99MH5_P26350,0.002184,0.012915,0.015895,0.09725984930992126,0.0003482305619399,0.0451864376664161
P63073_Q00420,0.0021845,0.013331,0.016019,0.20740044116973877,0.0014903601258993,0.0656638368964195
P05977_Q31099,0.0021912,0.013146,0.016007,0.48681166768074036,0.0003838765260297,0.0003719122614711
Q99JB4_O35618,0.002194,0.01296,0.015955,0.08794490993022919,0.0003450644726399,0.001047161524184
P28574_P70372,0.0022815,0.013061,0.01597,0.3624483644962311,0.0014503835700452,0.0020074788480997
O88653_Q9Z1N2,0.0022033,0.015302,0.015892,0.055259477347135544,0.0014881684910506,0.7567206025123596
Q62296_P48453,0.0022708,0.013033,0.019281,0.06385397911071777,0.0056192614138126,0.0131355728954076
Q9DB91_P01575,0.0022969,0.012961,0.016014,0.017066461965441704,0.0003590596024878,0.0452756695449352
P04919_O54714,0.0023218,0.013001,0.01619,0.06067191809415817,0.0019024967914447,0.2428469508886337
P81270_P01904,0.0021901,0.013009,0.015956,0.04880766570568085,0.0003977815213147,0.0017391648143529
P51450_Q3UIU2,0.0022205,0.012969,0.015968,0.17401155829429626,0.0004985909909009,0.2257360070943832
Q63943_Q62276,0.0023214,0.012996,0.016018,0.4578005373477936,0.0029371390119194,0.1323626786470413
Q9R0X0_A2NU21,0.0022439,0.012969,0.015887,0.20965935289859772,0.0006149245309643,0.0001369199744658
Q76MZ3_P18469,0.0021984,0.017861,0.015947,0.058639928698539734,0.0003820885904133,0.9480829834938048
P58064_F7BJB9,0.0022053,0.012972,0.015945,0.07177060097455978,0.0002876672078855,0.0695187151432037
Q3UXZ6_Q6X6Z7,0.33386,0.4697,0.01594,0.11409013718366623,0.0357162281870842,0.00036869381438
P35330_P14429,0.0072095,0.39621,0.13237,0.1560273915529251,0.9981722831726074,0.0060814293101429
Q08481_O70439,0.002335,0.012951,0.016146,0.015278300270438194,0.0007346432539634,0.0006133056012913
Q5SSZ7_Q3UIU2,0.0022369,0.012957,0.015943,0.26581132411956787,0.000304382527247,0.0004609913157764
O88384_Q5XJY5,0.002253,0.012941,0.015903,0.2264121174812317,0.0123840002343058,0.000102896548924
P48025_Q6PF93,0.0021817,0.013011,0.01656,0.21688391268253326,0.0130883213132619,0.0071896552108228
Q61091_Q2NL51,0.0021966,0.013197,0.016257,0.2562767267227173,0.0007779825828038,0.0062255719676613
P01808_Q62296,0.0022064,0.013276,0.015932,0.2318125218153,0.0020753813441842,0.0019085038220509
P18527_P00683,0.0022173,0.025921,0.041728,0.0024794128257781267,0.3270896673202514,0.0010734387906268
Q62232_Q60760,0.0022685,0.012982,0.016044,0.1230151504278183,0.0009814832592383,0.0001983117981581
P08551_Q9EPL2,0.0024208,0.013135,0.016071,0.500665009021759,0.0008552810759283,0.0012868219055235
P05480_P16054,0.0025926,0.014686,0.25159,0.17358320951461792,0.9954207539558412,0.010642385110259
P28652_Q62108,0.0023284,0.013034,0.059541,0.08923018723726273,0.1156662553548812,0.0101345628499984
P35330_Q9D2Y4,0.0021951,0.012988,0.016017,0.26613470911979675,0.0011606705375015,0.0495033226907253
Q9JMK2_Q9D9I1,0.0022174,0.012959,0.016033,0.12289365381002426,0.0233602877706289,0.0045644626952707
P39429_Q60769,0.0022717,0.012995,0.096871,0.18172165751457214,0.0002880019892472,0.000249516160693
Q60809_P35235,0.0021718,0.012972,0.016279,0.49079629778862,0.0011262717889621,0.0349802114069461
Q8VCD5_P25911,0.0021773,0.012981,0.016021,0.006367038935422897,0.000986800994724,0.022077340632677
P97371_Q9DC70,0.0022176,0.012946,0.015974,0.1961064487695694,0.0002583539753686,0.8899686932563782
O88485_Q02248,0.0045473,0.014602,0.043125,0.05729944631457329,0.0166320279240608,0.0129519868642091
Q9D6J6_P15702,0.0022184,0.01908,0.021747,0.134956493973732,0.0002431375323794,0.0021219754125922
Q8VI36_Q8BVM4,0.0021893,0.013044,0.015924,0.10238176584243774,0.0024861725978553,0.3573636412620544
Q9D9T8_P25206,0.0021787,0.012947,0.015986,0.16467685997486115,0.0020980420522391,0.0063334456644952
Q80V24_P41274,0.0021995,0.013171,0.016044,0.026797229424118996,0.0003359521797392,0.0002945299784187
I6L991_Q91ZD4,0.0022888,0.013495,0.22891,0.1053306832909584,0.0896728336811065,0.001740307547152
P68433_Q63739,0.0021878,0.012964,0.015974,0.11372655630111694,0.0003660395450424,0.0009961111936718
P13405_P97377,0.0022337,0.012976,0.017223,0.09012322127819061,0.9981231093406676,0.0983532071113586
P0DP43_P30282,0.0021903,0.012929,0.016326,0.26056045293807983,0.0004203231073915,0.0002239557361463
O88942_P00683,0.0021804,0.013025,0.017399,0.004806909244507551,0.0005227348301559,0.0660346001386642
Q80W99_O54972,0.0022191,0.013031,0.015897,0.033792681992053986,0.0009913126705214,0.0085036242380738
Q9JHS3_Q8BG40,0.0022083,0.013273,0.015952,0.1332676112651825,0.0032463739626109,0.1892012059688568
P61089_P35330,0.0021782,0.01304,0.015905,0.05353950336575508,0.0003717796935234,0.0197260193526744
P12023_Q6DIA7,0.0022643,0.013015,0.017361,0.013491235673427582,0.0004247256147209,0.3619145154953003
P15209_O35718,0.002179,0.013122,0.016921,0.012218141928315163,0.0005577673437073,0.0018356528598815
Q6X6Z7_Q8BFZ4,0.0031174,0.012971,0.015933,0.4149360656738281,0.000331633753376,0.0004908147966489
Q65ZC0_O89100,0.0022082,0.016593,0.016161,0.07776281982660294,0.0048541040159761,0.010613564401865
P23804_Q99JB4,0.0021883,0.012974,0.016023,0.25327569246292114,0.0004735876573249,0.7519540190696716
P70434_P29352,0.010754,0.013,0.01684,0.01957818865776062,0.0008832717430777,0.0044287797063589
Q7TMM9_P26231,0.0021964,0.013448,0.016006,0.07146253436803818,0.0008367275004275,0.0005053303902968
P48346_P24604,0.0021699,0.012961,0.015937,0.09486929327249527,0.0003051070962101,0.0031886915676295
P22315_P10148,0.0022428,0.35048,0.24818,0.23660726845264435,0.0004400616453494,0.057654220610857
P28574_P50540,0.73394,0.16868,0.033669,0.1401197761297226,0.9987367987632751,0.8819646239280701
O88634_P01679,0.0034925,0.023011,0.52323,0.0009621782228350639,0.953042447566986,0.0248609445989131
P83882_O08543,0.0022303,0.012934,0.015892,0.04645615071058273,0.0002406320854788,0.0147309517487883
P03925_Q80ZS3,0.003212,0.012955,0.015903,0.009619868360459805,0.0002615616249386,0.0007099951035343
Q8CDT5_P47757,0.0021998,0.012946,0.015916,0.10457401722669601,0.0224970392882823,0.0030581261962652
Q9D0B8_Q91YI4,0.0022063,0.012954,0.015931,0.0036167455837130547,0.0037704755086451,0.0008435721392743
Q9JIL4_P47757,0.0021826,0.012935,0.015917,0.06146135926246643,0.004544623196125,0.0002564449387136
P98078_P01636,0.0021878,0.012998,0.015891,0.045833032578229904,0.0027189042884856,0.0005768948467448
P01101_Q6P6J0,0.0021907,0.013009,0.015905,0.22648422420024872,0.0002983703452628,0.0220088250935077
A0A0M3KL48_P47754,0.0021878,0.013213,0.015875,0.013590573333203793,0.0009491393575444,0.001530229113996
Q9JIY5_P43404,0.0022485,0.01298,0.015925,0.10870504379272461,0.0004237151006236,0.032060470432043
Q8CII9_A6H6Q4,0.0023047,0.012937,0.016322,0.0340212807059288,0.0012928623473271,0.0011610338697209
P56477_Q8VIG3,0.0021805,0.012928,0.015963,0.1194910779595375,0.0183071661740541,0.0010473522124812
Q60722_Q5EE38,0.0029036,0.013107,0.015961,0.06111346185207367,0.9985681772232056,0.0001433192956028
O35593_Q80ZS3,0.002244,0.012998,0.016062,0.008934714831411839,0.0004330442752689,0.0821287706494331
Q9EPK5_Q91WA6,0.0034173,0.012991,0.015975,0.36670297384262085,0.0470569133758544,0.0049946885555982
Q8CJG0_Q62277,0.0022267,0.012968,0.016017,0.0058905575424432755,0.0002523998555261,0.0014497691299766
Q61881_Q9QWV9,0.0021801,0.013006,0.015979,0.15263916552066803,0.000464211043436,0.0609621740877628
Q65ZL8_Q9R0Q1,0.0021965,0.014944,0.016199,0.08794153481721878,0.0100512821227312,0.000821137742605
Q9Z2U0_P07356,0.0021785,0.01295,0.015897,0.1681722104549408,0.000218925444642,0.9051398634910583
O54790_P04224,0.0022072,0.10953,0.015904,0.29775819182395935,0.0004709101340267,0.003651657141745
Q8K214_Q80WG5,0.0021873,0.012939,0.016104,0.21041613817214966,0.0005662757903337,0.00022357297712
P11499_Q9D1P4,0.0021882,0.012943,0.016475,0.23604567348957062,0.9340838193893432,0.0007373811677098
Q9CQ18_P06804,0.0022575,0.012961,0.015916,0.019710322842001915,0.0002180602605221,0.0164909977465868
P00683_A0A2R8VHF7,0.0022764,0.014925,0.030167,0.010957607999444008,0.0002413703914498,0.1821320950984954
P70375_P01867,0.0034636,0.020879,0.086805,0.5811022520065308,0.0074175442568957,0.1047198101878166
P35700_Q3TWN3,0.0021896,0.012968,0.015995,0.5810479521751404,0.0002773315063677,0.0029574851505458
Q80ZS3_Q9Z2X8,0.0022257,0.012995,0.015929,0.37075528502464294,0.0002570225915405,0.000539404572919
Q9D8V0_Q8R464,0.0024878,0.013007,0.016225,0.058240000158548355,0.000673085974995,0.0026847303379327
Q9DAK2_Q8BGW0,0.0021915,0.012936,0.015959,0.22451375424861908,0.0157808884978294,0.0002989084750879
Q8VD72_P62843,0.0021895,0.013039,0.01636,0.03205912932753563,0.0276740305125713,0.0001794215204427
P40764_Q9CXW2,0.0022027,0.013465,0.015993,0.08449292182922363,0.0005160115542821,0.4988791048526764
P61255_Q63943,0.002169,0.012936,0.015893,0.004650048911571503,0.0006574496510438,0.0478745736181736
Q3TWN3_Q99LC4,0.0022859,0.01649,0.11782,0.20181262493133545,0.048237856477499,0.0065261125564575
P01843_P28574,0.0021836,0.52686,0.015991,0.09596575796604156,0.000387340580346,0.0005264130886644
Q9Z1K6_O88703,0.0022236,0.013248,0.016414,0.0020145156886428595,0.0031229818705469,0.0003437683335505
P22682_Q61127,0.003853,0.013043,0.016221,0.024480294436216354,0.0101252868771553,0.0902416259050369
Q9D4K5_P28078,0.0022091,0.01303,0.016564,0.002587943570688367,0.0004531176527962,0.0109827052801847
P01666_Q9R1S0,0.0022384,0.013086,0.018375,0.07385226339101791,0.0055767591111361,0.000855938938912
O88282_Q9D7N3,0.0022086,0.012958,0.01623,0.27490052580833435,0.0010025267256423,0.00138291856274
P12023_Q8CFI0,0.0022162,0.012955,0.015973,0.00393292773514986,0.0006012333906255,0.2450354397296905
Q8BYM7_Q9CVB6,0.0021743,0.012919,0.015895,0.41820722818374634,0.0123156206682324,0.0001697652041912
Q00322_P01647,0.0021902,0.14441,0.015925,0.02850254811346531,0.0005132791702635,0.0002424958074698
P97481_P34902,0.0023693,0.013139,0.016618,0.3952852785587311,0.0002679693279787,0.0003695691993925
P16390_O88513,0.0022729,0.012972,0.016012,0.015992945060133934,0.0004522602248471,0.015124867670238
Q9JM73_P52293,0.0023335,0.013364,0.027525,0.025447877123951912,0.0106584280729293,0.0005272316047921
P68433_P29752,0.002208,0.012972,0.01594,0.3353087902069092,0.0002498959074728,0.0011494669597595
O70477_Q99ML1,0.0022415,0.013107,0.016022,0.002126449951902032,0.0067248586565256,0.0005646321806125
Q61006_Q99LC4,0.0059148,0.25243,0.068774,0.004237428307533264,0.0066305077634751,0.0007289064233191
Q6R5N8_P59999,0.0022006,0.012935,0.015914,0.017395533621311188,0.0003592852735891,0.8997296690940857
O54709_P16951,0.0021915,0.01297,0.015928,0.4653921127319336,0.0004501303774304,0.0005187400965951
P30561_Q9DC71,0.0022471,0.013912,0.015926,0.002385958330705762,0.0002403111138846,0.0467298440635204
Q8BGD7_Q8CGK7,0.0024234,0.013229,0.016146,0.380960077047348,0.0013033275026828,0.0114110531285405
P0DP43_P28574,0.002194,0.01304,0.015907,0.1671086996793747,0.0004712949739769,0.0003680447116494
Q9D6J6_P01139,0.0022764,0.066603,0.034329,0.0513085201382637,0.0002351876319153,0.2038304358720779
Q9D7W5_Q9EPB4,0.0021706,0.012931,0.015897,0.00526785384863615,0.0005404927651397,0.0009866247419267
P10126_O88513,0.002199,0.012984,0.01595,0.0015212636208161712,0.0002991659275721,0.0004053813172504
P04228_Q9R1P1,0.0021878,0.013195,0.015866,0.39885589480400085,0.0002534157247282,0.3268202841281891
Q9WVS7_Q6Q783,0.0021913,0.012993,0.016184,0.041880182921886444,0.0141337318345904,0.1350290328264236
P97454_Q62073,0.33784,0.012982,0.016179,0.36037197709083557,0.00175130169373,0.0001507239794591
Q9QZ88_Q9JMK2,0.0029866,0.012962,0.016022,0.5751020312309265,0.0017451680032536,0.0399483405053615
P21784_P47962,0.0021725,0.012947,0.015927,0.20550905168056488,0.0003310894826427,0.0315833017230033
P43432_Q04211,0.0022118,0.012927,0.016064,0.06833761185407639,0.0010934532620012,0.000266356713837
O88513_P07750,0.0022869,0.012932,0.016204,0.2576734125614166,0.0002699888427741,0.0004884611116722
Q91YN9_P48453,0.0022024,0.012955,0.015988,0.19023120403289795,0.0224919021129608,0.0003282423422206
P30882_O35526,0.0022194,0.012967,0.015929,0.004708674270659685,0.000308279559249,0.002450673142448
Q80Y75_P09055,0.0022192,0.013027,0.015897,0.008986265398561954,0.0002578959974925,0.011071978136897
P16297_Q61730,0.0058933,0.047422,0.1418,0.08961152285337448,0.0008163510356098,0.0029397630132734
P10417_Q07813,0.14316,0.016325,0.2019,0.2649196684360504,0.9988322854042052,0.0013724574819207
Q9JI59_Q9JIK5,0.0022054,0.013023,0.015945,0.21689525246620178,0.0005249755340628,0.002467674203217
Q61083_Q9DC69,0.0022218,0.013031,0.016027,0.13942627608776093,0.0003404230228625,0.0014546383172273
Q9Z1P6_P28574,0.0023655,0.01308,0.01588,0.01880922168493271,0.0005510387709364,0.8697499632835388
P35456_P05132,0.002204,0.013001,0.01602,0.10394813865423203,0.0006074798293411,0.0005022567347623
Q62108_Q9Z2Q6,0.0023926,0.013076,0.016296,0.002118925331160426,0.0057491012848913,0.1134793683886528
Q8C031_Q60692,0.002241,0.01417,0.016994,0.05195647478103638,0.0002584488247521,0.7970138192176819
Q01114_Q9QYY0,0.0023377,0.013006,0.016255,0.3557911217212677,0.0048608942888677,0.1153494268655777
Q9CQY1_Q8K3J1,0.0022165,0.012994,0.015949,0.05622534826397896,0.0002491495979484,0.0080135324969887
P28574_Q9CWR8,0.0023615,0.013005,0.015937,0.008438621647655964,0.000682397861965,0.0007128459983505
O09061_Q60953,0.002202,0.012956,0.015896,0.07620278745889664,0.0002360829239478,0.0002995349350385
P46737_Q9JIK9,0.0021845,0.012916,0.015962,0.012599267065525055,0.0005247191875241,0.0016974587924778
P51141_P97310,0.0027948,0.012988,0.016039,0.22776693105697632,0.0015771789476275,0.0017127784667536
P62301_Q8R2L5,0.0022505,0.01296,0.016045,0.028710443526506424,0.0007722677546553,0.0004533816536422
Q7TS55_P07356,0.0021947,0.012928,0.015874,0.2286711186170578,0.0002380330261075,0.0006465393234975
Q9EP73_Q91XD6,0.0021916,0.012948,0.015967,0.011842981912195683,0.0003458319988567,0.0011032689362764
Q4KKZ1_Q80XE1,0.0021885,0.012978,0.016032,0.3626028299331665,0.0072842105291783,0.0023935611825436
Q9D8B7_P68510,0.0021952,0.015531,0.016545,0.10060220956802368,0.0004098363569937,0.0003899075964
Q059U7_Q60825,0.0054944,0.012985,0.016895,0.185871884226799,0.0006075429846532,0.0095226606354117
Q9JIE6_Q8VI33,0.0021806,0.012941,0.015959,0.027506904676556587,0.0003116698062513,0.0001822885533329
P01660_P0DP26,0.00219,0.014045,0.016115,0.0021055478136986494,0.0024542885366827,0.0549584254622459
Q8BHJ5_Q922Y1,0.0021899,0.012977,0.016033,0.0195591002702713,0.0013700174167752,0.0002322437503607
Q69Z66_Q08369,0.0022433,0.013091,0.015944,0.09695640206336975,0.002591292373836,0.1117787137627601
O35182_Q8BPZ8,0.0025684,0.012986,0.017134,0.145832821726799,0.003080946393311,0.0045119617134332
P42227_Q8CGK7,0.0022754,0.013782,0.017021,0.08859357982873917,0.9667252898216248,0.0294463019818067
Q61626_Q9DBL9,0.0022059,0.012969,0.016193,0.028277955949306488,0.0008996314718388,0.0008099877741187
P49138_O35714,0.0021897,0.012985,0.015988,0.11198853701353073,0.0004821247130166,0.0010408646194264
Q60989_P62082,0.0021944,0.012995,0.01591,0.3503953814506531,0.0003386717289686,0.0003759412502404
Q8CDU5_Q811U5,0.0021799,0.012959,0.015917,0.020413048565387726,0.0064138052985072,0.4178929626941681
Q9CWY8_A6H6Q4,0.0021869,0.012916,0.016087,0.23975002765655518,0.0055350754410028,0.0081053599715232
Q9JKV1_Q3V0Q6,0.0021931,0.013139,0.015953,0.0009789286414161325,0.0028433965053409,0.0008140264544636
P51150_P28076,0.0022155,0.012971,0.016164,0.22059278190135956,0.0001983522815862,0.8952655792236328
Q8CGP4_O88703,0.0022135,0.013033,0.19107,0.051269564777612686,0.0002541486464906,0.0004606131406035
Q61179_P48772,0.0023159,0.012964,0.015884,0.3177630305290222,0.0003570994595065,0.0123214572668075
Q9QZ88_Q99P87,0.0030907,0.013114,0.015936,0.03474816307425499,0.0005995678366161,0.0006171641289256
Q2VPU4_P97318,0.69122,0.013082,0.016924,0.004862751811742783,0.0062416559085249,0.8884413242340088
Q9JLC6_Q8K3I6,0.0022687,0.012978,0.01594,0.1633933037519455,0.0003969711833633,0.0003158446343149
P01823_O35182,0.0023047,0.013582,0.018567,0.036409180611371994,0.0064506293274462,0.0037478003650903
P62309_P81270,0.0022055,0.012983,0.015882,0.008650419302284718,0.0007525430992245,0.0052294265478849
P54763_Q9CZX8,0.0022024,0.01296,0.015912,0.02561798505485058,0.0004093502648174,0.2956220209598541
P18572_Q91WQ5,0.0022315,0.013125,0.016181,0.010986356995999813,0.0006311886827461,0.0150290988385677
P60670_Q924X6,0.0021833,0.012962,0.015931,0.06128375604748726,0.0005715221050195,0.0008853956242091
P12815_P68368,0.0021769,0.013306,0.015975,0.13670410215854645,0.0033343895338475,0.005444596055895
P41274_O35226,0.002193,0.012949,0.015983,0.016613943502306938,0.000234075327171,0.0008102498832158
Q6QLQ4_P63011,0.0031538,0.01439,0.016029,0.022405613213777542,0.0004175614740233,0.2243015766143798
P61092_P52293,0.0021846,0.013362,0.015963,0.032048944383859634,0.0003023769240826,0.0024349356535822
Q8VD72_Q9JMA2,0.0021809,0.016818,0.016051,0.00045224642963148654,0.00115225429181,0.0069446829147636
Q80ZV0_P12787,0.0021888,0.012997,0.015948,0.02695673145353794,0.000418098992668,0.0005994904204271
P05480_Q9CQ20,0.0021815,0.012975,0.016091,0.040311239659786224,0.0007095977198332,0.0005398186622187
Q02248_Q9JMK2,0.20357,0.013823,0.053878,0.10680419206619263,0.0158858336508274,0.0272363945841789
Q921E6_P49718,0.0022433,0.01312,0.016363,0.022067805752158165,0.0011945792939513,0.1446001678705215
P03925_Q9CQT6,0.0023389,0.012939,0.015891,0.001591776846908033,0.0002493782376404,0.0019667148590087
P11609_Q5NCF2,0.0021825,0.012949,0.015873,0.00761463213711977,0.0003719030646607,0.0017898908117786
Q3UXZ6_P23798,0.0022047,0.013029,0.015933,0.004503498785197735,0.000862005923409,0.0008468618034385
P70195_O54790,0.0022698,0.013004,0.015937,0.014472967945039272,0.0002297116006957,0.0006314952624961
P47962_P70188,0.0021781,0.013026,0.015961,0.015599523670971394,0.0004280291032046,0.0682457610964775
Q9D2R8_O54786,0.0021919,0.012927,0.01589,0.10701016336679459,0.0043603777885437,0.0004285208124201
P0CG50_Q8VDM4,0.0021728,0.013015,0.01597,0.014975427649915218,0.0011588449124246,0.0006456301780417
P01108_Q91ZD4,0.0058602,0.01297,0.015975,0.017814047634601593,0.0007673633517697,0.0143905710428953
P25916_Q64337,0.0022623,0.013026,0.021256,0.16857905685901642,0.0036830168683081,0.887151300907135
A0A0M3KL48_P10300,0.6706,0.70971,0.38262,0.030044784769415855,0.7956439852714539,0.7686154842376709
Q9QXL8_Q3UI43,0.0021756,0.012943,0.016108,0.0008313475409522653,0.0011366024846211,0.6326848864555359
O88513_P23804,0.0024177,0.012994,0.016104,0.014356442727148533,0.0005654780543409,0.1630192399024963
P35802_P54763,0.003371,0.012982,0.022482,0.12193447351455688,0.0003567942476365,0.0030237755272537
P28076_P62889,0.0021884,0.013469,0.016227,0.2987821698188782,0.0002144259924534,0.2393555492162704
Q61626_P09022,0.0022003,0.013608,0.016012,0.11205395311117172,0.0007369290688075,0.0039298092015087
Q9WU78_Q99NC0,0.011743,0.013078,0.015918,0.4390283226966858,0.0018583163619041,0.0002735886082518
Q61084_Q62296,0.005023,0.013009,0.016471,0.10692556947469711,0.0069980109110474,0.0086505291983485
Q91V61_Q8R3R8,0.002215,0.012928,0.015925,0.003910161089152098,0.000295425124932,0.0009519650484435
P25118_Q3U0V2,0.0021825,0.012951,0.016008,0.06501242518424988,0.0009461417794227,0.0949302092194557
P52946_O88951,0.002495,0.012991,0.016083,0.01302544865757227,0.0035588599275797,0.0002993273956235
Q9Z0G0_Q9CPX7,0.0021836,0.01294,0.015946,0.21898624300956726,0.0002511690836399,0.0041162851266562
Q3V1H9_O70435,0.0021835,0.012951,0.015903,0.01944713108241558,0.000229388140724,0.0002131959045073
Q9D485_P0DP43,0.0022116,0.012967,0.01631,0.0339084267616272,0.0022492024581879,0.0004788965161424
P19221_A0A0M3KL48,0.0022856,0.020225,0.037363,0.11151235550642014,0.0216273218393325,0.0007630661129951
Q91WC1_Q9DC70,0.0022051,0.012988,0.015935,0.08180130273103714,0.0004294908430892,0.0019060710910707
Q8C1Z7_Q9QUN7,0.0021841,0.013706,0.015987,0.44039589166641235,0.0013230672338977,0.7345419526100159
Q6PHU5_Q9Z0W1,0.0097279,0.035375,0.36358,0.03692905604839325,0.0081709707155823,0.0023748283274471
P29352_P16951,0.43323,0.013118,0.016489,0.034223973751068115,0.006713630631566,0.2758621275424957
P19253_Q99PT1,0.0022016,0.012961,0.01592,0.5114692449569702,0.0002764640084933,0.0005860455567017
Q60838_O70374,0.018677,0.013034,0.016093,0.0550236850976944,0.0095822624862194,0.0012027302291244
Q8HWE5_Q8BHJ5,0.0021806,0.013136,0.015983,0.060977715998888016,0.0003792811476159,0.7488279342651367
Q62179_Q9Z0G0,0.0021946,0.01299,0.016002,0.000915546144824475,0.0007323682075366,0.003620539791882
Q62406_Q04211,0.0022047,0.012942,0.016017,0.0063216807320714,0.0031758982222527,0.0036518878769129
Q9CY16_Q9D1P4,0.0021885,0.012945,0.015958,0.009486563503742218,0.002829089295119,0.0006448971107602
Q9WVS6_Q8CGK7,0.0022076,0.013294,0.016064,0.054053597152233124,0.016073603183031,0.0003201764484401
Q9DAK2_Q9JKS4,0.0022085,0.01304,0.016049,0.2322184145450592,0.0052370550110936,0.2152977436780929
O35716_P62869,0.0022167,0.013487,0.017261,0.0526367723941803,0.0041276575066149,0.0006222794763743
P54818_P63011,0.0022545,0.013003,0.01595,0.06568274646997452,0.0003862537560053,0.0078202094882726
Q5SW45_Q9D2M8,0.0021729,0.012948,0.015943,0.010637179017066956,0.0016889377729967,0.0599339641630649
O08795_B2RSH2,0.0022253,0.013209,0.015911,0.44020453095436096,0.0010396279394626,0.1134250238537788
Q9D4K7_P83917,0.0021886,0.012977,0.015921,0.011333350092172623,0.0020243311300873,0.0042417240329086
A0A0M3KL48_Q6P6J0,0.002277,0.014602,0.016018,0.010297069326043129,0.0007163085392676,0.0003081702452618
P41105_Q60692,0.0022024,0.012943,0.015949,0.06047386676073074,0.0002162473538191,0.0002239010937046
P68033_Q8C5G2,0.0021784,0.012969,0.015936,0.08505333214998245,0.0053245425224304,0.0003721165412571
O70174_Q8BLC3,0.0024201,0.025052,0.29396,0.07186241447925568,0.0028385915793478,0.0029101285617798
Q8R4G0_P30561,0.0021871,0.012999,0.016063,0.04413784295320511,0.0005025120335631,0.1655027717351913
Q9D4Q1_Q8K245,0.0022573,0.01311,0.015937,0.5142999291419983,0.008731179870665,0.7626553177833557
Q6ZWS8_P28078,0.0021888,0.01303,0.016522,0.0166777353733778,0.0017099613323807,0.0015112197725102
P70444_Q9DCL4,0.0021736,0.012932,0.01591,0.07493803650140762,0.0004532429447863,0.0552963651716709
P29352_P22682,0.23852,0.013099,0.016424,0.28659942746162415,0.0023563662543892,0.0021432512439787
P01810_Q61097,0.0022406,0.013257,0.016207,0.34890472888946533,0.0271528903394937,0.0038750357925891
Q9JIK5_Q3ULA2,0.0023249,0.014011,0.017042,0.07606116682291031,0.000790427729953,0.158162921667099
P62082_O08675,0.002192,0.012988,0.015901,0.03395587205886841,0.0002221662434749,0.3871628046035766
P39429_P61089,0.018952,0.013665,0.017218,0.03223537653684616,0.0119828814640641,0.0005011680768802
P70696_O55234,0.0022025,0.012939,0.015936,0.006713449954986572,0.0001986893912544,0.0108107915148139
Q8K3Z0_P48168,0.0022064,0.013719,0.016759,0.14510640501976013,0.0026608165353536,0.0226886682212352
Q61387_Q9WV86,0.0022351,0.01296,0.01589,0.011395721696317196,0.0007444133516401,0.0754473358392715
Q91Y44_Q8BVM4,0.0021799,0.012971,0.015897,0.10013869404792786,0.008761984296143,0.0013208335731178
Q80XZ4_P29752,0.0022154,0.018497,0.033671,0.00648835301399231,0.003628333332017,0.0004961984232068
O08795_Q60770,0.0021873,0.012942,0.015913,0.043990008533000946,0.0003010956279467,0.7055112719535828
A2NTY6_Q3U1F9,0.00222,0.013107,0.020718,0.003424273803830147,0.0010619754903018,0.0003018619318027
P28033_Q8JZM6,0.0022078,0.012993,0.015932,0.010312995873391628,0.0009170730481855,0.3280632197856903
P10126_Q6P6J0,0.0022038,0.013187,0.016467,0.043947841972112656,0.0008055169018916,0.0027459447737783
Q6PAT0_Q8VH51,0.0021771,0.012948,0.015975,0.06144171580672264,0.0044612623751163,0.0001878176553873
P15702_O70469,0.0023748,0.013113,0.016018,0.03915592283010483,0.0022102512884885,0.0272716339677572
P14148_P35951,0.002189,0.012939,0.015891,0.31485092639923096,0.0003720699460245,0.0008484509307891
Q8CGP6_Q9CQV5,0.0022077,0.012995,0.016261,0.04747172072529793,0.0002680232282727,0.0223015490919351
Q9DBR4_Q9Z2W9,0.0021877,0.012939,0.015966,0.06135546788573265,0.0012906693154945,0.0683641210198402
O55222_Q99JW4,0.0022794,0.013146,0.016041,0.08597596734762192,0.991175651550293,0.0010105997789651
P62855_Q07763,0.0021864,0.012954,0.015886,0.1842811554670334,0.0002354622411075,0.1452008634805679
P70217_Q9JHF9,0.002187,0.013008,0.015992,0.0070318374782800674,0.0008649139199405,0.0006965724751353
O35963_P27782,0.0046489,0.013102,0.016009,0.007971103303134441,0.00085659296019,0.0004166263097431
Q8CII9_P07356,0.0021977,0.012956,0.015879,0.007462762296199799,0.0004072352312505,0.2344179302453994
A0A0G2JF94_P49722,0.0022157,0.013022,0.015876,0.0024509879294782877,0.0003408741031307,0.0004328441282268
P05977_Q6ZWY9,0.0088909,0.013193,0.01621,0.031931083649396896,0.0005726347444579,0.0006735151982866
P19536_Q00609,0.0022155,0.42785,0.23248,0.0032641617581248283,0.0002541835128795,0.0359983928501606
Q61626_Q8BG40,0.0022001,0.013069,0.015974,0.0053004189394414425,0.0009041017619892,0.0082399854436516
P35991_Q9WU78,0.0021966,0.013021,0.016025,0.33970242738723755,0.0004377093864604,0.0032491649035364
P97372_P99026,0.0021795,0.012939,0.015912,0.019272375851869583,0.0002728818217292,0.0522027239203453
P63073_Q91VN6,0.0022066,0.013072,0.016408,0.0152692049741745,0.0045867366716265,0.0008360265637747
Q9JJX7_Q01887,0.0022277,0.015579,0.02811,0.09571132808923721,0.0005979368579573,0.0003239357611164
P30282_Q9WV86,0.0021917,0.012987,0.015937,0.49538862705230713,0.0009005012107081,0.1707206219434738
Q8R1R4_Q99ME6,0.0021899,0.012962,0.016453,0.079422228038311,0.0003315955400466,0.0411291047930717
Q9DB40_Q91ZW2,0.0021765,0.012921,0.015951,0.47277140617370605,0.0002274960279464,0.4841197431087494
P62881_Q9Z138,0.0022069,0.013176,0.016254,0.18846969306468964,0.0011563699226826,0.0261843502521514
Q7TS55_Q60636,0.002187,0.014492,0.026021,0.022936172783374786,0.000267263065325,0.0007286699255928
P58771_Q8VEK3,0.0023079,0.013394,0.015933,0.026211291551589966,0.0039514997042715,0.0002100204146699
Q8BTU1_P12787,0.0022172,0.013595,0.068754,0.018829094246029854,0.0002516446402296,0.0007620668620802
P97471_Q62432,0.0022404,0.012928,0.015996,0.051168061792850494,0.9988570213317872,0.0073480061255395
P28574_P33242,0.0023381,0.013125,0.015907,0.04559804126620293,0.0017451662570238,0.0070876679383218
Q8JZM0_Q6R3M4,0.0022111,0.016192,0.015964,0.1323803812265396,0.0011116205714643,0.006909878924489
P61514_Q62264,0.0022044,0.012927,0.015915,0.008529325015842915,0.0004978608340024,0.0006081072497181
P60202_Q99N84,0.0022813,0.098126,0.053033,0.17841733992099762,0.0006356463418342,0.0010619431268423
Q9D8V0_Q9DAR0,0.002221,0.012939,0.015896,0.020982157438993454,0.0022917315363883,0.0961615741252899
Q9WTV6_P84750,0.0021812,0.013235,0.01592,0.00957643985748291,0.0007842959021218,0.0010673266369849
Q32NY4_Q9CZB6,0.0024008,0.012962,0.016014,0.05741254612803459,0.0002960161073133,0.009325404651463
O88634_Q91XU0,0.002309,0.013157,0.18581,0.005303602200001478,0.0003801780112553,0.0088529977947473
O88602_Q9CQJ2,0.0021912,0.012939,0.015916,0.08385834097862244,0.0003057407157029,0.0018704667454585
P46096_Q9D7N3,0.0023147,0.013013,0.057895,0.028081391006708145,0.0003390726633369,0.0089701768010854
O89090_Q61501,0.0023221,0.01314,0.015911,0.027560336515307426,0.0039723338559269,0.9473974108695984
Q62193_Q9CQJ2,0.002186,0.012944,0.015894,0.007737759500741959,0.0009117019944824,0.0003156312159262
Q7TSZ8_Q00420,0.0022071,0.01306,0.020815,0.006511681713163853,0.0041346671059727,0.0146810133010149
O35235_O88703,0.0022348,0.013348,0.020134,0.0005837773787789047,0.0010888314573094,0.0731123834848404
P59178_Q8R0W6,0.0022144,0.012942,0.015913,0.027997737750411034,0.0006515904096886,0.0122320773079991
Q91YN9_P49718,0.0022187,0.012977,0.015914,0.4610516428947449,0.000406320876209,0.0037908651866018
Q07832_Q61337,0.0030827,0.012981,0.016595,0.06473511457443237,0.023910503834486,0.0311540123075246
Q64028_Q9D0M3,0.0021932,0.01415,0.015922,0.3533475399017334,0.0003531698021106,0.0004423575883265
P70191_Q99PT1,0.0022336,0.013027,0.016111,0.006121055223047733,0.0027146378997713,0.9552990198135376
Q03157_P01660,0.0022099,0.022091,0.043013,0.29354655742645264,0.0119278328493237,0.0125295128673315
P01810_P14685,0.0022222,0.014952,0.016085,0.007617272902280092,0.0019438407616689,0.0039493404328823
P25233_Q61091,0.0021871,0.012954,0.016044,0.3974490761756897,0.0005569479544647,0.0172017607837915
P15535_P29752,0.0022081,0.024214,0.071472,0.06750868260860443,0.0054018683731555,0.0011293815914541
O88634_O08582,0.002288,0.013076,0.017624,0.0009173955186270177,0.0005684623611159,0.0003419651475269
Q8R2K4_Q08024,0.0022154,0.013005,0.016251,0.011194375343620777,0.0363376997411251,0.1511320769786834
Q61234_P20334,0.0022019,0.013005,0.022996,0.0015843629371374846,0.0003978285240009,0.0005924705183133
P49817_P04370,0.0021738,0.012913,0.015907,0.21471916139125824,0.0025861016474664,0.0036494093947112
Q61180_P70196,0.0022753,0.01312,0.016049,0.37515389919281006,0.0002945631276816,0.0454197227954864
Q80XZ4_Q9DBC7,0.0021915,0.012987,0.016063,0.13629776239395142,0.0004397158627398,0.0002454207278788
P60904_P70326,0.0022221,0.013044,0.01594,0.02059188298881054,0.005793038289994,0.0004685611638706
A0A5E3_Q9JIE6,0.0023622,0.12588,0.082074,0.08188804984092712,0.987945318222046,0.0002095978998113
Q9Z2U1_Q61456,0.0021658,0.012919,0.015896,0.006224155891686678,0.000511669088155,0.0003929360536858
Q60778_P09022,0.0023576,0.013229,0.017175,0.10470809042453766,0.7805793285369873,0.0006691648741252
Q9QYP6_Q61584,0.0030535,0.013067,0.015941,0.061731792986392975,0.0022102566435933,0.0055345059372484
A2NU21_Q059U7,0.002213,0.013018,0.016185,0.003316716756671667,0.0104959337040781,0.0003493579861242
Q65ZI1_Q9DC70,0.0023508,0.016374,0.022922,0.0269797183573246,0.0008659219602122,0.3045318722724914
Q64337_Q91VR7,0.0022066,0.012983,0.016016,0.17189857363700867,0.0095076588913798,0.0014102759305387
Q8R0S2_Q9R1P4,0.0021772,0.012969,0.01589,0.21889463067054749,0.0004216164525132,0.0415899157524108
Q149S1_Q9R109,0.0021965,0.012939,0.015952,0.07335561513900757,0.0055885817855596,0.0130777498707175
P01661_Q9CQ18,0.0022954,0.013046,0.015888,0.01607755571603775,0.0008422561804763,0.0020306014921516
Q6P8X9_O88485,0.0022443,0.012929,0.016027,0.060345668345689774,0.0033818203955888,0.1304562985897064
Q9CXW4_P68372,0.0022072,0.012968,0.015927,0.5400182008743286,0.0004046637623105,0.004416549578309
Q6PDM2_P63073,0.0022032,0.01372,0.016602,0.27660199999809265,0.0006037853308953,0.0008738313335925
P22091_P98156,0.0022131,0.013414,0.016078,0.41181907057762146,0.000610007205978,0.0001892227592179
Q3TCJ1_P53986,0.0022114,0.013171,0.015917,0.2080249935388565,0.0003174830344505,0.0057137417607009
O35226_P0CG50,0.0022533,0.013178,0.015954,0.012804471887648106,0.015308691188693,0.0003289356245659
Q9D9D9_Q8C456,0.0024511,0.0131,0.015917,0.023849299177527428,0.0043689981102943,0.0037011886015534
P01631_Q9QXL8,0.0021924,0.012945,0.015921,0.028709840029478073,0.000549804768525,0.003276488976553
Q62424_Q00560,0.0025016,0.013092,0.015998,0.1934177130460739,0.0006817474495619,0.0026945495046675
Q91YN9_Q03347,0.0022122,0.013049,0.01592,0.1246822401881218,0.1289966106414795,0.0012207184918224
P25206_Q61881,0.014155,0.01304,0.098462,0.0013026430970057845,0.9987008571624756,0.0002548744378145
Q9D032_Q60972,0.0021783,0.01304,0.015932,0.02513503096997738,0.0042447280138731,0.9749842882156372
Q64237_Q9CQY1,0.0022104,0.012943,0.016174,0.008159100078046322,0.0004719364806078,0.162572905421257
Q9D2R8_Q3UKC1,0.0021823,0.012961,0.015879,0.08269768953323364,0.005899672396481,0.8224429488182068
Q6R5N8_P70195,0.0021905,0.012975,0.015956,0.11082044988870621,0.0002963320876006,0.0108778066933155
P39428_P39429,0.85632,0.91374,0.017187,0.01940957084298134,0.9988260865211488,0.3401792347431183
Q8BVM4_P15261,0.0022168,0.012987,0.015916,0.2648285925388336,0.0003478428698144,0.0005815426702611
O70394_O55029,0.0022696,0.013302,0.016137,0.004022342152893543,0.0010422394843772,0.0003401311987545
O35526_P01592,0.0021979,0.013003,0.015945,0.18401792645454407,0.0009503228939138,0.0392460003495216
Q61083_Q9WVB3,0.0023038,0.012995,0.017011,0.362561970949173,0.0058410074561834,0.0002448728482704
P04925_O35963,0.0036538,0.0132,0.01602,0.0060212211683392525,0.0002739592746365,0.0004566196294035
Q9WTV6_Q99LI8,0.0021845,0.013003,0.015964,0.28716471791267395,0.001194225391373,0.0025558138731867
P22723_Q9R000,0.0021889,0.012929,0.015943,0.012445385567843914,0.0009078394505195,0.9334404468536376
Q9D7X3_O70343,0.0022332,0.012962,0.016062,0.10068672895431519,0.0201472546905279,0.0001716918195597
P39054_Q9JIK9,0.0021997,0.012921,0.015933,0.20331481099128723,0.0018195187440142,0.0002615666016936
Q9CQI9_Q9Z2U1,0.0021765,0.012935,0.015903,0.296094685792923,0.0002772746665868,0.0012297075008973
Q8K3J1_Q63943,0.0021879,0.013052,0.0159,0.2729298174381256,0.0003781469422392,0.0743584781885147
P17427_P18181,0.0021995,0.013904,0.015926,0.15622742474079132,0.000275846599834,0.0106374248862266
Q8VIG3_O88634,0.0021991,0.012962,0.016129,0.07370875775814056,0.0007391234394162,0.1231121271848678
P46660_Q2VPU4,0.38838,0.37696,0.016461,0.017509523779153824,0.0087976930662989,0.0198855940252542
Q60954_Q62424,0.37256,0.019912,0.016488,0.04947802051901817,0.0198239758610725,0.0010620807297527
Q8VHW2_Q62192,0.0022437,0.013139,0.018415,0.13507166504859924,0.0007204826106317,0.0049419114366173
Q9CPQ1_O70274,0.0023194,0.012951,0.015899,0.023634815588593483,0.0005278146709315,0.4480520486831665
A2NUE8_Q9WVI9,0.0021956,0.013047,0.01632,0.12139024585485458,0.0041040005162358,0.0008680536993779
Q60819_Q9JMA2,0.0022197,0.013769,0.016203,0.3028773367404938,0.0002943893196061,0.0188584960997104
Q9DCT2_P28078,0.0021912,0.30305,0.38805,0.27183136343955994,0.0007963648531585,0.0867726579308509
Q9JI59_P56399,0.0021928,0.012945,0.015886,0.05102478712797165,0.0003039150906261,0.0004025577800348
O88895_O54828,0.0021806,0.012998,0.016025,0.505763828754425,0.0002635683049447,0.0025041834451258
Q9Z2U1_Q2MH31,0.0021767,0.01292,0.015883,0.019838323816657066,0.0005708261160179,0.0013983000535517
O35235_Q8K214,0.0021995,0.012974,0.01612,0.4157721996307373,0.0002720723568927,0.9749944806098938
A2ARP9_P20937,0.0027244,0.013525,0.031086,0.42526090145111084,0.0005093571962788,0.0001857412717072
O88952_P09022,0.0023178,0.012965,0.016058,0.1836162805557251,0.0019970727153122,0.033461432904005
Q5EE38_Q91WC1,0.013217,0.012991,0.017655,0.156601220369339,0.9989500641822816,0.0003459299332462
O09106_Q9R190,0.002183,0.01296,0.016773,0.005500494968146086,0.0010938763152807,0.1239673420786857
P04228_Q8R4A3,0.0022045,0.013001,0.01624,0.22107146680355072,0.0010732955997809,0.0003379877889528
P58064_Q5NCF2,0.00219,0.012936,0.015932,0.005287740379571915,0.0002297584869666,0.0002590016229078
Q9D7X3_P48025,0.0022585,0.013731,0.031977,0.013572066091001034,0.1047824323177337,0.0009678901988081
Q924H2_P63137,0.0022471,0.012934,0.016111,0.4226911962032318,0.0004304395115468,0.0013930352870374
P41183_Q6P8X9,0.0022029,0.01298,0.016014,0.27116939425468445,0.0369711257517337,0.4266113340854645
Q793I8_P68033,0.0021777,0.013068,0.015895,0.24577300250530243,0.0096661625429987,0.1247195824980735
Q9WU38_Q60770,0.0021921,0.012916,0.015904,0.007990163750946522,0.0002344823151361,0.156643733382225
Q61091_Q9QUM4,0.0024179,0.019929,0.20121,0.043596673756837845,0.1262238919734954,0.0004701044235844
Q8VCD5_P04213,0.0021725,0.012964,0.01593,0.007766034919768572,0.0005163060268387,0.0122827589511871
P30051_Q9D9V4,0.0021841,0.01293,0.015901,0.15246550738811493,0.0025795800611376,0.0002233526756754
P19123_Q5BKP2,0.0022004,0.013077,0.035317,0.011233300901949406,0.0030374694615602,0.0001390396500937
Q80UL9_P04351,0.0022972,0.048409,0.025957,0.1883493810892105,0.9968333840370178,0.0131965484470129
Q9Z0X1_Q61501,0.0021931,0.012963,0.016191,0.14580604434013367,0.0036757278721779,0.0049203247763216
Q8VCB2_Q80US8,0.0022252,0.013041,0.016078,0.07013922184705734,0.0032749276142567,0.0124798407778143
Q99J83_Q8CGP4,0.0022074,0.012949,0.015923,0.1367938071489334,0.0003640838258434,0.0007682838477194
P15307_P43431,0.0022069,0.013066,0.017336,0.21911904215812683,0.002941720187664,0.0008086182642728
Q5SSZ7_P62264,0.0021687,0.012966,0.015896,0.23716554045677185,0.0002495178487151,0.0109223844483494
Q9CZ44_P28076,0.0021709,0.012938,0.015894,0.33268457651138306,0.0003278861113358,0.0144217228516936
P12815_Q91WQ5,0.0021799,0.013069,0.015959,0.47874903678894043,0.0017483074916526,0.0145487673580646
Q9CPW4_Q9JJY9,0.0022082,0.01308,0.015882,0.19067975878715515,0.000237606713199,0.0004591874603647
P61255_Q9EQH3,0.0021686,0.012969,0.015915,0.3737793266773224,0.0002239937603008,0.0003840710560325
Q9CQZ5_O70174,0.0022319,0.013329,0.017697,0.001768541056662798,0.0002460211690049,0.0002429883170407
O35235_P16858,0.002176,0.013032,0.01592,0.02095017209649086,0.0002150396030629,0.0004012298595625
P01631_P18572,0.0081837,0.53136,0.080616,0.01598043367266655,0.2432817071676254,0.003740971442312
P53986_P52800,0.0022924,0.013077,0.017274,0.015693223103880882,0.0024784647393971,0.0003271355235483
P04925_Q9D032,0.0029214,0.013191,0.021717,0.04265303164720535,0.000285251007881,0.000596193014644
P54763_Q8VCI5,0.0021978,0.012977,0.015953,0.1730879247188568,0.0002777329063974,0.0907760933041572
Q8R2K4_P70280,0.0022136,0.012988,0.017263,0.4268176853656769,0.0006807138561271,0.0011204263428226
O54918_P10417,0.0022055,0.012963,0.016406,0.09199650585651398,0.1364557296037674,0.0021725273691117
Q9Z2U0_P62192,0.0022042,0.012943,0.01593,0.05588908866047859,0.0008949251496233,0.0007255863165482
Q9WVE0_P70195,0.0021855,0.012935,0.016256,0.10301581025123596,0.0002241351758129,0.0017682851757854
Q61730_P01887,0.0022284,0.18758,0.056319,0.15863125026226044,0.0034047313965857,0.0117052709683775
Q62225_A0A0M3KL48,0.0021854,0.01495,0.016556,0.018991095945239067,0.000839315529447,0.011861472390592
P27782_Q61699,0.0022785,0.013044,0.016003,0.04125018045306206,0.0021511609666049,0.0125182485207915
Q8C0X7_P23611,0.0021975,0.012978,0.015906,0.05774581432342529,0.0006978611927479,0.0118305049836635
P30051_O09108,0.0021946,0.012955,0.015991,0.2670350670814514,0.0002419847005512,0.0014714333228766
Q9D4K7_O88351,0.1221,0.02601,0.016023,0.005431562662124634,0.0014776875032112,0.0010685770539566
P68368_O54786,0.0021826,0.013069,0.016177,0.024320265278220177,0.0029623555019497,0.005800936371088
Q8BYM7_Q60772,0.0022456,0.013134,0.016814,0.05500980094075203,0.0020554936490952,0.0003297723887953
P20334_A0A2R8VHF7,0.0022982,0.012998,0.016135,0.5225582122802734,0.0007396891596727,0.8815603852272034
O54901_O88447,0.0022317,0.023093,0.015983,0.03953402489423752,0.0003400760760996,0.0431441143155097
P97377_Q8VDS3,0.0022234,0.013128,0.019777,0.30083519220352173,0.0021989243105053,0.0004672538489103
P97287_P08207,0.002264,0.012954,0.015893,0.1908130645751953,0.0022811009548604,0.0101050054654479
P01666_Q62424,0.0022053,0.015646,0.01615,0.0103248730301857,0.0068080988712608,0.0004701658326666
Q8VD72_Q8C180,0.0052293,0.013204,0.016287,0.07151022553443909,0.0022450168617069,0.2544758915901184
P97302_Q61827,0.15806,0.62686,0.018661,0.026686904951930046,0.0036379045341163,0.005336741451174
Q6ZWS8_Q8C4V4,0.0021793,0.012968,0.016516,0.4655914008617401,0.9989374279975892,0.9144741892814636
V9GXK1_P70340,0.00232,0.012969,0.016188,0.037645332515239716,0.0119673376902937,0.878158688545227
P26043_Q6P8Y0,0.0021764,0.012948,0.01591,0.06970393657684326,0.0003362296847626,0.0013432577252388
O89110_P25446,0.0021852,0.012954,0.016059,0.1107509434223175,0.0050497031770646,0.9689579606056212
P40764_Q9Z0H7,0.0024851,0.013008,0.01603,0.13989228010177612,0.0021590064279735,0.0008850126178003
P14753_P27467,0.0022583,0.018893,0.033523,0.1129060611128807,0.0008458839147351,0.0057929069735109
P41274_P48437,0.0022141,0.013017,0.015926,0.018330195918679237,0.0003519433666951,0.0696027353405952
Q9JIK9_Q9JIK5,0.0022064,0.012931,0.016278,0.42047351598739624,0.0005498467362485,0.01703348942101
Q9JIK5_Q64287,0.0024803,0.012947,0.016652,0.11293458193540573,0.0031578901689499,0.0002425048151053
Q61006_Q91Y86,0.0027947,0.014102,0.12446,0.14154276251792908,0.0023780728224664,0.0013092015869915
P31938_Q61097,0.0025639,0.013252,0.17375,0.013473388738930225,0.0200532041490077,0.0007490694406442
A2AIP0_Q9DCS9,0.0022044,0.01293,0.015912,0.08336269110441208,0.0045100706629455,0.0005174854886718
P35438_Q9D415,0.1331,0.012994,0.016065,0.010536301881074905,0.0012063392205163,0.0068730604834854
P52800_Q99MH5,0.0021952,0.012925,0.015877,0.009079093113541603,0.0003464763285592,0.0002196076093241
P42582_Q6PHZ2,0.0022318,0.015225,0.041435,0.002601831452921033,0.0117887137457728,0.0028746172320097
A0A0M3KL48_Q08481,0.088416,0.3094,0.037414,0.21449768543243408,0.047310747206211,0.363831490278244
Q3U1F9_P49718,0.002223,0.013013,0.015972,0.022533079609274864,0.0002744988596532,0.0291367061436176
P24604_Q9JKV1,0.0022225,0.013716,0.01721,0.19647718966007233,0.0008429807494394,0.0008612928213551
O09061_P15209,0.0021982,0.012979,0.015942,0.019911793991923332,0.0002377778291702,0.0001741385349305
Q9DC37_P26049,0.0024948,0.013321,0.051119,0.007305588107556105,0.002682149875909,0.0223324336111545
Q62179_P22605,0.002197,0.013341,0.016262,0.1595156192779541,0.0004502297088038,0.0010595804778859
P12960_P28741,0.0022003,0.013195,0.01592,0.09096338599920273,0.0004334705299697,0.0929219871759414
Q3UXZ6_P15247,0.0023107,0.013233,0.015959,0.018636582419276237,0.0020712751429528,0.0010588543955236
Q6PGF3_O88746,0.002191,0.013329,0.015979,0.3069992959499359,0.0004948123823851,0.0836716443300247
Q9WVR4_Q14B62,0.00221,0.012962,0.015926,0.00912163220345974,0.0002413770707789,0.0298967063426971
P61080_Q9QWV4,0.0021741,0.012959,0.015898,0.09361379593610764,0.0003363329160492,0.0030666340608149
A0A0M3KL49_P03888,0.0021997,0.023163,0.025653,0.022812068462371826,0.0031053337734192,0.001243477454409
O88448_Q9QWV4,0.0023851,0.014312,0.017041,0.09992474317550659,0.0067821508273482,0.0005692311679013
P01108_Q9CQ91,0.0022133,0.012939,0.015901,0.3531600534915924,0.0003270198358222,0.0095778191462159
P22723_P14719,0.002677,0.26149,0.077063,0.014261152595281601,0.0079846289008855,0.0005129744531586
O89100_Q8R0L9,0.0022411,0.012971,0.016004,0.08097445964813232,0.0005778099875897,0.00083100941265
Q8BVN3_P29752,0.0022511,0.013028,0.015883,0.04877409711480141,0.0010032104328274,0.0049352613277733
Q61539_Q9JHS3,0.0022399,0.012947,0.01597,0.282638818025589,0.0002805464318953,0.0554765611886978
Q9R0Q1_P46096,0.0028177,0.18993,0.055884,0.21160775423049927,0.0016109700081869,0.0034598854836076
Q8CBW3_P01843,0.0021811,0.013172,0.015943,0.19128000736236572,0.0005099946283735,0.4746089577674866
P23798_O54864,0.0021855,0.013007,0.016009,0.03127221018075943,0.0014947198797017,0.0001861714263213
Q99ME6_Q61097,0.0021846,0.012959,0.015988,0.002255419734865427,0.0005590487271547,0.263145387172699
Q9WTV6_P97784,0.0022012,0.012929,0.015938,0.005328481551259756,0.0002654508862178,0.1892532706260681
P59178_P62301,0.0021918,0.012937,0.015919,0.028827250003814697,0.0029738997109234,0.1352909058332443
Q3TXS7_Q9DCL4,0.0021805,0.013008,0.016615,0.23070596158504486,0.002160551957786,0.1502163559198379
Q8CCI5_Q9CQJ4,0.002188,0.01304,0.023958,0.03267001360654831,0.001081500435248,0.1074980944395065
Q60787_O88643,0.14956,0.013021,0.016366,0.23784832656383514,0.9883611798286438,0.0032922362443059
P40338_Q61221,0.0022,0.012968,0.015964,0.02708720974624157,0.0039301193319261,0.4338085651397705
P62305_Q9D9D8,0.0021834,0.012993,0.015893,0.010155786760151386,0.0002184196491725,0.0212173853069543
P19123_Q8BVN3,0.0022519,0.013092,0.016023,0.0073980228044092655,0.0011337741743773,0.4402034282684326
O54714_P63085,0.0022765,0.01301,0.017631,0.12707677483558655,0.0014176381519064,0.0003412914520595
Q07832_P27782,0.043307,0.014703,0.021339,0.2810332775115967,0.0054998667910695,0.062801793217659
P60710_Q99N57,0.0022027,0.013499,0.016015,0.009531276300549507,0.0015799092361703,0.983756422996521
P20937_P50538,0.0022406,0.012976,0.015918,0.02622814103960991,0.0004852952843066,0.037273421883583
Q2TBA3_Q9Z0H7,0.022385,0.013031,0.018699,0.33890560269355774,0.0024083158932626,0.003051847917959
Q2WF71_Q9D485,0.0022166,0.012984,0.016148,0.15995845198631287,0.0008058382081799,0.0004018154577352
O88485_Q64329,0.0021941,0.012957,0.015948,0.274247407913208,0.000322194333421,0.0005467651062645
P62082_P23780,0.0022261,0.012935,0.015878,0.08425533771514893,0.0002171363885281,0.0003541558398865
A0A0E4B366_Q920N1,0.0022314,0.013833,0.023672,0.007869384251534939,0.0013774682302027,0.0004148613079451
Q62424_Q9D9D8,0.0024971,0.012994,0.018913,0.005337640177458525,0.0013975126203149,0.393671452999115
Q8BH43_Q9CR21,0.0021985,0.013754,0.016026,0.019829249009490013,0.0003623383236117,0.0004714925016742
Q3V0Q6_P62855,0.0021907,0.012947,0.015941,0.14458008110523224,0.0003955037391278,0.107741892337799
P22315_Q9QZL0,0.0021743,0.013185,0.017326,0.002567440504208207,0.0003264696861151,0.5389331579208374
P24604_P60670,0.0021791,0.012966,0.015952,0.4153343737125397,0.0007658707909286,0.000127732855617
Q8BJZ4_Q8BX10,0.0021842,0.033999,0.17007,0.012601515278220177,0.0038226726464927,0.0004713033267762
P22682_Q8R2X8,0.0029347,0.013039,0.015965,0.016959644854068756,0.0066594295203685,0.0022827791981399
P01869_Q7TSN7,0.090466,0.46667,0.19264,0.43506258726119995,0.0381255485117435,0.0007068173144944
Q99MH5_P23804,0.0021801,0.012967,0.015888,0.1026589646935463,0.0004273392842151,0.0182014480233192
P49817_P0CG50,0.0021926,0.013072,0.015903,0.17423851788043976,0.0006428260821849,0.0003661358787212
P70452_Q31093,0.0022394,0.013108,0.015888,0.5081358551979065,0.0006235506152734,0.0009464605245739
P55258_Q9CQC7,0.0022006,0.012966,0.015943,0.0340392030775547,0.0002594497345853,0.7105162739753723
P70326_Q9CQ20,0.0025136,0.012962,0.01619,0.001385522074997425,0.0289861932396888,0.0007235555094666
P40336_P62911,0.0021812,0.01293,0.01592,0.022218186408281326,0.0004256122047081,0.0231446418911218
Q9D0B8_Q60837,0.0022042,0.012928,0.015871,0.35837823152542114,0.0004305418988224,0.0124664604663848
P06869_Q80V24,0.002199,0.013019,0.016115,0.17027369141578674,0.0008657718426547,0.0006483719917014
A0N262_Q99P58,0.0022338,0.14097,0.015958,0.017246099188923836,0.0010100111830979,0.0006858213455416
P15702_P97428,0.0021897,0.013024,0.01606,0.04816232994198799,0.0005832626484334,0.0372693836688995
P48772_P09632,0.0022685,0.013085,0.015977,0.30250492691993713,0.0005601848824881,0.5508636832237244
Q8R2X8_Q78JW9,0.0022298,0.012951,0.015959,0.04194999858736992,0.0099514499306678,0.0006708464352414
P61089_Q8K214,0.0021848,0.013072,0.015904,0.015284736640751362,0.0009222895605489,0.0008309919503517
O08665_P62878,0.0022205,0.013073,0.015898,0.014629878103733063,0.0002772551088128,0.0002446231665089
Q9R049_Q9JHJ3,0.0023805,0.013155,0.040702,0.18939799070358276,0.0006097165169194,0.0004492965526878
O54918_O55013,0.0021927,0.012973,0.015905,0.09903048723936081,0.001565602608025,0.0009794193319976
P56399_O70439,0.0022025,0.012951,0.015915,0.011643183417618275,0.0003445383626967,0.009843966923654
Q62179_Q9QZQ0,0.0022919,0.013147,0.016095,0.1968856155872345,0.0004275426035746,0.0005037207156419
Q9JJW5_Q91V08,0.002196,0.012951,0.01593,0.0048971050418913364,0.0002733518776949,0.0037712028715759
Q9JM76_P20917,0.0022059,0.012969,0.016053,0.22182774543762207,0.0005886923754587,0.0050967708230018
O09111_P28078,0.0023111,0.59371,0.4179,0.059312716126441956,0.0003215119359083,0.0014086422743275
O88621_Q9CZX0,0.0021818,0.012961,0.015925,0.16761723160743713,0.0076934588141739,0.0157954096794128
Q9Z0X1_Q62132,0.0022115,0.013034,0.023346,0.15800072252750397,0.0006804486038163,0.0007374201086349
P62274_P27870,0.0022037,0.012965,0.74942,0.3293972611427307,0.00079602986807,0.9830480813980104
Q62312_Q61884,0.0021795,0.012995,0.015915,0.2158634513616562,0.0003831865615211,0.0026599220000207
A0A2R8VHF7_P09450,0.0022254,0.012973,0.015922,0.005469128955155611,0.0007443381473422,0.0011576743563637
Q00609_P12970,0.0021784,0.012962,0.015869,0.013326231390237808,0.0002410748420516,0.0077861156314611
P02089_P31041,0.0022267,0.013195,0.016066,0.06515031307935715,0.0053276550024747,0.0573535598814487
O35714_Q99NC0,0.0022272,0.012987,0.016082,0.05715430527925491,0.0006782828713767,0.0005485879955813
Q6SP97_Q00422,0.0021904,0.012947,0.015937,0.39284732937812805,0.0017707059159874,0.0029656472615897
O35615_P0DP43,0.0021957,0.012976,0.016269,0.047399941831827164,0.0010859036119654,0.3309161067008972
Q9DAM2_Q80UF7,0.0021855,0.013015,0.016181,0.0036091238725930452,0.0011876695789396,0.0003173378063365
O35526_P60879,0.79262,0.65495,0.32911,0.01579253375530243,0.9985780715942384,0.00532389851287
Q99JW4_Q8BVN3,0.0021922,0.013052,0.022506,0.0919577032327652,0.0016813994152471,0.0016776042757555
Q9QUM9_P28028,0.0021751,0.012947,0.015912,0.047328729182481766,0.0002616167475935,0.0005803356179967
P42582_P70326,0.0033396,0.013773,0.016291,0.2514350414276123,0.050738301128149,0.000526895513758
Q99K90_Q9D2N4,0.33543,0.013805,0.016138,0.15542732179164886,0.0059101362712681,0.0008989045163616
Q60598_Q9CQJ4,0.0022044,0.013045,0.016128,0.19538378715515137,0.0004422116908244,0.8306478261947632
Q63934_A2NTY6,0.0021965,0.013849,0.01711,0.09556659311056137,0.000501804810483,0.0034508088137954
Q9DAU1_P48346,0.0021833,0.012921,0.02077,0.2886851131916046,0.0012787890154868,0.1737919598817825
P26350_P97792,0.0021886,0.012968,0.01586,0.05153306946158409,0.0005803609965369,0.000665032013785
P62918_Q8C1Z7,0.002194,0.013089,0.015946,0.08074379712343216,0.0010060487547889,0.0835334882140159
P59114_Q61768,0.0023688,0.01314,0.015997,0.11712917685508728,0.0028299784753471,0.8969123959541321
O70174_O88643,0.0021997,0.013034,0.016197,0.20451854169368744,0.0034548677504062,0.0891050025820732
P68033_Q9D8C6,0.0022167,0.013052,0.015923,0.021627776324748993,0.0008010364254005,0.0003406317555345
P97481_Q9WTL8,0.095319,0.015374,0.14447,0.2703043222427368,0.9989476799964904,0.003675471059978
P52946_Q923E4,0.0023616,0.013028,0.016051,0.12143632024526596,0.9963217973709106,0.0017004658002406
P62984_Q61083,0.0024269,0.013098,0.016902,0.008192325942218304,0.001934407511726,0.2359225302934646
E9Q9F6_Q61387,0.0026897,0.013164,0.016178,0.10228246450424194,0.0017504475545138,0.0152686815708875
Q8CII9_Q01887,0.0024005,0.085896,0.17478,0.025754785165190697,0.9984466433525084,0.0010329452343285
P60867_Q9ER88,0.0021933,0.012936,0.015902,0.15688632428646088,0.0006678056088276,0.4602879583835602
Q9DA80_P60867,0.0021717,0.01294,0.015895,0.21285147964954376,0.000501534610521,0.0091058071702718
Q9CPW4_Q53VQ5,0.0022135,0.012962,0.015884,0.0635361596941948,0.0004206243029329,0.1748772710561752
Q8K2F0_Q8R464,0.0021783,0.012983,0.015871,0.2324979603290558,0.0004529302532318,0.9707596898078918
P03888_Q9D7X3,0.0022128,0.013023,0.015892,0.04520866274833679,0.0002265516232,0.0011596892727538
Q9D8V0_P16297,0.0027418,0.013018,0.016151,0.02987528406083584,0.0002463044656906,0.0007446893141604
Q9D9D8_Q99MH5,0.0021703,0.012937,0.015908,0.0024037298280745745,0.0004294046957511,0.0238899085670709
Q61127_P06343,0.0022762,0.013043,0.016235,0.0023548544850200415,0.0003378127003088,0.0018418885301798
Q5R1F1_Q9CQ39,0.0022272,0.012985,0.015895,0.09173037856817245,0.0003077744622714,0.0111770033836364
P15864_Q9R1P1,0.0021878,0.012968,0.015903,0.22624848783016205,0.000223343304242,0.0009865602478384
Q60867_O54786,0.0028328,0.013038,0.015934,0.023627735674381256,0.0016083546215668,0.0002120923309121
Q9ES57_P01645,0.0055313,0.46587,0.088513,0.07899227738380432,0.616909921169281,0.00044734714902
O08603_Q9JM05,0.0021825,0.012961,0.015998,0.16087812185287476,0.0005389371654018,0.0046316431835293
P40764_Q9Z307,0.0023233,0.01302,0.015943,0.35181963443756104,0.001034635817632,0.00176201981958
O35551_Q9JI59,0.0023058,0.01363,0.015916,0.009221755899488926,0.0015611300477758,0.0067855981178581
Q9D855_Q3TNS5,0.0024379,0.01293,0.015924,0.004642200656235218,0.0004167153383605,0.0022794129326939
Q8R3R8_Q6ZWV7,0.0022115,0.012933,0.015892,0.3332318365573883,0.0002667592780198,0.0067966431379318
O54784_Q06507,0.096314,0.052602,0.016688,0.31215688586235046,0.0026785477530211,0.0034514449071139
Q04207_Q9Z1E3,0.0022327,0.013176,0.055146,0.16698133945465088,0.998097002506256,0.0009507911163382
P29452_Q9CR68,0.0022453,0.013266,0.015991,0.013110567815601826,0.0002124931052094,0.0278909523040056
O88653_Q99K74,0.0021905,0.012948,0.016155,0.008209331892430782,0.0006606961251236,0.0002899376850109
Q61699_P84750,0.0023259,0.01313,0.016114,0.06475380808115005,0.0011174317914992,0.0211019199341535
Q61733_Q06507,0.0026017,0.013194,0.016165,0.022799070924520493,0.0063839759677648,0.2533631026744842
O35089_Q9Z138,0.0022132,0.013015,0.016455,0.053787603974342346,0.0004218620888423,0.0335063673555851
P55271_Q9JM73,0.0021926,0.013139,0.016341,0.012322315014898777,0.0058666174300014,0.0025203139521181
P63001_Q6P3B9,0.0022359,0.013351,0.016026,0.0215687844902277,0.0003047236823476,0.000477829016745
Q8CGS2_Q3V0Q6,0.0022057,0.013023,0.016054,0.023884547874331474,0.011938739567995,0.039115272462368
P63017_P04214,0.0022043,0.013198,0.016012,0.0018860724521800876,0.0005273504648357,0.0033716482575982
O08734_Q8BG40,0.002187,0.012953,0.015897,0.02125036157667637,0.0017230429220944,0.0036089406348764
Q9CPP6_Q9JIL4,0.0021899,0.012939,0.015908,0.08149433881044388,0.0004774736298713,0.0002884584537241
Q8VI33_Q8R0S2,0.0023657,0.012965,0.015983,0.1119089126586914,0.0003731889300979,0.0428708121180534
Q8BK72_P33242,0.0021977,0.014135,0.016262,0.0072546894662082195,0.0004505109391175,0.0011409041471779
Q8CGP4_P54728,0.0023037,0.013036,0.034457,0.015430092811584473,0.0002936618984676,0.0032729762606322
Q8CGP4_O09108,0.002235,0.012995,0.015941,0.22787697613239288,0.0002211707760579,0.1609216630458831
Q9CQ39_Q60770,0.0021746,0.012926,0.015884,0.3479483127593994,0.0006328672170639,0.0080892099067568
I6L991_P51150,0.0022005,0.051529,0.016422,0.004665809217840433,0.0006067311041988,0.0004598337691277
A0JLY1_Q8VDU0,0.0022213,0.013356,0.016689,0.05554693192243576,0.0061720446683466,0.0222601499408483
P70362_A0A0M3KL49,0.0021821,0.013132,0.015873,0.41926687955856323,0.000346937100403,0.0048483624123036
P59178_G0YP42,0.0022988,0.013274,0.016319,0.05113248899579048,0.0011541025014594,0.0001860929769463
P39688_Q9QUM4,0.0021993,0.013009,0.016007,0.1346278041601181,0.0009720187517814,0.000862306158524
Q9D131_Q02248,0.0022951,0.013252,0.01638,0.007137721870094538,0.064015582203865,0.324322909116745
P19783_Q3TNS5,0.0022301,0.012959,0.015896,0.36092060804367065,0.0003318456583656,0.02261851914227
P42866_Q64287,0.0023193,0.013001,0.015948,0.3840107023715973,0.000415800634073,0.0072148200124502
Q61327_O09100,0.0022674,0.013058,0.015951,0.08190750330686569,0.0014742355560883,0.0004812669649254
O08543_O35228,0.0022461,0.15259,0.16077,0.13523231446743011,0.0128520177677273,0.0010032524587586
P48453_Q8CII9,0.0022552,0.013054,0.01631,0.08006726205348969,0.0005928670288994,0.6865281462669373
Q80Y75_Q99JX3,0.0041424,0.013015,0.015924,0.028682930395007133,0.0004559287335723,0.7653086185455322
P58059_Q00560,0.0021918,0.012947,0.015948,0.00850740447640419,0.0002225996431661,0.1642857044935226
P49138_O70570,0.0022053,0.012984,0.015971,0.07821309566497803,0.0011393293971195,0.0014995556557551
P01645_P10148,0.0022859,0.014355,0.016837,0.002622412284836173,0.933517336845398,0.0010978971840813
Q9R109_Q9D0B8,0.0021727,0.012919,0.015895,0.0175244752317667,0.0037417302373796,0.4963620603084564
P47754_Q9WTV6,0.002175,0.012915,0.015926,0.09369029849767685,0.0005805236869491,0.2038769721984863
P23611_Q60821,0.0021858,0.012965,0.016134,0.13213494420051575,0.0018305636476725,0.0004049483104608
P05214_P83917,0.0021853,0.012974,0.016316,0.026216696947813034,0.0128696039319038,0.0099675115197896
Q8C0X7_Q9D7X3,0.0021791,0.013036,0.016057,0.04274623841047287,0.0008740711491554,0.5049010515213013
Q60925_P97310,0.0042747,0.013119,0.01601,0.35166409611701965,0.0004746257036458,0.018493277952075
Q63844_Q811G0,0.002192,0.012998,0.016391,0.25171735882759094,0.0005123328301124,0.1830221861600875
A2NTY6_Q07763,0.042739,0.43675,0.43045,0.11521315574645996,0.0201237201690673,0.0006883856258355
P05627_Q9DAJ2,0.73663,0.67398,0.01593,0.16089028120040894,0.0004249283229,0.0009097830043174
Q99P58_Q8VCI5,0.0035406,0.013058,0.015995,0.008707641623914242,0.007763551082462,0.0062717804685235
P17433_P41136,0.0031011,0.013025,0.016206,0.08020135760307312,0.0013521834043785,0.000787011696957
O35526_O54714,0.0022395,0.012959,0.015911,0.16577912867069244,0.000487043056637,0.0139684844762086
P49718_Q9QZL0,0.0023994,0.013018,0.016803,0.007154546212404966,0.0003992416313849,0.0007261103601194
P52795_P62852,0.0021843,0.012951,0.01591,0.23232600092887878,0.0002284476504428,0.7765864133834839
Q61686_P01810,0.0022186,0.012974,0.016203,0.19101376831531525,0.0040709590539336,0.274454116821289
Q63932_P23812,0.0092204,0.013118,0.020543,0.007090309634804726,0.000761994277127,0.4126029014587402
Q9JJ59_Q8CIB5,0.0021904,0.01298,0.015925,0.07644357532262802,0.0003185882233083,0.0004012937424704
Q924H2_Q60773,0.0021818,0.013212,0.015961,0.1826288104057312,0.1041256189346313,0.0078255236148834
Q60819_Q9Z1P6,0.0022155,0.012988,0.015887,0.00780194578692317,0.0004549981094896,0.0732243359088897
P42867_Q6R5N8,0.0022256,0.012979,0.016212,0.10664684325456619,0.0010001665214076,0.0116722807288169
Q3UYI6_O55222,0.0021699,0.013216,0.033387,0.7527831196784973,0.0006615120801143,0.0005412173923105
Q9D5V5_Q60925,0.0021977,0.013089,0.01595,0.02372410148382187,0.0005273685674183,0.0002434562775306
P10085_Q62158,0.0043892,0.013094,0.016496,0.0030226733069866896,0.0018396815285086,0.049770426005125
Q5EE38_Q62424,0.0022823,0.013528,0.016014,0.1456378549337387,0.0253495369106531,0.000282338092802
Q8C031_Q00322,0.0022652,0.013188,0.016185,0.14175353944301605,0.0016641366528347,0.8654544949531555
Q99JY1_P70188,0.0021788,0.013217,0.015979,0.1407669335603714,0.0019753559026867,0.0503222793340683
Q9D1P4_Q8VCD5,0.0021921,0.012923,0.015939,0.01623196341097355,0.0132945058867335,0.0015493119135499
P35991_P13297,0.0022405,0.013044,0.033763,0.06586925685405731,0.0012862863950431,0.0036630036775022
P27038_Q9D6K5,0.0024941,0.012963,0.019901,0.04555803909897804,0.0006674070609733,0.937155783176422
P62962_P62862,0.0022339,0.012982,0.016002,0.030873458832502365,0.0024855423253029,0.0021309736184775
P20826_Q9WU38,0.0022875,0.019342,0.080159,0.11172102391719818,0.0004157980438321,0.0022437444422394
Q62083_O54709,0.002195,0.012948,0.015956,0.27731966972351074,0.0007877327734604,0.0058468226343393
P97372_Q3TXS7,0.0022042,0.012955,0.015924,0.28113314509391785,0.0004988388973288,0.0087859695777297
Q63943_Q5SW45,0.002254,0.012939,0.016008,0.016714027151465416,0.012804658152163,0.0003410435747355
Q9QUN3_P11609,0.0021927,0.012978,0.016049,0.3961372971534729,0.0003903016622643,0.0002881461696233
P70280_Q9DAM2,0.0023473,0.012981,0.016064,0.2982708215713501,0.001096143038012,0.0012834179215133
Q9DAJ2_Q920D3,0.18331,0.027461,0.015936,0.30032971501350403,0.9974815249443054,0.0184824261814355
Q8BHJ5_P68510,0.0025118,0.018118,0.01607,0.2834766209125519,0.0014678715961053,0.0103153567761182
A0JLY1_Q8N7N6,0.0022527,0.012996,0.015934,0.01912245713174343,0.0081519493833184,0.0994698256254196
Q9Z0X1_P62855,0.0023083,0.013097,0.017096,0.11355585604906082,0.0005353218875825,0.0002231000253232
P13405_O09061,0.0021884,0.01294,0.015922,0.026550037786364555,0.0002602226741146,0.0005217553698457
P30658_O70374,0.0023094,0.013019,0.015926,0.004971881862729788,0.0105903055518865,0.0001915066968649
P42567_Q9R1P3,0.0021897,0.012981,0.015891,0.23465031385421753,0.0003114838327746,0.0011786231771111
P50396_Q8VDS3,0.0021954,0.012953,0.016011,0.008832497522234917,0.001399272470735,0.0003517112345434
P97457_Q9ERI2,0.002298,0.013885,0.017613,0.2465648651123047,0.0006951237446628,0.0430145673453807
O09111_Q6PHU5,0.0023537,0.022777,0.57311,0.2519758343696594,0.00113753718324,0.0018741320818662
P46935_Q91WD5,0.0022058,0.012937,0.015982,0.283262699842453,0.0003167583490721,0.0526540763676166
Q61733_Q6QLQ4,0.0021909,0.013917,0.016938,0.001754938391968608,0.0003319868119433,0.0019690606277436
Q62277_Q3TNS5,0.0022255,0.012935,0.015933,0.21978311240673065,0.0003933302359655,0.0023573685903102
Q62179_P20109,0.0023099,0.058894,0.049355,0.008870679885149002,0.002066571265459,0.0021132063120603
P60904_Q9D9T8,0.0023501,0.012989,0.015953,0.03998757526278496,0.0057211387902498,0.0077014095149934
Q6P8Y0_P62274,0.002216,0.012918,0.015899,0.6069808006286621,0.0005597359850071,0.0805564671754837
P01636_Q9D9D9,0.0022111,0.012981,0.015884,0.3125198483467102,0.0029962086118757,0.1399117261171341
Q03347_P47911,0.002216,0.012946,0.01595,0.30675873160362244,0.0005829164292663,0.0260105784982442
Q9D7N3_P04214,0.0022558,0.18436,0.18543,0.007485290989279747,0.0002633490075822,0.0002698928583413
Q61188_Q8BK72,0.0022203,0.01309,0.016333,0.03293568268418312,0.0008680330938659,0.0376936383545398
P22091_P27792,0.39968,0.013675,0.022526,0.22355924546718597,0.998895227909088,0.0043740784749388
F7BJB9_P09023,0.0030712,0.013147,0.01599,0.12497223168611526,0.0005334052257239,0.0011679193703457
Q8CJG0_P63143,0.0021704,0.012939,0.016056,0.345525860786438,0.0015608669491484,0.0095514701679348
Q6PGF3_Q91VD9,0.0021835,0.012957,0.015908,0.22310930490493774,0.0003023002354893,0.4765259921550751
P97767_P01808,0.0022433,0.01302,0.015913,0.0873720571398735,0.0024146342184394,0.9604193568229676
P0CG50_P70362,0.0021773,0.013054,0.0159,0.2763511538505554,0.0004409901157487,0.0125077273696661
Q9CQA6_Q3TTA7,0.0021931,0.01301,0.016006,0.10222624242305756,0.00034588293056,0.078116551041603
Q9EPL2_Q60722,0.0021964,0.013076,0.015951,0.008078607730567455,0.0013970820000395,0.0004557038773782
P61087_Q9CQ20,0.0021814,0.012978,0.015884,0.010369252413511276,0.0003649085992947,0.4406465590000152
O55029_P97372,0.0021928,0.012952,0.01594,0.01764247938990593,0.0018209794070571,0.001622280338779
Q9DC71_P60867,0.0021814,0.012998,0.015922,0.0023145624436438084,0.0019891529809683,0.000174690852873
P70217_B2RSH2,0.0022499,0.013124,0.016447,0.1946912407875061,0.0012311835307627,0.2244544476270675
Q99K90_Q9DAK2,0.0022294,0.012974,0.015967,0.08554258942604065,0.0076064313761889,0.3138350546360016
P41136_Q99K74,0.0060585,0.013043,0.016047,0.03579053282737732,0.0010179886594414,0.0003531836264301
Q8BFU0_P01738,0.0029446,0.027641,0.10055,0.11971014738082886,0.0053101116791367,0.0005045689176768
P53762_Q61045,0.31932,0.016139,0.1956,0.0023668985813856125,0.9980804920196532,0.0280225109308958
P01863_P20917,0.14469,0.52102,0.13013,0.16794466972351074,0.0192930903285741,0.0004009006952401
Q80WG5_P70195,0.0022159,0.012937,0.015968,0.3551514148712158,0.0002257548912893,0.0040536411106586
P09450_Q9QZ88,0.0021784,0.013048,0.015892,0.47720861434936523,0.0003188838891219,0.0010225854348391
Q9DAD0_P97333,0.0022031,0.012946,0.015987,0.01675037294626236,0.0017804336966946,0.3641697466373443
P48168_Q8BUV3,0.0021978,0.012958,0.015928,0.0029035883489996195,0.0003377871180418,0.0074576144106686
Q9Z0W1_P43275,0.0021797,0.013072,0.015963,0.3536626696586609,0.0003265007981099,0.003543441183865
Q8JZM6_Q99N28,0.0021936,0.012956,0.015935,0.028616957366466522,0.0003739118110388,0.0015989328967407
Q62083_P03888,0.002195,0.012945,0.015861,0.020673085004091263,0.00021789172024,0.0023978915996849
O55029_O35449,0.0022076,0.013314,0.015949,0.05844913050532341,0.0040296367369592,0.0050117196515202
P30285_Q9R0Q1,0.002221,0.013086,0.020116,0.05884796380996704,0.0088942050933837,0.0009395158849656
Q9WVB3_Q8BHN3,0.0022512,0.012958,0.016169,0.00602697441354394,0.0021927454508841,0.0066359648481011
P46737_P61924,0.0022039,0.012962,0.015946,0.6590537428855896,0.0004070869763381,0.0001803589111659
Q9DCJ5_P36898,0.0022806,0.014822,0.021767,0.04059644788503647,0.0003267636639066,0.2253879159688949
Q60837_Q9WVS7,0.002245,0.013003,0.016454,0.6463660001754761,0.003705613547936,0.0053732302039861
P0CG50_P97432,0.0021788,0.013056,0.016164,0.022202881053090096,0.0138676576316356,0.0340265668928623
Q6X6Z7_Q9WVS6,0.0022281,0.013096,0.015921,0.012243293225765228,0.0006226146360859,0.4276139438152313
Q9QY24_Q61733,0.0023614,0.012974,0.015935,0.3454265594482422,0.0012385017471387,0.0036793826147913
P08046_Q8CFI0,0.002654,0.012973,0.016046,0.09354698657989502,0.0097833173349499,0.4316298961639404
Q6ZWV3_Q08509,0.0021768,0.012929,0.015911,0.12004809081554413,0.0002757033216767,0.0013005671789869
Q9CQE3_Q9D131,0.0021949,0.012927,0.015946,0.3909534215927124,0.0002491127816028,0.014261688105762
Q80X85_Q9D8B4,0.0023074,0.013089,0.016088,0.10105013102293015,0.0006229411228559,0.0081909848377108
Q5XJY5_Q9QYY0,0.0025107,0.012947,0.015936,0.254321426153183,0.0009422927396371,0.0170324109494686
P25444_Q8R0W6,0.0022319,0.012939,0.016025,0.06612034887075424,0.0002606674097478,0.0002838820219039
Q14B62_Q8BTU1,0.0022111,0.021591,0.015962,0.32908356189727783,0.0005980540299788,0.0072823800146579
Q9CQR7_P52293,0.0022035,0.013512,0.015876,0.2357182502746582,0.0008570011123083,0.0007468301919288
Q9JI44_O08665,0.002196,0.012967,0.015971,0.4629870057106018,0.0002434954949421,0.0007746015326119
Q9D7W5_Q9CQA6,0.0022036,0.012938,0.015936,0.05391881987452507,0.0014507978921756,0.0009024827159009
P51667_Q9WVL2,0.0021841,0.013013,0.015894,0.035271741449832916,0.0006662301020696,0.0064396555535495
Q61539_Q7TMM9,0.0021763,0.013095,0.0164,0.17286641895771027,0.0023791703861206,0.00032817068859
O08543_Q6ZWY3,0.0022465,0.012946,0.015902,0.10039208829402924,0.0003607198304962,0.0005152661469765
Q04211_Q9DAU1,0.0021898,0.012927,0.015947,0.1354939192533493,0.0009260482038371,0.322312980890274
Q9D9I1_A0A2R8VHF7,0.0022566,0.012981,0.015965,0.023717183619737625,0.0103483255952596,0.0002635755809023
Q9CQJ4_Q8BJQ4,0.0021902,0.013135,0.01591,0.40449756383895874,0.0017727602971717,0.0002050020120805
P01660_Q921D4,0.0021814,0.012942,0.015887,0.018118293955922127,0.0031223439145833,0.0047928029671311
Q9CWY8_Q9QUM4,0.0022101,0.012974,0.015952,0.013499057851731777,0.0002537019609007,0.0002206303324783
Q64329_B5KM66,0.0022426,0.013018,0.015932,0.5639640092849731,0.0002880426472984,0.0003890959196723
O35963_P70671,0.0023752,0.013009,0.016013,0.012463138438761234,0.0007389194797724,0.1701970100402832
Q9DBG6_P68372,0.0022657,0.017986,0.015913,0.0012977545848116279,0.0007121931412257,0.1639633029699325
P36898_Q04887,0.0023153,0.01309,0.027793,0.13483165204524994,0.0011631968664005,0.0003386586613487
O88522_Q8CGN5,0.0022802,0.013029,0.015919,0.019114142283797264,0.0013013707939535,0.6382583379745483
Q9CPW4_O54901,0.0022001,0.012979,0.015869,0.028087198734283447,0.0002576792030595,0.0019013705896213
E9Q9F6_Q7TSN7,0.0025478,0.016086,0.035237,0.4782685339450836,0.003810265334323,0.0056738127022981
A2A825_P36898,0.0022891,0.013091,0.017195,0.24473074078559875,0.000268029369181,0.0002646571374498
O54784_P70375,0.0022941,0.013046,0.015945,0.3441603183746338,0.0009225602261722,0.000701711513102
Q922G7_Q921E6,0.0022543,0.013297,0.015991,0.023418691009283066,0.0068587642163038,0.0511417873203754
P97471_O09108,0.0022171,0.013121,0.016013,0.04833439365029335,0.0004348507500253,0.0002118401025654
P55258_Q62318,0.0024777,0.013704,0.01596,0.09468453377485275,0.0030969870276749,0.0867966338992118
Q6X6Z7_P58283,0.056616,0.013116,0.015948,0.27895188331604004,0.0011204578913748,0.9531590342521667
Q9R194_A0A0M3KL48,0.0022639,0.015463,0.01607,0.029118485748767853,0.0005690502584911,0.0203438121825456
P62281_P63017,0.002206,0.013195,0.01741,0.031011641025543213,0.0003348641912452,0.0041868397966027
Q61097_Q9Z0G0,0.0030526,0.012975,0.018865,0.41718125343322754,0.0228760372847318,0.0011744507355615
O70174_O35864,0.0021828,0.012959,0.015904,0.7193701267242432,0.0003555616713128,0.0006886687478981
Q61457_P12023,0.0022021,0.012938,0.016001,0.25153231620788574,0.00029115594225,0.0010256603127345
P39054_P43404,0.008633,0.013045,0.016935,0.19442616403102875,0.0008819060749374,0.0001759311708156
P70343_P28076,0.0021649,0.012919,0.015907,0.035020362585783005,0.0002328808186575,0.0003248078282922
P60202_P70441,0.0021933,0.01294,0.01596,0.004405202344059944,0.0002578819694463,0.0085323499515652
P56393_O55234,0.0024004,0.013232,0.016446,0.1902577430009842,0.0002743573277257,0.0008565615280531
Q02242_Q61553,0.002259,0.013036,0.016082,0.1076870784163475,0.0014163905289024,0.4918213486671448
P18525_P67984,0.002204,0.012971,0.015889,0.03275473415851593,0.000768412312027,0.0042950524948537
Q9CQP2_P61372,0.0021849,0.012974,0.016011,0.022091975435614586,0.000439500727225,0.0002838097570929
Q8R1R4_Q99JX3,0.0021798,0.01305,0.016081,0.12246035784482956,0.0019789822399616,0.2766633033752441
Q60819_P19783,0.0024647,0.14706,0.05978,0.018972545862197876,0.0003277554642409,0.0490080267190933
Q9JIE6_P30282,0.00221,0.012949,0.016281,0.42763859033584595,0.0003307616862002,0.0011848317226395
P70297_P09055,0.0021853,0.013067,0.015935,0.0809474065899849,0.0005882624536752,0.0414039604365825
Q62232_P01942,0.0021894,0.013083,0.015965,0.04077276960015297,0.0005440403474494,0.0008615711121819
Q924T2_Q9JIL4,0.0021787,0.012961,0.016118,0.5402624011039734,0.0002519173140171,0.0002674552670214
Q61501_Q99L88,0.0038212,0.013002,0.016922,0.030749978497624397,0.007972352206707,0.0253323316574096
P70217_Q99JY1,0.0022038,0.013042,0.01605,0.12629593908786774,0.0056261690333485,0.0204571615904569
Q8BX09_P59114,0.0022817,0.0135,0.016646,0.036721371114254,0.0066311419941484,0.0007281918660737
P14148_Q9ER88,0.0021836,0.01292,0.015989,0.09666179120540619,0.0005690665566362,0.0001885520759969
Q9JKV1_Q9R109,0.0021693,0.012945,0.015907,0.10511411726474762,0.0005408166907727,0.0003043862816412
D3Z338_Q60722,0.0021887,0.012999,0.015882,0.16096028685569763,0.0004365386848803,0.0002118586853612
P15307_Q9EQ14,0.0022312,0.01309,0.018293,0.007369149010628462,0.0017114938236773,0.020818481221795
O35730_P02088,0.0021888,0.01293,0.015879,0.28524911403656006,0.0002766404068097,0.000898502068594
Q80WG5_P50396,0.0022124,0.012938,0.015919,0.17439499497413635,0.0002444960700813,0.5043438673019409
Q9ERI2_Q9JM76,0.0021861,0.014334,0.015951,0.033554237335920334,0.0017156793037429,0.0007878430769778
Q62276_P30280,0.0024656,0.012989,0.015899,0.012288221158087254,0.0003033555112779,0.0490083284676075
Q9WVR4_Q3TWN3,0.0022544,0.012976,0.016038,0.13806205987930298,0.0005132718360982,0.0002892706252168
P48025_P14131,0.0021921,0.012958,0.015922,0.04016920179128647,0.0007531611481681,0.0202728901058435
P35980_P47713,0.0022007,0.012914,0.015925,0.45810699462890625,0.0002230294485343,0.0013038334436714
O54901_O08603,0.0022971,0.027722,0.082368,0.2440083771944046,0.0061442386358976,0.0142985507845878
Q9CPP6_Q08024,0.0021925,0.012935,0.015913,0.5633516907691956,0.0113787595182657,0.0178457554429769
Q04207_Q8CDI2,0.0023794,0.013029,0.016979,0.5505458116531372,0.0929517969489097,0.2039442956447601
Q8BH43_Q8CBW3,0.68092,0.014741,0.015968,0.10063791275024414,0.9157664775848388,0.0070647518150508
P42227_P51450,0.0022202,0.015093,0.017902,0.0942818894982338,0.0046935803256928,0.0022873831912875
P49817_P01901,0.0022762,0.012958,0.015888,0.30868563055992126,0.0003637816407717,0.0700661316514015
Q8VEK3_O55013,0.0021903,0.012947,0.015893,0.11065564304590225,0.0011861850507557,0.0258477218449115
P62270_P16675,0.0021924,0.012968,0.015896,0.29515644907951355,0.0002123815065715,0.0077994666062295
Q8BYM5_P29752,0.0022708,0.022398,0.044449,0.09824637323617935,0.0084709292277693,0.001100875204429
Q8VCS6_P63001,0.0022077,0.013097,0.015925,0.08969806879758835,0.0004366210778243,0.0052097779698669
Q9DB40_Q61539,0.0021941,0.012963,0.016088,0.5183830857276917,0.0012064834591001,0.0002407002466497
Q9D6K5_P01636,0.0022326,0.013074,0.021622,0.007523900363594294,0.0094875274226069,0.0036688505206257
Q62170_Q07763,0.010368,0.031332,0.048806,0.00974043644964695,0.0322855487465858,0.0016013752901926
Q3TXS7_O88448,0.0024606,0.016327,0.082101,0.2578878402709961,0.0014889423036947,0.0013592655304819
O89110_Q8CII9,0.0021961,0.012968,0.018578,0.4358143210411072,0.006796431262046,0.0029814012814313
Q8BJZ4_Q99K74,0.0022498,0.013152,0.015975,0.23860050737857819,0.0012464408064261,0.6227039694786072
Q9D4Q1_Q60722,0.025812,0.012972,0.015929,0.21072186529636383,0.0133236544206738,0.0004996207426302
Q9QZE7_P01867,0.0021981,0.013229,0.015913,0.47517821192741394,0.0002582916640676,0.0146690914407372
Q8R4A3_P70343,0.0021886,0.013018,0.01602,0.021975792944431305,0.006573898717761,0.0011137117398902
Q61733_Q9D495,0.0023041,0.013154,0.016092,0.15557445585727692,0.0023339532781392,0.0468728356063365
Q8VI24_P25206,0.0022398,0.012963,0.016443,0.40694746375083923,0.0005745090311393,0.0004123355902265
P07750_Q60591,0.002176,0.012974,0.016258,0.041784800589084625,0.0011955143418163,0.5032850503921509
P11440_P62309,0.0022556,0.013416,0.015977,0.09774844348430634,0.0002424398553557,0.7347637414932251
P41133_Q9WVK0,0.0022921,0.012968,0.015889,0.039588723331689835,0.0003288174048066,0.0053551117889583
Q9CQ75_P12815,0.0021995,0.012976,0.015971,0.19013820588588715,0.0003028451756108,0.0008946530870161
P0CG50_Q60769,0.0025948,0.013077,0.022772,0.3370799720287323,0.014532403089106,0.00501294946298
Q9DAJ2_Q99JB4,0.0022957,0.012965,0.015904,0.36737343668937683,0.0003182919463142,0.0018413293873891
P20917_Q99PI8,0.072781,0.16434,0.26853,0.13898000121116638,0.997895359992981,0.0204527620226144
Q8C437_Q9D9B8,0.0022114,0.016472,0.016021,0.026436299085617065,0.0051763891242444,0.9428024888038636
P70441_O70469,0.011541,0.012977,0.018696,0.03912496939301491,0.3743936121463775,0.0018241917714476
Q9R1P1_Q8R4G0,0.0021826,0.012932,0.015872,0.05506414920091629,0.0002230434620287,0.0005540617858059
O88939_P25206,0.0022991,0.01299,0.016252,0.016025042161345482,0.0003211305302102,0.0002928089525084
Q99MH5_Q60989,0.0021725,0.012976,0.015899,0.022064533084630966,0.0004908288829028,0.0017369623528793
P46061_P63280,0.0021741,0.015459,0.015928,0.028783654794096947,0.0038167377933859,0.0010620543034747
Q60795_Q8BFU0,0.0022025,0.012968,0.015899,0.3435088098049164,0.0006298465305007,0.1680769920349121
Q9JIK9_D2YW38,0.0021707,0.012951,0.015868,0.028884157538414,0.0011421389644965,0.000280308217043
Q924H2_P70338,0.002433,0.01334,0.016273,0.39143994450569153,0.0124985836446285,0.1265960931777954
Q61881_O09111,0.0022036,0.013061,0.015975,0.021110208705067635,0.0003675757325254,0.0008086178568191
P70347_Q9DCA2,0.0021862,0.012997,0.015913,0.01361002679914236,0.0007385382778011,0.3025239109992981
O88188_P22605,0.0021886,0.013894,0.016143,0.03834274411201477,0.0013102007796987,0.0015661774668842
O88282_Q2TBA3,0.0025071,0.01303,0.018197,0.3555605113506317,0.0018977228319272,0.0030453135259449
Q9D9B8_Q9WVS7,0.0023233,0.014914,0.01606,0.14099034667015076,0.0590209700167179,0.0090796640142798
Q8CII9_Q9WU32,0.002255,0.014283,0.038435,0.6285933256149292,0.000576468068175,0.0019293214427307
Q9R0X0_P23204,0.0021766,0.01295,0.015984,0.32065874338150024,0.0003208658308722,0.0060295774601399
P11499_Q9R207,0.002185,0.012952,0.016245,0.00041319476440548897,0.0011114379158243,0.1420091092586517
P06240_P49710,0.002244,0.013252,0.023731,0.009812392294406891,0.0042668846435844,0.7851791977882385
O08785_Q9R194,0.0022169,0.013001,0.016024,0.29675665497779846,0.0002326069807168,0.0324583761394023
O35716_P05532,0.0021882,0.013242,0.02175,0.5086207389831543,0.0003722029505297,0.0141182513907551
E9Q9W7_Q80U70,0.013545,0.012955,0.016252,0.20399095118045807,0.0083816340193152,0.0002674621355254
Q9JI78_Q6PHU5,0.0022025,0.012932,0.01593,0.092994824051857,0.0032205532770603,0.0062671960331499
Q9CPX7_Q9JIL4,0.0021765,0.012939,0.016018,0.0102937500923872,0.0003388984478078,0.00040666712448
Q9DCL4_A2N494,0.0022335,0.013003,0.015964,0.0027473189402371645,0.0007452220888808,0.0055232583545148
Q6P3B9_Q9DAS2,0.0022112,0.020596,0.016455,0.13846589624881744,0.0024324408732354,0.0056146881543099
Q99N28_P01648,0.11555,0.55937,0.15247,0.016657626256346703,0.965405821800232,0.2527526319026947
Q9CWH4_O54788,0.0021841,0.012942,0.017023,0.23008711636066437,0.0056098843924701,0.0002553392550908
P41778_P97302,0.0025762,0.013069,0.016108,0.0036951834335923195,0.0037680119276046,0.0983230620622634
Q8R2X8_Q9QZ88,0.0021705,0.012936,0.015895,0.023388439789414406,0.0010623022681102,0.0019884724169969
O70343_P28033,0.01161,0.01303,0.016196,0.09197250753641129,0.0046178167685866,0.0002814205945469
P62305_P52946,0.0065614,0.013047,0.015903,0.06536953896284103,0.0003005008620675,0.1820087879896164
P97784_Q8BFZ4,0.0023246,0.01294,0.017359,0.056139372289180756,0.0005753778968937,0.0007571150781586
Q9D3X8_Q9WV31,0.00224,0.012949,0.016048,0.3065853714942932,0.0058678328059613,0.0311335511505603
P47741_B5KM66,0.0022128,0.01294,0.015885,0.053765054792165756,0.0008023844566196,0.000734258966986
P28076_P52189,0.0021842,0.012927,0.015907,0.0058380370028316975,0.0002490035549271,0.0026173060759902
Q8CDI2_Q8C6B2,0.18445,0.013038,0.019855,0.01444722805172205,0.0080102467909455,0.4131971597671509
Q8CII9_Q6ZWU9,0.0021882,0.012966,0.01589,0.2790757715702057,0.0005015104543417,0.0002431296888971
Q9DCL4_O35683,0.0022876,0.012962,0.015902,0.03950103372335434,0.0015310673043131,0.5258831977844238
Q62231_P61087,0.0021857,0.013046,0.015903,0.06560374051332474,0.000672789348755,0.0002562669978942
Q9QUQ5_Q91YT0,0.002261,0.013146,0.016023,0.006098859943449497,0.0003312647168058,0.0633516982197761
P10300_Q9QWH1,0.002189,0.013156,0.015925,0.29027965664863586,0.0014384613605216,0.0006646980764344
Q03358_Q3UGQ1,0.0022028,0.012999,0.016366,0.49720028042793274,0.2091640084981918,0.0018858711700886
P47911_Q01887,0.0021898,0.012987,0.01599,0.04846514016389847,0.0002643857733346,0.0029170324560254
D2D553_P25206,0.0021995,0.012929,0.015907,0.005346693564206362,0.002396925818175,0.1093304976820945
Q99LI5_Q8C0J2,0.0028725,0.013131,0.02055,0.19420884549617767,0.0034680478274822,0.2443047165870666
Q9CZX0_P62858,0.0023741,0.013043,0.015911,0.18653735518455505,0.0048018819652497,0.0003583453944884
Q9R0P9_Q9DC37,0.0021949,0.012987,0.015918,0.13027320802211761,0.0002427294384688,0.0067254030145704
O35089_P84228,0.0023452,0.012946,0.015955,0.4637128412723541,0.0002459104871377,0.0003399655397515
Q62093_Q99J95,0.0024449,0.013217,0.049344,0.1920989602804184,0.0043910415843129,0.0721412897109985
Q505F1_O88485,0.0022485,0.013239,0.01629,0.005859777331352234,0.0022206434514373,0.1258586794137954
Q9CR68_P60904,0.0023144,0.013116,0.016913,0.1370968073606491,0.0003406715113669,0.0009649741114117
Q8VIG3_Q60772,0.0021877,0.013038,0.017746,0.07940983772277832,0.0206034779548645,0.0010979217477142
Q61584_O08586,0.0022158,0.012938,0.016185,0.1084258183836937,0.0004432913265191,0.0443748384714126
Q91ZW2_P05627,0.0021842,0.013298,0.015976,0.4576050937175751,0.0011045739520341,0.0003295181668363
P56477_Q61327,0.0022099,0.012947,0.015898,0.2223203182220459,0.0013554953038692,0.0034214747138321
P20334_Q5U5Q9,0.0022056,0.012996,0.01601,0.02239605411887169,0.0007229689508676,0.0003945162170566
P62918_Q8BVN3,0.0021974,0.012954,0.016011,0.0733557939529419,0.0002172034728573,0.0003679536457639
Q8VEA4_Q9QZL0,0.0021764,0.012941,0.016012,0.47803500294685364,0.0017206215998157,0.0004289323696866
P15702_Q9Z2U0,0.0021957,0.012979,0.015882,0.014811430126428604,0.000228133139899,0.0014678570441901
P05977_P18760,0.0021833,0.013101,0.016025,0.0013558011269196868,0.0074908481910824,0.0029111469630151
P58252_O55033,0.0021984,0.012999,0.016453,0.011767158284783363,0.0002686943334992,0.004034596029669
Q5BN45_P98156,0.0022823,0.012986,0.015916,0.006523258984088898,0.002878546481952,0.0013225864386186
Q8K3Z0_P15379,0.0022127,0.016404,0.016248,0.15174998342990875,0.0028095347806811,0.0006548286182805
P16858_Q99JB4,0.0021762,0.012981,0.015997,0.004488897975534201,0.0002185143966926,0.0511556752026081
Q61584_Q9WV32,0.0022112,0.013007,0.017908,0.03014322929084301,0.0156476665288209,0.0025604628026485
O70435_P01738,0.0022014,0.013211,0.015892,0.10687196254730225,0.0003224829270038,0.0034703323617577
P55258_Q9JLQ0,0.011463,0.013859,0.016964,0.2549452483654022,0.0547788068652153,0.045766182243824
P68369_Q61699,0.0021795,0.013142,0.016062,0.0011724007781594992,0.0046705552376806,0.0003603474178817
P70347_Q9WUN2,0.022018,0.013515,0.016325,0.013325673528015614,0.0276182703673839,0.0002441213000565
Q8R0L9_Q9CQT6,0.0021994,0.012931,0.015912,0.29299217462539673,0.0005141083966009,0.0109515069052577
Q9CR88_P62812,0.0022097,0.081196,0.018093,0.050901249051094055,0.0002284302172483,0.0017048141453415
O54784_Q9EPL2,0.0022202,0.012987,0.015922,0.16158506274223328,0.000808085897006,0.0290116760879755
P43404_Q9DA80,0.0026134,0.012969,0.01614,0.16208374500274658,0.0024763306137174,0.2703010141849518
Q99NC0_P41969,0.0059092,0.012986,0.016197,0.15390253067016602,0.0428493209183216,0.1549192667007446
Q64373_Q9QXL8,0.0022013,0.012928,0.015923,0.3020981252193451,0.000255601335084,0.0003612084547057
Q8K3I6_P20334,0.002279,0.016505,0.12131,0.09863514453172684,0.0034641392994672,0.4239867627620697
P28033_P53566,0.69939,0.12551,0.02492,0.25788578391075134,0.9987075328826904,0.0068263048306107
P00683_Q61686,0.0022082,0.012927,0.015895,0.3911261558532715,0.000256449333392,0.0004686494066845
Q8VDS3_Q9CQC3,0.0021934,0.012923,0.016059,0.03625766187906265,0.0039818217046558,0.9532901048660278
Q8JZM0_Q3UYV9,0.0021771,0.013,0.015983,0.01323847845196724,0.0052085127681493,0.0061004036106169
Q61771_P03966,0.13959,0.013603,0.016053,0.09803659468889236,0.0010329348733648,0.0002864173729903
O08609_P30051,0.0028728,0.013031,0.015997,0.1939833015203476,0.0048719393089413,0.04419756680727
P23818_Q62170,0.0022769,0.013196,0.016485,0.02627946250140667,0.0010153164621442,0.0075377072207629
Q8BVZ1_Q9Z1K6,0.0022224,0.013057,0.015946,0.12322020530700684,0.000796282896772,0.0002455803623888
P81270_Q62231,0.0043102,0.012967,0.016285,0.08650875091552734,0.0222359485924243,0.4668822586536407
O35182_Q62093,0.0021799,0.013016,0.017723,0.27662423253059387,0.0258805342018604,0.0131837325170636
P01636_O88890,0.0021858,0.015752,0.016104,0.057709723711013794,0.0110365040600299,0.006110253278166
Q8R409_Q99J95,0.0025196,0.013006,0.019258,0.011038930155336857,0.0042673405259847,0.0002930401824414
P16297_Q02248,0.0022389,0.014433,0.017387,0.34000155329704285,0.0017174817621707,0.001889306702651
Q9Z0F8_P27612,0.0022118,0.013007,0.016004,0.014637937769293785,0.0009824585868045,0.0007495067548006
P01723_P06869,0.0028176,0.0351,0.13571,0.15552964806556702,0.9937166571617126,0.0385200306773185
Q8BX09_Q9ERK7,0.0022412,0.012984,0.01737,0.13874496519565582,0.0003658813075162,0.0054627554491162
P70696_Q62192,0.0022063,0.012939,0.015926,0.012605046853423119,0.0002292777062393,0.000258235289948
Q91V08_P17427,0.0021938,0.013925,0.015928,0.37735772132873535,0.0002172552631236,0.0124765150249004
Q99ME6_P14115,0.0022055,0.012957,0.016001,0.011180797591805458,0.000228291741223,0.0181663390249013
Q61097_Q9QXV1,0.02717,0.012975,0.017353,0.11349793523550034,0.0098478617146611,0.8830006122589111
P51667_Q9EQ14,0.0021964,0.013041,0.015881,0.012097661383450031,0.0003491613897494,0.0060742022469639
P40764_P20334,0.0021847,0.013029,0.01593,0.3551270365715027,0.0007627055165357,0.0014973462093621
Q9CR88_Q8BGU5,0.0021902,0.012966,0.015911,0.012050769291818142,0.0003546086954884,0.0035160831175744
P09632_Q9D5V5,0.002184,0.013066,0.01594,0.3186286985874176,0.000535886560101,0.3068552315235138
Q91ZW2_Q9CQV8,0.0021666,0.017112,0.017731,0.009398780763149261,0.0004065033281221,0.1292238235473632
O08609_O09110,0.0022195,0.013085,0.024526,0.0043815127573907375,0.0007747858180664,0.8342601656913757
P12815_O55013,0.002184,0.01308,0.015881,0.009841280058026314,0.0010020904010161,0.928061544895172
P42582_Q9CQV5,0.0022086,0.013486,0.016293,0.06953860074281693,0.0008631286909803,0.2200749665498733
Q9WV86_O08785,0.0025282,0.013133,0.015988,0.008972075767815113,0.0033888798207044,0.0004868434625677
Q99NC0_P11911,0.002297,0.013026,0.016056,0.32176709175109863,0.000478441332234,0.0019033235730603
O35449_Q62108,0.0045512,0.012983,0.015953,0.01346880104392767,0.0046907723881304,0.0054067820310592
Q80ZV0_P70445,0.0021756,0.012929,0.015889,0.33019089698791504,0.0004192004853393,0.9794570803642272
P47708_P70326,0.0022901,0.013159,0.017272,0.019295837730169296,0.0079274186864495,0.0006540975882671
Q921D4_P31324,0.0021751,0.012943,0.015918,0.005826328415423632,0.0030072522349655,0.0003141889465041
P17427_Q03157,0.0021842,0.016172,0.015943,0.6340749859809875,0.00052230944857,0.0041380650363862
O54788_Q8C031,0.0022058,0.012957,0.01601,0.2879447937011719,0.0004913758602924,0.1675426065921783
Q99N84_Q99ME6,0.0022092,0.054108,0.026476,0.139057457447052,0.0002275687002111,0.3838803172111511
P70441_O89100,0.002487,0.013072,0.045993,0.05112460255622864,0.8528250455856323,0.9623667001724244
P46935_Q9JL85,0.0023328,0.017531,0.016129,0.06242409721016884,0.0048708715476095,0.0004571019380819
Q9DAR0_Q9CPX7,0.0022018,0.012958,0.016265,0.09709512442350388,0.0056148208677768,0.0012762607075273
Q80V24_Q2MH31,0.0022143,0.013023,0.019076,0.053329773247241974,0.0039780428633093,0.0338330455124378
P29352_Q9R233,0.0023027,0.013188,0.016563,0.021225254982709885,0.0022720280103385,0.7349273562431335
Q9CQV5_P61092,0.0021912,0.01307,0.018938,0.3240354061126709,0.0003695226914715,0.0005220916937105
Q5R1C2_P35951,0.0025088,0.055793,0.087213,0.01523426454514265,0.0283989403396844,0.0016968020936474
Q5BN45_Q9D7W5,0.0022188,0.012931,0.015959,0.03457628935575485,0.0005114987143315,0.0008738397154957
P00683_Q3TXS7,0.0021849,0.013528,0.015893,0.005754590500146151,0.0002236587024526,0.0036086163017898
Q8R4K2_Q01887,0.0024636,0.013233,0.19605,0.030657904222607613,0.0012991757830604,0.0070097376592457
Q3UYI6_Q6P6J0,0.002175,0.01294,0.015884,0.15123693645000458,0.9968599081039428,0.1501931548118591
Q8R4G0_Q6P8Y0,0.0022256,0.012941,0.015899,0.05056927353143692,0.0006703751278109,0.0011766063980758
Q60629_O88282,0.0023131,0.013096,0.019384,0.3178742229938507,0.0007757616695016,0.0003878706193063
P08113_Q7TS55,0.0022154,0.013816,0.016399,0.029614517465233803,0.0002506026357877,0.0209179650992155
P47811_Q9D2N4,0.0022974,0.013005,0.016791,0.12180750072002411,0.0199053306132555,0.4962958693504333
P18524_Q91ZD4,0.0022968,0.012999,0.2454,0.022836411371827126,0.0388866513967514,0.0009879942517727
Q04735_Q03358,0.0026191,0.013163,0.026807,0.018025267869234085,0.0212228186428546,0.0003195339231751
O54786_O70343,0.0030652,0.012983,0.016116,0.10673600435256958,0.0084598781540989,0.0004845568328164
P27659_O08543,0.0022359,0.01295,0.0159,0.002768866019323468,0.0002457813243381,0.0822586268186569
Q91VR7_Q62348,0.0021894,0.012957,0.01589,0.189627543091774,0.0002393514005234,0.2980586290359497
Q6A037_Q80WQ6,0.10653,0.01296,0.018538,0.07732860743999481,0.0288081038743257,0.6578390002250671
O35718_P62869,0.0021894,0.013373,0.016406,0.01693820022046566,0.0149985365569591,0.0150700379163026
P62259_Q8C2B3,0.0021954,0.014264,0.018231,0.31936925649642944,0.998277187347412,0.6865637898445129
Q9CY16_Q61045,0.0022101,0.013152,0.016194,0.196879580616951,0.0003035730624105,0.0004575795610435
P16872_Q148A4,0.025037,0.013021,0.016087,0.0332815982401371,0.0004138973017688,0.0003832791699096
Q8VD72_Q9CWF6,0.0021883,0.013139,0.016204,0.016258619725704193,0.0061288634315133,0.0120523320510983
Q9D5V5_Q5NCF2,0.0021794,0.012945,0.015981,0.16651149094104767,0.0004323616449255,0.1114825531840324
P13405_Q9CPX7,0.0021707,0.012917,0.015918,0.2755030691623688,0.0012846793979406,0.0521757528185844
P01108_P35396,0.0022447,0.013029,0.016079,0.06562372297048569,0.0046649128198623,0.0238378308713436
P01865_Q925K9,0.0021934,0.013836,0.015987,0.3210434317588806,0.0012464408064261,0.137026309967041
P22723_Q91X20,0.0022162,0.012928,0.016023,0.026866720989346504,0.0013589186128228,0.0167904179543256
P27512_Q61584,0.0021913,0.013005,0.01591,0.12549400329589844,0.0006277603679336,0.0156938359141349
P24604_P25206,0.0022096,0.013035,0.017221,0.04834890365600586,0.0002669378882274,0.0397759415209293
P04224_P47754,0.0021886,0.013025,0.01587,0.038840074092149734,0.0002921984705608,0.0142761217430233
Q04211_Q60809,0.0021714,0.013013,0.016043,0.0026476483326405287,0.0045967842452228,0.0016980981454253
P60904_Q8CGP6,0.0023801,0.016028,0.018007,0.3920234143733978,0.0002892397169489,0.0089188832789659
Q9CQJ2_Q9EPU5,0.0021959,0.012938,0.015911,0.09470658004283905,0.0003385216405149,0.0038149836473166
Q80XZ4_P23819,0.0022398,0.014058,0.017007,0.011577865108847618,0.0031546631362289,0.9752041697502136
P01679_Q8BGW0,0.002169,0.012937,0.015892,0.283110648393631,0.0056740390136837,0.0034477794542908
Q8C0X7_Q61626,0.0024105,0.013126,0.025239,0.0031676830258220434,0.0008207849459722,0.0188514776527881
P05977_P40764,0.003528,0.013254,0.016065,0.1801198571920395,0.0005212938413023,0.0006934956763871
Q9CQP8_Q9CPX8,0.0023696,0.012942,0.01588,0.11852025985717773,0.0005845755222253,0.0018391902558505
Q9D4G2_Q60778,0.0023163,0.014867,0.018172,0.018816480413079262,0.0173522904515266,0.0014290619874373
O88939_O70263,0.002199,0.012999,0.018377,0.3400101065635681,0.0046126167289912,0.0003126662049908
Q9ERA0_Q9JKD8,0.0022189,0.012941,0.016036,0.17959809303283691,0.2868793606758117,0.0009599508484825
P40764_Q9QZE7,0.0021947,0.012939,0.015903,0.15247996151447296,0.0004334777186159,0.434427261352539
P54818_P26516,0.0021751,0.012925,0.015878,0.027428532019257545,0.0003047922509722,0.1461263298988342
Q32NY4_P21784,0.0022141,0.012969,0.016893,0.4097875952720642,0.0003992785641457,0.0011868921574205
Q9Z248_P01679,0.0021909,0.013015,0.015949,0.04112287983298302,0.0011495080543681,0.0009463459136895
Q07440_Q8R0W6,0.0029362,0.012999,0.01588,0.004317766055464745,0.0009840060956776,0.0004463760415092
Q9WVR4_P06537,0.0026252,0.01297,0.015951,0.30418285727500916,0.0061127352528274,0.0056548784486949
P47963_P68369,0.0021731,0.012964,0.016067,0.0748726949095726,0.0014673140831291,0.1381891369819641
Q9WV86_Q9QZS3,0.005979,0.013168,0.01634,0.09406543523073196,0.0023728013038635,0.0043776803649961
O89100_P47811,0.0026126,0.014562,0.083988,0.09205068647861481,0.9969879984855652,0.0217169467359781
Q9D823_Q6SP97,0.002203,0.012921,0.017286,0.030470285564661026,0.0010703457519412,0.0011214328696951
P50396_Q62276,0.0022568,0.013018,0.015946,0.03114916943013668,0.0006607336108572,0.0093769859522581
P70441_P03903,0.0022208,0.012943,0.015878,0.005707425065338612,0.0002459651441313,0.0120736462995409
O09044_Q80XE1,0.0021787,0.013029,0.015905,0.031285375356674194,0.0024258187040686,0.0002784368116408
Q64364_Q8VCI5,0.0021985,0.012987,0.015893,0.20501933991909027,0.0009718242217786,0.0030736420303583
P49718_Q64281,0.0022143,0.013035,0.015904,0.2515082359313965,0.0002634424599818,0.9450755715370178
E9Q9W7_O08665,0.0022274,0.013078,0.016275,0.03959555923938751,0.0027870053891092,0.2053290009498596
O35625_Q9CXW2,0.0022017,0.012974,0.015971,0.08142843842506409,0.0004066964029334,0.0281814597547054
Q61337_Q9CWR8,0.0022105,0.012985,0.016015,0.006241534370929003,0.0217340048402547,0.0016256573144346
Q8CII9_Q9QXL8,0.002218,0.012961,0.016704,0.07613979279994965,0.0004100684891454,0.061497151851654
P43432_Q60838,0.0021824,0.012986,0.016246,0.03670495003461838,0.0003743697889149,0.0112740490585565
Q9Z2W9_O70174,0.0023389,0.014128,0.018684,0.010381140746176243,0.0011495162034407,0.0098233977332711
Q62277_P62830,0.0022452,0.012927,0.015913,0.5607050061225891,0.000212062994251,0.0004009868716821
Q9CQT6_P00683,0.0022422,0.012957,0.020086,0.17985212802886963,0.000574700476136,0.0006027331692166
P01679_P33896,0.0022894,0.028911,0.064064,0.007583300117403269,0.0071345260366797,0.1819922775030136
Q9WTX6_Q8BGU5,0.0021824,0.012963,0.015983,0.020668571814894676,0.0017827986739575,0.0007287942571565
P07901_P12815,0.0021822,0.013149,0.015902,0.11477508395910263,0.0005044664721935,0.0003681585949379
Q91YE7_O70274,0.0023541,0.012954,0.022214,0.06674308329820633,0.0024232731666415,0.0011821018997579
B8ZXI1_Q9JJ59,0.002262,0.013357,0.015965,0.031486134976148605,0.0002592781092971,0.0015866244211792
P47963_Q62170,0.0021967,0.012955,0.015907,0.021534927189350128,0.0003221587103325,0.0015693412860855
Q9WU32_Q924X6,0.0022916,0.017788,0.031111,0.020099125802516937,0.003556158626452,0.0023562877904623
O88448_Q8C1Z7,0.0022756,0.01994,0.10836,0.0896354466676712,0.017381340265274,0.000345924985595
P01863_P12815,0.0021834,0.013828,0.016023,0.00904349610209465,0.0025640847161412,0.0003423794114496
Q3UKC1_Q60769,0.0022514,0.013043,0.01614,0.021742941811680794,0.0029016938060522,0.0003189109556842
Q61102_Q8CII9,0.0022846,0.018022,0.029756,0.055715251713991165,0.0003014673129655,0.0003274328482802
Q62264_Q9D6J5,0.00219,0.012928,0.015983,0.3239753544330597,0.0003855657705571,0.0006446446059271
Q9Z0G0_Q60769,0.0021876,0.012947,0.015964,0.10892907530069351,0.0009502703906036,0.0435164310038089
Q9Z1X4_Q63810,0.0021746,0.013239,0.015891,0.0658617913722992,0.0298696104437112,0.0037285534199327
Q9CWE6_P52189,0.002213,0.012926,0.015949,0.28661268949508667,0.0005245996289886,0.6295881867408752
Q8C6E0_G5E8A8,0.0023216,0.013279,0.01595,0.0676170065999031,0.0019670703914016,0.3943515419960022
P68372_P17182,0.002199,0.014074,0.015945,0.08697101473808289,0.000440106523456,0.0355715677142143
P70372_Q3HNM7,0.0021868,0.01312,0.019326,0.03070642054080963,0.0267707165330648,0.0002118863631039
Q61699_D2YW38,0.0021838,0.013024,0.015913,0.03571357950568199,0.000317088299198,0.0100435558706521
Q61102_P51150,0.0023565,0.013612,0.017297,0.11465785652399063,0.0005509147886186,0.0017799166962504
Q00609_Q9EP73,0.229,0.61593,0.35159,0.16265138983726501,0.9987088441848756,0.00136105180718
O88384_P70326,0.0022256,0.012958,0.015959,0.17442381381988525,0.0023490698076784,0.0006534915883094
P10417_J3QMY9,0.002186,0.01293,0.015995,0.0345088467001915,0.002073963638395,0.0015632890863344
P29341_P42867,0.0021858,0.012948,0.015918,0.23136040568351746,0.0009085095953196,0.0003360244154464
P53986_Q5R1F5,0.0023857,0.018419,0.041746,0.14749346673488617,0.0296427067369222,0.9655104875564576
P42225_Q9DBR4,0.0022322,0.013155,0.016451,0.33101314306259155,0.0043787346221506,0.0012120982864871
P70195_P59178,0.002198,0.012973,0.01608,0.2787246108055115,0.0002471211773809,0.0081990892067551
Q61091_P01852,0.0022757,0.01364,0.021688,0.08126947283744812,0.0035727322101593,0.0006569783436134
Q9D9T8_Q99J95,0.0022,0.012975,0.016044,0.04379720240831375,0.995555818080902,0.0083769941702485
Q9DCL4_Q3HNM7,0.0021781,0.013225,0.016045,0.010483752936124802,0.0141485147178173,0.0002925371518358
P0CG50_Q9CZ44,0.0021894,0.01309,0.019338,0.12178308516740799,0.0004770501109305,0.0017117374809458
P17433_Q9QZE5,0.0029361,0.013314,0.017704,0.12602251768112183,0.0006533605628646,0.0004303063906263
Q68FF6_Q9ES28,0.028922,0.018057,0.01736,0.13584662973880768,0.0053822337649762,0.0004949708818458
Q99P58_Q9R049,0.0022014,0.013207,0.016054,0.012922005727887154,0.0002676032017916,0.0494891032576561
Q8VHW2_Q60692,0.002217,0.013205,0.016083,0.06625642627477646,0.0002439009549561,0.2748893499374389
Q9CXZ1_P20917,0.0022056,0.085705,0.034681,0.14168044924736023,0.0002466668374836,0.0005306279053911
Q9EST8_Q8C437,0.13965,0.014707,0.021644,0.0239857230335474,0.0247728396207094,0.0021868410985916
Q9CWE6_Q9Z0G0,0.0021772,0.012923,0.015897,0.05139581486582756,0.0004731887602247,0.0007369813974946
Q793I8_Q65ZI1,0.0022148,0.013058,0.016102,0.48355692625045776,0.0017653829418122,0.0002031759504461
Q2MH31_Q9CQ20,0.0021963,0.012921,0.016241,0.2498856782913208,0.0012288538273423,0.0002241264010081
P28033_Q91ZD4,0.0024082,0.01302,0.016066,0.18597756326198578,0.0009987887460738,0.0004583921690937
P60710_P62962,0.012615,0.04065,0.73886,0.02163649909198284,0.997703731060028,0.0003539160243235
O88351_Q04211,0.0022136,0.012946,0.016079,0.06331442296504974,0.0336341597139835,0.0007835892611183
Q61730_O09108,0.0074587,0.021228,0.078544,0.016855349764227867,0.0011612534290179,0.0075354678556323
P52946_P12367,0.0022101,0.01302,0.016029,0.025165122002363205,0.0101936524733901,0.1301747560501098
P39054_A0NA69,0.002215,0.015364,0.016085,0.144267275929451,0.0008249391103163,0.0010229707695543
O54828_P68372,0.0021758,0.012983,0.016078,0.41310250759124756,0.0024648236576467,0.0001417971216142
P01878_P29752,0.0021964,0.013277,0.017769,0.005963521543890238,0.0274510700255632,0.1560691148042678
Q62276_A2N494,0.0021852,0.013008,0.015903,0.011115459725260735,0.0003156980383209,0.0003699008666444
P47708_Q9ERI2,0.0026854,0.014757,0.016731,0.13025495409965515,0.9966928958892822,0.0069342437200248
Q8JZM0_P63248,0.0021984,0.013011,0.015912,0.03715750575065613,0.0341538824141025,0.0003286528517492
P26043_Q99K74,0.0022286,0.013255,0.016018,0.14425013959407806,0.0004018633626401,0.0039722020737826
Q99K90_Q99NC0,0.6721,0.012968,0.016027,0.18388941884040833,0.009773057885468,0.2981189787387848
P16675_P15105,0.0022155,0.012966,0.015953,0.0014995920937508345,0.0003685709962155,0.0020871555898338
Q99JW4_P09021,0.0030584,0.013061,0.015898,0.12406788766384125,0.0227475818246603,0.0036036048550158
Q8R0W6_P97432,0.0021993,0.012967,0.015952,0.48333290219306946,0.0003878880525007,0.0037175172474235
P62315_Q9WVK0,0.0022186,0.013056,0.015872,0.10730661451816559,0.0002367241686442,0.0017714586574584
P36898_Q61045,0.0022533,0.013033,0.017824,0.01834259182214737,0.0007087069679982,0.0009203517111018
P01747_Q91XD6,0.0021942,0.012992,0.015906,0.029886694625020027,0.0006772458436898,0.000433461216744
Q925K9_P41105,0.0021847,0.012941,0.015904,0.2412557750940323,0.0002189131337217,0.1802808195352554
O70343_Q923E4,0.039764,0.012983,0.018932,0.1486247032880783,0.0489468425512313,0.0004886902170255
Q3TWN3_P42866,0.0036424,0.013261,0.28055,0.001981087028980255,0.0007468871772289,0.000636373180896
P23798_Q91ZE9,0.0022899,0.013107,0.016321,0.01740444265305996,0.003762699663639,0.2346824556589126
P01904_Q64028,0.0021796,0.01302,0.01589,0.2376827597618103,0.0016515087336301,0.0001642477873247
Q8C0J2_P53986,0.0023011,0.013052,0.016079,0.023808106780052185,0.0002848746080417,0.0004101638915017
P62962_Q3U1F9,0.0021773,0.012934,0.015897,0.01610848866403103,0.0002850068849511,0.0050517972558736
Q99LM9_Q61387,0.0022871,0.012961,0.015887,0.37365713715553284,0.0002751983120106,0.7623071670532227
Q62225_P62962,0.0021883,0.01295,0.015935,0.0038055044133216143,0.0004936511395499,0.0011891672620549
O70570_O88942,0.017937,0.012981,0.017192,0.2533911168575287,0.0011188557837158,0.0082928333431482
Q8BVN3_Q8VDU0,0.0021885,0.02159,0.01799,0.30390214920043945,0.0006121382466517,0.7122109532356262
Q9CQV5_A2NTY6,0.0022748,0.49101,0.1961,0.10905593633651733,0.0005165307084098,0.0004355537239462
P12023_P20334,0.0027767,0.015892,0.04019,0.009180359542369843,0.0005913951317779,0.1710661202669143
P61957_P97372,0.0022212,0.01296,0.015877,0.09976644068956375,0.0007989659206941,0.0351013280451297
P51667_P48772,0.0026743,0.01303,0.015886,0.14653082191944122,0.0002373746392549,0.0013764972100034
P09542_Q64028,0.0021905,0.013257,0.016835,0.1574867218732834,0.0006860053399577,0.0012318674707785
Q9D4G2_P47962,0.0021704,0.012975,0.01591,0.2067294865846634,0.00030291362782,0.0084542091935873
Q6PFD5_Q99PT1,0.0022084,0.012953,0.016166,0.03697739169001579,0.0184378400444984,0.0067782360129058
Q9CQR7_Q148A4,0.002324,0.013009,0.015878,0.03948548436164856,0.0004325578338466,0.0009261073428206
Q924X6_P04925,0.0022934,0.023489,0.031959,0.11847970634698868,0.0147569356486201,0.0003011843655258
Q80V24_Q9CZ44,0.0022305,0.012944,0.015905,0.1053340882062912,0.0007239886908791,0.0176546815782785
P97318_Q03157,0.0022258,0.013095,0.015988,0.002459278330206871,0.002402618760243,0.2846020460128784
P68373_Q8CGP6,0.0022234,0.013018,0.37875,0.0352775976061821,0.001697952626273,0.018785985186696
P99026_P39688,0.0021793,0.012976,0.016064,0.026722921058535576,0.0002074215735774,0.2458908557891845
P49722_Q5BN45,0.0021814,0.012945,0.015894,0.06288205087184906,0.0003153376746922,0.0107608968392014
A0A0M3KL49_Q99LC3,0.0022066,0.015087,0.091964,0.12602978944778442,0.0064001935534179,0.0004385536303743
P58064_Q9DAG4,0.0023607,0.012982,0.01594,0.008571311831474304,0.0008584395400248,0.1895586103200912
P70196_Q9QZH6,0.0022321,0.013418,0.015984,0.23506666719913483,0.0002436027862131,0.0012903227470815
Q9D495_Q6X6Z7,0.43994,0.50312,0.015968,0.0013169917510822415,0.9926577210426332,0.0003275536582805
Q62108_Q6PHZ2,0.0022332,0.013044,0.062985,0.38470226526260376,0.8210052251815796,0.0571669936180114
P13405_P25322,0.0022044,0.012985,0.016365,0.011474068276584148,0.9985769987106324,0.0004498204798437
Q9EST8_Q9Z138,0.043586,0.013338,0.017541,0.008269572630524635,0.0003188230912201,0.5317898988723755
Q60809_P03966,0.0021722,0.013063,0.015984,0.2597241699695587,0.0022160755470395,0.2455248534679412
Q9Z2Q6_Q62348,0.0022154,0.012948,0.015923,0.0033575594425201416,0.0002460200048517,0.4439892768859863
P35585_Q9D9U9,0.0021989,0.012939,0.016021,0.02583554945886135,0.0053137554787099,0.00274219061248
Q61079_Q62264,0.0022293,0.013012,0.016042,0.16935808956623077,0.0013784150360152,0.001003687037155
Q63739_Q60973,0.002195,0.013045,0.015951,0.003086748532950878,0.0031021244358271,0.0026643797755241
Q9QZE5_Q9QYP6,0.0033754,0.01461,0.016704,0.011916267685592175,0.0027627057861536,0.0003098802117165
Q9CQ18_O88282,0.0021776,0.012976,0.015884,0.00812795665115118,0.0003966446092817,0.048650287091732
Q9ER88_P62082,0.0021914,0.012922,0.015928,0.1949242651462555,0.0008065262227319,0.0013256787788122
P11440_Q9R1S0,0.0022053,0.012985,0.016082,0.11618224531412125,0.0008872071048244,0.0001854415022535
P27792_Q9JLC6,0.033345,0.013087,0.017887,0.06887486577033997,0.0048443037085235,0.0013938446063548
Q80X85_P27792,0.0022068,0.013591,0.016145,0.03653734177350998,0.0011043229606002,0.0043550585396587
Q60989_Q61091,0.002222,0.013012,0.015915,0.0507320873439312,0.0041432636789977,0.0013826782815158
P63085_Q8VI36,0.0026388,0.01306,0.016928,0.019639329984784126,0.0166604313999414,0.001476593199186
V9GXK1_Q60692,0.002372,0.013014,0.016228,0.32311809062957764,0.0002654220443218,0.0014889145968481
P03903_Q9QXL8,0.0025986,0.013212,0.015925,0.003192520933225751,0.0003777281381189,0.0001989293814403
Q9DA80_Q9JJW5,0.0025948,0.012912,0.016035,0.016144538298249245,0.0070072920061647,0.1195304095745086
P13297_Q60692,0.0024144,0.013573,0.016196,0.4462169408798218,0.0002524087321944,0.0003007906489074
Q99LC4_Q8BVZ5,0.002192,0.020808,0.01954,0.46208515763282776,0.0503135100007057,0.001024431316182
Q07832_Q8K245,0.0027871,0.012989,0.016651,0.04849603399634361,0.0329399220645427,0.9891007542610168
B8ZXI1_Q5R1F1,0.0022658,0.01306,0.015899,0.47115713357925415,0.0003406934556551,0.0781280994415283
P70452_P60766,0.0026936,0.013143,0.015924,0.005831791087985039,0.0018475262913852,0.0031196495983749
O08712_Q9WVI9,0.002178,0.012969,0.016508,0.09344159811735153,0.0038220302667468,0.0037288863677531
P24860_A0A0M3KL48,0.0021805,0.013056,0.015905,0.15152284502983093,0.0003006203623954,0.0012556931469589
O55013_Q99JW4,0.0021752,0.012992,0.015859,0.41413024067878723,0.0002745593374129,0.3943940997123718
P01731_P68369,0.0021794,0.013916,0.015887,0.09153757989406586,0.0003108436358161,0.0487870760262012
Q91VN6_Q8BLC3,0.0021877,0.012974,0.015897,0.015932545065879822,0.0005246233777143,0.0017954523209482
Q505F1_P16858,0.0021701,0.012993,0.016007,0.008326087146997452,0.0013961250660941,0.0010671726195141
Q61387_O70570,0.0023413,0.013235,0.016161,0.18905730545520782,0.0033590868115425,0.0004067314730491
Q8BFU0_P47708,0.0022154,0.013132,0.016162,0.05498432368040085,0.0010694303782656,0.0005672224215231
P42208_Q9CQ20,0.0022788,0.012951,0.015894,0.006268743891268969,0.000366302934708,0.002085970249027
P20826_Q99M51,0.0022062,0.012956,0.015943,0.15915319323539734,0.0003981517802458,0.0272483043372631
Q60821_Q99ME6,0.0021885,0.012957,0.016018,0.2376726120710373,0.000465201534098,0.0008297868189401
Q9D1R9_P22892,0.0021815,0.013077,0.016756,0.11757752299308777,0.0002379962679697,0.000341358478181
Q9CZX0_Q99LI8,0.0021807,0.012974,0.015907,0.03023023158311844,0.0003608721890486,0.0641965270042419
Q9JJY9_Q3UNW5,0.0022326,0.012949,0.016303,0.016776803880929947,0.0006537155713886,0.000554725760594
Q9WVR4_P48772,0.0024473,0.013108,0.0159,0.012748440727591515,0.000908599642571,0.0002895901561714
P01867_P62315,0.0021855,0.013849,0.015898,0.0593111477792263,0.000523425580468,0.008652820251882
Q8R0W6_Q60902,0.002226,0.013171,0.015952,0.3974389433860779,0.000411840446759,0.0013666175073012
A2AIP0_Q99MJ6,0.0022207,0.012949,0.016975,0.00451748026534915,0.0185041036456823,0.0003671113518066
Q8VEG6_P35330,0.0021939,0.012992,0.016152,0.04169011116027832,0.0021456175018101,0.0038854600861668
Q8VEA4_Q91Y86,0.0021856,0.012962,0.016373,0.38337287306785583,0.0013873071875423,0.0005644301418215
Q91ZW2_P53566,0.0021781,0.013992,0.016117,0.1105717271566391,0.0004969254368916,0.0005353675805963
P68373_P52503,0.0022735,0.01316,0.016012,0.1254660189151764,0.00034626366687,0.0004429912078194
P28700_Q9CQT6,0.002183,0.012993,0.016582,0.013136141933500767,0.0007450815173797,0.8830199837684631
P58801_Q9R049,0.0024491,0.01304,0.016076,0.028656285256147385,0.0003165458329021,0.0004278803826309
O54790_Q9DAR0,0.0022555,0.012958,0.01594,0.4744654595851898,0.0007887603132985,0.0015820595435798
Q9D9B8_Q9CXU1,0.0021923,0.013797,0.015921,0.08639537543058395,0.001263351063244,0.0027539622969925
Q60793_P68368,0.0021756,0.013157,0.016011,0.008831901475787163,0.0132391387596726,0.0019189827144145
O88786_P20109,0.0023647,0.12658,0.10797,0.04497091844677925,0.9988988637924194,0.0275285094976425
Q61457_Q61771,0.0037486,0.013125,0.015992,0.1271263211965561,0.0011042356491088,0.0357645489275455
P04224_Q62158,0.002192,0.013421,0.01659,0.16150541603565216,0.0008982858853414,0.112462930381298
Q8K245_Q9JIH2,0.0022409,0.013037,0.016027,0.008864246308803558,0.0005739264306612,0.0463675037026405
Q9CPU2_Q9D032,0.0021885,0.013083,0.015937,0.041512928903102875,0.000692821922712,0.7849790453910828
Q8R409_O08543,0.0022006,0.012958,0.016222,0.1139858141541481,0.0003422009176574,0.1001349538564682
P01837_Q99MJ6,0.0021793,0.017363,0.015987,0.02139478363096714,0.0028959778137505,0.945634126663208
O88485_Q8BYM5,0.0025595,0.013013,0.015954,0.07941035181283951,0.0005850719171576,0.2112980782985687
P01898_Q8C669,0.0021745,0.012964,0.01592,0.10987681895494461,0.0003409930504858,0.0075217145495116
P62878_O88811,0.002179,0.013093,0.015998,0.10397698730230331,0.0004578644002322,0.0253937896341085
Q62406_Q8R4K2,0.002812,0.013175,0.11029,0.6791595220565796,0.9990181922912598,0.0017377166077494
Q9CQJ8_Q91WQ5,0.0022627,0.013007,0.016026,0.060294318944215775,0.0009918314171954,0.0017741124611347
Q920D3_P62806,0.0022344,0.012978,0.33565,0.012892723083496094,0.0019251240883022,0.0003674327745102
Q9JJW5_P51667,0.0022015,0.013068,0.015903,0.38268205523490906,0.003595397574827,0.0003730174794327
P28076_Q9WU32,0.0021767,0.012934,0.015907,0.13011367619037628,0.0002163007739,0.4106685817241668
P62305_Q60953,0.0021771,0.012981,0.016216,0.00300403730943799,0.0003258275974076,0.1756685972213745
P62482_P63141,0.002216,0.01298,0.05613,0.14628955721855164,0.9989140033721924,0.0209136400371789
P01942_Q8K214,0.0022338,0.013096,0.015899,0.1488543152809143,0.0006319402600638,0.0229085125029087
Q811G0_Q61884,0.0021986,0.01318,0.016154,0.2823176980018616,0.0017252621473744,0.0006164028891362
Q52L64_Q9JIQ3,0.0022214,0.088809,0.1395,0.04610002413392067,0.0020054613705724,0.5738437175750732
Q9JIA1_Q9EPC1,0.0021768,0.012964,0.015977,0.2888273298740387,0.0006297433283179,0.0007138684159144
Q62108_Q9JM63,0.0022074,0.012964,0.016018,0.11006076633930206,0.0037731507327407,0.0158212948590517
P48787_Q99MB1,0.0021926,0.012981,0.015907,0.00362667185254395,0.0002622248139232,0.0012459286954253
Q9CQY1_O54864,0.0021792,0.01293,0.015963,0.05008317902684212,0.1346329748630523,0.0024876464158296
Q9CQY1_O08675,0.0022437,0.012992,0.016189,0.002909306902438402,0.0002694748109206,0.3812247514724731
P63330_O88653,0.0021882,0.012987,0.015911,0.046997636556625366,0.0007377887959592,0.0099942367523908
P23204_Q8CFI0,0.0022113,0.012993,0.016652,0.004975489806383848,0.0039777541533112,0.0006876220577396
Q9R109_P35979,0.0022003,0.012918,0.015889,0.24235577881336212,0.0004030166019219,0.0024352078326046
Q8CDU5_Q3TWN3,0.0032723,0.012959,0.016156,0.03371594101190567,0.0014638458378612,0.053177498281002
P08505_P97318,0.0021863,0.012944,0.015944,0.025456257164478302,0.0002830725570674,0.0307028777897357
P51943_Q8K480,0.0022026,0.012953,0.016178,0.0036250646226108074,0.0005974361556582,0.004487195983529
P42669_Q9ERI2,0.0028873,0.013043,0.015923,0.1991359442472458,0.0032809565309435,0.0005519197438843
P18572_P84750,0.0049379,0.5701,0.05342,0.0036797309294342995,0.9871604442596436,0.2468323409557342
P60122_Q9JI44,0.0021861,0.012945,0.016136,0.21012237668037415,0.0013516196049749,0.0077234581112861
P42669_P25911,0.0021782,0.01298,0.015985,0.012825855985283852,0.0161647591739892,0.2515324056148529
Q07832_P28028,0.0064667,0.0139,0.23674,0.1614198386669159,0.9108673930168152,0.0153997987508773
P06869_P46471,0.0022105,0.012964,0.015918,0.02100643515586853,0.0003443313471507,0.0092539032921195
Q8VI36_A6H6Q4,0.0021877,0.012936,0.015956,0.032394230365753174,0.0009546229848638,0.0123533094301819
Q62170_Q99JY8,0.0022682,0.014328,0.017568,0.011794987134635448,0.0008896679501049,0.0005786311230622
Q7TMM9_O88951,0.0022229,0.012995,0.016434,0.19561155140399933,0.0046269609592854,0.0106736132875084
P31750_Q2NL51,0.087095,0.037015,0.20911,0.011690717190504074,0.174423485994339,0.3149168491363525
O09111_P61967,0.0022278,0.013207,0.01592,0.1175866350531578,0.0008020236273296,0.0039953221566975
Q9EQH3_P42669,0.0021716,0.01301,0.015935,0.1548326015472412,0.0020875828340649,0.0011808583512902
Q61066_Q80Z64,0.0022994,0.013003,0.016533,0.0015877563273534179,0.9980531930923462,0.0130819790065288
Q9JHS3_Q9CQJ2,0.0021955,0.01293,0.015947,0.12995857000350952,0.0007819068850949,0.0001139236264862
Q8R4I7_Q9ERA0,0.0022765,0.012933,0.016098,0.27154791355133057,0.0027925781905651,0.0044332765974104
O09111_Q8BG40,0.0021979,0.013501,0.016663,0.006634315010160208,0.0033534292597323,0.0402208305895328
Q91YN9_Q61456,0.0022049,0.012931,0.015942,0.004602884408086538,0.0157437957823276,0.0005547765176743
O88597_Q8CDJ3,0.77307,0.086758,0.015929,0.480263352394104,0.0954920351505279,0.0003011935332324
Q9QWH1_Q9D0M3,0.0021906,0.014339,0.015955,0.10743258893489838,0.0005704410141333,0.0008727782987989
Q9JIL4_P63044,0.0022186,0.013066,0.015931,0.02799984999001026,0.0314006768167018,0.0002663613122422
Q9CR88_Q99PI8,0.0021878,0.097565,0.021165,0.24545060098171234,0.0002410592132946,0.0009152491693384
O08795_Q7TMM9,0.0021912,0.013123,0.015919,0.07835317403078079,0.0006465417682193,0.0021659382618963
Q8R4I7_A0JLY1,0.0022157,0.012935,0.015896,0.1368800699710846,0.0008123206207528,0.0002543001319281
Q9CPX7_Q8BLC3,0.0022015,0.012931,0.015893,0.03179362788796425,0.000318989099469,0.0045943846926093
Q9D7X3_Q62232,0.0021849,0.013012,0.018569,0.05107123777270317,0.0008554575615562,0.0054142666049301
Q9D9I1_Q5R1B3,0.0022433,0.012983,0.015882,0.06163648143410683,0.0014293824788182,0.0071203731931746
Q5EE38_P02089,0.0021594,0.012925,0.015892,0.01494220644235611,0.0004195733054075,0.0004863675858359
Q9JJX7_O70374,0.0021854,0.012972,0.016017,0.011857722885906696,0.0096561396494507,0.0298789720982313
Q62108_Q9WV31,0.0022021,0.012985,0.016502,0.18750162422657013,0.0025374346878379,0.0211992431432008
P05627_P06804,0.0021943,0.013017,0.015929,0.1096123680472374,0.0002576379629317,0.3514489233493805
P11610_Q80ZV0,0.0021702,0.012934,0.015874,0.00817915890365839,0.0002860440581571,0.0008461629040539
Q64010_Q9JJY9,0.0022416,0.012989,0.016011,0.16404227912425995,0.0005599112482741,0.0040699057281017
Q8C437_P09022,0.0026868,0.013633,0.016121,0.07713565230369568,0.0005478303064592,0.0031804693862795
P01904_Q60837,0.0023125,0.021118,0.13244,0.015312709845602512,0.0148793393746018,0.1135526672005653
P23804_Q64364,0.0021954,0.013005,0.015973,0.5915988683700562,0.0005771436844952,0.9733535647392272
O08734_Q80U63,0.0022158,0.012931,0.015905,0.039275407791137695,0.0005376820918172,0.0041527501307427
Q9JHS3_Q9D855,0.0022922,0.012974,0.015908,0.038506027311086655,0.0003463977191131,0.0032622755970805
P30999_Q9EPL2,0.0021992,0.013278,0.016677,0.19400128722190857,0.0010870047844946,0.0004040957428514
Q9Z2W9_Q9CXU1,0.002182,0.012938,0.015906,0.010498370043933392,0.0006794390501454,0.005498765502125
O88643_Q60954,0.0055228,0.01358,0.027072,0.005894803442060947,0.0178958009928464,0.2752507627010345
Q9D7N3_P16092,0.0022115,0.016801,0.033024,0.06336468458175659,0.0004121744714211,0.0036755162291228
A0A0E4B366_P39054,0.0022018,0.013752,0.015935,0.009766419418156147,0.0006476766429841,0.0008486388833262
Q9CQJ8_Q60838,0.0022088,0.013136,0.016174,0.11525973677635193,0.0003393511287868,0.3153161406517029
B5KM66_P42582,0.0022775,0.012956,0.015913,0.06266976147890091,0.000949642737396,0.0010240010451525
Q9JIF7_Q5SRX1,0.0023832,0.01461,0.016904,0.22049136459827423,0.0005217473953962,0.3966964483261108
Q06890_P15535,0.0021861,0.020489,0.021338,0.18056640028953552,0.0514315925538539,0.0008049794123508
P70196_Q3TL44,0.0023219,0.014209,0.016045,0.008991004899144173,0.0005160149885341,0.0179203152656555
P84244_Q91YN9,0.0021883,0.012977,0.015988,0.3046942353248596,0.0009084369521588,0.0003149954427499
Q9D4K5_P52795,0.0023406,0.013195,0.016624,0.013449768535792828,0.0005759677151218,0.0004290190699975
P01661_Q80ZS3,0.002241,0.044112,0.022062,0.004800253082066774,0.0006427136831916,0.0027603053022176
P70375_O89090,0.0022068,0.013077,0.016072,0.1052405908703804,0.0011944455327466,0.0009617790346965
P70372_Q8CJG0,0.0021812,0.012955,0.016394,0.2661580741405487,0.0172075517475605,0.000221009744564
P01645_Q5SSL4,0.002201,0.013014,0.016004,0.7301727533340454,0.0014932758640497,0.0034085272345691
O35717_Q62225,0.0025105,0.019995,0.024799,0.03991009294986725,0.998630166053772,0.8882242441177368
Q9DB40_Q9Z2W9,0.0021823,0.01293,0.015917,0.4490980803966522,0.0003467636415734,0.0008102607098408
O55033_Q2VPU4,0.0022512,0.012979,0.016054,0.009871392510831356,0.1495569348335266,0.0375878848135471
O35955_P31324,0.0021821,0.012937,0.015977,0.07516242563724518,0.0002955175586976,0.0009589905967004
O88513_A2N494,0.0021857,0.013018,0.015881,0.0037499391473829746,0.0003364523581694,0.0008772132568992
P24604_P62806,0.002204,0.013082,0.016429,0.03030313551425934,0.0003312391345389,0.0003909982333425
P45448_O55029,0.0022681,0.01327,0.01606,0.08242321014404297,0.0330459028482437,0.041211113333702
Q9DCA2_Q6PD24,0.0022193,0.013075,0.015899,0.2112991362810135,0.0004277571861166,0.0350677110254764
O08609_Q8HWE5,0.0021866,0.029321,0.018379,0.12111365795135498,0.000311257346766,0.9528530836105348
Q8C1B7_P70195,0.0022202,0.012971,0.016073,0.3953377902507782,0.0003098459274042,0.0688709169626236
A2RTH0_P35343,0.0022514,0.067157,0.054645,0.16672581434249878,0.0023778183385729,0.9389134645462036
Q9QZS3_O70439,0.016552,0.012998,0.015945,0.05728815123438835,0.0056857368908822,0.0083009395748376
P15307_O70435,0.0021756,0.012937,0.015891,0.2660468518733978,0.0003250188019592,0.0007862692582421
Q8BFU0_Q8CGP6,0.0022002,0.012955,0.015904,0.005580451805144548,0.0004089407157152,0.0059447395615279
Q91X20_Q925K9,0.0021747,0.01295,0.016005,0.03378310799598694,0.063535638153553,0.0058751748874783
P07750_P60879,0.0022682,0.012946,0.015903,0.005778333637863398,0.0002815818588715,0.0039114821702241
Q18PE0_Q9JIH2,0.002251,0.015429,0.016103,0.07246020436286926,0.0007596090435981,0.0362183898687362
Q9ERA0_Q8CFI0,0.0022252,0.012924,0.016077,0.11078047007322311,0.0231361128389835,0.0085793510079383
Q80Y75_P48281,0.0022014,0.013022,0.015919,0.009800798259675503,0.0003419436106923,0.000845210684929
A0A2R8VHF7_Q80UP5,0.0022358,0.012989,0.016003,0.006935675162822008,0.0012564713833853,0.0016986073460429
O54786_Q9DB77,0.0021854,0.012937,0.015912,0.12074454128742218,0.0004528676508925,0.0099720256403088
P46061_Q80XZ4,0.0022001,0.01307,0.01622,0.11119215935468674,0.0010618389351293,0.0014925118302926
P05214_Q99LM9,0.0021735,0.01295,0.016029,0.11907133460044861,0.0024334557820111,0.0248916950076818
Q6R891_P49718,0.0024969,0.013054,0.016095,0.045516856014728546,0.0005881310207769,0.0035963386762887
Q6PAT0_P35438,0.0021964,0.012954,0.015931,0.38178136944770813,0.0002356203476665,0.7571874856948853
P51410_P35456,0.0022029,0.012933,0.015884,0.047211818397045135,0.0002048480528173,0.0715777426958084
Q61171_Q31099,0.0021957,0.013095,0.015939,0.009075726382434368,0.0002784153039101,0.0009917406132444
O88653_O88703,0.0021939,0.01295,0.018124,0.014905397780239582,0.0005073746433481,0.0002982483420055
Q9D9V4_Q6P3B9,0.0021867,0.012931,0.015896,0.06387704610824585,0.0004923125961795,0.0006784946308471
Q9DCA2_Q8K4G5,0.0021932,0.01309,0.01593,0.004562506452202797,0.0004464114899747,0.1850983947515487
O88351_Q60954,0.003755,0.013178,0.019421,0.2341865748167038,0.0140807088464498,0.2043942511081695
Q99ME6_Q5SSL4,0.002183,0.012928,0.015986,0.2392451912164688,0.000296578509733,0.0049733282066881
Q9QZL0_Q99L88,0.0030932,0.012979,0.018525,0.33277052640914917,0.9317671060562134,0.0005814376636408
Q6PGF3_P41969,0.0023781,0.013069,0.016552,0.15595558285713196,0.0423190519213676,0.0265933685004711
P28076_P53566,0.0021654,0.013047,0.015889,0.010027198120951653,0.000290864642011,0.0005913996719755
Q8R4G0_O35717,0.0022031,0.012992,0.017135,0.05549135059118271,0.0006296166684478,0.0173528101295232
A0JLY1_Q9DAM2,0.0021768,0.012994,0.016046,0.029090741649270058,0.0049288137815892,0.001819878234528
P06344_Q9CXW2,0.0021905,0.10659,0.13133,0.03168746083974838,0.0002719297190196,0.0608338117599487
P98084_Q6PHU5,0.002185,0.012955,0.016266,0.037282612174749374,0.0006002351292409,0.0034591257572174
Q5BN45_P62843,0.0022301,0.014901,0.016114,0.01483555044978857,0.0028243539854884,0.0057099610567092
Q14C51_P53762,0.0022518,0.013558,0.016029,0.36906495690345764,0.0010631927289068,0.0504487045109272
P20917_P10417,0.0022479,0.012938,0.016379,0.023441031575202942,0.001360050169751,0.0006909235962666
Q9CQR2_Q9D6K5,0.0021972,0.012967,0.015883,0.23900872468948364,0.0002108148910338,0.0006843000883236
P50580_Q9EPU5,0.0021983,0.012946,0.015929,0.04272742196917534,0.0004383860505186,0.0006914779660291
O88447_Q9EPL2,0.0022265,0.014739,0.016244,0.2382201999425888,0.0004261517897248,0.0293583907186985
Q9WTV6_Q9CQZ6,0.0022518,0.012933,0.015957,0.012285877950489521,0.0002434058988001,0.0004170896718278
Q9CQ20_P29341,0.0021711,0.012947,0.015937,0.010685850866138935,0.0011370902648195,0.2038247138261795
Q3TCJ1_Q9EPU5,0.0043514,0.012989,0.016113,0.048926472663879395,0.0005905322614125,0.560060441493988
Q8CCI5_P01810,0.0021824,0.012999,0.01596,0.15123571455478668,0.000785825017374,0.0257155392318964
Q9CSN1_P23780,0.0021969,0.013005,0.015892,0.3598118722438812,0.0003455092082731,0.1062556356191635
Q7TMM9_Q9JIF7,0.0021772,0.013222,0.020339,0.29768070578575134,0.02471942640841,0.0001508220302639
Q920D3_Q8BLC3,0.0022199,0.013171,0.015962,0.017009083181619644,0.0002913383941631,0.0002661528706084
Q3TCJ1_P62878,0.0021818,0.013066,0.015884,0.22982507944107056,0.0013858593301847,0.0031759929843246
Q8K3K8_O08603,0.0022343,0.013142,0.016124,0.011469725519418716,0.0106968507170677,0.0004005734808743
P06344_P60904,0.0021989,0.013169,0.01604,0.06846581399440765,0.0032065119594335,0.0079888636246323
Q9QWH1_P97461,0.0021833,0.012956,0.015888,0.075844407081604,0.0013101077638566,0.0001870234991656
Q9JKD8_Q8VEK3,0.002959,0.013043,0.020374,0.1952025294303894,0.0078392010182142,0.0207966268062591
P62743_Q9DAK2,0.0021806,0.01295,0.016596,0.13987405598163605,0.0084592988714575,0.0424078106880188
O35235_P23812,0.0021897,0.013215,0.016388,0.20831987261772156,0.0004427081439644,0.0002977823896799
Q9WTM5_Q9DAM2,0.0022095,0.012945,0.015892,0.04439660906791687,0.0003181927022524,0.0086161633953452
Q62424_P47962,0.0021794,0.01295,0.015902,0.12040288746356964,0.000375621166313,0.0005238433368504
P70280_Q9Z0W1,0.0022007,0.013153,0.016603,0.012322373688220978,0.0005491925403475,0.0398776046931743
O08543_Q6PHU5,0.0023896,0.028496,0.043443,0.19735956192016602,0.0030056957621127,0.0002379084617132
P63101_P15702,0.0021878,0.016169,0.017364,0.16667670011520386,0.0024360199458897,0.0078150751069188
Q9D7W5_P47757,0.0022342,0.012934,0.01592,0.011724311858415604,0.0014312296407297,0.0004366252105683
P08505_P15307,0.0021919,0.012945,0.016018,0.027392860502004623,0.0005789147107861,0.0047163181006908
Q60925_Q6QLQ4,0.0021991,0.012987,0.016176,0.11265504360198975,0.0002565185423009,0.3667211830615997
Q8CFI0_P70338,0.0025927,0.012971,0.016332,0.1477142721414566,0.0043903309851884,0.0001574910711497
P10126_P27467,0.0022072,0.012934,0.015883,0.24761535227298737,0.0002066591841867,0.0027106534689664
Q60692_A0NA69,0.0022828,0.019787,0.017596,0.09759415686130524,0.0004217547539155,0.0003560160112101
P97378_P47713,0.0022343,0.012971,0.016479,0.07857995480298996,0.0005273127462714,0.0007762500899843
Q8HWB0_Q9CQJ2,0.002184,0.012956,0.015868,0.047902800142765045,0.0002901345724239,0.0011150949867442
Q61324_P49817,0.0021803,0.012937,0.015931,0.06074133142828941,0.000317213794915,0.0159737020730972
Q923E4_P42669,0.0021787,0.012933,0.015917,0.329044908285141,0.9971843361854552,0.0018085272749885
O88509_P97287,0.0021887,0.012951,0.015985,0.38172513246536255,0.0003336115914862,0.4559215307235718
Q8BYM5_Q9CSN1,0.0022848,0.013017,0.015948,0.4508305788040161,0.0004807628574781,0.0032896255142986
Q61771_P59114,0.0025542,0.013152,0.016033,0.04235697537660599,0.0022013350389897,0.0279167797416448
Q8VDU0_Q9DC37,0.0021857,0.038059,0.01674,0.03740314394235611,0.0005006070714443,0.0784533023834228
Q5NCF2_Q8C437,0.0021936,0.0131,0.015927,0.2565055191516876,0.0020115210209041,0.0001509037392679
P35802_Q920D3,0.0023171,0.012942,0.016031,0.013324997387826443,0.0003599608317017,0.0003978594322688
P0CG50_Q99LI8,0.0022162,0.013045,0.016325,0.11744552850723267,0.2679916620254516,0.0115602957084774
Q9WU39_P36898,0.029988,0.01338,0.057196,0.40356433391571045,0.0005588739877566,0.0036565111950039
Q9JIK5_Q99PI8,0.0022018,0.013033,0.015922,0.04226498678326607,0.000640086014755,0.9662689566612244
Q9JJV2_P00397,0.0022019,0.012971,0.015931,0.04631970822811127,0.0002580039435997,0.5234342217445374
Q9CWF6_Q61686,0.0022147,0.013018,0.016004,0.10316922515630722,0.0025623731780797,0.0337776206433773
Q8K245_Q3TNS5,0.0025789,0.012953,0.016332,0.08384466171264648,0.003606689395383,0.0126133747398853
Q9CZX0_Q9D2M8,0.0022011,0.013045,0.015906,0.042966749519109726,0.0003759963146876,0.0003872412780765
Q924H2_Q07763,0.0023266,0.013086,0.015959,0.1620096117258072,0.0005610376829281,0.0001975111226784
P70372_Q62432,0.0021847,0.012936,0.015959,0.22659699618816376,0.1552936732769012,0.0005493006319738
P25206_Q08024,0.0022034,0.012982,0.016023,0.02754891663789749,0.0034147824626415,0.0003946382785215
Q8R2X8_Q8R4A3,0.15577,0.32189,0.016699,0.4615550637245178,0.05001026019454,0.0156074976548552
P70280_P0DN34,0.0023595,0.014624,0.015916,0.05164807662367821,0.0006515007698908,0.0106678344309329
P08551_Q62108,0.21606,0.072311,0.027454,0.4603855609893799,0.9958970546722412,0.0005346862599253
P48787_Q9CWH4,0.0022908,0.012938,0.015953,0.015597919002175331,0.0013129377039149,0.0948839336633682
Q9WTK5_Q8BVZ5,0.0021931,0.013272,0.01682,0.2560676634311676,0.0024895807728171,0.0047770650126039
P68510_B2RSH2,0.0022314,0.015297,0.01624,0.32486405968666077,0.0009792634518817,0.0002031579351751
Q76MZ3_Q9D125,0.0021687,0.013071,0.015888,0.0753604844212532,0.0037936179433017,0.4610560238361358
P47713_P49817,0.0022064,0.012952,0.015955,0.007376725319772959,0.001164544490166,0.9607572555541992
P54841_Q9QZE7,0.0023163,0.012949,0.01593,0.019106553867459297,0.0002981997095048,0.0070594856515526
Q8VCB2_P84228,0.0021807,0.013094,0.09538,0.007865408435463905,0.0003941667964681,0.0495798885822296
Q8CFI0_Q9WU38,0.0022719,0.012929,0.015986,0.11876606941223145,0.0005016520153731,0.0069236066192388
P35343_Q9QUM9,0.0021964,0.012993,0.015934,0.001462031272239983,0.0002277668972965,0.0001213844880112
O70263_Q80Z64,0.0025809,0.013083,0.016995,0.23904480040073395,0.0017897187499329,0.0004486261750571
Q8C031_Q9CXY6,0.0021884,0.012958,0.017008,0.009987562894821167,0.0090110041201114,0.0168877523392438
P70196_P70434,0.002288,0.013051,0.016176,0.0678916871547699,0.0005398340290412,0.0005818479112349
P01592_Q8K479,0.0023248,0.034106,0.068588,0.0742151290178299,0.0067096762359142,0.014532676897943
P62962_P62267,0.0022003,0.012938,0.015957,0.015859294682741165,0.0003338314418215,0.0014450796879827
Q924X6_Q9WVI9,0.0024558,0.013344,0.017238,0.08640856295824051,0.0010296965483576,0.1781981885433197
Q3UYV9_P00397,0.0021729,0.012987,0.015875,0.012096669524908066,0.0002265140501549,0.0113025633618235
Q63943_Q9DBR4,0.0074809,0.012959,0.016053,0.05387501418590546,0.0189045444130897,0.0008525244193151
P16297_P35831,0.20722,0.013117,0.019416,0.008162576705217361,0.0015914720715954,0.1670007854700088
Q8K479_P58801,0.002207,0.013031,0.016057,0.40340131521224976,0.0005259261233732,0.0065922285430133
P62482_P55258,0.0034816,0.015064,0.020336,0.01760089211165905,0.0007124082767404,0.3291518092155456
Q61827_Q60770,0.0021951,0.013042,0.015918,0.016895441338419914,0.0003610545536503,0.7960942387580872
P62751_Q2VPU4,0.0021726,0.013051,0.015964,0.19723433256149292,0.0007552076131105,0.0003446931077633
Q8C6B2_A2A825,0.0022658,0.013104,0.016108,0.024960171431303024,0.1003509238362312,0.0001298602001043
Q3TWN3_Q62073,0.1371,0.013027,0.021643,0.3481193482875824,0.0007013030117377,0.0035393473226577
Q61221_Q9DCJ7,0.0023399,0.013259,0.016098,0.002667286666110158,0.0003187738766428,0.0004659988626372
Q91YD9_Q91VR7,0.0021811,0.013021,0.015914,0.07740329951047897,0.0008300363551825,0.0010441835038363
Q920N1_P62264,0.002228,0.012942,0.015962,0.015183793380856514,0.0004600663960445,0.0005808402202092
P47757_P53566,0.0022038,0.01297,0.015913,0.002153804525732994,0.0005803342210128,0.1734767258167266
Q9EST8_Q920N1,0.0022905,0.013353,0.018999,0.44975903630256653,0.0042020143009722,0.1026948690414428
P62259_Q9ERK7,0.0021909,0.014902,0.016069,0.3098639249801636,0.0009482964524067,0.0108459563925862
Q9DAG4_Q9CQJ2,0.0022121,0.01297,0.015945,0.2933085560798645,0.0259660985320806,0.0837908759713172
P08207_Q8C6E0,0.0021841,0.013,0.015919,0.014811993576586246,0.0249738581478595,0.2902917563915252
Q8BGU5_Q9CQ54,0.002263,0.012921,0.01589,0.04459192976355553,0.000287093775114,0.0005276116426102
P58801_Q8C1B7,0.0022596,0.012984,0.016056,0.1696823090314865,0.0005195679841563,0.0001905157550936
Q62108_Q922F4,0.0022143,0.013151,0.017676,0.28426605463027954,0.0363730899989604,0.9522615075111388
P33242_Q02248,0.0047298,0.01443,0.033509,0.056602101773023605,0.0090450989082455,0.558959424495697
Q9JM63_O70435,0.0021953,0.012944,0.015899,0.04180774465203285,0.0002468755410518,0.0089184865355491
Q61207_Q61501,0.0021766,0.013078,0.016198,0.2774782180786133,0.0006429881323128,0.0002559002896305
P25206_O88602,0.0022502,0.012962,0.015961,0.20788349211215973,0.0002648416848387,0.0002992652007378
P36898_Q91XL9,0.0021917,0.013148,0.024026,0.03558161109685898,0.0013429980026558,0.0165078118443489
Q8C031_Q8BJ56,0.0021955,0.013008,0.016005,0.3868529796600342,0.0011642560129985,0.0002399001823505
P70218_Q3UYI6,0.002434,0.013179,0.019095,0.03305312618613243,0.0008398615173064,0.0050565931014716
O88513_Q9DAM2,0.0022086,0.013002,0.015934,0.06436401605606079,0.0020271847024559,0.0138157242909073
Q9D8C6_A0NA69,0.0022146,0.013353,0.015874,0.15863753855228424,0.0003742905391845,0.0051291398704051
Q62227_Q9DAD0,0.0021876,0.012983,0.016135,0.0026160443667322397,0.0005525323795154,0.0013662218116223
Q80XE1_Q8BHJ5,0.002753,0.014608,0.02494,0.005101991351693869,0.1094954907894134,0.0110537866130471
P04351_Q8R0L9,0.0022156,0.01295,0.015891,0.06851834803819656,0.0003965576470363,0.060097761452198
Q9WTV6_P61982,0.0021776,0.013352,0.015965,0.09073011577129364,0.0006413962109945,0.0006942356121726
Q9WV31_D2D553,0.0022324,0.01294,0.015954,0.14629706740379333,0.0018537421710789,0.0414634570479393
Q9JLC6_P27512,0.0023608,0.013049,0.015913,0.14331409335136414,0.0002622923348098,0.0083678420633077
Q9CZX0_P08113,0.0022464,0.012956,0.015979,0.14103741943836212,0.0067290891893208,0.0017198724672198
Q61626_Q62108,0.0021821,0.01295,0.015978,0.0440712533891201,0.0007419512257911,0.0002728685794863
Q8VI33_Q64364,0.0021921,0.013061,0.017932,0.04355834797024727,0.0004701593425124,0.0005782744265161
P01821_Q9CWF6,0.0023019,0.013119,0.016012,0.05192478746175766,0.0012291126186028,0.000194070249563
O35717_Q9CQ39,0.0021842,0.012949,0.015902,0.102018341422081,0.0003632986627053,0.0004305406764615
P49722_P35456,0.0021948,0.012941,0.015881,0.17714054882526398,0.0002191787789342,0.1105177551507949
Q61160_P41778,0.0021871,0.012938,0.015915,0.33664530515670776,0.9985824823379515,0.0018713163444772
P51943_Q9D9T8,0.0021689,0.012943,0.015951,0.020996909588575363,0.00347680458799,0.0007727078627794
Q9JM76_Q9JIK5,0.0021895,0.012997,0.015908,0.004997720010578632,0.0026100319810211,0.0057490225881338
Q8R4A3_P70375,0.0021873,0.013125,0.016794,0.020429616793990135,0.0004501870134845,0.0148022482171654
B8ZXI1_Q9QUN3,0.0021953,0.013098,0.015924,0.07679415494203568,0.0010623878333717,0.0012704287655651
Q3V0Q6_P00158,0.0021786,0.012957,0.015863,0.014261655509471893,0.0003134332073386,0.0017219933215528
Q9QUQ5_Q14C51,0.002234,0.013365,0.017227,0.06273136287927628,0.0003606589743867,0.0004751859814859
Q60954_P27792,0.0087602,0.01333,0.016236,0.18547587096691132,0.0937244147062301,0.7046270370483398
Q8K479_P35330,0.00242,0.049786,0.054927,0.10968685150146484,0.0159302782267332,0.0013574989279732
O88485_O88513,0.0023912,0.013127,0.016251,0.01620909757912159,0.0100302333012223,0.002503823954612
Q5SSZ7_Q5BN45,0.0022369,0.012996,0.016005,0.29326745867729187,0.0003263875260017,0.0053461180068552
O88513_P47753,0.0021799,0.01293,0.015907,0.1043439581990242,0.0004091052687726,0.0002135134418494
Q04735_P08551,0.0050897,0.014576,0.016446,0.010497117415070534,0.0272917449474334,0.002659942023456
Q61686_E9Q9W7,0.0021891,0.01296,0.018718,0.38153886795043945,0.0033744676038622,0.0009630545391701
O09108_P07351,0.002269,0.31276,0.092913,0.016993705183267593,0.00161797425244,0.0100504048168659
P02088_P23198,0.0022506,0.013893,0.016313,0.4133755564689636,0.0010822647018358,0.000169044607901
Q3UIU2_O08795,0.0022958,0.012942,0.01598,0.29849356412887573,0.0009126294171437,0.0002745240053627
Q148A4_Q80V24,0.0749,0.013075,0.016163,0.13526925444602966,0.0158368498086929,0.0009678219212219
Q8BHN3_P15261,0.0022046,0.013377,0.01986,0.12948651611804962,0.004979835357517,0.0003081244358327
Q9D8T2_P62806,0.0021884,0.012955,0.016071,0.03772549703717232,0.0005259133176878,0.0017101191915571
Q60803_Q9CQP8,0.0022759,0.013021,0.015938,0.009096304886043072,0.0061817187815904,0.0016180974198505
O09106_P28574,0.0022034,0.013344,0.015927,0.07001802325248718,0.0003741981636267,0.1509010195732116
P25118_P50540,0.0022188,0.013042,0.015969,0.12137092649936676,0.0007696639513596,0.0004131857131142
Q8C1Z7_P01592,0.002195,0.013668,0.015925,0.08229544013738632,0.0045704855583608,0.0029364188667386
P41105_Q9Z2U0,0.0021813,0.012928,0.015911,0.027095511555671692,0.0002337833575438,0.0045514232479035
O89100_Q9R0P9,0.0021909,0.012965,0.016047,0.3012188673019409,0.0008410147274844,0.0055674538016319
Q7TMF3_P15702,0.0022142,0.012935,0.015925,0.020830411463975906,0.0005122891743667,0.0794751122593879
P09631_Q04863,0.015273,0.013208,0.01626,0.40588024258613586,0.7090779542922974,0.0298309251666069
P28652_O70435,0.0021822,0.013003,0.015919,0.06728839874267578,0.0002996186376549,0.0011796413455158
Q9CWR8_O35226,0.0022204,0.012974,0.017042,0.008146537467837334,0.0003316749061923,0.0003365120501257
Q5F201_Q8VE22,0.0021987,0.012963,0.015937,0.1367521584033966,0.0004907677648589,0.0099954912438988
P62267_Q9EP73,0.0021886,0.01296,0.015876,0.6174764633178711,0.000326398119796,0.0157310254871845
Q91XV3_P22725,0.0021759,0.012986,0.015905,0.17388562858104706,0.0004383928899187,0.0004627107118722
O55033_P46460,0.0021977,0.013009,0.015963,0.18043094873428345,0.0012022829614579,0.0264906641095876
O08795_Q2WF71,0.0022899,0.014511,0.030101,0.09059659391641617,0.989965558052063,0.001991098280996
P58283_Q8VEA4,0.002174,0.012981,0.015932,0.003969901241362095,0.0445229783654212,0.1691495478153228
P28652_P70375,0.0024151,0.013167,0.015943,0.046672917902469635,0.0010478077456355,0.92175030708313
Q8VDS3_Q03358,0.0022375,0.013008,0.016083,0.20748667418956757,0.0009885050822049,0.0015449345810338
P0DP26_Q9D9D9,0.0051036,0.013076,0.020636,0.07982049882411957,0.2423287779092788,0.0003832998336292
P63328_Q8R4A3,0.0036235,0.013049,0.017232,0.04720054939389229,0.0054154484532773,0.0004574338672682
Q61234_P14869,0.0021722,0.01295,0.01591,0.1764526069164276,0.0002325983368791,0.0009005972533486
P43404_P01738,0.0023451,0.014381,0.016306,0.051925841718912125,0.9152942895889282,0.373838871717453
Q7TSN7_Q60772,0.0022077,0.013063,0.017693,0.1498950719833374,0.0025840939488261,0.5034731030464172
Q9DBL9_P83940,0.0022118,0.012971,0.015921,0.11168397217988968,0.0041570216417312,0.3276794552803039
Q8VE22_P46935,0.002189,0.012922,0.015975,0.00692711491137743,0.0006082628387957,0.0003033034445252
P39689_P00757,0.0021957,0.013062,0.016066,0.010884719900786877,0.0002383398241363,0.0002105539606418
P04919_P62242,0.002179,0.012917,0.015899,0.1471172571182251,0.0007341424934566,0.0009143353090621
Q9DAK2_P00757,0.0021981,0.01304,0.016105,0.014674785546958447,0.0003844320890493,0.0043004802428185
P31041_Q60631,0.0022764,0.012998,0.015939,0.03252361714839935,0.0015279714716598,0.002546691102907
P06537_Q9JIF7,0.0037151,0.013376,0.016983,0.003475562669336796,0.0080257197842001,0.0002046305598923
P70340_Q9D9V4,0.0021861,0.012928,0.015894,0.11379560828208923,0.0065063927322626,0.0310017745941877
Q8C437_Q8K2F0,0.002193,0.013147,0.016377,0.042347684502601624,0.0018276602495461,0.3281309902667999
P35922_O55234,0.0021849,0.012951,0.015986,0.42142677307128906,0.0003015196416527,0.0024554724805057
P09542_Q8BG40,0.0021806,0.013215,0.016,0.07944252341985703,0.0232557784765958,0.531896710395813
Q6P6J0_P25322,0.0021722,0.012943,0.015944,0.005927586928009987,0.0002689363027457,0.0029189067427068
Q8R1I1_P47708,0.0022062,0.012945,0.015881,0.014116678386926651,0.0005218407022766,0.0070517244748771
P58064_Q9R109,0.002197,0.012928,0.016014,0.03726767376065254,0.0017427937127649,0.0002009696763707
P10749_Q80ZS3,0.0022174,0.012929,0.015958,0.3440762460231781,0.0002566959301475,0.0003399036359041
P09632_Q60954,0.035137,0.018241,0.016882,0.009440828114748001,0.9985798597335817,0.0025817390996962
P01679_Q9DB40,0.0021692,0.013001,0.015882,0.025410121306777,0.0005470606847666,0.0019922726787626
O88351_P25118,0.0022079,0.012976,0.016016,0.12312890589237213,0.0014872369356453,0.0009103947086259
P23611_O54828,0.0024394,0.012943,0.016173,0.007677537854760885,0.0004600582760758,0.0437172539532184
Q8R464_P06339,0.0050637,0.46786,0.1111,0.003579722484573722,0.9980241060256958,0.2820748090744018
Q9D8T2_P00397,0.0021675,0.012944,0.015881,0.03776662051677704,0.0002619444567244,0.0001596492511453
Q9Z2X8_P70452,0.0022307,0.012983,0.015928,0.019422413781285286,0.0003794305084738,0.0061109019443392
P31938_Q9R1P1,0.0021947,0.012955,0.015951,0.0312974713742733,0.0002123407903127,0.0016116934129968
P28078_P01738,0.023254,0.74439,0.23981,0.15753455460071564,0.9939879179000854,0.0003474857367109
P01749_Q6X6Z7,0.0022172,0.01362,0.015905,0.06497667729854584,0.0050993124023079,0.0007132581667974
Q99P58_P01864,0.0021878,0.017796,0.016909,0.02241729013621807,0.0004316854174248,0.0019962026271969
P01575_P23611,0.0021798,0.012922,0.015909,0.004560218192636967,0.0005105345044285,0.0174336284399032
O35526_P01590,0.0022008,0.013042,0.015959,0.3431735336780548,0.0007754298276267,0.1067559123039245
Q8R4A3_P10300,0.0022073,0.013031,0.016464,0.013957095332443714,0.0009030608343891,0.0718620270490646
Q9DAJ2_P70218,0.002357,0.013318,0.015959,0.33914539217948914,0.0038720401935279,0.0077670933678746
Q9R109_P03966,0.0021835,0.012976,0.016094,0.05854203552007675,0.0026673260144889,0.0002200710587203
P63005_Q60876,0.0021975,0.012988,0.015929,0.0009404532029293478,0.0015480313450098,0.0005183489411137
Q9DCA2_Q64281,0.0022089,0.041498,0.016801,0.010550174862146378,0.0002608443901408,0.0077029033564031
Q8R464_Q9DC71,0.0022136,0.73245,0.19044,0.0599064826965332,0.00103023822885,0.1492810249328613
Q03358_Q8R4A3,0.0030098,0.013151,0.01648,0.3097866475582123,0.0111253168433904,0.0253658350557088
P22091_Q9JHS3,0.0021893,0.013023,0.016029,0.40283364057540894,0.000566387490835,0.0289600845426321
Q9D3X8_A0A087WRI3,0.0021941,0.012932,0.032402,0.005046043545007706,0.0081583661958575,0.9799529314041138
P12023_Q9CZ82,0.002193,0.012928,0.015928,0.19957146048545837,0.000251905323239,0.0006923819310031
P56393_Q9CQE3,0.0022908,0.013226,0.016003,0.15783828496932983,0.001020212075673,0.0256408173590898
Q9D0M3_P60879,0.0022542,0.012934,0.015904,0.04098626226186752,0.0006843715673312,0.000390304805478
P42225_P47963,0.0021766,0.012941,0.015958,0.025522900745272636,0.0008799183997325,0.0008120431448332
Q80U63_Q8VCB2,0.002217,0.012981,0.016114,0.1202145516872406,0.0003098743036389,0.0004356474091764
Q62296_O54786,0.002315,0.012965,0.01594,0.04292396083474159,0.0007206577574834,0.0004614178324118
P08551_P49615,0.0028513,0.017002,0.016321,0.05955996364355087,0.0090310564264655,0.0055567058734595
Q9EPC1_Q62158,0.0021964,0.013008,0.016038,0.07441411912441254,0.0007546257111243,0.0022414331324398
P41136_Q62083,0.0023004,0.013007,0.015999,0.035378504544496536,0.0011433657491579,0.0019533722661435
Q03526_P35396,0.0023165,0.014548,0.025893,0.10828341543674469,0.0071847280487418,0.01113545242697
O88746_P20334,0.0021817,0.012996,0.015873,0.09797658026218414,0.0006380228442139,0.0746398940682411
O88621_Q8VEA4,0.0021874,0.012954,0.016002,0.08048105239868164,0.0093967486172914,0.0011402749223634
Q60692_Q9D1J1,0.0022663,0.01303,0.016015,0.09452877193689346,0.0002360549988225,0.0004062677908223
Q80XZ4_Q9CQC7,0.0022647,0.012958,0.015884,0.2578173577785492,0.0022476653102785,0.006893828511238
Q60809_P06240,0.0022076,0.013167,0.016988,0.34350457787513733,0.0026659553404897,0.0288284700363874
Q60598_P62858,0.0021802,0.012984,0.015916,0.07594075053930283,0.0003628896665759,0.0070759295485913
P20334_Q9CQD0,0.002222,0.012974,0.015858,0.2134254276752472,0.0004232749924995,0.0188279766589403
Q8C031_Q9D9B8,0.0023496,0.05851,0.02375,0.0644335150718689,0.9239799380302428,0.0005712283309549
Q91XV3_Q62231,0.0021767,0.013109,0.015893,0.17631442844867706,0.0048412196338176,0.1243046671152114
Q7TQF7_P35922,0.0022782,0.012954,0.016017,0.40564167499542236,0.0018417210085317,0.0287530440837144
O35226_Q9QZ88,0.0021793,0.012985,0.01591,0.00814451090991497,0.0032686421182006,0.0029841738287359
Q64237_Q9JHJ3,0.0041047,0.23189,0.093471,0.11889916658401489,0.0027230265550315,0.0464836694300174
Q8R2X8_P15535,0.0022238,0.012959,0.015953,0.126447856426239,0.0048817186616361,0.0516297258436679
Q60629_Q9JLQ2,0.0022036,0.013067,0.017375,0.06178831309080124,0.0005107847391627,0.0017245091730728
P70372_P38533,0.0022774,0.013021,0.016027,0.3594870865345001,0.9984908103942872,0.0014200276928022
Q9D9I1_P35991,0.0021828,0.012966,0.016005,0.18298478424549103,0.0284912567585706,0.0005646036588586
Q5R1C2_E9Q9F6,0.0024186,0.019134,0.054784,0.11593246459960938,0.0495983622968196,0.0019266796298325
P58252_Q9QUQ5,0.0021817,0.013004,0.01602,0.002520075300708413,0.0003317960363347,0.0011722435010597
Q8VDS3_P47911,0.0021895,0.012959,0.015976,0.02192777581512928,0.0004897385369986,0.0008728518732823
P51943_P97377,0.0022685,0.013015,0.025277,0.13507463037967682,0.0499663427472114,0.0003463739412836
Q9JJN6_P01942,0.0022346,0.013029,0.016071,0.2824740409851074,0.0050235586240887,0.000927947985474
P0DP43_Q60772,0.002185,0.012998,0.016891,0.16470615565776825,0.0017105978913605,0.0051554637029767
G0YP42_P19123,0.0022112,0.013713,0.016037,0.3315680921077728,0.0006249432917684,0.0343829803168773
P48787_P01101,0.002725,0.016164,0.015948,0.036757003515958786,0.0015972978435456,0.0078137181699275
P00757_Q9Z2W8,0.0026517,0.018756,0.021266,0.5018354058265686,0.0595098063349723,0.0015796745428815
D2YW38_Q03157,0.0021735,0.013392,0.016313,0.013209582306444645,0.0053403014317154,0.1730588227510452
Q9DAJ2_Q8CIB5,0.002252,0.01302,0.015911,0.6572185754776001,0.0011187711497768,0.1530320346355438
P25799_Q61584,0.0052129,0.013058,0.017313,0.047964196652173996,0.0018704375252127,0.3871204853057861
P62983_Q9DAJ2,0.0022045,0.012981,0.015908,0.058372803032398224,0.0002785871038213,0.0022837666328996
P62754_Q9D7X3,0.0021993,0.012941,0.015898,0.2049809843301773,0.0005006729043088,0.0006980137550272
P0DP43_P30658,0.0021898,0.012965,0.016119,0.02684248797595501,0.0016533532179892,0.0002251525584142
Q8BGD7_Q8CDI2,0.057826,0.013062,0.020544,0.4794705808162689,0.0003734308993443,0.0856629014015197
Q9DC71_P62702,0.0022276,0.013112,0.016186,0.18990375101566315,0.0011540843406692,0.1325078457593917
P61965_A0A0M3KL49,0.0024049,0.017239,0.016065,0.08062446862459183,0.0008565195021219,0.0006603766814805
Q9JIL4_P01898,0.0021961,0.012968,0.01619,0.19030147790908813,0.0011879700468853,0.0116782505065202
O35963_P01843,0.0021969,0.028539,0.016893,0.07464679330587387,0.0003029913059435,0.0005704590003006
P70217_Q02242,0.002487,0.013227,0.01609,0.003999428823590279,0.0007282162550836,0.1937418431043625
Q8CBW3_Q7TSN7,0.0022527,0.013042,0.015902,0.011356080882251263,0.0003932322142645,0.0072355172596871
Q99LX0_Q03347,0.0021762,0.012968,0.015884,0.005704046227037907,0.0010698619298636,0.9155006408691406
Q9D9I1_O08675,0.0022502,0.012976,0.01597,0.021356280893087387,0.0002792159793898,0.3700487017631531
P51150_O88895,0.0023792,0.014828,0.016001,0.08900997042655945,0.0002747489488683,0.0026309646200388
P14148_P09055,0.0022005,0.012943,0.015899,0.09185100346803665,0.0002529725024942,0.0002022709668381
Q6P6J0_Q9DAS2,0.0021914,0.01295,0.015883,0.002307906746864319,0.0010054311715066,0.0004592106270138
Q9D9D9_O88447,0.0024818,0.01346,0.015949,0.04115251451730728,0.0405582152307033,0.001991300843656
Q8VCD5_Q8BVZ1,0.0022271,0.012946,0.016106,0.006442740559577942,0.0014449992449954,0.0008745943778194
Q9JIY5_Q9D0B8,0.0021826,0.012945,0.015915,0.0502462200820446,0.0003763182903639,0.0003613911685533
Q9CPX6_Q9CQY1,0.002216,0.012928,0.015954,0.004725351929664612,0.0009039341821335,0.0016690650954842
Q99K74_P01887,0.0021666,0.01497,0.0159,0.17788730561733246,0.0004322009044699,0.0011718743480741
Q61771_Q6PGF3,0.0023901,0.015396,0.016925,0.15021590888500214,0.0067902631126344,0.0005875676870346
O35235_P09405,0.0021731,0.012991,0.015941,0.443166583776474,0.0002368054410908,0.0048564816825091
Q9QZ88_Q9D415,0.0021701,0.012957,0.015915,0.0225280299782753,0.0029820532072335,0.0082793934270739
Q99MH5_P62082,0.0021763,0.012915,0.015895,0.028410522267222404,0.0003071184910368,0.0022225978318601
Q63739_P84244,0.0021877,0.012965,0.015964,0.15762023627758026,0.0002870201424229,0.0056500732898712
P22366_Q62406,0.002197,0.012958,0.0161,0.11490483582019806,0.9990224838256836,0.1238923147320747
P62874_Q9EQH3,0.0022736,0.01422,0.016007,0.2251305878162384,0.0259553547948598,0.1395841538906097
P04925_Q60631,0.0021974,0.012973,0.016057,0.03044774755835533,0.0003045160265173,0.9207666516304016
Q8BGU5_P63276,0.002203,0.012917,0.015915,0.07767543941736221,0.0002501662238501,0.0126420203596353
Q5BN45_Q60765,0.0022694,0.012956,0.015956,0.027788536623120308,0.0006933427066542,0.0093338843435049
P70326_Q8JZM0,0.0021852,0.012975,0.015945,0.14986427128314972,0.0189813915640115,0.0028879339806735
Q9CPR8_P23812,0.0021981,0.012974,0.01605,0.48638156056404114,0.0093052154406905,0.0010469909757375
Q8R409_P42866,0.0028447,0.013086,0.018408,0.014655204489827156,0.0002920737315434,0.0023957206867635
P01878_Q8HWB0,0.042288,0.65463,0.19489,0.02908421866595745,0.9988453388214112,0.1755553483963012
Q8VEG6_P60879,0.0021929,0.012934,0.015919,0.2902469336986542,0.001701746834442,0.2710848748683929
P29752_P08152,0.0021922,0.013009,0.015864,0.0033840532414615154,0.0024187739472836,0.0003741795953828
P09021_Q60954,0.48325,0.013201,0.017002,0.011377927847206593,0.9987614154815674,0.0005718637839891
Q9ER88_O35718,0.0021781,0.012956,0.015926,0.009381570853292942,0.0008004706469364,0.9275455474853516
Q5SW45_P46938,0.0022375,0.012938,0.015965,0.02055797539651394,0.0018134018173441,0.0056872819550335
P62317_Q9Z2D6,0.0021735,0.01297,0.015915,0.010295246727764606,0.0003557062300387,0.0004683526349253
P08505_Q03358,0.0022036,0.012991,0.015948,0.296398401260376,0.0006538610323332,0.0050220005214214
P29752_P23804,0.0021992,0.01296,0.015893,0.10344264656305313,0.0010940878419205,0.003956276923418
P68372_Q8BYM7,0.0021777,0.013098,0.01594,0.17213380336761475,0.0131028704345226,0.0011973252985626
P50538_P18532,0.0021908,0.16333,0.015984,0.0022905280347913504,0.0005832826718688,0.0100411381572484
P31041_Q8R4G0,0.0034232,0.019072,0.050396,0.04211168736219406,0.0037514267023652,0.0032203637529164
P09450_Q80XZ4,0.0026272,0.013098,0.016037,0.2455739825963974,0.0006954673444852,0.0008896993240341
O09108_Q9CY16,0.0022589,0.29213,0.30576,0.44366928935050964,0.0002484820433892,0.0030549224466085
Q99MJ6_O35963,0.0032033,0.013081,0.016952,0.053437065333127975,0.9986722469329834,0.0006387478206306
Q80UF7_Q9WUN2,0.0023181,0.013027,0.016831,0.33667343854904175,0.0087635740637779,0.0018372228369116
Q5EE38_Q07813,0.002175,0.012928,0.016004,0.11998251080513,0.0003532019909471,0.0006741143297404
Q8CF89_Q04735,0.0023968,0.013047,0.01693,0.03630402684211731,0.5220808386802673,0.0004228662874083
P04919_P97454,0.002222,0.012938,0.016031,0.03801380470395088,0.0025328346528112,0.0404652431607246
P70343_P62192,0.0022048,0.012985,0.016122,0.21454115211963654,0.0106775416061282,0.0280987508594989
Q9EPW9_Q6SP97,0.0021851,0.012948,0.015916,0.06088411062955856,0.0004831487603951,0.0023001965600997
P61080_Q07763,0.0021745,0.013123,0.015913,0.25503090023994446,0.0004709691565949,0.0039626955986022
Q8VIG3_P08103,0.0021835,0.013026,0.018708,0.12952850759029388,0.0085780937224626,0.0845773667097091
O35864_O55033,0.0021784,0.012957,0.015908,0.018225422129034996,0.0006172809517011,0.677040159702301
Q9D5V5_Q8BJ56,0.002168,0.012935,0.015915,0.255329966545105,0.0002531609497964,0.0008904999122023
P09023_Q6ZQ88,0.0026655,0.013109,0.015968,0.41497358679771423,0.0017298308666795,0.0011286049848422
Q9WU78_P63005,0.0022285,0.01328,0.01599,0.23059968650341034,0.0006989657413214,0.0004256850515957
Q8VIG3_Q9R190,0.0022668,0.012927,0.015969,0.0412227027118206,0.001448371913284,0.0005011377506889
P01101_Q60636,0.35955,0.013056,0.016778,0.2936377227306366,0.0014947183663025,0.1507213562726974
Q8VCF0_P26049,0.0022129,0.013005,0.0164,0.04227219521999359,0.0016465361695736,0.0066801854409277
O70343_P70338,0.010425,0.013059,0.018306,0.01987609826028347,0.032035544514656,0.0025704279541969
Q61249_P35456,0.0021802,0.012923,0.01595,0.06070395186543465,0.000296081561828,0.0124817984178662
Q9D7N3_Q9CQ91,0.0026272,0.013382,0.018537,0.006642714608460665,0.0023266032803803,0.6317312121391296
Q61234_Q9D2N4,0.0022612,0.013054,0.01608,0.20980945229530334,0.0039833597838878,0.1238342896103859
Q8R4E9_Q59J78,0.0022033,0.012935,0.015957,0.019784437492489815,0.0021306916605681,0.0013214306673035
P01823_P40226,0.0021884,0.013449,0.040405,0.3744266927242279,0.027549335733056,0.8023973107337952
Q64281_P15702,0.0025109,0.04173,0.058655,0.12141047418117523,0.9927583932876588,0.0032616634853184
Q62191_Q8VCW4,0.0021895,0.013119,0.01619,0.03021981194615364,0.000454646651633,0.8567274808883667
P01851_Q9R207,0.0022069,0.01324,0.015932,0.0015136299189180136,0.0002785825927276,0.0011420138180255
O70343_Q9D4K5,0.0022477,0.013022,0.016059,0.13131994009017944,0.0069220750592648,0.0284908879548311
P70372_O70439,0.0021903,0.012983,0.015919,0.07710684090852737,0.0004335320554673,0.0024855965748429
Q5SW45_P05532,0.0021917,0.012961,0.016005,0.05831097811460495,0.0009462359594181,0.002449688501656
Q9EPL2_P70338,0.0022377,0.013027,0.016316,0.0961468294262886,0.001491380855441,0.8628832697868347
Q99LT0_P47708,0.002182,0.012992,0.01602,0.06652243435382843,0.0287669207900762,0.0006174518493935
P00397_Q3HNM7,0.0021849,0.013183,0.015887,0.16627797484397888,0.001076788874343,0.0003123896894976
P68368_Q8BGW0,0.0021707,0.012993,0.015966,0.04682130739092827,0.0197886377573013,0.690467357635498
Q9QYS2_Q80UL9,0.003403,0.033318,0.034745,0.08669289201498032,0.9986465573310852,0.0452153533697128
Q63739_P62743,0.0021824,0.012969,0.016345,0.25425899028778076,0.0030444520525634,0.0006324448622763
P01648_I6L958,0.70045,0.7407,0.16918,0.007088721729815006,0.0025559924542903,0.0038685770705342
P49615_Q02067,0.0024776,0.013081,0.016764,0.10703717917203903,0.0033593438565731,0.0002907387679442
P01878_Q9CR61,0.0021903,0.013072,0.018444,0.10144048929214478,0.0014051053440198,0.000922555453144
Q60954_P10889,0.0022024,0.013156,0.015947,0.130703866481781,0.000365150248399,0.5915675163269043
P68510_Q9Z2W8,0.0021992,0.01483,0.015934,0.0032518531661480665,0.0006952284602448,0.0002193495893152
P42866_P46938,0.0022733,0.013209,0.016018,0.42138659954071045,0.000628576381132,0.0004293807432986
Q9CXW2_Q80ZV0,0.0021764,0.01298,0.016036,0.02744525671005249,0.001081752940081,0.0012364296708256
P01823_Q922F4,0.0025212,0.014332,0.015943,0.042932458221912384,0.0026904689148068,0.0009127650992013
P20109_Q9Z0G0,0.0022146,0.012962,0.015917,0.10853366553783417,0.0002975996176246,0.0002576153492555
A2ARP9_Q5SSL4,0.0021919,0.012948,0.015975,0.25166013836860657,0.0011756545864045,0.0010690260678529
P18469_Q7TMM9,0.0021827,0.014074,0.015893,0.026295576244592667,0.0004509717400651,0.8578868508338928
P26450_A0A0M3KL48,0.0021887,0.014025,0.016033,0.08179112523794174,0.0007366805220954,0.0016836317954584
Q9EPU5_Q920N1,0.0022854,0.01377,0.017698,0.7761402726173401,0.0006054735276848,0.0010326008778065
P61089_Q9D2M8,0.0022106,0.54925,0.14113,0.02069985307753086,0.997194528579712,0.0138810509815812
Q8VCB2_O88566,0.0024026,0.013163,0.016168,0.4711754620075226,0.0019616791978478,0.1744043678045272
Q9DAG4_Q8VI33,0.0021977,0.012936,0.01595,0.21735982596874237,0.0024943349417299,0.4582353234291076
Q6PGF3_Q9D131,0.0024585,0.012951,0.016088,0.06739897280931473,0.0016145156696438,0.0149200651794672
Q99N87_Q91Y86,0.0021872,0.01318,0.016354,0.032640859484672546,0.0002415764320176,0.013980227522552
Q9D2N4_Q64281,0.0024259,0.012988,0.015911,0.07373958826065063,0.0005362809752114,0.6222800612449646
Q9CQT6_Q8R2X8,0.0023236,0.012953,0.01617,0.0012864003656432033,0.0113885095342993,0.013550161384046
Q62108_Q9R111,0.0021755,0.012967,0.015901,0.05190644413232803,0.0019020504551008,0.0050027566030621
Q6X6Z7_Q62192,0.0021801,0.012947,0.015898,0.18109403550624847,0.0003779384715016,0.6226568222045898
P11440_Q61457,0.0021885,0.012979,0.017617,0.4252910912036896,0.3283910453319549,0.0007526754634454
Q9CY16_P50396,0.0022006,0.012977,0.015904,0.005625867284834385,0.000299124571029,0.0002285587834194
P23812_P58252,0.002196,0.012986,0.01598,0.4710688292980194,0.0002686351945158,0.0024453774094581
Q64339_A0A2R8VHF7,0.0021703,0.013108,0.015884,0.1444234848022461,0.0009768742602318,0.0771499052643776
Q9DAU1_O08543,0.00224,0.5054,0.33731,0.04570643603801727,0.0120306108146905,0.0020591572392731
P01872_Q6IMH0,0.0021641,0.012991,0.015884,0.3875091075897217,0.015549917705357,0.0171964988112449
Q60749_A0A087WRI3,0.0022181,0.012933,0.016011,0.05370895937085152,0.0056234002113342,0.0451983250677585
Q62158_P36898,0.0021947,0.013139,0.016108,0.245864599943161,0.000336230645189,0.2117580771446228
Q63739_P33896,0.0021973,0.012952,0.016162,0.24007734656333923,0.0004408631357364,0.9643040299415588
Q99K74_Q99K90,0.0029952,0.013195,0.015983,0.340611070394516,0.0010553352767601,0.0013507901458069
P61092_O88746,0.002199,0.013143,0.015924,0.043351005762815475,0.0003020248841494,0.0002180213778046
Q60778_Q61179,0.011818,0.013112,0.018957,0.05763101950287819,0.0145596619695425,0.0006446586921811
P23804_Q3UGQ1,0.0022008,0.012972,0.01644,0.06834231317043304,0.0006363658467307,0.0008180715376511
Q69Z66_P28063,0.002178,0.012945,0.015896,0.32305458188056946,0.000237457032199,0.0093852551653981
Q8R4I7_P54763,0.00276,0.014243,0.046721,0.0395650640130043,0.997897744178772,0.0023407803382724
Q9DCJ7_Q9DBL9,0.0021951,0.013806,0.020985,0.009971563704311848,0.0003658258647192,0.000786006625276
Q9CQT6_Q9DC70,0.0022174,0.013134,0.024786,0.07766945660114288,0.0004150327877141,0.0014869018923491
O54918_P97287,0.0022045,0.013188,0.016627,0.04507026448845863,0.002311531919986,0.1487373560667038
P61967_Q8BHJ5,0.002317,0.013748,0.015932,0.016083138063549995,0.0217363461852073,0.0004204383003525
P70175_Q62108,0.052652,0.013822,0.09434,0.03961958736181259,0.0249190367758274,0.000427377584856
P29351_Q64281,0.0021823,0.013151,0.016085,0.011642279103398323,0.00193286978174,0.2230937778949737
Q9CXW2_P23198,0.0021877,0.012969,0.015988,0.2187959998846054,0.0015365779399871,0.0078069781884551
P09405_Q8HWE5,0.0021752,0.012965,0.01596,0.10489058494567871,0.0003002133453264,0.010095365345478
P60710_Q9JJV2,0.33619,0.042406,0.6652,0.005617596209049225,0.9981086254119872,0.9500402212142944
Q61881_C0HKE3,0.0022249,0.013004,0.017024,0.08729035407304764,0.0003804504522122,0.0003703244728967
P28652_Q9JM73,0.0031759,0.013055,0.019861,0.0069383494555950165,0.0031977803446352,0.0014247217914089
P51141_O88890,0.0021843,0.013011,0.017295,0.017217688262462616,0.0053459196351468,0.0131095889955759
Q01887_O35618,0.0022057,0.013034,0.01692,0.023333484306931496,0.0008384074899367,0.0003831312642432
P27782_P01679,0.0021897,0.14401,0.016586,0.3065933585166931,0.0011466525029391,0.0090768281370401
Q9DC40_Q8K245,0.0096936,0.01316,0.016522,0.08784019201993942,0.0065272534266114,0.0002206631470471
P09055_Q9Z138,0.018485,0.014445,0.14663,0.08079265803098679,0.0083063542842864,0.0436325371265411
P27782_Q03157,0.0022224,0.013123,0.015938,0.33280041813850403,0.0005935364169999,0.2386012375354766
Q9R111_P58059,0.0021952,0.012925,0.015889,0.04608616232872009,0.0002281635825056,0.0135203897953033
P62274_O55222,0.0022095,0.012973,0.015905,0.034164730459451675,0.0006087016081437,0.0021202426869422
O88508_P04224,0.0021855,0.01303,0.015917,0.19767439365386963,0.0002512746723368,0.0184259861707687
P12367_Q8VEG6,0.0021787,0.01295,0.016005,0.20427794754505157,0.0084915561601519,0.0002412167086731
P29351_Q9DAJ2,0.002206,0.013011,0.015911,0.07714401930570602,0.0004646754823625,0.0009676398476585
Q8VH51_Q9ERK7,0.0021845,0.012962,0.015928,0.13941393792629242,0.0003444984613452,0.0016958515625447
Q9JIE6_P31750,0.0021898,0.012967,0.016173,0.06056933104991913,0.000596915371716,0.1809814721345901
P23611_P63011,0.11469,0.013181,0.016171,0.16271339356899261,0.0021320597734302,0.0035869157873094
P20917_Q7TS55,0.0025174,0.022006,0.065054,0.0016356612322852015,0.005412436556071,0.0341705977916717
Q61391_P97784,0.0022088,0.013,0.015944,0.0077130976133048534,0.0002163907047361,0.0021508357021957
Q9D8C6_Q9Z2W9,0.0021841,0.012924,0.015975,0.0691046342253685,0.0002265196526423,0.0021605857182294
P29452_P97377,0.0022543,0.012994,0.017417,0.5094600915908813,0.0031033088453114,0.0002055619988823
P37238_Q91VI7,0.002174,0.014382,0.016126,0.009154358878731728,0.0008487986051477,0.121985524892807
P28574_P22091,0.76613,0.01399,0.088296,0.02700832299888134,0.9988923668861388,0.0019928414840251
P62317_P23798,0.0021856,0.013091,0.015918,0.151891827583313,0.0002145519683836,0.0898206233978271
Q61456_Q5XJY5,0.0021775,0.012928,0.015926,0.1851595640182495,0.0020799983758479,0.0016111573204398
Q9JI59_P11610,0.0050056,0.46976,0.1144,0.09719434380531311,0.99608314037323,0.0129242250695824
P25799_P43432,0.0021998,0.013016,0.01697,0.11433517187833786,0.0013246791204437,0.0172445550560951
P22315_P97471,0.0021736,0.01315,0.015921,0.18064694106578827,0.0011697080917656,0.0121043073013424
P62270_O54714,0.0021997,0.012963,0.015944,0.305443674325943,0.0004233533109072,0.0060975705273449
Q62073_P48168,0.002225,0.012966,0.015965,0.014837726950645447,0.0025473479181528,0.8902103304862976
P15247_P01325,0.0032225,0.27022,0.34766,0.002932968083769083,0.414531260728836,0.0169537160545587
Q8VEA4_O88895,0.0021826,0.012981,0.015954,0.008801394142210484,0.0022004994098097,0.0001733775861794
P62962_P35235,0.002184,0.012976,0.015948,0.1719018518924713,0.0036094188690185,0.0046732085756957
Q9CZ82_P01808,0.0022085,0.012955,0.015878,0.17130596935749054,0.0006037019193172,0.0139223970472812
P47708_Q61301,0.0021843,0.013068,0.015931,0.15228749811649323,0.0028163546230643,0.048930536955595
P22725_Q8CGP4,0.0022303,0.012943,0.015906,0.02165866643190384,0.0002357643970753,0.0046771895140409
Q9D4G2_P04187,0.0021841,0.0131,0.015903,0.18804308772087097,0.0006588769610971,0.0020588063634932
P26450_P31041,0.0022024,0.013003,0.015912,0.06550305336713791,0.0004282459558453,0.013439692556858
Q91WC1_Q9WVI9,0.002576,0.013002,0.016235,0.0097025316208601,0.998679220676422,0.3703209459781647
Q6ZWU9_Q8BK72,0.0021974,0.012994,0.016091,0.516201913356781,0.0005197099526412,0.0487531088292598
A0A2R8VHF7_E9Q9W7,0.0021874,0.012962,0.015956,0.015154130756855011,0.0005048708408139,0.0804701447486877
P70460_Q9R0P5,0.0021812,0.012985,0.015904,0.016190320253372192,0.000366726773791,0.0155492099002003
Q91YD9_Q8CGP4,0.067118,0.013009,0.90871,0.12022139132022858,0.0006002545123919,0.0006172707071527
P40764_P62242,0.0021922,0.012936,0.01591,0.20638804137706757,0.0012148930691182,0.0005389662110246
Q9QUM9_Q3V3N7,0.0021764,0.012928,0.015885,0.029636681079864502,0.0002449819003231,0.0096503319218754
P23812_Q04887,0.46547,0.013207,0.01677,0.4430950880050659,0.0432204902172088,0.5103732347488403
O88746_Q99NC0,0.019035,0.013025,0.016312,0.007189909927546978,0.0013991978485137,0.0008447220316156
Q8VCS6_Q9WVL2,0.0024908,0.013138,0.015967,0.08093777298927307,0.0014436155324801,0.0772681757807731
Q18PE0_P49769,0.0022297,0.013086,0.016016,0.37588250637054443,0.000937541888561,0.0252214614301919
P0CG50_Q922Y1,0.0023797,0.013128,0.017643,0.016015127301216125,0.0020635602995753,0.0009601657511666
P40226_P55258,0.0022131,0.013369,0.01594,0.027084629982709885,0.000540551263839,0.0254355836659669
O35955_P05627,0.0021728,0.012963,0.015898,0.17354252934455872,0.0002875410718843,0.0004216359811834
P0CG50_Q6A037,0.0021803,0.013047,0.015922,0.49647825956344604,0.0006925287889316,0.1237584948539733
O35182_P03921,0.0021874,0.012996,0.015858,0.06103363260626793,0.000448846258223,0.1326773017644882
Q8C031_Q9CWR8,0.0021994,0.013245,0.015996,0.2836155295372009,0.0008633161196485,0.0683827996253967
P41778_Q9D6K5,0.002241,0.012976,0.016034,0.048611972481012344,0.0025128207635134,0.001457892358303
Q9D495_Q91V08,0.002256,0.013136,0.024346,0.2014339715242386,0.0007942208903841,0.0035563362762331
Q62108_Q91V61,0.0021965,0.012934,0.01591,0.0068245138972997665,0.0005710467230528,0.1191443800926208
Q8CDI2_P24860,0.0023366,0.012953,0.016058,0.4329146146774292,0.0032595698721706,0.004335758741945
P03899_Q8CJG0,0.0026814,0.012951,0.015879,0.007948609068989754,0.0002075462107313,0.0008198149153031
O09044_Q505B8,0.48625,0.32618,0.015935,0.07740813493728638,0.0040651154704391,0.0058322614058852
Q8R502_A0A2R8VHF7,0.0022042,0.012923,0.015971,0.017948921769857407,0.0016630563186481,0.0021693261805921
Q9QUN3_O35618,0.0027372,0.012978,0.016495,0.048052720725536346,0.0007381527684628,0.0005423524416983
P15702_Q9JLC6,0.0022271,0.013184,0.0159,0.059513553977012634,0.0012004164746031,0.3177913129329681
P23242_P43404,0.0029324,0.013001,0.016857,0.15909340977668762,0.0005568040651269,0.2720145285129547
Q01853_Q9WVR4,0.0024126,0.012964,0.016062,0.17567792534828186,0.8868792057037354,0.0010220103431493
I6L958_P58064,0.0022036,0.013903,0.015894,0.0050683352164924145,0.0004996567149646,0.0035345843061804
Q61827_O70469,0.0025951,0.013022,0.015936,0.18294137716293335,0.0005478637176565,0.0222262311726808
Q61190_Q91VR7,0.0021792,0.013074,0.015924,0.03482811897993088,0.0004652534262277,0.0873078182339668
P21784_Q505F1,0.0022332,0.012991,0.017575,0.07432660460472107,0.0079928021878004,0.0076039256528019
Q60778_Q9D4K7,0.002222,0.013155,0.016256,0.029827049002051353,0.0098298089578747,0.0001574976631673
P34902_Q9CSN1,0.0021958,0.013025,0.015889,0.14129304885864258,0.000364394072676,0.275037944316864
Q9EP73_P68368,0.0021787,0.01305,0.015888,0.02528095431625843,0.0006369808106683,0.0031116576865315
Q8CDD8_P36898,0.0021948,0.012981,0.016059,0.02436196058988571,0.001166540198028,0.0132267046719789
Q8C669_P68134,0.0021813,0.013061,0.018023,0.09051713347434998,0.000992173445411,0.0044035273604094
P51667_Q9D4Q1,0.0022664,0.013074,0.016348,0.3948071002960205,0.0046496405266225,0.0645781829953193
Q9JJN6_P68368,0.0021817,0.013035,0.015896,0.3432806432247162,0.0021985739003866,0.0089735127985477
P14115_Q3HNM7,0.002176,0.013097,0.01592,0.022766007110476494,0.0009816689416766,0.0005663715419359
Q8C4V4_Q9R194,0.0023327,0.012944,0.021315,0.05353006720542908,0.0003423232701607,0.0002726940438151
Q8C0J2_Q9QYS2,0.0022637,0.013016,0.018464,0.0018610318657010794,0.0004638704413082,0.0014583750162273
P70343_Q9Z2D6,0.0021771,0.012976,0.015954,0.04943215847015381,0.0048176059499382,0.1072106286883354
Q8R0W6_Q6P3B9,0.0021904,0.022837,0.046251,0.07345987111330032,0.0003331246552988,0.0128638315945863
Q80TG9_P51667,0.0021957,0.013159,0.015913,0.5888141989707947,0.0015697642229497,0.0003281190874986
Q60925_P33242,0.010567,0.013109,0.016012,0.37524843215942383,0.0035629575140774,0.0001591619657119
Q9DAM2_Q920N1,0.0022763,0.013221,0.015961,0.014267145656049252,0.0055607385002076,0.138285830616951
Q99JB6_P20109,0.0022106,0.013271,0.015959,0.3946608603000641,0.0003963150084018,0.0042896578088402
Q80XE1_Q9WVI9,0.0027372,0.013157,0.016689,0.09717806428670883,0.0376640483736991,0.0024941498413681
Q99MJ6_A0A0G2JF94,0.0022159,0.012975,0.016232,0.009913182817399502,0.0088687054812908,0.0003470404481049
P39087_Q3V3N7,0.0022219,0.01304,0.01595,0.2534036636352539,0.0004845667281188,0.1112672984600067
Q0VBL6_P09023,0.021226,0.013123,0.016287,0.03077877126634121,0.0018175868317484,0.0090691121295094
Q8BLC3_Q8C031,0.0057805,0.025954,0.14564,0.12451820075511932,0.0055852564983069,0.2082580626010894
Q8K214_Q91WG4,0.0023234,0.013118,0.021996,0.2169201523065567,0.0354188345372676,0.2255341112613678
P43275_P97377,0.002211,0.012947,0.015992,0.021182866767048836,0.0100940261036157,0.0020303579512983
Q9JKV1_Q5SW45,0.0021686,0.012977,0.015974,0.0007469359552487731,0.0014869997976347,0.0010367783252149
Q6R891_P00757,0.0022009,0.013138,0.015958,0.17515963315963745,0.0007695202366448,0.0810249373316764
P15379_P46935,0.0024336,0.012942,0.016016,0.05806703865528107,0.0029809889383614,0.0299940276890993
Q9D9V4_Q9D7X3,0.0021929,0.012953,0.015885,0.18695716559886932,0.0019528516568243,0.0009631385328248
P05627_Q62170,0.00233,0.01307,0.015923,0.1321336328983307,0.0004263828159309,0.0007147959549911
Q8CDT5_Q8BFZ4,0.0022005,0.012927,0.015926,0.165931835770607,0.0012157681630924,0.2084019929170608
P07901_P62305,0.0022041,0.012958,0.015893,0.05902451276779175,0.0003951249818783,0.0016207279404625
Q8VCD5_Q8K3K8,0.0024531,0.013038,0.016117,0.03599552437663078,0.002172214211896,0.0006661097868345
Q80TQ2_Q9Z2F6,0.0023868,0.013046,0.01781,0.2637016177177429,0.0124465581029653,0.000251279969234
Q8R464_O35182,0.0024493,0.014035,0.097774,0.03376680612564087,0.0033826429862529,0.0050443895161151
P28574_P51141,0.0023467,0.013024,0.015934,0.14946915209293365,0.0008416917989961,0.0542397946119308
Q8VH51_Q9CQJ8,0.0021836,0.013106,0.016318,0.02656964771449566,0.0211116522550582,0.0084777968004345
Q60636_Q61234,0.0021886,0.013032,0.016262,0.002719300799071789,0.0006258066277951,0.006041376851499
Q02242_P25444,0.0021921,0.012964,0.015913,0.00920505914837122,0.0002508220495656,0.5296854972839355
Q9D4K5_P28574,0.0022242,0.012945,0.015912,0.030076012015342712,0.0032237176783382,0.0011037319200113
P0CG50_Q9R0P9,0.002183,0.013044,0.015892,0.08093832433223724,0.0028578545898199,0.0374156683683395
Q61733_Q64287,0.0022484,0.012939,0.015968,0.10569141805171967,0.0014055147767066,0.0003278789226897
Q9CQ54_Q8K480,0.0023616,0.01293,0.015901,0.19771802425384521,0.0005799341597594,0.0010887447278946
O54864_Q9WVR4,0.0021947,0.012942,0.015954,0.16930519044399261,0.0088039487600326,0.0026635904796421
P18469_Q8VI33,0.0021781,0.013021,0.015886,0.03896741196513176,0.0003110167453996,0.0433339811861515
Q9R109_Q9WTX6,0.0021738,0.012927,0.015895,0.05605397745966911,0.000464833836304,0.0005414616898633
P09022_Q64028,0.19553,0.013242,0.016067,0.06049249693751335,0.002073963638395,0.007758479565382
O55029_O88685,0.0023743,0.015464,0.017497,0.11075418442487717,0.0036476897075772,0.0018207774264737
P05627_P42228,0.0029473,0.014429,0.015972,0.3300504684448242,0.00035359733738,0.0003387075848877
Q9CQI9_Q18PE0,0.0022206,0.012965,0.015958,0.03539334237575531,0.0003909085935447,0.3779222965240478
Q91ZE9_P49722,0.0021713,0.01295,0.0159,0.017285460606217384,0.0003016435657627,0.013029689900577
Q8C6B2_Q8C669,0.0022058,0.012944,0.015958,0.07139894366264343,0.0004974787007085,0.0776846259832382
P46938_Q01853,0.0025367,0.012977,0.01598,0.06376631557941437,0.0008702537743374,0.0010273756925016
O35714_A0A0M3KL49,0.0032361,0.045871,0.30421,0.09159259498119354,0.0844411700963974,0.0040137455798685
O70469_Q4KKZ1,0.002229,0.013007,0.016156,0.311475932598114,0.0016554079484194,0.0598927289247512
P20263_P63017,0.0022619,0.013112,0.016316,0.05621517822146416,0.0011323742801323,0.0003365579177625
Q9CQ18_Q9JLQ2,0.0021838,0.012977,0.015892,0.170917809009552,0.00056394940475,0.0298003572970628
P35330_Q7TSZ8,0.0021935,0.012955,0.016004,0.0013294642558321357,0.0007746923947706,0.1167711392045021
O88653_Q3V1H9,0.0022007,0.012935,0.015879,0.08905584365129471,0.0005996864638291,0.8704559206962585
Q31099_Q5BN45,0.0022124,0.012958,0.015954,0.0035947621800005436,0.0006329094758257,0.0681943818926811
Q9CQY1_Q99LM9,0.002227,0.012973,0.015958,0.0324794240295887,0.0053446828387677,0.0582798905670642
Q9QZE7_P83882,0.0021996,0.012919,0.01589,0.0128304623067379,0.0002563693851698,0.0021548827644437
A2A825_P98084,0.002537,0.012991,0.016004,0.5896599888801575,0.0367098785936832,0.0004271789803169
P06339_Q9D3X8,0.0021942,0.012956,0.015882,0.1786024123430252,0.0012668612180277,0.5642619132995605
Q3TNS5_Q9Z2W9,0.0021873,0.01293,0.015937,0.020650280639529228,0.000611946277786,0.0002743727818597
P26043_O35963,0.0038839,0.013166,0.016345,0.03928353264927864,0.0797746628522872,0.004146103747189
P28076_P60904,0.0021789,0.012935,0.015899,0.029058298096060753,0.0002333419979549,0.0500378757715225
Q80XE1_Q9CPR8,0.0021739,0.013004,0.015943,0.3775942623615265,0.0136104170233011,0.0006479726289398
P01580_P08152,0.0022034,0.012987,0.015892,0.2557028532028198,0.0100086508318781,0.000183875527
P06537_O88448,0.0026126,0.01488,0.018803,0.4508371651172638,0.1397562772035598,0.0002418651856714
P62878_Q9CQC7,0.0023279,0.013091,0.015882,0.20559237897396088,0.000253608362982,0.0325239486992359
Q9R1P4_P58059,0.0021954,0.012925,0.015911,0.37717822194099426,0.0002177170681534,0.0186973195523023
P35330_Q3TL44,0.0022236,0.014311,0.016756,0.21326673030853271,0.0011604401515796,0.0182640012353658
P17665_Q60925,0.002197,0.013057,0.017279,0.03570237383246422,0.0007907452527433,0.0091622471809387
P35991_Q9D7W5,0.0021816,0.012959,0.015924,0.045463595539331436,0.0002965725725516,0.0003336860390845
Q8VDU0_Q9Z1K6,0.0022106,0.014338,0.016916,0.36826470494270325,0.03591775521636,0.0008445409475825
P97378_O70174,0.0033228,0.028443,0.3357,0.09265951067209244,0.0048147216439247,0.0022266737651079
P23812_Q9D131,0.0023453,0.012997,0.016134,0.041670698672533035,0.0011517346138134,0.0036019855178892
P01642_P61372,0.0022086,0.018906,0.068088,0.009790811687707901,0.0037449614610522,0.0080593870952725
A0A0M3KL49_Q6A037,0.0021794,0.013611,0.015892,0.12691999971866608,0.0007761942688375,0.0003957911103498
Q32NY4_P18526,0.0024967,0.033057,0.59872,0.019848696887493134,0.0027859227266162,0.0009968099184334
P68510_P01580,0.0021818,0.013975,0.016585,0.07864393293857574,0.0152528118342161,0.0712148323655128
Q65ZI1_P70217,0.0022924,0.013845,0.016129,0.25818395614624023,0.0039958786219358,0.0062892464920878
P01590_Q9QWV9,0.0021831,0.013097,0.015927,0.0037208530120551586,0.0005101521383039,0.0026164301671087
P21784_P08046,0.0024062,0.012991,0.016798,0.2134232372045517,0.0065036476589739,0.0909993574023246
P62984_Q64337,0.0023163,0.013018,0.29235,0.3335288166999817,0.0018350589089095,0.0005597810959443
P61205_A6H6Q4,0.0021818,0.013285,0.015869,0.08769229054450989,0.0031849867664277,0.0001683842419879
Q9CZ44_Q9DC37,0.0021904,0.012953,0.015934,0.07163234800100327,0.0002590552321635,0.0193673688918352
Q04735_P03903,0.00226,0.012979,0.015881,0.2348155975341797,0.0003253011964261,0.0028802729211747
O08915_P35922,0.0022074,0.012993,0.015992,0.05052972584962845,0.0020117298699915,0.0021138861775398
O08603_P70441,0.0021902,0.012959,0.016237,0.0036081895232200623,0.0009811994386836,0.0488394163548946
Q60598_Q8VDU0,0.004267,0.013337,0.019054,0.19447094202041626,0.682341992855072,0.0025512911379337
Q9D485_Q80X85,0.0022347,0.013006,0.01602,0.06988192349672318,0.0005161463050171,0.0008373838500119
P52795_Q9Z1P6,0.0022183,0.012938,0.01591,0.017227778211236,0.0011675022542476,0.0002436053619021
P17433_P53566,0.012191,0.013014,0.016211,0.020031096413731575,0.0075496989302337,0.0002935860538855
Q9DBG6_Q9JHS3,0.0022083,0.013148,0.015979,0.08338989317417145,0.000470744096674,0.047377835959196
P20937_P01108,0.002212,0.01297,0.015986,0.20604532957077026,0.0003764763532672,0.0655050724744796
O35625_Q02248,0.016241,0.013318,0.076437,0.25536879897117615,0.0108542013913393,0.0569657012820243
P10417_Q04207,0.0022117,0.012938,0.015976,0.15868042409420013,0.0018134975107386,0.0811132937669754
P08046_P28076,0.0021652,0.012971,0.015885,0.21559441089630127,0.0002562415902502,0.0002915990480687
Q78JW9_Q8BG40,0.0021927,0.013073,0.016248,0.3576965630054474,0.0401759780943393,0.0136613892391324
P62270_Q80W99,0.0021968,0.012989,0.015957,0.0177288968116045,0.0002172001695726,0.000592817319557
Q3UDK1_Q61180,0.002409,0.012958,0.016005,0.007029336877167225,0.0003430309006944,0.0016749341739341
P23198_Q8BJ56,0.002183,0.012952,0.015936,0.009950299747288227,0.0007517568301409,0.0006321055698208
P70326_Q9CQA6,0.0021899,0.013005,0.016007,0.10642465949058533,0.009407740086317,0.4613424241542816
P62315_Q9R0Q1,0.0021839,0.013109,0.015901,0.3415937125682831,0.0004083653620909,0.0498280860483646
P35980_Q9Z2D6,0.0022063,0.012988,0.016075,0.3420260548591614,0.0007152767502702,0.0022264523431658
P05480_O88634,0.0025904,0.013186,0.022303,0.627070963382721,0.0008443840197287,0.5995171666145325
V9GXK1_Q8BVN3,0.0022205,0.012928,0.015928,0.041521258652210236,0.0005296314484439,0.9840822219848632
P61080_Q9CQ39,0.0021911,0.012967,0.015888,0.06794282048940659,0.0003058060246985,0.0004486999241635
Q99JB6_Q9CQJ4,0.0022073,0.013147,0.016207,0.008955712430179119,0.0018310229061171,0.5812846422195435
O88508_P18654,0.0022269,0.012986,0.019588,0.18844421207904816,0.0202879402786493,0.0006406108732335
O54972_P35922,0.0026848,0.012991,0.016003,0.056257180869579315,0.0020432625897228,0.0005633278051391
P63017_Q9QYK7,0.0021793,0.013201,0.01592,0.09148820489645004,0.0009005012107081,0.0341490432620048
Q01887_P18525,0.0025064,0.09836,0.29809,0.011906469240784645,0.0035935069900006,0.0005390545702539
Q8R2L5_P41274,0.0022948,0.037363,0.02019,0.4101424813270569,0.0002504122967366,0.0006257330533117
O54786_P42582,0.0023814,0.013,0.015945,0.1400156468153,0.0077984067611396,0.0136446617543697
P98156_P62881,0.0022567,0.013211,0.016177,0.05225057154893875,0.001550089684315,0.0683940201997757
Q9DA80_Q9CR88,0.0022,0.012945,0.016256,0.028838317841291428,0.0003368656034581,0.411348432302475
Q9EPW9_P68510,0.002189,0.013166,0.015972,0.05410579964518547,0.0003979637403972,0.0047064269892871
O54714_Q8CGK7,0.0022324,0.013199,0.01628,0.1795201599597931,0.0018827460007742,0.0030054959934204
P50396_Q62083,0.0022061,0.012968,0.015947,0.006415078416466713,0.0004693405353464,0.218335822224617
P01646_P25916,0.0022124,0.015507,0.016026,0.014958134852349758,0.0008886727737262,0.0040136352181434
P35980_Q9QXL8,0.0022289,0.012912,0.015899,0.12161291390657425,0.0028963743243366,0.1748769581317901
P98084_Q00560,0.0024334,0.012962,0.017103,0.0759681686758995,0.000326862122165,0.0010124563705176
Q6DIA7_Q61207,0.0021846,0.013088,0.016809,0.11483144760131836,0.0009441552683711,0.0202436223626136
P25118_P63085,0.0022334,0.013009,0.016084,0.28684064745903015,0.0021317412611097,0.0002280828775838
P20937_Q9WTV6,0.0022464,0.012988,0.016132,0.026493530720472336,0.0002556641993578,0.0029143944848328
P31938_Q9EPC1,0.0022051,0.012954,0.016465,0.18038974702358246,0.9958503246307372,0.0038900566287338
P14429_Q9CQV5,0.002189,0.24695,0.15198,0.005882432218641043,0.0003590578853618,0.0008284772629849
Q9JIQ3_P48168,0.0022253,0.50964,0.16998,0.007773891091346741,0.00053796073189,0.3634707629680633
Q8VCW4_P14432,0.002544,0.013099,0.017693,0.20203401148319244,0.0005821729428134,0.9647764563560486
Q80W99_P35456,0.0023287,0.013111,0.023293,0.1713351011276245,0.0005709452670998,0.0708759203553199
Q811U5_O88384,0.0021743,0.013576,0.033717,0.2692604064941406,0.0014644900802522,0.0004899227060377
O09044_Q9R194,0.0022625,0.012954,0.015933,0.2248474806547165,0.0002630270610097,0.0160079449415206
P11911_O88448,0.00227,0.026663,0.016143,0.008315755054354668,0.0003226754488423,0.0910135135054588
Q91YD9_B5KM66,0.0021887,0.013157,0.015922,0.021433474496006966,0.0004432655405253,0.5174280405044556
Q8BUN5_Q9DAD0,0.0022892,0.012942,0.015981,0.39975571632385254,0.079815536737442,0.0061339191161096
P51667_P35700,0.0022102,0.013022,0.015968,0.06015301123261452,0.0003788926405832,0.0724237635731697
Q31099_Q9WVB3,0.0023528,0.01312,0.016825,0.2863994240760803,0.0006220967625267,0.0052147549577057
Q9JL85_Q08351,0.00227,0.030667,0.20535,0.029149264097213745,0.0107291070744395,0.676684558391571
Q9CWR8_Q02248,0.0021918,0.013514,0.021602,0.09021250158548355,0.0436223298311233,0.0002852953621186
F7BJB9_P18572,0.0022578,0.013025,0.015916,0.1512284278869629,0.0003769703034777,0.0002438177325529
Q99P58_Q811D0,0.003533,0.013506,0.017937,0.02001276984810829,0.9688249826431274,0.2441244423389434
O88351_Q62170,0.0023831,0.012966,0.016059,0.3830072581768036,0.0007216521189548,0.0822683274745941
Q8C4V4_Q60825,0.0021701,0.012944,0.01618,0.00484826834872365,0.000468738755444,0.059716697782278
P04370_Q9R109,0.0021787,0.012928,0.015975,0.4387609362602234,0.0043088719248771,0.0055424771271646
O35182_P02340,0.0022545,0.01305,0.020023,0.10765457153320312,0.9067604541778564,0.0010159942321479
Q9WUN2_P49615,0.0029102,0.022908,0.14,0.14369410276412964,0.0438365451991558,0.0002404809492873
Q9D2R8_Q80WG5,0.0021967,0.012922,0.015882,0.01472581084817648,0.0002281725028296,0.2988325655460357
P20109_O70477,0.0021944,0.01298,0.015945,0.015834836289286613,0.0006051862146705,0.2387694269418716
Q61584_Q78JW9,0.0022012,0.012975,0.015955,0.43511563539505005,0.0113736055791378,0.8686242699623108
Q91XD6_P62305,0.0022314,0.012958,0.015885,0.04280855506658554,0.0002451737527735,0.0001357145083602
P63213_O88621,0.002252,0.012936,0.015928,0.3093339800834656,0.0096069481223821,0.7309017777442932
Q925K9_Q9CPP6,0.0021995,0.012939,0.015917,0.09028366208076477,0.000263855443336,0.0097495093941688
P97792_Q9JIQ3,0.0022409,0.19387,0.20551,0.005968504585325718,0.0016335782129317,0.0006887324270792
P03966_A2NU21,0.0021951,0.12979,0.015958,0.07335498183965683,0.0006709973677061,0.0017013855976983
Q08351_Q9WTK5,0.0027133,0.01392,0.038047,0.057851869612932205,0.0095509160310029,0.0134214963763952
P70434_Q80X85,0.002217,0.012974,0.015925,0.005327278282493353,0.0005824021645821,0.2399153560400009
P10085_P97310,0.0023225,0.013073,0.016014,0.07231798768043518,0.0008717169403098,0.0012195110321044
Q60902_P70218,0.0025927,0.013642,0.017356,0.16119572520256042,0.9977648258209229,0.0009323167032562
Q8R4A3_Q65ZI1,0.0021843,0.013145,0.016434,0.5008286237716675,0.0038372471462935,0.0825400426983833
Q8CCI5_Q6PDM2,0.0022548,0.012962,0.01594,0.2142976075410843,0.0016894427826628,0.0039406986907124
P19785_Q60953,0.0022673,0.013053,0.018422,0.009941341355443,0.0028130286373198,0.0250122398138046
O70174_Q9CQY9,0.0027328,0.48928,0.25824,0.2050754278898239,0.0021014891099184,0.014632043428719
Q80US8_Q62108,0.0028112,0.013104,0.016559,0.2992168068885803,0.0013703318545594,0.0014102348359301
Q60902_P05214,0.0021777,0.013459,0.016111,0.12305699288845062,0.9988941550254822,0.004471456632018
O35613_P49817,0.0021751,0.012919,0.01589,0.0059919399209320545,0.0011765389936044,0.0005279940087348
P16872_Q9D131,0.0023414,0.012952,0.017127,0.05475066229701042,0.000498151872307,0.0057261297479271
Q9CZ13_P70452,0.0022255,0.013017,0.015989,0.3241789937019348,0.0004318566352594,0.0005528787733055
P35330_Q99JB6,0.0021951,0.013057,0.015941,0.14384731650352478,0.0008380959043279,0.0079699717462062
Q6PGF3_Q9CR57,0.0021816,0.013065,0.015916,0.050254903733730316,0.0004566908173728,0.3713423311710357
Q80WG5_P01821,0.0022336,0.014124,0.060718,0.42607226967811584,0.0063538877293467,0.0003895736299455
O08915_P19785,0.0021804,0.013051,0.015986,0.08734473586082458,0.0127103580161929,0.0259308330714702
P08551_P09631,0.045707,0.014136,0.016111,0.19058822095394135,0.9751064777374268,0.6075251698493958
P01852_P70217,0.0022254,0.013747,0.01595,0.21731187403202057,0.000901878462173,0.0003587424580473
Q9JM73_Q8BK72,0.0022067,0.01327,0.016112,0.2392520159482956,0.0006873488891869,0.0002809755387715
P01108_P41778,0.011484,0.012992,0.016581,0.00370679865591228,0.0156222293153405,0.0005619697039946
P97471_Q8C031,0.002238,0.012964,0.015939,0.2487756311893463,0.0003315569774713,0.078572392463684
Q922F4_Q99K74,0.0021723,0.01312,0.016678,0.0407060906291008,0.0144327534362673,0.5922731757164001
P15535_Q9JJN6,0.0021964,0.01298,0.015905,0.21212905645370483,0.0003921716997865,0.00162799062673
P18531_P08551,0.0022261,0.02657,0.015887,0.06725899875164032,0.0062317731790244,0.0009299009107053
P01821_Q8BVN3,0.0029251,0.030823,0.735,0.027139363810420036,0.0082024009898304,0.0425535403192043
Q8VEK3_P09542,0.0021849,0.013114,0.015994,0.005252374801784754,0.0034642545506358,0.0848886519670486
Q9D4K7_Q03347,0.0022193,0.012964,0.016034,0.07008516788482666,0.0502643436193466,0.1771300137042999
Q9JHD1_O88485,0.0028658,0.013381,0.041801,0.0031393389217555523,0.0137986661866307,0.007167269475758
P70196_Q80Y75,0.0022043,0.012997,0.015902,0.21746206283569336,0.000249266042374,0.0061469445936381
P14685_Q3HNM7,0.0031938,0.018613,0.018737,0.07948870211839676,0.2703976333141327,0.0566791631281375
Q9Z2U0_Q60838,0.0021782,0.012939,0.015899,0.16745218634605408,0.0002269799297209,0.0043440978042781
P35438_P27038,0.0024177,0.013895,0.028649,0.03156815096735954,0.0014993965160101,0.0044197104871273
Q9QWF0_O89100,0.0022459,0.013013,0.016152,0.21359676122665405,0.0009916432900354,0.0024782360997051
Q9EPL2_P70460,0.0022008,0.012989,0.016142,0.3886750340461731,0.0003594959562178,0.2832702100276947
Q8R4I7_P97465,0.0025425,0.012951,0.016433,0.008353029377758503,0.001582296914421,0.0004141982353758
Q99JB6_Q9CZ13,0.0021873,0.013254,0.01627,0.01667996495962143,0.001110898097977,0.0001395926810801
P18531_B5KM66,0.0022373,0.013517,0.015921,0.32930395007133484,0.0031970418058335,0.0012293420732021
P54818_Q80UF7,0.0021684,0.013045,0.015939,0.0015877821715548635,0.0014911962207406,0.2589294016361236
P12023_P97318,0.002268,0.013012,0.015963,0.35879406332969666,0.0003078328445553,0.0084300991147756
Q9JJV2_P50396,0.0022024,0.012951,0.015892,0.0025095660239458084,0.0008865601266734,0.1473120301961898
P09405_P20109,0.0022003,0.012994,0.015944,0.1159919947385788,0.0004641360719688,0.0479968152940273
Q9CY16_Q9JLC6,0.0022032,0.013221,0.016077,0.42322415113449097,0.0006758322124369,0.0001915960019687
Q61423_P61967,0.0021827,0.013028,0.016364,0.043894678354263306,0.0027474116068333,0.0018024198943749
Q62424_P08207,0.003264,0.013138,0.016216,0.11835547536611557,0.0048363655805587,0.0009316723444499
Q9WU78_Q9D6J6,0.00219,0.013002,0.015936,0.22059756517410278,0.0002785199321806,0.013388036750257
Q8BTU1_Q61079,0.0021942,0.012956,0.015936,0.04242897778749466,0.0006692904862575,0.9591914415359496
P41133_Q00420,0.002335,0.013036,0.017312,0.09445477277040482,0.000633189047221,0.000578858423978
Q9CQ18_P14719,0.0021956,0.012951,0.015953,0.002950225956737995,0.0002339717902941,0.7352093458175659
Q3USJ8_Q63934,0.0023974,0.012989,0.016008,0.3034135103225708,0.0061956732533872,0.0049822363071143
Q61501_Q9CPR8,0.0023787,0.012962,0.016004,0.22462861239910126,0.9982585310935974,0.2739518582820892
Q9D5V5_Q9Z0H7,0.0021715,0.013001,0.015918,0.17438647150993347,0.0014006616547703,0.0049772229976952
Q61006_Q921E6,0.0022129,0.013136,0.016232,0.04431582987308502,0.001253192895092,0.0004441506171133
Q9CQP8_Q9JMK2,0.0025751,0.012962,0.016905,0.05441424623131752,0.0864172056317329,0.0002642406034283
P18469_Q5EE38,0.0022039,0.013121,0.016548,0.05143868923187256,0.0003533829876687,0.2290925085544586
P22725_Q9Z138,0.090728,0.023904,0.23818,0.1347142457962036,0.0037762224674224,0.0007096366025507
P30882_Q04207,0.0022345,0.013282,0.016615,0.3631261885166168,0.0005200337618589,0.000445964076789
Q8BUV3_P14206,0.0032223,0.013028,0.016018,0.016184138134121895,0.000347491557477,0.0004313304380048
O08675_P09631,0.0022971,0.013211,0.016057,0.01232194434851408,0.0011974616209045,0.0005950927152298
Q91WC1_Q80UF7,0.0027366,0.012978,0.017492,0.32016900181770325,0.0188564881682395,0.0003930356760974
P52189_Q8BTU1,0.0022096,0.012943,0.015964,0.0075913998298347,0.0058036353439092,0.0041247382760047
D2D553_F7BJB9,0.0022805,0.012967,0.015921,0.0067660012282431126,0.0076579460874199,0.005120201036334
P14719_P07750,0.0021901,0.012953,0.017,0.11401151865720749,0.0008625100017525,0.0004995700437575
O88566_Q02248,0.0029642,0.01343,0.047765,0.007540001068264246,0.0091166161000728,0.0871790051460266
P15314_Q9D131,0.0023831,0.012925,0.015953,0.3153449594974518,0.0056653614155948,0.0325149334967136
Q9CQI9_P31938,0.0022084,0.012966,0.016042,0.2310313582420349,0.0003055297711398,0.0129444980993866
P97767_P09021,0.6094,0.013089,0.01628,0.037623532116413116,0.0206256806850433,0.0005363768432289
Q9DB77_P97310,0.0021892,0.012991,0.015913,0.004947936162352562,0.0008753421716392,0.0017725821817293
Q9DBC7_Q99N87,0.0021988,0.013008,0.015979,0.007909247651696205,0.0004773275868501,0.0074464161880314
Q2MH31_P22366,0.0021804,0.012921,0.01602,0.3135489821434021,0.0003458128485362,0.2815240919589996
P62259_P15379,0.0022052,0.01394,0.016467,0.0034896517172455788,0.0016355857951566,0.0014177380362525
Q811G0_P35438,0.0024102,0.013001,0.016054,0.06635556370019913,0.0003502287145238,0.0498452372848987
Q8CDT5_Q9CR88,0.0022135,0.013662,0.015937,0.002519582863897085,0.0006186004611663,0.0477975867688655
O88703_Q61039,0.029219,0.013166,0.015979,0.29865503311157227,0.0006491393432952,0.0001334476255578
P70372_O54714,0.0022922,0.012959,0.016092,0.05174793675541878,0.0065683359280228,0.0037669758312404
Q8VE22_P50396,0.0021915,0.012918,0.015933,0.2883380949497223,0.0003841038269456,0.0493019670248031
Q571K4_Q9CXW2,0.0022222,0.013162,0.015926,0.3315518796443939,0.0004371422692202,0.0006376842502504
P09542_P49817,0.0022202,0.013101,0.015934,0.009576411917805672,0.0005039233947172,0.0387022718787193
P60879_P27659,0.0022191,0.012968,0.015921,0.025412678718566895,0.0002567091141827,0.0002301696222275
Q9EPC1_Q9CQC3,0.0022042,0.012922,0.016022,0.10274145752191544,0.0013428861275315,0.0007055262685753
P30285_B8ZXI1,0.0022698,0.013592,0.015965,0.48671042919158936,0.0002959354023914,0.0006501268362626
Q6PD24_Q7TPM5,0.0022162,0.013175,0.016111,0.40280023217201233,0.0007410904509015,0.0016362641472369
P84244_Q61666,0.0023516,0.012997,0.13071,0.25021716952323914,0.9962050318717957,0.017074005678296
Q62406_Q08024,0.0022104,0.012968,0.016658,0.23651020228862762,0.0022555582690984,0.0206319019198417
P01747_Q8HWE5,0.0030085,0.51738,0.051339,0.006236337125301361,0.0201282855123281,0.0054189367219805
G5E8A8_P01821,0.0022124,0.013406,0.017595,0.029112299904227257,0.0011001119855791,0.4390002489089966
P09632_P41778,0.02485,0.013131,0.016433,0.08398128300905228,0.9984863996505736,0.010751805268228
P20109_O35618,0.002196,0.012983,0.015955,0.0692739337682724,0.0005064039141871,0.0005033348570577
P53986_Q9DAM2,0.0021838,0.012994,0.015896,0.006340900901705027,0.0004097332421224,0.4615668356418609
Q5R1C2_O35182,0.0022858,0.013789,0.12723,0.030040478333830833,0.0205447115004062,0.0032303158659487
Q8BP67_P01810,0.0022181,0.01297,0.015863,0.0938665047287941,0.0007525118999183,0.0003341415722388
P60122_Q8VE22,0.0021798,0.012924,0.015913,0.03304136544466019,0.0009155313018709,0.0003788200265262
Q9JIF7_Q8JZM6,0.0021906,0.013016,0.015994,0.5220867395401001,0.0006527206860482,0.0002526871103327
Q76MZ3_Q99MH5,0.0021634,0.013082,0.015914,0.15050770342350006,0.0005651348037645,0.0005917021771892
Q8R0L9_Q9Z0H7,0.002281,0.012926,0.015921,0.3214662969112396,0.000575463171117,0.0021267919801175
P97484_Q99MH5,0.0021858,0.012953,0.015906,0.009923662059009075,0.0003968125092796,0.0011659985175356
P01724_P61080,0.0021915,0.017844,0.016181,0.14876918494701385,0.0006239803624339,0.0002743557852227
Q3TCJ1_P14719,0.0021998,0.012958,0.016042,0.035338837653398514,0.0002866728173103,0.3883169591426849
Q80ZS3_Q9R049,0.0022112,0.013046,0.016659,0.0032727085053920746,0.0002148553612641,0.0003795716038439
Q61249_Q9R1P0,0.0021767,0.012936,0.015898,0.49623650312423706,0.0003319121315144,0.0098859723657369
P97378_Q08351,0.25769,0.53329,0.53994,0.03226546198129654,0.9989919066429138,0.000984608544968
Q8VIG3_Q91XD6,0.0021772,0.012917,0.015995,0.08691932260990143,0.0004736343689728,0.2909298837184906
P62315_O88643,0.0022031,0.013038,0.015948,0.27868977189064026,0.0019659034442156,0.0104037960991263
P41241_P49817,0.0022012,0.012954,0.015899,0.3419133722782135,0.0003868160711135,0.0008419817313551
Q9CQ18_Q9DCT2,0.0022232,0.013038,0.016873,0.025257395580410957,0.0030110203661024,0.0218450911343097
P35802_Q8R4E9,0.0022054,0.012926,0.016016,0.0679389238357544,0.0003749987808987,0.0015349758323282
Q8VE22_P47911,0.0021906,0.012926,0.015968,0.0023129675537347794,0.0093664145097136,0.0003901269810739
Q7TMM9_Q9CY16,0.0021878,0.0136,0.015939,0.0505424365401268,0.0003336545196361,0.0011079747928306
P00416_B5KM66,0.0022628,0.013113,0.015884,0.14508536458015442,0.0003461278683971,0.0002012534678215
P47753_P09632,0.0021861,0.012994,0.015941,0.3354948163032532,0.0009473743266426,0.0982282385230064
P62305_Q07832,0.0021926,0.012987,0.015962,0.008321352303028107,0.0002502905263099,0.0145739819854497
Q9D3X8_O35613,0.0022734,0.012935,0.015957,0.3395794928073883,0.0082550644874572,0.0009475116385146
O55203_P15209,0.0021824,0.012995,0.016102,0.5124029517173767,0.0004955673939548,0.6212003231048584
P23798_Q64028,0.0022044,0.013192,0.016205,0.03174161911010742,0.0042710765264928,0.0151688624173402
P47753_Q9WVI9,0.0021765,0.012933,0.016032,0.589708685874939,0.0040402431041002,0.6768836379051208
Q99NC0_P04214,0.0022041,0.012994,0.015995,0.1661909818649292,0.0004061969229951,0.4834738671779632
P22315_P58283,0.0021771,0.01302,0.015937,0.14392486214637756,0.0021123797632753,0.0016547706909477
O35717_Q9CPX6,0.0021752,0.012955,0.015946,0.024523120373487473,0.0003738717059604,0.00764743052423
O70439_P59178,0.0022042,0.012953,0.015912,0.029582617804408073,0.0005276430747471,0.001077571301721
Q5SSL4_Q9DAD0,0.0022059,0.012926,0.015961,0.16113871335983276,0.0013932288857176,0.2990138828754425
P41183_O55234,0.0022117,0.013126,0.01603,0.36829376220703125,0.0002377844066359,0.0022560078650712
Q9CQP2_Q03157,0.002209,0.012938,0.015897,0.058244287967681885,0.0003461651213001,0.0001366558281006
Q9CQ54_Q9CWF6,0.002311,0.012971,0.015906,0.1730213463306427,0.0002573771926108,0.0007155010243877
Q3UYI6_P04925,0.0021827,0.013041,0.016353,0.37553972005844116,0.0003511129471007,0.0005377033958211
P28033_Q2MH31,0.0022047,0.013218,0.017042,0.10962139815092087,0.0004663583240471,0.049305509775877
Q9D9I1_Q6DID7,0.0022323,0.012919,0.015963,0.057452403008937836,0.0009754390921443,0.0005555675597861
P43404_Q9DC70,0.0022133,0.01305,0.016999,0.010171592235565186,0.0008579014684073,0.0326066389679908
Q3V3N7_P58059,0.0022142,0.012919,0.015927,0.00898269098252058,0.0003305167774669,0.0018860589480027
Q61083_A0A0M3KL49,0.0022925,0.015407,0.016112,0.22417986392974854,0.0013302977895364,0.4186753928661346
P39688_Q60749,0.012618,0.013036,0.016764,0.1852141171693802,0.0010060956701636,0.0014129962073639
Q9CSN1_C0HKE1,0.0026311,0.012944,0.016765,0.004252561368048191,0.9945341348648072,0.0004690194036811
P19783_Q5BN45,0.0023008,0.01297,0.016605,0.0016456899465993047,0.0007520476938225,0.0039748721756041
Q9CY16_Q9CXZ1,0.002205,0.074597,0.78962,0.036989085376262665,0.0013162337709218,0.0093098673969507
P08113_Q3UYI6,0.0021699,0.012973,0.015903,0.12213541567325592,0.0286855064332485,0.0023285211063921
Q62093_Q9R1S0,0.0022051,0.012955,0.016013,0.36851999163627625,0.0003944028285332,0.0052951290272176
P61957_Q9EPB4,0.0022239,0.012968,0.015873,0.03587402030825615,0.9893006682395936,0.0003294198249932
P62849_P0DP43,0.0021829,0.012919,0.015867,0.022819826379418373,0.0006372816860675,0.0002358201309107
Q8C437_P62301,0.002173,0.013085,0.015948,0.4368797838687897,0.0281340759247541,0.0006208816193975
P12960_P63073,0.0022971,0.012985,0.015988,0.011316853575408459,0.0008764885133132,0.0547030419111251
Q9CZ82_Q8R0S2,0.0021851,0.012939,0.015915,0.25330236554145813,0.0006894482648931,0.1464609950780868
Q9CWY8_P25233,0.002184,0.01293,0.015919,0.04361926019191742,0.0015353062190115,0.0011542998254299
P51410_Q80WG5,0.0022107,0.012924,0.015889,0.017191147431731224,0.0002079576515825,0.0156385768204927
P30282_Q80UL9,0.0021919,0.013005,0.017589,0.006610519252717495,0.0004679184057749,0.0008438162039965
Q62193_Q7TS55,0.0021888,0.013012,0.015884,0.004645028617233038,0.0002173232060158,0.3192761838436126
O35625_P98078,0.10396,0.013015,0.016091,0.25372588634490967,0.0016406468348577,0.0008398267091251
Q91WG4_Q9CQR2,0.002207,0.012923,0.015889,0.01247723214328289,0.0018585559446364,0.0002377647033426
P41969_Q5NCF2,0.0021982,0.012968,0.015929,0.004931698087602854,0.0018184451619163,0.0009539147140458
Q9Z2U0_Q3HNM7,0.0021703,0.013037,0.015974,0.02130964584648609,0.000404309364967,0.0195725746452808
Q99K74_Q9Z1N2,0.015796,0.013895,0.016667,0.44887691736221313,0.0075045940466225,0.1846211105585098
Q7TS98_Q8CFI0,0.002215,0.018375,0.01613,0.3028252124786377,0.0010926754912361,0.0002773248997982
P49615_Q91YT0,0.0022591,0.013104,0.015918,0.06744983792304993,0.0002227584773208,0.0298215765506029
Q80ZS3_P37238,0.0022422,0.013014,0.015917,0.3831540644168854,0.0003088782250415,0.9311436414718628
Q63934_P68037,0.0021824,0.013145,0.015909,0.3167986273765564,0.0004008974065072,0.0702155232429504
Q8K214_P35802,0.0021971,0.012922,0.01592,0.0851738378405571,0.0006191635038703,0.0005813808529637
Q80ZK0_P68369,0.0021808,0.012972,0.015953,0.1997491419315338,0.0005420604138635,0.0006428533815778
P23818_O35955,0.0022301,0.012933,0.015893,0.023691991344094276,0.0002460526302456,0.0292128957808017
Q9DAS2_P20152,0.0024278,0.013121,0.015905,0.008176339790225029,0.0005162506131455,0.000471136678243
O35955_P01731,0.002181,0.012943,0.015868,0.5153501033782959,0.000236108811805,0.00180332607124
P54763_Q2MH31,0.002285,0.013003,0.016938,0.20651844143867493,0.0021631771232932,0.000207208271604
P52503_O08665,0.0025294,0.014391,0.017377,0.00594501243904233,0.0002142036682926,0.0005296639865264
Q148A4_Q5U5Q9,0.0090116,0.013052,0.016203,0.3078547716140747,0.0122308731079101,0.0053240000270307
O35618_Q6PGF3,0.0023769,0.013005,0.024923,0.06314623355865479,0.001092919614166,0.0011105673620477
P39054_P0DP43,0.0021914,0.012966,0.015923,0.04119116812944412,0.0006990290130488,0.0003689255390781
Q8R0W6_P62281,0.0022712,0.012934,0.01591,0.01844208687543869,0.0002365948748774,0.0004654574440792
Q64010_Q924T2,0.0021804,0.012994,0.01686,0.01474902592599392,0.0003500416059978,0.0115321222692728
P56477_O55033,0.0022529,0.012991,0.016055,0.006052003707736731,0.0009540374740026,0.0006992235430516
P09022_Q8C669,0.0022158,0.01296,0.015934,0.03221382945775986,0.0004241634451318,0.0188689194619655
Q9CSN1_Q9QZ88,0.0021844,0.012954,0.015887,0.02469922974705696,0.0029346197843551,0.0031573632732033
Q5NCF2_Q01853,0.0021967,0.012955,0.015918,0.07273761183023453,0.0007300468278117,0.7347218990325928
Q9D9U9_Q9WUL5,0.0021772,0.012954,0.01586,0.6606050729751587,0.0003299264935776,0.0026015688199549
Q9WV60_Q63739,0.0024805,0.014202,0.03087,0.006044854409992695,0.9888028502464294,0.0206523202359676
Q80X85_Q6R5N8,0.0022318,0.077045,0.04893,0.12342525273561478,0.0003003058372996,0.1620642244815826
P29752_P16297,0.002229,0.037539,0.075034,0.001815334428101778,0.0016843057237565,0.0161631815135478
Q9CZM2_Q9CQP8,0.0021764,0.012915,0.015917,0.012028457596898079,0.0005848960136063,0.0011128729674965
Q60825_Q9DAM2,0.0021922,0.012962,0.015917,0.22275960445404053,0.0004195892834104,0.0034289830364286
Q8R1I1_Q793I8,0.0022214,0.01292,0.01588,0.021273188292980194,0.0003623777010943,0.0001397447631461
O88703_O55126,0.0021912,0.013583,0.088136,0.3036828637123108,0.0017129927873611,0.0004463147488422
Q9EPB4_Q9CQ20,0.0021779,0.012926,0.015931,0.030909627676010132,0.0020509974565356,0.0013635928044095
P30999_P70338,0.0029841,0.013382,0.018597,0.2569832503795624,0.0049618049524724,0.0008957632817327
Q8BJ56_Q8C6B2,0.0022678,0.013098,0.016414,0.3732011616230011,0.0003649785066954,0.001470127957873
P06804_O08795,0.002211,0.019249,0.018867,0.07033294439315796,0.0008177789277397,0.4102430045604706
P68037_Q9WVS6,0.020385,0.014009,0.016584,0.05399557948112488,0.9984511137008668,0.9786418676376344
P26450_P35991,0.0025374,0.013745,0.021818,0.2324790060520172,0.0067300586961209,0.0035348127130419
O09061_P12960,0.0022316,0.01295,0.015875,0.0679234191775322,0.0002243592316517,0.0065637328661978
Q31099_Q91WC1,0.0022128,0.012968,0.016046,0.38259708881378174,0.0003263228281866,0.0133190294727683
Q9D131_Q59J78,0.0022178,0.012935,0.015939,0.0653122141957283,0.0008287315140478,0.6208922863006592
Q6ZWS8_Q9QXV1,0.0021828,0.012951,0.016294,0.10631066560745239,0.009766586124897,0.0273821949958801
P62812_Q9ES57,0.0082139,0.33817,0.06184,0.3837934136390686,0.011027374304831,0.018850315362215
Q9JL85_Q91YN9,0.0021754,0.013041,0.015891,0.016311082988977432,0.0051971110515296,0.0003747859736904
P97302_Q9CQ39,0.0023229,0.012954,0.015926,0.28953999280929565,0.0062826336361467,0.0013845842331647
Q6SP97_Q9WV60,0.0022008,0.012952,0.016072,0.07897583395242691,0.0008960381383076,0.0210691392421722
Q91WQ5_P23818,0.0021869,0.013009,0.015952,0.15032988786697388,0.0004023254441563,0.0053048729896545
Q61127_Q9D6J6,0.0021765,0.013,0.015929,0.1537146419286728,0.000418227748014,0.0035899472422897
P52946_P49817,0.0022031,0.012928,0.015905,0.00145550852175802,0.0007117263157851,0.0626002922654151
P50752_P83882,0.0021757,0.012937,0.020662,0.379218190908432,0.0004050022107549,0.0016508484259247
P15535_P14869,0.0021804,0.012953,0.015945,0.4365815818309784,0.0002939686528407,0.0008509584586136
P61080_P42208,0.0021863,0.014758,0.015891,0.40286678075790405,0.0003065781493205,0.0507517829537391
Q63943_P14148,0.0021737,0.012931,0.015912,0.21209841966629028,0.0009495309204794,0.0156464390456676
O35526_P54775,0.0028796,0.013762,0.016006,0.39625000953674316,0.0034573953598737,0.0006457187701016
Q9D8T2_P97428,0.0021786,0.013031,0.016617,0.006303089205175638,0.0009777294471859,0.0097024040296673
P99026_Q61457,0.0021741,0.012931,0.01592,0.21838003396987915,0.0002142578159691,0.0057827648706734
Q5BKP2_P28078,0.0021774,0.012971,0.015883,0.055254556238651276,0.0005411281017586,0.0006681134109385
Q61584_P06343,0.0021804,0.013031,0.01589,0.05243726447224617,0.0002913206117227,0.0032334912102669
Q99MB1_Q52L64,0.0023984,0.030088,0.036433,0.03776605799794197,0.9979698061943054,0.000567628594581
Q60902_P01904,0.0021876,0.013138,0.015897,0.0571419782936573,0.001012451481074,0.001324122888036
P35585_Q31099,0.002209,0.01297,0.015951,0.4676256775856018,0.0002797987835947,0.5404329895973206
P61089_P01645,0.0021882,0.01973,0.016147,0.03515505790710449,0.0012608447577804,0.7137460112571716
P01747_O70589,0.0024484,0.01574,0.016179,0.1599683165550232,0.0138414297252893,0.0002515105297788
Q5SW45_Q9R1S0,0.0021947,0.012932,0.016016,0.08958209306001663,0.0061390898190438,0.0715537890791893
P41778_Q505F1,0.011282,0.013024,0.016067,0.2951989471912384,0.0130023760721087,0.0200296603143215
Q80X85_Q8R3R8,0.0021854,0.013004,0.015896,0.07959306240081787,0.0003258310316596,0.5007873773574829
P70696_Q9D855,0.00239,0.013392,0.018947,0.0864359438419342,0.0012609985424205,0.0493971817195415
Q9R1P3_Q9D4K5,0.0021904,0.012919,0.015911,0.03855564817786217,0.0003485173510853,0.0975670143961906
Q08369_P63141,0.0021832,0.013063,0.015949,0.24071180820465088,0.0045925620943307,0.0004692280490417
Q9WVS6_Q60819,0.0021893,0.013044,0.015923,0.24600017070770264,0.0008782013319432,0.0015243515372276
Q60760_P49710,0.0023574,0.013,0.017036,0.39867696166038513,0.0016214880160987,0.038309060037136
Q9CPU2_P39054,0.0022434,0.013081,0.015901,0.30103403329849243,0.0003245410043746,0.0052671213634312
Q9EP73_P48281,0.0022043,0.013277,0.016343,0.004890312906354666,0.0012048744829371,0.0188928246498107
Q9WVI9_Q9QUN7,0.0021763,0.013006,0.016719,0.004936362151056528,0.0005447465227916,0.6468855738639832
P51410_Q53VQ5,0.0022019,0.013123,0.015971,0.1352957785129547,0.0002887776354327,0.0022539726924151
P97371_Q8CII9,0.0022247,0.012962,0.017872,0.19105133414268494,0.0003152012068312,0.0014932140475139
P23812_P62717,0.0022376,0.012945,0.016019,0.024353360757231712,0.0024093152023851,0.0064212144352495
Q9WVI9_Q9QY24,0.0088896,0.01297,0.016351,0.22470666468143463,0.0064206640236079,0.2330166846513748
O88597_Q9D9T8,0.0021766,0.01293,0.015912,0.11589068174362183,0.0170246139168739,0.0012297637294977
Q0VBL6_Q07832,0.0062862,0.013112,0.021457,0.014483452774584293,0.0099216764792799,0.00038570878678
Q9ES46_Q9CQP8,0.0036702,0.012924,0.015977,0.11388947069644928,0.0240038465708494,0.0003057325666304
P61965_Q91X20,0.0021915,0.013157,0.016247,0.0018916792469099164,0.0586002320051193,0.0007046839455142
Q3V0Q6_P18872,0.0021831,0.013093,0.015962,0.0025861349422484636,0.0019743368029594,0.0007881363271735
O88951_Q9JIK9,0.0022067,0.012926,0.015911,0.013480660505592823,0.0016214355127885,0.0008164549362845
P01580_Q91ZW2,0.0021824,0.23177,0.51158,0.029162580147385597,0.00130940543022,0.7757492065429688
P47915_Q9JHS3,0.0022172,0.013113,0.015898,0.050413087010383606,0.0011063535930588,0.4898062646389007
Q99J83_Q8HWE5,0.0021685,0.012927,0.01588,0.18105795979499817,0.0003639665374066,0.1014755815267562
Q8CFA1_Q08024,0.0022004,0.012958,0.016886,0.03477369621396065,0.0007008894463069,0.0014203083701431
Q9DAU1_Q8BVM4,0.0021858,0.013059,0.015927,0.3982554078102112,0.0002828216820489,0.0005689488607458
P61358_Q8CDI2,0.0021837,0.012931,0.015927,0.025948846712708473,0.0009884659666568,0.0004029511183034
Q8BVM4_Q3TBT3,0.0021719,0.01295,0.015902,0.0719522163271904,0.0013243593275547,0.0189679060131311
Q3HNM7_Q9WTM5,0.0021872,0.013287,0.015896,0.24308770895004272,0.0012940599117428,0.97645366191864
O88951_Q00420,0.002239,0.01519,0.023593,0.01181830931454897,0.0034211524762213,0.0649005621671676
Q91XM9_P54818,0.0021738,0.012961,0.015938,0.06281259655952454,0.0006499323644675,0.0003400514251552
Q9JJV2_Q8BJ56,0.0021818,0.012924,0.015912,0.018133506178855896,0.0036560248117893,0.0417097806930542
Q08775_P70217,0.25801,0.014789,0.016261,0.010923147201538086,0.1488973796367645,0.0089038610458374
P18469_Q8K3K8,0.0022688,0.013458,0.015979,0.05229448154568672,0.0010494641028344,0.0003648480342235
P05480_O55203,0.0023032,0.012987,0.016137,0.002542992355301976,0.0051133795641362,0.0004069294373039
Q8VE22_Q9JJY9,0.0022044,0.012976,0.015949,0.0665084570646286,0.0002672327391337,0.0022449090611189
Q2NL51_P01108,0.21678,0.013046,0.018763,0.0017137642716988921,0.0094955526292324,0.209133893251419
P61924_P35831,0.0021866,0.012955,0.01593,0.043771080672740936,0.0009920014999806,0.0028756491374224
O35449_P23798,0.0021935,0.013245,0.015916,0.06961119920015335,0.0004622024716809,0.024382097646594
Q9JMA2_P62843,0.019581,0.013152,0.01592,0.4913078546524048,0.0008995857206173,0.0011390104191377
Q9CY16_Q60837,0.002235,0.046113,0.028045,0.016150591894984245,0.0005206493078731,0.052801489830017
P27512_Q60803,0.0022847,0.013139,0.016025,0.10201866179704666,0.0006927704089321,0.8991144299507141
P60879_Q91YE7,0.0021867,0.012973,0.015914,0.1270989328622818,0.0005461413529701,0.000651367532555
Q80WQ6_Q00560,0.056744,0.013273,0.030851,0.0008175502880476415,0.0005087451427243,0.0001402231573592
P04187_Q9Z1X4,0.0022056,0.013,0.015942,0.0021404691506177187,0.0003950935497414,0.0009808107279241
Q60809_Q3UGQ1,0.0021937,0.012963,0.016097,0.15107978880405426,0.0016749397618696,0.2646064460277557
Q60803_Q8C6B2,0.0030532,0.013072,0.016858,0.06187241151928902,0.0005161930457688,0.0004579146043397
P23198_A0A0M3KL48,0.0021971,0.013092,0.016096,0.015739357098937035,0.0007574437768198,0.0007809276576153
P70460_Q8VCW4,0.0022387,0.013203,0.016095,0.571320116519928,0.0002881418040487,0.2845825850963592
Q9QYH6_P01665,0.0021914,0.013069,0.01632,0.02827279269695282,0.0008197972783818,0.0882794186472892
Q61190_P01723,0.0078403,0.10038,0.28662,0.013769671320915222,0.984827160835266,0.0009540283353999
Q9JMK2_Q99MH5,0.0022028,0.012941,0.015949,0.020361386239528656,0.000898678030353,0.9762595891952516
C0HKE3_P07356,0.0024688,0.012969,0.015971,0.18385158479213715,0.0003396585816517,0.0215701907873153
O88653_Q64028,0.002175,0.012942,0.015891,0.30885645747184753,0.000814339146018,0.0911949053406715
P23611_P41183,0.0024824,0.012994,0.016737,0.01910395175218582,0.0019050401169806,0.0013940233038738
Q9QUM9_O88282,0.0021694,0.012957,0.015899,0.0034011430107057095,0.0002093554503517,0.0004229600017424
Q61180_P62892,0.0022113,0.01294,0.015887,0.0381355844438076,0.0003709401353262,0.0003091587277594
P97371_P15247,0.0022122,0.013206,0.016151,0.21298810839653015,0.0004847005184274,0.0003878475399687
Q9D495_O55033,0.0022581,0.013011,0.016019,0.005080109462141991,0.0044601932168006,0.1161142736673355
Q4KKZ1_P01108,0.0023532,0.012959,0.015962,0.21578346192836761,0.004142191261053,0.0003986031515523
Q60769_Q6DIA7,0.0023021,0.013052,0.016413,0.01790943555533886,0.0037914845161139,0.1199457719922065
Q9Z2U1_Q9ES46,0.0021674,0.012936,0.015903,0.04258838668465614,0.000287478294922,0.2334470003843307
O70343_P97457,0.0021751,0.013203,0.015915,0.03829237446188927,0.0134867383167147,0.0009021900477819
O54709_F7BJB9,0.0022023,0.01296,0.015949,0.48278334736824036,0.0002599883009679,0.0005084627191536
Q64287_Q9QYH6,0.01168,0.012938,0.016448,0.44818294048309326,0.0012500529410317,0.0062069692648947
Q9QYH6_Q9CQT6,0.0021803,0.013009,0.01592,0.04638807475566864,0.0016239648684859,0.0034341050777584
P35922_P03893,0.0021984,0.01295,0.015867,0.058200180530548096,0.0004435164155438,0.0071756280958652
P24604_Q99JB6,0.0023008,0.013028,0.023302,0.03219941258430481,0.0024269290734082,0.1188106909394264
P42669_P97784,0.0022061,0.01293,0.015932,0.1859423816204071,0.001193435746245,0.0015492411330342
Q9EST8_P63044,0.0022697,0.013362,0.01587,0.02393895760178566,0.0017909416928887,0.1992405205965042
Q8BFU0_Q8CJG0,0.0021865,0.012945,0.015929,0.08657271414995193,0.0002740352647379,0.8271044492721558
Q9D4K7_Q9WVB3,0.002321,0.013306,0.016043,0.00422906456515193,0.0171542316675186,0.0247261859476566
Q60809_P48787,0.0021817,0.012959,0.016001,0.03912701457738876,0.0068589365109801,0.0006374399526976
Q80US8_Q08481,0.0024837,0.016402,0.016093,0.004016474355012178,0.0004522712551988,0.0003540520265232
O35963_P30051,0.0082816,0.013025,0.016299,0.0411580353975296,0.0003010336367879,0.0032553079072386
Q60591_Q8VCW4,0.002199,0.013593,0.016491,0.018762672320008278,0.0005282640922814,0.1942591220140457
P35438_Q62108,0.0021835,0.012959,0.01595,0.36079034209251404,0.0012648905394598,0.2755197286605835
P97471_Q8BUN5,0.0025364,0.012928,0.015985,0.2678353786468506,0.9989522695541382,0.0007457585306838
Q80WG5_Q6R5N8,0.0022483,0.68194,0.017574,0.13011980056762695,0.0009191831341013,0.0236259251832962
Q8CGS2_Q8VEG6,0.002196,0.013538,0.016639,0.10073104500770569,0.0047909249551594,0.0009178690961562
Q9DCJ5_O70469,0.0022169,0.012949,0.01624,0.038377534598112106,0.0003582726349122,0.0004747617640532
Q04735_Q04207,0.0027942,0.013025,0.025384,0.25274789333343506,0.2217007428407669,0.0007647710153833
Q9JHD2_Q91XD6,0.0021758,0.012941,0.015933,0.15566624701023102,0.0020286687649786,0.0004417684685904
P70217_Q9D125,0.0021963,0.012945,0.015912,0.08808477222919464,0.0025742843281477,0.0127642340958118
P01851_P28574,0.0021793,0.33002,0.015909,0.15386371314525604,0.0003204075910616,0.0045877383090555
P10749_P70195,0.0021943,0.012934,0.015905,0.0610814169049263,0.0002320363855687,0.0004808838129974
P30285_Q60773,0.0024572,0.014911,0.055422,0.13539767265319824,0.9984013438224792,0.0017937227385118
Q9WTK5_Q99P58,0.0022979,0.013736,0.016841,0.19123922288417816,0.0054705636575818,0.0042502097785472
P09542_Q3V0Q6,0.0021772,0.0133,0.015894,0.142011359333992,0.000972123350948,0.001139031490311
P27659_P18525,0.0023805,0.013009,0.015882,0.0034352901857346296,0.0004508890269789,0.0119924210011959
Q9CQ91_P27467,0.0024148,0.012971,0.015926,0.1662813276052475,0.0002651987015269,0.0409963391721248
Q9R1P0_I6L991,0.0022047,0.016045,0.015869,0.08321668207645416,0.0003413308004382,0.0212619192898273
Q8K2G4_P03921,0.0021996,0.012937,0.015861,0.00945936981588602,0.0002175298868678,0.986212968826294
P84099_Q9QYH6,0.0021782,0.012949,0.01883,0.04854237288236618,0.0003048448415938,0.4024288952350616
P22091_P81270,0.05416,0.013032,0.016322,0.13421811163425446,0.1671308577060699,0.026864705607295
P29452_Q920D3,0.0022179,0.012957,0.015993,0.044902849942445755,0.0003121580812148,0.0001865924423327
Q08509_Q8CBW3,0.46078,0.012997,0.016333,0.27139371633529663,0.0351693890988826,0.0012229587882757
Q3TWN3_P10300,0.00286,0.027554,0.14582,0.09723736345767975,0.0009881618898361,0.000504852971062
Q8VE22_P08046,0.0022112,0.012947,0.015913,0.2923949956893921,0.000751021085307,0.0047061806544661
Q8VEA4_Q02242,0.0021901,0.012976,0.016488,0.06046010181307793,0.0004702751757577,0.00074432650581
Q9WVR4_Q8BGW0,0.0022143,0.013072,0.015942,0.15249666571617126,0.0014598880661651,0.4510507583618164
Q8K3K8_Q6QLQ4,0.0022531,0.012962,0.016098,0.005799067206680775,0.0011384901590645,0.0395631790161132
P62137_Q6R891,0.0024765,0.013073,0.018267,0.302676260471344,0.0062475828453898,0.028865560889244
P15209_Q924X6,0.0024928,0.014738,0.058231,0.08188033103942871,0.9874160885810852,0.0004903144435957
P16675_Q9DAG4,0.0022469,0.012989,0.016107,0.23785780370235443,0.0017200246220454,0.00503611844033
Q9CQJ2_P01642,0.0022686,0.012977,0.015881,0.005817551165819168,0.0004966351552866,0.000802039692644
Q9CZB6_P46096,0.0021957,0.012944,0.016036,0.05877671390771866,0.0002106533356709,0.7123449444770813
P23611_Q9WVE0,0.0021796,0.012923,0.015931,0.08059635013341904,0.0025979275815188,0.0012880021240562
Q91VI7_Q62406,0.0021747,0.012973,0.019446,0.003007819876074791,0.0022796515841037,0.8757768273353577
P61089_Q8VI33,0.002186,0.01305,0.015897,0.14456798136234283,0.0003898591094184,0.0002631274110171
P54775_P47713,0.0022093,0.012983,0.015964,0.061123572289943695,0.0005140554858371,0.0008749639964662
P14753_Q9CSN1,0.0022113,0.012979,0.015909,0.021234702318906784,0.0004669947375077,0.0304683689028024
Q9DBR4_Q8BP67,0.0021794,0.012954,0.016099,0.04784882813692093,0.0008667677175253,0.0188827570527791
A0A087WRI3_P28741,0.0022002,0.0131,0.016032,0.3331589698791504,0.0100784860551357,0.5941504240036011
Q8C5G2_Q8VH51,0.0022001,0.012937,0.016055,0.00510813295841217,0.0080139497295022,0.000467772828415
P31311_Q9DCL4,0.0022244,0.012982,0.015987,0.3182055652141571,0.0007154918275773,0.0013243012363091
Q921D4_Q61140,0.0021906,0.012941,0.015933,0.23228570818901062,0.0004724944301415,0.0008942338172346
Q3TBT3_Q91VN6,0.0022101,0.013005,0.015931,0.039002396166324615,0.0006657054764218,0.0107388142496347
Q2TBA3_P08505,0.0021921,0.012993,0.016294,0.023263508453965187,0.0022556139156222,0.0008466326980851
Q6P3B9_P08113,0.0021755,0.013912,0.016171,0.3206215798854828,0.0005143674206919,0.0069997375831007
O88522_P0CG50,0.0023547,0.013052,0.015916,0.03877563402056694,0.9938881993293762,0.0002629378286655
P08207_O35089,0.0022279,0.012953,0.015887,0.13334660232067108,0.0004725520557258,0.1122523695230484
Q61083_Q8R2K4,0.0022278,0.013003,0.017036,0.15636728703975677,0.000948351516854,0.0002635966811794
Q62264_Q9CZ82,0.0022199,0.013051,0.016055,0.001642886083573103,0.0003876030386891,0.0008106071036309
Q4KKZ1_Q9CWF6,0.0022271,0.012922,0.016085,0.09238708764314651,0.0015833496581763,0.002023372799158
Q91V08_Q9JLQ0,0.0021954,0.013064,0.01592,0.09338736534118652,0.0005651154206134,0.0010770140215754
P01590_P04351,0.0022232,0.093969,0.02675,0.02384008839726448,0.0160572323948144,0.0004485577810555
Q9R000_O55033,0.002177,0.012965,0.015953,0.12343251705169678,0.0009852255461737,0.0626055747270584
P47753_P62267,0.0021852,0.01293,0.016154,0.4455162286758423,0.0003087540098931,0.000754298234824
P62892_Q9QUQ5,0.0022036,0.013027,0.016066,0.013132989406585693,0.0004190658510196,0.6430801153182983
Q9D9V4_O88566,0.0021819,0.012939,0.015889,0.06495806574821472,0.0040794764645397,0.0011527977185323
P35330_P47753,0.0021867,0.012931,0.015894,0.028588643297553062,0.0002926917222794,0.066891461610794
P01590_Q9CPX7,0.0021868,0.01295,0.015896,0.03432908654212952,0.0003239870420657,0.8977645635604858
O08586_P62984,0.0021864,0.013129,0.016128,0.004997252952307463,0.0015801633708178,0.0023292556870728
P63101_Q61097,0.0021891,0.01409,0.13094,0.02795194834470749,0.0211769174784421,0.1166283637285232
Q8CDD8_Q60819,0.0022209,0.01304,0.016551,0.23016037046909332,0.0005214806878939,0.215401142835617
Q99KP6_Q9CPX7,0.0021967,0.012976,0.015904,0.12153970450162888,0.0004630732000805,0.0002822740061674
Q9CY16_Q7TMF3,0.002293,0.013147,0.015903,0.0751844197511673,0.0014345550443977,0.0003820245037786
P18525_P70196,0.0022868,0.014442,0.016131,0.1174633726477623,0.0015919815050438,0.0003479596052784
P17427_Q2VPU4,0.0038413,0.013367,0.016262,0.01391918957233429,0.0026581909041851,0.0006950933020561
Q9Z138_Q8BH16,0.0021786,0.013078,0.019073,0.004910188727080822,0.0007429888355545,0.2950536012649536
P27467_O54918,0.0021843,0.013052,0.02086,0.06405965983867645,0.0002831402816809,0.0238420013338327
Q91VR7_O70439,0.0021776,0.013002,0.015925,0.009396282024681568,0.0003208236012142,0.0011635787086561
Q5BN45_Q8CF89,0.0022152,0.012963,0.015942,0.05563746392726898,0.0007076784386299,0.0015767231816425
Q3V0Q6_O08734,0.0021957,0.01297,0.01591,0.15727542340755463,0.0012424398446455,0.0024520445149391
P01647_Q9QYP6,0.0021843,0.014164,0.015926,0.01807541586458683,0.0031989128328859,0.6092578172683716
P35343_Q00609,0.0030656,0.030847,0.23897,0.03530439734458923,0.0036688521504402,0.0002964603190775
Q9DCA2_O09100,0.0021834,0.013341,0.015931,0.30607476830482483,0.000885704474058,0.0113332327455282
Q91WQ5_Q04211,0.0022206,0.012945,0.01596,0.48345234990119934,0.0028990169521421,0.0044400673359632
Q9DCJ7_Q62277,0.0022403,0.013899,0.027433,0.007128664292395115,0.0002121772704413,0.034480195492506
Q61221_Q925K9,0.0022145,0.013066,0.017055,0.02537711337208748,0.0178273860365152,0.2289037406444549
Q61216_Q9CQ20,0.0021906,0.012937,0.015937,0.04018737003207207,0.0003503709740471,0.0315492413938045
Q5U5Q9_P27038,0.0022719,0.012991,0.016775,0.2430216521024704,0.0003434602404013,0.0004962998209521
Q9JHS3_Q8R1R4,0.0021826,0.012921,0.015952,0.3823586702346802,0.0006928571965545,0.0013410316314548
P70445_Q921A6,0.00218,0.013122,0.016005,0.02792191505432129,0.0005082236020825,0.070829726755619
Q63844_Q99JB4,0.002275,0.013073,0.0164,0.10263260453939438,0.0002839840890374,0.0010635837679728
P70218_P20263,0.0023605,0.013083,0.022549,0.010603249073028564,0.0037161840591579,0.0005956880631856
Q5SSL4_P97310,0.0021975,0.012986,0.016033,0.13712698221206665,0.0004031243734061,0.0074787056073546
Q6P8X9_Q2NL51,0.0023261,0.012972,0.016206,0.37336301803588867,0.1008545383810997,0.0013879374600946
Q9JJR7_P00756,0.002276,0.013416,0.01593,0.029298320412635803,0.0002989167405758,0.0482151173055172
P49817_Q9CZ13,0.0023098,0.012937,0.016033,0.04223508760333061,0.0004197923408355,0.0031301779672503
Q9WTK5_Q9DC40,0.0025892,0.015039,0.027322,0.3994177281856537,0.3144336342811584,0.0021500764414668
O08795_Q9WU38,0.0026569,0.013709,0.069939,0.015524141490459442,0.0006275698542594,0.1491611450910568
Q62231_Q9DCA2,0.0022068,0.013003,0.015891,0.0018400974804535508,0.0006189154228195,0.7114015221595764
Q9JLQ0_Q9D485,0.0021874,0.013024,0.016074,0.010149934329092503,0.9978220462799072,0.000708031875547
P14429_Q3V0Q6,0.0021774,0.012982,0.016275,0.11933320760726929,0.0019193014595657,0.0002634864067658
Q8BG40_P20937,0.0021955,0.012963,0.015972,0.1323322206735611,0.0005215518176555,0.0072233607061207
Q60591_Q9EPK5,0.15281,0.012974,0.016205,0.25833770632743835,0.014650784432888,0.1137130707502365
Q3UDK1_Q99ME6,0.0022031,0.012935,0.015979,0.2144193947315216,0.0003402254078537,0.0035709503572434
O88188_Q9DBG3,0.0021853,0.014053,0.015974,0.037198442965745926,0.0002548277843743,0.1121667474508285
Q99M51_Q6QLQ4,0.0022514,0.01313,0.016925,0.015776600688695908,0.0013291174545884,0.0041104056872427
P26369_O35955,0.002186,0.012942,0.015926,0.4813846945762634,0.0005337689071893,0.024360192939639
Q3V3N7_Q9CWF6,0.0024836,0.015226,0.039766,0.0689472034573555,0.0096909524872899,0.0056194267235696
Q921A6_P08046,0.0021881,0.013689,0.01594,0.01979200355708599,0.0020820908248424,0.2807562947273254
O35305_P39429,0.0022116,0.013131,0.016476,0.09833128750324249,0.0005835589836351,0.0023438869975507
P04224_P61205,0.0021984,0.016566,0.016103,0.2871344983577728,0.0009432678343728,0.4766882359981537
Q9WU78_O35718,0.0021729,0.012933,0.015914,0.004494460765272379,0.0002996703551616,0.6368370652198792
Q9DCJ7_Q9Z0F8,0.0022195,0.049352,0.20921,0.0828772559762001,0.0002497668319847,0.0089668156579136
Q3V1H9_P0DP43,0.0022006,0.012928,0.016617,0.009853443130850792,0.0008526746532879,0.0004687233595177
Q9Z2U1_Q8R464,0.0021852,0.012985,0.015871,0.18625709414482117,0.0002304353110957,0.0697483643889427
G5E8A8_P25911,0.0022156,0.012976,0.016016,0.01888725720345974,0.0014039301313459,0.1165702790021896
P48453_Q924H2,0.0022968,0.013085,0.016061,0.2677379548549652,0.0049769226461648,0.0044174115173518
Q00420_P43006,0.0022102,0.012965,0.015917,0.21841347217559814,0.0003619171620812,0.0005234717391431
Q8CBW3_P05480,0.0044849,0.013312,0.036641,0.0017986916936933994,0.0007875154842622,0.4385713040828705
P13297_Q9CQR7,0.0023734,0.013005,0.01593,0.08060581982135773,0.0009045419865287,0.0745161846280098
Q9DAR0_P06339,0.0022068,0.012966,0.01591,0.28996846079826355,0.0003612556611187,0.0045227757655084
P20334_Q9D9T8,0.0022001,0.012951,0.015895,0.13346651196479797,0.0007934613968245,0.0235109124332666
Q80US8_Q3UYI6,0.0027806,0.013032,0.016427,0.2795668840408325,0.0021859516855329,0.0077448179945349
Q65ZI1_P07356,0.0022211,0.013007,0.01589,0.23654025793075562,0.0034965949598699,0.0002923882566392
Q9JJW5_Q921D4,0.0022073,0.012918,0.015981,0.08144717663526535,0.0260134357959032,0.0028738586697727
P23780_Q8JZM0,0.0022374,0.012982,0.01591,0.007093794643878937,0.0003790980845224,0.0006493160035461
P70696_Q91XU0,0.012172,0.012975,0.54606,0.19941236078739166,0.0020643440075218,0.1983061134815216
P97471_Q6PAT0,0.0021741,0.012954,0.016014,0.0808505043387413,0.0013294796226546,0.226353645324707
Q8VD72_Q9DB91,0.002222,0.013326,0.015912,0.03227991983294487,0.011027468368411,0.0010593407787382
P25322_P39689,0.0022377,0.012972,0.016136,0.04478238895535469,0.0094091705977916,0.0121429311111569
P14753_P26450,0.0022282,0.013049,0.016037,0.1431194245815277,0.0005665494245477,0.0004183370037935
Q9D7X3_P07750,0.0021849,0.012954,0.015965,0.12259074300527573,0.0003768415481317,0.0002994661335833
P51141_P42228,0.0022525,0.012961,0.016786,0.5126281380653381,0.0029547752346843,0.0145369935780763
Q80ZS3_P58283,0.0022076,0.013015,0.015906,0.15744911134243011,0.0009484803304076,0.0175584964454174
P61982_P43404,0.0021987,0.014047,0.15899,0.0031841632444411516,0.0015211123973131,0.0475434586405754
P09023_P01820,0.002383,0.023611,0.016664,0.03480269014835358,0.001360424561426,0.0013097085757181
P28076_Q8VDU0,0.0021686,0.014205,0.0159,0.009413945488631725,0.0004551939491648,0.0003519935416989
Q9D8E6_Q811G0,0.0021876,0.013424,0.016344,0.05673300847411156,0.0002698712341953,0.0298722553998231
Q7TMM9_P18531,0.0024953,0.013779,0.015919,0.015007711946964264,0.0011258572340011,0.000202194423764
Q9CQI9_A2NTY6,0.002193,0.013197,0.015961,0.08436057716608047,0.0003259655495639,0.7714912295341492
P43432_Q6P3B9,0.0022351,0.75408,0.052901,0.024625249207019806,0.0002842806861735,0.0790158882737159
D2D553_Q60795,0.002224,0.012945,0.015948,0.11643969267606735,0.0096268448978662,0.0008308019023388
Q9ES57_A0A2R8VHF7,0.0022744,0.018686,0.019917,0.2538624703884125,0.0007056812173686,0.057240542024374
P00757_P04187,0.37069,0.64495,0.67807,0.07296642661094666,0.9986566305160522,0.0017258215229958
Q91V27_Q9DAR0,0.0022633,0.012948,0.01598,0.11122430115938187,0.0026513629127293,0.0012068207142874
P09055_A0A2R8VHF7,0.0022876,0.013039,0.016136,0.3907140791416168,0.0011992227518931,0.0005771137075498
P15247_P01592,0.0024787,0.64921,0.084843,0.0326298251748085,0.0054046176373958,0.0005912759224884
Q9QUM9_P01900,0.0021879,0.012976,0.015876,0.008319208398461342,0.0002204970078309,0.0192564222961664
Q9D7W5_P84751,0.0021869,0.013947,0.015878,0.09837039560079575,0.0003282642574049,0.0072077820077538
P62878_Q9JIA1,0.0021983,0.013105,0.01589,0.1960734724998474,0.0002685309736989,0.0010660898406058
O88513_P28076,0.0021696,0.012925,0.01589,0.24177145957946777,0.0002500169794075,0.011905925348401
P18527_Q9JIY5,0.0023102,0.017025,0.015976,0.13575704395771027,0.0049547050148248,0.5336296558380127
P08046_P02088,0.0021836,0.012951,0.015877,0.11485642939805984,0.0011980759445577,0.0005527572939172
P02340_O08603,0.0021882,0.013269,0.016709,0.12079063057899475,0.0006188278202898,0.0004250152269378
Q3V3N7_Q8VD72,0.0022077,0.013808,0.016292,0.002490544691681862,0.0018441341817378,0.7496684193611145
P07750_P99026,0.0021942,0.01294,0.015892,0.0020136884413659573,0.0002236778964288,0.0307652689516544
Q9CXY6_P01665,0.0021734,0.012935,0.016571,0.04748797044157982,0.0009043499012477,0.0002614965487737
P53566_Q8R502,0.002227,0.013064,0.01593,0.0192961934953928,0.0002487008168827,0.0024074707180261
Q8C0J2_Q99J83,0.0022039,0.012977,0.015895,0.04377060383558273,0.0060518290847539,0.0028004355262964
Q9ERR1_Q64339,0.0023176,0.013036,0.01591,0.4901714622974396,0.0046918569132685,0.0001999737869482
P31324_Q9CQT6,0.0021837,0.012951,0.015972,0.16148166358470917,0.0027436399832367,0.0006422412698157
P55258_P29452,0.002574,0.013386,0.016258,0.1307700276374817,0.0047633647918701,0.0197925250977277
Q9ES28_Q62170,0.0023209,0.012995,0.015959,0.045041099190711975,0.0006272579776123,0.0001795666466932
Q8R3V6_O88188,0.0021878,0.012957,0.015885,0.2337474822998047,0.0013457406312227,0.0027782206889241
Q9JJX7_Q9JIF7,0.0021802,0.013313,0.01593,0.06262707710266113,0.0012720288941636,0.0018399695400148
Q9DAG4_Q91XL9,0.0022192,0.013036,0.016115,0.017192332074046135,0.001305618439801,0.0184752698987722
Q9CQZ5_Q8C031,0.002196,0.013844,0.022692,0.005087766796350479,0.0002906927547883,0.0007681614952161
Q62312_Q9Z2U0,0.0021837,0.012936,0.015898,0.4396040141582489,0.0002105354651575,0.0017966433661058
Q8R502_P62274,0.0021831,0.012947,0.015891,0.027440691366791725,0.000780877075158,0.925647795200348
Q61324_Q99NC0,0.42648,0.013026,0.016073,0.5752121210098267,0.001618435839191,0.0074450280517339
Q9D125_Q01887,0.0021908,0.012955,0.015899,0.01828053407371044,0.0002743761870078,0.0790211409330368
Q03347_P09632,0.72427,0.014001,0.016281,0.0032800696790218353,0.9973885416984558,0.0002406176499789
Q9D9T8_P35330,0.0021915,0.012935,0.015887,0.039963867515325546,0.0006852460792288,0.002557074651122
Q9JL85_Q9Z0H7,0.0021788,0.01299,0.015893,0.3820333182811737,0.002002120250836,0.0406985431909561
P01820_Q059U7,0.0022031,0.013058,0.017074,0.25885632634162903,0.0064390944316983,0.0036434535868465
P97459_P52795,0.0022954,0.013036,0.016654,0.037641528993844986,0.0006241162773221,0.0009410070488229
P63011_P30282,0.0022467,0.013335,0.016052,0.0013500743079930544,0.0003468001668807,0.0010084511013701
P60710_Q6PD24,0.0021789,0.013776,0.015937,0.24040396511554718,0.0016617396613582,0.0041207461617887
Q59J78_A0A2R8VHF7,0.002192,0.012942,0.015887,0.21881985664367676,0.0006741924444213,0.0030076426919549
P30280_P30285,0.002196,0.013077,0.021904,0.20599476993083954,0.9990084767341614,0.0009098947630263
Q63943_A0A0E4B366,0.0021893,0.013077,0.015938,0.11142496764659882,0.0005256680306047,0.825822651386261
P14148_P99026,0.0021762,0.012925,0.015903,0.005807333625853062,0.0002135340037057,0.0005966008175164
P97792_Q61190,0.0057885,0.042743,0.20369,0.006459648255258799,0.9971315860748292,0.0003204809327144
Q9Z2U0_O55222,0.0021859,0.012954,0.015923,0.03242863342165947,0.0002167382044717,0.0013346086489036
P97767_Q60629,0.0022472,0.013199,0.016291,0.04428320750594139,0.0005873853806406,0.0003482158062979
O35305_Q9DC71,0.0022199,0.04619,0.16694,0.011152276769280434,0.0004435806768015,0.1407129317522049
Q9D9D9_P08113,0.0022162,0.013063,0.015924,0.0030408594757318497,0.0013138413196429,0.0001313916436629
Q80XE1_Q8CGK7,0.0022471,0.01383,0.016456,0.0023251615930348635,0.116912230849266,0.0032763364724814
O88508_Q9CWR8,0.0022484,0.013313,0.01897,0.28384894132614136,0.9934043288230896,0.001086420379579
P01823_P42225,0.0021876,0.013389,0.015987,0.07425252348184586,0.0015399920521304,0.2981969118118286
P01747_Q9WU38,0.0022464,0.016316,0.037139,0.370968759059906,0.0149046350270509,0.0841314494609832
Q9JL85_Q9DBR4,0.0022294,0.013158,0.016081,0.11558782309293747,0.005495233926922,0.0002125180326402
A2A825_Q64337,0.0022044,0.01298,0.01593,0.008236401714384556,0.0078209117054939,0.059090532362461
O55029_P14206,0.0021978,0.013061,0.015941,0.08334127068519592,0.0006870207726024,0.0694016143679618
Q9JHF9_P62881,0.002202,0.013116,0.016487,0.003898916533216834,0.001359584624879,0.2601608335971832
Q62276_Q0VBL6,0.0026114,0.012987,0.016271,0.007184640038758516,0.0003152480931021,0.0002260135370306
P25444_Q9CZX0,0.0025272,0.012972,0.01597,0.12556171417236328,0.0005496672820299,0.8921183943748474
P06343_Q9WV86,0.0021893,0.013422,0.015892,0.08246330171823502,0.0003684638359118,0.0005384650430642
Q61327_Q62083,0.0021991,0.012935,0.015881,0.3454298675060272,0.0003967561351601,0.0146389817818999
P97302_Q62424,0.0025985,0.013428,0.016109,0.11498574912548065,0.004338689148426,0.0002320273197256
Q9D4G2_Q9QZL0,0.0024916,0.013104,0.017944,0.012870433740317822,0.003357476554811,0.9795714616775512
P62858_O88703,0.00222,0.012995,0.015899,0.06703564524650574,0.0003351890482008,0.0035777722951024
Q922Y1_Q8R464,0.0021795,0.01296,0.015871,0.01396657433360815,0.000286295893602,0.0279351789504289
Q9WVI9_P61080,0.0021744,0.013013,0.015908,0.17791491746902466,0.0007805426139384,0.0006584128132089
P15314_P23611,0.0051747,0.012944,0.016064,0.014273392036557198,0.9984059929847716,0.0037034631241112
P01645_Q3USJ8,0.0021941,0.013035,0.016042,0.03616396710276604,0.0027633192948997,0.0068492083810269
P35329_Q60631,0.0021926,0.013054,0.01595,0.1555921882390976,0.002286443253979,0.1532160639762878
P97372_P35438,0.0021865,0.012936,0.015927,0.33449411392211914,0.0005821494269184,0.0199473910033702
P63085_Q62108,0.0024201,0.013052,0.052355,0.11962664872407913,0.9902064204216005,0.4961612522602081
O35305_B5KM66,0.0022336,0.012962,0.015899,0.06031273677945137,0.0013448417885228,0.0002564723254181
Q9D7N3_Q8R4G0,0.002277,0.017051,0.0442,0.1599424183368683,0.0002574439567979,0.0028602688107639
Q9D9U9_Q14C51,0.0021789,0.013468,0.016034,0.022972838953137398,0.0007987097487784,0.0041947499848902
Q8CGP6_P05977,0.0057629,0.013095,0.017123,0.2766185402870178,0.000296671554679,0.0091419890522956
Q61584_Q60591,0.025,0.012962,0.016085,0.0044580320827662945,0.0216154027730226,0.0294923242181539
Q99K90_Q91V27,0.33266,0.013058,0.016286,0.007538923993706703,0.0039352690801024,0.0020294277928769
O08609_P62849,0.0021736,0.013006,0.015904,0.0876135528087616,0.0002872109180316,0.0071471221745014
Q8R502_P84228,0.0021833,0.012944,0.016028,0.20889873802661896,0.0002334120654268,0.5444017648696899
P62881_Q9JLQ0,0.0050019,0.013815,0.016219,0.06835602968931198,0.0248693507164716,0.0080974362790584
Q60989_O55234,0.002215,0.012957,0.01595,0.06911510229110718,0.000311394163873,0.0203480739146471
Q3UNW5_Q60773,0.0022,0.012999,0.016641,0.15048792958259583,0.0034600757062435,0.0980802252888679
Q7TS55_O54784,0.002208,0.012995,0.016051,0.035597387701272964,0.0002928410540334,0.1730513125658035
P41778_P18531,0.0022083,0.013613,0.015962,0.12213197350502014,0.001675289706327,0.001526306499727
P01642_Q8CDJ3,0.0021983,0.013036,0.015915,0.07660088688135147,0.0007683566655032,0.000554978789296
P08113_Q62227,0.0021768,0.012998,0.015895,0.011441447772085667,0.0003699220251291,0.0011558391852304
P01647_P97454,0.002192,0.012954,0.015912,0.09478384256362915,0.0020021449308842,0.9506497979164124
P58064_P07901,0.0022826,0.012962,0.016035,0.008689472451806068,0.000345358683262,0.0346813201904296
P30285_P59178,0.0023638,0.013043,0.018251,0.016545316204428673,0.0076981666497886,0.0004084786341991
Q9WVS7_Q3TCJ1,0.0023498,0.012976,0.016113,0.11675567924976349,0.0046377563849091,0.0011040053796023
A2AIP0_Q06890,0.0022442,0.012961,0.016015,0.03538557514548302,0.0010147308930754,0.0048568593338131
P29352_Q9R1P4,0.0021778,0.01298,0.015894,0.4480307102203369,0.0004360807361081,0.0542313233017921
Q5SW45_Q0VBL6,0.002338,0.012958,0.016644,0.008016698062419891,0.0009078857256099,0.8726610541343689
Q9D9T8_Q91YE7,0.0021786,0.012974,0.016039,0.199279323220253,0.9989088773727416,0.0042325318790972
Q60819_Q60680,0.0022791,0.01301,0.016337,0.0967440977692604,0.0016227653250098,0.0001312474923906
O70589_O88952,0.0023709,0.013008,0.019434,0.20018169283866882,0.0154743157327175,0.001838884782046
P01900_Q91WC1,0.0021938,0.01298,0.015932,0.0010007903911173344,0.0003624627133831,0.0017807123949751
Q61337_Q9CWE6,0.0021861,0.012942,0.015941,0.04901690408587456,0.0047901202924549,0.0079990047961473
O54788_P98078,0.0021771,0.012951,0.015932,0.045104753226041794,0.0043255216442048,0.0080751841887831
P81270_P02088,0.0021966,0.012933,0.015944,0.008400877937674522,0.0023228398058563,0.0036220725160092
Q9D7X3_P01887,0.0022012,0.014335,0.015952,0.1422417163848877,0.0002553231606725,0.5744757652282715
P09055_Q60825,0.0023853,0.013073,0.018046,0.01392667181789875,0.0013400338357314,0.0055914996191859
P01101_A0A0M3KL48,0.0021923,0.34693,0.0159,0.22975648939609528,0.0008420652011409,0.5472978353500366
P62962_Q9D9V4,0.0021843,0.012938,0.015935,0.09691181778907776,0.0030984652694314,0.0022781530860811
P10148_P39054,0.0021841,0.013072,0.015928,0.05757182836532593,0.0003332447668071,0.0002004189445869
Q62170_O54709,0.0022171,0.013609,0.021576,0.40238335728645325,0.0013853122945874,0.0010753225069493
Q9D8E6_Q9JIE6,0.0021856,0.013147,0.016065,0.14376448094844818,0.0002690553083084,0.0007710210047662
Q9QZ88_Q61666,0.0021674,0.012979,0.015991,0.05776064470410347,0.3757729530334472,0.0022077145986258
P07901_Q9R000,0.0021736,0.012936,0.016027,0.07901081442832947,0.0441947467625141,0.0036752319429069
Q02248_Q9WV60,0.024281,0.014638,0.049831,0.26591789722442627,0.0726728588342666,0.0009729485609568
Q8R2K4_Q9WU78,0.0021844,0.013199,0.016171,0.08248872309923172,0.0004284838505554,0.0022276265081018
P16858_Q32NY4,0.0021903,0.013016,0.015995,0.008035114035010338,0.0003664656833279,0.1581168621778488
P0CG50_P46737,0.0021952,0.013247,0.015898,0.03789443150162697,0.000708392006345,0.9013805389404296
P54775_Q6R5N8,0.002195,0.013022,0.015911,0.2374424785375595,0.0006400631391443,0.0039430051110684
P28574_Q64261,0.0068255,0.013093,0.016133,0.15405382215976715,0.0024589297827333,0.0408384948968887
P48432_P70288,0.0022727,0.013175,0.016421,0.08438900113105774,0.0003683975082822,0.0002799255016725
Q9CQA5_Q9WV86,0.0024744,0.013062,0.015942,0.12828533351421356,0.125826820731163,0.0009962673066183
Q61553_Q62108,0.0021742,0.012957,0.015909,0.061980072408914566,0.0010112368036061,0.0226709209382534
Q9Z0F8_Q9R0Q7,0.0021954,0.012946,0.015917,0.3005531430244446,0.0003394628874957,0.0429350025951862
P30561_P41778,0.14556,0.013013,0.01609,0.013641306199133396,0.0007085644756443,9.620757919037716e-05
P62874_Q62108,0.0022219,0.01311,0.016162,0.02770937606692314,0.0092680528759956,0.0026995888911187
Q9EPW9_Q9QUN7,0.010329,0.58818,0.028699,0.09291651844978333,0.998999297618866,0.0135558741167187
Q9WTX6_Q9CQP8,0.0021812,0.012938,0.015922,0.4528537094593048,0.0018469379283487,0.3110766410827636
P19536_P61979,0.0022246,0.012994,0.015911,0.2939003109931946,0.0003468950744718,0.0625282377004623
P08113_P97461,0.0022612,0.012987,0.016553,0.0024177939631044865,0.0008398636127822,0.0646578520536422
O55142_Q9WV86,0.0021737,0.012942,0.016007,0.1701592057943344,0.0003647035628091,0.0002412392350379
O89110_Q02242,0.0022134,0.01297,0.016481,0.14937371015548706,0.0024915733374655,0.0055019427090883
Q6ZWV7_Q99MB1,0.002191,0.012931,0.015889,0.12454278022050858,0.0002125123719451,0.0081695253029465
Q9R0P5_Q61771,0.0021876,0.013069,0.016044,0.01687486097216606,0.0075961714610457,0.0009857603581622
P12023_Q7TS98,0.0022464,0.020682,0.053567,0.0012176474556326866,0.0017913517076522,0.0019986522383987
Q62264_Q9CQ20,0.0024994,0.01356,0.016119,0.0017203285824507475,0.9990166425704956,0.0159287918359041
Q8BYM7_Q8R3R8,0.0021714,0.01299,0.0159,0.032305680215358734,0.0071767084300518,0.0032250464428216
Q61881_P97378,0.0022152,0.012954,0.015903,0.2717849314212799,0.0002729976258706,0.020190242677927
Q925K9_Q9CQ20,0.0021754,0.012944,0.016239,0.06793559342622757,0.0005312619614414,0.2612245082855224
Q8CDU5_Q03347,0.046646,0.012995,0.016015,0.008460050448775291,0.9979037046432496,0.0001245724415639
Q02067_P16297,0.0023451,0.013144,0.015974,0.014370051212608814,0.0004047775291837,0.11232640594244
P54818_Q61457,0.0021686,0.012918,0.015908,0.06567873805761337,0.0011625925544649,0.0490864776074886
O08686_P48025,0.0022691,0.013036,0.032091,0.2860463857650757,0.0072410102002322,0.0009189878473989
Q8BGD7_P19123,0.028768,0.013427,0.015896,0.10223051905632019,0.0004968569846823,0.080552689731121
Q8BJ56_Q01853,0.002189,0.012964,0.015933,0.26561856269836426,0.0005147828487679,0.4424044191837311
Q9DBL9_Q9DAJ2,0.002197,0.01294,0.015935,0.1795436590909958,0.0013440395705401,0.000452979496913
P63280_Q6P3B9,0.0021723,0.012987,0.015947,0.10947465896606445,0.0003378842375241,0.1086309477686882
Q8R0W6_Q01114,0.002428,0.013122,0.027667,0.2028140425682068,0.0003682077222038,0.0021081522572785
O35963_Q6ZWY9,0.0024875,0.013664,0.023541,0.009190002456307411,0.0002182231255574,0.0011287647066637
Q61391_P30280,0.0021672,0.012998,0.015932,0.37240567803382874,0.0003267670690547,0.0005151291843503
P15535_P60867,0.0021839,0.01294,0.015908,0.02977374754846096,0.0002363042731303,0.0003386496391613
P30561_P53762,0.81114,0.015274,0.27122,0.006580142304301262,0.9989390969276428,0.0220097694545984
Q8R0W6_P13297,0.0022717,0.013127,0.015968,0.02243909239768982,0.001750755822286,0.2789207100868225
Q9R049_Q9DC40,0.0022967,0.013844,0.016048,0.021115023642778397,0.0006497614085674,0.0152020147070288
Q91XD6_Q04735,0.0021894,0.012969,0.016569,0.10550371557474136,0.0044226571917533,0.0343667678534984
Q9ER88_O70394,0.0023029,0.015086,0.017399,0.047156620770692825,0.0005294193979352,0.0015547333750873
P04426_Q8VDU0,0.0021743,0.016202,0.015994,0.0402030348777771,0.0002978811680804,0.8117549419403076
Q61234_P97310,0.0022009,0.012994,0.016076,0.36745768785476685,0.0008583724265918,0.0541373491287231
P24604_Q9JM76,0.0022322,0.013009,0.016059,0.00665655080229044,0.0065745157189667,0.0329354479908943
O88746_Q9D032,0.71079,0.01305,0.016027,0.18369002640247345,0.0019290762720629,0.0089712319895625
Q9WTX5_P60710,0.0022254,0.013127,0.015923,0.5049595832824707,0.0003959487075917,0.0005005858838558
Q9DCA2_P30051,0.0022174,0.012948,0.015896,0.16781792044639587,0.0004291364457458,0.0349315404891967
P25916_Q64028,0.0026804,0.013132,0.016259,0.0352352000772953,0.0092951850965619,0.0001943105889949
P19783_Q6PAT0,0.0022507,0.012975,0.01618,0.019284170120954514,0.0003797973040491,0.0151309706270694
Q8BJ56_Q9WVG6,0.0021808,0.012963,0.015954,0.024679439142346382,0.000639388221316,0.1914592683315277
P62869_Q91VI7,0.0021816,0.012966,0.016082,0.016124630346894264,0.0020093377679586,0.0002567309129517
P33896_Q04211,0.0022407,0.012933,0.016321,0.08688054233789444,0.0011263345368206,0.0005354068125598
P05627_P42227,0.0031139,0.01313,0.015959,0.06800930947065353,0.0004764084878843,0.0013397594448179
P08152_P26350,0.002206,0.012994,0.015957,0.09016051143407822,0.0042777778580784,0.100973829627037
P70196_Q62406,0.0022454,0.013484,0.016087,0.004900671076029539,0.0009512437391094,0.0006174144800752
P0CG50_P56399,0.0024058,0.013121,0.016192,0.03813350945711136,0.0034624114632606,0.00049672863679
P98156_Q60809,0.002191,0.012983,0.015904,0.12475687265396118,0.000618347316049,0.0549046844244003
P39689_P68372,0.0021923,0.013055,0.015972,0.07867677509784698,0.0053158015944063,0.0001705199247226
Q9D2R8_P15864,0.50562,0.012993,0.025919,0.008667143993079662,0.0006250324076972,0.0002947415050584
P97767_Q922G7,0.0024519,0.012963,0.015921,0.0031117245089262724,0.0022246704902499,0.0010912565048784
Q61180_Q3UI43,0.0022988,0.013119,0.019228,0.21957209706306458,0.000553963589482,0.012666642665863
Q9WVB3_O08785,0.0024184,0.013095,0.016001,0.010191771201789379,0.001376491272822,0.0579996928572654
P63328_P01942,0.0021868,0.012951,0.030316,0.13914000988006592,0.0084951659664511,0.0005281052435748
P23819_Q62296,0.0021847,0.012935,0.015907,0.03694606199860573,0.0006605809321627,0.0006714643677696
Q99JY1_O54709,0.0021916,0.013026,0.016141,0.02153378166258335,0.0004456183523871,0.0104875164106488
Q9R0X0_Q9D855,0.0024008,0.012947,0.015909,0.03714922443032265,0.0003438210987951,0.5642682909965515
Q61456_Q9CZQ9,0.0021882,0.012915,0.015975,0.041913073509931564,0.0007820372702553,0.2559680938720703
P01808_Q99N28,0.082604,0.6,0.17609,0.1802634745836258,0.8293461203575134,0.000623257656116
Q91WG4_P62878,0.0021868,0.013634,0.016076,0.03236740827560425,0.0004925322136841,0.0379853062331676
Q9CVD2_Q9JIF7,0.0021951,0.013122,0.015923,0.025387093424797058,0.0004408938402775,0.0002476110239513
P35802_Q62108,0.0021927,0.012936,0.015914,0.3989556133747101,0.0006537199369631,0.0158464927226305
Q7TSZ8_Q80Z64,0.0026329,0.012965,0.016257,0.041065674275159836,0.0031783687882125,0.9516900181770324
Q99JY8_P70452,0.0022456,0.013001,0.016056,0.3706052303314209,0.0003885336336679,0.1462888121604919
Q91XU0_Q8R0W6,0.0022241,0.012971,0.015917,0.18726646900177002,0.0003514732816256,0.0001748204958857
Q8CGP4_Q8CDD8,0.0022023,0.012954,0.015964,0.09306052327156067,0.0007973378524184,0.0002635883865877
P52800_Q9R0Q1,0.0022305,0.012987,0.016322,0.018924711272120476,0.0021073049865663,0.2817897796630859
Q8R2X8_Q61207,0.002181,0.012951,0.015975,0.20000921189785004,0.0023505263961851,0.0002040854014921
Q9CQ18_P09450,0.0021733,0.012975,0.015906,0.011179395951330662,0.0007418917375616,0.0167306326329708
Q9CPX7_P05480,0.0021817,0.012974,0.015923,0.3206877112388611,0.0003107882221229,0.0098752528429031
P00416_Q07832,0.0022721,0.013021,0.015879,0.22148887813091278,0.0002919896505773,0.0005731783458031
P01865_Q60760,0.0021905,0.013525,0.016019,0.06588127464056015,0.0063463952392339,0.0692145377397537
P98084_Q9D485,0.0021826,0.012989,0.016536,0.396373450756073,0.009820420295,0.0005061008851043
Q9ER88_O89110,0.0022005,0.013043,0.015941,0.00240475800819695,0.989340841770172,0.0002628333168104
Q9JM73_Q64729,0.0022665,0.013176,0.018155,0.5503485202789307,0.0003724840935319,0.0006078261649236
P29452_O88703,0.0021785,0.012986,0.015979,0.16894328594207764,0.0037365560419857,0.0068785697221755
Q91XM9_Q9R109,0.0021738,0.012942,0.016064,0.03036285936832428,0.0091422135010361,0.0004675412201322
Q811G0_P09632,0.0024623,0.01307,0.016116,0.11269853264093399,0.0026315688155591,0.0008131898939609
Q99PI8_Q6ZWS8,0.0021818,0.012981,0.016696,0.03427340090274811,0.0021957857534289,0.0004775316920131
Q14C51_Q9EPU5,0.0021927,0.015076,0.028595,0.005065534263849258,0.0007112048915587,0.0001832732377806
Q8JZM6_O70394,0.0022148,0.012967,0.016278,0.09549563378095627,0.0005019219825044,0.1589435935020446
Q03347_P62743,0.0021861,0.012962,0.015975,0.06772652268409729,0.0412314496934413,0.0027483040466904
P04351_P40338,0.0021921,0.01295,0.015966,0.33557960391044617,0.0027743659447878,0.0008601918234489
Q63934_Q8R0S2,0.0022708,0.013,0.016,0.054607976227998734,0.0026696992572396,0.0003051513049285
Q03347_Q9R0X0,0.0021837,0.012945,0.015915,0.053375232964754105,0.0017568297917023,0.0252753794193267
P15307_Q9Z1E3,0.0026779,0.013167,0.046234,0.002621484687551856,0.9977712631225586,0.0002546179457567
Q69Z66_Q5F201,0.0022325,0.01313,0.019971,0.2727132737636566,0.0108121838420629,0.0002150344807887
Q5SW45_Q60636,0.0022103,0.012932,0.016063,0.010504132136702538,0.0177685264497995,0.0010679907863959
P01724_P25916,0.0022222,0.013534,0.016019,0.16780716180801392,0.0005962176946923,0.0515011958777904
Q03347_Q9DBG6,0.0022025,0.014472,0.016,0.1478697955608368,0.0005158447893336,0.0030273427255451
P01942_P01904,0.0021937,0.01304,0.015945,0.04648732766509056,0.0020558203104883,0.0002133736270479
Q9WVS6_Q9D9D9,0.0021812,0.01305,0.015891,0.16674958169460297,0.0055931466631591,0.000251455407124
P63073_Q60876,0.0022253,0.013009,0.016006,0.10733643919229507,0.0029406184330582,0.0001489152782596
Q62276_Q61079,0.0025256,0.013067,0.016437,0.07892116904258728,0.0003980254114139,0.000459945120383
Q60953_Q9D8T2,0.0044462,0.013055,0.017196,0.24595269560813904,0.0007603140547871,0.0001791029208106
C0HKE3_O08603,0.002275,0.012949,0.015928,0.0016663396963849664,0.0002326167596038,0.3485212028026581
Q8CFE3_P23780,0.0021945,0.012961,0.015893,0.02714824303984642,0.0002442272088956,0.0019143413519486
P14429_Q8BH43,0.0021725,0.013116,0.015872,0.013420638628304005,0.000240341600147,0.0003681324305944
Q9WU38_P30882,0.0022948,0.013356,0.023788,0.09178076684474945,0.0015396103262901,0.0013021524064242
Q03157_O35526,0.0021992,0.01304,0.015926,0.27021411061286926,0.0004151120956521,0.2785136699676513
P98084_Q9D9D8,0.002203,0.012957,0.018172,0.10209214687347412,0.0008374018361791,0.0018463685410097
P56393_Q8VD72,0.0022005,0.013503,0.037828,0.036710385233163834,0.0060903416015207,0.0006414522067643
P70175_P29352,0.0026096,0.013011,0.016427,0.07595877349376678,0.076930895447731,0.0012406671885401
P23780_P22605,0.0021753,0.013045,0.015961,0.27005037665367126,0.0014469209127128,0.2690977454185486
P09021_P25916,0.0025533,0.013119,0.016263,0.20126238465309143,0.0008995702373795,0.805340588092804
Q9CR57_Q80V24,0.002179,0.013101,0.01595,0.008468233980238438,0.0006303846021182,0.0003460600564721
Q61768_Q8R2X8,0.87835,0.84838,0.015999,0.013295088894665241,0.0041118012741208,0.1304748803377151
O08543_P26687,0.0022038,0.013033,0.015924,0.017456931993365288,0.0005866815336048,0.0007187431328929
Q8BTU1_P35235,0.0021768,0.012964,0.015898,0.2713361978530884,0.0004998889635317,0.005310061853379
P01904_Q00420,0.0021877,0.013514,0.01878,0.015053541399538517,0.000983603997156,0.0670779943466186
Q61730_Q9EPL2,0.0023521,0.016841,0.06381,0.5381850600242615,0.011422311887145,0.0005061225965619
P05627_D3Z338,0.0021967,0.01296,0.015911,0.14388994872570038,0.0002879572566598,0.0157790146768093
P18525_Q6ZWY3,0.0022698,0.01299,0.015905,0.003178122453391552,0.0013291313080117,0.0020440784282982
P42867_Q5XJY5,0.0021846,0.012929,0.015922,0.31163543462753296,0.002651501679793,0.1499304324388504
P04919_Q9JM54,0.002191,0.01293,0.015917,0.006596279796212912,0.0009018363198265,0.0007219727267511
Q9CY16_Q9CPX8,0.0025316,0.015745,0.026273,0.33428287506103516,0.0005025950958952,0.0006989224348217
P07141_Q9R1P0,0.0021836,0.012938,0.015879,0.09458678215742111,0.0002608759969007,0.0561805851757526
P42228_Q9CZX0,0.0021862,0.012931,0.015908,0.09191892296075821,0.000697897397913,0.0002217965084128
A0JLY1_Q9WV86,0.0022107,0.0131,0.016234,0.03549383208155632,0.0143834920600056,0.1245268955826759
Q91YN9_O35717,0.0021871,0.013052,0.015956,0.015985937789082527,0.0008191195665858,0.0176713522523641
Q9R190_P18572,0.0021841,0.01298,0.015905,0.0359225831925869,0.0002639155718497,0.0035168768372386
O70263_Q04887,0.0023156,0.013078,0.016936,0.2543753683567047,0.0012529739178717,0.1506281942129135
Q61730_P62754,0.0021882,0.012929,0.015946,0.009638098068535328,0.0013514334568753,0.0026152308564633
Q8VDU0_Q9CQZ6,0.0021867,0.014727,0.015956,0.019637733697891235,0.0085675483569502,0.9835220575332642
P97333_Q8C456,0.0022279,0.012986,0.015992,0.03900386020541191,0.0023364995140582,0.0035747883375734
P36898_Q61626,0.0022503,0.013057,0.017864,0.17347152531147003,0.0010080183856189,0.0003164227236993
Q3TCJ1_P00756,0.0021855,0.013038,0.015991,0.011848273687064648,0.0005862701218575,0.8949581384658813
Q99JB6_B5KM66,0.0023791,0.013069,0.015925,0.028996292501688004,0.005744595080614,0.0854430645704269
Q793I8_P18469,0.0021925,0.013047,0.016071,0.02060217410326004,0.0003324546269141,0.1077770516276359
O88447_P22366,0.0021958,0.013924,0.015941,0.2997538447380066,0.0011909219902008,0.000426353974035
Q60876_Q9DB77,0.0022382,0.012941,0.0159,0.0064914645627141,0.0002295261947438,0.9649390578269958
Q5BN45_P62812,0.0022321,0.012933,0.015939,0.1418173760175705,0.0004344242042861,0.0003420839784666
O88951_Q9JIL4,0.03252,0.036618,0.03697,0.34670230746269226,0.0633988231420517,0.0720001384615898
Q9QUM4_Q91VI7,0.0023227,0.016674,0.023401,0.06489024311304092,0.0021313922479748,0.0002322637010365
P30051_Q9JM73,0.21243,0.012963,0.015999,0.2963426411151886,0.0078051653690636,0.0003173983132001
Q9JIY5_P41274,0.0029338,0.019713,0.16026,0.023212213069200516,0.0003008614585269,0.0464247725903987
A2NTU7_Q2VPU4,0.0021883,0.028192,0.015894,0.15258130431175232,0.0004913444863632,0.0072629950009286
P22366_Q99JY1,0.0022712,0.012964,0.016401,0.0473969504237175,0.9988868832588196,0.0009484608890488
Q99JB6_Q91ZE9,0.0030671,0.013092,0.016118,0.030376235023140907,0.1115735694766044,0.0049405912868678
Q3TWN3_P62908,0.0022,0.012969,0.015922,0.008466295897960663,0.0002881258551497,0.0041074398905038
P01592_Q9Z248,0.0021855,0.012955,0.015918,0.08180169761180878,0.0007616897346451,0.4734560847282409
O70174_P46414,0.04131,0.012989,0.016864,0.033929936587810516,0.0007683310541324,0.2935993671417236
Q9CQ18_Q8C6B2,0.002175,0.01295,0.015897,0.0066728051751852036,0.0002954287920147,0.0166804399341344
Q9DAR0_Q9DCJ5,0.0022883,0.012946,0.015982,0.24179719388484955,0.0063896318897604,0.0016928698169067
Q9D4K5_P97459,0.0026028,0.013174,0.017824,0.029839709401130676,0.0006855302490293,0.0051489453762769
O08785_P47941,0.0022775,0.013024,0.016329,0.003428269410505891,0.0004225056327413,0.0013230035547167
Q9Z0G0_Q9WV60,0.002473,0.013012,0.036235,0.04049156978726387,0.0071867583319544,0.0012566735967993
P00405_Q9DBL9,0.0026134,0.01295,0.015963,0.2984958589076996,0.0005897113587707,0.0006628591218031
Q61501_Q5SSZ7,0.010474,0.013317,0.017115,0.3823840320110321,0.0006978927413001,0.000246261479333
Q3U1F9_P52795,0.0022573,0.013018,0.017445,0.0021750798914581537,0.0034325534943491,0.00389841850847
P59178_Q9CPX6,0.0021935,0.01297,0.017348,0.06862688809633255,0.0039299307391047,0.0001707439369056
Q61066_O08603,0.002232,0.016778,0.028564,0.04526536166667938,0.0006727864383719,0.006473280955106
P70460_Q9CQH3,0.002187,0.013056,0.015995,0.10463777929544449,0.000235888059251,0.0026887692511081
P05480_P62309,0.0023476,0.013218,0.015947,0.15825729072093964,0.0002745127712842,0.0002159624127671
P63085_Q62132,0.0022542,0.013985,0.01662,0.17510396242141724,0.0011109678307548,0.0007750626537017
Q9DCT2_A0A0M3KL49,0.0022443,0.014905,0.09412,0.03539927303791046,0.0007193005294539,0.0311062056571245
Q9QXV1_Q60787,0.5461,0.012967,0.01619,0.016635926440358162,0.0134860333055257,0.0009957714937627
Q80XZ4_Q9QYP6,0.45669,0.013059,0.029399,0.01691640354692936,0.0029151635244488,0.9744028449058532
P01750_Q9QXL8,0.0022313,0.013054,0.016139,0.1468655914068222,0.0011293041752651,0.0308736208826303
P70340_Q9ERI2,0.0022034,0.013002,0.01597,0.024469219148159027,0.0005926955491304,0.159640371799469
P70347_Q80ZK0,0.0022642,0.012949,0.015904,0.09365501254796982,0.0010641964618116,0.0004249752964824
Q9JIF7_P01820,0.0021935,0.019002,0.016,0.19265075027942657,0.0005698956665582,0.0021394018549472
O35235_V9GXK1,0.0022229,0.012987,0.01653,0.0063589769415557384,0.0002929426846094,0.0006858395645394
Q62264_Q3UYI6,0.0022296,0.012928,0.016728,0.4966526925563812,0.0007442513015121,0.2574329376220703
A0A5E3_P62317,0.0022111,0.02067,0.016208,0.05703313648700714,0.0004775169072672,0.0485509410500526
P26450_Q9DCL4,0.0021808,0.01299,0.015942,0.014873804524540901,0.0004276589606888,0.0093689365312457
Q99N57_Q60770,0.0021782,0.012966,0.015964,0.09873233735561371,0.0006046854541637,0.3210294246673584
Q9D0M3_Q9DAM2,0.0022494,0.01297,0.01602,0.010724932886660099,0.0005897338269278,0.0008103266591206
P61979_Q9R0T8,0.002282,0.013046,0.026689,0.09927770495414734,0.0061333612538874,0.0066345226950943
Q5SW45_O35618,0.002202,0.012959,0.016022,0.0770319327712059,0.0012237115297466,0.000207577686524
Q61584_Q61733,0.0024865,0.01296,0.01604,0.27306288480758667,0.0017013628967106,0.0075187324546277
Q9CXZ1_Q91ZD4,0.0022101,0.013115,0.01596,0.0022358286660164595,0.0003574516449589,0.0135146547108888
P43404_Q8R1I1,0.0022067,0.012929,0.015899,0.13336797058582306,0.0004388051456771,0.8579251170158386
Q9R190_Q9CXY6,0.0021935,0.012928,0.015915,0.09538821130990982,0.0004043548833578,0.0116968611255288
Q924X6_O35526,0.0022449,0.012974,0.015948,0.014194929040968418,0.0013223264832049,0.2938326299190521
A2N494_P29352,0.0021965,0.01607,0.015949,0.25099635124206543,0.0040539624169468,0.2115793377161026
P01635_Q9D4Q1,0.0021927,0.012939,0.015906,0.04554659128189087,0.0007655296940356,0.001016124500893
P08152_F7BJB9,0.0088767,0.013303,0.01623,0.4416261315345764,0.0005963703151792,0.0016474716830998
O35963_Q8BFZ4,0.0022235,0.013643,0.01815,0.07515515387058258,0.0009893286041915,0.0880635529756546
Q99NC0_O88282,0.0023027,0.013003,0.016597,0.0030425814911723137,0.0045486935414373,0.0040829498320817
P61957_Q9D6J6,0.0022103,0.013058,0.015932,0.007442381698638201,0.0002041583647951,0.0002679637109395
P22723_P68372,0.0021811,0.013059,0.0159,0.24701716005802155,0.0007535301265306,0.000344892614521
Q04887_P51667,0.0024013,0.013322,0.019238,0.010383947752416134,0.0098655875772237,0.0012512363027781
Q6P6J0_P23611,0.0021743,0.012931,0.015905,0.027487197890877724,0.0008993872907012,0.0009925530757755
Q9DCJ5_P47708,0.0021997,0.012976,0.016056,0.012486429885029793,0.0008203689358197,0.0310221295803785
P50752_F7BJB9,0.054108,0.020282,0.018482,0.01093735359609127,0.0006090889801271,0.0017917924560606
O55222_Q9EPC1,0.0021823,0.013072,0.017554,0.39335379004478455,0.0578093901276588,0.0007530492148362
Q60770_Q9CQI9,0.0021881,0.012928,0.01592,0.08974247425794601,0.0009690117440186,0.002230102661997
P68369_P60904,0.0021812,0.013043,0.015956,0.001088627614080906,0.0133799957111477,0.0084278434514999
D2D553_Q03347,0.0022119,0.012931,0.015917,0.35503989458084106,0.0202869232743978,0.080729641020298
Q3UKC1_Q9JMA2,0.0021784,0.013071,0.015908,0.07554393261671066,0.0004682686703745,0.0027208712417632
Q9R1P4_P62889,0.002187,0.01401,0.016254,0.13985170423984528,0.0002919125254265,0.0009080678573809
P54763_Q9ERK7,0.003706,0.029727,0.32139,0.29798704385757446,0.0167399309575557,0.0002538161643315
Q9EPK5_P43431,0.0022043,0.013024,0.0159,0.07198009639978409,0.0007270041387528,0.0034695379436016
Q5XJY5_P20109,0.0022124,0.012951,0.01614,0.2313685417175293,0.0003577378229238,0.0200031921267509
P01849_Q9DC37,0.0022074,0.013012,0.015945,0.15887515246868134,0.0019784397445619,0.0320491455495357
P40336_O70374,0.0021792,0.012941,0.015895,0.03467073291540146,0.0017026866553351,0.0019974748138338
Q9WTV6_P84244,0.0022008,0.012939,0.016024,0.11938661336898804,0.0002739584597293,0.0016036845045164
Q9JHD1_Q9ES46,0.0021915,0.012961,0.017424,0.4927874207496643,0.0438398085534572,0.0083579048514366
P61205_Q8CCI5,0.0022006,0.013127,0.015909,0.04453578218817711,0.0863071754574775,0.0187475364655256
P14115_Q8JZM6,0.0021919,0.012924,0.015879,0.0012712663738057017,0.000246562907705,0.039982333779335
Q60749_Q8R0L9,0.0037372,0.012948,0.016118,0.11583514511585236,0.0132470466196537,0.0028084833174943
P51150_Q8CF89,0.0025375,0.013051,0.015945,0.03284614905714989,0.0021471004001796,0.9841429591178894
Q924H2_P39429,0.0025023,0.013192,0.015983,0.03547263145446777,0.0016391690587624,0.0007167847943492
Q00609_P06869,0.003519,0.068078,0.1145,0.25921720266342163,0.016588844358921,0.0005625190096907
Q3V1H9_O35714,0.0022134,0.012949,0.017376,0.06062282994389534,0.0004097480850759,0.041444107890129
Q9D9V4_Q60954,0.0021816,0.01295,0.015913,0.4428991973400116,0.010752479545772,0.2550732493400574
P54818_Q9R0T8,0.0021775,0.012946,0.015925,0.11540780961513519,0.0003682574024423,0.0161444637924432
A0JLY1_P12023,0.0022107,0.01317,0.015936,0.021502060815691948,0.000371786794858,0.038034688681364
P61965_P61924,0.0022298,0.013402,0.015913,0.060896895825862885,0.0104546379297971,0.062971793115139
P35951_P97318,0.0022084,0.013177,0.016184,0.1754029244184494,0.0003729399177245,0.1227154284715652
Q9CXU1_Q6P8Y0,0.0021895,0.012926,0.015871,0.05145654082298279,0.0013771638041362,0.0006498369621112
P10126_Q62108,0.0022115,0.013004,0.016064,0.3974399268627167,0.0003067959914915,0.0002240129688289
P10417_P25799,0.0022019,0.013019,0.015933,0.2520398497581482,0.0009396478999406,0.0062925550155341
P97371_P47911,0.0021979,0.012942,0.016038,0.05053859204053879,0.0003093695268034,0.0001221234560944
P35438_Q8C0X7,0.00237,0.013136,0.018157,0.07940470427274704,0.0008334125741384,0.001531348680146
Q8K3Z0_Q99JY1,0.0022271,0.013662,0.019277,0.2222597599029541,0.0144888572394847,0.0011283826315775
P68369_P62743,0.002176,0.013002,0.016328,0.05749549716711044,0.0421837121248245,0.1817065477371215
Q9CQ18_P02088,0.0022001,0.013029,0.018144,0.3561997711658478,0.0003622877120506,0.0061457064002752
P24860_Q9EPU5,0.0022206,0.012962,0.016018,0.0017220827285200357,0.0004945815308019,0.7288845181465149
Q3V3N7_Q8K2G4,0.0026228,0.02481,0.069131,0.16829518973827362,0.0165536273270845,0.0030142271425575
P18181_Q8R4E9,0.0021957,0.01352,0.032713,0.021795310080051422,0.0002928885223809,0.0020186507608741
P22366_Q9QUN7,0.0021798,0.012947,0.016033,0.10491610318422318,0.0005870797322131,0.01632278598845
Q925K9_Q9CPQ1,0.0022833,0.012964,0.015896,0.17925600707530975,0.0002355466858716,0.0002655159332789
P20109_Q61045,0.0021959,0.013408,0.016126,0.06001594290137291,0.0003282004327047,0.0002905755245592
Q9Z2U0_P01679,0.0022778,0.013165,0.01588,0.019678015261888504,0.00034213764593,0.0146964443847537
P30282_P61809,0.0021928,0.013022,0.01652,0.5376580357551575,0.0034717249218374,0.0001878334151115
Q60793_P97372,0.00221,0.012952,0.0159,0.0034459400922060013,0.0217268485575914,0.0106843383982777
P50538_P47757,0.0022203,0.013015,0.015923,0.10251440107822418,0.0015919822035357,0.0145354969426989
P25446_O08795,0.0023564,0.016868,0.093903,0.031607985496520996,0.9966147541999816,0.0008150727953761
Q9DC37_Q9WVR4,0.0022032,0.013128,0.015902,0.30156978964805603,0.0004156884970143,0.1210451647639274
P47753_O35718,0.002171,0.013029,0.015998,0.1283143311738968,0.0004019218031316,0.0019489364931359
P01821_Q8BH43,0.0021904,0.013087,0.016322,0.06511741876602173,0.0005948968464508,0.0020554536022245
Q6PGF3_Q60760,0.0023956,0.019435,0.022901,0.530724287033081,0.0018922177841886,0.0294463858008384
P98083_Q64729,0.0022027,0.013047,0.017901,0.18575739860534668,0.0005368839483708,0.0019232213962823
Q60954_Q0VBL6,0.0026655,0.013012,0.016074,0.1987343579530716,0.0009529132512398,0.023536467924714
P63101_Q9D4Q1,0.0021922,0.013092,0.015998,0.011590235866606236,0.0101465247571468,0.0008732429123483
Q02111_O88447,0.0022064,0.10193,0.030317,0.09098507463932037,0.0006215699831955,0.107718825340271
B5KM66_P01849,0.0021901,0.012943,0.015899,0.012564641423523426,0.0003612327564042,0.0002437528746668
O08582_P01747,0.0022278,0.031935,0.015937,0.030093496665358543,0.0003449855430517,0.0050618732348084
P0CG50_Q5SRX1,0.0021804,0.013011,0.015906,0.029467234387993813,0.0508367344737052,0.0021388686727732
P63044_Q8BK30,0.0023849,0.014123,0.016406,0.002586631802842021,0.000224241419346,0.000629462476354
Q61391_Q9D1J1,0.0021802,0.012972,0.015905,0.0649501234292984,0.0003858963609673,0.0017638818826526
P61979_P48453,0.0022885,0.013037,0.075019,0.05025458708405495,0.0017312732525169,0.970892369747162
Q9CQY1_Q91Y86,0.0021794,0.012982,0.016216,0.011360909789800644,0.0051943431608378,0.0536816157400608
G0YP42_Q8R3R8,0.0022368,0.013765,0.016064,0.02725132368505001,0.0005252778646536,0.0526270940899848
Q60692_Q9QYS2,0.0022322,0.013009,0.016082,0.022428197786211967,0.0002328075352124,0.0182599704712629
Q61771_Q61221,0.10092,0.013242,0.016198,0.10505542159080505,0.0006237514899112,0.0003357068053446
Q14C51_P02340,0.0022096,0.013105,0.017072,0.09327808022499084,0.0010628149611875,0.0041376682929694
Q60629_G5E8A8,0.0022185,0.013077,0.017509,0.3300745189189911,0.0009874734096229,0.0032655352260917
P26043_O88602,0.0022245,0.012968,0.015925,0.18427054584026337,0.0002921012637671,0.00156485743355
O88485_Q8VCW4,0.0022575,0.013092,0.01686,0.21853585541248322,0.0004458055773284,0.0010141741950064
P29452_Q08351,0.0023428,0.012963,0.019626,0.020855305716395378,0.0025450505781918,0.0045689903199672
Q9DAD0_Q9D823,0.0022081,0.012929,0.015912,0.22524493932724,0.0032535181380808,0.0022258064709603
Q9EP73_P52800,0.002859,0.057687,0.047549,0.3026742935180664,0.084305927157402,0.0038267569616436
O35182_P63005,0.002226,0.013098,0.015998,0.10304456949234009,0.214053064584732,0.0112111195921897
Q9CQJ2_Q9D125,0.0022043,0.012926,0.015882,0.0062118717469275,0.0052384166046977,0.0004314501129556
Q3UXZ6_P18531,0.0021867,0.013929,0.015927,0.2493942826986313,0.0153891239315271,0.0041161440312862
P63328_Q9D0B8,0.0022385,0.013138,0.017054,0.022774389013648033,0.0037892861291766,0.0001250138011528
Q8CFI0_Q9D823,0.0022013,0.012926,0.015962,0.26702702045440674,0.0040241749957203,0.5514344573020935
O54709_Q01147,0.0024562,0.012965,0.01593,0.03269132226705551,0.0002705026126932,0.0008136851829476
Q62232_Q5NCF2,0.0021855,0.012969,0.015951,0.1449478268623352,0.0005133633385412,0.000247283547651
P48453_Q62083,0.0022057,0.013001,0.021063,0.06726211309432983,0.0011204467155039,0.0138998888432979
Q60769_Q9QUQ5,0.0022784,0.012981,0.016119,0.027190301567316055,0.0006618393235839,0.0002218220906797
Q9QZE5_Q80U63,0.0021989,0.013443,0.015968,0.16159936785697937,0.0042936373502016,0.1851977705955505
Q9ERI2_P60867,0.0022046,0.01302,0.016198,0.041641317307949066,0.000218470042455,0.1097233593463897
Q9JMA2_P20917,0.0021908,0.01298,0.015915,0.05735727399587631,0.0005157868145033,0.0022736680693924
J3QMY9_P47962,0.0021791,0.01292,0.0159,0.00315485498867929,0.0010115827899426,0.7025665640830994
P84099_Q921D4,0.0021813,0.012921,0.016195,0.13871073722839355,0.0017010180745273,0.0002040534745901
Q9JJX7_Q99NC0,0.0021941,0.012985,0.016151,0.06998743116855621,0.0010726208565756,0.7458168864250183
Q9QWH1_P20152,0.028016,0.014614,0.01591,0.022569678723812103,0.0032429120037704,0.0002447369915898
Q9EPC1_P63248,0.0021778,0.01293,0.015886,0.05317627266049385,0.000680849479977,0.0062888083048164
Q8BX09_P09023,0.0028958,0.013158,0.015981,0.01848016493022442,0.0424251891672611,0.0016230752225965
P01108_Q61423,0.002236,0.013053,0.01614,0.08460061252117157,0.0204927399754524,0.0382027886807918
Q8BX10_Q9CXU1,0.0021819,0.012944,0.015891,0.047646041959524155,0.0004531651793513,0.0003173998265992
P61924_Q91XV3,0.002173,0.012944,0.015875,0.01677088998258114,0.0052078240551054,0.0020957482047379
Q80TG9_Q60809,0.0021867,0.012988,0.015946,0.044939134269952774,0.0004395895521156,0.9884616136550904
Q5NCF2_Q9JIF7,0.0021942,0.013035,0.01722,0.08720547705888748,0.0005422258400358,0.0081551801413297
Q62108_Q91XV3,0.0021761,0.013023,0.015913,0.002278543310239911,0.1032489091157913,0.0071594519540667
Q9CPX7_P39087,0.0021984,0.012924,0.015896,0.013573872856795788,0.0002282412460772,0.0493318550288677
B8ZXI1_P14131,0.0041787,0.013083,0.016012,0.05608297511935234,0.0002689973334781,0.0873254761099815
P00756_P25118,0.0022607,0.02852,0.093125,0.07047349214553833,0.0054716016165912,0.0245548281818628
Q99L88_P63325,0.0021818,0.012924,0.015955,0.011287424713373184,0.0006709030130878,0.000327745481627
P17679_P22091,0.1824,0.013491,0.016456,0.06847743690013885,0.9749762415885924,0.0063859545625746
P46737_A0JLY1,0.0022247,0.012982,0.015894,0.01878710277378559,0.0005134661332704,0.0001523912214906
P01666_Q8BJ56,0.0021785,0.013297,0.015985,0.018948838114738464,0.0076796673238277,0.0015047328779473
Q9DAU1_P52633,0.0021917,0.013075,0.016054,0.11298730969429016,0.0004523484094534,0.001727272872813
Q3TCJ1_D2D553,0.0022311,0.012929,0.015982,0.37517789006233215,0.0021516145206987,0.0002007279981626
P70280_Q6PGF3,0.0022964,0.013344,0.017104,0.11661551147699356,0.0005450201570056,0.0026465442497283
Q8BJZ4_Q9QYK7,0.0022134,0.013217,0.015939,0.04960711672902107,0.0003320466203149,0.0010658111423254
P15247_Q9JM05,0.0022365,0.012976,0.016338,0.05060873180627823,0.0003620155039243,0.0058351182378828
Q61102_Q69ZK9,0.0022807,0.013532,0.022538,0.22396214306354523,0.0006747391307726,0.0067076748237013
O08915_Q8R0L9,0.0021791,0.012981,0.016334,0.1490814983844757,0.0009786665905267,0.001006007543765
Q8VEA4_Q9CQJ8,0.0021844,0.013039,0.016006,0.1651456505060196,0.0698987245559692,0.0015846299938857
P00397_Q9JIL4,0.0023929,0.01296,0.015919,0.06441917270421982,0.0002765636600088,0.0061334860511124
O09108_Q8VI33,0.0021936,0.013077,0.015917,0.053020305931568146,0.0002489544276613,0.0011960258707404
O35615_P17679,0.0084301,0.013183,0.019063,0.0013989480212330818,0.3216925859451294,0.0009469110518693
Q99JY1_Q61730,0.0021981,0.012977,0.016275,0.293523907661438,0.0004134603659622,0.0152065828442573
Q91VI7_P11440,0.0021905,0.013005,0.026963,0.18810147047042847,0.0017460670787841,0.0020371694117784
Q62231_P05627,0.016763,0.013013,0.016035,0.34589269757270813,0.0050184419378638,0.0018219704506918
P16388_P63044,0.00289,0.013032,0.017673,0.005677792709320784,0.0007350945961661,0.0007062039803713
P31041_Q8BVZ5,0.002258,0.075879,0.1073,0.011256643570959568,0.0050504528917372,0.0049374583177268
Q8BVN3_P49722,0.0022085,0.012975,0.015903,0.0029076363425701857,0.0002581806329544,0.0167605150490999
Q9DAM2_P11103,0.002169,0.012959,0.015997,0.27987173199653625,0.0039609773084521,0.1504497677087783
P01823_P15864,0.0021966,0.013048,0.015898,0.05440007522702217,0.0013561331434175,0.0028055310249328
Q9QUI0_P08046,0.002806,0.013549,0.016276,0.013369782827794552,0.0007944161770865,0.1641103774309158
Q8K480_P52633,0.0022018,0.012962,0.016052,0.29737943410873413,0.0011711430270224,0.0005426634452305
P19785_Q9D1P4,0.0022049,0.012959,0.019673,0.047723714262247086,0.052564900368452,0.0005916410009376
Q6R5N8_Q3UYV9,0.0021893,0.013166,0.015937,0.0761624351143837,0.0003110244870185,0.0009292423492297
P46938_P03925,0.0022769,0.012931,0.015891,0.008880050852894783,0.0006855292012915,0.0004762466123793
Q91VR7_O88786,0.0021819,0.01303,0.015905,0.08247403800487518,0.0003361716517247,0.0002482440613675
Q8C1Z7_P26687,0.0022082,0.013251,0.01632,0.08733582496643066,0.005367319099605,0.0003906848724
Q8BJZ4_Q9DAM2,0.0021785,0.012978,0.016077,0.2514457106590271,0.0005125672905705,0.0496017560362815
P70362_Q6P8X9,0.0021876,0.012934,0.015917,0.47057420015335083,0.0018736138008534,0.000500252644997
Q62424_Q9JKD8,0.044899,0.013622,0.016074,0.21177458763122559,0.0152862360700964,0.0030033946968615
Q6PGF3_Q7TMF3,0.0024162,0.012945,0.016213,0.048132315278053284,0.0078956922516226,0.1204624250531196
P63001_Q62108,0.0033595,0.013443,0.021314,0.0784822478890419,0.9972928166389464,0.0004759334551636
Q8VDS3_P02340,0.0021916,0.01297,0.016247,0.029309511184692383,0.0053317402489483,0.976669192314148
P39429_Q62073,0.74293,0.87981,0.015962,0.005692744627594948,0.0012581036426126,0.0023097279481589
P58252_O35714,0.0022001,0.012982,0.015912,0.02806016616523266,0.0002326375979464,0.0227913875132799
Q6ZQ88_Q8CFE3,0.0022431,0.012985,0.016035,0.012919841334223747,0.0048194783739745,0.0037468548398464
Q920D3_O88508,0.0022033,0.012966,0.015913,0.01566367968916893,0.0438289679586887,0.0011277862358838
O89110_Q61160,0.0021683,0.012924,0.015982,0.31752657890319824,0.9990249872207642,0.436728686094284
P68510_P10417,0.0021989,0.013912,0.015926,0.06501980125904083,0.0004014050646219,0.012196447700262
P12367_O54714,0.0021988,0.012985,0.015967,0.0010793344117701054,0.0026613376103341,0.113339714705944
P28574_Q91V27,0.0034043,0.013043,0.015943,0.26350367069244385,0.006529860664159,0.0002103990409523
Q9QZH6_Q6DID7,0.0022081,0.034784,0.021628,0.291238009929657,0.0003221031220164,0.0882563814520835
P28033_Q9WUT3,0.17819,0.013222,0.016641,0.11572621017694473,0.0063240360468626,0.0421668738126754
Q9QWV4_Q8R502,0.0022425,0.012938,0.015971,0.011287999339401722,0.0003837230324279,0.9672452807426452
O88522_Q9Z1E3,0.003059,0.013565,0.017103,0.1500113606452942,0.0415752790868282,0.0043471259996294
Q3V0Q6_Q62406,0.017742,0.01305,0.019824,0.009354086592793465,0.0020378937479108,0.0037408433854579
Q91WQ5_P81270,0.0025883,0.013053,0.018188,0.1236640140414238,0.0537835992872715,0.0215391218662261
P97333_P56393,0.0029456,0.015896,0.036851,0.5650469064712524,0.0006124311476014,0.0054581351578235
P15314_P43431,0.0022159,0.012951,0.016004,0.4002985954284668,0.0005727938842028,0.0026773822028189
O54709_Q9D2Y4,0.0022161,0.012958,0.01597,0.07752394676208496,0.0012722518295049,0.0002649949747137
Q99P58_P34902,0.0021991,0.014204,0.016026,0.19735561311244965,0.000394207338104,0.0003879240830428
P61809_O54972,0.0027619,0.013024,0.016078,0.21536940336227417,0.0057193655520677,0.0472766086459159
Q04735_Q99JY9,0.0022111,0.013188,0.015997,0.009049567393958569,0.0273780059069395,0.3052118122577667
O70263_P46460,0.0021962,0.013009,0.015932,0.3730686902999878,0.0008244436467066,0.0003872877568937
P97372_Q9R190,0.0021892,0.012936,0.015925,0.11079340428113937,0.0007871550042182,0.0017726717051118
P48453_Q8K3Z0,0.0022206,0.013651,0.052459,0.0937294289469719,0.0009180915658362,0.008980275131762
Q99J95_Q9QWV9,0.28427,0.012997,0.020563,0.004821628797799349,0.9989368319511414,0.0003312006010673
Q9JIL4_P25446,0.0021789,0.012951,0.015991,0.3969285190105438,0.0009746059658937,0.0032098165247589
P68134_Q9D7X3,0.0022066,0.01299,0.015902,0.3580928146839142,0.0062120538204908,0.620563268661499
P42208_O70274,0.0021885,0.013059,0.016034,0.40262365341186523,0.0014087080489844,0.181448832154274
Q9Z0F8_P70347,0.063486,0.012953,0.016269,0.003898128168657422,0.0007649529143236,0.0009857006371021
Q60773_P23812,0.0022091,0.013183,0.017621,0.009123003110289574,0.1277852803468704,0.3078193068504333
Q99JY9_Q6SP97,0.0088973,0.013272,0.20561,0.030730336904525757,0.0424244031310081,0.0008292042766697
P09450_P01823,0.0021923,0.42038,0.016142,0.041946761310100555,0.0012101411120966,0.0001875093294074
O70570_P07750,0.002217,0.012977,0.01703,0.006947613786906004,0.9984519481658936,0.0008154639508575
P25799_Q9EST8,0.028936,0.015907,0.035143,0.10836959630250931,0.517175555229187,0.6138906478881836
P20263_Q61207,0.0021772,0.013011,0.015972,0.19223801791667938,0.0007197349332273,0.0092392563819885
Q9JKV1_Q9WU38,0.0021916,0.012978,0.015927,0.01167980208992958,0.0002400317316642,0.0013770203804597
O09108_P08046,0.0021994,0.014172,0.017653,0.23640930652618408,0.0006103159976191,0.0028619531076401
O35714_Q8HWE5,0.0023048,0.04059,0.13151,0.011158467270433903,0.0018979558954015,0.0123639022931456
O35618_P02340,0.0021982,0.012963,0.016257,0.24203452467918396,0.0009299022494815,0.0002941275888588
Q80X85_Q14B62,0.00227,0.26801,0.023668,0.2801153361797333,0.0002110620698658,0.0002295918238814
P50580_Q62179,0.0022012,0.012935,0.015938,0.05060163885354996,0.0002507739991415,0.0013807089999318
Q61881_P10417,0.002241,0.012949,0.016116,0.005696060601621866,0.0002745229576248,0.0002117734402418
A0A0M3KL49_Q64337,0.0022101,0.014421,0.016191,0.174103781580925,0.0011005338747054,0.0023999616969376
Q60838_Q91ZD4,0.0022573,0.012949,0.016064,0.005225925240665674,0.0052647436968982,0.0214050449430942
P97864_Q8CIB5,0.0021864,0.012957,0.015975,0.3678942024707794,0.0015057142591103,0.007316970732063
P97333_P22091,0.0021921,0.013083,0.01632,0.025856055319309235,0.0046760286204516,0.0006266192067414
C0HKE1_Q8JZM0,0.0022966,0.012984,0.015964,0.05058523267507553,0.0008969235350377,0.0004439823387656
Q7TS55_P49710,0.002192,0.012977,0.015913,0.5224204659461975,0.0002406442799838,0.0060657267458736
O35864_O35955,0.0022294,0.01293,0.015943,0.009112426079809666,0.0002437972725601,0.0236428398638963
P43023_Q924T2,0.0022031,0.017932,0.28632,0.014096220023930073,0.0008273952407762,0.0077692312188446
P99026_Q9CXW4,0.0021923,0.01296,0.016563,0.2651134729385376,0.00021173186542,0.0020756302401423
Q3U0V2_Q9WVB3,0.0022072,0.012991,0.016382,0.09485515207052231,0.0147826839238405,0.0067579271271824
P09542_P03893,0.0028917,0.013299,0.019302,0.011443334631621838,0.0002114601084031,0.0324673168361187
Q8BGU5_Q9DAD0,0.0034202,0.012932,0.016601,0.3128822445869446,0.0095093986019492,0.0184929948300123
P01865_Q9CQE3,0.0021895,0.013116,0.015885,0.30139485001564026,0.0004095235781278,0.0013707358157262
Q07813_Q64373,0.82024,0.72828,0.6436,0.09871646761894226,0.9989991784095764,0.0970492288470268
Q9CQA6_Q02242,0.0022548,0.038927,0.019714,0.02200448513031006,0.0004555112391244,0.0264850798994302
Q61140_Q9JIK5,0.084848,0.013022,0.016869,0.01408337615430355,0.0007757875719107,0.0094861118122935
Q9JIQ3_P01849,0.0021895,0.012948,0.016413,0.1892351508140564,0.0004485692770686,0.0008245497010648
P40764_Q925K9,0.0022736,0.013933,0.024522,0.026981858536601067,0.0152609413489699,0.0057809613645076
Q9D3X8_O35182,0.0022238,0.012968,0.016397,0.005440100096166134,0.0033034316729754,0.0003143378417007
P51683_Q8R502,0.0022859,0.013062,0.016575,0.006705383770167828,0.0006848328048363,0.1077445074915885
Q64329_P70343,0.0022327,0.012973,0.015989,0.03856696933507919,0.0029529316816478,0.00061388569884
P70188_Q61771,0.0068941,0.015045,0.017735,0.0023949414025992155,0.0028847996145486,0.0045593152754008
P01679_Q9D9T8,0.002186,0.012946,0.015942,0.3435674011707306,0.0018699915381148,0.007051691878587
Q65ZI1_P62754,0.0021841,0.012995,0.015885,0.003562309080734849,0.0010116641642525,0.0002807115379255
Q3TNS5_P01852,0.0023157,0.014465,0.015945,0.07021238654851913,0.000698170159012,0.0368789173662662
P41778_A6H6Q4,0.0021859,0.01293,0.015957,0.006583141628652811,0.003648976329714,0.0287616681307554
Q00560_Q9D7N3,0.0022418,0.014038,0.036337,0.004038012586534023,0.0002897928643506,0.000674684473779
Q60591_P49718,0.0023567,0.013078,0.016111,0.3490591049194336,0.0013686657184734,0.7744956612586975
P16858_Q08351,0.0021708,0.013001,0.015871,0.09429652988910675,0.0002542499569244,0.9259336590766908
Q9QZL0_Q9QUM9,0.0021749,0.012943,0.015925,0.047860369086265564,0.0002316104364581,0.0046176281757652
P70195_P51943,0.0022189,0.012946,0.015947,0.0416085347533226,0.0002303931250935,0.0002366336848353
P42225_Q9QYH6,0.0021751,0.01295,0.015932,0.02411704696714878,0.0012378654209896,0.0042624482885003
P01749_Q9CQR2,0.002269,0.012974,0.015866,0.2951647937297821,0.0004538824141491,0.0099015925079584
P55258_P43275,0.0024187,0.013569,0.029,0.002635095501318574,0.0002993117086589,0.0544239394366741
P05627_Q91Y86,0.00937,0.013069,0.016289,0.5395343899726868,0.0010603782720863,0.0003106777148786
A0A0G2JF94_Q63934,0.0021929,0.013262,0.016376,0.014088508673012257,0.0034142616204917,0.1095944046974182
Q9JJX7_P51150,0.0031605,0.10635,0.017106,0.005239584483206272,0.0045529380440711,0.1621603518724441
P29754_P83940,0.0021977,0.013057,0.015883,0.041463837027549744,0.0006929711671546,0.0496300868690013
Q04735_Q62432,0.0022144,0.012986,0.01669,0.022200364619493484,0.0255428850650787,0.0002985111786983
P31324_Q60819,0.0021958,0.013048,0.015959,0.0012888832716271281,0.0002976745017804,0.0010507029946893
P58059_Q60902,0.0022215,0.012938,0.015916,0.17163363099098206,0.0004959466168656,0.0003266110143158
P62984_P70196,0.19567,0.014099,0.46246,0.14540225267410278,0.0008480508695356,0.0352027378976345
Q9CQY1_P02089,0.0021901,0.012935,0.015896,0.23853939771652222,0.0005426962743513,0.0013067418476566
Q8BYM7_P10085,0.0091663,0.013033,0.016376,0.005898912902921438,0.0138505054637789,0.0052756075747311
Q8R0L9_Q9JHD2,0.0022032,0.012977,0.016104,0.2308877408504486,0.0114749502390623,0.2654147744178772
Q61730_Q9DC69,0.0021885,0.047069,0.074035,0.011669662781059742,0.0006190304411575,0.233008861541748
Q9WUB0_Q3UNW5,0.0021805,0.013048,0.01593,0.03198758140206337,0.0014541937271133,0.0002797059714794
Q9JJV2_A0A0E4B366,0.0021948,0.013143,0.015895,0.04000535607337952,0.0004741489246953,0.0008287231903523
P29352_Q924A0,0.0039599,0.013033,0.016148,0.005729890428483486,0.0020364657975733,0.3642015755176544
Q80US8_P01636,0.0021822,0.2364,0.016039,0.39630308747291565,0.0004298896237742,0.1273522228002548
P61514_P68372,0.0021945,0.012971,0.016093,0.05979301035404205,0.0004932327428832,0.1607355922460556
P01108_Q9D1R9,0.0021893,0.012958,0.016043,0.34257909655570984,0.0003444899339228,0.0550591573119163
O88942_Q8BYM7,0.1122,0.012968,0.021216,0.13807326555252075,0.019255593419075,0.0821074917912483
P23242_Q9JHJ3,0.0033424,0.015082,0.050331,0.014829845167696476,0.0003879372379742,0.0006941867177374
Q6ZWU9_P14719,0.0022109,0.012951,0.015918,0.09808243811130524,0.0002371730806771,0.0024592352565377
P70452_P97767,0.0027255,0.012957,0.015917,0.06986252218484879,0.0007883350481279,0.0152016142383217
Q8BH43_Q62225,0.0022384,0.012993,0.015985,0.1367303729057312,0.000511918682605,0.0003465944319032
Q9CY58_P97372,0.002183,0.012926,0.015892,0.05094052106142044,0.0003883020253852,0.0007129812147468
P01749_P62242,0.0022417,0.012954,0.015875,0.3489038646221161,0.0025259649846702,0.0003002751909662
Q9DB40_O54788,0.0021978,0.01293,0.016015,0.385667622089386,0.0013364283367991,0.0003406393516343
Q60925_P49615,0.0023093,0.013112,0.017684,0.10473399609327316,0.0048675029538571,0.0002978272386826
Q7TSN7_Q9JM73,0.0022145,0.013044,0.015911,0.0030215438455343246,0.0008455196511931,0.0649805068969726
P63005_P51141,0.0022028,0.013063,0.016639,0.32725101709365845,0.0027699077036231,0.0128990057855844
O70263_Q9QZS3,0.0026157,0.013087,0.016822,0.1701742708683014,0.0232963822782039,0.0208335146307945
Q9JIE6_P23611,0.0022055,0.012932,0.0164,0.3578996956348419,0.0012181620113551,0.0177993532270193
Q99JY8_P61967,0.0021804,0.013091,0.015884,0.029689166694879532,0.000322346430039,0.0014935581712052
Q9QUM9_P15702,0.0022087,0.013023,0.015883,0.05925646051764488,0.000221870970563,0.0010212963679805
P08046_Q80Z64,0.051625,0.013194,0.017185,0.09122215956449509,0.9966523051261902,0.0226501915603876
Q920D3_O35613,0.0022707,0.013034,0.015932,0.04303334653377533,0.9985328912734984,0.0006665136315859
O70394_P29341,0.0021796,0.013015,0.015911,0.0931657925248146,0.0004276357067283,0.0002997946285177
P55258_P20917,0.0022002,0.013732,0.016551,0.1396499127149582,0.000370887981262,0.0019748019985854
P48787_Q9QZL0,0.0022616,0.012949,0.015995,0.1599685400724411,0.0006085974746383,0.0303678959608078
Q62158_A2ARP9,0.0022249,0.013053,0.017568,0.24474433064460754,0.0007580728270113,0.0208743028342723
Q9CQP2_Q9Z2U1,0.0021906,0.012952,0.015976,0.06030183285474777,0.0002467439917381,0.2590651214122772
O55033_O54972,0.0022208,0.012984,0.016274,0.0012957415310665965,0.0631944239139556,0.0010765248443931
Q07763_P67984,0.0021786,0.012953,0.015903,0.025089940056204796,0.0002700478071346,0.0003118032182101
O55234_Q9QWV4,0.0022088,0.012944,0.01619,0.4166887402534485,0.0002357390039833,0.0246083606034517
P48453_Q9CQA5,0.0026245,0.013041,0.016082,0.008040843531489372,0.007795734796673,0.000250296521699
P43404_P01646,0.002468,0.021327,0.016749,0.02221127785742283,0.9967170357704164,0.000904444605112
Q9EPU5_P01901,0.0023211,0.10878,0.10769,0.16848762333393097,0.6966944932937622,0.2277157604694366
P09055_O55203,0.002188,0.012952,0.01593,0.012739621102809906,0.000779507914558,0.0252323150634765
Q80ZS3_Q60867,0.0022734,0.013206,0.015941,0.01580992341041565,0.0004191533080302,0.1240324601531028
P97428_Q9ER88,0.0021764,0.013054,0.015926,0.4505421221256256,0.0002296551101608,0.0052352668717503
Q53VQ5_Q62277,0.0023252,0.013035,0.021189,0.033373333513736725,0.0185557194054126,0.0089139323681592
Q00322_P68368,0.0021829,0.013238,0.015986,0.05726989731192589,0.0003551610570866,0.0002888792660087
Q07832_Q9JIF7,0.0023053,0.01332,0.017231,0.01991952210664749,0.0007159853703342,0.0769862234592437
Q64329_P01592,0.0022161,0.021372,0.023177,0.34351396560668945,0.0030675628222525,0.000486095494125
P01898_Q62232,0.0021784,0.014577,0.015911,0.05126876384019852,0.0004047551483381,0.0028296974487602
Q99JX3_Q6ZWY9,0.0022106,0.013038,0.017021,0.02699951082468033,0.0002722225908655,0.0021115539129823
Q99J83_P62259,0.0021732,0.013054,0.01592,0.10816732794046402,0.0028350290376693,0.0015557367587462
P70452_P22723,0.0022427,0.012969,0.016085,0.3345786929130554,0.0007011921261437,0.0491842590272426
Q9JIE6_Q8BUN5,0.0021973,0.012925,0.016828,0.3639563024044037,0.0016725455643609,0.0095938220620155
Q9QZE7_Q9WVI9,0.0021996,0.012942,0.016018,0.02620409056544304,0.0007997062639333,0.0040657795034348
P25118_Q62073,0.0026095,0.013004,0.015998,0.0030234477017074823,0.0023104534484446,0.0008320655906572
O88890_Q9DAS2,0.0021963,0.012961,0.015903,0.03633074089884758,0.0003671955200843,0.0007434402941726
Q9D8L4_Q80V24,0.0021944,0.013142,0.016117,0.32252711057662964,0.0014564119046553,0.000355882657459
P43404_P19253,0.0021804,0.012964,0.015936,0.246758371591568,0.000331482704496,0.0124789532274007
P62962_P14429,0.0021906,0.012964,0.016117,0.1648271232843399,0.0007337679271586,0.0033844071440398
Q9R1S0_P01849,0.0021962,0.012937,0.016148,0.043774668127298355,0.0003542302874848,0.458330363035202
Q9JM73_Q9CWE6,0.0021807,0.01297,0.015893,0.028336944058537483,0.002336136996746,0.0073499479331076
P01823_P33896,0.0022177,0.020937,0.068466,0.2006695419549942,0.0056771412491798,0.001358788460493
Q9DAK2_P52189,0.0021967,0.012958,0.016012,0.053631819784641266,0.0016234515933319,0.0016620899550616
O08665_P01863,0.0034289,0.082028,0.018238,0.38558229804039,0.0079234596341848,0.1002837494015693
P54775_Q9EPU5,0.0022207,0.01303,0.015941,0.00199156254529953,0.000523657654412,0.000404533726396
O35526_P63044,0.87973,0.77965,0.20739,0.39258554577827454,0.9988356232643129,0.9313921928405762
P11798_Q62108,0.0022331,0.013037,0.062969,0.023754986003041267,0.8241750001907349,0.8564008474349976
O88485_O35716,0.0022072,0.013038,0.015928,0.11026280373334885,0.0006593132857233,0.0029577396344393
Q8VCW4_Q505F1,0.0021866,0.013167,0.016401,0.021273363381624222,0.0004678501572925,0.0002623378532007
Q9JIQ3_O88895,0.0021813,0.013128,0.0159,0.14774860441684723,0.0006235713954083,0.0406171046197414
P62317_Q80Y75,0.0022303,0.013051,0.015911,0.042849861085414886,0.0002039931714534,0.0002945308224298
Q8BGW0_O88485,0.0022241,0.012973,0.016207,0.20084834098815918,0.0043606860563158,0.0348194800317287
P0CG50_P29752,0.0021842,0.013533,0.015893,0.7796933054924011,0.0195600911974906,0.1257596462965011
P68372_Q9CR21,0.0022678,0.015782,0.016273,0.06411734223365784,0.0002854659396689,0.0012602173956111
D2D553_P52189,0.0022165,0.012925,0.015971,0.14628225564956665,0.0032163728028535,0.0034754681400954
Q9CQP8_O70343,0.023087,0.012932,0.016873,0.013737048022449017,0.0162204541265964,0.0024482009466737
Q9QZL0_Q8CJG0,0.0021926,0.012965,0.016183,0.06326273083686829,0.0004669902555178,0.0127288913354277
Q8C669_Q6P8X9,0.0022093,0.012926,0.016063,0.17927558720111847,0.0015331134200096,0.0045409314334392
Q9DAS2_Q9QZE5,0.0022113,0.01324,0.015967,0.038299765437841415,0.0011899791425094,0.0038036881014704
O88513_Q00560,0.0029737,0.012987,0.016386,0.003269672393798828,0.0002193665277445,0.0105898464098572
P42225_P51150,0.002343,0.01402,0.016085,0.2226809710264206,0.99172443151474,0.0273396857082843
Q5SW45_P22605,0.0021822,0.012976,0.016164,0.007824024185538292,0.0011156172258779,0.0739685073494911
P25322_Q9D4Q1,0.0021823,0.012944,0.01593,0.6571303606033325,0.0004904282395727,0.6632943749427795
Q07763_Q60855,0.0028758,0.012981,0.015981,0.07563560456037521,0.0012759725796058,0.0024736018385738
Q61006_O08686,0.0022037,0.013095,0.024528,0.1806163638830185,0.0062779681757092,0.0387629270553588
Q9CR88_Q80TG9,0.0021908,0.017457,0.021965,0.004253970459103584,0.0002757708716671,0.0946910083293914
P35343_Q60692,0.0023189,0.012998,0.015972,0.26451435685157776,0.0002321552165085,0.0004669588524848
O35955_P60710,0.0022347,0.012953,0.015979,0.01062706671655178,0.0003886942286044,0.0694975107908248
Q60989_P62843,0.0022395,0.012983,0.015915,0.16531729698181152,0.0009582853526808,0.000792535371147
Q80ZK0_Q9JHD1,0.0021867,0.012936,0.015909,0.31869539618492126,0.0035673631355166,0.0009223840897902
Q60770_Q8VDU0,0.0021884,0.013632,0.01607,0.0634012445807457,0.0011486531002447,0.0006492676911875
Q60591_Q91ZW2,0.0021739,0.013534,0.016412,0.26481616497039795,0.0007759838481433,0.0001925475953612
P04426_P35802,0.0023857,0.013009,0.029982,0.003972573205828667,0.0002984372258652,0.0199265349656343
P61924_Q8R2K4,0.0021845,0.012938,0.01644,0.06439702957868576,0.0047775320708751,0.0084122372791171
Q9CZX0_Q80ZK0,0.0024338,0.012939,0.015928,0.029280642047524452,0.0003716544597409,0.0007028955151326
Q62191_Q9DAU1,0.0021744,0.013104,0.016899,0.1684994399547577,0.000797341344878,0.001723222550936
Q9CQR7_P70343,0.0023082,0.012956,0.015892,0.2560294270515442,0.0002523469156585,0.0237296540290117
Q8CCI5_Q61102,0.0021861,0.013003,0.015946,0.2785457670688629,0.0002380014630034,0.0391388311982154
P22366_Q9D4K7,0.0021851,0.012924,0.015937,0.04984189569950104,0.0053308168426156,0.0002423079131403
P01101_Q8VE22,0.0023642,0.012937,0.01596,0.08336793631315231,0.0005340299685485,0.0097420923411846
Q9DC71_P68433,0.0026361,0.01315,0.017376,0.03796124830842018,0.0038638152182102,0.891050398349762
Q62193_P19123,0.0021933,0.013139,0.015981,0.0013435781002044678,0.0003207162662874,0.0015958955045789
Q9QUN7_Q8R4G0,0.0028822,0.18784,0.042937,0.08454662561416626,0.9983454942703248,0.0435831137001514
Q9CQC7_Q8BHJ5,0.0021972,0.012999,0.015899,0.005573893431574106,0.0010252026841044,0.0004203300923109
P25911_P99026,0.0021779,0.012974,0.016058,0.013812755234539509,0.0002706940576899,0.0167105253785848
P23611_Q9QUK6,0.002194,0.012944,0.016028,0.18361036479473114,0.0003239478101022,0.0022117074113339
O88522_P70196,0.97999,0.94065,0.016509,0.05366147309541702,0.0020083589479327,0.4153952598571777
Q3UNW5_P70444,0.0021731,0.012921,0.01593,0.4990512430667877,0.0005197470891289,0.0018542354227975
Q9DAG4_D3Z338,0.0023,0.012928,0.016024,0.021716086193919182,0.0012557469308376,0.0016412194818258
P63044_P70338,0.0022031,0.013215,0.015881,0.020403781905770302,0.0005102109862491,0.0016895375447347
P02088_P07141,0.0021791,0.012947,0.015954,0.09472355246543884,0.003581563476473,0.0002085746236843
P25206_P49769,0.002185,0.012971,0.016037,0.09859291464090347,0.0007230585324577,0.0701576322317123
Q9DAG4_O09061,0.0022558,0.013002,0.01603,0.105615995824337,0.0005107301403768,0.0021922376472502
Q9CQ18_P97461,0.0026468,0.013039,0.01599,0.038478363305330276,0.0016050433041527,0.0017817672342061
Q9JIH2_Q9JJY9,0.0021961,0.013063,0.015941,0.017881937325000763,0.0002830040175467,0.0010164565173909
O35963_Q60819,0.0022242,0.013705,0.020553,0.5164350867271423,0.0004267595359124,0.0071108397096395
P41274_Q8BK30,0.0022556,0.031956,0.020612,0.08766399323940277,0.0002604400797281,0.0039283852092921
Q9D125_Q9D2Y4,0.0021919,0.012936,0.015907,0.046182479709386826,0.0007151291356422,0.1222634688019752
P97428_Q9DAR0,0.0021791,0.012995,0.01596,0.09815394133329391,0.0002684068167582,0.0088001592084765
Q8C180_P21784,0.0035004,0.012971,0.016072,0.06116613745689392,0.0031676485668867,0.0001740920561132
P61372_P31311,0.69759,0.01303,0.016954,0.30889326333999634,0.0391529016196727,0.0105256289243698
Q6P6J0_Q62314,0.0021849,0.012987,0.015881,0.0025346579495817423,0.0003479237784631,0.0002185060584452
O70439_O88597,0.0027562,0.012955,0.015901,0.3193879723548889,0.0005753905279561,0.5513426065444946
Q9JJV2_P48432,0.0021888,0.012959,0.015972,0.008809967897832394,0.0007943541277199,0.6331977844238281
P01642_P30051,0.0022026,0.013025,0.01594,0.13573460280895233,0.0006093169213272,0.0002416877105133
O09106_P24604,0.0022399,0.013058,0.016124,0.02311105839908123,0.0002861512475647,0.0040431320667266
P97784_Q9WVR4,0.0021997,0.012945,0.015958,0.09189523011445999,0.0021760871168226,0.0009227541740983
P61967_P54841,0.0022376,0.013287,0.016079,0.03322404995560646,0.0018525187624618,0.2912054359912872
Q8K3K8_Q9DAM2,0.0022272,0.01321,0.01593,0.07958054542541504,0.4163204133510589,0.8271711468696594
Q99NC0_Q8C669,0.0022012,0.01294,0.015917,0.10976250469684601,0.0048562809824943,0.0132688051089644
P08046_P51683,0.0022195,0.013206,0.015911,0.00634362967684865,0.0004849674296565,0.0001852674176916
Q60867_Q2TBA3,0.0030105,0.013208,0.015995,0.08734703809022903,0.0008651611860841,0.0004843106726184
Q8VCB2_P61957,0.0022205,0.013033,0.015885,0.11748868227005005,0.9987359642982484,0.0002387350978096
Q9QUM9_Q9D7X3,0.0021764,0.012955,0.016585,0.7119435667991638,0.000218185246922,0.0075545166619122
Q9JMK2_Q9CQA5,0.1254,0.012992,0.01615,0.201135516166687,0.0022946530953049,0.0003245902480557
P48437_O08543,0.0021864,0.012958,0.015926,0.011430853977799416,0.0004018742765765,0.0005123380105942
Q9Z2X2_Q61127,0.0022247,0.013189,0.023896,0.28377190232276917,0.0416603311896324,0.6937304139137268
P19783_Q6DIA7,0.0021931,0.01307,0.015907,0.008793739601969719,0.0008924293797463,0.0012290083104744
P99026_Q99JY1,0.0021816,0.013,0.015946,0.03741845116019249,0.0002555801183916,0.0219183657318353
Q9CZB6_Q08369,0.0021984,0.012977,0.015894,0.20910342037677765,0.000518279033713,0.0004613641358446
Q8BPZ8_Q9JIK5,0.0022048,0.012995,0.015967,0.13674364984035492,0.0006257801433093,0.0719457492232322
P46737_P07356,0.0021667,0.012933,0.015878,0.35958561301231384,0.0015535724814981,0.0101156281307339
P61372_Q6R5N8,0.0021834,0.021335,0.015956,0.021000251173973083,0.0035376236774027,0.0006268432480283
Q61391_Q8K2F0,0.0021813,0.012981,0.015902,0.02240094542503357,0.0006256215274333,0.0071988985873758
P47753_P22091,0.0021757,0.012974,0.015939,0.2490639090538025,0.0020820233039557,0.0070100398734211
P14753_Q00422,0.0022126,0.012978,0.015987,0.018278056755661964,0.000711134460289,0.0009690906153991
Q60629_Q9WU78,0.0021891,0.013039,0.015984,0.013666879385709763,0.0003324175486341,0.3680880665779114
Q9JKS4_Q6P8Y0,0.0021731,0.01295,0.015902,0.01051967591047287,0.001855716924183,0.0003988914832007
Q8CGN5_P67984,0.0021751,0.01292,0.015883,0.034791551530361176,0.001136434613727,0.0003130834957119
P70447_Q8BGU5,0.0029928,0.01307,0.017746,0.30738672614097595,0.0043882075697183,0.0007467641262337
P01900_P22315,0.0022112,0.041257,0.12728,0.3995407819747925,0.0009151261765509,0.001765051856637
P70218_Q9D2Y4,0.0023465,0.013102,0.2135,0.07771937549114227,0.0042861639522016,0.0004316311096772
P52189_Q62108,0.0022144,0.012974,0.016163,0.09115057438611984,0.0061925677582621,0.7693056464195251
Q61079_Q9JLC6,0.017985,0.013041,0.015991,0.3559987545013428,0.0006546872318722,0.0004836782172787
P47962_P62881,0.0021858,0.012941,0.015974,0.019097846001386642,0.0005315532325766,0.2074768096208572
Q7TQF7_Q80ZV0,0.0022143,0.012935,0.017014,0.28584352135658264,0.0004979579243808,0.0018420753767713
P35831_Q6PHU5,0.0025171,0.013071,0.016264,0.1581462174654007,0.0005496963276527,0.6865034103393555
Q9CPX7_O35228,0.0021943,0.012942,0.01587,0.008791196160018444,0.0002786997356452,0.5474740266799927
Q6DIA7_O08609,0.025362,0.013061,0.01843,0.20704500377178192,0.0216479022055864,0.000529745244421
Q8CGN5_O54972,0.0069432,0.012955,0.016031,0.3387039005756378,0.0064037907868623,0.0039531514048576
I6L991_O88786,0.003158,0.061263,0.23204,0.049099311232566833,0.0556761100888252,0.2720995545387268
P54818_P01635,0.0028185,0.036788,0.12524,0.015869278460741043,0.0019498222973197,0.0251604262739419
P01590_Q99LI5,0.0021802,0.013131,0.015896,0.6169207692146301,0.0006505228811874,0.0003806420136243
P10749_Q61884,0.0021868,0.012919,0.015883,0.03877938166260719,0.000390389439417,0.0002784617827273
P22725_Q9QUM9,0.0021892,0.012933,0.015883,0.11120288074016571,0.0002189893275499,0.0006735004717484
Q9D3X8_Q9D823,0.0022093,0.012934,0.01619,0.01543370820581913,0.0008380200597457,0.0003004249592777
Q61140_Q8CGK7,0.0023583,0.013516,0.01674,0.013487612828612328,0.3569439947605133,0.0096258530393242
Q9WU39_P01749,0.0022581,0.01439,0.025749,0.10521809756755829,0.0257956646382808,0.5314504504203796
P46096_Q9DB91,0.0021886,0.01298,0.016178,0.03256937861442566,0.0002751361171249,0.0006076132995076
P20109_Q8C437,0.0021866,0.01961,0.015945,0.5570398569107056,0.0005428168806247,0.0535096153616905
P70362_Q9R1P0,0.0021771,0.012937,0.015895,0.05597404018044472,0.0005241413018666,0.0628978461027145
Q61083_P43023,0.0021887,0.01296,0.015898,0.03493461012840271,0.0006521007744595,0.000178684000275
Q3V3N7_Q059U7,0.0023033,0.013227,0.016996,0.16170518100261688,0.0060347407124936,0.000739803421311
Q9CWR8_P98156,0.0021944,0.012971,0.015942,0.15724290907382965,0.0007977760396897,0.0002663094783201
P04351_Q9CQT6,0.0022125,0.012982,0.016755,0.0383976511657238,0.0004452065040823,0.1874641478061676
Q9CQA6_Q61127,0.0021881,0.012965,0.016034,0.6162595748901367,0.0082697477191686,0.2169786244630813
Q8CBW3_O88522,0.02865,0.014275,0.015952,0.10101738572120667,0.0038099163211882,0.0133549459278583
Q9CZB6_Q69ZK9,0.0021954,0.012942,0.015946,0.0027797087095677853,0.0002234482963103,0.0180943030864
Q60876_P23818,0.0021874,0.012951,0.015925,0.002011467469856143,0.0002242707123514,0.0013969576684758
Q9DCL4_Q9JJN6,0.0021958,0.013056,0.015943,0.041972532868385315,0.0004566377028822,0.0026402522344142
Q60629_P46938,0.0022149,0.013032,0.019229,0.030117414891719818,0.0010803934419527,0.0031099719926714
Q99JB6_P02088,0.0022087,0.012965,0.015892,0.16075469553470612,0.0010352279059588,0.0023816502653062
Q8C0X7_P18893,0.0022052,0.013171,0.019071,0.09240949898958206,0.0008152498630806,0.014285285025835
Q04207_Q60680,0.002242,0.012974,0.021609,0.1615603119134903,0.09053535759449,0.0014227268984541
Q3U0V2_Q9CQJ2,0.0021883,0.012941,0.015918,0.05409516766667366,0.0011696317233145,0.0014683092013001
Q80UP5_Q9DAK2,0.0021928,0.01311,0.016935,0.0037338021211326122,0.0025410554371774,0.000239029614022
Q60795_Q8K214,0.0029439,0.01296,0.017059,0.025540780276060104,0.0095131443813443,0.0008420940721407
P68037_Q9WUB0,0.058099,0.015575,0.021481,0.01775224693119526,0.9978504180908204,0.0005289284163154
P46935_Q9WU39,0.0022126,0.012923,0.016049,0.013999353162944317,0.000453808432212,0.0052807652391493
Q6IMH0_P04224,0.002182,0.012984,0.015876,0.014391402713954449,0.0070526404306292,0.0084454426541924
P51667_Q8BVZ1,0.0022359,0.013121,0.015881,0.016756052151322365,0.0014130210038274,0.2272903025150299
P04919_P43404,0.0022028,0.012964,0.016137,0.2811230421066284,0.0013781662564724,0.0002612303942441
Q9CXY6_Q61079,0.0021872,0.012982,0.015943,0.0924927219748497,0.0003040495503228,0.0017858000937849
P13297_P62281,0.0021921,0.012971,0.015908,0.20107780396938324,0.0002901854750234,0.014696099795401
P62962_Q8R2L5,0.0021936,0.012969,0.015912,0.03384412080049515,0.0002533159567974,0.0070186778903007
P70217_P01647,0.0022449,0.01387,0.016099,0.3740106225013733,0.0043836473487317,0.0064830058254301
O09061_Q5F201,0.0022459,0.012949,0.015905,0.2678498923778534,0.0002368519344599,0.02194887958467
Q91WD5_O35182,0.0021972,0.014075,0.04487,0.27338847517967224,0.0005747670074924,0.0008028338197618
O54972_Q80X85,0.0021956,0.013186,0.015956,0.1955176144838333,0.0007459205226041,0.0016797874122858
P55258_Q7TS98,0.0022039,0.07152,0.017234,0.028921926394104958,0.0003794731746893,0.0012254099128767
P62245_Q6SP97,0.0021834,0.012934,0.015914,0.2392672449350357,0.0012491138186305,0.1457852274179458
Q8VD72_P03888,0.0022284,0.013054,0.016062,0.18142348527908325,0.0004128254367969,0.2039786279201507
P18525_P19783,0.0025175,0.091639,0.017533,0.03694329410791397,0.0019036118173971,0.0008241267059929
A0A5E3_O35182,0.0022505,0.017125,0.050481,0.020368030294775963,0.0027516426052898,0.0002673275303095
Q61771_Q9JI44,0.0025409,0.013343,0.017009,0.009379497729241848,0.0005685336072929,0.0786256939172744
Q02067_Q61127,0.002452,0.013053,0.016023,0.23402643203735352,0.0057423077523708,0.0004133434849791
P09022_P28700,0.062963,0.013235,0.016226,0.04195366054773331,0.0008859673980623,0.0062834620475769
Q61190_Q5SW45,0.0022752,0.012949,0.016603,0.005793480202555656,0.0012809851905331,0.0412829704582691
O35718_P09023,0.0021855,0.013081,0.016012,0.012201688252389431,0.0019458540482446,0.0002537738182581
P27467_Q61091,0.025288,0.020934,0.22969,0.3762747049331665,0.0084055494517087,0.0005474216304719
P0CG50_Q60902,0.0022372,0.013085,0.015951,0.015266209840774536,0.0066164745949208,0.0463020615279674
P05532_Q61216,0.0022215,0.012984,0.016443,0.05362546816468239,0.0002997163101099,0.008949251845479
P46471_P60879,0.0025071,0.012961,0.01595,0.031481362879276276,0.001907302532345,0.0853893309831619
P09631_P60867,0.0021899,0.012963,0.015892,0.005411928053945303,0.0004119495570193,0.0006204696255736
Q6IMH0_Q8BVZ1,0.0021847,0.012917,0.015979,0.010835107415914536,0.0010830505052581,0.0008387638954445
P70280_O55033,0.0022624,0.012984,0.01788,0.004080152604728937,0.0008839689544402,0.0037997404579073
O88597_P01592,0.0021887,0.012936,0.015921,0.06319458037614822,0.000451364001492,0.0227653086185455
O88895_Q8CDI2,0.0022648,0.013002,0.016045,0.02830297313630581,0.0038713046815246,0.0125592174008488
P18893_Q8C669,0.0022093,0.012937,0.01594,0.020544487982988358,0.0002878153463825,0.01067731436342
Q8C0J2_Q8VCF0,0.0022603,0.012978,0.015947,0.015546406619250774,0.0029389131814241,0.000608014233876
P51450_Q9CQY1,0.0022742,0.012974,0.016433,0.10279195755720139,0.0062257107347249,0.0004990079905837
O35625_P63330,0.0022968,0.013047,0.019107,0.07924968749284744,0.0016700370470061,0.1810574233531952
Q9D9T8_Q8HWB0,0.0021771,0.012967,0.01589,0.49229785799980164,0.0007222500862553,0.8326144218444824
Q80ZV0_P70188,0.0022197,0.01308,0.016278,0.025094712153077126,0.0024751941673457,0.0002749559644144
Q9CY16_Q64261,0.002227,0.013128,0.016195,0.2323942482471466,0.0002790903672575,0.0267327092587947
Q8BFZ4_Q9R194,0.0023162,0.012947,0.018028,0.05830521881580353,0.0002889751049224,0.0177491139620542
O08543_Q80W99,0.0022308,0.013019,0.017093,0.3247404098510742,0.0007490126881748,0.0019251535413786
Q02111_P14719,0.0021854,0.013031,0.016115,0.025596830993890762,0.0008369268616661,0.002848278498277
P18525_P09021,0.0023383,0.023143,0.01648,0.050131656229496,0.0154129331931471,0.9690781831741332
P62852_Q2VPU4,0.0021804,0.012973,0.016005,0.024164976552128792,0.001585331861861,0.0018885299796238
Q9JJR7_Q99P58,0.0027221,0.013785,0.016625,0.05263616517186165,0.0004475946188904,0.5237470269203186
Q80W99_P49615,0.0022226,0.013032,0.016004,0.22411714494228363,0.001166833564639,0.0021748668514192
Q62432_Q02242,0.0022491,0.012959,0.016988,0.01401501428335905,0.0002927950117737,0.0854144543409347
Q9WVK0_Q9Z2Q6,0.0022013,0.01296,0.015901,0.003012943547219038,0.0004275380924809,0.0007204105495475
P51150_P18760,0.0021815,0.016749,0.016061,0.04795486107468605,0.0200954414904117,0.0004027792601846
P37238_Q99K74,0.0028607,0.013265,0.016243,0.24350197613239288,0.0041640209965407,0.0004113754548598
P26043_P18181,0.0021854,0.013035,0.015895,0.005693705752491951,0.0002919175312854,0.0306327436119318
O54786_U5LP42,0.0021919,0.013253,0.01592,0.06277896463871002,0.0032081308308988,0.0009962162002921
P09803_O54901,0.013482,0.025578,0.10506,0.0358533151447773,0.0083983801305294,0.0002656681172084
Q3USJ8_Q60629,0.0021932,0.013007,0.026549,0.3224320113658905,0.0012293473118916,0.0002706765080802
P33242_A2ARP9,0.0022429,0.013162,0.017211,0.04115614295005798,0.0009008705965243,0.0072290427051484
Q9EPL2_Q6PAT0,0.0022209,0.012935,0.015972,0.04516162723302841,0.0003009122738149,0.0011359774507582
Q8VE22_P63328,0.0021885,0.013038,0.016161,0.06745145469903946,0.0013215962098911,0.0002819050278048
Q9QZE7_P35343,0.0022073,0.012964,0.016054,0.1077549159526825,0.0002167284983443,0.0003134245343971
P58283_P68037,0.0078401,0.013201,0.016143,0.3620857298374176,0.9973920583724976,0.0002954380761366
Q9JHD1_Q5SW45,0.0021876,0.012943,0.016159,0.06531435996294022,0.9975413084030152,0.0015557270962744
O35449_Q61102,0.0022815,0.013049,0.019269,0.09016478806734085,0.0003327336453367,0.0008545548189431
Q80ZV0_Q9DBC7,0.0021798,0.01299,0.015907,0.041357845067977905,0.0005328803090378,0.0014981005806475
P28652_O89100,0.0022111,0.013256,0.090039,0.08831046521663666,0.0706879943609237,0.2917419373989105
P61982_Q62108,0.0021894,0.013512,0.016009,0.2512649893760681,0.0625152513384819,0.0034528817050158
Q80U63_Q91YN9,0.0028172,0.013436,0.015937,0.03526998311281204,0.0092332176864147,0.0091434875503182
P47757_P17679,0.0021866,0.012946,0.015904,0.23848210275173187,0.0008972730720415,0.0004975332994945
Q9CPQ1_Q9D485,0.0024881,0.013019,0.015894,0.3120659589767456,0.0003573191352188,0.0031766439788043
Q9Z307_Q6DIA7,0.48222,0.012962,0.018625,0.01016688346862793,0.0082300389185547,0.0031920657493174
Q3TWN3_Q61327,0.0028159,0.012977,0.022038,0.037670306861400604,0.0005843958933837,0.0405635572969913
P70175_Q9JIK9,0.0021966,0.012938,0.01592,0.3035234808921814,0.0021060379222035,0.1716254651546478
P14753_Q6DIA7,0.48434,0.013137,0.047601,0.12804147601127625,0.0019517071777954,0.0227759703993797
P26231_P70217,0.0022119,0.013023,0.01594,0.02723808027803898,0.0016471117269247,0.0558853782713413
Q8CGP4_P35456,0.0022365,0.012961,0.015925,0.06171394884586334,0.0002205112978117,0.0025053035933524
P70460_Q2NL51,0.002299,0.01307,0.016175,0.1474100947380066,0.0015558099839836,0.0258012861013412
P70188_Q811U5,0.0021929,0.013563,0.016027,0.04578985273838043,0.0010155409108847,0.0262430310249328
Q9R194_Q8C5G2,0.0021996,0.012948,0.015967,0.02189844660460949,0.0013278009137138,0.0047198496758937
Q3V1H9_O88282,0.0022328,0.012966,0.016675,0.0028183143585920334,0.0005539321573451,0.031499832868576
Q9D131_Q08775,0.0030662,0.01297,0.016015,0.34066641330718994,0.0125589212402701,0.0698949098587036
A0A2R8VHF7_P11103,0.0021809,0.012918,0.015892,0.022268837317824364,0.0012818059185519,0.0001588743325555
Q924H2_O70174,0.0022253,0.013688,0.015931,0.38630157709121704,0.0005427335272543,0.0008030032040551
Q921D4_P56393,0.0022225,0.013259,0.015919,0.2873162031173706,0.0013159967493265,0.0006106612854637
Q9CQJ2_P41969,0.0021893,0.012961,0.015894,0.10483795404434204,0.0220235642045736,0.0019153475295752
Q03526_P27467,0.0021779,0.012969,0.01598,0.33215251564979553,0.0002596895501483,0.0059008365496993
Q9QYH6_P70671,0.0021808,0.012933,0.016052,0.542208731174469,0.0005397964850999,0.251161128282547
Q61234_P16388,0.0022526,0.013006,0.017342,0.0883137434720993,0.0019274967489764,0.0011353213340044
Q9Z0G0_P47911,0.0021829,0.012955,0.015963,0.19751423597335815,0.0003356999077368,0.0047974679619073
P25322_Q9R1P3,0.0021697,0.012943,0.015903,0.0714312344789505,0.0002333925222046,0.0219258945435285
P07901_Q9D1P4,0.0021895,0.012944,0.016558,0.10509304702281952,0.9856071472167968,0.0090304082259535
P48772_G5E8A8,0.0022153,0.013009,0.016435,0.047877177596092224,0.0003663245879579,0.0002548100310377
Q8VDM4_P50540,0.0024097,0.013182,0.016358,0.005698842462152243,0.0024036450777202,0.0534760206937789
Q2TBA3_Q8K214,0.0022238,0.012966,0.017061,0.026028674095869064,0.0011289357207715,0.0315029807388782
P63017_Q9R0T8,0.0021807,0.013093,0.01618,0.04940081015229225,0.0009624481899663,0.2404914647340774
O54709_Q9D7W5,0.0022012,0.012945,0.015927,0.0601213313639164,0.0002589665527921,0.0013543152017518
Q8BK72_O54784,0.0023478,0.014974,0.016566,0.14174199104309082,0.0007392403203994,0.012248639948666
Q9R207_P09023,0.0027765,0.013021,0.015997,0.15737448632717133,0.001762866275385,0.0183808673173189
Q9WTK5_Q9JJV2,0.0021883,0.013615,0.015985,0.1987440288066864,0.0114098051562905,0.0207430943846702
P97457_Q8VEK3,0.0021928,0.013073,0.015934,0.10222683101892471,0.0048729609698057,0.0012068264186382
P70444_Q04735,0.0021772,0.012971,0.016022,0.05887969583272934,0.0076733101159334,0.000760024646297
P97318_P03903,0.0022212,0.012929,0.016028,0.014068751595914364,0.0003753552155103,0.0073821530677378
Q9Z0F8_Q91XM9,0.0036514,0.012965,0.01603,0.2586840093135834,0.0012320991372689,0.0016542294761165
O55033_B5KM66,0.0022039,0.012941,0.016017,0.19836516678333282,0.0005178765859454,0.0486400425434112
Q8CGP4_Q91WG4,0.0034762,0.013013,0.12782,0.23441091179847717,0.0027400988619774,0.0002959083067253
Q8R4E9_Q08351,0.0022408,0.013278,0.01731,0.03722361847758293,0.000448907027021,0.0037342794239521
P61967_O88447,0.0023093,0.013658,0.016099,0.15728600323200226,0.0036042877472937,0.1869247108697891
P01590_Q91X20,0.002209,0.01297,0.016046,0.08008751273155212,0.0012179375626146,0.0619167871773242
Q8VCD5_P41183,0.005626,0.012994,0.016972,0.013504761271178722,0.0008700759499333,0.0002508173056412
P01108_Q9CY58,0.0022931,0.012969,0.016041,0.01930941827595234,0.0004579506639856,0.0010755151743069
P14719_Q922F4,0.0021824,0.013037,0.015954,0.10511737316846848,0.0004090499132871,0.1681085675954818
P60904_P97481,0.002386,0.013039,0.015941,0.007966206409037113,0.0006572817219421,0.0053053433075547
Q91WG4_P60202,0.0022214,0.012988,0.015891,0.3299778699874878,0.000454469496617,0.0044598225504159
Q8VCD5_Q9CPX8,0.0024644,0.012927,0.015862,0.014062166213989258,0.0005146126495674,0.029172072187066
Q9EPU5_O89100,0.0021924,0.012984,0.016046,0.004962803330272436,0.0006463539320975,0.0009005229803733
Q99JY1_Q8C669,0.0021849,0.012939,0.015957,0.49743786454200745,0.0004360890598036,0.0195477996021509
Q60809_Q02111,0.0022606,0.013096,0.01783,0.010992513969540596,0.002082553692162,0.0031761440914124
P70362_Q9DAS2,0.0022162,0.01299,0.016048,0.2375131994485855,0.0011690630344673,0.0001696300896583
Q9CPQ1_Q793I8,0.0022985,0.012927,0.015872,0.016244448721408844,0.0003044896002393,0.062615767121315
P14148_Q9JIE6,0.0021972,0.012922,0.015892,0.010361089371144772,0.0002918001264333,0.0004977633361704
P14432_Q9D125,0.0021849,0.012955,0.015893,0.20245486497879028,0.0006915332050994,0.0022686212323606
Q8VCQ3_P70218,0.0028474,0.013067,0.016651,0.10042448341846466,0.0234389007091522,0.2426207065582275
P01843_Q60760,0.0021803,0.01424,0.016047,0.022609245032072067,0.0015209747944027,0.0007521602674387
P70326_Q8VEA4,0.0021785,0.012966,0.016129,0.05930061265826225,0.006498516537249,0.1463266015052795
Q9JJX7_Q9WTM5,0.0022152,0.013065,0.016152,0.07972145080566406,0.0003822121361736,0.0033009832259267
P20917_Q9CQY9,0.0023676,0.18194,0.22359,0.1722024828195572,0.0010192387271672,0.058807399123907
P31750_Q9WV60,0.050247,0.046145,0.21457,0.020730093121528625,0.8299565315246582,0.0006716425996273
P01739_Q61091,0.0025983,0.026717,0.28508,0.2817448377609253,0.0151987606659531,0.1678860783576965
P97792_P20334,0.0078594,0.020899,0.14958,0.27162832021713257,0.0109059996902942,0.0017617128323763
P58801_Q8K3Z0,0.0023115,0.014045,0.02666,0.35283032059669495,0.0226494092494249,0.1042652875185012
Q9WVR4_Q9CZB6,0.0022004,0.012935,0.015932,0.06244724988937378,0.0020084392745047,0.9128210544586182
O70439_Q9QZ88,0.0023196,0.012943,0.015908,0.02217814140021801,0.0002467960002832,0.0004973703762516
P28574_Q9D2N4,0.056432,0.073955,0.015942,0.0017886720597743988,0.0175770316272974,0.0042443773709237
Q62108_Q80TG9,0.0036537,0.012978,0.016,0.01437894906848669,0.0019073007861152,0.0278692245483398
P09022_P11610,0.0021876,0.018754,0.016019,0.36791321635246277,0.0004612245538737,0.0012834301451221
Q9CZB6_Q9DAU1,0.0022169,0.012937,0.016016,0.3767964839935303,0.000326366367517,0.328428715467453
Q571K4_Q61083,0.4598,0.013029,0.016436,0.06426286697387695,0.005124406889081,0.0001614566281205
P61080_Q9D2R8,0.002195,0.012976,0.015871,0.0885467529296875,0.0002765288809314,0.0036840024404227
O54864_P23198,0.002245,0.013045,0.016121,0.08333365619182587,0.9971490502357484,0.0003118204476777
Q9JJR7_Q8CGP4,0.01715,0.013238,0.016035,0.08303432911634445,0.0002592039527371,0.5212836861610413
Q9QZE7_P29452,0.0021891,0.012927,0.016037,0.033933766186237335,0.0009718297515064,0.0004837898013647
O70394_Q9Z2U0,0.0021836,0.012931,0.015874,0.06585559993982315,0.0002807596756611,0.8174597024917603
O35680_P19221,0.0022704,0.28293,0.0825,0.04280904680490494,0.0004507149278651,0.0014421268133446
Q61127_Q9D5V5,0.0021796,0.013051,0.015921,0.15371830761432648,0.0006141443736851,0.1480568945407867
Q80ZK0_Q18PE0,0.0021858,0.012953,0.015894,0.28718000650405884,0.0003648550191428,0.4010932445526123
P61957_O70263,0.0094406,0.013121,0.01727,0.10198802500963211,0.0024725219700485,0.0019153683679178
P15116_Q02248,0.002349,0.013478,0.016157,0.0035393789876252413,0.0084725944325327,0.0198968350887298
O70374_P59178,0.0025316,0.012957,0.01613,0.0013710825005546212,0.0076695466414093,0.0013872999697923
Q9D9D8_Q9CQ75,0.0021945,0.012953,0.015903,0.04048343747854233,0.0003534284769557,0.001347619574517
P97371_O70477,0.0022608,0.01295,0.015944,0.06775473803281784,0.0119547033682465,0.0061486777849495
Q9DAK2_A0N262,0.0022917,0.013019,0.015927,0.03801209479570389,0.0009816210949793,0.0185067970305681
Q9CZB6_P62082,0.0021867,0.012941,0.015893,0.27370309829711914,0.0007639169925823,0.000520066008903
O35730_Q9QXV1,0.0022021,0.013141,0.015965,0.007459647953510284,0.0017881623934954,0.9752305150032043
Q9QUQ5_O08603,0.0029124,0.012979,0.016003,0.008384539745748043,0.0004991890164092,0.0009074861300177
Q2VPU4_Q99N28,0.0021931,0.014549,0.015905,0.0021588820964097977,0.0004918301710858,0.003042624797672
Q8R502_Q8BTU1,0.0021821,0.012928,0.015918,0.21144425868988037,0.0005118218250572,0.008141822181642
Q8BK30_Q8BJ56,0.0023306,0.013161,0.01608,0.04163653403520584,0.0026942382100969,0.0024061677977442
Q8R3R8_P09055,0.0022069,0.013004,0.015908,0.037602562457323074,0.0004395195574034,0.0002742386132013
Q9WVI9_P48346,0.0021863,0.012921,0.016033,0.15753185749053955,0.0013704232405871,0.0034660706296563
Q61234_Q6KB05,0.0022006,0.014125,0.020119,0.07551929354667664,0.0082735894247889,0.0002338698541279
Q9DB40_P62245,0.0021695,0.012924,0.015893,0.009810753166675568,0.0003214788157492,0.1516916900873184
P47753_P83917,0.0021752,0.012967,0.015906,0.010693531483411789,0.0011685959761962,0.0048974677920341
Q9EPL2_Q9QUI0,0.0022041,0.013465,0.016129,0.29548048973083496,0.0009860072750598,0.0021140933968126
Q8CHU3_Q80ZS3,0.0021933,0.01353,0.015907,0.017348850145936012,0.0003769771719817,0.0184490494430065
Q3TCJ1_Q9QUI0,0.0022154,0.013139,0.015916,0.26853376626968384,0.0023720010649412,0.0012650863500311
Q9D6K5_Q9WTX5,0.0021951,0.012987,0.016099,0.019739191979169846,0.000347183260601,0.4743646681308746
Q18PE0_Q5SW45,0.0022078,0.013037,0.016279,0.002213998232036829,0.0148814721032977,0.0007612714543938
P25911_P35329,0.0021984,0.013009,0.015992,0.16156192123889923,0.0027460742276161,0.0006321378168649
Q9DBR4_Q9D1P4,0.0021921,0.012937,0.015954,0.12468326091766357,0.0389120168983936,0.047058168798685
P28574_O88522,0.73745,0.6925,0.016095,0.025761768221855164,0.0072584087029099,0.0004277457774151
Q3V0Q6_P97465,0.0052408,0.013299,0.017287,0.010033661499619484,0.0011964241275563,0.8191580176353455
P28700_P39054,0.56558,0.013145,0.016064,0.34402427077293396,0.0003103559429291,0.0092117069289088
Q01853_O35680,0.002265,0.013054,0.015938,0.1611321121454239,0.0004366010834928,0.0706877708435058
Q9D4G2_Q8C1B7,0.68453,0.087816,0.016058,0.37030094861984253,0.0050898166373372,0.0013744693715125
Q9JHS3_Q9DCT2,0.0022004,0.013028,0.015914,0.12121376395225525,0.0006326006259769,0.0045802146196365
Q9QWH1_Q9D4K7,0.0021915,0.012959,0.015924,0.046303510665893555,0.0033361983951181,0.9161908626556396
Q91V08_Q91YE7,0.0021863,0.01299,0.015907,0.006383425556123257,0.0002755272435024,0.3033272624015808
Q9CWH4_P97372,0.0021989,0.012936,0.01606,0.003581166500225663,0.003374294610694,0.0249752551317214
Q61730_P01865,0.11388,0.40888,0.081167,0.3957783579826355,0.019406309351325,0.1036888509988784
Q9R1V6_P48168,0.0024401,0.026036,0.14687,0.008225261233747005,0.996692419052124,0.0009086234495043
Q00609_Q2VPU4,0.0022172,0.016504,0.015932,0.014977741986513138,0.0009227690170519,0.0007706580217927
P26450_Q9QYY0,0.0023864,0.013123,0.016086,0.0809018686413765,0.0020177152473479,0.0032059084624052
A2AIP0_Q9CZM2,0.0021924,0.01294,0.016003,0.010665700770914555,0.0004741103039123,0.0020948769524693
Q9D495_Q62108,0.009797,0.056278,0.016054,0.07497894018888474,0.0814991518855094,0.0009266500710509
Q61768_Q8VDS3,0.0022069,0.013054,0.016037,0.2679085433483124,0.0018050195649266,0.0004914552555419
P70375_Q9CR61,0.0022424,0.01316,0.025174,0.45973771810531616,0.0005488921306096,0.0005742695648223
Q9R0X0_P01837,0.0021747,0.014386,0.015862,0.051542334258556366,0.0002295447920914,0.0003722173278219
P45448_P62305,0.0022438,0.012977,0.015933,0.014309952966868877,0.0002705823280848,0.0007848457898944
P15247_Q9CQZ5,0.0022401,0.023843,0.018563,0.059685494750738144,0.0002758516056928,0.0009401709539815
P54775_Q8VH51,0.0021995,0.013065,0.017717,0.004991554189473391,0.0055218073539435,0.1208308711647987
Q3V0Q6_P35438,0.0026006,0.013025,0.016591,0.013905066065490246,0.0006868910859338,0.0002040598919847
P01647_Q9QUI0,0.0022291,0.11622,0.016374,0.014618245884776115,0.0013115865876898,0.0165012720972299
Q80X85_Q8R409,0.0022401,0.012999,0.016001,0.1469666212797165,0.001745645655319,0.0003442025335971
O54709_Q60680,0.0022075,0.012965,0.016093,0.00680267158895731,0.001153975026682,0.0714419558644294
Q9D0B8_O09111,0.0021852,0.012959,0.015973,0.3101053237915039,0.0005094388034194,0.0115993190556764
Q08369_P49769,0.0022106,0.013121,0.016001,0.05629027262330055,0.000393837748561,0.0017829005373641
Q8C031_Q61083,0.0022684,0.012977,0.016053,0.020085452124476433,0.0031016748398542,0.1084423214197158
Q9EPW9_P61957,0.0022221,0.012963,0.015944,0.020873041823506355,0.0005385841359384,0.2158635109663009
P97465_Q60631,0.0022175,0.01301,0.018476,0.12851090729236603,0.0290982648730278,0.0003047651844099
Q00422_Q9CQ75,0.0021859,0.012965,0.015893,0.06910857558250427,0.0007183770649135,0.0006708272849209
Q61699_P33896,0.0022147,0.013084,0.016015,0.30416128039360046,0.0005991765647195,0.0206512007862329
Q91YT0_Q80V24,0.0021932,0.013205,0.015954,0.04161996766924858,0.0002559463900979,0.0012020012363791
P70671_Q8VCD5,0.0022,0.012915,0.015946,0.023585738614201546,0.001154537894763,0.0002507218741811
P49722_P05977,0.0021801,0.013076,0.015888,0.15863853693008423,0.0002506542368791,0.3453320264816284
Q2MH31_P15105,0.0021797,0.012928,0.015979,0.1317412257194519,0.0003895736299455,0.0002184916957048
Q6ZWS8_P30051,0.0021846,0.012963,0.016061,0.026455910876393318,0.0028659033123403,0.0012914433609694
P28028_P09542,0.0022263,0.013191,0.015959,0.1735878884792328,0.1105991825461387,0.0033536283299326
P97459_Q924X6,0.0025593,0.013231,0.017156,0.24838866293430328,0.0049798996187746,0.0004320151347201
Q07440_P00757,0.0022265,0.01302,0.015913,0.032741401344537735,0.0009369298350065,0.00732760457322
O35235_P22315,0.0021867,0.020457,0.058627,0.16940836608409882,0.0003866322513204,0.0004201674601063
Q8CBW3_P62862,0.0021909,0.01296,0.017577,0.027400679886341095,0.0025052211713045,0.0003329859173391
P61967_Q5SSL4,0.0022098,0.012939,0.016261,0.03251667693257332,0.0005229081725701,0.0009864048333838
Q9CQ75_Q9JLC6,0.0021885,0.012973,0.015881,0.10218838602304459,0.0013895769370719,0.0042544091120362
Q8R2X8_Q64337,0.0023055,0.012961,0.015981,0.014398391358554363,0.0119080012664198,0.0623113475739955
P04919_Q61391,0.0025302,0.012941,0.015924,0.18017908930778503,0.000442073913291,0.6459279656410217
A2ARP9_Q61091,0.0024164,0.01343,0.58561,0.2970394492149353,0.0008502808050252,0.0007149131852202
P01750_Q9CXW2,0.0022515,0.20727,0.31656,0.18762937188148499,0.0009127706871367,0.0037044712807983
Q8R0L9_O35593,0.0022273,0.012996,0.016473,0.011821478605270386,0.0004888596013188,0.000336962431902
P16858_Q8C456,0.0021771,0.012957,0.015919,0.12783823907375336,0.0005994724342599,0.0029525384306907
Q04863_P68368,0.0021757,0.013161,0.015985,0.3611624836921692,0.7568994164466858,0.065936341881752
O08665_O55013,0.0022108,0.012935,0.015902,0.1296493411064148,0.0003075503627769,0.0050104674883186
P97465_Q9QYS2,0.0022543,0.013027,0.016182,0.24209515750408173,0.0008538296096958,0.1449964344501495
Q80X85_Q3HNM7,0.002195,0.019201,0.019303,0.01269429549574852,0.0030288901180028,0.008754851296544
Q60665_Q9WVL2,0.0041306,0.022415,0.016191,0.03732583299279213,0.0006501203170046,0.0099018365144729
P22725_O88703,0.0021784,0.013018,0.016819,0.021458527073264122,0.000834381149616,0.0385491773486137
P01645_P41133,0.0021916,0.013984,0.016127,0.001756330020725727,0.0008585516479797,0.9446451663970948
Q64010_P22725,0.0021932,0.012956,0.015982,0.0030900281853973866,0.0003496765566524,0.0022174404002726
P62315_Q99LC4,0.002188,0.014474,0.016227,0.03359934315085411,0.0003089854435529,0.0319720469415187
P0CG50_P70297,0.0021927,0.014053,0.016013,0.031022606417536736,0.0205882284790277,0.4706766307353973
P28574_P70375,0.0022124,0.013491,0.015945,0.38071081042289734,0.0002805122057907,0.0025450021494179
P30561_P60605,0.0021745,0.013547,0.015912,0.056702397763729095,0.0007707171607762,0.958122968673706
Q61045_O35730,0.0022005,0.013259,0.016009,0.0813605785369873,0.0002522538125049,0.0002805742551572
Q8CDU5_Q9JIL4,0.0027806,0.012967,0.017215,0.0011542976135388017,0.0274492595344781,0.0001861980708781
Q60809_Q9CQC7,0.0022311,0.013048,0.01592,0.21955035626888275,0.0029094228520989,0.0010387680958956
O35613_P84244,0.11027,0.013006,0.79909,0.056525614112615585,0.9989030361175536,0.0050730817019939
Q9WTL8_P70217,0.004644,0.013021,0.016278,0.23149366676807404,0.0037369765341281,0.0002908144379034
P97481_Q8C0J2,0.0066835,0.013109,0.016889,0.025116728618741035,0.0003963032795581,0.0103018712252378
Q8R0W6_P63085,0.0022339,0.012986,0.015982,0.03769451379776001,0.00043352713692,0.0049518896266818
O88188_Q8VEG6,0.0021846,0.01332,0.018575,0.0012162403436377645,0.0045960270799696,0.000512053607963
P01636_A0A0U5BC76,0.68567,0.74176,0.047276,0.02107062377035618,0.0033571063540875,0.0007890666602179
Q04207_Q9D9I1,0.0022135,0.012958,0.015967,0.15729787945747375,0.0533659905195236,0.008513418957591
Q80ZV0_Q9WTV6,0.0021789,0.012924,0.015901,0.010498156771063805,0.0008076493977569,0.0092826439067721
P01648_P39087,0.0026157,0.016804,0.016756,0.005835690535604954,0.0087811090052127,0.0014982639113441
O70274_Q31093,0.0021813,0.013279,0.016984,0.012813611887395382,0.0004535515618044,0.8698062300682068
P70188_Q8K479,0.0021719,0.014472,0.015889,0.2044595330953598,0.0005148027557879,0.8724144101142883
Q9CQY9_P14719,0.0023666,0.02615,0.29578,0.08652977645397186,0.0002380986115895,0.0052845058962702
P0DP43_Q7TSZ8,0.0021973,0.012934,0.016211,0.024038270115852356,0.0006504736375063,0.0059196520596742
P11103_P47708,0.0022219,0.012964,0.016776,0.2591557204723358,0.0006342463311739,0.0125439343973994
P05977_Q9QWF0,0.0021771,0.013221,0.01591,0.1462125927209854,0.0038548361044377,0.0073753604665398
P12367_P70280,0.0022229,0.013075,0.016319,0.0016939466586336493,0.000637229764834,0.0004668818728532
P70326_P43275,0.0021852,0.013162,0.015911,0.2813452184200287,0.0054658283479511,0.0012128003872931
P14131_Q8CDT5,0.0021842,0.012926,0.015888,0.33246147632598877,0.0012967644724994,0.0010301335714757
Q9Z0W1_O08582,0.0021832,0.013199,0.016,0.056593332439661026,0.0006883518653921,0.2677099108695984
Q922F4_Q99PT1,0.0021933,0.012985,0.015964,0.18753588199615479,0.0362349487841129,0.0004363587358966
Q60809_P08113,0.0021921,0.013171,0.016014,0.18193702399730682,0.0087150214239954,0.0003952413972001
Q07763_P47915,0.0021818,0.012993,0.01595,0.122332364320755,0.0007523197564296,0.0002253336133435
P01636_P68373,0.0022334,0.015396,0.015943,0.18917788565158844,0.0032696444541215,0.0013019659090787
P09450_P61080,0.0021753,0.016634,0.015889,0.11973859369754791,0.0002902623964473,0.0015797775704413
Q61730_Q8R2X8,0.0022061,0.012998,0.015986,0.007328396197408438,0.0012975834542885,0.0013804230839014
O88485_Q9Z1X4,0.0027353,0.013049,0.01768,0.05667021498084068,0.0081134382635355,0.0428722873330116
Q62406_Q8K4B2,0.15173,0.013196,0.10053,0.14314542710781097,0.999019980430603,0.0002655131393112
P01942_Q9D6J6,0.0021994,0.018542,0.020506,0.0410291962325573,0.0003560090262908,0.0013728713383898
Q91WQ5_Q64329,0.0022072,0.01296,0.016047,0.010169729590415955,0.000289223738946,0.0594576448202133
Q2NL51_P60904,0.0022371,0.013025,0.016007,0.026617562398314476,0.0170918386429548,0.0002747636171989
P10749_Q9DAR0,0.0021966,0.012925,0.015972,0.026644064113497734,0.0007484511006623,0.0003725728602148
Q9CQ39_Q8K4G5,0.0021948,0.012963,0.015901,0.004767618607729673,0.0013327040942385,0.00034218330984
Q61730_P39054,0.0021938,0.012974,0.015972,0.1479809582233429,0.0004338259750511,0.010802274569869
P07351_Q9CQA6,0.0022472,0.013853,0.017832,0.09446467459201813,0.0003025787882506,0.0024487879127264
O70274_Q9D415,0.0022128,0.01295,0.016167,0.008548221550881863,0.0058742309920489,0.001399366534315
V9GXK1_Q03157,0.0022279,0.013006,0.018982,0.334500253200531,0.0007343422039411,0.9367007613182068
P15116_Q6PGF3,0.0022212,0.012989,0.017494,0.10476268827915192,0.0008664857014082,0.0005700988695025
P34902_Q62132,0.0029287,0.023516,0.033286,0.01769219897687435,0.0121165048331022,0.3501737415790558
A0A0G2JF94_P42866,0.0024331,0.041463,0.16021,0.1857425421476364,0.3050483167171478,0.345584362745285
P28574_Q60876,0.0023344,0.012987,0.015885,0.014754517003893852,0.0004656491801142,0.8445723056793213
P70280_Q5R1F5,0.0021896,0.01324,0.016041,0.06411890685558319,0.000531158177182,0.0003103541675955
Q08369_Q3UKC1,0.0024338,0.013279,0.016354,0.12109881639480591,0.0142251932993531,0.0081636309623718
Q91VN6_P49615,0.0085374,0.019114,0.024446,0.07113330066204071,0.0148816052824258,0.9675227403640748
Q8C437_Q8K3I6,0.0022205,0.015093,0.016077,0.010801933705806732,0.0007087548729032,0.9596235752105712
Q3UNW5_P11911,0.0022169,0.012949,0.016046,0.26872605085372925,0.0002752402506303,0.0132860532030463
P01750_Q9D7X3,0.0022496,0.014288,0.016109,0.2943248450756073,0.0031204090919345,0.0057818247005343
Q5EE38_Q9D9V4,0.0021877,0.012935,0.015897,0.11854912340641022,0.0081628086045384,0.9051659107208252
Q9QUM9_P50580,0.0023761,0.01336,0.018417,0.001174186822026968,0.0004281261644791,0.0090713920071721
Q9D4Q1_P47963,0.0022064,0.012961,0.10691,0.13426949083805084,0.0066538685932755,0.0002518128603696
P0CG50_P61087,0.39438,0.56729,0.017153,0.35395312309265137,0.0053536435589194,0.0001494032767368
Q62108_P54818,0.0021721,0.01294,0.015895,0.35950878262519836,0.001098163309507,0.9068699479103088
P30282_Q924T2,0.0021754,0.012969,0.036647,0.11967138946056366,0.0002228903904324,0.0207307338714599
P43006_Q62108,0.0021919,0.012954,0.015939,0.363412469625473,0.0010826105717569,0.934016764163971
P52800_P70460,0.0022328,0.012954,0.015922,0.09187781810760498,0.0003561465127859,0.9011930823326112
P70288_P40336,0.0021823,0.012952,0.015921,0.016351675614714622,0.0005390686565078,0.0010423869825899
Q8VCD5_P63011,0.0022361,0.01329,0.016102,0.19192259013652802,0.0008101522107608,0.0095187174156308
Q99N28_Q9D4K7,0.0022024,0.012929,0.016216,0.01025276817381382,0.0019704040605574,0.0381956398487091
P0CG50_Q62073,0.0022945,0.013106,0.017286,0.28789323568344116,0.0130263986065983,0.0003062544565182
Q9WTX6_P63017,0.0022463,0.012962,0.047443,0.24007216095924377,0.0005625077174045,0.046058252453804
P01867_Q9JHL1,0.0021877,0.01317,0.016069,0.06909102946519852,0.0049755019135773,0.00043417600682
Q62225_Q8R4E9,0.0022126,0.013002,0.017181,0.08524126559495926,0.002923448337242,0.7309022545814514
P14685_Q91YN9,0.0022413,0.013563,0.015961,0.032902464270591736,0.0007885777158662,0.1645777076482772
V9GXK1_Q9EST8,0.00443,0.013056,0.016915,0.010825895704329014,0.0158390719443559,0.1606394797563552
Q8VI33_P61967,0.002179,0.012966,0.015996,0.03384866565465927,0.0038221264258027,0.0003320390242151
P42582_Q9D9B8,0.0022535,0.040542,0.015962,0.32095032930374146,0.0050446381792426,0.0007097897469066
O88508_P61965,0.0022101,0.016835,0.017185,0.30190277099609375,0.0164461638778448,0.0013238707324489
P99026_Q9QZE5,0.0021816,0.013415,0.01595,0.006546287797391415,0.0002028201852226,0.9161442518234252
P62281_P04426,0.0022381,0.012921,0.015874,0.33956295251846313,0.0002199206646764,0.8821669220924377
P52946_Q6ZWS8,0.0022155,0.01299,0.016022,0.043815728276968,0.017072070389986,0.0016747978515923
Q62073_A0A2R8VHF7,0.0027096,0.012952,0.015911,0.027649514377117157,0.0017138321418315,0.0646893233060836
Q9CQA5_P49138,0.0022897,0.013078,0.016035,0.1071791872382164,0.0101463515311479,0.0328611880540847
O08609_Q9ERE9,0.0054418,0.013001,0.01827,0.058006227016448975,0.0026615972165018,0.7009540796279907
Q6PF93_Q8VCQ3,0.0041327,0.013018,0.016045,0.14436818659305573,0.00547129008919,0.0004794487322214
P01864_Q9ES57,0.13409,0.57264,0.12124,0.01341195311397314,0.0352776274085044,0.0045506521128118
Q9QY24_Q9ER88,0.0024991,0.012958,0.015948,0.0650978833436966,0.0014949099859222,0.0050668781623244
P26687_P61809,0.0022287,0.013038,0.015979,0.32663169503211975,0.0032854101154953,0.001487176050432
Q9CQZ5_Q61733,0.0021889,0.013251,0.037113,0.04781246930360794,0.0019630941096693,0.3888970017433166
O35625_Q9WV60,0.0072753,0.012992,0.020792,0.005719272885471582,0.6268914937973022,0.1681284308433532
Q8C6B2_Q9QUI0,0.0033344,0.013604,0.017571,0.0035274086985737085,0.9980467557907104,0.0123294088989496
Q921D4_P23242,0.0021941,0.012925,0.015926,0.05199601501226425,0.0003603537916205,0.0001924470125231
P47713_P35396,0.0021739,0.012969,0.016068,0.04959288612008095,0.0113566052168607,0.0040982221253216
O55142_P46938,0.0021936,0.012947,0.015921,0.07889336347579956,0.0003500788297969,0.0044766985811293
P47811_P97333,0.0022068,0.012992,0.015954,0.04736627638339996,0.0027956112753599,0.0236193500459194
Q91ZD4_Q9CXW2,0.002182,0.013074,0.016468,0.291613906621933,0.0003009418142028,0.0217177011072635
P97371_Q6P8X9,0.002204,0.012933,0.015945,0.014902296476066113,0.0035375682637095,0.0004765730991493
Q61584_P01872,0.0021771,0.013021,0.015887,0.36250802874565125,0.0005359661881811,0.001569770858623
Q03358_Q9QYH6,0.0028606,0.013097,0.015939,0.023655356839299202,0.0006536688306368,0.0009154140716418
Q8BTU1_Q02242,0.0022415,0.049618,0.016638,0.4131818115711212,0.0004448796098586,0.0003913291438948
Q9D4K7_C0HKE3,0.0021854,0.012936,0.015951,0.6170029640197754,0.0017703536432236,0.0247216075658798
Q8BLC3_Q9ER88,0.0022102,0.026309,0.035505,0.33226627111434937,0.0003717990184668,0.0951084867119789
Q63934_Q9DBG3,0.0022501,0.013111,0.016054,0.26129963994026184,0.0008166061597876,0.0013160889502614
Q62227_Q99LM9,0.002178,0.012982,0.016338,0.07100182771682739,0.0004205078585073,0.0047865160740911
Q99MH5_Q9DC69,0.0022022,0.012939,0.015901,0.07964535802602768,0.0002658105222508,0.0596155785024166
Q9DCJ7_Q9WUT3,0.0021942,0.013525,0.017365,0.01150831114500761,0.0007681341376155,0.0028551027644425
Q8R502_Q920D3,0.0022693,0.01296,0.015917,0.1457480788230896,0.0004236999375279,0.6104785799980164
Q9R207_P04187,0.0021842,0.012973,0.015936,0.3224482238292694,0.0005164740723557,0.3820800185203552
Q8BHN3_Q5SRX1,0.0021713,0.012995,0.015895,0.02422783523797989,0.0002801802475005,0.0096534257754683
Q2MH31_Q8BHN3,0.0023162,0.013129,0.016431,0.02308504655957222,0.0010386493522673,0.1434800624847412
P26687_P01904,0.0021834,0.094208,0.015919,0.2192080020904541,0.0004778003203682,0.0436753146350383
O35625_Q9Z0W1,0.002196,0.013056,0.015953,0.0055693332105875015,0.0005864475388079,0.2414607107639312
Q53VQ5_Q9DCL4,0.0023089,0.013039,0.015971,0.2740548551082611,0.0029895368497818,0.985558032989502
P04919_Q9CR68,0.0024967,0.013063,0.016523,0.005464304704219103,0.0003460018197074,0.0002730851119849
P25206_P43006,0.0022036,0.01296,0.01613,0.002774326130747795,0.0003297887451481,0.0023035202175378
P09022_P62309,0.0048439,0.01309,0.015902,0.0998912826180458,0.000238188993535,0.0246404334902763
P22091_Q8VCB2,0.0078882,0.013597,0.016155,0.2812691032886505,0.0012559735914692,0.0033853754866868
Q9JHD2_P97428,0.0022045,0.013009,0.016283,0.12471121549606323,0.0017918566009029,0.0003439084684941
Q8CFI0_P10126,0.0021853,0.012961,0.015921,0.13722214102745056,0.0006761465920135,0.0152595220133662
Q8VCB2_Q9D4Q1,0.0021971,0.012951,0.015989,0.07013464719057083,0.0010441082995384,0.0003294226771686
P68040_Q9WU78,0.0021763,0.013129,0.015981,0.28787076473236084,0.0058886394836008,0.0004630943876691
O08609_Q31099,0.0022174,0.12427,0.016823,0.08988088369369507,0.0002978289558086,0.0023039847146719
P18524_Q9QXL8,0.0022507,0.013111,0.016891,0.08946266770362854,0.0016745674656704,0.0154908001422882
P26450_Q60631,0.0024815,0.016843,0.046931,0.04174395650625229,0.9966015815734864,0.0002359805366722
Q9JIF7_P54775,0.0022272,0.014853,0.015977,0.26952889561653137,0.0012938756262883,0.0022271210327744
Q52L64_Q924T2,0.0022269,0.045316,0.20944,0.003899909555912018,0.0007579152588732,0.0017110091866925
Q7TSN7_P62806,0.0021811,0.013051,0.015908,0.008015993051230907,0.0003511835820972,0.0110224718227982
P62908_P48025,0.0021964,0.012972,0.015939,0.1313900500535965,0.0004736210685223,0.0598323047161102
Q99J83_Q3UXZ6,0.0021953,0.012923,0.015876,0.0015355035429820418,0.000794906867668,0.0007843639468774
Q8K2G4_P04228,0.0022002,0.013036,0.015932,0.2667863965034485,0.0003471469972282,0.0252668056637048
Q80TQ2_Q64339,0.0021878,0.013458,0.015979,0.0007065950776450336,0.0246226359158754,0.0006789085455238
Q7TS98_Q99N87,0.0022313,0.20373,0.45155,0.452180415391922,0.0003825073363259,0.0092467628419399
P15806_Q9DAG4,0.0022052,0.012942,0.016016,0.03739597648382187,0.0239673219621181,0.0037170087452977
Q99MZ3_Q9DBR4,0.011392,0.012974,0.016187,0.03212083876132965,0.0673435851931572,0.0054039848037064
Q91WG4_P42867,0.0022755,0.013009,0.015932,0.3604713976383209,0.0004738066927529,0.0003967147495131
Q91V61_Q63943,0.0021819,0.012923,0.015897,0.00602171802893281,0.0004073888121638,0.0802876725792884
P97318_Q8C437,0.003117,0.013348,0.016397,0.02947269193828106,0.0029767230153083,0.0061822137795388
P35951_P97378,0.0025245,0.013694,0.29664,0.0860285684466362,0.008433966897428,0.0052994457073509
Q9CQT6_A0N262,0.0022191,0.013028,0.016158,0.3291441798210144,0.0045717088505625,0.0008970935596153
P08207_Q8K3K8,0.0021726,0.013034,0.015912,0.2368643879890442,0.0640100836753845,0.0292402748018503
Q3V3N7_P01851,0.0022238,0.01352,0.015952,0.05924076586961746,0.0004697601543739,0.0009794034995138
Q924T2_P01864,0.0021887,0.013552,0.038355,0.2459559142589569,0.0002270840777782,0.0001663895091041
P15535_P27870,0.0021785,0.01296,0.016121,0.1553199589252472,0.0003330205508973,0.0024308478459715
P09022_Q9JJN6,0.0022215,0.013019,0.015922,0.004137011710554361,0.0003996382292825,0.0017755724256858
Q61234_Q91ZW2,0.0021703,0.018377,0.18596,0.08082889020442963,0.0003416686085984,0.0170261543244123
Q9D2N4_Q9CXU1,0.0022115,0.01296,0.015904,0.08766031265258789,0.0048426236025989,0.0070496848784387
Q6DIA7_Q91VD9,0.0021736,0.012981,0.015895,0.04966840520501137,0.0003000044962391,0.0018880635034292
Q9D8B7_P24610,0.0022184,0.013261,0.015922,0.2833371162414551,0.0005335395107977,0.0010041776113212
P12023_P98084,0.0022003,0.01295,0.016524,0.0490899458527565,0.0003479990991763,0.0205561742186546
Q62277_Q7TS55,0.0022937,0.012985,0.017008,0.008799913339316845,0.0006386071909219,0.0097295464947819
Q99L88_O70589,0.0022299,0.013041,0.020127,0.017114762216806412,0.9904548525810242,0.0025456643197685
Q3TL44_P62315,0.0021938,0.012993,0.015951,0.18999509513378143,0.0005223059561103,0.495657354593277
P14719_P11103,0.0021848,0.012944,0.015956,0.4863245487213135,0.0003093232226092,0.0002814240579027
Q8R3R8_P17433,0.0024132,0.01311,0.016084,0.021212030202150345,0.0062370463274419,0.0026646154001355
Q7TMM9_Q811G0,0.0021883,0.013279,0.015993,0.4182846248149872,0.0068281218409538,0.0023381451610475
P04426_Q01887,0.0022256,0.092199,0.045628,0.004636107943952084,0.0011503411224111,0.0001892215077532
P61080_P48787,0.002179,0.013011,0.015888,0.12975916266441345,0.0003187288821209,0.0073389275930821
Q8C4G9_Q91V08,0.0023874,0.013136,0.020698,0.08401712775230408,0.0024034404195845,0.0277969315648078
Q61699_P61358,0.0021835,0.012935,0.016244,0.274575412273407,0.000620761886239,0.0035913493484258
Q8C0J2_Q8C6E0,0.0023603,0.013688,0.016687,0.2764100432395935,0.0161143168807029,0.1152378842234611
Q9Z0F8_P97351,0.0021852,0.012925,0.015916,0.26207974553108215,0.000234364735661,0.0010605737334117
O35593_Q9D8C6,0.0021954,0.01295,0.015964,0.007956384681165218,0.0004937428748235,0.0003094025887548
P16054_P20152,0.0042561,0.018932,0.018994,0.02745271474123001,0.0041847885586321,0.0005106980679556
Q6P3B9_Q8VI24,0.0022305,0.012966,0.016401,0.1649206429719925,0.0010476370807737,0.0022573561873286
O35089_P16675,0.002237,0.013084,0.01631,0.06813151389360428,0.0005733556463383,0.5573850870132446
Q5EE38_Q5BN45,0.0022321,0.012972,0.016034,0.009010612964630127,0.0013919491320848,0.1772515177726745
P62274_Q8C6B2,0.0021833,0.012964,0.015919,0.27288395166397095,0.0003373322251718,0.0028511048294603
Q9QYS2_Q9D439,0.0021801,0.012971,0.01589,0.21437862515449524,0.0003469747607596,0.0123677225783467
Q9D9D8_Q9CQR7,0.0023305,0.012966,0.015913,0.11273742467164993,0.0003793471551034,0.0003942312032449
Q02248_Q60722,0.70958,0.0137,0.018441,0.032160066068172455,0.9984073042869568,0.0452436655759811
P25233_Q61501,0.0024098,0.012982,0.015999,0.06064113974571228,0.998764991760254,0.1744325459003448
Q9WTL8_Q9WTV6,0.0022297,0.01295,0.016015,0.04209866747260094,0.0005285733495838,0.0001681831927271
P01101_P14719,0.0022081,0.015128,0.016049,0.09707492589950562,0.0003284339327365,0.2131348699331283
P62751_P31311,0.0021965,0.013098,0.015914,0.04092516750097275,0.0008799713687039,0.0223802272230386
P18872_Q62108,0.0023847,0.013172,0.017563,0.003040353301912546,0.9830097556114196,0.0007132689934223
O55033_P00756,0.0022212,0.020655,0.015912,0.053654324263334274,0.001798209734261,0.0618721917271614
Q91Y44_Q9D7X3,0.0022265,0.012998,0.015999,0.18177416920661926,0.0070358528755605,0.0005129226483404
Q505F1_Q8VH51,0.0023288,0.012996,0.01609,0.3131961524486542,0.0109151387587189,0.0043876995332539
A2NTU7_Q059U7,0.0022102,0.013005,0.016272,0.04013180360198021,0.0006769261090084,0.2032192796468734
P41136_Q9D495,0.012272,0.013203,0.01683,0.00965159386396408,0.0113582331687211,0.0009343076380901
Q9CWR8_P00158,0.0022894,0.012956,0.015868,0.09582331031560898,0.0002163644821848,0.0067175524309277
P70343_Q3USJ8,0.0022058,0.012975,0.015929,0.19830620288848877,0.0072042201645672,0.0053856833837926
Q8K2G4_P06339,0.002193,0.012971,0.015918,0.13555195927619934,0.0002686866791918,0.0017836355837062
P47753_Q9D7X3,0.002174,0.013035,0.015915,0.015485383570194244,0.0008267797529697,0.0038636771496385
Q9CQ39_Q9QWV4,0.0022478,0.012928,0.015889,0.0037690899334847927,0.0022222881671041,0.0020049652084708
Q64373_P23780,0.0025068,0.012927,0.016088,0.017853453755378723,0.00134137715213,0.0009472908568568
Q9R0Q1_P51410,0.0022188,0.012952,0.015894,0.22544629871845245,0.0002772728330455,0.0321772657334804
Q9CQ91_Q62083,0.002233,0.012927,0.015889,0.040655702352523804,0.0003459886356722,0.0729606449604034
Q62432_P08113,0.0021768,0.012929,0.015911,0.07216884195804596,0.0050579579547047,0.0020210759248584
Q53VQ5_P18527,0.30515,0.80981,0.04661,0.1145988181233406,0.0096771558746695,0.0030730620492249
Q8C6E0_Q60760,0.0022525,0.012946,0.016159,0.0426425002515316,0.0022583650425076,0.0011182751040905
Q80U70_Q9D2R8,0.0021771,0.012918,0.015893,0.006783310789614916,0.001037755748257,0.0003176138270646
Q811U5_P23798,0.0022084,0.013569,0.016046,0.025898680090904236,0.0016948379343375,0.0006467596394941
P63017_P35951,0.0021921,0.013086,0.015867,0.030546177178621292,0.0046860305592417,0.7044700980186462
O70174_P70441,0.02277,0.013027,0.016786,0.16873182356357574,0.0030228027608245,0.2147088050842285
Q63844_Q9D7W5,0.0023272,0.012958,0.016039,0.014608212746679783,0.0003177046892233,0.0030753521714359
Q18PE0_P17679,0.002416,0.013453,0.016339,0.34315821528434753,0.017682647332549,0.0035506829153746
Q6R5N8_O54788,0.0022105,0.012962,0.016004,0.04793407395482063,0.0034653064794838,0.0046277451328933
P01942_Q8C4G9,0.0022033,0.013073,0.10762,0.07056186348199844,0.0035334173589944,0.9015995860099792
Q9DAU1_P48281,0.0021815,0.013028,0.016159,0.011115443892776966,0.000603677413892,0.0097754905000329
Q3USJ8_P39688,0.0022497,0.013195,0.04189,0.037088826298713684,0.3016186654567718,0.8624575734138489
P53986_Q9D4Q1,0.0021888,0.012967,0.015961,0.24737103283405304,0.0003148411342408,0.0190654024481773
Q59J78_Q61234,0.0021812,0.012941,0.016017,0.37545400857925415,0.0005850688321515,0.000904417480342
Q62108_Q9R1V6,0.0021919,0.012972,0.015977,0.2712324857711792,0.0019042025087401,0.2132332026958465
P51410_Q920D3,0.0021896,0.013048,0.015897,0.12593454122543335,0.0010728569468483,0.5012699961662292
Q9WV86_Q9JM05,0.0022003,0.013048,0.016021,0.1893664300441742,0.0078507950529456,0.0005115370149724
Q9CWY8_Q9Z0G0,0.0021776,0.012948,0.016027,0.14021018147468567,0.0003351542109157,0.0006164934602566
Q06890_Q62108,0.0021961,0.012969,0.015949,0.1869480311870575,0.0013055003946647,0.0067218360491096
Q00422_Q64237,0.0022046,0.012937,0.015937,0.20123136043548584,0.0006595536251552,0.7832254767417908
Q62232_Q9DBL9,0.0022045,0.013022,0.015977,0.07722079753875732,0.0031481916084885,0.0533059835433959
Q61584_Q2TBA3,0.0022196,0.012963,0.015962,0.007886848412454128,0.0005044030258432,0.0002707149542402
Q61127_Q91VD9,0.0021832,0.012967,0.0159,0.4788571000099182,0.000231363257626,0.0014739471953362
Q9JI78_Q9JIF7,0.0021802,0.01302,0.01619,0.42811256647109985,0.0022123472299426,0.2998881340026855
P63325_Q61190,0.0021854,0.012952,0.015913,0.2878977954387665,0.0003004578757099,0.0002045977889792
Q9JIH2_Q6Q783,0.0022082,0.013051,0.016692,0.11301646381616592,0.0038487527053803,0.0018429163610562
O08609_O54784,0.059344,0.07226,0.019373,0.5034858584403992,0.0008051677723415,0.0005978158442303
O88703_P16388,0.0028662,0.013157,0.39871,0.020839348435401917,0.9346615672111512,0.0016537988558411
P40226_Q9D0M3,0.0022641,0.031851,0.14188,0.0757942721247673,0.0003156613383907,0.2149365693330764
P23812_P99028,0.002384,0.01294,0.016017,0.0092746177688241,0.0010089657735079,0.0190630462020635
Q91VD9_Q7TMM9,0.0022297,0.013134,0.015974,0.05585385859012604,0.0002612274256534,0.000303536595311
Q3TWN3_P61514,0.0021938,0.012941,0.015909,0.0035768644884228706,0.0002547804033383,0.004967289045453
Q9QZE5_P27792,0.0041,0.013233,0.016105,0.0007334533147513866,0.0014963141875341,0.0018246303079649
Q61102_Q65ZC0,0.002344,0.024475,0.098878,0.062146883457899094,0.0019154944457113,0.0061524123884737
O88621_P08113,0.0021888,0.013055,0.015912,0.021711356937885284,0.0094360709190368,0.0117056742310523
Q9DC37_O88653,0.0022183,0.012987,0.015882,0.02245417982339859,0.0003500356106087,0.987501859664917
Q9JLC6_Q60876,0.0022435,0.012941,0.015923,0.0010590733727440238,0.0003375258820597,0.0004821366455871
Q9QZE5_Q9R111,0.0021711,0.013272,0.015895,0.0714397206902504,0.0003756342630367,0.2136182636022567
Q91WQ5_Q69ZK9,0.002241,0.013044,0.016149,0.2897537648677826,0.0005191185628063,0.0623933263123035
Q9D131_Q8BH16,0.0021805,0.012934,0.016363,0.10059209913015366,0.0007174165803007,0.0008894662023521
P63101_Q9QWV4,0.0021842,0.013379,0.0161,0.06357888877391815,0.0534164309501647,0.0019887771923094
Q8VDU0_Q9QYS2,0.0022183,0.016907,0.01598,0.017201906070113182,0.0010421467013657,0.000197537112399
E9Q9W7_Q9DCJ7,0.0022816,0.013347,0.016362,0.006303612142801285,0.0004979970981366,0.0008167610503733
O88485_Q61768,0.0025159,0.013924,0.015988,0.06771209090948105,0.0013762552989646,0.0007295506075024
Q9CR68_P97371,0.0022053,0.013099,0.016036,0.15950298309326172,0.0002408125001238,0.0017626063199713
Q9CZ82_P14869,0.0021685,0.012914,0.015906,0.3499539792537689,0.0013206198345869,0.000490162114147
O70477_Q8CFI0,0.0024953,0.012949,0.016016,0.008440193720161915,0.0012720422819256,0.0003440694708842
Q60972_Q61188,0.0022183,0.013174,0.11234,0.0035316518042236567,0.9950019717216492,0.0028317242395132
Q04735_Q9D9D8,0.0030466,0.016087,0.057859,0.01741654984652996,0.387436181306839,0.9846981167793274
P39054_Q80UF7,0.0023919,0.01314,0.015987,0.04624596983194351,0.001276624854654,0.0814143493771553
Q65ZC0_Q63739,0.0021943,0.019202,0.016029,0.03626423329114914,0.0033575785346329,0.0034335353411734
P49718_Q61171,0.0022834,0.01298,0.015916,0.1933249533176422,0.0009980323957279,0.0020436884369701
P13504_O09061,0.0022038,0.012945,0.015938,0.31549739837646484,0.0002484038996044,0.3489777147769928
P07351_Q9D9V4,0.0022667,0.012938,0.015901,0.03291884437203407,0.0017433647299185,0.0010555781191214
P35991_O08675,0.0023318,0.013068,0.01776,0.4864416718482971,0.0005232729599811,0.0002963586011901
Q4KKZ1_Q9CQR2,0.002239,0.012956,0.016101,0.010318316519260406,0.0006347300950437,0.2500090003013611
P68037_P31311,0.0021835,0.013057,0.015902,0.20668303966522217,0.0005538202240131,0.084430307149887
Q8VCI5_P26049,0.0021939,0.012934,0.015919,0.06993973255157471,0.0002810360747389,0.0196216031908988
Q61221_Q9WTL8,0.040879,0.015286,0.12073,0.12140147387981415,0.9989332556724548,0.000217545646592
Q8CIB5_Q3HNM7,0.0021974,0.013109,0.017029,0.0015696671325713396,0.0106249470263719,0.0015259309438988
P51945_Q64364,0.0021843,0.012929,0.015897,0.023430651053786278,0.0005681046168319,0.0016495529562234
Q9CQP8_Q9QYP6,0.097626,0.013009,0.018484,0.08297799527645111,0.0166934914886951,0.0153007348999381
P25322_P26043,0.0021958,0.012975,0.016457,0.435026079416275,0.0002766778925433,0.3530384004116058
Q61626_Q3UYV9,0.0021787,0.013256,0.01593,0.08172211050987244,0.0002549210912548,0.0358910486102104
P61205_Q62108,0.00407,0.013603,0.019519,0.06897778809070587,0.9969061017036438,0.0959969907999038
Q8BG40_O35228,0.0022104,0.013568,0.016182,0.003086660522967577,0.0019089643610641,0.9652466177940368
Q99PI8_P01820,0.021342,0.055424,0.43148,0.4484054744243622,0.1300907582044601,0.003331443760544
Q3UDK1_P49718,0.0023349,0.012977,0.016359,0.0558631494641304,0.0003256177005823,0.0070042829029262
Q8CDI2_O09106,0.0022122,0.013005,0.016175,0.13823041319847107,0.0005266748485155,0.9326945543289183
Q91ZW2_P97310,0.00218,0.013009,0.016008,0.018931949511170387,0.0006657220073975,0.1140101253986358
Q08509_Q922Y1,0.0021845,0.012955,0.01596,0.30882570147514343,0.0011536837555468,0.0019028498791158
P23204_Q08351,0.0022897,0.036364,0.20802,0.0024534750264137983,0.0007120170048438,0.0021374737843871
P01863_O54709,0.0021973,0.013997,0.016271,0.08359884470701218,0.005480061750859,0.0004626571608241
P70372_Q61584,0.0049616,0.013258,0.017016,0.11993726342916489,0.0274590551853179,0.0008147637126967
Q80ZS3_Q9QYS2,0.0021919,0.015826,0.016459,0.2067359834909439,0.0002246085932711,0.001399906235747
P61205_P97371,0.0022153,0.01306,0.015915,0.22724860906600952,0.0015891916118562,0.0369409210979938
Q9D4G2_Q60772,0.0022122,0.013653,0.01614,0.08430320024490356,0.0061508957296609,0.0001757155841914
P62309_Q02111,0.0022035,0.013113,0.01595,0.048117343336343765,0.0003595823363866,0.0005222332547418
P11610_Q9D9T8,0.0021825,0.01294,0.01588,0.02194041945040226,0.0003192105796188,0.0056490446440875
Q9DBC7_Q9CWY8,0.0021758,0.012951,0.01593,0.024903932586312294,0.0002535854000598,0.0001955663319677
P46096_P70372,0.0022057,0.013065,0.01604,0.1238831952214241,0.0008693019626662,0.0042041055858135
Q00420_Q91XU0,0.00224,0.013185,0.016355,0.026743149384856224,0.0032723913900554,0.0062489742413163
Q8BFU0_P05214,0.002188,0.013171,0.015934,0.12720400094985962,0.000704824575223,0.0002340597129659
P42582_O88703,0.13696,0.013992,0.016137,0.09143912047147751,0.0029480627272278,0.0392504259943962
Q63739_P33242,0.0022337,0.013503,0.02142,0.016217540949583054,0.0028608657885342,0.0006290831370279
Q9DAR0_Q9WTK5,0.0022194,0.013235,0.016633,0.01833728328347206,0.0133214797824621,0.0009175861487165
O54901_P46460,0.0021967,0.013028,0.015887,0.084658682346344,0.0002607220958452,0.0210407748818397
Q62108_Q811D0,0.025846,0.01347,0.068243,0.019066330045461655,0.9860986471176147,0.0008135847747325
P18760_P35330,0.0022215,0.012948,0.015886,0.7563373446464539,0.0007248661131598,0.4295931160449981
Q9JHD1_Q61006,0.002188,0.012992,0.016786,0.016960924491286278,0.0029132792260497,0.0020650601945817
P16858_P00158,0.0023716,0.013306,0.020357,0.008509267121553421,0.0003812695795204,0.0004865421215072
Q01853_P62317,0.0022189,0.012999,0.015902,0.009173600003123283,0.0038677391130477,0.0657168179750442
Q8CJG0_P97287,0.0021934,0.012936,0.015959,0.10758144408464432,0.0004588975862134,0.000945639796555
Q61733_Q9QZE7,0.0021934,0.012927,0.015966,0.4256127178668976,0.0008940634434111,0.0107353944331407
Q5SW45_Q6ZWN5,0.0022211,0.012915,0.015952,0.09730696678161621,0.0003479728766251,0.0983148738741874
Q62108_Q6PFD5,0.01025,0.01298,0.016373,0.01529261190444231,0.009976215660572,0.000171027626493
P70217_Q9CQC3,0.0029675,0.012988,0.016007,0.35233983397483826,0.0043638069182634,0.0004454659356269
P17433_P55271,0.0022297,0.013072,0.017076,0.26721757650375366,0.0051278211176395,0.5565077066421509
P97471_P49718,0.0022072,0.012969,0.015963,0.03622492402791977,0.0008332355064339,0.0050999610684812
P70217_Q60954,0.0052922,0.022567,0.016822,0.128975972533226,0.9986048340797424,0.0032803970389068
P01645_P70191,0.0021989,0.015645,0.01615,0.0884028896689415,0.0013893791474401,0.0013478761538863
P15247_O88513,0.0023127,0.012949,0.01685,0.03262831270694733,0.0003029078652616,0.0010751310037449
P20263_Q61066,0.0022132,0.01299,0.016197,0.07803340256214142,0.0302675664424896,0.0342928022146225
P46660_O88513,0.75296,0.79169,0.018603,0.4421359896659851,0.0067293033935129,0.0180416572839021
Q3UGQ1_Q64364,0.0021961,0.012989,0.027431,0.021397050470113754,0.0074542094953358,0.0740329027175903
Q9EPK5_Q9QYK7,0.0072544,0.013231,0.01605,0.20867614448070526,0.0008525227312929,0.0192739814519882
P39087_Q60598,0.0022049,0.01301,0.015954,0.12752430140972137,0.0007657464011572,0.03311163559556
Q8BJZ4_P41183,0.0023456,0.013639,0.016471,0.2090303599834442,0.000703202036675,0.0166800804436206
P16297_Q9Z248,0.0022242,0.013299,0.015965,0.39076170325279236,0.0009309868328273,0.0005917997332289
Q9CQZ5_A2A825,0.0022028,0.013003,0.01595,0.12501530349254608,0.0004172972694505,0.1704495698213577
Q9R1P4_Q61180,0.0021812,0.012929,0.015882,0.008173652924597263,0.0002366311964578,0.4649267494678497
Q9CQV8_Q62232,0.0021831,0.013164,0.016073,0.14495855569839478,0.0176402740180492,0.0019798232242465
P23819_Q9D032,0.0021804,0.01297,0.015905,0.40166330337524414,0.000555582169909,0.0001937394845299
Q9DAG4_Q9WVB3,0.0022356,0.012977,0.01612,0.07519037276506424,0.0487249307334423,0.0395536385476589
P49718_P25446,0.0021844,0.012962,0.015916,0.057387758046388626,0.0002482511627022,0.0035979659296572
P62962_Q99P87,0.0022446,0.012978,0.015878,0.12958881258964539,0.0006023061578162,0.0002165219630114
P09405_P70343,0.0021851,0.012969,0.01606,0.026956306770443916,0.0008795131579972,0.0014009953010827
P28078_Q925K9,0.0021901,0.013142,0.016539,0.12950420379638672,0.0007280989666469,0.0017938867677003
P01837_Q62277,0.0021929,0.014934,0.015876,0.23885664343833923,0.0067682699300348,0.0006462401943281
O54790_Q60876,0.0023507,0.01295,0.01591,0.0013629767345264554,0.0003519366437103,0.0028372001834213
P27467_P61089,0.0021867,0.013017,0.015921,0.3682846426963806,0.0002544844464864,0.0020808151457458
Q9JJR7_O08795,0.0022818,0.013051,0.01601,0.12463108450174332,0.000429619627539,0.0004451173881534
P62754_P70188,0.0021862,0.013048,0.018488,0.04598737508058548,0.0007964866817928,0.2523472607135772
Q8BGD7_Q8K2G4,0.0023006,0.013002,0.016363,0.28040704131126404,0.0002155517868231,0.0423505939543247
Q9CPX8_O09044,0.0022784,0.012957,0.015888,0.5124526619911194,0.0004597360675688,0.0002857761282939
P12023_P39688,0.0021895,0.012967,0.016027,0.35816890001296997,0.0004249421181157,0.0005288923857733
P0DN34_Q9Z0G0,0.002243,0.012951,0.015913,0.1261429339647293,0.0002697451855055,0.0017309248214587
P58801_P49769,0.0021983,0.012967,0.016012,0.004880936350673437,0.0003909179067704,0.0002506112505216
Q9D1J1_Q9CWR8,0.0021843,0.013011,0.015998,0.2832443118095398,0.0078008384443819,0.0031458863522857
P11609_P70372,0.0021823,0.012987,0.015943,0.1627202332019806,0.000375423929654,0.0003217722696717
P48771_P16872,0.0030178,0.019403,0.027198,0.008059387095272541,0.0003282367542851,0.1169157773256301
Q9CQV8_P97792,0.0021948,0.015103,0.016282,0.026767075061798096,0.0006511437823064,0.0009668614948168
P97457_X5J519,0.0021905,0.013452,0.016108,0.008324568159878254,0.0010665266308933,0.0001102728056139
Q9D032_Q9EQ14,0.0021934,0.013128,0.01596,0.011052859015762806,0.0002980215067509,0.0005884918500669
Q60925_Q9CPU2,0.002201,0.013581,0.033154,0.2845313847064972,0.0003131058765575,0.0864025205373764
Q9ER88_P01863,0.002182,0.013155,0.015881,0.027327826246619225,0.0005648574442602,0.2476759701967239
P0DP43_P62192,0.0022131,0.012999,0.01593,0.27502012252807617,0.0013133016182109,0.0028323680162429
Q53VQ5_Q60680,0.0022977,0.014553,0.016052,0.40731891989707947,0.0073738768696784,0.0031325882300734
Q62225_Q9JHL1,0.0022256,0.013025,0.016784,0.0010458779288455844,0.1425409018993377,0.0126404240727424
P01635_Q3UYV9,0.0021706,0.014475,0.015955,0.0249354038387537,0.0004365690401755,0.0004656946985051
Q8BYM5_O88634,0.0029934,0.014516,0.086115,0.4728395640850067,0.0029509430751204,0.020913403481245
Q60972_Q9EPK5,0.0021994,0.013284,0.01593,0.09741192311048508,0.0033547633793205,0.0019695432856678
Q61188_Q9DCJ7,0.0022066,0.012947,0.016045,0.11601812392473221,0.0017155754612758,0.0007139221997931
P68033_P0DP26,0.0022914,0.01392,0.015969,0.01815938949584961,0.0012667092960327,0.0003152174467686
P01665_Q9QZE7,0.0021878,0.013048,0.015913,0.14668457210063934,0.0017672721296548,0.0023772730492055
P52633_Q9JJX7,0.0021886,0.012978,0.016013,0.003104815259575844,0.0025456098373979,0.0133800078183412
P11609_P23798,0.0021829,0.013022,0.015998,0.04919169470667839,0.0003870189248118,0.5739948153495789
P63073_P70445,0.0022468,0.012985,0.016166,0.26156532764434814,0.0043730940669775,0.0030939364805817
P60879_Q8BGD7,0.002304,0.012942,0.015903,0.009990302845835686,0.0007039801566861,0.0007451564888469
P20263_Q91ZW2,0.0021776,0.01307,0.016133,0.18046124279499054,0.0018998463638126,0.1515814363956451
Q9R0T8_Q925K9,0.0023656,0.035403,0.29173,0.038870587944984436,0.0902189761400222,0.4919467568397522
P61979_P39688,0.0026862,0.013031,0.039103,0.07879629731178284,0.0005814368487335,0.004154035821557
P08113_Q9R190,0.002178,0.012952,0.016972,0.028158599510788918,0.0006010846700519,0.6921972036361694
Q9WTL8_P41241,0.0022526,0.013128,0.018205,0.008690807037055492,0.0007084085373207,0.0002588925126474
Q8VDM4_Q8R464,0.0022454,0.015474,0.01589,0.20485585927963257,0.0004480400530155,0.0010145473061129
Q60787_Q07763,0.0022162,0.012991,0.015921,0.0003613030130509287,0.0003952383704017,0.308754563331604
Q99JW4_Q64287,0.0027849,0.012974,0.016039,0.13734403252601624,0.0010942906374111,0.2907008528709411
B5KM66_Q9D495,0.01588,0.020269,0.01596,0.00264412141405046,0.0443761870265007,0.5971981883049011
D2D553_Q64010,0.0021893,0.012968,0.015897,0.016711456701159477,0.0003897619317285,0.0005430686287581
Q9R207_P61089,0.0021735,0.012966,0.015903,0.027055736631155014,0.0009297471260651,0.0009070702362805
O09110_Q8CII9,0.0022472,0.012993,0.015981,0.35812726616859436,0.0009120739414356,0.0160497520118951
Q3TWN3_Q8BTU1,0.0021809,0.013392,0.016154,0.07398540526628494,0.000657933880575,0.0005099166301079
P61809_Q07832,0.0027109,0.012983,0.016786,0.32046496868133545,0.0387321300804615,0.0045680715702474
Q9JL85_Q6P8Y0,0.002184,0.012934,0.015879,0.005353105720132589,0.0053990688174963,0.0014971478376537
Q9D4Q1_Q9WV32,0.0021954,0.013338,0.021955,0.01635984517633915,0.014643283560872,0.0010222332784906
Q61733_Q07763,0.0022624,0.14553,0.050832,0.3719472289085388,0.0004318475839681,0.0311277545988559
P51943_P09632,0.0036004,0.012986,0.016043,0.03779091313481331,0.0021002646535634,0.0009432668448425
Q3UDK1_Q9WU39,0.0058871,0.012933,0.015989,0.35299018025398254,0.0002864394919015,0.0002176556154154
P25206_P52189,0.0023386,0.01297,0.016038,0.004226049408316612,0.000369110610336,0.0052956542931497
P54775_P03966,0.006662,0.013122,0.015937,0.27937036752700806,0.0007003099308349,0.0007675220258533
P01642_P14685,0.0022163,0.021038,0.016014,0.07990197837352753,0.0008750348351895,0.0338682234287261
Q62108_Q69ZK9,0.0022039,0.013005,0.015933,0.445186972618103,0.0011527665192261,0.0007912880391813
Q07832_Q9QWV9,0.084225,0.012991,0.016502,0.31135743856430054,0.0239944215863943,0.0031644024420529
P0CG50_Q8R3V6,0.0021895,0.012981,0.015893,0.08387862145900726,0.0317643135786056,0.0014727925881743
Q9ES46_P60879,0.0022087,0.012937,0.015911,0.22281497716903687,0.0048347068950533,0.5235601663589478
P35330_Q9EST8,0.0022072,0.013378,0.016114,0.02982897311449051,0.0003888825303874,0.0002309453702764
P30282_P30285,0.0021992,0.013814,0.037518,0.008572199381887913,0.9989858269691468,0.027947025373578
Q9QWV4_P47941,0.0022613,0.012988,0.016057,0.3076031804084778,0.0004702536389231,0.0088240820914506
P09632_P48437,0.2668,0.013077,0.016183,0.21361738443374634,0.1212419047951698,0.788196325302124
Q9WVR4_Q5R1F1,0.0021919,0.013025,0.015913,0.024255797266960144,0.0003980967449024,0.0003776465309783
O70439_P03966,0.0040845,0.013027,0.0159,0.02578933723270893,0.0005066687590442,0.0012603818904608
P10148_P97792,0.0022405,0.11051,0.076869,0.053864724934101105,0.9960371851921082,0.003134302329272
Q8C0D7_Q921D4,0.0022193,0.013012,0.015929,0.2957586646080017,0.0031450311653316,0.0039253770373761
P70218_P0CG50,0.0025649,0.013139,0.016781,0.08446290343999863,0.0045929979532957,0.0004113403265364
Q9JI59_P01900,0.0029573,0.42258,0.10381,0.048592742532491684,0.9982276558876038,0.0012293807230889
Q8R2X8_P01897,0.0023104,0.012967,0.015911,0.015999827533960342,0.0006932988180778,0.0043100179173052
P51141_O88522,0.0027839,0.013272,0.016329,0.005748777184635401,0.0265043303370475,0.0229383632540702
P35456_Q9CQJ4,0.002187,0.012956,0.015913,0.02285913936793804,0.0002520432171877,0.0141199976205825
O54714_P36898,0.002244,0.013034,0.016418,0.08431784063577652,0.0003972717968281,0.0004190024919807
Q9QZ88_Q9Z1X4,0.0021738,0.012972,0.015893,0.1469063013792038,0.0083391014486551,0.0070619024336338
V9GXK1_Q61180,0.0022738,0.01298,0.016448,0.051912590861320496,0.000381493155146,0.0034062638878822
Q62225_P62878,0.0021926,0.013037,0.015926,0.37604600191116333,0.0007518355851061,0.0243529509752988
O09106_P22091,0.0021798,0.013194,0.015978,0.054873380810022354,0.0008208408835344,0.0185066144913434
P48346_O88448,0.0022158,0.013521,0.015983,0.060717981308698654,0.0004332808894105,0.0002673291019164
Q80W99_Q62425,0.0026059,0.012928,0.016117,0.061748553067445755,0.0003837243129964,0.0048598195426166
P23611_P43432,0.0022478,0.012924,0.016249,0.06286610662937164,0.0005194531404413,0.0102116176858544
P31750_Q9D3X8,0.002197,0.012959,0.016188,0.013283446431159973,0.1395716220140457,0.1904865503311157
Q924X6_Q9CWF6,0.0022753,0.013001,0.016021,0.07390354573726654,0.0005339803174138,0.2434452772140503
P28574_P50538,0.70409,0.106,0.062535,0.027019567787647247,0.9987213015556335,0.001501930761151
P24610_Q4KKZ1,0.0023271,0.013009,0.015935,0.08091791719198227,0.0013749223435297,0.0003736290964297
P0DP43_Q9DCL4,0.0022205,0.01298,0.015903,0.3695966899394989,0.0007612818735651,0.000477323308587
Q99K74_Q61045,0.08098,0.013105,0.016311,0.0986698567867279,0.000261511770077,0.0018842761637642
Q8VDU0_P24610,0.31032,0.029498,0.016188,0.024331167340278625,0.0057181450538337,0.0014845202676951
P25799_Q80WG5,0.002194,0.013525,0.016437,0.16898854076862335,0.0006929394439794,0.000403405399993
P62245_P01810,0.0022276,0.012972,0.015901,0.002359288278967142,0.0003277836076449,0.0029944870620965
P62878_Q9QZ88,0.0022205,0.013697,0.015891,0.019979054108262062,0.0005532332579605,0.0020922317635267
P03899_P49718,0.0025973,0.013006,0.015881,0.10333845019340515,0.0002118362754117,0.020014502108097
Q3TWN3_P06804,0.0022,0.017082,0.023585,0.01886683516204357,0.0004272201331332,0.0037039360031485
Q9DCL4_Q9ERA0,0.0021854,0.012933,0.015924,0.004759272560477257,0.0024962243624031,0.0006692577153444
P51450_P23772,0.0024009,0.013055,0.02142,0.1427248865365982,0.007933541201055,0.4500383138656616
P28078_O35618,0.0021867,0.012984,0.015943,0.0037503328640013933,0.0008634370751678,0.0013997443020343
O08686_P16951,0.0048451,0.013107,0.016176,0.3619071841239929,0.0124518694356083,0.0029953769408166
Q9R000_Q9D9T8,0.0021873,0.012933,0.015948,0.08153903484344482,0.3846580684185028,0.0010264232987537
P08152_P01851,0.0021919,0.013185,0.015906,0.04489899426698685,0.0005933591164648,0.0015591438859701
P43431_Q60629,0.0023056,0.099021,0.059455,0.21506622433662415,0.9076091051101683,0.0115358959883451
O70477_P16388,0.0022458,0.012979,0.015994,0.05194715037941933,0.001206217915751,0.0348345935344696
Q9CQV5_Q8K3I6,0.0022217,0.27127,0.19501,0.0014595530228689313,0.0006469215149991,0.2377396672964096
Q62083_Q9DAG4,0.0022409,0.012921,0.016004,0.07754404842853546,0.0012910413788631,0.0101034976541996
O09061_P01647,0.0022324,0.012981,0.015897,0.028623193502426147,0.000314928474836,0.0025867107324302
P12815_Q8BFU0,0.0023705,0.013022,0.016006,0.17907318472862244,0.0017413309542462,0.0077128089033067
Q9EP73_Q8BFU0,0.0046422,0.020373,0.040716,0.15031784772872925,0.0054416409693658,0.000372453359887
P70460_Q9Z0F8,0.0022228,0.012964,0.015933,0.035485319793224335,0.000520056579262,0.2162232995033264
Q80WQ6_P30051,0.0022211,0.012938,0.016026,0.22711509466171265,0.019558522850275,0.0088017145171761
Q9CQC3_P49710,0.0022496,0.012964,0.016184,0.024998152628540993,0.003653107676655,0.2067218720912933
Q04735_Q8BGU5,0.0025957,0.012993,0.016934,0.0016686288872733712,0.5683395862579346,0.1436013877391815
Q8C031_Q99JX3,0.0022275,0.012999,0.016005,0.0501248799264431,0.0201885197311639,0.0014862146927043
P24860_Q8BUV3,0.0021826,0.012963,0.015906,0.0024105648044496775,0.0009339146199636,0.0630412846803665
P27467_P01823,0.0022611,0.013973,0.018901,0.005135979503393173,0.1569312512874603,0.0003547016822267
Q8C0D7_P68373,0.0021838,0.013282,0.016817,0.06352382153272629,0.0013837834121659,0.0005610357620753
P02340_P23804,0.002208,0.012972,0.016477,0.01051299273967743,0.0020851157605648,0.0512773804366588
A0A087WRI3_Q9DCS9,0.0022123,0.012933,0.015929,0.011638954281806946,0.0144581282511353,0.016469033434987
Q9DAJ2_P84244,0.0021725,0.012961,0.01596,0.21288113296031952,0.0017158630071207,0.0031008801888674
Q9CQA5_P09631,0.3876,0.013125,0.016145,0.3539735972881317,0.0255123116075992,0.0003049826191272
P70326_Q924A0,0.04984,0.01305,0.016143,0.42143166065216064,0.0671215429902076,0.0315624773502349
Q80ZS3_Q08369,0.0021822,0.013565,0.015892,0.24870514869689941,0.000464870390715,0.0031963505316525
P06332_P16297,0.017218,0.14098,0.33162,0.01143373642116785,0.9984754920005798,0.0005258629680611
P12815_P10417,0.0028063,0.013022,0.015945,0.17385555803775787,0.0008715342264622,0.9715585112571716
Q99JX3_P58283,0.0027545,0.013011,0.015969,0.07465162128210068,0.0008483304991386,0.0094853537157177
Q61097_P29452,0.0021821,0.01299,0.016041,0.03293117508292198,0.0309367608278989,0.0052701751701533
Q7TSN7_Q7TMM9,0.0021856,0.013165,0.015916,0.0032130873296409845,0.0005147470510564,0.0027897127438336
Q9EQH3_Q9QZQ0,0.0022216,0.013189,0.016059,0.09214384853839874,0.0006344452267512,0.0265550855547189
P61358_Q5SW45,0.0022007,0.012914,0.015953,0.42857399582862854,0.0005442628171294,0.0004834755964111
Q91XD6_Q9CQP8,0.0021888,0.012919,0.015896,0.2979792058467865,0.0015275191981345,0.0284809451550245
P98084_P58801,0.0042112,0.012963,0.017597,0.22692953050136566,0.0050395745784044,0.0005559595883823
Q64329_P84228,0.002238,0.012968,0.015958,0.08540501445531845,0.0002069717302219,0.0005275410367175
P22091_Q8K3Z0,0.0022931,0.015165,0.017327,0.025621715933084488,0.0017259044107049,0.0774575471878051
P27467_O09100,0.0021779,0.013039,0.015972,0.043650902807712555,0.0003938480804208,0.0101132411509752
Q80Z64_Q00609,0.0022499,0.016845,0.017143,0.26984527707099915,0.0007595240022055,0.0433804206550121
Q9DAM2_Q9JM73,0.002192,0.013028,0.015906,0.0353190079331398,0.0011667506769299,0.0016084985109046
Q924T2_O88634,0.0022446,0.019436,0.42086,0.005334808491170406,0.0002241242909803,0.0024728323332965
P42669_Q61091,0.0021822,0.013006,0.016009,0.2410125583410263,0.0003955393622163,0.0390584096312522
Q14C51_V9GXK1,0.0022752,0.013411,0.017362,0.0025214243214577436,0.0028517041355371,0.0011028228327631
Q31099_P46737,0.0021984,0.012982,0.015976,0.056936439126729965,0.0003047018835786,0.0024320220109075
Q9Z2W8_P55258,0.0023637,0.014174,0.017451,0.003409682773053646,0.0007662486168555,0.0233446154743433
P06876_P22091,0.0088017,0.013065,0.016541,0.00980005320161581,0.007195480633527,0.0334683470427989
Q60809_Q8VEG6,0.0021833,0.016892,0.016443,0.2991722822189331,0.0240668728947639,0.0037009846419095
Q60631_Q8C180,0.0021945,0.012984,0.017504,0.043150756508111954,0.0184196401387453,0.0011784508824348
O35551_Q9CXY6,0.0022476,0.013027,0.015913,0.0024630646221339703,0.0006503186305053,0.0004017570463474
Q9JIY5_Q9CQT6,0.002187,0.012955,0.01605,0.19334901869297028,0.0003314637287985,0.0085351252928376
Q4KKZ1_Q65ZI1,0.0023516,0.013069,0.015961,0.051969338208436966,0.011831865645945,0.0016328146448358
P68033_Q9QYH6,0.0021785,0.013028,0.016005,0.0944402664899826,0.0037527671083807,0.3745396435260772
Q80WG5_A0A0U5BC76,0.0022141,0.018083,0.043647,0.055090028792619705,0.0022945592645555,0.669792652130127
Q9CXZ1_Q03157,0.0022221,0.020489,0.15013,0.07449007779359818,0.0002718685718718,0.0020542233251035
Q8C2B3_P01810,0.0022826,0.013224,0.016019,0.033210933208465576,0.0246527679264545,0.0247060693800449
P62962_Q62264,0.0021991,0.012924,0.015903,0.006655384320765734,0.0004987217253074,0.0656173005700111
P01942_O35625,0.0021694,0.012926,0.015892,0.03616279736161232,0.001190353767015,0.0234488081187009
Q9CQ69_P42866,0.0023099,0.01298,0.015942,0.060263119637966156,0.000253454898484,0.0038814463187009
Q8CFA1_Q9JIE6,0.002201,0.012965,0.016299,0.13717584311962128,0.0034181918017566,0.0006166126695461
Q9JLC6_Q62179,0.0023371,0.013076,0.015989,0.005454352591186762,0.0002313725126441,0.0004204822180327
Q99MJ6_Q9R1P0,0.0021798,0.012936,0.015894,0.3786737024784088,0.0002526049793232,0.0032656439580023
Q9D9D9_Q8BP67,0.0021881,0.013309,0.016051,0.2294049859046936,0.0005996964755468,0.0009365384466946
Q9DAK2_Q9CQP8,0.0022007,0.012945,0.015956,0.40151917934417725,0.0726660192012786,0.0010544990655034
Q60770_Q5XJY5,0.0021761,0.012971,0.016068,0.06504524499177933,0.9960122108459472,0.0003159470797982
O88786_Q61884,0.0022039,0.012938,0.015869,0.013244815170764923,0.0004804558993782,0.0004614384670276
P50580_P61080,0.0021877,0.013013,0.015897,0.07440488040447235,0.0002980669960379,0.0001736245758365
A0A0M3KL49_Q8CDU5,0.0021736,0.01357,0.015909,0.14998798072338104,0.0039117676205933,0.0096111046150326
Q3UKC1_Q6PGF3,0.0036072,0.013761,0.020146,0.23095309734344482,0.0025597007479518,0.0005059858085587
P09632_Q9WUN2,0.0022818,0.013129,0.018456,0.003900452284142375,0.0035545588470995,0.0016299636336043
Q9CQZ5_Q9Z1X4,0.0021766,0.013043,0.015913,0.15666161477565765,0.0022968023549765,0.0020129785407334
Q3TNS5_Q8R409,0.0022214,0.012959,0.016305,0.017111603170633316,0.1477023661136627,0.3097713589668274
P63137_Q9JHS3,0.0021831,0.012921,0.015893,0.20071075856685638,0.0004313485405873,0.0189980212599039
P62806_Q3V0Q6,0.0022073,0.012997,0.7954,0.372570663690567,0.0003778656828217,0.0981330052018165
P10148_O55033,0.0022685,0.013045,0.0162,0.004226553253829479,0.0008202313329093,0.0009455649997107
Q60972_Q9EPB4,0.0021727,0.01304,0.015949,0.0008803247474133968,0.0008059649844653,0.1307366490364074
Q6PAT0_P56399,0.0021759,0.012938,0.015949,0.5039655566215515,0.0007334645488299,0.0434863492846488
Q9EPB4_Q9R0Q7,0.0021809,0.012939,0.015898,0.24213868379592896,0.0036271612625569,0.0013362404424697
O09100_P22091,0.19527,0.013279,0.016574,0.025475332513451576,0.014358858577907,0.9747373461723328
P15806_P41136,0.12913,0.013075,0.023148,0.1793690323829651,0.0069507164880633,0.0002728456747718
Q9CVD2_P01642,0.0022067,0.012978,0.015902,0.08790027350187302,0.0004233627987559,0.5027393698692322
Q8BK72_P49722,0.0021745,0.013156,0.015924,0.5164671540260315,0.0003165258967783,0.0032416065223515
P18527_Q9D9V4,0.0021838,0.012942,0.015871,0.3122188150882721,0.0501430816948413,0.1989912092685699
Q80VP1_Q65ZI1,0.002187,0.013135,0.015904,0.05297023430466652,0.0041859233751893,0.0023058447986841
Q9DCT2_P24604,0.0021827,0.012997,0.016008,0.24850419163703918,0.0006583861541002,0.010117475874722
P01636_P61092,0.0022106,0.014435,0.01608,0.31371280550956726,0.0018103671027347,0.0070096612907946
P22366_Q60803,0.0021839,0.012992,0.015905,0.15571732819080353,0.0015070588560774,0.0023925569839775
P01642_U5LP42,0.79485,0.64705,0.44159,0.0767383873462677,0.0058802799321711,0.0002852257166523
P12023_Q9WVI9,0.0022298,0.012999,0.016486,0.04556328430771828,0.000331666029524,0.0277909208089113
Q60972_Q9WVL2,0.0022108,0.013493,0.016181,0.15976683795452118,0.000680400582496,0.2331637889146804
Q60598_P52800,0.0023206,0.012953,0.015964,0.04559526965022087,0.000550803495571,0.0002484713913872
P11103_Q9CQA6,0.0021969,0.01293,0.01589,0.0018828455358743668,0.9928125739097596,0.0140024609863758
D2YW38_Q9DCL4,0.0021934,0.012974,0.015887,0.18898023664951324,0.0004401052428875,0.0002149815991288
P47753_P70340,0.0021779,0.012933,0.015933,0.08981730788946152,0.0105950338765978,0.0015054395189508
Q9D495_Q9CQY9,0.0022404,0.013219,0.033114,0.0007404170464724302,0.0005289082182571,0.0043168966658413
Q61084_Q64028,0.015161,0.013008,0.016409,0.08782535046339035,0.0019887157250195,0.0041722292080521
Q3UXZ6_P97310,0.0022375,0.013039,0.015984,0.04526315629482269,0.0009948431979864,0.1313294768333435
P41105_O70570,0.0021884,0.01302,0.015891,0.014270277693867683,0.0003124448121525,0.0020413557067513
Q9CWR8_Q61084,0.0022343,0.012995,0.016202,0.014437902718782425,0.0006925380439497,0.0003587932151276
P01739_Q60825,0.002279,0.015028,0.034838,0.06923127174377441,0.0092056589201092,0.0003809255140367
P01837_P53986,0.0023226,0.020612,0.016011,0.12955538928508759,0.1175735592842102,0.0145963244140148
O54788_Q99LI5,0.0021899,0.012946,0.015936,0.03434845432639122,0.0018436814425513,0.0012615108862519
Q62424_P14869,0.002184,0.013065,0.016153,0.15346486866474152,0.0003449391806498,0.2622466087341308
Q3TCJ1_P97767,0.12996,0.012976,0.016305,0.45669347047805786,0.001558598363772,0.0122923599556088
P22892_P97371,0.0021981,0.013056,0.015957,0.005631162319332361,0.0025748228654265,0.0017077048541978
O35963_Q9CQJ8,0.0022013,0.01314,0.01633,0.20255206525325775,0.0003384476003702,0.0030360925011336
Q9WV32_Q8CCI5,0.002175,0.012979,0.016251,0.13067728281021118,0.0010221452685073,0.0969949141144752
Q8K479_P30999,0.0021853,0.01445,0.022695,0.041925061494112015,0.0002897354133892,0.0282394457608461
Q3U1F9_P0DP43,0.0022056,0.013018,0.017208,0.4973084032535553,0.0006982167833484,0.0009710767772048
Q9R0Q1_P70671,0.0022448,0.012937,0.015929,0.05847212299704552,0.0011596544645726,0.0018729184521362
Q91YN9_P49710,0.0021767,0.013038,0.015952,0.19808408617973328,0.002087557921186,0.0018112116958945
Q8VCW4_Q61045,0.0022671,0.013255,0.017161,0.07446107268333435,0.0002859797095879,0.0184572022408247
Q62277_Q03347,0.031385,0.013417,0.016187,0.02772449143230915,0.0014089213218539,0.000458191439975
Q91XL9_Q02242,0.0022852,0.013126,0.018884,0.005403485149145126,0.0005108888726681,0.0063481191173195
P12815_Q9EPL2,0.0022065,0.013055,0.016009,0.04829125851392746,0.0005420389934442,0.0016460967017337
P63328_Q9Z2D6,0.0026817,0.013069,0.02125,0.08632830530405045,0.0216189175844192,0.0008006122079677
Q9QZL0_Q920D3,0.0022529,0.013097,0.015971,0.00590434530749917,0.0016522691585123,0.0162402354180812
Q9R233_Q8VCW4,0.002322,0.013356,0.040827,0.0194021537899971,0.0014839683426544,0.3867405652999878
P01575_P70671,0.002191,0.01292,0.015882,0.03942599147558212,0.0005331422435119,0.0305072348564863
Q64237_P34902,0.0026486,0.054014,0.069437,0.08035685122013092,0.0016537910560145,0.0017174908425658
Q9QUN3_Q61768,0.0030044,0.013156,0.015978,0.0037247452419251204,0.0030874530784785,0.0019377142889425
P07141_P63011,0.0022229,0.013334,0.016024,0.49244439601898193,0.0014797849580645,0.0006646125693805
Q7TMM9_P25801,0.0021832,0.013149,0.075012,0.061533816158771515,0.0066049816086888,0.0376145653426647
P26369_O35718,0.0021832,0.014299,0.016435,0.18803614377975464,0.0023591273929923,0.0018015115056186
Q9R1P0_P06343,0.0021832,0.013091,0.015863,0.025346633046865463,0.0002223686315119,0.1465097218751907
Q8BJ56_Q8VDM4,0.0021849,0.013342,0.016007,0.03235496208071709,0.0020870643202215,0.0008298140601255
P70696_Q8BFZ4,0.0022043,0.012942,0.016207,0.02655765414237976,0.0005251418915577,0.0384446047246456
Q91V08_P47708,0.0021912,0.013228,0.016279,0.014296924695372581,0.000843861605972,0.0144827719777822
P50752_O88942,0.0022192,0.012945,0.015971,0.0020728635136038065,0.0012728202855214,0.0039560520090162
Q3UNW5_P60766,0.0021934,0.013153,0.015976,0.013182931579649448,0.0057353372685611,0.0011022221297025
Q8BTU1_Q02067,0.0021851,0.012978,0.015889,0.44484925270080566,0.0008808663696981,0.02601177431643
Q61327_P61092,0.0021907,0.01298,0.016698,0.004826937802135944,0.0002863087283913,0.0015088509535416
Q811G0_Q61337,0.0021977,0.012978,0.015934,0.1161714717745781,0.0026842094957828,0.0029034130275249
Q9WUN2_Q8CDT5,0.0022468,0.012936,0.015964,0.00045034565846435726,0.0099449837580323,0.0190736223012208
Q91WG4_Q68FF6,0.0024639,0.014271,0.017922,0.48262736201286316,0.0043564168736338,0.001911791274324
P03893_Q9D2R8,0.0021913,0.01293,0.015883,0.0915236622095108,0.0003792872885242,0.0063273925334215
P70445_P62264,0.002185,0.012941,0.015898,0.1148468628525734,0.0003037452988792,0.8017353415489197
P31938_O35963,0.0029296,0.015502,0.022434,0.07007019221782684,0.0059483530931174,0.0305027663707733
P04213_Q9CWE6,0.0021894,0.012967,0.015882,0.006857569329440594,0.0013914381852373,0.0004776045389007
O35305_P50538,0.0022648,0.013006,0.015909,0.045776065438985825,0.0008135665557347,0.2651852369308471
Q9DC40_Q9R0X0,0.0021717,0.013037,0.016041,0.07709572464227676,0.0011943751014769,0.0049968808889389
Q02067_P62315,0.0022493,0.013024,0.015882,0.3902322053909302,0.0002859273517969,0.0006897670100443
P01904_Q9JMK2,0.0021863,0.013192,0.015979,0.015849333256483078,0.0012188345426693,0.0005002521793358
O08603_Q8K4G5,0.0021831,0.013126,0.016222,0.006050403695553541,0.0007620454998686,0.0001929199206642
Q9D4G2_P28063,0.0021705,0.013173,0.015919,0.04574795067310333,0.0002601601299829,0.0053627234883606
Q60769_Q9QYK7,0.0023048,0.013091,0.5101,0.2424703985452652,0.0059402389451861,0.0032073715701699
Q60598_Q9CZ13,0.0022087,0.012993,0.015969,0.03932451084256172,0.0007413871353492,0.0185862481594085
Q53VQ5_P59178,0.0025114,0.012974,0.017263,0.48128825426101685,0.0051656891591846,0.0369657389819622
Q64010_P25916,0.0021867,0.013109,0.016355,0.010617210529744625,0.0009664737735874,0.6983214020729065
Q9WV32_P08113,0.0022096,0.013203,0.016737,0.0024201469495892525,0.0079935165122151,0.0125731499865651
P15806_P20067,0.0021757,0.013168,0.015933,0.37953731417655945,0.0295011587440967,0.9049285650253296
Q60598_Q60876,0.002192,0.01294,0.016002,0.0015604478539898992,0.0008029844611883,0.000597336795181
O70274_P01867,0.002183,0.014207,0.015955,0.048700299113988876,0.0004143990227021,0.0073135918937623
P22723_Q91WD5,0.0022154,0.057911,0.11067,0.015042324550449848,0.0005148554919287,0.3839881420135498
P08046_P97471,0.036356,0.013179,0.016577,0.4685830771923065,0.9922428727149964,0.0087891351431608
P19785_P33896,0.002266,0.014521,0.088435,0.1460094302892685,0.0022637210786342,0.1532882452011108
P14719_O54784,0.0021893,0.012993,0.015981,0.0885908305644989,0.0018341680988669,0.8242312669754028
P68373_Q64287,0.0021813,0.012979,0.016015,0.04685933515429497,0.0052214083261787,0.0261360257863998
P07901_Q8CIB5,0.0021745,0.012943,0.016012,0.22909818589687347,0.0015728222206234,0.257915049791336
P41274_Q64281,0.0024634,0.022296,0.018408,0.09238122403621674,0.000933411589358,0.0003958577581215
O88786_Q8R1I1,0.002801,0.012937,0.015873,0.04022568091750145,0.0004265317693352,0.0001174626740976
Q3UDK1_Q8CII9,0.0022535,0.013,0.015968,0.018945971503853798,0.0006089574308134,0.0055888094939291
P47713_P61957,0.0023258,0.01312,0.015913,0.08694981783628464,0.0108177084475755,0.1750658005475998
D3Z338_Q7TMF3,0.0022815,0.012919,0.015917,0.3465408682823181,0.0007668633479624,0.0006026961491443
Q62179_P20263,0.0022221,0.013072,0.016151,0.004899369087070227,0.0004210015758872,0.0006645882385782
P47754_Q62108,0.0021827,0.012966,0.015929,0.009516262449324131,0.0010048814583569,0.0518910996615886
Q9DAG4_Q61387,0.0027864,0.013061,0.016046,0.17845237255096436,0.0009218784398399,0.0008385972469113
P40764_P04187,0.0023217,0.01349,0.015943,0.011550302617251873,0.0010830773971974,0.0007905891980044
P39689_Q80UL9,0.0022983,0.01297,0.017785,0.037546128034591675,0.0002768961130641,0.000503278512042
Q505F1_Q61091,0.0021884,0.013066,0.017043,0.3338091969490051,0.000919661426451,0.0063454755581915
P09631_O08795,0.0022313,0.013125,0.016144,0.14788152277469635,0.0010258660186082,0.2036079317331314
P01942_P56391,0.0022213,0.012963,0.016026,0.004181652329862118,0.0006671329028904,0.00016308404156
Q8C437_Q3UYV9,0.0025091,0.013524,0.017134,0.0704907774925232,0.0190711393952369,0.8105576038360596
Q5SW45_O09100,0.0022059,0.012954,0.016028,0.26926180720329285,0.0071013350971043,0.0002564500900916
P70347_P70671,0.0022043,0.012917,0.015952,0.0053856451995670795,0.0064185317605733,0.0007222444983199
P68368_P35396,0.0021704,0.013273,0.016147,0.10931244492530823,0.0961474850773811,0.0014710816321894
Q8VCS6_Q8BVZ1,0.002334,0.012993,0.01629,0.08045530319213867,0.0025964872911572,0.0171824563294649
Q9JIL4_Q61411,0.0044346,0.013193,0.016956,0.1810910552740097,0.9985178112983704,0.0063839945942163
P35980_P97792,0.0021887,0.012943,0.015889,0.19063593447208405,0.0002262561174575,0.002442484954372
P51683_Q9CY16,0.0022441,0.013163,0.024142,0.048816028982400894,0.0002464512654114,0.0019626242574304
Q9ERS2_P12815,0.0022411,0.013045,0.015988,0.00831981748342514,0.0002570770157035,0.217757374048233
A2AIP0_P19221,0.0022469,0.013055,0.016234,0.12057037651538849,0.0022639483213424,0.0023963272105902
Q9JMA2_A0N262,0.0025216,0.015085,0.015946,0.21065165102481842,0.0009104350465349,0.0009744624840095
P01808_O89100,0.0022855,0.013256,0.016322,0.007348107639700174,0.0840783268213272,0.0002801957307383
P13297_P70191,0.0025362,0.013096,0.015957,0.0041395570151507854,0.0009873572271317,0.0012942681787535
Q5SSZ7_Q6PAT0,0.0021842,0.01302,0.016012,0.005071873310953379,0.0002330729621462,0.0005185871268622
Q99LM9_Q99JY8,0.002179,0.012925,0.01588,0.05900474265217781,0.0002578669809736,0.0683103948831558
Q61553_P01749,0.0023362,0.018989,0.01639,0.1904623806476593,0.0041334400884807,0.0987902507185936
F7BJB9_Q6IMH0,0.002206,0.01293,0.015924,0.06338910013437271,0.0028276972007006,0.0001818841992644
P48787_Q6ZWY9,0.0023574,0.012967,0.044332,0.03525849059224129,0.0042958515696227,0.093464083969593
Q63943_Q62264,0.0022102,0.012926,0.01596,0.5348374247550964,0.0018126795766875,0.0280863642692565
Q9ERA0_Q64373,0.0021862,0.012936,0.015908,0.09391254931688309,0.0008955426746979,0.0006293319747783
Q9QZL0_P20917,0.0022914,0.012965,0.016092,0.007721770089119673,0.0013958684867247,0.0015895209508016
Q9QYK7_O54786,0.0023695,0.013115,0.015915,0.012602172791957855,0.0008540774579159,0.0029242837335914
Q60821_Q60825,0.00219,0.013021,0.015976,0.005105148535221815,0.0003546303487382,0.0011091796914115
P43275_Q9CXY6,0.0021745,0.012956,0.01596,0.1753436028957367,0.0271966755390167,0.0030383421108126
P03966_Q9D8L4,0.0021872,0.08716,0.015992,0.12953531742095947,0.0004465273232199,0.0003113591228611
Q9D415_P48025,0.0039863,0.013002,0.016654,0.13871514797210693,0.0031117256730794,0.0128422817215323
P97318_Q99ME6,0.0022149,0.012946,0.015986,0.17281554639339447,0.0024084465112537,0.0004888160619884
Q60760_Q925K9,0.0021876,0.013012,0.018604,0.22474588453769684,0.0067335562780499,0.0002324304950889
O08609_Q68EF6,0.37077,0.91759,0.019928,0.030632304027676582,0.0096315192058682,0.0060373125597834
Q9QYH6_P06343,0.0021788,0.014046,0.015896,0.149287149310112,0.0010259246919304,0.0005413551116362
P02089_P58064,0.0022223,0.013294,0.016364,0.15896733105182648,0.0003179191844537,0.000183530311915
Q60838_P05532,0.0022344,0.013067,0.01796,0.326115220785141,0.0008726248634047,0.0005001783138141
Q8K3J1_Q9JJY9,0.002382,0.11766,0.19821,0.003458407474681735,0.0002690106630325,0.0279747601598501
Q8C456_Q9CQI9,0.0022164,0.01295,0.015973,0.4908471405506134,0.0042058732360601,0.0003825132152996
P18181_O09167,0.0021955,0.012945,0.01587,0.07957537472248077,0.0002369969879509,0.0007826698129065
Q9CQ18_Q9WV31,0.0021795,0.012963,0.015894,0.12613661587238312,0.0003428046475164,0.0014519914984703
Q61827_Q9DAJ2,0.73671,0.66641,0.015942,0.008274844847619534,0.0012254932662472,0.2886487543582916
Q9CWH4_P62812,0.0021828,0.012932,0.016432,0.053519587963819504,0.000437231035903,0.002352095907554
Q60636_Q64287,0.0032886,0.012944,0.016027,0.019453080371022224,0.0389317199587821,0.0267144758254289
Q60692_Q9D6K5,0.0022122,0.012944,0.016046,0.0054093338549137115,0.0002667249354999,0.0007946012774482
Q61216_Q3HNM7,0.0038827,0.013127,0.016518,0.012584664858877659,0.0069444524124264,0.0004333060933277
Q8C437_Q3UIU2,0.0022099,0.013059,0.015924,0.035327497869729996,0.0197527296841144,0.0632372349500656
Q6KB05_Q3U1F9,0.0021904,0.013059,0.020329,0.014874670654535294,0.0126468362286686,0.0310337040573358
Q9EQS3_P00757,0.002203,0.012967,0.01595,0.01387496292591095,0.0002833198814187,0.0006121816695667
P62309_Q3V0Q6,0.0021731,0.01298,0.015868,0.09555703401565552,0.0004113593895453,0.0056985425762832
P84228_P15314,0.0022429,0.013026,0.016117,0.01620708405971527,0.0059445649385452,0.0422670543193817
P59178_Q9CQ69,0.0023447,0.013057,0.015955,0.043312281370162964,0.000931798829697,0.0059378514997661
Q5R1C2_Q9D7W5,0.0021954,0.013004,0.015889,0.03902788087725639,0.0003896607086062,0.5995628833770752
Q9CR88_P53762,0.0021861,0.013148,0.015895,0.34296461939811707,0.0002872709010262,0.000450793566415
P62274_Q62276,0.0022272,0.012974,0.015871,0.02073989436030388,0.0024590669199824,0.0007188705494627
Q9D3X8_P62849,0.002188,0.012928,0.054309,0.04708939418196678,0.0005653618718497,0.0676333457231521
P70196_Q60769,0.002282,0.013037,0.1261,0.031654372811317444,0.000288361654384,0.1346219629049301
Q9D1R9_Q80ZV0,0.0021892,0.012916,0.016285,0.0014121237909421325,0.0020021763630211,0.0007602760451845
O89110_Q9CWH4,0.0022135,0.012982,0.01682,0.017708009108901024,0.9987226128578186,0.0598729215562343
Q61140_Q6R5N8,0.0021704,0.013577,0.016067,0.058699771761894226,0.0011410710867494,0.0216792467981576
P09055_P70175,0.0021913,0.012978,0.015946,0.005805228836834431,0.0061473147943615,0.7495983242988586
P41241_P63248,0.002185,0.012966,0.015921,0.3727475702762604,0.0032537190709263,0.0095856925472617
Q04863_Q920D3,0.002326,0.013037,0.016026,0.001901386072859168,0.0599980466067791,0.0002986592298839
P15116_Q5SW45,0.0022358,0.012942,0.016006,0.21245786547660828,0.0019208603771403,0.0419311039149761
P49615_P97318,0.0026704,0.012991,0.016698,0.20725487172603607,0.0029392763972282,0.0053908275440335
Q6PGF3_P28063,0.002179,0.013077,0.015898,0.028773203492164612,0.0002510711492504,0.0002157310664188
P12960_Q62108,0.0021945,0.012991,0.015925,0.024920543655753136,0.005852797999978,0.0012050844961777
P51450_P21784,0.0021965,0.012998,0.018495,0.5778805017471313,0.0039008655585348,0.0250983443111181
Q64337_P54763,0.0022032,0.012996,0.016525,0.04680110886693001,0.0006943852058611,0.1955074071884155
Q9D8B7_Q9D4K7,0.0022325,0.012949,0.016163,0.014209147542715073,0.0011301494669169,0.0132212918251752
P04370_P63085,0.0022797,0.012975,0.02036,0.2441643476486206,0.0107934772968292,0.1173916757106781
O09100_Q8JZM6,0.0021889,0.012975,0.015922,0.20959660410881042,0.0513638742268085,0.0751747116446495
Q9CQT6_Q61083,0.0021891,0.012964,0.016161,0.05204533040523529,0.005401755683124,0.0145309073850512
P0DP43_P01820,0.0039736,0.033231,0.10328,0.1422741562128067,0.0383967123925685,0.0461508259177207
Q9D9U9_P84099,0.0022428,0.038784,0.51664,0.004105415660887957,0.0005405598203651,0.0385802760720253
P01723_Q64339,0.0022258,0.01331,0.016023,0.007673702668398619,0.0009168534306809,0.2119102478027343
P22682_O54901,0.0021809,0.013082,0.015939,0.47792333364486694,0.0004044529632665,0.4888688325881958
Q9ERA0_Q149S1,0.0022396,0.01296,0.015987,0.0978991687297821,0.9941343665122986,0.0017286316724494
P41778_Q53VQ5,0.0021944,0.013654,0.016028,0.021057002246379852,0.0020230617374181,0.0009711388265714
Q64373_Q9D0B8,0.0022277,0.013026,0.015888,0.06970391422510147,0.0019710566848516,0.1859264373779297
Q99JB4_P03925,0.0047431,0.012938,0.015913,0.017827026546001434,0.0002113145746989,0.0060807550325989
P05480_Q8VI36,0.0031359,0.013088,0.016634,0.0465843565762043,0.016579171642661,0.0391215980052948
Q91Y86_Q3UYI6,0.0021736,0.013148,0.021035,0.004182640928775072,0.0004911906435154,0.3154591023921966
P20334_Q9WVI9,0.0021893,0.012982,0.016492,0.028119420632719994,0.0016894700238481,0.0523310340940952
P49722_P40336,0.0021873,0.01293,0.015897,0.041388049721717834,0.0002236887521576,0.0078174453228712
A0A0G2JF94_O54714,0.0022032,0.013006,0.016072,0.37410610914230347,0.0006048114737495,0.0306332316249609
P41274_O08603,0.0022176,0.015292,0.016536,0.6456679105758667,0.0004118207725696,0.2844807803630829
P14753_O08795,0.0057426,0.021328,0.031715,0.040186092257499695,0.0015502771129831,0.000595687481109
Q6PAT0_P86048,0.0021883,0.012944,0.015958,0.08406511694192886,0.000465222634375,0.0119003616273403
Q3TCJ1_Q793I8,0.0023475,0.012933,0.016055,0.0785483792424202,0.061744712293148,0.2011216729879379
Q08509_Q8R4G0,0.0021979,0.012955,0.015918,0.09097744524478912,0.0012051798403263,0.0004487596161197
Q8R0L9_Q8CF89,0.0022573,0.012944,0.015931,0.01016765646636486,0.0003817167016677,0.001670068828389
Q9EPC1_O08586,0.0022001,0.012945,0.016312,0.038276415318250656,0.0125736789777874,0.0169664584100246
P07901_Q08024,0.0021801,0.013242,0.015995,0.007375370245426893,0.0028390935622155,0.2693025469779968
P29452_Q8VI24,0.0021791,0.012963,0.016012,0.01653040200471878,0.0013610363239422,0.0003999959444627
Q7TQF7_Q920D3,0.0025589,0.013061,0.015922,0.02919013239443302,0.0033992314711213,0.0010898795444518
Q9CPX8_P49615,0.0022979,0.012965,0.015891,0.00343266106210649,0.0012638217303901,0.0080008637160062
P31938_P63085,0.0052926,0.024425,0.17316,0.14828790724277496,0.9975749850273132,0.0430979281663894
P62849_Q3USJ8,0.0021761,0.012927,0.016021,0.0025729620829224586,0.0002250401012133,0.0057021891698241
Q6P8X9_Q60787,0.0021807,0.012933,0.015913,0.006852667313069105,0.0019003475317731,0.0002779421629384
P37238_P39054,0.0042918,0.013112,0.01608,0.054849568754434586,0.0018678051419556,0.0019858027808368
Q07813_Q8BVN3,0.0035779,0.012945,0.022039,0.4232226014137268,0.0006858994020149,0.0010930055286735
P06876_Q8R2X8,0.10809,0.020328,0.016799,0.09146980941295624,0.0044971262104809,0.0011027540313079
P0CG50_P62192,0.0023562,0.013113,0.017935,0.03546547144651413,0.0005327714025042,0.1013045981526374
P70447_V9GXK1,0.0023631,0.01299,0.016598,0.15744996070861816,0.0014636318664997,0.0005317670875228
P01723_P08046,0.0021848,0.013755,0.016006,0.029720494523644447,0.0020450826268643,0.0505682863295078
Q8CHU3_Q6QLQ4,0.0021799,0.013034,0.015902,0.10329896211624146,0.0003897483693435,0.0422931462526321
P10148_Q04207,0.0022352,0.013001,0.016565,0.32532110810279846,0.0013782070018351,0.0006275441264733
Q9D2U9_P62881,0.0032748,0.013009,0.21732,0.005673172418028116,0.0014468050794675,0.0072971074841916
P52946_Q9DBC7,0.0022058,0.013051,0.016103,0.0012415536912158132,0.0016934896120801,0.390218585729599
Q60787_P00397,0.0021879,0.012977,0.015908,0.0526462122797966,0.0002343270025448,0.0016902961069718
Q60973_Q9R1S0,0.0022503,0.013122,0.016135,0.37273600697517395,0.0008714665309526,0.0002219543093815
P55258_P29754,0.0027906,0.014306,0.034515,0.48861080408096313,0.00092050479725,0.0214507672935724
A6H6Q4_Q8JZM0,0.0021919,0.012981,0.015939,0.03929461911320686,0.0037235440686345,0.0026692750398069
Q9DCJ7_Q8VDS3,0.0022059,0.012969,0.016021,0.1305982619524002,0.0006169515545479,0.0009162329370155
O88643_P60766,0.0035953,0.016344,0.021635,0.2932320833206177,0.9979116320610046,0.0345452576875686
Q61411_Q99N57,0.0046006,0.013944,0.024201,0.15522007644176483,0.995696187019348,0.000683611142449
Q60954_Q61391,0.002184,0.013012,0.015934,0.021200235933065414,0.0005311900749802,0.0002070544287562
Q9CQ39_Q61179,0.0021889,0.012932,0.015897,0.47856608033180237,0.0015115118585526,0.0023239329457283
Q91XM9_Q9D9D8,0.0025656,0.012988,0.028581,0.45727109909057617,0.3562396764755249,0.0001877886534202
P62830_Q63739,0.0021842,0.01295,0.015906,0.06389015167951584,0.0002079887781292,0.0003001661389134
O54788_Q3UDK1,0.0021855,0.012948,0.015931,0.2611224353313446,0.0036641613114625,0.0336895324289798
Q8C456_Q9D6J5,0.0021995,0.01307,0.015931,0.30766215920448303,0.0005635689594782,0.000277276005363
A6H6Q4_Q9WTX6,0.0021925,0.012917,0.015924,0.017902130261063576,0.0002798649366013,0.0006906896014697
Q9CWH4_P46737,0.0028625,0.01294,0.016131,0.22397008538246155,0.0014322904171422,0.0014456447679549
Q8VCW4_Q9ERE9,0.0025614,0.013305,0.017477,0.14201249182224274,0.000691439025104,0.0070945839397609
P62309_Q53VQ5,0.0022722,0.013913,0.016475,0.026200328022241592,0.0004517561173997,0.0298025216907262
Q9R0X0_Q9JKD8,0.0021836,0.01294,0.015927,0.05325716733932495,0.0003178540500812,0.010267773643136
O88448_P41105,0.0021866,0.013651,0.016159,0.08064091950654984,0.0019868691451847,0.0007503554224967
Q8VEA4_P06876,0.0021785,0.01295,0.01601,0.22338369488716125,0.0098929200321435,0.0009410348138771
P41969_P63085,0.0024648,0.01308,0.01797,0.3066818416118622,0.9976539015769958,0.9201087951660156
Q9CQJ2_Q91V61,0.0022306,0.012917,0.015903,0.01802198961377144,0.0006660402286797,0.0004400341713335
Q9DCJ7_P50540,0.0033356,0.013347,0.01633,0.11371112614870071,0.0005681560724042,0.0010490767890587
P02088_Q148A4,0.0021649,0.012914,0.015881,0.10050786286592484,0.012203405611217,0.1725036948919296
Q62227_Q8R4G0,0.0023107,0.014033,0.068352,0.0031540931668132544,0.0003603563527576,0.000249912351137
Q9DBR4_Q91YD9,0.0024827,0.013164,0.016173,0.05860907584428787,0.0091256024315953,0.5321793556213379
Q9ERE9_P01864,0.0021903,0.013242,0.018499,0.211107537150383,0.0004913641023449,0.7032155990600586
Q9CZ13_Q9CQE3,0.0022435,0.012949,0.015983,0.7037374377250671,0.0006356908706948,0.0003566736704669
Q91XL9_Q04863,0.0023873,0.01306,0.032163,0.17048713564872742,0.0429289005696773,0.0007643564604222
P98084_P58064,0.0021894,0.01295,0.015944,0.04981587827205658,0.000552833720576,0.0917326509952545
O35680_Q5NCF2,0.0021833,0.012988,0.015881,0.012383697554469109,0.0002420294476905,0.0002003215049626
Q8K479_Q8K480,0.0024126,0.024746,0.35316,0.16005036234855652,0.0029413104057312,0.0008143445593304
Q0VBL6_Q9DBR4,0.010108,0.012995,0.017128,0.14694076776504517,0.0009862821316346,0.0018263618694618
P16297_Q8C1Z7,0.0022143,0.016631,0.016319,0.07442202419042587,0.0005312914145179,0.0527877621352672
P52795_Q793I8,0.0022085,0.012932,0.01624,0.12437396496534348,0.0012389058247208,0.0752632990479469
O89090_Q62348,0.0021803,0.012934,0.015867,0.07730377465486526,0.0002988965134136,0.0004515617329161
Q9CQJ8_P01647,0.0022184,0.013169,0.015964,0.4383649528026581,0.000421529286541,0.0152822099626064
Q921D4_O54709,0.0021886,0.012942,0.015945,0.24269171059131622,0.0005678209709003,0.0001797350560082
Q9D5V5_A2ARP9,0.0021784,0.012943,0.016012,0.15540212392807007,0.0006135169533081,0.0002960451238323
Q9D3X8_P16330,0.0021991,0.012923,0.015985,0.0013206335715949535,0.002913010539487,0.0002388614811934
P35585_Q8R2K4,0.0021845,0.012963,0.016633,0.22783872485160828,0.0024067950434982,0.0072929775342345
O35182_P36898,0.0021898,0.013041,0.017207,0.20217300951480865,0.0010352948447689,0.0026150455232709
Q99MB1_P15209,0.014801,0.54758,0.062567,0.14785149693489075,0.9989112615585328,0.001161262160167
Q91XU0_Q03157,0.0022094,0.01308,0.01598,0.3549669682979584,0.0004245940654072,0.0063039883971214
Q8K3I6_P36898,0.0021994,0.013083,0.018298,0.007056457921862602,0.0007683746516704,0.0170132704079151
O54784_P63017,0.0022125,0.013327,0.016449,0.0008590733050368726,0.0023351025301963,0.0045061162672936
Q8C1Z7_Q9WVR4,0.0021883,0.01322,0.015986,0.1180468425154686,0.003948182798922,0.5877931118011475
P01865_A2ARP9,0.0026872,0.022112,0.016972,0.009714309126138687,0.0063001867383718,0.005771439988166
Q9JKV1_Q01114,0.0021855,0.013048,0.016068,0.18564432859420776,0.0003969689714722,0.2969861030578613
A2N494_O08543,0.0022343,0.017679,0.019241,0.24834078550338745,0.0120358318090438,0.0005343561060726
O70374_P22091,0.0058356,0.013165,0.016641,0.1598927229642868,0.0329937897622585,0.0001937477936735
Q07763_P59999,0.0022008,0.012946,0.015928,0.02089836820960045,0.000716428621672,0.0031948057003319
O08686_A2ARP9,0.0022206,0.013003,0.015959,0.050132203847169876,0.0013806911883875,0.0007850313559174
Q99NC0_O54714,0.1195,0.012977,0.016247,0.29160648584365845,0.0088062835857272,0.1503751277923584
Q9WVS6_Q9D4K5,0.0022418,0.012957,0.015965,0.19321484863758087,0.0022628779988735,0.0007893088040873
Q61097_P62878,0.0021883,0.013112,0.059663,0.09553944319486618,0.0059454329311847,0.0155890556052327
Q99MJ6_P42225,0.0021858,0.012954,0.01695,0.0017392714507877827,0.0202295649796724,0.0959443151950836
P56399_Q9EPC1,0.0021802,0.012947,0.015969,0.015657106414437294,0.0045855869539082,0.0219486132264137
P50396_Q62108,0.0022003,0.012956,0.01595,0.12357070297002792,0.0011349557898938,0.1608937680721283
P05627_O35963,0.0037755,0.030626,0.015995,0.04271052032709122,0.0009258306818082,0.0011114574735984
Q9WUL5_P31311,0.0021917,0.013311,0.015949,0.06826817989349365,0.0015611292328685,0.0004303958266973
Q61456_Q03157,0.0021934,0.012941,0.017196,0.0062876795418560505,0.0013343652244657,0.0077010304667055
Q9JM73_Q91WA6,0.0023175,0.013012,0.015964,0.413644015789032,0.4118141531944275,0.2481237649917602
P61982_Q9DCL4,0.0022248,0.013584,0.016043,0.404511034488678,0.0022086335811764,0.000527145632077
P23798_Q9QWH1,0.0022073,0.013192,0.016316,0.07763723284006119,0.00239297025837,0.0034462171606719
Q9ES57_Q8K214,0.0022149,0.012982,0.016177,0.06682637333869934,0.000983283505775,0.0002616429410409
P50538_O88351,0.010348,0.015039,0.016529,0.15418653190135956,0.0028945200610905,0.9413402676582336
P06537_Q9CY16,0.0022073,0.013171,0.015983,0.1684170961380005,0.0010900066699832,0.0630327761173248
Q9WVR4_P40226,0.002232,0.013057,0.015904,0.38644662499427795,0.0002682755584828,0.2011052817106247
Q9ERK7_P30051,0.0022033,0.01294,0.015934,0.009060913696885109,0.0003441332955844,0.0024203553330153
Q8BGU5_Q01853,0.0021981,0.012972,0.015926,0.039337463676929474,0.0002820114605128,0.0056199566461145
P0CG50_Q80VP1,0.002224,0.013085,0.015906,0.10371741652488708,0.0134198293089866,0.0242109280079603
P63143_Q62108,0.0021822,0.01296,0.018952,0.7063370943069458,0.0082263657823205,0.0554070025682449
Q9CR61_Q9DAJ2,0.0022774,0.013007,0.015906,0.012817315757274628,0.0006704613915644,0.0032187616452574
P60710_P27512,0.0021846,0.014009,0.015922,0.12645715475082397,0.0013435807777568,0.0004417328746058
Q3UXZ6_P52800,0.0022667,0.013101,0.016049,0.03757906332612038,0.0018470443319529,0.0076187551021575
Q64010_P61080,0.0021811,0.015971,0.015966,0.06940505653619766,0.001683505019173,0.5607761144638062
O35716_Q8BG40,0.002211,0.013146,0.016001,0.30807164311408997,0.0374697484076023,0.8476302027702332
Q91WG4_Q18PE0,0.003096,0.023908,0.016804,0.0034502889029681683,0.0068163191899657,0.7432349920272827
P27038_Q61686,0.0022057,0.012966,0.033803,0.03640745207667351,0.0003858312556985,0.0015726704150438
Q9DAS2_Q9EST8,0.0022563,0.013126,0.015928,0.0030715973116457462,0.0160802099853754,0.1020301133394241
Q9CSN1_Q6PD24,0.00223,0.013055,0.016136,0.03656740114092827,0.0006201468058861,0.0002633367257658
P61957_Q8CII9,0.0021872,0.013016,0.015891,0.027915839105844498,0.0003930545935872,0.0003525349020492
P26049_Q9ES57,0.011051,0.35575,0.10837,0.004401341546326876,0.0242865197360515,0.0002281968627357
Q8BVN3_P04351,0.0022302,0.013011,0.016303,0.03323082998394966,0.0003179307095706,0.0045690317638218
P31938_Q6PHU5,0.0021949,0.01296,0.015912,0.04066719114780426,0.000898249563761,0.0012516630813479
Q61160_Q9QZL0,0.0021848,0.012928,0.01595,0.31136688590049744,0.9987415671348572,0.1064134612679481
P62264_Q8VE22,0.0021818,0.012933,0.01592,0.38272666931152344,0.0362627245485782,0.0476085990667343
Q8BUN5_P24604,0.002179,0.012985,0.016138,0.47506681084632874,0.0007714983075857,0.000849861651659
Q8C031_Q60838,0.0022109,0.012978,0.016114,0.009700242429971695,0.0009156185551546,0.000369620276615
Q8BTU1_P31041,0.0022773,0.025372,0.018366,0.32727015018463135,0.0004895455786027,0.0011274714488536
Q9WUN2_Q5NCF2,0.0022086,0.012943,0.016105,0.026366598904132843,0.0011130652856081,0.0003966143412981
Q8VI36_P02088,0.002218,0.012935,0.015888,0.046052414923906326,0.0011726159136742,0.0285596773028373
Q60629_Q9QUM4,0.0039124,0.034166,0.1609,0.051788609474897385,0.976562798023224,0.0925544500350952
Q9D4K7_P10417,0.0021965,0.012919,0.016072,0.18347391486167908,0.0035798652097582,0.1047864109277725
P61979_Q31093,0.0021756,0.012983,0.015929,0.008414354175329208,0.0002785594842862,0.0454812608659267
P49718_P97792,0.0022067,0.013009,0.015927,0.03658730164170265,0.0002529544290155,0.0546358041465282
O08686_P63137,0.0022638,0.012957,0.015967,0.2072967141866684,0.0003279858501628,0.0715946406126022
Q9CQV5_P15702,0.0021897,0.096761,0.034538,0.0018769731977954507,0.0003538266173563,0.0249997861683368
P08152_P58283,0.097557,0.013126,0.019959,0.03843707591295242,0.0014806442195549,0.7849125862121582
P23804_P62984,0.0027983,0.013032,0.66606,0.03609692305326462,0.0013380851596593,0.0534266754984855
P09632_Q60772,0.0022067,0.013145,0.017338,0.05360807105898857,0.0160901714116334,0.7556657195091248
P62281_O08609,0.0021887,0.013021,0.015904,0.06262374669313431,0.0003466327616479,0.0120439138263463
Q9WU32_Q99JB6,0.0022054,0.012979,0.016005,0.2454516887664795,0.0004734576505143,0.0285749696195125
P63085_Q64337,0.0022268,0.013054,0.019267,0.22369550168514252,0.0032283142209053,0.0006743951817043
Q9DA80_Q61079,0.0024222,0.012985,0.015954,0.11818693578243256,0.0003660459769889,0.000772537488956
P61967_P63017,0.0021844,0.013156,0.016021,0.167601078748703,0.0029014395549893,0.2187726497650146
Q9CQE3_P27512,0.0021897,0.01298,0.015918,0.02869434282183647,0.0002345212269574,0.000491552229505
P18872_Q8CDT5,0.0021954,0.013437,0.015899,0.40176865458488464,0.0014417649945244,0.0012828325852751
Q63810_Q148A4,0.0022226,0.013488,0.01589,0.06856564432382584,0.0155460117384791,0.072942741215229
Q62158_Q8BLC3,0.0022067,0.01309,0.016122,0.24238938093185425,0.0004773048276547,0.0004921518848277
Q9DA80_Q9CQV8,0.0021801,0.013223,0.015961,0.13608282804489136,0.0055323932319879,0.0136482305824756
Q99N87_P27870,0.0021993,0.012983,0.01605,0.40491387248039246,0.0003456332487985,0.0296498350799083
P01901_Q9D8C6,0.0021953,0.01293,0.015882,0.1334129422903061,0.0002894985082093,0.0498843528330326
Q9EQH3_Q99JY1,0.0021847,0.013096,0.015994,0.12442617863416672,0.0028903489001095,0.8446236848831177
P84751_O70469,0.0021897,0.014234,0.016061,0.07303716242313385,0.00272719678469,0.1532029211521148
P42208_P28741,0.0032513,0.013624,0.01697,0.29251745343208313,0.0009371422347612,0.0103388810530304
Q8BUV3_Q9D1J1,0.0021838,0.012961,0.015906,0.11186449974775314,0.001105845789425,0.0106049198657274
O70174_P42225,0.0022288,0.012958,0.01615,0.004870996344834566,0.0003456546401139,0.8699927926063538
Q9R194_Q9QXV1,0.0022101,0.012979,0.016165,0.14574392139911652,0.022259347140789,0.0011875586351379
P03921_P02088,0.0022461,0.013003,0.016051,0.012744504027068615,0.0002727206156123,0.0046604797244071
Q793I8_Q62179,0.0022529,0.012941,0.016761,0.30340316891670227,0.0002615259727463,0.0001705122704152
Q8R1R4_P70696,0.0022171,0.01295,0.01599,0.06771433353424072,0.0003329373721498,0.0001845998194767
P46460_Q91YN9,0.0022032,0.012973,0.015908,0.014393629506230354,0.0014242390170693,0.001566311577335
P43404_Q9Z1N2,0.035585,0.013018,0.016661,0.014326325617730618,0.0010756989941,0.0004255432868376
Q9CQY1_P14131,0.0021811,0.01293,0.015895,0.2991389334201813,0.0003850199864245,0.0002562293957453
O54714_Q6P3B9,0.0029275,0.013049,0.01635,0.1291733682155609,0.0354756824672222,0.0380474291741848
O55234_Q2TBA3,0.0022,0.012974,0.015913,0.3749048709869385,0.0002398466604063,0.0002841592649929
Q9CZX0_P18524,0.0022417,0.01299,0.016004,0.0091427406296134,0.0007390325772576,0.0047791670076549
D3Z338_Q9D8E6,0.0021887,0.012942,0.015887,0.14945541322231293,0.0002800963702611,0.0468039140105247
P49817_Q91V27,0.002187,0.012925,0.01589,0.0030840951949357986,0.0009356585214845,0.0019075495656579
Q9CQT6_Q80Y75,0.0021927,0.013014,0.015902,0.38617396354675293,0.0007513511227443,0.001261324621737
P05627_P10749,0.0021981,0.012942,0.015948,0.04268813133239746,0.000673315662425,0.000664738647174
O55222_Q9WU39,0.0021915,0.012986,0.016007,0.04072798043489456,0.0003960706526413,0.1495427191257476
Q9R0P5_Q8BVZ5,0.0021847,0.012945,0.015938,0.01663416251540184,0.0005945244338363,0.0002669958921615
Q9JIK5_Q9CQ75,0.0022051,0.012994,0.015893,0.17980355024337769,0.0028245903085917,0.0011061334516853
Q62312_Q64729,0.76135,0.51837,0.39088,0.153739333152771,0.0075703924521803,0.0379558578133583
Q9CQP2_Q08024,0.0021881,0.013287,0.015983,0.4965188801288605,0.0011376510374248,0.0003552194393705
P70343_O70374,0.0021835,0.012977,0.015935,0.004843329079449177,0.00380265340209,0.003418039297685
P46096_Q62108,0.0021937,0.013334,0.016179,0.08926533907651901,0.0010298936394974,0.0018270860891789
P70340_Q62073,0.065435,0.012984,0.016385,0.045977283269166946,0.0017144219018518,0.001015079440549
P48346_Q61179,0.0021888,0.012924,0.016193,0.10829722881317139,0.0004235848318785,0.0002567323972471
Q7TPM5_Q8BHN3,0.0021874,0.012933,0.015961,0.01361778099089861,0.0005306329694576,0.0706267803907394
O54901_O88939,0.0021814,0.013018,0.015911,0.04757772758603096,0.000495065934956,0.0135307293385267
Q5R1F5_P26049,0.0031302,0.36073,0.060039,0.058730028569698334,0.0110984221100807,0.0008800848736427
P63328_Q62108,0.0035042,0.013013,0.10424,0.02010347694158554,0.997389018535614,0.0002900051185861
Q8R4I1_P01864,0.0021872,0.013088,0.015964,0.035764578729867935,0.00059160660021,0.9529022574424744
P14753_Q99J83,0.0022029,0.012944,0.015902,0.03290216624736786,0.0009137766319327,0.0861922353506088
P48437_P31311,0.57168,0.013037,0.016242,0.0020875202026218176,0.7271759510040283,0.0376011542975902
Q9D9D9_Q9WV32,0.0022628,0.013193,0.015909,0.2929731607437134,0.0018207732355222,0.0002070129849016
Q9WVL2_Q9DC71,0.0022579,0.013185,0.051431,0.005845120642334223,0.0003613875596784,0.0176107324659824
P09631_P16092,0.0039187,0.01319,0.032304,0.002169450046494603,0.0005527936737053,0.0023068650625646
P04213_Q9Z1X4,0.002192,0.012985,0.015939,0.012960025109350681,0.0013062354410067,0.0011987637262791
Q9D1J1_P15535,0.0021788,0.013001,0.015982,0.05492498725652695,0.0033139581792056,0.0007596217328682
P61372_Q6QLQ4,0.0021906,0.013234,0.015944,0.17007490992546082,0.0004758770228363,0.0025162582751363
P15379_P08551,0.0033368,0.013199,0.015887,0.17573006451129913,0.0037934014108031,0.0478636175394058
Q8C456_Q80WG5,0.0021928,0.013081,0.016291,0.04288974404335022,0.0003330754698254,0.0003735154459718
P41133_P22315,0.0021962,0.013208,0.016885,0.009597746655344963,0.0002816801716107,0.0004492445732466
Q00422_Q00609,0.0021856,0.012973,0.015896,0.10229802876710892,0.0005484802532009,0.0591633394360542
P59999_Q08351,0.0026522,0.012947,0.016064,0.007348674349486828,0.0003513630945235,0.00015661829093
P97457_P97814,0.0022073,0.013158,0.015925,0.025959383696317673,0.0030506441835314,0.0066484743729233
Q99LX0_Q9D7X3,0.0022094,0.012991,0.016028,0.0067754280753433704,0.0002214537380496,0.00057093356736
Q8C5G2_P70460,0.002201,0.012941,0.015927,0.1624659299850464,0.0005348027334548,0.5959268808364868
O35526_O88951,0.0022094,0.012978,0.015988,0.03386370837688446,0.0132783902809023,0.7406405806541443
P04213_P58801,0.0022282,0.013184,0.016057,0.041150640696287155,0.0076543954201042,0.0003782744170166
O35129_Q8CII9,0.0023942,0.016859,0.017465,0.10117089003324509,0.0002383371029281,0.0151508376002311
D2D553_Q61079,0.0022106,0.012968,0.015929,0.0232570581138134,0.0003265552804805,0.0165526028722524
Q6P6J0_Q9DAJ2,0.0022265,0.012965,0.015893,0.12127293646335602,0.0003411351353861,0.0052853329107165
Q8C456_P41136,0.0023602,0.013169,0.016027,0.3660884499549866,0.0034047816880047,0.0004036000464111
P04224_Q9D4G2,0.0022047,0.01357,0.015879,0.03439955413341522,0.0006585856899619,0.0142204063013196
P49722_Q9DCL4,0.0022094,0.012969,0.015931,0.011054041795432568,0.0002849047305062,0.0205640271306037
Q60809_P01900,0.0021736,0.013021,0.015937,0.2116803526878357,0.0004452461726032,0.937807559967041
Q9WU78_Q3UI43,0.0021823,0.013254,0.015933,0.01963796280324459,0.0036417297087609,0.0947699099779129
P18531_Q9CR88,0.0022566,0.095484,0.016616,0.10835554450750351,0.0006070188828743,0.0005934691289439
Q6PF93_Q08369,0.0021906,0.013187,0.015936,0.20561879873275757,0.012257388792932,0.0003616332833189
Q8CFI0_P01739,0.0021932,0.025416,0.016017,0.08603839576244354,0.0015901604201644,0.0048364554531872
Q059U7_O35618,0.0024256,0.012989,0.016457,0.09517356753349304,0.0007335336995311,0.0173226874321699
Q8BJ56_P01139,0.0022244,0.012993,0.016069,0.10044659674167633,0.000613039417658,0.0055769206956028
Q3ULA2_Q9WTX5,0.0039271,0.012979,0.016935,0.017137011513113976,0.0011821808293461,0.0012504005571827
P09023_Q9QZE7,0.0022166,0.012961,0.015929,0.016825711354613304,0.0004225886368658,0.0058218631893396
Q8VCQ3_Q61179,0.0028287,0.012945,0.016275,0.031122054904699326,0.0086559168994426,0.0013178737135604
O88634_Q9Z2W8,0.002296,0.013624,0.027852,0.14499950408935547,0.0014238248113542,0.0196677017956972
Q61234_P04925,0.0021871,0.013589,0.018496,0.140298992395401,0.0002902881242334,0.0045291925780475
O70274_P23611,0.0021767,0.012947,0.016111,0.11079318821430206,0.0077651017345488,0.000517878041137
P09055_P39054,0.0022002,0.013,0.015911,0.44119322299957275,0.0003951671824324,0.0074338596314191
Q9DC40_P09022,0.002703,0.013428,0.01612,0.03599349036812782,0.0011166431941092,0.0049435035325586
P15307_Q6PAT0,0.0021811,0.013005,0.015959,0.06971047818660736,0.9924715757369996,0.0002468230668455
O35963_P62309,0.0026051,0.013505,0.015878,0.6330112814903259,0.0002297996834386,0.0008093671058304
P14131_Q9WV86,0.0022109,0.012958,0.015974,0.044002171605825424,0.0006535573047585,0.0006872243830002
P68369_P62852,0.0021863,0.013021,0.016246,0.011273346841335297,0.0034712974447757,0.0025418049190193
P04351_P46460,0.0021996,0.013036,0.0159,0.11100215464830399,0.0002613803953863,0.0014759014593437
Q91WG4_P53762,0.0032039,0.013317,0.016423,0.0035271705128252506,0.0014359533088281,0.0043807844631373
Q31099_Q9CQJ8,0.0021873,0.013186,0.015984,0.29683780670166016,0.0003368980251252,0.0049277334474027
P84751_O54709,0.0022322,0.019433,0.028434,0.21685735881328583,0.0088569354265928,0.0003026492195203
P28078_P62192,0.0021896,0.013028,0.015882,0.20762605965137482,0.0004168231680523,0.0002868305600713
Q9QZE7_Q9Z248,0.0021884,0.01294,0.015914,0.1237856075167656,0.0013601375976577,0.0003220263752155
Q64373_Q7TSN7,0.002241,0.012957,0.016151,0.2054784744977951,0.0020347472745925,0.0003196631441824
Q02248_Q9JJN6,0.0022568,0.013127,0.0159,0.07978115230798721,0.9980595707893372,0.0002969933266285
Q9D4K5_P06343,0.0021952,0.013012,0.016177,0.012811754830181599,0.0007915500318631,0.034689400345087
Q6SP97_Q811G0,0.0022115,0.013229,0.019364,0.03132247179746628,0.000467633944936,0.0012056780979037
Q6P8X9_Q9R190,0.0022151,0.012926,0.015951,0.0589614063501358,0.0119646601378917,0.0014157209079712
Q8K214_Q8BJQ4,0.0022614,0.012936,0.016216,0.002858808496966958,0.0019556661136448,0.0003391302307136
P18525_O35625,0.002209,0.012993,0.015936,0.3369714617729187,0.0065279738046228,0.0006396064418368
O70589_O88653,0.0021916,0.013045,0.015898,0.4289190471172333,0.0090474160388112,0.1312975138425827
P01749_Q62232,0.0022088,0.013859,0.016052,0.04777168110013008,0.0008549844496883,0.0146507015451788
Q9EPC1_P51450,0.0022119,0.013121,0.22145,0.022293152287602425,0.0017595189856365,0.1038475260138511
Q99MJ6_Q60953,0.0022147,0.012975,0.016403,0.06475091725587845,0.0178598519414663,0.0077193262986838
Q80U70_Q921E6,0.0024997,0.015896,0.11643,0.4380027651786804,0.0387651659548282,0.0035375060979276
Q80WG5_P86048,0.0022016,0.012919,0.0159,0.0034476895816624165,0.0002300530904904,0.2132197469472885
P29352_Q62232,0.0022424,0.01305,0.016284,0.00276732980273664,0.003851861692965,0.0003704905684571
Q059U7_Q61079,0.28029,0.013115,0.024049,0.0035586415324360132,0.0010668539907783,0.0002771327563095
P08113_Q9DAU1,0.0022008,0.014278,0.018635,0.05639435350894928,0.0047237551771104,0.0225289352238178
Q6R5N8_Q6PFD5,0.0021701,0.013381,0.01642,0.028342654928565025,0.003271406982094,0.0005318798939697
P63044_Q8VI33,0.0022247,0.01305,0.015872,0.1592731922864914,0.0002255844738101,0.0773461684584617
Q148A4_P46737,0.0021998,0.012959,0.015924,0.2380923628807068,0.0003910155792254,0.007684570737183
Q60795_P70343,0.0021951,0.012996,0.016005,0.25837889313697815,0.0136866262182593,0.319835364818573
Q9R0Q1_Q63810,0.0021855,0.013165,0.015935,0.014933126978576183,0.0297887790948152,0.0553074888885021
P31311_P01942,0.0022246,0.013053,0.016004,0.032784637063741684,0.0008525581215508,0.2987615764141083
Q9JMA2_P35802,0.0022843,0.01298,0.015961,0.06806711107492447,0.0002873640332836,0.9631834030151368
P70280_Q9CY16,0.0022773,0.01445,0.016034,0.03796565160155296,0.0002404958650004,0.1228162199258804
P09631_P16054,0.0023568,0.013227,0.042748,0.0161933284252882,0.0017667195061221,0.0489713139832019
Q8R4I1_P58252,0.0021741,0.012943,0.015969,0.325661301612854,0.0006657248595729,0.0113550266250967
Q9DCJ7_O55222,0.0022091,0.013513,0.016516,0.23590409755706787,0.0002526781754568,0.0132665764540433
P30999_Q9Z1X4,0.88067,0.013387,0.029588,0.022459689527750015,0.0011455885833129,0.0002264466747874
Q9WUU8_Q61768,0.80043,0.7732,0.016116,0.5167416334152222,0.0258943792432546,0.0002084261213894
P15806_Q02067,0.18521,0.013253,0.017769,0.007314471062272787,0.0966808274388313,0.0012251454172655
Q61411_O88448,0.0026085,0.016733,0.016451,0.23448921740055084,0.0004671966598834,0.0002813269384205
Q9D4Q1_Q9CR57,0.0024359,0.013082,0.38795,0.20968018472194672,0.0005577309639193,0.0011147588957101
Q61730_P26049,0.0028024,0.20442,0.089258,0.08614283055067062,0.0422371514141559,0.0002122507285093
Q8VI24_Q9R190,0.11107,0.01294,0.016005,0.048414282500743866,0.0003717586223501,0.0036928984336555
P10889_P98084,0.0021915,0.012989,0.016182,0.10659824311733246,0.0004921950167044,0.1978300213813781
P70217_P28574,0.0047709,0.013009,0.01602,0.009038617834448814,0.0032619240228086,0.0003357355890329
P34902_Q8C1B7,0.0022715,0.013217,0.015929,0.017528630793094635,0.0004062962834723,0.0106614446267485
Q01887_Q9Z2D6,0.002195,0.013044,0.016647,0.023933077231049538,0.0005454460624605,0.0015250898431986
Q99LI8_O35730,0.0022079,0.013317,0.017796,0.016762202605605125,0.0065748929046094,0.0194810535758733
Q8CDU5_Q01114,0.0022558,0.012966,0.016116,0.04819297417998314,0.0021479954011738,0.047649297863245
Q60953_Q8VIG3,0.0021831,0.012984,0.015967,0.27920135855674744,0.0018311903113499,0.0069522936828434
Q9QUM4_Q8BG40,0.0022377,0.013138,0.016019,0.05485788360238075,0.0008384346147067,0.0719018802046775
P0CG50_Q91XU0,0.0023155,0.013047,0.74824,0.13280850648880005,0.0017366878455504,0.0011868807487189
P97461_Q62424,0.0021865,0.012937,0.015896,0.19813272356987,0.0005882268305867,0.0015736453933641
P52800_Q8VI36,0.0023603,0.012992,0.015964,0.0386357456445694,0.0026029387954622,0.1281960755586624
P01592_Q9R1V6,0.0025028,0.019531,0.02317,0.03137044981122017,0.0012035983381792,0.0379952788352966
Q99J83_Q99LI8,0.0021744,0.012949,0.015889,0.20304761826992035,0.0025711127091199,0.006516748573631
P70460_O55142,0.0021762,0.012936,0.015947,0.1281336098909378,0.0002269288816023,0.7588778138160706
P54728_P23812,0.0022451,0.013353,0.015905,0.07852448523044586,0.0017917413497343,0.0007113767787814
P62983_Q9Z1X4,0.0025464,0.012999,0.016015,0.1542782336473465,0.0006129999528639,0.0124500039964914
P01648_Q9JM13,0.0021816,0.012955,0.015927,0.00452537601813674,0.0033281093928962,0.0006023070309311
P61967_Q61768,0.0022791,0.013228,0.017113,0.0627313107252121,0.0008626813651062,0.0076773236505687
Q62225_Q9WU78,0.0021783,0.012965,0.015913,0.5360408425331116,0.0005005636485293,0.0061619156040251
Q811G0_O08665,0.0025141,0.013415,0.02106,0.40483254194259644,0.0004516431072261,0.0985029563307762
O54864_P60904,0.0022022,0.01298,0.016009,0.0032065545674413443,0.0019843217451125,0.0049346568994224
P47713_Q2NL51,0.0021987,0.012976,0.016159,0.1873987913131714,0.0015556345460936,0.0059231100603938
A0A0G2JF94_Q60760,0.0022063,0.012994,0.016198,0.09591106325387955,0.0040544304065406,0.0125232022255659
P35922_Q61584,0.037819,0.013035,0.01723,0.040555719286203384,0.0310358069837093,0.0142158484086394
Q5BN45_Q9JM73,0.0022155,0.012943,0.01593,0.006516733672469854,0.0023462388198822,0.0005156474071554
Q99PT1_Q9DAG4,0.0021931,0.012939,0.01599,0.017345665022730827,0.0011857795761898,0.0145074855536222
O54790_O35963,0.0050379,0.045297,0.015978,0.1357918530702591,0.0004817137960344,0.1625253558158874
P70288_Q9R190,0.0021956,0.01296,0.017448,0.0466415174305439,0.0007644034340046,0.040706280618906
Q9WUT3_O88384,0.0021957,0.012974,0.016174,0.20723789930343628,0.0056817810982465,0.0005204852786846
Q99M51_P62806,0.0022172,0.013635,0.01634,0.011189141310751438,0.0003123316273558,0.000407835264923
P60867_Q6QLQ4,0.0021856,0.012945,0.015898,0.009869654662907124,0.0002124469174304,0.0192861519753932
P05480_Q61140,0.0042704,0.01317,0.019438,0.014299438335001469,0.9966632723808287,0.0006357441889122
A2A825_P61809,0.0021912,0.012994,0.01593,0.15121912956237793,0.0010876397136598,0.0227155108004808
P03966_Q61102,0.0022209,0.013053,0.015956,0.12701156735420227,0.0003253210452385,0.0310460906475782
O88621_P01864,0.0022015,0.013871,0.016257,0.4923902750015259,0.0015125140780583,0.0099809123203158
Q99L88_O88939,0.0021894,0.01298,0.016488,0.06201043725013733,0.0105226002633571,0.0077875070273876
P62878_Q3UYV9,0.0021746,0.013134,0.01594,0.012097763828933239,0.0002709639084059,0.0161103773862123
P26049_P27512,0.0035542,0.046403,0.10462,0.08348459750413895,0.0050033433362841,0.003059106413275
P62305_Q8CIB5,0.0022455,0.013018,0.015901,0.027060138061642647,0.0002404130937065,0.0007375483983196
Q9EPK5_P09450,0.16355,0.013023,0.016085,0.1074765995144844,0.0143494205549359,0.0036665834486484
Q99P58_O35613,0.0022934,0.013122,0.016031,0.0020335265435278416,0.0004014638252556,0.4433248043060303
P47754_Q3TWN3,0.00218,0.012945,0.015943,0.047125838696956635,0.0004261816502548,0.0004014626611024
Q9D131_Q7TS98,0.0022753,0.013231,0.016408,0.008183698169887066,0.0020421426743268,0.002105800434947
Q8CBW3_P97864,0.0021944,0.013024,0.015946,0.003973658662289381,0.0047391839325428,0.7812128663063049
Q7TS98_Q811G0,0.0022256,0.0151,0.01617,0.38633397221565247,0.0007440303452312,0.0002631040988489
A0A0G2JF94_P15702,0.002224,0.18414,0.18158,0.18120035529136658,0.1203228384256362,0.00132205884438
Q99MH5_Q60629,0.0021914,0.012965,0.015902,0.009676991030573845,0.0002900048566516,0.000757351052016
Q65ZI1_Q8BHJ5,0.002299,0.014127,0.016035,0.04026732221245766,0.0006877456326037,0.0067045427858829
P29752_P62983,0.0022195,0.013226,0.015883,0.1093382015824318,0.0002894380595535,0.2961453199386596
P12815_Q9WVS7,0.0023351,0.013175,0.016486,0.01897554285824299,0.006036119069904,0.0002682937483768
Q91WD5_Q14C51,0.002195,0.013486,0.56823,0.006413367111235857,0.0004576951032504,0.0919380486011505
Q99JB6_Q00609,0.0022339,0.013083,0.015957,0.06594875454902649,0.0007052183500491,0.0034439612645655
Q9CQT6_Q921D4,0.0021968,0.01293,0.016016,0.06439086049795151,0.020475985482335,0.1047608405351638
Q9CWE6_P41778,0.0022091,0.012942,0.015906,0.12481341511011124,0.0013736378168687,0.0005311219720169
P62983_Q8VCD5,0.0022085,0.012962,0.016019,0.021948285400867462,0.0003951799881178,0.00270268577151
P97457_Q9Z0H7,0.0022063,0.013152,0.015913,0.01198828499764204,0.0026620391290634,0.0006950204842723
P14685_O88448,0.0030807,0.02231,0.16912,0.003969778306782246,0.0189113020896911,0.0065623461268842
Q9Z2U0_Q6PHZ2,0.0021854,0.012994,0.015971,0.2453274130821228,0.000210809870623,0.078454852104187
P54818_Q9D9U9,0.0021677,0.012926,0.015873,0.1826726347208023,0.0004449920379556,0.0001874088920885
P00756_P35922,0.0022278,0.013383,0.015942,0.1920011043548584,0.0003669970901682,0.0480701401829719
Q9JMA2_Q8C031,0.0022263,0.013019,0.01594,0.008641060441732407,0.0003102124901488,0.0123581793159246
I6L958_P01139,0.0023421,0.046433,0.099645,0.016338709741830826,0.1584668159484863,0.0307631064206361
P47941_P62908,0.0021967,0.012973,0.015923,0.09571925550699234,0.0003154251899104,0.3538400530815124
P97784_Q9WTL8,0.002191,0.01299,0.016003,0.006560593377798796,0.0008240705938078,0.0005382003146223
O54972_V9GXK1,0.0023521,0.012993,0.016739,0.01730847917497158,0.0061674951575696,0.0001745651388773
Q61686_P0DP43,0.0022241,0.012943,0.015928,0.2514702081680298,0.0009117450099438,0.0980033352971077
P70196_Q9QYK7,0.0054668,0.013069,0.49108,0.02975781448185444,0.0004815321881324,0.5272380709648132
P41136_P01749,0.002207,0.028845,0.016001,0.0758509561419487,0.0004495131142903,0.325962096452713
P01901_Q9CWH4,0.0022107,0.012973,0.017172,0.37572744488716125,0.0008056408842094,0.000168559825397
Q9CQ54_P13297,0.0022328,0.012955,0.015919,0.10643497854471207,0.0006938301376067,0.012994484975934
Q8C1Z7_P59178,0.0021894,0.01341,0.017349,0.016542576253414154,0.0300183873623609,0.0058605801314115
Q9DCJ5_Q91V08,0.0022881,0.013125,0.017232,0.06770552694797516,0.0002932114875875,0.0619594380259513
O09106_Q08509,0.0022091,0.012992,0.016038,0.043933216482400894,0.0003063896729145,0.0031317037064582
Q9CQV5_O88643,0.0021878,0.013007,0.015945,0.02597900666296482,0.0008437414653599,0.002570106415078
P63044_Q9CXW4,0.0022335,0.012996,0.015907,0.13539864122867584,0.0002135012182407,0.0004608806339092
P30051_P70343,0.0021829,0.012972,0.01595,0.13604596257209778,0.0008653932018205,0.0258224979043006
Q91YN9_Q9QYY0,0.0021991,0.01298,0.01591,0.3968941271305084,0.0015597511082887,0.0023001057561486
Q8CDJ3_Q14C51,0.0022057,0.013254,0.016064,0.03945229575037956,0.0009087329381145,0.0006565943476743
I6L991_Q9QZS3,0.00219,0.013516,0.015934,0.00856633298099041,0.0005394868203438,0.0110854348167777
Q9D6K5_P07901,0.0021868,0.012946,0.015986,0.24598447978496552,0.0003006237966474,0.0004030736745335
P10749_Q60760,0.0021885,0.012946,0.016599,0.1355893462896347,0.0014867392601445,0.0004241970018483
P97471_P09023,0.026224,0.013148,0.016032,0.5695531368255615,0.0129370847716927,0.4354533553123474
Q00609_P10148,0.0022643,0.45519,0.38123,0.1475697010755539,0.9652041792869568,0.0867516174912452
P97459_Q18PE0,0.0028364,0.013325,0.019586,0.27999037504196167,0.0020840344950556,0.0021372092887759
G5E8A8_P02089,0.0021762,0.012938,0.015872,0.015217120759189129,0.0009064197656698,0.0146026080474257
Q8CCI5_P62984,0.0022414,0.013011,0.68102,0.03704463317990303,0.0008445707499049,0.22324900329113
Q80UL9_P0DP43,0.0025139,0.017851,0.083487,0.3257463276386261,0.1305388510227203,0.000865880283527
P42228_Q8BJ56,0.0021931,0.012959,0.016219,0.31221431493759155,0.0005865898565389,0.5751258134841919
Q07440_P23812,0.0022024,0.012951,0.015882,0.04442504048347473,0.0020363125950098,0.0248841866850852
P17679_Q91WQ5,0.0023398,0.013229,0.016504,0.10117916762828827,0.0053525059483945,0.0009591705165803
P35922_Q91V08,0.0021987,0.012992,0.015899,0.16512992978096008,0.0002887982700485,0.000863476190716
P14206_Q08024,0.0021721,0.012956,0.01596,0.010344693437218666,0.0012395408703014,0.1267332881689071
P10085_P54763,0.0022176,0.013038,0.017923,0.024782918393611908,0.0005653344560414,0.1413618177175521
Q9CZB6_P28574,0.011024,0.014197,0.015909,0.007301281206309795,0.0002901738334912,0.3356621563434601
P62984_Q60803,0.018069,0.013173,0.37685,0.04019669443368912,0.0006167020765133,0.736078679561615
Q01887_Q8R0S2,0.0022797,0.013085,0.018275,0.002562036504969001,0.0012644930975511,0.1398929804563522
Q9ERS2_Q9EPU5,0.0022045,0.012941,0.015981,0.05728210136294365,0.000376959942514,0.0003081735048908
P16297_P25322,0.0021981,0.012993,0.016125,0.06629305332899094,0.0007543585379607,0.0006727088475599
Q9CY16_P84099,0.0022059,0.013329,0.015965,0.011650693602859974,0.0026770362164825,0.0007923764060251
P41969_G5E8A8,0.0023146,0.013058,0.016215,0.24199657142162323,0.0265807192772626,0.0497898682951927
Q9DB40_Q80VP1,0.0021828,0.012953,0.015911,0.05002738907933235,0.0004333548131398,0.0003210402501281
Q8BKX1_Q91V08,0.0021907,0.013022,0.015948,0.020690584555268288,0.0018177337478846,0.0477983243763446
Q60803_Q80UF7,0.0023769,0.013095,0.016056,0.007359060924500227,0.0005274266586638,0.0015169465914368
Q80X85_Q811U5,0.002228,0.013446,0.049593,0.004882140085101128,0.0003311595937702,0.0018855966627597
P18572_P84099,0.0021791,0.012994,0.015886,0.1847614347934723,0.0003285156562924,0.0040868390351533
P01810_P62270,0.002211,0.013275,0.015929,0.37927380204200745,0.0008575770189054,0.9303931593894958
P34902_P22723,0.0030101,0.030667,0.21596,0.04002831503748894,0.0935222804546356,0.0008639271254651
Q8BYM7_Q9DCS9,0.002193,0.012927,0.01591,0.08491313457489014,0.0015288302674889,0.3252888321876526
P18524_Q91WC1,0.0022204,0.013004,0.015993,0.1974959820508957,0.0079230293631553,0.0114624574780464
O35625_Q9ERA0,0.0022713,0.012928,0.016099,0.10006240755319595,0.0025485756341367,0.0011212640674784
P43404_Q62424,0.0026119,0.013046,0.024171,0.41320449113845825,0.0109815448522567,0.0496869422495365
Q62424_Q9CVD2,0.0022963,0.012987,0.015903,0.2377261370420456,0.0019967479165643,0.0002851572062354
P62881_Q8R1I1,0.0021997,0.012988,0.015893,0.050363779067993164,0.0007517654448747,0.0002858120715245
Q80XZ4_P40226,0.0024126,0.013426,0.045561,0.23862147331237793,0.9893256425857544,0.3564416170120239
O55126_P34902,0.0022718,0.43251,0.11001,0.012372511439025402,0.0006844628951512,0.0002723207289818
Q7TS55_Q80UF7,0.0022157,0.01297,0.016231,0.20863766968250275,0.0002614955301396,0.0110817663371562
P68373_Q3U1F9,0.002183,0.013202,0.015915,0.027524003759026527,0.0002711042179726,0.0024748928844928
Q61881_Q61771,0.0022176,0.013465,0.017474,0.024103481322526932,0.000944951258134,0.0593899711966514
Q99JX3_P10889,0.0021963,0.013082,0.015945,0.3305549621582031,0.0010634661884978,0.0030329306609928
Q9CQP8_P01665,0.0021929,0.012963,0.015895,0.26265543699264526,0.0074576041661202,0.0003122190828435
P97377_Q8R2K4,0.0022193,0.013059,0.020502,0.01670902781188488,0.0002697539457585,0.0186721887439489
O35680_Q91V61,0.0025722,0.013119,0.017449,0.6446902751922607,0.0012674971949309,0.001285754260607
O09061_Q61084,0.0021979,0.012959,0.01593,0.4810388684272766,0.0002666306099854,0.0123619800433516
Q8VEA4_O54918,0.0021875,0.012957,0.016207,0.2571614980697632,0.000896860321518,0.0014797828625887
Q9Z2Q6_P08152,0.0022718,0.013052,0.017859,0.041110169142484665,0.0008337183971889,0.0003959519381169
P70338_Q9WVS6,0.0022691,0.01311,0.079529,0.0017871035961434245,0.004723179154098,0.0171145312488079
Q8K4B2_P97371,0.0022292,0.012953,0.016465,0.024762270972132683,0.0030002282001078,0.0072908685542643
P62274_Q9Z1X4,0.002265,0.012967,0.015885,0.015767725184559822,0.0065164705738425,0.0023032156750559
Q9JM76_P59178,0.0021899,0.012954,0.016061,0.07127437740564346,0.0121189877390861,0.0004502818919718
Q9DBL9_P27870,0.0021959,0.012975,0.016001,0.039661064743995667,0.0010361983440816,0.005274074152112
Q61337_Q8VCW4,0.0021923,0.013181,0.016336,0.22831027209758759,0.0008413422037847,0.002501978771761
A6H6Q4_P03899,0.0028622,0.012953,0.015883,0.03798792511224747,0.0004113021423108,0.0454718507826328
P47757_Q99N57,0.0021768,0.012949,0.015921,0.004547741264104843,0.000398320145905,0.0031906641088426
Q8BX09_Q91X20,0.0022701,0.013045,0.018738,0.008811654523015022,0.0721794441342353,0.0329499430954456
Q14C51_Q9CQY9,0.0022414,0.015855,0.88321,0.4435318410396576,0.001171062584035,0.0003353293577674
Q9R1S0_P63248,0.002216,0.012961,0.015905,0.004689034074544907,0.000708072388079,0.1129235699772834
P35235_O55234,0.0021909,0.012978,0.015947,0.3660837709903717,0.0002414557675365,0.0009272842435166
P97333_Q9D8E6,0.0021996,0.01299,0.015905,0.19751177728176117,0.0003070716338697,0.2602808475494385
O88351_Q60778,0.0025311,0.013648,0.11794,0.0860067754983902,0.0135500589385628,0.0009380329283885
P63330_P23798,0.0021833,0.0131,0.0175,0.07754480093717575,0.0004887943505309,0.0025898495223373
Q8BHJ5_Q8CGP4,0.0023127,0.012982,0.063879,0.07614874094724655,0.0011008490109816,0.0114403152838349
Q9D8T2_Q8JZM0,0.0022081,0.012961,0.01591,0.045799095183610916,0.0003900431329384,0.0172006897628307
Q6DID7_O88746,0.0021994,0.012984,0.015893,0.041608184576034546,0.0002451391483191,0.0002183200995204
P14719_Q9D8L4,0.049363,0.29648,0.098642,0.2593161463737488,0.0189874544739723,0.0084078991785645
Q8C031_O08686,0.0022617,0.013032,0.016229,0.11408565938472748,0.0005898308008909,0.0003882269083987
P01635_Q9D9D8,0.0022089,0.014845,0.016213,0.011451499536633492,0.0010657162638381,0.0240271911025047
Q9WV32_Q9ERE9,0.0022084,0.013432,0.023375,0.02818930521607399,0.0151437371969223,0.0006150507833808
P03903_Q8R464,0.0027342,0.014518,0.015877,0.4622700810432434,0.0003472744429018,0.9706947207450868
Q8BG40_P40338,0.0022026,0.013633,0.016229,0.032704051584005356,0.013667669147253,0.0496274195611476
P04370_Q9WVS7,0.0022962,0.012986,0.016441,0.04454194754362106,0.0140596618875861,0.000568815448787
Q9CQE3_P84091,0.0022008,0.013009,0.015925,0.12922325730323792,0.0002915968070738,0.0002984141756314
Q9WVE0_Q8R0W6,0.002263,0.012945,0.015939,0.02401217259466648,0.0009921091841533,0.0072787613607943
P14429_P97318,0.0021746,0.013031,0.015898,0.151608407497406,0.0004124328843317,0.0013878000900149
Q793I8_O08675,0.0022368,0.013012,0.016393,0.12212754786014557,0.0003009148640558,0.0009522194159217
Q91XL9_O35613,0.0042288,0.013107,0.019406,0.018696095794439316,0.000812038895674,0.00211300002411
P42228_P15535,0.0021747,0.012932,0.01606,0.06484415382146835,0.0012174764415249,0.0010573716135695
P04351_Q91YT0,0.0022629,0.015142,0.020274,0.061802372336387634,0.0002070491173071,0.0123126152902841
P02088_Q9JI44,0.0021758,0.012917,0.015871,0.0032081357203423977,0.0004154915804974,0.0072239730507135
P11440_P51943,0.0022158,0.013018,0.02172,0.048944007605314255,0.0331285782158374,0.0004847605887334
Q64028_Q9CQJ4,0.0021946,0.013457,0.016266,0.3865721523761749,0.0021458177361637,0.0154013391584157
P20263_Q80Z64,0.0065962,0.013031,0.016581,0.1147688776254654,0.9986685514450072,0.0005136330146342
O35235_P97371,0.0021869,0.012956,0.016045,0.1424551159143448,0.0003177489270456,0.0010079756611958
Q9CSN1_Q99K74,0.0021812,0.013024,0.016161,0.30018681287765503,0.0033725164830684,0.0305581036955118
P40226_Q64329,0.0022087,0.01332,0.026073,0.2940804064273834,0.0006050633382983,0.0001564374106237
Q62424_Q9CQV8,0.0021991,0.013668,0.016069,0.008281460963189602,0.0071161198429763,0.002523832488805
Q9CQJ4_P97287,0.0021982,0.013077,0.015903,0.0010153159964829683,0.0002861534303519,0.005921478383243
Q9DBR4_Q62227,0.0021889,0.012998,0.016863,0.15131473541259766,0.0034050419926643,0.1562186926603317
Q8R0S2_P99026,0.0021712,0.012971,0.015921,0.02102767303586006,0.0003169374831486,0.001913218293339
P07750_P23812,0.0021906,0.013014,0.015965,0.0059988005086779594,0.0007165173883549,0.0274519771337509
P10417_Q8BK72,0.0021965,0.013162,0.018586,0.5033292174339294,0.0012942393077537,0.0002213642437709
O08795_P97428,0.0021796,0.013027,0.016283,0.12229734659194946,0.0012226460967212,0.2555176913738251
O88634_Q8C5G2,0.0022508,0.01303,0.016014,0.3300860822200775,0.0005754371522925,0.0114483041688799
Q99PT1_P30658,0.0021984,0.012958,0.016081,0.26925164461135864,0.002572938799858,0.582002580165863
Q9WUU8_Q9CQ20,0.0033733,0.01306,0.015987,0.006335801910609007,0.0049021691083908,0.1686660051345825
P22723_P27870,0.002205,0.013009,0.016292,0.1813562661409378,0.0006147094536572,0.0011274241842329
Q9JM63_P60710,0.0021848,0.012984,0.015922,0.0085771968588233,0.0047871405258774,0.0703122913837432
Q9CQA6_P26350,0.0022244,0.012935,0.015893,0.016805505380034447,0.0007003966602496,0.0245473552495241
P58771_Q9JIF7,0.0023834,0.014084,0.016027,0.13976500928401947,0.0008722154307179,0.0062983306124806
Q924T2_Q8BX09,0.0021874,0.013064,0.01591,0.08898936212062836,0.0002752623113337,0.0023270316887646
P70288_Q6ZQ88,0.0021966,0.012975,0.016595,0.3364432454109192,0.0037816455587744,0.0009368993923999
P42227_Q62083,0.0024255,0.013082,0.016152,0.29164808988571167,0.020329650491476,0.0004726757470052
Q64329_P29452,0.0022247,0.012954,0.016129,0.06708915531635284,0.0021089280489832,0.0006342723499983
P05214_P02088,0.0021703,0.013708,0.016173,0.09091551601886749,0.0017025960842147,0.0004514601605478
P19785_Q63934,0.32326,0.013076,0.016192,0.22717879712581635,0.0255387742072343,0.0011612009257078
Q9CQT6_P49718,0.0022054,0.012957,0.015931,0.02779504843056202,0.0006971645052544,0.9728804230690002
Q8VCW4_P08113,0.0021791,0.013001,0.015948,0.009703187271952629,0.0016478623729199,0.0084815053269267
Q9D1P4_O55203,0.0022134,0.012923,0.015966,0.002828201511874795,0.0656265765428543,0.644720196723938
P16858_Q62227,0.0021776,0.01301,0.015949,0.1597353219985962,0.0002268388780066,0.0011089625768363
P47962_Q9CQP8,0.0021757,0.01292,0.015897,0.2137860655784607,0.0007929927669465,0.0007250668131746
P63044_P63141,0.0028524,0.013031,0.018588,0.0015739855589345098,0.0005753276636824,0.7165831923484802
Q9CQ91_P19221,0.0024554,0.013043,0.015934,0.028395310044288635,0.0004841565096285,0.000117762669106
Q91XU0_P35585,0.0022033,0.012944,0.015928,0.03259657323360443,0.0012596360174939,0.000317690137308
O35714_P58801,0.0022053,0.012992,0.0164,0.010958186350762844,0.0017596939578652,0.0123127149417996
Q9CWH4_P24604,0.0021707,0.01298,0.016168,0.005948243662714958,0.0016174591146409,0.0402633808553218
P97302_Q9DBR4,0.0067805,0.012982,0.021093,0.01028689369559288,0.0180370789021253,0.0164056736975908
O88653_Q99P58,0.0022239,0.02408,0.016055,0.15633563697338104,0.0002781518851406,0.0003365444135852
Q811D0_Q920N1,0.0023327,0.013028,0.016858,0.3439458906650543,0.0021108605433255,0.9561707973480223
Q9QWF0_Q2TBA3,0.040322,0.013006,0.017884,0.06981757283210754,0.0013072036672383,0.0020471992902457
P70372_Q61188,0.0021941,0.012946,0.016013,0.005865368992090225,0.9983248114585876,0.0003560533223208
Q99LM9_P14429,0.0021695,0.012966,0.015881,0.16188113391399384,0.0002348250854993,0.0002857333456631
Q5R1C2_P49718,0.0022162,0.015223,0.016257,0.07985802739858627,0.0004340982122812,0.0008567916229367
Q62158_O08609,0.013659,0.17169,0.016096,0.058920759707689285,0.0013657053932547,0.0291015729308128
Q61084_Q6IMH0,0.002176,0.012942,0.01593,0.030047906562685966,0.012913535349071,0.001151958014816
P0CG50_Q3TTA7,0.016518,0.013242,0.016486,0.14896120131015778,0.0042744521051645,0.0080243349075317
Q61216_P46460,0.0022113,0.012945,0.015968,0.3276703655719757,0.003670128295198,0.0582026354968547
Q9QXL8_P06537,0.002177,0.012948,0.015918,0.3935125470161438,0.0141790769994258,0.0057645896449685
P35979_V9GXK1,0.0022009,0.012942,0.015874,0.002093226881697774,0.0003618929767981,0.0003939492744393
P15535_Q9Z1N2,0.0021918,0.01302,0.016092,0.39651021361351013,0.0005522957071661,0.1272911131381988
O35716_Q04207,0.0021918,0.013102,0.016259,0.45330414175987244,0.0027891690842807,0.000184740696568
P61967_P42567,0.0022276,0.013019,0.015986,0.028125369921326637,0.0007545268163084,0.3966933786869049
Q8CFI0_P08113,0.0021921,0.012956,0.016107,0.50448077917099,0.0063482844270765,0.0005959154805168
P15864_P97377,0.0022039,0.012959,0.015999,0.5836644172668457,0.005712972022593,0.0005846794811077
Q04207_P97318,0.43294,0.013013,0.01744,0.0921570360660553,0.0246117934584617,0.000945390202105
Q61584_Q9EST8,0.016511,0.013072,0.017257,0.02382034994661808,0.0050216787494719,0.4135574698448181
Q60631_Q9QYY0,0.0022456,0.013006,0.018132,0.15134377777576447,0.0376541465520858,0.0011057205265387
Q6X6Z7_P46660,0.41215,0.66412,0.016166,0.020529722794890404,0.0020506039727479,0.4593822658061981
P68372_P02340,0.0021972,0.012986,0.015998,0.23966722190380096,0.01448446046561,0.0019608868751674
Q08775_Q61733,0.011593,0.013042,0.016068,0.06422050297260284,0.0016324860043823,0.1026977524161338
Q9WV31_Q148A4,0.0022207,0.013104,0.016183,0.20391805469989777,0.0014728724490851,0.0291446857154369
O88811_Q99LI8,0.888,0.014017,0.024121,0.01591438055038452,0.9981412887573242,0.0606916546821594
Q9JJR7_P68510,0.0022286,0.013936,0.041889,0.005732939578592777,0.0069760368205606,0.0005890005268156
Q6DIA7_Q8K3I6,0.0040045,0.013014,0.020696,0.11697196215391159,0.0028411152306944,0.004530360456556
P35235_Q60631,0.0023007,0.018083,0.071698,0.045583806931972504,0.944799780845642,0.0012264491524547
Q68EF6_Q7TSN7,0.01798,0.013672,0.016177,0.13226528465747833,0.0019829340744763,0.0007041066419333
Q3UDK1_P27870,0.0021889,0.012971,0.016254,0.20011155307292938,0.008432287722826,0.0028619882650673
Q9R190_Q6SP97,0.002203,0.012948,0.018913,0.22497421503067017,0.0009449494536966,0.0005547931650653
P25446_Q8BVZ5,0.0022145,0.032735,0.10045,0.08176197111606598,0.0005322536453604,0.3171129524707794
O08609_Q9JI44,0.0022923,0.013128,0.015922,0.0459720604121685,0.0004095835029147,0.0001958576322067
Q60778_P31311,0.002322,0.013406,0.017075,0.27908217906951904,0.9959990978240968,0.0006133164279162
Q9JIY5_P70460,0.0021756,0.013014,0.015913,0.0641208067536354,0.0003067939251195,0.000967665167991
Q61190_Q9D7X3,0.0021858,0.012972,0.016082,0.0329684242606163,0.0014909676974639,0.042311392724514
P09055_P63276,0.0022085,0.012938,0.015918,0.009093411266803741,0.0005489886389113,0.0015852149808779
Q14B62_Q61881,0.0022505,0.012967,0.017717,0.09418057650327682,0.0002594976976979,0.0002214066771557
Q9CZB6_Q9CZY3,0.0021764,0.012973,0.015923,0.006170386914163828,0.0003258484066464,0.1433091014623642
O08582_P01823,0.0022197,0.033976,0.015922,0.17619676887989044,0.0003180711064487,0.0091104125604033
O70174_P12787,0.0022094,0.10421,0.12116,0.1542009711265564,0.0004454928566701,0.0382319688796997
P29754_Q9WVK0,0.0023307,0.013043,0.01592,0.11486178636550903,0.0008496199734508,0.0002079637779388
P25799_P35951,0.0022045,0.013305,0.016024,0.012945595197379589,0.0014627240598201,0.0078056971542537
Q921D4_P68037,0.0021714,0.012956,0.015889,0.3649165630340576,0.001348832855001,0.0052823703736066
Q9CWF6_Q60793,0.0021852,0.012966,0.015998,0.12985850870609283,0.0023769936524331,0.5765113830566406
Q8VH51_P01646,0.0023264,0.013015,0.016036,0.09190292656421661,0.0008582531008869,0.0022357385605573
Q9QZE7_Q9D3X8,0.0022121,0.012935,0.015908,0.25196805596351624,0.0006952681578695,0.3708984553813934
Q9D7X3_Q91ZE9,0.0021859,0.012969,0.016318,0.1421312838792801,0.0028384928591549,0.0005621765158139
P26350_Q8R0L9,0.0021977,0.012924,0.016319,0.04526152089238167,0.9874890446662904,0.0014287927187979
Q80W99_Q6R3M4,0.0022026,0.012976,0.015989,0.0047210389748215675,0.0002347080007893,0.7701194882392883
P61080_Q9CQR7,0.0023826,0.013013,0.015875,0.03936014324426651,0.0002726958773564,0.0001741320738801
P01872_Q9D032,0.0021668,0.013003,0.015888,0.21226225793361664,0.0013205104041844,0.0010062654037028
Q5R1F5_Q60925,0.0021837,0.11781,0.016339,0.08929207175970078,0.0017803284572437,0.0064712199382483
Q61626_O55222,0.002211,0.013067,0.021073,0.100211963057518,0.0007752465899102,0.9564144611358644
P61967_Q04863,0.002201,0.012953,0.016084,0.07366367429494858,0.0047018071636557,0.3411891162395477
Q9QZE7_Q02242,0.0022127,0.012933,0.016044,0.012229127809405327,0.000238008738961,0.001168840448372
P06876_Q07763,0.073303,0.012989,0.016954,0.010088005103170872,0.0004416653537191,0.3665620386600494
Q9D4Q1_Q9EQS3,0.0022182,0.013129,0.015903,0.038470689207315445,0.0019149283180013,0.4920682311058044
P18572_O54790,0.0022436,0.022836,0.015896,0.012515539303421974,0.000766740180552,0.023624962195754
P02088_A0N262,0.0022344,0.032982,0.015981,0.022182635962963104,0.0076413168571889,0.0003937069268431
Q8JZM0_P63280,0.0021792,0.013389,0.015896,0.27572596073150635,0.0004491865402087,0.0919838845729827
Q9Z2D6_Q9ERS2,0.002182,0.012933,0.015901,0.002751485677435994,0.0006352596683427,0.0003832296933978
P48346_P02340,0.0022473,0.012935,0.016145,0.1552129089832306,0.0003171469725202,0.0001445232483092
Q9CWR8_P01849,0.0022096,0.012931,0.015924,0.06417717039585114,0.0003365659213159,0.042680736631155
Q811G0_Q61127,0.0091784,0.013116,0.016758,0.0034402806777507067,0.0037504204083234,0.0254630912095308
Q9CPX7_Q64237,0.0021996,0.012915,0.015875,0.1252075731754303,0.0002417338109808,0.0070681981742382
P0CG50_Q3UKC1,0.0023127,0.013099,0.015917,0.22808337211608887,0.0407809130847454,0.0046038017608225
P08505_Q6SP97,0.0021942,0.012925,0.015895,0.0066183204762637615,0.0004028564144391,0.0012903289170935
Q9D9D8_Q9CQA5,0.0022325,0.012962,0.015994,0.1575726568698883,0.0012292512692511,0.0102433310821652
Q99P87_P27038,0.0026981,0.042691,0.042469,0.2549881637096405,0.0013614192139357,0.151381105184555
Q60902_P29452,0.0021918,0.013047,0.015997,0.20593461394309998,0.0183864422142505,0.0002542763832025
O88448_Q9WUL5,0.0022017,0.02163,0.016,0.0012098420411348343,0.0005872437614016,0.0304513815790414
P70297_P98084,0.0022358,0.013018,0.017146,0.08718797564506531,0.0008705995860509,0.0001657646353123
Q9Z1X4_Q9CPX7,0.0021883,0.012935,0.015946,0.041222043335437775,0.0047108065336942,0.0002778711495921
P23804_P47962,0.0021765,0.01297,0.015925,0.3828801214694977,0.0005669259699061,0.0010075267637148
O88485_P58059,0.0022253,0.012925,0.015906,0.13778619468212128,0.0011581690050661,0.000366406457033
O88513_Q80ZK0,0.0022392,0.012949,0.015898,0.006067095324397087,0.0006850371137261,0.0395318455994129
P25118_Q91WC1,0.0021862,0.012943,0.016019,0.001041423180140555,0.0005570986540988,0.0044049452990293
Q8BYM5_Q9QUM9,0.0021892,0.012959,0.015889,0.10008203238248825,0.0002548097982071,0.0077223288826644
Q52L64_O89100,0.0022344,0.015601,0.016186,0.15532366931438446,0.0031758013647049,0.0023999640252441
O88522_Q60680,0.56825,0.57202,0.01675,0.12022111564874649,0.05215934664011,0.0005842043319717
Q91YN9_Q9CQ18,0.0021807,0.012927,0.015903,0.02086237072944641,0.0008960060658864,0.0193781312555074
O70263_Q9QYY0,0.0065466,0.013134,0.016407,0.2096850872039795,0.0078512812033295,0.001106310985051
Q62227_Q9CQP8,0.0022041,0.012963,0.016617,0.09982604533433914,0.0011636008275672,0.0009268977446481
P41778_Q07813,0.002215,0.012951,0.015882,0.035395972430706024,0.0034402515739202,0.0002277093590237
Q91XU0_Q9Z0W1,0.0021852,0.013129,0.015961,0.07247573882341385,0.0002899844257626,0.6227937340736389
Q9DCA2_P41136,0.0021904,0.013168,0.015924,0.11452392488718033,0.0004368866793811,0.0010289653437212
Q9ER88_P47753,0.0021786,0.013014,0.016018,0.4595875144004822,0.0005559600540436,0.0002848121512215
O88634_P08505,0.0022469,0.017763,0.061883,0.14208245277404785,0.9975784420967102,0.1753883361816406
P70196_Q61084,0.0022175,0.013193,0.016046,0.1818171888589859,0.0006938497535884,0.0002181536401621
Q61006_P14753,0.0072649,0.020058,0.31911,0.0011493006022647023,0.0050040194764733,0.0016383788315579
Q99N28_P62751,0.0021829,0.013123,0.015887,0.030256034806370735,0.0003869800129905,0.04484623670578
Q9R049_Q9WTV6,0.0021826,0.012975,0.016048,0.005107767414301634,0.0002890056930482,0.025938669219613
P35922_P42669,0.0021824,0.012928,0.015951,0.398424357175827,0.0034790190402418,0.0057158330455422
Q62277_P48025,0.0022513,0.012961,0.01596,0.020593734458088875,0.0004183988494332,0.0004180746618658
Q9DAM2_P06343,0.0021981,0.01308,0.015943,0.3543156385421753,0.0009296958451159,0.0034618503414094
Q9JMA2_Q6ZWV3,0.0025416,0.013053,0.015979,0.15174244344234467,0.000255910505075,0.0079178474843502
P27659_P01904,0.0022056,0.013099,0.015883,0.029284168034791946,0.0002453633933328,0.0003048166399821
Q00609_P14115,0.00218,0.012981,0.015868,0.08627305179834366,0.0002982418227475,0.0593271069228649
P98156_Q8BYM7,0.0022287,0.013084,0.015971,0.07225474715232849,0.0021588092204183,0.0153761887922883
P01724_Q61699,0.0022517,0.013113,0.01604,0.013282045722007751,0.0008230495732277,0.0002744999364949
O88890_Q31099,0.002181,0.013654,0.029649,0.0015376878436654806,0.0007550359587185,0.0007456479943357
P68372_Q99ME6,0.0021848,0.013163,0.015947,0.20991843938827515,0.0013225367292761,0.0005098361871205
P48025_P26231,0.0021711,0.012948,0.016255,0.04472099617123604,0.0008215908892452,0.0004287798947189
P53986_Q61083,0.0022128,0.013212,0.019766,0.015872785821557045,0.0004005855007562,0.1733433455228805
P70343_Q9QZE7,0.0021878,0.012922,0.015984,0.27592089772224426,0.0003747981099877,0.0120339719578623
Q91YD9_Q91XL9,0.0022342,0.013345,0.016491,0.025312868878245354,0.006294613238424,0.0040060826577246
O09106_Q8CFE3,0.0021837,0.012971,0.016743,0.053103554993867874,0.0011317654279991,0.353410542011261
P27467_P01810,0.0022857,0.01377,0.019533,0.13272294402122498,0.2645354866981506,0.0105590494349598
P17433_P23611,0.0043752,0.012982,0.01618,0.33291059732437134,0.0740838348865509,0.0045676375739276
P52293_P28033,0.0027452,0.014622,0.017747,0.06639408320188522,0.99637633562088,0.0013123182579874
Q9WVI9_Q5SSZ7,0.20042,0.013143,0.019422,0.07019064575433731,0.0008109609480015,0.0203423518687486
Q60631_Q8BGW0,0.002176,0.012988,0.01596,0.026183178648352623,0.0060582687146961,0.0177933610975742
P08103_P22682,0.0022381,0.013057,0.016502,0.3631483018398285,0.0334332808852195,0.0001820349425543
Q9D9D9_Q2VPU4,0.0024159,0.013007,0.01592,0.14201819896697998,0.0231662206351757,0.0003439568390604
P62874_Q62296,0.0023221,0.013121,0.016175,0.04234322905540466,0.0067856889218091,0.0008756203460507
P52946_P59114,0.0022925,0.013006,0.016127,0.03884168341755867,0.0330691188573837,0.0644446089863777
P70441_Q8BGW0,0.0078639,0.012947,0.016051,0.11738531291484833,0.0305152311921119,0.0003126858791802
P33896_Q61180,0.0028739,0.013045,0.053694,0.6758323311805725,0.0015994225395843,0.0033783300314098
P09022_G5E8A8,0.0024115,0.013228,0.015998,0.035209137946367264,0.0007686473545618,0.8137257695198059
P97333_Q8CII9,0.0025825,0.016153,0.14857,0.008696749806404114,0.0526685304939746,0.0064410315826535
O08675_P62317,0.0022208,0.014584,0.015879,0.06722041964530945,0.0002416907082078,0.0096463533118367
P58801_Q9Z0W1,0.0024153,0.013045,0.01605,0.08753857016563416,0.0006568763055838,0.0004574606718961
Q7TSZ8_Q9EPB4,0.0021687,0.012923,0.01592,0.05009041726589203,0.0342097021639347,0.2379746884107589
Q924H2_P63248,0.0021788,0.012952,0.015907,0.009603645652532578,0.99762624502182,0.0004014213336631
P97318_Q60749,0.54843,0.013197,0.017005,0.12623421847820282,0.0010700669372454,0.0028803122695535
O35551_Q9JM13,0.0028184,0.013462,0.015915,0.32704946398735046,0.0112703125923872,0.0223627388477325
Q9WVG6_Q99ME6,0.0022039,0.012942,0.016047,0.03974856808781624,0.0004576020000968,0.0002602038148324
Q5R1C2_P51150,0.0022309,0.11198,0.016888,0.0028504396323114634,0.0012019376736134,0.0200809203088283
P30285_Q60772,0.0025134,0.013679,0.036669,0.2656649947166443,0.0142970336601138,0.0493125692009925
P41136_P35330,0.0022251,0.0134,0.015919,0.06709237396717072,0.0002697403251659,0.0007007798994891
Q9WVI9_Q9D495,0.0041216,0.013003,0.01693,0.06438136100769043,0.0288977399468421,0.0008772166329436
O08609_P09803,0.0022289,0.013064,0.016586,0.1078450009226799,0.0002976506948471,0.0010025086812675
I6L991_P0DP26,0.0021998,0.015665,0.016097,0.050772055983543396,0.0005810360307805,0.0008966039167717
Q9QUI0_P29452,0.0028257,0.013472,0.016344,0.004706920124590397,0.0077368626371026,0.1098926961421966
P06240_Q9CWE6,0.0021705,0.012979,0.015984,0.07102672755718231,0.0004712352529168,0.0015722982352599
P14206_Q9D8C6,0.002192,0.013089,0.015922,0.48782673478126526,0.0004460191121324,0.0286136642098426
P99026_P40336,0.0021878,0.012933,0.015911,0.0820544958114624,0.0002087548637064,0.0815439820289611
P01645_Q3V3N7,0.0023416,0.015591,0.015982,0.3484323024749756,0.0013200299581512,0.0074712298810482
Q80ZV0_P01739,0.0022008,0.012963,0.015891,0.1330576092004776,0.0003536485601216,0.0106187174096703
P16872_Q9Z0W1,0.0059696,0.019426,0.29838,0.3976154625415802,0.0419224426150321,0.9085790514945984
P70338_O54784,0.00264,0.013077,0.017687,0.008576569147408009,0.0518845506012439,0.0168296787887811
P62315_P01645,0.0022429,0.014041,0.016307,0.01894250139594078,0.0004068189009558,0.0004291249788366
P06537_Q9QUQ5,0.13477,0.013035,0.017047,0.4506201148033142,0.0030642149504274,0.0013579302467405
Q60631_Q9D4G2,0.0023726,0.013037,0.017461,0.009305963292717934,0.0033831286709755,0.6894614696502686
P07356_Q99PI8,0.0021814,0.012928,0.015865,0.11842647939920425,0.0009941639145836,0.0081287901848554
Q9JJX7_Q8CGP6,0.0027064,0.012949,0.016159,0.1348397433757782,0.0006870600045658,0.0005462889675982
Q9CZX0_Q62425,0.0025543,0.012964,0.015936,0.06900950521230698,0.000421353499405,0.0001785400818334
O54714_Q91Y44,0.0031873,0.013006,0.016076,0.12362956255674362,0.0113833947107195,0.0020105794537812
Q07440_Q61207,0.0022473,0.012959,0.016014,0.0037362296134233475,0.0018413740908727,0.9889107942581176
Q9WVI9_Q9DBC7,0.0022018,0.012988,0.016268,0.5146133303642273,0.0050570773892104,0.0002889701281674
O35714_Q9JLQ2,0.0021972,0.01304,0.016264,0.19717943668365479,0.001634040265344,0.0006435604300349
Q8K214_P01646,0.0024993,0.01299,0.018363,0.5703892707824707,0.0011814130702987,0.008529401384294
O55033_P51943,0.0022032,0.01299,0.016248,0.17506840825080872,0.0106324385851621,0.0001427992829121
P01679_P23772,0.0022077,0.01304,0.015939,0.028373805806040764,0.0027087447233498,0.0010038709733635
P04224_O35683,0.0023569,0.012951,0.015894,0.24943123757839203,0.0017026956193149,0.001991567434743
Q62108_Q8BKX1,0.42472,0.0131,0.019394,0.0878196433186531,0.8367483615875244,0.0005302059580571
O88448_Q8CDD8,0.0022362,0.014732,0.016402,0.5594058036804199,0.0129724303260445,0.0001994950289372
P97377_Q61457,0.0022032,0.012975,0.018859,0.501507580280304,0.1759689003229141,0.2151808589696884
Q9D9D9_Q02242,0.002214,0.012946,0.015867,0.08503181487321854,0.000380123819923,0.000297784950817
Q9D415_P01749,0.002192,0.012997,0.015929,0.1147821694612503,0.014931303448975,0.0415852852165699
P52800_P01679,0.0022515,0.013265,0.16226,0.019381584599614143,0.0271446611732244,0.0003006338374689
Q9DA80_Q9EQS3,0.0022159,0.013049,0.015905,0.015707792714238167,0.0041789109818637,0.0178979896008968
Q62192_P98084,0.002182,0.012967,0.016265,0.0015910804504528642,0.0010317959822714,0.0146638266742229
Q99KP6_P28076,0.0021864,0.012928,0.015891,0.23123356699943542,0.0002323257212992,0.0082636643201112
P42582_P01660,0.0022264,0.049987,0.016047,0.01205969788134098,0.0025083464570343,0.3456287682056427
P01749_Q61686,0.0021919,0.012964,0.01615,0.004545298404991627,0.0016474286094307,0.0151245975866913
Q148A4_Q9DCA2,0.0022315,0.013378,0.015921,0.3897562325000763,0.0006726835854351,0.0020982637070119
P43404_Q8BX10,0.0021879,0.012967,0.01613,0.13722781836986542,0.0012204749509692,0.2288851737976074
Q99PI8_Q9JMA2,0.0022086,0.013058,0.015965,0.02564375475049019,0.0003308528393972,0.8272733688354492
Q8R4G0_P01636,0.002505,0.06052,0.17136,0.044434286653995514,0.0125306984409689,0.0010896744206547
P48346_Q149S1,0.0023296,0.012953,0.016027,0.2142113894224167,0.0003323817509226,0.0002086726744892
P39054_O08785,0.43119,0.013089,0.016223,0.1256367564201355,0.0006067967624403,0.0033117679413408
Q3UI43_Q9QZS3,0.0021837,0.013254,0.016033,0.04508635774254799,0.0019923890940845,0.003891161410138
P98083_Q5NCF2,0.002188,0.012953,0.016024,0.06590478122234344,0.0117066334933042,0.0010059466585516
Q9D3X8_Q91VD9,0.0021994,0.01295,0.015914,0.3453056514263153,0.0002122280420735,0.0020095196086913
Q99JY9_Q99JB4,0.0022256,0.012982,0.01589,0.038391828536987305,0.0004010052070952,0.0068640932440757
P29754_Q61539,0.0021925,0.013194,0.022425,0.14832593500614166,0.0012533911503851,0.0003699186781886
P70447_Q02067,0.83593,0.013124,0.029814,0.05487198010087013,0.9986659288406372,0.0012834918452426
Q9WU38_Q6R5N8,0.0022726,0.019165,0.025749,0.10856787115335464,0.0010386389913037,0.0093223834410309
Q9EPL2_P68134,0.0021945,0.013271,0.015912,0.08571389317512512,0.0008237407892011,0.8263218402862549
Q8CDU5_Q62318,0.0041256,0.013048,0.015997,0.0035236726980656385,0.0034890284296125,0.0003370353369973
Q8R502_Q91VR7,0.0021745,0.012946,0.015914,0.014384755864739418,0.0003699130320455,0.000315677258186
O35730_Q9D8B7,0.0021907,0.013012,0.015962,0.0011208592914044857,0.0004156795621383,0.0001313383982051
P41969_P59114,0.0024007,0.012964,0.016354,0.3108060359954834,0.9530916810035706,0.0021046162582933
Q9ES57_P25801,0.0021968,0.013245,0.015898,0.3035660982131958,0.0016977650811895,0.1763243824243545
Q9CQP8_P10749,0.0022026,0.012918,0.016088,0.17502787709236145,0.0013645860599353,0.0019676012452691
P18469_Q9Z2F6,0.002234,0.01498,0.035901,0.06210566312074661,0.0003874428803101,0.0002604614419396
Q9CQP8_P27782,0.0028301,0.012953,0.016014,0.3155979812145233,0.0129213370382785,0.0153860095888376
Q60631_P01645,0.0022876,0.015706,0.018123,0.20715954899787903,0.0210693906992673,0.0017143534496426
Q80ZS3_Q8VDS3,0.0021971,0.012947,0.015918,0.7807933688163757,0.0004131853347644,0.0006401662249118
O55029_O08543,0.0022392,0.013083,0.015941,0.04775053635239601,0.0018532861722633,0.0017264229245483
O35551_Q9WVL2,0.015,0.087806,0.015996,0.02300826646387577,0.0128926560282707,0.0002732150896918
Q9QUM9_Q8BH16,0.002168,0.012969,0.015925,0.07250778377056122,0.0001997898943955,0.0004121819511055
Q99LM9_Q9JHD2,0.0021858,0.012939,0.016031,0.5538750290870667,0.0036037878599017,0.3390614092350006
P18525_O88597,0.0022068,0.013086,0.01603,0.2568553388118744,0.0021317705977708,0.0002858393418136
Q8CFA1_B5KM66,0.0022454,0.012945,0.015968,0.1565428227186203,0.0064041065052151,0.0008742960635572
P01863_Q00420,0.0021905,0.019356,0.016271,0.04197191819548607,0.002671011025086,0.0205664467066526
O88447_Q80U70,0.0024247,0.014191,0.02181,0.05014825612306595,0.0078730294480919,0.860234260559082
P19785_Q60760,0.0024789,0.013343,0.017531,0.11424093693494797,0.0029629722703248,0.0003005014150403
Q9QZS3_Q64364,0.0022132,0.013417,0.016284,0.05158029869198799,0.0020802519284188,0.0008855474297888
Q08509_P49817,0.0021798,0.012917,0.015909,0.1441638469696045,0.0031818132847547,0.0044162832200527
Q65ZL8_P70441,0.0022115,0.01304,0.016132,0.07937800884246826,0.0086053432896733,0.0158653985708951
P05532_P26450,0.0021912,0.013005,0.017838,0.16242042183876038,0.0009013363742269,0.0013621456455439
Q9DBR4_Q9EPL2,0.0022231,0.012938,0.016368,0.03167586773633957,0.0008972286595962,0.0278688427060842
Q62348_P01636,0.0021908,0.013057,0.015904,0.0029058947693556547,0.0003952368861064,0.0011101897107437
Q01887_P28574,0.0022331,0.013129,0.01634,0.007802465930581093,0.0004053779994137,0.0028914953581988
P41241_Q9JM05,0.0021787,0.013003,0.01611,0.17070439457893372,0.0154889756813645,0.0005526124150492
P25322_Q64261,0.002204,0.013137,0.034892,0.029842685908079147,0.9990137815475464,0.1224210709333419
P35585_O70477,0.0021991,0.012964,0.015928,0.5710246562957764,0.0051034558564424,0.8416183590888977
Q925K9_P26043,0.0022017,0.012993,0.018846,0.008797697722911835,0.0005605352343991,0.002336683915928
Q9QYY0_Q9JJX7,0.0021798,0.012967,0.016059,0.3723941743373871,0.0090806074440479,0.0006498009897768
Q9DAJ2_Q8BPZ8,0.86643,0.85395,0.015969,0.04505285620689392,0.0030577089637517,0.0021290762815624
B8ZXI1_P62137,0.0022236,0.013135,0.015969,0.0014516443479806185,0.0014877008507028,0.0139671247452497
Q60787_Q61501,0.013669,0.013126,0.015944,0.16868683695793152,0.0706733986735344,0.0503482297062873
Q9DB77_Q3V1H9,0.0022001,0.01296,0.015906,0.3968469500541687,0.0002755214518401,0.0005316619062796
P46938_P03893,0.0021826,0.012968,0.015866,0.12105204164981842,0.0002920486731454,0.0271905213594436
Q9JIA1_Q6QLQ4,0.0023455,0.22745,0.030081,0.32272589206695557,0.0004331958189141,0.0023749875836074
Q62108_Q8BYM5,0.0022175,0.012997,0.01594,0.03406018018722534,0.0012823389843106,0.6323004961013794
Q80W99_Q9R1S0,0.0021862,0.012946,0.015985,0.3225766718387604,0.000551356584765,0.0005244313506409
Q8VIG3_Q925K9,0.0021911,0.012961,0.017259,0.04321449622511864,0.1518252491950988,0.0029490296728909
Q62108_Q8R0S2,0.0039013,0.012987,0.016301,0.3357698917388916,0.0036788254510611,0.016197619959712
Q9QYH6_Q08369,0.01401,0.013204,0.016035,0.01507637370377779,0.0024445808958262,0.0007976753404363
Q9ERK7_Q9CZX8,0.0021828,0.012928,0.015888,0.03658922761678696,0.0002543799055274,0.3723515272140503
P97318_Q9JI78,0.0021882,0.012957,0.015941,0.0004938586498610675,0.0148613946512341,0.0034891066607087
A0A087WRI3_Q8CII9,0.0022169,0.012941,0.015933,0.0004754553083330393,0.0003780508995987,0.0021624853834509
P01139_P97287,0.0022728,0.013915,0.01754,0.4917498826980591,0.0003531209949869,0.0076768300496041
Q9D4K5_A2ARP9,0.0022249,0.012931,0.016227,0.08618756383657455,0.0009981242474168,0.002723986050114
P27467_Q9D1P4,0.0021915,0.012922,0.015954,0.3262099325656891,0.0013604122214019,0.0009052256937138
Q9CQP8_O88509,0.0032085,0.012954,0.016142,0.2295520305633545,0.0105466619133949,0.0099747097119688
Q3UGQ1_Q80XE1,0.0022019,0.013052,0.032773,0.03390277922153473,0.0128360399976372,0.0003419333370402
Q9D2U9_Q04211,0.0021982,0.013039,0.76698,0.41445252299308777,0.0013066043611615,0.0099179865792393
Q8CGP6_Q9WVS7,0.0022091,0.013011,0.016258,0.13901525735855103,0.0002669506066013,0.0001932072773342
Q04863_P08113,0.002182,0.012996,0.015916,0.058257509022951126,0.0143829379230737,0.0002038440288743
Q9ERR1_Q8CGP4,0.0021865,0.013014,0.015944,0.3530835807323456,0.0006603291840292,0.0002103378647007
D2D553_P51943,0.0021973,0.012925,0.015986,0.015851326286792755,0.0021207742393016,0.2182016968727111
Q924X6_O35680,0.0022204,0.036847,0.065959,0.04234546050429344,0.0019060684135183,0.0012113640550523
P06343_Q5SSZ7,0.002203,0.018832,0.037983,0.2190772444009781,0.0027606149669736,0.8121100068092346
P49817_P70175,0.002189,0.012938,0.015915,0.0032047308050096035,0.0022576076444238,0.2412594407796859
Q3TTA7_P99026,0.0021712,0.012995,0.015917,0.31580913066864014,0.0002324149972992,0.9323515892028807
O54918_Q8K214,0.0026053,0.012964,0.016336,0.1952766478061676,0.0274228453636169,0.0017634304240345
Q9JIH2_Q6R891,0.0068851,0.013028,0.016196,0.07443705946207047,0.0007090890430845,0.0005355086759664
Q9QZE7_O70343,0.0022194,0.012927,0.015975,0.1943187415599823,0.0013334874529391,0.0003205689426977
Q9D7W5_P01575,0.0022816,0.012926,0.015906,0.0113108204677701,0.0003030667139682,0.112465500831604
Q14C51_P03903,0.0022199,0.015215,0.015958,0.02324969880282879,0.0006912930984981,0.0003260031808167
P20917_P56391,0.0021973,0.012954,0.01587,0.09203343838453293,0.001274574548006,0.655480146408081
Q9WVR4_Q9QUM4,0.0021966,0.013006,0.015894,0.055230557918548584,0.0002391057496424,0.0468645207583904
Q9D1R9_P07356,0.0022488,0.012959,0.015925,0.35214895009994507,0.0002638655132614,0.9518209099769592
P60605_Q7TQF7,0.0021718,0.012965,0.015903,0.052920181304216385,0.0010246445890516,0.0075094723142683
Q8C2B3_O88786,0.0022194,0.012985,0.016839,0.0376870334148407,0.0026275543496012,0.0005023992271162
P20937_Q2VPU4,0.0022006,0.012963,0.015933,0.03480519726872444,0.0005732032004743,0.6358902454376221
Q9EPU5_P62082,0.0021858,0.012939,0.015918,0.0823209211230278,0.0002576060069259,0.0007685833261348
Q99N57_Q61391,0.0021799,0.012993,0.015918,0.2923182249069214,0.0022092664148658,0.0007224568980745
P61089_P70196,0.040533,0.013756,0.022613,0.03141012787818909,0.9957615733146667,0.0013428983511403
P22682_Q8BK72,0.002382,0.01342,0.016036,0.4343429207801819,0.0004751668893732,0.0004858006432186
Q61083_P01887,0.0021886,0.013507,0.015985,0.14800308644771576,0.004919234663248,0.0013405642239376
P60710_O08785,0.0022379,0.013186,0.015929,0.1502542644739151,0.0011076396331191,0.000407666346291
P97318_Q8VCQ3,0.0037223,0.013008,0.016092,0.24787278473377228,0.0136430133134126,0.2056169509887695
Q920D3_Q61457,0.0023869,0.012958,0.015997,0.010222472250461578,0.0006043613539077,0.7485558986663818
P09023_Q9DAG4,0.0022842,0.013053,0.016081,0.031279731541872025,0.0070251543074846,0.507932722568512
Q06890_P55258,0.0022816,0.014095,0.016285,0.012749647721648216,0.0018252487061545,0.0017478964291512
Q8R4E9_Q9CXW2,0.0022,0.014046,0.077779,0.3400009572505951,0.0012511261738836,0.0017613287782296
P51141_Q9QYS2,0.0022068,0.013002,0.01597,0.007863150909543037,0.0010211319895461,0.0040777893736958
Q5SSL4_Q60692,0.0021931,0.012936,0.015945,0.10593800991773605,0.0002048872993327,0.0003484919434413
Q99LT0_Q8C0J2,0.0022391,0.012996,0.03107,0.0897597000002861,0.0368712097406387,0.0061166645027697
Q8VEK3_Q8CDU5,0.0028624,0.012971,0.016082,0.02802448533475399,0.0122840609401464,0.0147855458781123
A6H6Q4_P54818,0.0025491,0.013246,0.016053,0.2225210815668106,0.0049023549072444,0.0006864872993901
P23798_P16951,0.0022158,0.013152,0.016077,0.02286878041923046,0.0075779939070343,0.0011461109388619
Q9CWH4_Q80UF7,0.0041323,0.012971,0.017515,0.19080133736133575,0.1896094530820846,0.0304468888789415
Q9R1P3_Q8BKX1,0.0021752,0.012933,0.015886,0.004815265536308289,0.0002352616284042,0.9685270190238952
Q3USJ8_O08543,0.0022044,0.012951,0.015913,0.001327925594523549,0.0015065314946696,0.0430007129907608
P27038_Q62406,0.0024653,0.013122,0.11274,0.08371160924434662,0.0014145344030112,0.0003498989681247
P29352_P62242,0.0021812,0.012928,0.01601,0.1047731414437294,0.0016453930875286,0.0004291225341148
Q8R2L5_P08152,0.0021996,0.013125,0.01599,0.20889411866664886,0.0009327381849288,0.001728723058477
Q62193_Q9R1S0,0.0021888,0.012954,0.015899,0.000954139803070575,0.0002855557831935,0.0406863987445831
Q3V0Q6_Q9WUL5,0.0021956,0.012985,0.016701,0.054787952452898026,0.0008970217313617,0.0772872269153595
Q9D8V0_Q61699,0.0022211,0.012977,0.015901,0.5312579274177551,0.0003822981088887,0.0147480219602584
P00416_Q9DB40,0.0022403,0.013151,0.015867,0.3584819436073303,0.0003004911413881,0.8187193274497986
P70280_P42227,0.0024874,0.012956,0.016602,0.023434584960341454,0.000616404984612,0.0012588750105351
P18525_Q91Y44,0.002215,0.013022,0.016101,0.026747263967990875,0.0147271528840065,0.0205026362091302
O08603_P41241,0.0022065,0.013142,0.016511,0.2650856673717499,0.0007207999005913,0.0003371340280864
O35305_Q91VI7,0.0023082,0.67219,0.042787,0.005426852963864803,0.0039578331634402,0.213716834783554
Q9QUM9_Q9QUQ5,0.0021819,0.012964,0.01591,0.3429897129535675,0.0002306318056071,0.0007394992862828
P70452_Q08351,0.0023127,0.012989,0.016031,0.27686795592308044,0.0008013540063984,0.6924358010292053
Q5SSZ7_P70326,0.46529,0.013957,0.017618,0.1626030057668686,0.0002361770166317,0.0013943014200776
Q62179_P03921,0.002406,0.013203,0.018092,0.031145557761192322,0.0003348016180098,0.0043507521040737
P48453_Q9ERI2,0.0030351,0.018476,0.019836,0.002735368674620986,0.0020497590303421,0.0062849926762282
Q8JZM0_Q3TWN3,0.0021858,0.012975,0.016002,0.134761780500412,0.0003270160814281,0.0005281842895783
Q505F1_Q60953,0.0032574,0.01306,0.018576,0.4021044373512268,0.0038466269616037,0.0001882251526694
P98078_P01747,0.0022005,0.013002,0.015885,0.04835263267159462,0.0020936201326549,0.0002364099782425
P70326_Q9Z2X2,0.0022078,0.013194,0.06868,0.06230221316218376,0.9825370907783508,0.0050279153510928
P01666_Q8R4E9,0.0021997,0.012978,0.015922,0.12123926728963852,0.0047699180431663,0.0011351986322551
Q9CXY6_Q62193,0.0021811,0.012979,0.015935,0.10182282328605652,0.0044058840721845,0.0001400149922119
P29352_Q9CQ91,0.0022246,0.012936,0.015914,0.054644521325826645,0.001360010006465,0.0005431602476164
Q64373_Q6PGF3,0.0021846,0.01293,0.015918,0.06260309368371964,0.0004596041399054,0.0006483609322458
P70297_P46935,0.0024089,0.01298,0.017223,0.006479736417531967,0.0037393472157418,0.0004962702514603
Q08024_P50538,0.0022182,0.013009,0.01594,0.21752803027629852,0.004532182123512,0.0472824499011039
Q9DCL4_Q8VEG6,0.0022024,0.012983,0.015903,0.025793951004743576,0.002221152652055,0.0218787528574466
P61080_P62878,0.028069,0.016954,0.018343,0.24203690886497498,0.998504877090454,0.0018111841054633
Q3V1H9_Q8K2F0,0.002215,0.013033,0.015937,0.19880054891109467,0.0046100378967821,0.001498787663877
O08603_P16951,0.0021885,0.012991,0.015913,0.02174442820250988,0.0003008588973898,0.0038198251277208
Q8VEG6_P41105,0.0022027,0.012927,0.015878,0.2172584980726242,0.0002984153106808,0.1687614321708679
Q9CQY1_Q9QXV1,0.0021945,0.012931,0.015915,0.027375478297472,0.0139519041404128,0.0023377512115985
P23812_P13297,0.034409,0.013812,0.017962,0.38089674711227417,0.9987232089042664,0.007487938273698
Q03358_P62281,0.0021994,0.012979,0.015909,0.10662700980901718,0.0002908108290284,0.0481728464365005
D2YW38_Q80Y75,0.00219,0.013351,0.015911,0.08038215339183807,0.0005328902043402,0.0013077827170491
P62806_Q9CWE6,0.0021976,0.012936,0.015963,0.0037431560922414064,0.0014740832848474,0.0001510365982539
Q9CQJ4_P43023,0.0022052,0.01299,0.015923,0.18743234872817993,0.0002172461390728,0.0011287996312603
Q9QZL0_P01642,0.0022283,0.014387,0.016373,0.02519897371530533,0.0051003959961235,0.014164600521326
Q80W99_Q62083,0.0022819,0.012945,0.015918,0.27588891983032227,0.0014321703929454,0.0002806202683132
Q9CQC7_Q7TS55,0.0024852,0.012953,0.015894,0.155623197555542,0.0003138303000014,0.024309828877449
Q61039_Q793I8,0.0022228,0.013006,0.015938,0.16674749553203583,0.0006576195009984,0.0009210821008309
P62717_Q9DB91,0.0021931,0.012931,0.015907,0.031632646918296814,0.0026102033443748,0.0046968781389296
P01843_Q60809,0.0021908,0.013474,0.01591,0.03760084509849548,0.0004014479054603,0.0043971873819828
Q3UYI6_P26450,0.0022235,0.012985,0.016044,0.0997462272644043,0.0005228987429291,0.0013090874999761
Q9JIK5_Q99J83,0.0021916,0.012941,0.015895,0.00374951702542603,0.0018085807096213,0.3559083938598633
P25322_P63073,0.0021918,0.013036,0.016142,0.18251672387123108,0.0003830063506029,0.0069716582074761
P97792_P18525,0.025396,0.60941,0.23669,0.7128923535346985,0.9948945045471193,0.0003440867003519
P16858_Q9CWH4,0.0021677,0.012938,0.015901,0.05846129730343819,0.000466221012175,0.016281409189105
Q9WVB3_Q8C0J2,0.0026819,0.11892,0.024597,0.2745493948459625,0.0022928426042199,0.0002606460184324
P0CG50_Q80UP5,0.0021781,0.013163,0.016234,0.05256078019738197,0.0008223240729421,0.0063785035163164
Q02248_Q8VEA4,0.002175,0.013099,0.016041,0.3068748712539673,0.9402551054954528,0.002141400007531
O54828_P70441,0.025349,0.012957,0.016339,0.1566947102546692,0.0097746960818767,0.0228491201996803
Q3TBT3_O55203,0.0022838,0.01293,0.015975,0.06848715990781784,0.001558553893119,0.0005987960612401
Q8VDU0_P35329,0.004578,0.013476,0.016305,0.26284241676330566,0.0013177709188312,0.0044107688590884
Q9CVD2_Q9JI59,0.0021904,0.012959,0.015894,0.14176665246486664,0.0002350015565752,0.0005637610447593
Q8VI33_Q8VCB2,0.021071,0.013047,0.016024,0.12734603881835938,0.0002695911971386,0.025005679577589
Q9JM73_A0A0E4B366,0.0021897,0.013403,0.016334,0.04550563916563988,0.0006949685048311,0.0674521997570991
P35438_Q60954,0.0021853,0.013016,0.015944,0.5895943641662598,0.0007012258283793,0.0021068518981337
Q922G7_Q6PF93,0.0022202,0.013037,0.015908,0.015915842726826668,0.0055155237205326,0.0001991542812902
P06869_Q8VCD5,0.0021831,0.012947,0.015924,0.009535144083201885,0.0002478063397575,0.0002478642272762
P16297_Q99N28,0.010331,0.090501,0.32643,0.12027137726545334,0.9497529864311218,0.0711954236030578
Q99PT1_P68040,0.0021938,0.014081,0.02232,0.08192979544401169,0.0290283430367708,0.0013432141859084
O54786_P62259,0.0021938,0.013385,0.020152,0.09999828040599823,0.0056019052863121,0.0573083348572254
Q62264_Q8VIG3,0.0021771,0.012922,0.015923,0.07876037806272507,0.0010734203970059,0.0134621812030673
Q5XJY5_P60605,0.0021843,0.012971,0.0159,0.07174720615148544,0.0004689177148975,0.1900248676538467
P19785_Q9JIH2,0.010231,0.013038,0.016046,0.44889891147613525,0.0023061288520693,0.0002593463577795
O88643_Q8C456,0.0021929,0.013017,0.016142,0.10818177461624146,0.0181443411856889,0.0004975636256858
P14148_P70441,0.0021763,0.012937,0.015931,0.1315477043390274,0.0004006788949482,0.9747471809387208
Q08509_Q3TL44,0.0022348,0.013259,0.016146,0.04622097685933113,0.0028317524120211,0.0008980175480246
P70195_P01851,0.0022167,0.014973,0.015879,0.2257462739944458,0.0002164410398108,0.0009988624369725
P0CG50_Q91XD6,0.0021831,0.01327,0.015932,0.002993582980707288,0.000591205258388,0.0075358669273555
Q32NY4_Q9R1S0,0.0021989,0.013634,0.026972,0.0674344152212143,0.0003699513326864,0.010732646100223
P98156_P61089,0.0021782,0.013046,0.015888,0.026514332741498947,0.0003521714243106,0.0005596237024292
Q8R3R8_Q8C437,0.0021896,0.012972,0.017599,0.08968896418809891,0.0087724179029464,0.2365107834339141
O35955_P70434,0.0021676,0.012942,0.01589,0.22838915884494781,0.0005680615431629,0.0004322722088545
Q9WUB0_Q8CII9,0.0021936,0.013021,0.015993,0.686179518699646,0.0008589071803726,0.0015244293026626
Q61216_P67984,0.0021774,0.012966,0.015904,0.12188279628753662,0.0171814188361167,0.0013390387175604
Q99P87_Q9D8C6,0.0022102,0.01307,0.016087,0.06004666909575462,0.000293290358968,0.0004331675299908
P03893_Q9CQV5,0.0022113,0.014571,0.015921,0.055684883147478104,0.0003236147458665,0.0183056592941284
A0A087WRI3_Q8R464,0.0021947,0.012926,0.015879,0.3630886375904083,0.0003564301296137,0.1316665709018707
Q61127_P25233,0.0023875,0.012951,0.015972,0.08958446979522705,0.9936535358428956,0.6845391392707825
Q60819_P51141,0.0022771,0.013906,0.015967,0.08814480900764465,0.0009427848854102,0.955583393573761
Q9WTL8_P04224,0.0021897,0.02659,0.015931,0.1154366284608841,0.0002991958754137,0.0275912377983331
Q9CWR8_Q8C456,0.0024657,0.013708,0.02193,0.09974832087755203,0.0070562977343797,0.0302841123193502
P70445_P01942,0.0022053,0.012916,0.015882,0.0205108392983675,0.0004355779965408,0.0048469523899257
Q61626_P27038,0.0023012,0.013609,0.025989,0.12151604145765305,0.0013730112696066,0.055239763110876
P63073_P47741,0.0022412,0.012966,0.016018,0.07455934584140778,0.0004602530098054,0.0061584562063217
Q99LI8_P54763,0.0022194,0.013172,0.030476,0.018147936090826988,0.0005568346241489,0.4240552186965942
P11798_Q9CXY6,0.0021737,0.013429,0.016321,0.009206181392073631,0.0015051350928843,0.0946660339832305
Q60787_Q8BX10,0.0021751,0.012937,0.015944,0.019424334168434143,0.000285766844172,0.0008860981906764
Q3UDK1_O54709,0.002189,0.012964,0.015935,0.08721038699150085,0.0019972182344645,0.0011575546814128
Q80TG9_Q9CZX0,0.0022071,0.012964,0.015919,0.010740065015852451,0.0004774957487825,0.0003854350943583
P06339_Q5NCF2,0.0022029,0.012971,0.015944,0.3948192596435547,0.0005879664677195,0.8064826130867004
Q9WU38_Q9JIK9,0.0022234,0.012915,0.015906,0.13834699988365173,0.0002505065931472,0.000171763706021
Q9DAR0_Q8VDU0,0.0023968,0.013507,0.016654,0.0563865564763546,0.0316245555877685,0.0022755532991141
Q9WTV6_Q922F4,0.0021742,0.013038,0.015949,0.00545588368549943,0.0009528056252747,0.0002242168411612
Q8CDI2_Q02111,0.0027593,0.013028,0.019967,0.06302166730165482,0.0099740447476506,0.0004259505367372
P26043_O08586,0.0023079,0.012964,0.017406,0.14880992472171783,0.0013845216017216,0.0419100224971771
P04426_O35526,0.0021731,0.012963,0.016024,0.08255024254322052,0.0002474125649314,0.0056783771142363
P61514_Q3V1H9,0.0022849,0.012951,0.01595,0.445350706577301,0.0003042838361579,0.0301526524126529
Q8R4K2_O70477,0.0023766,0.01297,0.01615,0.0015633361181244254,0.0101538011804223,0.0001561552780913
P25916_P68369,0.0021766,0.013161,0.016389,0.09381040930747986,0.0006966238724999,0.0005371063598431
P42225_Q91WQ5,0.0022335,0.013201,0.017374,0.018371332436800003,0.0459582433104515,0.0057333093136549
Q9CPQ1_Q921D4,0.0022855,0.012929,0.015901,0.1253376603126526,0.0010418106103315,0.0029157819226384
Q62108_Q8R4I7,0.0022128,0.012965,0.016005,0.003969637211412191,0.0035659112036228,0.0023284724447876
Q99MJ6_P02088,0.0021985,0.013883,0.015874,0.08373619616031647,0.0012940549058839,0.0616128928959369
P47713_Q61626,0.0021835,0.012959,0.015975,0.009400845505297184,0.0039387075230479,0.0043041324242949
P27782_Q9D8T2,0.0022149,0.012971,0.016034,0.032066039741039276,0.0005358469206839,0.5121124982833862
O35089_Q8BUV3,0.0021985,0.012938,0.015883,0.015215692110359669,0.0002466362784616,0.0003409368218854
Q61699_Q9CQY1,0.0022003,0.012948,0.015912,0.08073187619447708,0.0429535247385501,0.004035563673824
Q5F201_Q80U63,0.0022454,0.015887,0.016838,0.005098741501569748,0.0044847149401903,0.0066561000421643
Q7TS98_P19123,0.0022261,0.014555,0.016061,0.34373506903648376,0.0007060731295496,0.001203948049806
P54775_Q9QZ88,0.0022998,0.012952,0.016349,0.036076437681913376,0.0018177406163886,0.0003113718994427
O35129_P07356,0.0022151,0.012953,0.015889,0.236880362033844,0.0002489501493982,0.0057022888213396
P70326_P62751,0.0021776,0.013043,0.015929,0.05104740709066391,0.0009498223080299,0.0880224928259849
Q9JKD8_O09044,0.0022146,0.012967,0.015914,0.4346769452095032,0.0078836968168616,0.0002800499496515
Q9JJX7_P27870,0.0021765,0.012971,0.016078,0.2365741729736328,0.00395143404603,0.0064135310240089
Q9D0B8_P01723,0.002185,0.012951,0.015884,0.001728628296405077,0.0004903597873635,0.0009180439519695
Q9R1S0_Q9CZY3,0.0021942,0.012966,0.015982,0.2566150426864624,0.0008704537176527,0.0258745048195123
Q9JMA2_Q9JI78,0.0023282,0.013011,0.015945,0.03489810600876808,0.0015776520594954,0.005729345139116
Q80ZS3_P62962,0.002205,0.012943,0.01593,0.03024803288280964,0.0010563315590843,0.0085266232490539
P62082_Q9DCL4,0.0021888,0.013056,0.016101,0.025987407192587852,0.0025360144209116,0.5091910362243652
Q14B62_P63137,0.0022673,0.014427,0.036353,0.016709379851818085,0.0011184227187186,0.000398468284402
P51667_Q9CPP6,0.0022432,0.012989,0.01589,0.008116239681839943,0.0005828642169944,0.0026125109288841
P13297_P40764,0.081327,0.013691,0.016677,0.014091536402702332,0.9987877011299132,0.0002877500664908
Q9JMA2_P63323,0.0023729,0.01301,0.015948,0.07493294775485992,0.0003989439283031,0.0036200839094817
Q9JHF9_Q9EPU5,0.0024439,0.016919,0.05687,0.08978454023599625,0.0029236220289021,0.351270854473114
Q5SW45_P49718,0.0022158,0.012928,0.01603,0.009482295252382755,0.0152086839079856,0.1241568922996521
Q61324_P34902,0.0022439,0.013315,0.015963,0.020767753943800926,0.000233275044593,0.0016548100393265
P61372_P0DP26,0.0027679,0.0134,0.01641,0.38249877095222473,0.000941353617236,0.9483337998390198
Q80ZK0_Q8CHU3,0.0021826,0.012958,0.015903,0.06392752379179001,0.0002450531465001,0.0009339092648588
P23804_Q3V1H9,0.0022726,0.012981,0.01614,0.17185546457767487,0.0005206616478972,0.0773636922240257
Q60867_O70174,0.0024826,0.013278,0.015983,0.2296442836523056,0.0002830142911989,0.0176537726074457
A2A825_P06869,0.0022797,0.013083,0.015958,0.015728013589978218,0.0004071036819368,0.0326178930699825
P10417_Q61337,0.0021982,0.01295,0.016541,0.04527124762535095,0.0020647232886403,0.0002111013309331
P15307_P43432,0.0021851,0.013017,0.017432,0.019388576969504356,0.0065362327732145,0.0009518244769424
Q9QUM4_Q9JJX7,0.0022054,0.016246,0.026122,0.30692484974861145,0.0009977557929232,0.0055949739180505
P01738_Q9CPX7,0.0022153,0.012987,0.015891,0.007554851938039064,0.0004618868988472,0.0333744101226329
P68368_P35802,0.0022068,0.012991,0.015905,0.047879986464977264,0.0004697740660049,0.0036227405071258
P97864_P98084,0.0021894,0.012989,0.01632,0.17501911520957947,0.0034976962488144,0.0002035307552432
P47911_P41274,0.0022016,0.012941,0.015913,0.4565141499042511,0.0002197343274019,0.0002921433479059
O55033_P62270,0.0021938,0.013013,0.015956,0.2415669709444046,0.0002688770473469,0.0008258844609372
P13504_Q9CXY6,0.0021911,0.012936,0.016099,0.21438068151474,0.0003295033820904,0.0029437167104333
Q9EST8_Q6R5N8,0.0021781,0.016581,0.016369,0.2608810067176819,0.000446038931841,0.2209831327199936
A0A5E3_Q8VDU0,0.002213,0.021871,0.016021,0.3166183829307556,0.0007196784135885,0.0007879865006543
P42669_Q62093,0.0022091,0.012955,0.015996,0.03433287888765335,0.0152946664020419,0.0499824918806552
Q9D3X8_Q9DC40,0.0022826,0.012998,0.015996,0.005763382650911808,0.0098903756588697,0.0263088047504425
P08113_Q91XU0,0.0022012,0.012995,0.017091,0.017428729683160782,0.0008368004928342,0.0499818883836269
P70460_Q9CWY8,0.0022149,0.012959,0.016055,0.20703627169132233,0.0002393728645984,0.1404937207698822
Q9D1R9_Q9WVI9,0.0021792,0.012936,0.015933,0.029312122613191605,0.0007290918147191,0.0053319190628826
P05977_Q99PI8,0.0021822,0.013246,0.015875,0.1884998381137848,0.0003680208465084,0.0016431887634098
Q5SSL4_Q62108,0.0022067,0.01298,0.016318,0.050728894770145416,0.0061108148656785,0.711326003074646
P08113_P35922,0.0021873,0.012952,0.016239,0.05672281235456467,0.0041366051882505,0.0119006372988224
P42227_Q8BG40,0.0022954,0.013496,0.016078,0.1785830408334732,0.0047410647384822,0.0010472004069015
P48453_Q60876,0.0022161,0.013086,0.016311,0.2077450305223465,0.0078589404001832,0.000265644834144
P97484_P20334,0.0052196,0.042058,0.40486,0.014348361641168594,0.007649315521121,0.0007814356940798
Q00322_P70217,0.055338,0.013556,0.016709,0.2897959351539612,0.0028185155242681,0.9836320877075196
O55013_P68037,0.0021819,0.012989,0.015893,0.01589040458202362,0.0003012641973327,0.0023130553308874
Q91ZE9_Q9R1P1,0.002175,0.012938,0.015875,0.5653064846992493,0.0002340070495847,0.0002702378842514
Q9CQ20_Q6X6Z7,0.0036116,0.012987,0.015928,0.056509412825107574,0.0043437983840703,0.0166773367673158
Q91VI7_D2D553,0.002207,0.012918,0.015885,0.15106120705604553,0.0005645958590321,0.0178145971149206
P83917_Q99N87,0.0021877,0.012962,0.016104,0.12096545845270157,0.0003580836637411,0.0134314075112342
O88890_Q9QUM4,0.0021868,0.013004,0.016048,0.026370316743850708,0.0003773957141675,0.0002175440167775
P11798_Q9Z2U0,0.0021904,0.012987,0.015932,0.017586370930075645,0.0002923233259934,0.0088544487953186
Q8R0W1_P01904,0.0021922,0.015069,0.022658,0.08472105115652084,0.0002766248653642,0.0360303409397602
P09632_O08795,0.0022342,0.013097,0.016176,0.14799240231513977,0.0008600287255831,0.012327161617577
P50580_P29352,0.0021846,0.012975,0.015915,0.13928157091140747,0.0002915679069701,0.0003950095851905
P42228_O08795,0.0022401,0.012938,0.016202,0.4562137722969055,0.0020416947081685,0.3687162101268768
Q9D9D9_Q9D855,0.0024955,0.012947,0.015906,0.005243385676294565,0.0016123940004035,0.0015296005876734
Q18PE0_P59114,0.0023661,0.013242,0.017312,0.0017017184291034937,0.009971153922379,0.5461955666542053
P06240_P06332,0.0021987,0.01303,0.015981,0.054637372493743896,0.0014143721200525,0.0068773482926189
P09055_A0A0U5BC76,0.0026341,0.021379,0.049862,0.05762160196900368,0.996918559074402,0.0003320529649499
Q60793_Q9CQT6,0.0024742,0.013136,0.016041,0.372795045375824,0.0670131519436836,0.0596442632377147
Q62232_Q9Z2F6,0.0023067,0.013393,0.017219,0.1487003117799759,0.9931434392929076,0.0009793563513085
P05627_P16297,0.002408,0.013198,0.015968,0.22333058714866638,0.0002814930339809,0.0033855233341455
P70217_Q08351,0.0023689,0.013259,0.016075,0.10767931491136551,0.0018365985015407,0.0192686468362808
P25916_Q9D8V0,0.0022321,0.012968,0.015903,0.04800710082054138,0.0002665172505658,0.6593608260154724
P10126_P52800,0.0021904,0.012945,0.01591,0.02439255826175213,0.0002119330310961,0.0030758492648601
P04228_Q9EPU5,0.0031962,0.037283,0.048677,0.0503961518406868,0.0074566220864653,0.0004828573146369
A0A2R8VHF7_P61087,0.0021953,0.012993,0.015866,0.06874963641166687,0.0003303349949419,0.0002789490972645
P01801_Q80XZ4,0.0021966,0.014166,0.01699,0.4367731809616089,0.0066300150938332,0.0048055839724838
Q9DC40_Q60876,0.0022189,0.012965,0.016106,0.2152387797832489,0.0059570777229964,0.0168439429253339
Q9D2N4_P06537,0.56097,0.013114,0.016359,0.2595534324645996,0.0098624303936958,0.0153284482657909
Q8N7N6_Q60598,0.0064136,0.013285,0.016499,0.07324352860450745,0.0007020737393759,0.0016082741785794
Q9DAR0_P20937,0.0022261,0.012933,0.015957,0.007645555771887302,0.0002978885604534,0.0036600395105779
P42225_Q99JX3,0.0021782,0.012934,0.016412,0.00488238362595439,0.0046696462668478,0.9503183364868164
Q61190_P08046,0.0022279,0.013297,0.015937,0.14236009120941162,0.0035666837356984,0.0143181346356868
Q3UYV9_Q02248,0.0027526,0.017618,0.035991,0.002275727689266205,0.0230335779488086,0.0024569502566009
O09100_Q04211,0.0021777,0.01294,0.015894,0.006073540076613426,0.0235874447971582,0.5391029119491577
Q91YD9_Q8VH51,0.0041623,0.012973,0.016145,0.23773233592510223,0.0060122129507362,0.000992267159745
Q9JIK5_Q9D6K5,0.0022071,0.013016,0.016434,0.0193893164396286,0.0003370813210494,0.1450677514076233
Q9QZ88_Q9DB77,0.0022341,0.012947,0.015926,0.019191084429621696,0.0003034113324247,0.0061520682647824
P84751_P16872,0.0022051,0.018564,0.025906,0.1646706908941269,0.0179327316582202,0.0022202609106898
P09542_P51683,0.0021994,0.014137,0.017919,0.5308058261871338,0.0003795459342654,0.011160378344357
P18531_Q08024,0.0023226,0.013055,0.016174,0.018028343096375465,0.0015006427420303,0.0001610095641808
P01843_Q9R1P0,0.0021917,0.014037,0.015866,0.06140613183379173,0.0002429899177514,0.0030225524678826
P04228_O88634,0.0025248,0.022553,0.22522,0.001963177463039756,0.0052892379462718,0.0010573010658845
P04925_P10417,0.002329,0.012982,0.016422,0.002322911750525236,0.0003232687886338,0.0366817973554134
P10889_P35343,0.0022705,0.073661,0.11271,0.005860933102667332,0.0022461398039013,0.7133339643478394
O55013_Q9D2R8,0.0022041,0.012951,0.015915,0.015222908928990364,0.0015465925680473,0.0043568830005824
P17182_Q9CWH4,0.0021655,0.012946,0.015938,0.004186233505606651,0.0005953704821877,0.1412612944841385
Q3UYV9_Q9QUM4,0.0022412,0.014014,0.015899,0.1163359060883522,0.0002524477313272,0.0013698340626433
Q80ZV0_P35585,0.0021984,0.012956,0.015924,0.23901112377643585,0.0016440439503639,0.0229980330914258
P38533_Q9D3X8,0.0023318,0.01298,0.015963,0.1798071563243866,0.0166087783873081,0.2629876136779785
Q9JM73_Q61066,0.0021888,0.013019,0.016022,0.24331921339035034,0.0020583793520927,0.0009300838573835
P26369_Q9EPC1,0.0021895,0.012935,0.016024,0.2207350879907608,0.0016330167418345,0.0138883115723729
A0N262_Q9R109,0.0022243,0.01295,0.016006,0.00858840811997652,0.0034408562351018,0.0962211340665817
P31311_Q9CR68,0.0022597,0.01336,0.016101,0.004234300926327705,0.0002279624459333,0.0470672994852066
P97767_P98084,0.0022162,0.012963,0.015954,0.11435133218765259,0.0019562356173992,0.0001906215038616
Q921A6_Q9CQI9,0.0021838,0.013178,0.015916,0.33329665660858154,0.0007104126852937,0.0224743690341711
A2NTU7_Q9JJV2,0.0021969,0.013022,0.015893,0.3703390955924988,0.0003060057933907,0.0743391811847686
Q6PHU5_Q9WV32,0.0022709,0.013095,0.016065,0.006989367306232452,0.0020201518200337,0.009085196070373
Q9D131_Q99J95,0.0023396,0.012988,0.017048,0.014992092736065388,0.0197691079229116,0.0041977264918386
Q8C437_A2N494,0.0022169,0.01663,0.016037,0.42909759283065796,0.0022979925852268,0.0117953270673751
P60122_P01810,0.0022668,0.01325,0.016039,0.035714466124773026,0.0004060287319589,0.0002891955955419
Q99ME6_Q8CII9,0.0023213,0.01342,0.021386,0.24135412275791168,0.0004099028010386,0.0002866766299121
O70174_P70444,0.0021828,0.012959,0.015923,0.2384098470211029,0.0011041647521778,0.1537296324968338
P70218_Q8VCI5,0.0021975,0.012962,0.015949,0.009033933281898499,0.0059285089373588,0.833075761795044
O09044_P63044,0.87566,0.79535,0.023607,0.19640704989433289,0.998770534992218,0.01429726742208
Q8BVM4_P19253,0.0021779,0.012922,0.015912,0.04555527865886688,0.0003502440813463,0.0112636145204305
Q60825_Q9JHL1,0.0022208,0.012984,0.016746,0.5932855606079102,0.0004512097511906,0.00361531926319
P20917_P25801,0.0022217,0.013554,0.015917,0.02313666231930256,0.0044430484995245,0.002972490619868
P08505_P25799,0.0021901,0.013006,0.01597,0.2631678581237793,0.0008540939888916,0.0002640827151481
Q9CQA5_P41241,0.0022071,0.01298,0.016097,0.1711321622133255,0.0007396744331344,0.000266699003987
Q9CZQ9_B2RSH2,0.0021795,0.01303,0.015909,0.20637331902980804,0.001445906353183,0.0226013381034135
Q9WVL2_Q60989,0.002203,0.01303,0.015913,0.3054296374320984,0.0117546841502189,0.0008358621853403
P25911_Q9D131,0.0021989,0.012994,0.016105,0.03292055055499077,0.0016150382580235,0.0006819108966737
Q62179_Q5EE38,0.057728,0.013255,0.019274,0.06092309206724167,0.0013256326783448,0.0081502795219421
Q9DBL9_Q99LY9,0.002213,0.012942,0.015933,0.08420306444168091,0.0028964830562472,0.4859819412231445
P97333_P26350,0.0022058,0.01295,0.015946,0.12521196901798248,0.0027973398100584,0.0004047775291837
A0A0M3KL48_P21784,0.0023506,0.015452,0.01713,0.3638448119163513,0.0045279175974428,0.0004772593383677
P62482_Q62108,0.0021847,0.012962,0.018717,0.04275164380669594,0.0055202050134539,0.0006085122004151
P01749_P97372,0.0021985,0.013282,0.015922,0.21958869695663452,0.0069097089581191,0.854889988899231
P0CG50_Q91WA6,0.0026152,0.014886,0.10008,0.1314246952533722,0.0247330050915479,0.0005340711795724
P04351_P49615,0.0022108,0.013012,0.016477,0.11918658018112183,0.0011044976999983,0.0486499816179275
P15314_P22366,0.0021943,0.012935,0.015938,0.05486975237727165,0.0015565931098535,0.012523490935564
Q61699_O35683,0.0022264,0.013012,0.015894,0.16879162192344666,0.002472972497344,0.0011644379701465
P26043_P24604,0.002213,0.013031,0.02201,0.01915168948471546,0.0061488589271903,0.0001709741482045
Q9WUL7_Q8CDU5,0.0022251,0.013097,0.015932,0.1241125762462616,0.0059138797223567,0.0120834847912192
O70374_Q9CQI9,0.0079117,0.016504,0.015926,0.119785375893116,0.0024018678814172,0.002118909265846
G5E8A8_F7BJB9,0.70737,0.80009,0.015977,0.0804969072341919,0.0011414884356781,0.0002277048042742
Q80V24_Q06890,0.0022126,0.013,0.016183,0.30899888277053833,0.0005510823684744,0.8876504898071289
O35730_Q9CQJ4,0.24514,0.013236,0.051783,0.029935818165540695,0.9989547729492188,0.0224385280162096
Q8C437_P01865,0.0022113,0.015031,0.015946,0.05094508081674576,0.000436250178609,0.740853488445282
P55258_Q9QXV1,0.0022811,0.013396,0.016253,0.04105838015675545,0.0020084287971258,0.1354804784059524
Q91YE7_Q9EPK5,0.021856,0.012971,0.016266,0.02338556759059429,0.9955174326896667,0.319521963596344
Q9JM73_P62862,0.0021899,0.013024,0.016135,0.1707313358783722,0.0051286993548274,0.0215475652366876
Q63943_Q60953,0.0023194,0.013155,0.016006,0.08135826140642166,0.0027718222700059,0.0125027392059564
Q9JHS3_P28741,0.0021975,0.01345,0.015908,0.15949906408786774,0.0013954518362879,0.0025561517104506
Q8K4B2_P48787,0.0023275,0.012976,0.016031,0.0037887950893491507,0.0013816561549901,0.0004540607042144
Q9WV86_Q9R111,0.0021844,0.013025,0.015899,0.07138825953006744,0.0012192107969895,0.0038428066764026
Q8BLC3_Q9JLQ2,0.0021957,0.013096,0.0161,0.01558383647352457,0.0010692705400288,0.0020452216267585
Q99N87_Q9D9T8,0.0021946,0.012943,0.015918,0.2291211187839508,0.0006087189540266,0.0004484450619202
P04370_B5KM66,0.0022139,0.012954,0.015878,0.04517791047692299,0.0019617148209363,0.0003233069728594
Q8BFU0_Q91XL9,0.0021938,0.013119,0.016092,0.005208591930568218,0.001497566467151,0.0031478162854909
Q8BH43_P01631,0.0021913,0.012996,0.015925,0.19079720973968506,0.000348883040715,0.0555198639631271
Q3UIU2_Q9CQJ4,0.002259,0.013051,0.015908,0.015845421701669693,0.0002346872061025,0.032936654984951
P16297_Q9DAM2,0.0022086,0.012993,0.016303,0.24586255848407745,0.0018508142093196,0.0010399578604847
P03911_Q9JJV2,0.0021825,0.012988,0.015874,0.01429691817611456,0.0003044100594706,0.0076557463034987
Q80XE1_Q61171,0.0021775,0.013025,0.015915,0.011551178991794586,0.0014242647448554,0.003310159780085
P59114_Q8C669,0.0022015,0.012928,0.015969,0.07359610497951508,0.0015949688386172,0.000362860126188
O55033_O08582,0.0022041,0.013015,0.016123,0.09906760603189468,0.0030918384436517,0.0004261528083588
Q61188_Q9WU39,0.0023862,0.012938,0.01701,0.06288988143205643,0.0002491802442818,0.5274843573570251
Q8CIB5_Q60793,0.010811,0.012943,0.016006,0.256585031747818,0.005247107706964,0.0003186553367413
P68368_Q9R109,0.0021726,0.012996,0.015912,0.002235214225947857,0.0103574087843298,0.0002123679150827
Q8C0X7_Q9R190,0.0021946,0.013027,0.016148,0.014756622724235058,0.0002886270813178,0.0003681861271616
P31324_P02089,0.0022146,0.013022,0.017042,0.07772107422351837,0.001961835194379,0.0004136440402362
Q9WU78_Q9D8B4,0.0022556,0.012942,0.015888,0.4407399594783783,0.0002698527241591,0.0775988101959228
Q6X6Z7_P01580,0.002214,0.013011,0.015891,0.016456037759780884,0.0030137856956571,0.0038066816050559
O35228_P04224,0.0023734,0.070215,0.27083,0.06089285761117935,0.2785901129245758,0.0276199337095022
P27870_P60879,0.002341,0.012946,0.015962,0.28768908977508545,0.0006672136369161,0.0046575875021517
Q61171_Q62108,0.0021936,0.012991,0.015953,0.0086241215467453,0.0005032801418565,0.0042570559307932
Q9WVE0_Q6PAT0,0.0021912,0.013024,0.019239,0.00206601875834167,0.9914364218711852,0.0684095099568367
Q8BVZ5_Q6R891,0.0021878,0.012943,0.01596,0.04868638888001442,0.000582662585657,0.0004158676601946
Q505F1_P18531,0.0021973,0.015151,0.016365,0.0906388983130455,0.0038036576006561,0.0522657819092273
Q9QYS2_Q5F201,0.0022415,0.013012,0.017945,0.009331627748906612,0.0003031982050742,0.0011937079252675
P15806_Q9ES46,0.0026045,0.012955,0.015934,0.38366618752479553,0.0057811778970062,0.6748581528663635
Q80ZK0_P81270,0.0021959,0.012948,0.015918,0.12283962965011597,0.0006432213704101,0.0002801794325932
P28700_Q9D7W5,0.0025195,0.012978,0.015909,0.06430104374885559,0.0002425584680167,0.0004475386522244
P26049_P30051,0.0022097,0.012933,0.015962,0.06104472652077675,0.0005517924437299,0.000365023210179
P59114_Q9CPU2,0.002246,0.012992,0.015961,0.5758461952209473,0.0011039044475182,0.0006484211771748
Q8VDS3_P41241,0.0022111,0.013126,0.016899,0.10556875169277191,0.0025369022041559,0.9081106185913086
P46935_Q8R0W6,0.002238,0.012932,0.015905,0.22423437237739563,0.0081969955936074,0.0030231659766286
P13504_Q62406,0.0021902,0.012977,0.016072,0.018688419833779335,0.0004066452383995,0.8250623941421509
P01808_Q5XJY5,0.0022044,0.012973,0.015885,0.10476796329021454,0.0032494815532118,0.0150141827762126
Q8BYM5_A2AIP0,0.0029913,0.013122,0.017262,0.008414019830524921,0.0013975426554679,0.2206991761922836
Q9D9U9_Q8VD72,0.0022138,0.013094,0.016005,0.005917719099670649,0.0043379575945436,0.0001550975284771
Q60803_Q8VDU0,0.0022289,0.013396,0.016899,0.0055711534805595875,0.000604246451985,0.0002311268763151
Q8K479_P06869,0.0023338,0.030079,0.026952,0.16185691952705383,0.0075638992711901,0.0760791152715683
O54972_P22091,0.025994,0.013405,0.017346,0.025108834728598595,0.958142876625061,0.0003257772768847
P52189_Q8VEG6,0.0021955,0.01296,0.016029,0.032145533710718155,0.0036580157466232,0.0035911155864596
A2ARP9_Q8VIG3,0.0021757,0.012942,0.033836,0.0066992128267884254,0.0005135373212397,0.0044143674895167
Q7TS98_Q9D8T2,0.0021906,0.014263,0.016083,0.3311712443828583,0.0011107206810265,0.0009357780218124
P62881_P16951,0.0064203,0.014042,0.016107,0.08685974031686783,0.0697735175490379,0.0044072209857404
Q99M51_P54763,0.0022077,0.01302,0.045955,0.02697553113102913,0.0043947123922407,0.0011740284971892
Q9JIE6_Q8BH43,0.0022355,0.012973,0.016017,0.09996101260185242,0.0002409753360552,0.6765754222869873
Q80VW5_P70445,0.002185,0.012943,0.016011,0.027886739000678062,0.8275454640388489,0.0119667286053299
P60879_P09632,0.0022528,0.012957,0.015913,0.1065298393368721,0.0007895420421846,0.0040202266536653
P30051_Q02242,0.0022117,0.012964,0.015999,0.00984354317188263,0.0002662310434971,0.0957629382610321
O88508_Q6A037,0.0022615,0.012988,0.016259,0.06296999007463455,0.0490992739796638,0.0010611154139041
Q08024_P01666,0.0022256,0.012988,0.015898,0.04508248716592789,0.0005963361472822,0.0004808187950402
O88522_Q60778,0.0033049,0.013848,0.017314,0.2735556364059448,0.0431294403970241,0.0060102208517491
Q8R4G0_Q01114,0.017087,0.015295,0.29602,0.17689862847328186,0.0031287828460335,0.0052337972447276
P01592_P70434,0.0022144,0.012952,0.016171,0.004091602750122547,0.0013141555245965,0.0620718263089656
P23798_Q9CQJ4,0.31534,0.013236,0.03401,0.4415968954563141,0.9990108013153076,0.025885734707117
D2YW38_Q9DAK2,0.0021724,0.012964,0.015896,0.0452258326113224,0.0004124389961361,0.0018647309625521
G5E8A8_Q8CCI5,0.0022096,0.012949,0.015895,0.27189862728118896,0.0005856448551639,0.0007229348411783
P40764_Q9D4Q1,0.0023225,0.012972,0.015925,0.10773461312055588,0.0013144622789695,0.0666613057255745
O88513_P16092,0.0032543,0.013008,0.017434,0.007262667175382376,0.0002662632905412,0.02935610152781
Q61771_Q9QZL0,0.053579,0.013125,0.023147,0.0010348940268158913,0.0078898109495639,0.0004402382473926
Q04211_V9GXK1,0.0022503,0.012932,0.01598,0.028921285644173622,0.0035873602610081,0.0001791244285413
Q04211_Q99LT0,0.0021997,0.013139,0.016012,0.1589750349521637,0.0021508303470909,0.0334830582141876
P70441_Q9D823,0.0021843,0.012968,0.015926,0.11038707941770554,0.0005623134202323,0.0003238431527279
Q91WQ5_Q9ES46,0.0022027,0.013262,0.016211,0.07335152477025986,0.0090862344950437,0.0040906625799834
Q9EPL2_Q3HNM7,0.002223,0.01332,0.030102,0.01584547385573387,0.0037437414284795,0.775966465473175
P47941_P97318,0.0026026,0.012978,0.017295,0.20405535399913788,0.0129678901284933,0.0012186609674245
Q811G0_Q9CWF6,0.0024188,0.01573,0.035473,0.15080749988555908,0.0177131853997707,0.001107420772314
P27870_Q8K3K8,0.018526,0.12844,0.016245,0.004969301633536816,0.0038178784307092,0.0002501411945559
Q9WVI9_Q62179,0.021136,0.01315,0.017282,0.24857421219348907,0.0006469095242209,0.000705242564436
Q62158_O88786,0.0022449,0.013738,0.016484,0.005669411271810532,0.0004318574501667,0.0800161510705947
Q9QXL8_Q08509,0.0021755,0.012936,0.015903,0.004674790892750025,0.0004611378826666,0.0003748061426449
P54775_P61979,0.002206,0.013017,0.016213,0.03483083099126816,0.0027876745443791,0.00965076405555
Q9DBR4_Q3HNM7,0.0023405,0.013169,0.018494,0.05212628096342087,0.0274269450455904,0.0267833434045314
Q811G0_P29351,0.0021911,0.013039,0.016026,0.0626964345574379,0.0003961331385653,0.0122066382318735
Q9JJV2_Q68EF6,0.002173,0.012933,0.016005,0.18953032791614532,0.0010265808086842,0.0288216341286897
Q3TWN3_Q64373,0.0022129,0.012967,0.016057,0.07302223145961761,0.0003282811667304,0.0002378596836933
Q924T2_Q8VDS3,0.0021874,0.012958,0.016072,0.04169563204050064,0.0003855953691527,0.0025585028342902
P98156_Q8VE22,0.0021995,0.012955,0.015881,0.01589730940759182,0.0008798741037026,0.0259262640029191
Q91Y44_Q99J95,0.002814,0.013006,0.016403,0.05690181627869606,0.0448072627186775,0.0129049252718687
Q9D6K5_O88602,0.0024626,0.012956,0.016203,0.0015434501692652702,0.0015701872762292,0.0154674015939235
Q059U7_Q9CR57,0.0021897,0.013024,0.015909,0.19064642488956451,0.0002734759473241,0.009700552560389
Q14B62_Q91WG4,0.0022567,0.013179,0.016122,0.07593122124671936,0.0004567767609842,0.0084058009088039
P63325_Q8VDS3,0.0021901,0.012932,0.015944,0.03043285571038723,0.0006663742824457,0.1398461610078811
P29341_Q9D9U9,0.0052794,0.01319,0.016219,0.015629088506102562,0.0207215156406164,0.0001807161024771
Q9CWH4_P05977,0.0021819,0.01303,0.015891,0.1229311153292656,0.0026064903941005,0.0002276348968734
Q8VCW4_P24604,0.0022058,0.013059,0.019819,0.4207334816455841,0.0002927469613496,0.767110288143158
Q91V27_Q9ERI2,0.0023677,0.013215,0.016253,0.0757208839058876,0.0861404091119766,0.1025799661874771
Q9WVR4_Q61249,0.0021863,0.012939,0.015926,0.08105351775884628,0.0019463828066363,0.0209785047918558
P13297_O88513,0.0041559,0.013073,0.015955,0.0746757909655571,0.0054690749384462,0.0118619706481695
Q8BHN3_P60879,0.0022028,0.01293,0.015891,0.044883109629154205,0.0009562041959725,0.0018063206225633
P28574_P68040,0.0022297,0.013392,0.015949,0.011305995285511017,0.0017521098488941,0.0023752653505653
Q7TSZ8_A6H6Q4,0.0021815,0.012941,0.015938,0.2338724136352539,0.0035592943895608,0.0147871850058436
Q61391_Q61045,0.0021831,0.013005,0.015984,0.3203738331794739,0.0002866643480956,0.0066613322123885
B5KM66_Q505B8,0.014844,0.43401,0.017221,0.2473757266998291,0.998307466506958,0.8055415749549866
Q6KB05_P42669,0.0022196,0.013004,0.016515,0.09543239325284958,0.0121318846940994,0.00088856741786
Q9CPX8_Q5BN45,0.0028267,0.012956,0.015899,0.2890751361846924,0.0005280400509946,0.741917610168457
Q8VCS6_P68040,0.0022237,0.012936,0.015917,0.05315402150154114,0.0020258056465536,0.4274697005748749
Q63739_Q9D125,0.002182,0.012939,0.015901,0.0593915693461895,0.001215998083353,0.000573935220018
P62743_Q8R0L9,0.0021845,0.012939,0.015968,0.04332587867975235,0.0009271106682717,0.0056057050824165
P14719_Q69Z66,0.0021955,0.012951,0.016022,0.0028902199119329453,0.0003765737928915,0.0117731923237442
Q9Z0W1_P52503,0.0022777,0.25538,0.15388,0.01615995168685913,0.0002393121394561,0.0396987199783325
P41778_P99028,0.0023233,0.012932,0.01589,0.24625492095947266,0.0025015622377395,0.1596582382917404
P23204_P28700,0.0056181,0.24496,0.66934,0.007042143028229475,0.9989240765571594,0.0010694517986848
Q7TSN7_P01821,0.076125,0.4868,0.46667,0.14797835052013397,0.0862356200814247,0.1343054920434951
P98078_Q9D8T2,0.0022099,0.013107,0.015993,0.023782474920153618,0.0016320950817316,0.0003016878617927
Q9QZ88_P01635,0.0022341,0.013141,0.015988,0.030069448053836823,0.000338773796102,0.0002424116391921
Q8K2G4_Q9CWF6,0.0022585,0.014499,0.027686,0.008209176361560822,0.0460499972105026,0.005007498897612
O35593_P19785,0.0022247,0.01306,0.01607,0.1107085719704628,0.0018393479986116,0.0001751969539327
Q9CY16_Q91V27,0.0022095,0.012992,0.016056,0.014961323700845242,0.0007432763231918,0.0036075685638934
Q9DCA2_Q8CCI5,0.0021892,0.012991,0.015907,0.3548084795475006,0.0003332644701004,0.0033610670361667
Q8C6B2_Q9QUM9,0.0021714,0.012934,0.015905,0.08864165842533112,0.0002140401338692,0.1129990220069885
O70394_A2A825,0.0022146,0.013159,0.01613,0.07976403087377548,0.0011240842286497,0.0006813931395299
O88602_P55258,0.0022165,0.013045,0.016004,0.09778924286365509,0.0023971949703991,0.7637585401535034
P51141_Q8BVM4,0.0021788,0.01304,0.015903,0.052305713295936584,0.0121229160577058,0.0084766624495387
O88485_Q64364,0.0022841,0.013057,0.015903,0.1608624905347824,0.0015139710158109,0.1613140553236007
O35717_P70343,0.0021775,0.01297,0.016011,0.5983856320381165,0.0105057973414659,0.0023709926754236
P51150_A0A0U5BC76,0.0022032,0.063916,0.016905,0.033292774111032486,0.0004071195726282,0.0058730426244437
P61967_P00416,0.0022046,0.012942,0.015876,0.02377062290906906,0.0002919153193943,0.000424846279202
Q9CPU2_O70274,0.0022584,0.012963,0.016011,0.008118893019855022,0.0008929068571887,0.7297857999801636
Q3TWN3_Q99JY8,0.0022517,0.014396,0.0298,0.07395871728658676,0.0007688649347983,0.0499009676277637
P68372_P18526,0.0025699,0.013793,0.015937,0.05746576562523842,0.0019959090277552,0.2469448298215866
Q8BGU5_P60879,0.0022827,0.012932,0.015906,0.16063129901885986,0.000784353876952,0.0034121642820537
P61967_Q8CDJ3,0.0022154,0.012928,0.015924,0.033444587141275406,0.0011763419024646,0.0075416322797536
P28574_Q99ML1,0.0023475,0.013142,0.015884,0.26438215374946594,0.0011128282640129,0.0027387698646634
Q9WVK0_Q9JIK5,0.0022183,0.012941,0.015895,0.0028348069172352552,0.0005060861585661,0.0010006255470216
Q811D0_Q9WU39,0.0022115,0.012943,0.016028,0.05835635960102081,0.0010261837160214,0.2089864611625671
Q61084_Q62192,0.0021822,0.012983,0.016095,0.17203868925571442,0.0010085438843816,0.0004526606935542
P29341_Q8CJG0,0.0021772,0.012962,0.016215,0.19855986535549164,0.0023309760726988,0.0010958700440824
Q3V3N7_Q8C669,0.0022426,0.012955,0.016665,0.27907904982566833,0.0012596084270626,0.0001568441075505
O55203_P26049,0.0021918,0.012927,0.015967,0.0059116436168551445,0.0027181555051356,0.0003468532522674
P61092_P97371,0.0021845,0.013016,0.015927,0.1448020190000534,0.0002843218971975,0.0026075369678437
Q8R0W6_C0HKE3,0.0025372,0.013006,0.015921,0.03683621063828468,0.0002721167111303,0.2342169135808944
Q62192_P16054,0.0022077,0.013616,0.016073,0.016941258683800697,0.0039772307500243,0.0118960402905941
Q9CQJ2_Q9D9U9,0.0021841,0.012939,0.015913,0.009097321890294552,0.0008347469847649,0.0003695207415148
Q9D8C6_P01660,0.0022213,0.013408,0.015876,0.057139791548252106,0.0004068386915605,0.0007276373216882
P27512_P39429,0.0022513,0.013261,0.016352,0.16898325085639954,0.0005726172821596,0.1124864444136619
Q9JKV1_Q9QXL8,0.002178,0.012968,0.015907,0.004597418941557407,0.0005610288353636,0.0002244884672109
Q61083_Q61221,0.0084105,0.013032,0.01624,0.3025593161582947,0.0012736024800688,0.0107806706801056
P01801_Q9D9V4,0.0021829,0.012943,0.015871,0.27413833141326904,0.0480648875236511,0.0004067801055498
P61080_O08586,0.0021837,0.013197,0.015906,0.015876615419983864,0.0017218383727595,0.0196317080408334
P01108_P28574,0.45223,0.040424,0.059069,0.06587415188550949,0.0116320783272385,0.8704021573066711
P16951_P47811,0.0035268,0.013031,0.016411,0.08658535033464432,0.0817921012639999,0.2409570664167404
O35963_P16297,0.0022325,0.014899,0.017517,0.20583657920360565,0.0005530134658329,0.0008694270509295
Q924X6_Q9ERE9,0.0025154,0.013336,0.018325,0.08985418826341629,0.0010316426632925,0.3837533295154571
Q9DBL9_P23798,0.0021841,0.013028,0.015965,0.07469690591096878,0.0004197677480988,0.1474095433950424
Q9ERK7_P18524,0.0061827,0.44043,0.49107,0.10910450667142868,0.2813772857189178,0.0005730567499995
Q99P58_Q9ES57,0.0021991,0.013822,0.016061,0.23825332522392273,0.0003376360982656,0.0253358390182256
Q8VCD5_D2D553,0.002232,0.012916,0.016014,0.48070818185806274,0.0076602762565016,0.0005542798899114
P63330_Q61249,0.0021866,0.012989,0.016158,0.23880189657211304,0.0298883542418479,0.0178042389452457
Q5R1B3_Q63943,0.0021788,0.013104,0.015958,0.06767718493938446,0.0007071293075568,0.0068310392089188
Q9QUK6_O08543,0.0022259,0.019585,0.027064,0.15830892324447632,0.9957321286201476,0.0775926858186721
Q6A037_Q80WG5,0.0026826,0.012951,0.01606,0.0031916878651827574,0.0007159041124396,0.0004621896950993
Q9WTL8_P70452,0.0059446,0.013005,0.015912,0.0302848182618618,0.0014071615878492,0.0038193131331354
Q08369_Q99MH5,0.0021677,0.01294,0.015885,0.03482898697257042,0.0008866151329129,0.0003199573548045
P01801_O54828,0.0021961,0.013,0.015899,0.0695313960313797,0.0032446046825498,0.0023320110049098
P97371_Q9CXU1,0.0022427,0.013286,0.015945,0.10131249576807022,0.0143207125365734,0.0008605119073763
Q99PT1_P52189,0.0021984,0.01305,0.016107,0.13675116002559662,0.0015490679070353,0.0001602028060005
Q6PHZ2_P70326,0.0021957,0.013072,0.022645,0.3148987889289856,0.012430134229362,0.0215833522379398
Q6ZWY3_Q8VEA4,0.0022266,0.012969,0.015926,0.042179860174655914,0.0013104247627779,0.1900170147418975
P62309_Q9CQ20,0.0021878,0.01295,0.015872,0.11295785009860992,0.0002311833086423,0.705440878868103
B5KM66_P27512,0.0022789,0.012956,0.015893,0.04378022253513336,0.0004412281268741,0.0212725885212421
P04228_Q80WG5,0.0022435,0.014758,0.016383,0.27541035413742065,0.0005622571334242,0.0695714652538299
Q99KP6_P54818,0.0022359,0.012951,0.01589,0.0024162051267921925,0.0003558980824891,0.0005231814575381
P63323_P30051,0.0021732,0.012922,0.01589,0.34877780079841614,0.0004993427428416,0.0004016644088551
Q61327_A0A2R8VHF7,0.0022773,0.012936,0.015887,0.014713440090417862,0.0013644652208313,0.9558711051940918
P01592_Q9CXY6,0.0021874,0.012926,0.017487,0.39178022742271423,0.0007717939442954,0.0029665061738342
P35991_B5KM66,0.0022159,0.012951,0.016044,0.011528681963682175,0.0046262079849839,0.0002202083269366
Q922G7_P10749,0.0022358,0.012926,0.015905,0.0077400123700499535,0.0015126962680369,0.0002745666715782
Q60973_Q9CWH4,0.0021905,0.01305,0.016004,0.13369661569595337,0.0005339869530871,0.001140471198596
Q9Z2Q6_Q99ME6,0.0021882,0.012947,0.015984,0.053253114223480225,0.0004004604415968,0.0006528700469061
P26450_Q61006,0.0021909,0.013016,0.017783,0.02293543890118599,0.0004611728654708,0.0594569034874439
Q148A4_Q9WUL7,0.0021788,0.013305,0.015886,0.020558273419737816,0.0093317851424217,0.0005884898710064
Q3TNS5_Q64337,0.0021919,0.012973,0.016251,0.1958651840686798,0.0033080806024372,0.0003562157799024
P01665_Q9CQY1,0.0021957,0.012971,0.01588,0.22120118141174316,0.0024650287814438,0.984521210193634
P01851_Q6P3B9,0.0022768,0.013292,0.016765,0.004034218844026327,0.0003579776966944,0.0320129580795764
P70343_Q2TBA3,0.0022158,0.012978,0.016183,0.014954156242311,0.9985949397087096,0.0519176386296749
P0CG50_Q6R3M4,0.0023136,0.013084,0.016033,0.11086278408765793,0.0002526637399569,0.0543417781591415
Q8BVM4_P06804,0.0021847,0.01296,0.015897,0.027142982929944992,0.0002571535005699,0.0003451219236012
Q8R2X8_P70196,0.91743,0.9254,0.016006,0.04105834290385246,0.0019769836217164,0.1146994084119796
Q9D2N4_P22366,0.0021866,0.01296,0.015915,0.09875903278589249,0.0069201975129544,0.5647227168083191
O55203_P01820,0.0022416,0.013009,0.015899,0.042892154306173325,0.0068503734655678,0.0006243798416107
Q9D4Q1_Q8VCD5,0.0022161,0.01293,0.016052,0.21947871148586273,0.0008640692103654,0.0025323971640318
P48346_Q3UIU2,0.0022228,0.012923,0.015955,0.03872617334127426,0.0002606067573651,0.0475517287850379
Q3V3N7_P46414,0.002303,0.012934,0.01619,0.0016104900278151035,0.0347614996135234,0.9612295627593994
P01647_P51943,0.0021931,0.013,0.015943,0.29676657915115356,0.0008814146276563,0.0003329605679027
Q9Z0X1_Q2VPU4,0.0022081,0.013017,0.01595,0.0014691371470689774,0.0004869681433774,0.002688554348424
Q2VPU4_P41778,0.22005,0.013004,0.016187,0.43897590041160583,0.9872351288795472,0.0002149873180314
Q9ES57_Q65ZC0,0.020356,0.48509,0.057568,0.05510185658931732,0.9735872745513916,0.1310984343290329
Q9WTV6_Q60680,0.0022569,0.012955,0.017045,0.015963293612003326,0.0011614330578595,0.0007047947729006
Q80XZ4_Q59J78,0.00222,0.012973,0.015919,0.06037195026874542,0.0006247367709875,0.3312511444091797
Q8VCS6_P28574,0.0025825,0.01413,0.015902,0.15927186608314514,0.0015226614195853,0.0455067381262779
P03966_Q5BKP2,0.0022348,0.012968,0.015973,0.04665302112698555,0.0017208460485562,0.0007120502996258
P42582_Q9R049,0.0024987,0.013081,0.015986,0.25401246547698975,0.0003499463200569,0.0003140101907774
P03903_Q9CZ82,0.0023112,0.012928,0.015866,0.08119965344667435,0.0002514388470444,0.0004636505327653
P18572_Q811G0,0.002248,0.012985,0.016105,0.004496665671467781,0.0011013094335794,0.0264553502202034
Q2MH31_P16092,0.002208,0.013014,0.019632,0.02218281477689743,0.0016121240332722,0.0024965889751911
Q9CSN1_Q60954,0.020185,0.012944,0.016238,0.17365673184394836,0.0098601263016462,0.0512645468115806
Q9JHL1_A0NA69,0.0022251,0.013311,0.016178,0.030216220766305923,0.0089090755209326,0.0588204264640808
Q61686_Q924T2,0.0021757,0.012953,0.016169,0.08377812057733536,0.0006620147032663,0.1998978406190872
Q9EP73_P46938,0.0021944,0.013101,0.015888,0.0072507476434111595,0.0007675534579902,0.0184641573578119
P97371_Q61207,0.0021915,0.012942,0.01638,0.003680578665807843,0.0004108377615921,0.0339550748467445
Q9DA80_Q8K245,0.0023138,0.01302,0.01593,0.05566505342721939,0.0018173047574236,0.2785355448722839
P42866_Q91XV3,0.0021961,0.013239,0.015853,0.06191594526171684,0.0016497406177222,0.0169054009020328
Q9DB40_Q60770,0.0021837,0.012921,0.015928,0.011780418455600739,0.0003477274731267,0.0003750722680706
P24604_P22682,0.0022076,0.01309,0.016422,0.10752832144498825,0.0014969832263886,0.1299487501382827
Q9ES46_P01647,0.0021857,0.012991,0.015912,0.2077757567167282,0.0019356120610609,0.0020646220073103
Q9DAM2_P62137,0.0021727,0.027889,0.019009,0.030664481222629547,0.0115534272044897,0.0002411930036032
Q8BK72_Q64329,0.0022083,0.016353,0.029288,0.050248898565769196,0.0002331856376258,0.0008291252888739
P16054_P47713,0.002196,0.013052,0.016238,0.21771672368049622,0.514188289642334,0.0226205736398696
Q9CWF6_O09061,0.0022164,0.012923,0.01592,0.009619259275496006,0.0002845673006959,0.0022603804245591
P18469_Q68EF6,0.0021964,0.013682,0.016392,0.018764205276966095,0.0010326023912057,8.867428550729528e-05
Q9QWH1_P24860,0.0026994,0.012951,0.015935,0.07928229123353958,0.0031094679143279,0.0089276926591992
P62281_Q80Y75,0.0022523,0.013894,0.015937,0.08582881093025208,0.0002253011625725,0.006178599782288
O54784_Q9WVR4,0.0023759,0.013057,0.016541,0.025599977001547813,0.0003877976268995,0.0910979062318801
P62806_P52800,0.0021878,0.012974,0.01593,0.07051440328359604,0.0002405428676865,0.0011497252853587
Q8CCI5_Q03347,0.0031221,0.012993,0.01599,0.05796283110976219,0.0084292981773614,0.0006029546493664
Q9R0Q1_P30882,0.0022103,0.013054,0.016326,0.006320806685835123,0.0010313758393749,0.2379648089408874
Q99MZ3_P08046,0.56436,0.013239,0.016069,0.1423821598291397,0.0617974996566772,0.0005774141754955
O54972_Q8R0L9,0.0024375,0.013041,0.015919,0.40206852555274963,0.0016092041041702,0.6922462582588196
P11103_Q8CFI0,0.0022304,0.01293,0.016127,0.008687607012689114,0.0015405121957883,0.0001980941015062
P15105_Q9D131,0.002195,0.012926,0.015938,0.0858827456831932,0.0003142192144878,0.0017590549541637
Q80WG5_P49615,0.0021904,0.013001,0.017003,0.07394465059041977,0.0003193049342371,0.0004152951878495
Q9EPU5_Q91V61,0.0024165,0.01293,0.015914,0.3423503637313843,0.000410479522543,0.3627195656299591
P01642_Q07440,0.0023268,0.013375,0.015923,0.020088793709874153,0.0079211695119738,0.0005114299710839
Q61179_Q8VDM4,0.0022115,0.013085,0.016011,0.16604553163051605,0.0161289125680923,0.0002467510639689
Q9DA80_Q9CVD2,0.0023702,0.012932,0.015942,0.3576062321662903,0.0007461679633706,0.0006348069291561
P68373_P38533,0.0021821,0.013076,0.015966,0.1913680136203766,0.0034266996663063,0.7254191637039185
Q61337_Q9JIF7,0.0022242,0.013068,0.015994,0.07106976956129074,0.001155687845312,0.0016185836866497
P58252_Q6DIA7,0.0021741,0.012961,0.015981,0.40747421979904175,0.0011051681358367,0.1563927978277206
Q9JJY9_Q9CXW2,0.0022437,0.59728,0.77627,0.0095455851405859,0.0004113279865123,0.0004292772209737
Q5SRX1_Q9JIL4,0.0024478,0.013053,0.017276,0.0015793804777786136,0.9986007809638976,0.2390263825654983
P18052_P70326,0.0030798,0.013034,0.016386,0.04759532958269119,0.0013582070823758,0.0009332675253972
Q9D8T2_P22315,0.0021735,0.01295,0.015937,0.04392482712864876,0.0004287046613171,0.0008912697667255
Q9WUL5_P23819,0.0024849,0.016455,0.019654,0.04825166240334511,0.0029774352442473,0.1025470197200775
P39429_Q8R0L9,0.0024062,0.013107,0.015955,0.04860609397292137,0.0004612405318766,0.0004291021032258
Q9CZX8_Q9D9D8,0.0021839,0.012944,0.01594,0.18350787460803986,0.0002584458561614,0.0051215272396802
Q9D1J1_O88509,0.002277,0.012966,0.01603,0.32545244693756104,0.0139301102608442,0.1039811745285987
Q9CQJ2_P47713,0.0022055,0.012919,0.015911,0.0004073457093909383,0.0005094040534459,0.0049982774071395
Q99N84_Q9R233,0.0022251,0.14649,0.10477,0.14339163899421692,0.0006181233911775,0.1318956166505813
E9Q9F6_Q03526,0.0021991,0.012959,0.01596,0.05002473294734955,0.0004151087487116,0.00056079600472
Q80X85_Q8K2G4,0.0022154,0.012987,0.015918,0.12347006797790527,0.0002319646882824,0.0005238525336608
Q80US8_Q99LX0,0.0021701,0.012966,0.015888,0.10414744168519974,0.0002291629498358,0.0003342329873703
O70274_P52946,0.0022214,0.012986,0.022768,0.23891636729240417,0.0042790900915861,0.0070689376443624
P01592_P50540,0.0022055,0.012966,0.015931,0.33998262882232666,0.0004136388888582,0.4701504111289978
Q99LC4_P16297,0.0026038,0.026885,0.11895,0.025289850309491158,0.3918374478816986,0.0034750059712678
Q99L88_Q9D2N4,0.003183,0.013074,0.016022,0.016790376976132393,0.0121505409479141,0.0107341445982456
Q62108_Q8C1B7,0.002835,0.013443,0.016421,0.14186351001262665,0.007393657695502,0.1840477883815765
O88448_Q9CQR7,0.0022014,0.015254,0.015896,0.3183950185775757,0.0409801788628101,0.0397552475333213
Q8BJQ4_Q9D9D9,0.0022476,0.012955,0.015913,0.03875159099698067,0.0023350971750915,0.0746290758252143
P63005_Q9ERR1,0.093891,0.013505,0.01605,0.49284207820892334,0.0077274315990507,0.9282509088516236
P97377_Q9CQP8,0.0022387,0.012969,0.017064,0.14251552522182465,0.1819589883089065,0.4391866028308868
O88703_O88188,0.0021952,0.013089,0.027388,0.005429422482848167,0.0017128580948337,0.0464883185923099
Q61301_P51667,0.0021898,0.013058,0.015898,0.18377235531806946,0.0015838328981772,0.0038103468250483
Q99LM9_Q8CDT5,0.0022112,0.01296,0.016009,0.24853013455867767,0.0016166215064004,0.0085465805605053
Q9Z2Q6_Q5BN45,0.002194,0.012961,0.015958,0.02248442731797695,0.001045751851052,0.0429399721324443
Q06507_P03966,0.034545,0.030805,0.016985,0.017451828345656395,0.0022392363753169,0.0003517873701639
P70297_Q62170,0.0027635,0.01307,0.015913,0.05824615806341171,0.0005308193503879,0.001085314550437
Q2TBA3_P40226,0.0022537,0.013169,0.024897,0.044008560478687286,0.0038703449536114,0.0005619897856377
P62874_Q9CY16,0.0022173,0.013769,0.015953,0.13181759417057037,0.0015726876445114,0.2665389776229858
Q61881_P07750,0.0021873,0.012953,0.015894,0.4915344715118408,0.0043643894605338,0.0043038567528128
Q8K3K8_Q9WUN2,0.087516,0.071052,0.016228,0.011036134324967861,0.0092889163643121,0.0064399451948702
Q9Z0X1_P63017,0.0030953,0.013123,0.015929,0.06431185454130173,0.000290250784019,0.0090837581083178
Q8CDI2_P62862,0.0022356,0.013004,0.017612,0.3597874939441681,0.008528409525752,0.0026629560161381
Q3TWN3_Q03347,0.025791,0.013191,0.018242,0.39551082253456116,0.0014437359059229,0.041288461536169
Q78JW9_P63017,0.0022148,0.012995,0.017027,0.022134266793727875,0.0203874260187149,0.0085209775716066
Q31099_Q9D4K7,0.0021888,0.012946,0.016035,0.03151126578450203,0.0009911980014294,0.1046254709362983
P97465_D2D553,0.0021864,0.012924,0.015912,0.11612695455551147,0.002586567774415,0.0015848956536501
P46935_Q9WU38,0.0022596,0.012925,0.016096,0.04797593876719475,0.0004634134820662,0.0008657107246108
P83882_P14719,0.0021924,0.012926,0.015947,0.025218430906534195,0.0002292355202371,0.0091515788808465
P41274_P18572,0.0022594,0.034186,0.027056,0.2082299143075943,0.0011693660635501,0.0012905476614832
Q9DAU1_P49138,0.0021764,0.01302,0.016738,0.01650097779929638,0.0008759253541938,0.0029693082906305
P63073_P13405,0.002174,0.012935,0.015997,0.009463110007345676,0.0006881291628815,0.0008949029725044
Q8BJZ4_P17679,0.0022402,0.01385,0.016233,0.1402999758720398,0.0007063507218845,0.0009979840833693
Q99KP6_Q60760,0.0022454,0.047595,0.017073,0.02891416847705841,0.0015656197210773,0.0004362996551208
Q9DAR0_Q62264,0.0022153,0.012919,0.015957,0.37800341844558716,0.0008978589321486,0.0153377866372466
P09631_Q9D7X3,0.0022877,0.013015,0.017513,0.08210191875696182,0.0049318219535052,0.0002475541259627
Q9JM05_Q9QZE7,0.0021878,0.013002,0.016002,0.03729809448122978,0.0003003733872901,0.0035545788705348
Q99JB4_Q8BX09,0.0022066,0.012955,0.015931,0.004768223036080599,0.0003468024951871,0.0010937647894024
Q8C5G2_P22725,0.0021766,0.012924,0.015985,0.20201674103736877,0.0002946296881418,0.0006123748607933
P46938_Q793I8,0.0022439,0.012929,0.015935,0.44607993960380554,0.1725747734308242,0.6292573809623718
P02089_A0A0U5BC76,0.0022316,0.019936,0.015943,0.05590522661805153,0.0057612648233771,0.0005266703083179
Q8R2L5_Q9DCS9,0.0022233,0.012948,0.015964,0.0724535658955574,0.0003683938120957,0.0011156607652083
Q920D3_Q64337,0.0022302,0.013026,0.015908,0.06998768448829651,0.0007883593789301,0.0079783461987972
P01580_Q9JKD8,0.0021834,0.012936,0.016025,0.017352566123008728,0.0045195114798843,0.9527931213378906
P18572_Q9CQV5,0.0021917,0.47741,0.26998,0.015398727729916573,0.0006281805108301,0.8129303455352783
P70372_P07351,0.0022595,0.012962,0.015882,0.13965703547000885,0.0005495286895893,0.0053092073649168
P06240_Q61216,0.0022181,0.012993,0.016877,0.16060373187065125,0.0024297209456562,0.0003534485294949
O88188_Q9CXZ1,0.002233,0.22731,0.021157,0.13089655339717865,0.0002530574274715,0.0001335046254098
P0CG50_Q6PD24,0.0021757,0.013079,0.016216,0.06840259581804276,0.0006259605870582,0.1870947331190109
P70297_P47708,0.0022831,0.013187,0.01602,0.2591138780117035,0.0096799163147807,0.6928520798683167
Q31099_P62889,0.0021716,0.012981,0.015861,0.06178523600101471,0.0002616960846353,0.0002178298163926
P43275_P51943,0.0021773,0.012977,0.015913,0.00413877796381712,0.0060223969630897,0.0007557886419817
P42669_P48772,0.0024302,0.013067,0.0159,0.14409255981445312,0.0003212800074834,0.0275136344134807
P63323_P09631,0.0021856,0.012951,0.015886,0.43688446283340454,0.0010311994701623,0.8560786843299866
Q62108_Q6R891,0.087449,0.021051,0.019634,0.005505513399839401,0.0074037187732756,0.0002940762788057
A0A087WRI3_P07351,0.0022043,0.012948,0.015912,0.21757656335830688,0.0003249205765314,0.0073507307097315
P62881_P01801,0.002341,0.014672,0.016034,0.35558193922042847,0.0072322259657084,0.0068292897194623
Q60925_Q8C0X7,0.0022173,0.013347,0.015961,0.0691351667046547,0.0003831702924799,0.34958615899086
P47941_P62874,0.002192,0.012982,0.016182,0.007809150498360395,0.0056543773971498,0.0002504870062693
Q9CQJ8_P99026,0.0021822,0.013006,0.015949,0.030847780406475067,0.0002769203856587,0.0005364299868233
P35802_O35526,0.0022448,0.012949,0.016038,0.018235327675938606,0.000307532493025,0.0080866431817412
Q9DCS9_P58064,0.002194,0.012954,0.015909,0.012386222369968891,0.0002459815295878,0.0006642466178163
P15702_P62317,0.0021743,0.01301,0.015899,0.3020778298377991,0.0002343743690289,0.4455523192882538
Q9DB91_P97302,0.0022424,0.013357,0.016395,0.12621581554412842,0.0029511167667806,0.0095576886087656
O35235_O88513,0.0022174,0.01296,0.01603,0.03321961686015129,0.0002785534015856,0.0007749714422971
O70439_Q99LI5,0.0033777,0.012998,0.015924,0.015224095433950424,0.0007814949494786,0.0030049500055611
Q5R1B3_Q920N1,0.0022646,0.018529,0.020637,0.008722348138689995,0.001793936244212,0.0005828100256621
P62878_Q60787,0.0021856,0.013033,0.015933,0.4408198595046997,0.0003335203509777,0.0025632665492594
Q60680_Q60778,0.0023385,0.013427,0.13302,0.3413878381252289,0.0455803722143173,0.1325207352638244
P62270_Q8CGN5,0.0022092,0.012949,0.016056,0.49329477548599243,0.0003097266016993,0.0011108873877674
Q64339_O55234,0.002169,0.012964,0.015941,0.0021509777288883924,0.000230956589803,0.0035537772346287
Q04207_Q9WTK5,0.0024319,0.013318,0.047974,0.006786420941352844,0.9989510774612428,0.0006292668986134
P05214_P53566,0.0021783,0.013184,0.015962,0.2838705778121948,0.0118054514750838,0.0003043125616386
P15247_Q62314,0.0022606,0.52227,0.33251,0.3025750517845154,0.0014802296645939,0.017958203330636
Q9ERS2_Q8BLC3,0.00228,0.012978,0.015986,0.0039065261371433735,0.0004086745611857,0.0814492180943489
Q8BJ56_Q9DBL9,0.0021747,0.012934,0.015955,0.12062164396047592,0.0053687118925154,0.0003307531587779
Q6SP97_P52503,0.0022064,0.012955,0.015916,0.28566774725914,0.0005269867251627,0.0043233656324446
Q9CR68_Q9D4Q1,0.0022142,0.012953,0.015928,0.04872727021574974,0.0002291278069606,0.0004369562666397
O08543_P62918,0.0022169,0.012931,0.01589,0.22307175397872925,0.0002265810035169,0.0106950346380472
O08675_P48346,0.0022034,0.013006,0.018572,0.2014128863811493,0.0048119029961526,0.2883838415145874
Q5R1F5_Q8BH43,0.0021943,0.013078,0.01589,0.21865308284759521,0.0002831200545188,0.0002433240006212
Q9WV31_Q9ERI2,0.0024182,0.013226,0.016125,0.009004399180412292,0.0010489493142813,0.0003946764627471
Q04887_Q80XE1,0.0042686,0.013223,0.018416,0.020499855279922485,0.0411994569003582,0.0008642153115943
Q4KKZ1_Q8VCW4,0.0022293,0.01296,0.015965,0.20726479589939117,0.0009205073583871,0.6688026189804077
Q8BJ56_P62843,0.0022465,0.012915,0.015887,0.09995812922716141,0.0009964847704395,0.0037181263323873
P18531_O88282,0.0021968,0.0146,0.020374,0.49654754996299744,0.0047769648954272,0.0358111038804054
Q00422_Q6P8Y0,0.0021764,0.012947,0.015907,0.5042412877082825,0.0042844470590353,0.0011571842478588
Q9Z0H7_Q91XM9,0.083112,0.012946,0.016643,0.41023242473602295,0.0132460677996277,0.0001133995901909
Q61179_Q9R1S0,0.0021911,0.01294,0.015971,0.02150789089500904,0.0013606305001303,0.0013413350097835
Q9QUM9_Q9Z1E3,0.0021755,0.012993,0.015989,0.09204532951116562,0.0002718257892411,0.0022608591243624
P39689_Q149S1,0.0032781,0.012958,0.016084,0.3669475018978119,0.0004748209903482,0.0007279990240931
Q9DAG4_Q02248,0.0022073,0.013108,0.016873,0.005286378785967827,0.0362608097493648,0.0001625715522095
P35330_P02089,0.0021893,0.013202,0.015946,0.45159712433815,0.0028710137121379,0.0021080593578517
Q08024_Q9CY16,0.0022042,0.013005,0.015988,0.03949768468737602,0.0010245011653751,0.0065545141696929
Q8K480_Q61884,0.0021795,0.012927,0.015865,0.08531911671161652,0.0006497152498923,0.0030668030958622
Q8BJQ4_Q9QUK6,0.0022003,0.013039,0.016197,0.020288486033678055,0.0006164155784063,0.0014941279077902
P61255_Q80V24,0.0021738,0.012922,0.0159,0.04761037230491638,0.0005852852482348,0.0004586905415635
P62270_P19785,0.0021879,0.012984,0.015937,0.568011462688446,0.0003353076172061,0.0001192957206512
Q60838_Q6A037,0.014216,0.012985,0.016206,0.391736775636673,0.0034362189471721,0.0003379674744792
P07356_Q61188,0.0021793,0.012941,0.015908,0.12415163218975067,0.0014053756603971,0.8502594828605652
P23798_Q9D2M8,0.0047103,0.015584,0.01625,0.05251944437623024,0.9982348680496216,0.0003754189237952
P10085_P09022,0.0076763,0.013163,0.017262,0.3124450445175171,0.0043030641973018,0.0026890377048403
Q8K4B2_Q8BVM4,0.0021796,0.013013,0.015928,0.019321883097290993,0.0130869233980774,0.0004210094048175
Q9CPX6_Q3ULA2,0.0021909,0.012936,0.015996,0.04011876508593559,0.0007432876736856,0.0021842778660357
Q99JY1_Q9QUK6,0.0022039,0.013354,0.016413,0.007630445063114166,0.0003742402477655,0.1844100356101989
Q9CPQ1_Q53VQ5,0.0021802,0.013006,0.01587,0.027784885838627815,0.0008228088263422,0.0093185398727655
O55013_Q5R1F5,0.0022114,0.012963,0.015876,0.013636591844260693,0.000453343411209,0.8478580117225647
P20917_D2YW38,0.0023092,0.3656,0.028512,0.013105028308928013,0.0080869188532233,0.2087758332490921
P09023_Q06507,0.0098477,0.013154,0.016084,0.044722847640514374,0.0045615755952894,0.0026814283337444
Q9CWH4_P62717,0.0021834,0.012911,0.015992,0.00251755490899086,0.0727450400590896,0.0005706658703275
O08734_Q9JIY5,0.0023771,0.012997,0.016917,0.36006614565849304,0.0022745218593627,0.004205651115626
P18872_O35730,0.0021962,0.013162,0.015919,0.01804927922785282,0.0011288179084658,0.0057426807470619
Q8R4I1_P63101,0.0021879,0.013467,0.026651,0.03257238492369652,0.0097633954137563,0.0006420717108994
P97767_P46660,0.012657,0.013939,0.015951,0.056127749383449554,0.0025364162866026,0.0001217905082739
P62862_Q9CZQ9,0.0022432,0.013141,0.01595,0.005755419842898846,0.0015658948104828,0.0014934798236936
Q9DA80_Q9D8B4,0.0021979,0.012929,0.015878,0.004696127027273178,0.0005054796929471,0.0071814940311014
O35718_P61080,0.0021777,0.014362,0.015964,0.31546545028686523,0.002321331994608,0.0065427566878497
Q8BFU0_P18527,0.002683,0.020715,0.1892,0.12256283313035965,0.0217771641910076,0.0563578307628631
P03966_P02089,0.0021761,0.012946,0.015915,0.21706901490688324,0.0003594168229028,0.0451704785227775
Q922G7_P22682,0.0022377,0.013007,0.015895,0.01594165340065956,0.0009746406576596,0.0013428925303742
Q6SP97_Q01147,0.0023109,0.014796,0.015916,0.027611643075942993,0.0003960804606322,0.4040027856826782
Q9R109_O35228,0.002233,0.013246,0.031389,0.0027686001267284155,0.0005545150488615,0.0006356639205478
Q9Z2U0_Q921D4,0.0021736,0.012923,0.015889,0.047775521874427795,0.0003862935118377,0.0043028267100453
Q80UF7_Q9DAR0,0.0022438,0.012957,0.015962,0.008881401270627975,0.0054726498201489,0.0004604478599503
Q9R109_P28033,0.0021916,0.012977,0.016051,0.0016368366777896881,0.0059490781277418,0.0219426564872264
P27038_Q80V24,0.0024266,0.013097,0.017738,0.04836134612560272,0.0007303954334929,0.0065852785483002
O35551_Q61768,0.55732,0.58054,0.016476,0.03419725224375725,0.0038826228119432,0.5443933010101318
Q00422_P52927,0.0021837,0.012956,0.01602,0.12760956585407257,0.00872119423002,0.0015548163792118
P08152_Q61216,0.0098518,0.013062,0.016106,0.06956525892019272,0.000476048735436,0.0304530579596757
Q62192_Q9WUL7,0.0021986,0.014208,0.015892,0.0206313394010067,0.0008591293008066,0.0231828652322292
P84099_Q9JLC6,0.0022033,0.012985,0.016114,0.3927094340324402,0.00058551231632,0.2774719893932342
P20109_P52633,0.0021846,0.013106,0.015991,0.11887557059526443,0.0003198490885552,0.0003890009829774
P31938_Q60819,0.0021976,0.013017,0.016028,0.02318502962589264,0.000425735983299,0.3164766430854797
P04187_P70444,0.0022212,0.013036,0.015936,0.2994336187839508,0.0037951315753161,0.933717668056488
Q60769_Q9WUU8,0.0022528,0.013039,0.015942,0.21888116002082825,0.0012720046797767,0.0101859765127301
Q8R3R8_P14753,0.0021751,0.013039,0.015897,0.16842596232891083,0.0004257907858118,0.0011260025203227
P84750_Q80UL9,0.094105,0.57138,0.045024,0.11859181523323059,0.9956877827644348,0.0019199409289285
Q61730_A2A825,0.0022033,0.013052,0.016251,0.17655058205127716,0.0017414700705558,0.0130882766097784
P47753_Q9CSN1,0.0022026,0.012928,0.01732,0.11004365235567093,0.0005289854016155,0.0165331605821847
Q9WVG6_O88703,0.093232,0.013202,0.016164,0.0068667130544781685,0.0021901368163526,0.0001894021843327
P97428_P42225,0.0021874,0.013112,0.016249,0.1783306896686554,0.0005030125612393,0.0096343299373984
Q99ME6_Q9CXW2,0.0022053,0.032788,0.040211,0.0477384477853775,0.0007981006638146,0.0167609862983226
Q9JJN6_Q91WC1,0.0021844,0.012937,0.015978,0.0684223473072052,0.0008244640193879,0.0029391325078904
Q9JM54_O08795,0.0021906,0.012935,0.015912,0.08040637522935867,0.0011091612977907,0.0019611117895692
Q8K3K8_P15702,0.0023485,0.013076,0.01593,0.19572263956069946,0.0364870764315128,0.0065449704416096
O35955_F7BJB9,0.0021688,0.01294,0.015906,0.5368340611457825,0.0002186179626733,0.949345886707306
Q9DC71_P27467,0.0021886,0.4571,0.15399,0.03655693680047989,0.0002261062327306,0.0097911460325121
P19123_Q8C456,0.0021712,0.013053,0.015911,0.41010478138923645,0.0015056740958243,0.0559218041598796
P52293_P15307,0.0032036,0.013521,0.047561,0.22691941261291504,0.0463198348879814,0.0083734225481748
P28033_Q505B8,0.1112,0.072908,0.015932,0.019333284348249435,0.0016023574862629,0.0063431789167225
Q07763_P30999,0.0025069,0.013414,0.016064,0.13025805354118347,0.0003975318977609,0.0608865208923816
Q8R2K4_P04351,0.002203,0.014501,0.016277,0.0028357168193906546,0.0004449748375918,0.0014148585032671
Q9ERE9_Q5BKP2,0.00219,0.01293,0.01594,0.07435636222362518,0.0025278918910771,0.0006093952688388
Q9WVS7_Q8C0X7,0.0021934,0.013042,0.016185,0.0058050029911100864,0.0004679456178564,0.0041853529401123
P29352_Q99JX3,0.0026877,0.013282,0.016036,0.04678712040185928,0.0068011283874511,0.014011938124895
Q62232_Q99MB1,0.0021803,0.012984,0.015925,0.43225181102752686,0.0003431303484831,0.0026685476768761
P49615_P41969,0.0022398,0.0131,0.018933,0.0019019362516701221,0.0160410869866609,0.2457680106163025
Q9QZ06_Q61730,0.0021824,0.012983,0.015917,0.004185065161436796,0.000260884698946,0.0136109795421361
Q9CWH4_Q9QZH6,0.0022415,0.012952,0.016533,0.02631215751171112,0.0005967924953438,0.2944521307945251
Q8K479_P01810,0.0024906,0.018039,0.088861,0.00984268356114626,0.0819982141256332,0.7724582552909851
Q8BHJ5_Q8BYM5,0.0022998,0.013037,0.016004,0.39716389775276184,0.0004647731839213,0.0006975955329835
Q60749_Q61179,0.0022655,0.012944,0.015998,0.014017828740179539,0.0005222636973485,0.0009738059015944
Q80VP1_A6H6Q4,0.0021824,0.012936,0.015982,0.03290948644280434,0.0010760496370494,0.0212991759181022
Q9JMA2_Q5R1C2,0.0022172,0.01332,0.015923,0.007166105788201094,0.0007010651170276,0.0013548815622925
Q5SW45_O35226,0.0022088,0.012948,0.016023,0.378124475479126,0.0008808793500065,0.923026204109192
P15806_P70338,0.0055838,0.01366,0.016237,0.27009129524230957,0.9879047870635986,0.0010662203421816
Q9JHJ3_Q8HWB0,0.0023562,0.036881,0.069601,0.07823989540338516,0.0019758220296353,0.0001893310691229
Q99JY9_P01647,0.0027851,0.0132,0.016147,0.13264496624469757,0.0018594408174976,0.0049222721718251
Q5R1B3_Q03526,0.0022161,0.013657,0.016302,0.004704602062702179,0.0064511094242334,0.0006031457451172
P01108_Q921A6,0.0021823,0.07836,0.016037,0.005880162585526705,0.0004995012423023,0.9113680720329284
Q5BN45_Q9D8T2,0.0021953,0.01292,0.015961,0.011668316088616848,0.0007459013722836,0.0003360510454513
P02088_P01864,0.0021879,0.013757,0.015864,0.1777062565088272,0.0015754948835819,0.0004428423708304
P63005_Q61584,0.0021953,0.013027,0.016243,0.17174959182739258,0.0012653960147872,0.0060800029896199
P68369_P51683,0.0022011,0.013686,0.015927,0.02525784820318222,0.0003577758325263,0.0094495099037885
P09405_O35963,0.0084371,0.014706,0.02099,0.02254609763622284,0.0007061022915877,0.967751920223236
Q9QWV9_Q5SSZ7,0.13483,0.013352,0.015974,0.03539618104696274,0.0002436875947751,0.0020948827732354
P84228_Q9JHS3,0.00225,0.012983,0.015991,0.004341240040957928,0.0003079866582993,0.0008072743657976
Q6PD24_P41778,0.0022678,0.012996,0.015991,0.10255097597837448,0.0025693047791719,0.0005317850736901
Q8VI24_Q3UNW5,0.0021917,0.012938,0.015985,0.004418733064085245,0.026530634611845,0.0027928345371037
Q8BH16_Q9CWH4,0.0021805,0.012995,0.016271,0.008453656919300556,0.0028454873245209,0.0002240676694782
Q8VI24_Q8R4I1,0.01209,0.012958,0.015983,0.022799888625741005,0.0133022535592317,0.0002757122565526
P58801_Q8CFE3,0.0022831,0.012979,0.016314,0.060485463589429855,0.0005944436416029,0.001012397930026
Q8VDS3_Q9CQJ4,0.0021864,0.013025,0.015924,0.02029445394873619,0.0009370488696731,0.0003399298875592
P35438_P49769,0.0024492,0.013059,0.016039,0.03946530818939209,0.0002728215185925,0.011824632063508
Q9D4K5_Q9Z1S8,0.0024214,0.012971,0.016007,0.018461158499121666,0.0022813950199633,0.0026442345697432
P39054_Q91WD5,0.0021957,0.012977,0.01592,0.01282692514359951,0.0002242491027573,0.0345142111182212
O88703_P46460,0.0022115,0.013041,0.015919,0.10873240977525711,0.0006433516391552,0.0078876288607716
Q8CCI5_P84750,0.0021903,0.013006,0.015889,0.11111561208963394,0.0004214850778225,0.0296462066471576
Q01853_Q9CZ44,0.002223,0.012979,0.016009,0.03131644427776337,0.9972131848335266,0.0003031768137589
Q3USJ8_P14685,0.0023462,0.013244,0.016074,0.16530326008796692,0.0013336297124624,0.0610621459782123
Q99P58_Q9R0Q1,0.0023351,0.01445,0.016913,0.052873414009809494,0.8695716261863708,0.0018811632180586
Q6ZWV7_P01645,0.0021953,0.012936,0.015864,0.0030471482314169407,0.0002902967098634,0.0167533103376626
Q00560_P26369,0.0022566,0.012977,0.015961,0.4119641184806824,0.0003765391884371,0.00033212263952
P0CG50_Q3TXS7,0.0021719,0.013064,0.016015,0.018988128751516342,0.0013084929669275,0.0002812711463775
P01849_Q61234,0.0021918,0.012926,0.016028,0.03809008002281189,0.0005705280345864,0.1062768548727035
Q01887_P83940,0.0023767,0.013225,0.016916,0.006026191171258688,0.0004162049735896,0.0003786286979448
Q60803_Q00609,0.0022839,0.013097,0.016012,0.21626509726047516,0.0004564849368762,0.0060378559865057
P48787_Q91V08,0.0022055,0.013008,0.015948,0.07535255700349808,0.0002574714308138,0.0076533961109817
Q9EPU5_P01661,0.0031181,0.059786,0.21479,0.18425244092941284,0.0028121394570916,0.1141768246889114
Q60769_Q60855,0.0029533,0.012967,0.016032,0.2767927944660187,0.000762351672165,0.0020930294413119
P61358_A0JLY1,0.0022022,0.013023,0.067205,0.1964768022298813,0.0017039695521816,0.0007572925533168
O35625_P12023,0.0022115,0.012972,0.015999,0.004028551746159792,0.0003073445986956,0.0021631265990436
Q60631_O54786,0.0021998,0.012996,0.017244,0.3949098289012909,0.0017172725638374,0.0051437281072139
Q63932_P70188,0.0025266,0.013342,0.023641,0.08902936428785324,0.0027238023467361,0.0055503323674201
Q9D9V4_Q9R1P0,0.0021738,0.012924,0.015878,0.09348595887422562,0.0003695952764246,0.0001793531118892
Q61127_Q9D9V4,0.002182,0.012934,0.015893,0.016721142455935478,0.0052044326439499,0.0007250198395922
Q922Y1_O35963,0.004754,0.013028,0.015963,0.0013160939561203122,0.002797715133056,0.000441593962023
Q8VCB2_O35615,0.002674,0.01327,0.01609,0.13335564732551575,0.003883482189849,0.0002544260059949
P97481_Q8R464,0.0022403,0.013254,0.01599,0.3540239930152893,0.0002820762747433,0.027992395684123
Q63844_P36898,0.0034063,0.014148,0.099049,0.35224077105522156,0.0003872695378959,0.0043671461753547
Q61584_Q60972,0.0023232,0.01305,0.018729,0.0050012473948299885,0.0113206896930933,0.0219084061682224
P49769_Q60629,0.0022694,0.013075,0.016071,0.0035060762893408537,0.0003376140375621,0.0114305196329951
Q9QWV9_Q059U7,0.0028377,0.012993,0.016277,0.06880956888198853,0.0044838078320026,0.1237842962145805
Q9EPL2_Q9JM54,0.0022083,0.012932,0.015918,0.008909543044865131,0.0008066104492172,0.0793909803032875
P70191_Q6PDM2,0.0022016,0.012979,0.015982,0.008488371968269348,0.000429156323662,0.0118859047070145
P61092_P29752,0.0022147,0.012969,0.015866,0.1435694694519043,0.0012621477944776,0.0156228244304656
P70188_P49138,0.0022506,0.013738,0.019351,0.00836876779794693,0.0095429886132478,0.0465153418481349
J3QMY9_P59114,0.0023082,0.013006,0.022729,0.06714892387390137,0.0456073060631752,0.0004213778011035
P60202_Q62108,0.0022019,0.01294,0.015914,0.019271768629550934,0.0004403879283927,0.0018530213274061
O88786_Q60769,0.0022187,0.012974,0.016153,0.25394436717033386,0.000366707536159,0.0006203664233908
P49769_Q9CQR7,0.0038635,0.013104,0.016249,0.019635869190096855,0.0028315370436757,0.0038576861843466
A2NTY6_Q91WC1,0.0022104,0.013008,0.016022,0.01811535470187664,0.0009486656053923,0.0014795552706345
P61161_P08113,0.043059,0.014106,0.025324,0.12522439658641815,0.0088857552036643,0.0003124838403891
Q3UIU2_Q60989,0.0022429,0.013008,0.015921,0.09142634272575378,0.0003181047795806,0.0089634265750646
P00757_Q8VCS6,0.0022025,0.013172,0.015941,0.0036547223571687937,0.0003654311003629,0.7688538432121277
P54763_Q61234,0.0022299,0.013108,0.024232,0.017830733209848404,0.0008509997278451,0.0015259018400684
P27467_Q99JY1,0.0021839,0.012999,0.016388,0.3961552083492279,0.0003244429535698,0.0322171822190284
Q9D8E6_Q9JIK5,0.0022178,0.012993,0.026171,0.040372226387262344,0.0009426572942174,0.0002886111033149
Q9Z138_P01823,0.0024719,0.10269,0.042563,0.03175295516848564,0.0121515141800045,0.1740249842405319
Q2MH31_P84228,0.0022069,0.012932,0.015925,0.039940182119607925,0.0003812751674558,0.0002831662131939
Q9WVK0_O35593,0.0022986,0.012932,0.016105,0.019866712391376495,0.0002733072906266,0.0364496186375618
P58801_P60879,0.0022112,0.012936,0.015931,0.0063576907850801945,0.0014634556137025,0.037068385630846
Q61881_P70671,0.0023138,0.012932,0.016108,0.125462144613266,0.0006722502876073,0.0052374056540429
P48025_Q8K3K8,0.0022039,0.01303,0.016634,0.2749938666820526,0.0204247720539569,0.0019156082998961
Q62312_P28078,0.0024881,0.018374,0.054309,0.0707942545413971,0.0006632502772845,0.0007604416459798
Q8BVM4_P09581,0.0021867,0.012995,0.015886,0.2054346203804016,0.0004908534465357,0.0023738760501146
Q9DBC7_Q61391,0.0021784,0.013034,0.015919,0.01972658559679985,0.0034022827167063,0.0005181395099498
Q62276_O70570,0.0025144,0.012965,0.015977,0.3670319616794586,0.0002538386615924,0.0030613045673817
P01810_P15530,0.012584,0.68299,0.09684,0.208413228392601,0.1410391181707382,0.0015156549634411
P23780_Q9JM73,0.0022275,0.013069,0.016028,0.182345911860466,0.0019036425510421,0.002458962611854
P06869_P43432,0.003004,0.023635,0.058004,0.30129027366638184,0.0056019821204245,0.0050371387042105
P0DP43_P31311,0.0022012,0.013016,0.016043,0.18846966326236725,0.0022932125721126,0.3110504746437073
O35618_Q9DCJ7,0.0022209,0.013056,0.016165,0.04622455686330795,0.0003155972226522,0.0003673399623949
Q9D9V4_Q62277,0.0023416,0.012948,0.015911,0.06909823417663574,0.0006063680630177,0.1967745572328567
O08712_Q6P8Y0,0.0022094,0.01293,0.015904,0.07379702478647232,0.0007215081132017,0.0009937993017956
P63280_Q9CPX7,0.0021841,0.01308,0.015893,0.4100968837738037,0.0003100247122347,0.0003146892704535
P06869_P83882,0.0021942,0.012938,0.015942,0.06617114692926407,0.0004465494130272,0.0006975706201046
Q9ERR1_Q9WUL5,0.0022365,0.014711,0.015935,0.046387072652578354,0.0010367024224251,0.0961073711514473
O35716_P83940,0.017846,0.013632,0.016123,0.4063136875629425,0.0192995425313711,0.0059132101014256
P46938_Q9CQP8,0.0082073,0.012932,0.015968,0.007494883146136999,0.0454360470175743,0.0008922291453927
Q99J83_P01843,0.0021705,0.013379,0.015863,0.016317257657647133,0.0003359811671543,9.829088958213106e-05
Q6SP97_P58064,0.0021906,0.012937,0.015937,0.294577032327652,0.0009000636055134,0.1910668760538101
Q9QYH6_Q921D4,0.0021836,0.012932,0.016268,0.4276649057865143,0.0011468332959339,0.0028643612749874
P62812_Q9JM63,0.0037636,0.013103,0.048618,0.00453921128064394,0.0018560120370239,0.0275096427649259
Q8CDU5_Q8VCS6,0.002205,0.012961,0.015914,0.09190881252288818,0.0165436007082462,0.0065547842532396
Q61083_Q9WVS7,0.0041495,0.015138,0.10955,0.1824919879436493,0.9982498288154602,0.0052870358340442
Q60821_P01904,0.0021756,0.013037,0.015928,0.04811777547001839,0.0005011594621464,0.0158292409032583
Q9CQ39_P20334,0.0022016,0.012957,0.01588,0.4680496156215668,0.0002612408716231,0.0010014384752139
P70188_Q8BP67,0.0021802,0.013087,0.016007,0.16162364184856415,0.0004744217731058,0.1717764735221862
Q9D4K7_Q8BVZ5,0.0021994,0.012934,0.01606,0.16445481777191162,0.0016209509922191,0.0005950371269136
P06804_Q9CWH4,0.0022179,0.012936,0.016168,0.34980839490890503,0.0002540345303714,0.0002748862316366
Q9EPU5_Q04211,0.0021904,0.012933,0.015938,0.34952986240386963,0.0009296940406784,0.0052788266912102
Q6ZWY9_Q80V24,0.0021766,0.012963,0.015934,0.032588761299848557,0.0055339098908007,0.0183703899383544
Q9CQ91_P47757,0.0023121,0.012991,0.015884,0.10275135934352875,0.0003245722909923,0.2453879565000534
Q9EPK5_Q6ZWS8,0.0021809,0.012978,0.016016,0.09875477850437164,0.0038566309958696,0.0018546961946412
Q9JIK9_O54714,0.0021978,0.012936,0.015894,0.06649990379810333,0.0019788616336882,0.0020443731918931
P60904_Q9CPX7,0.0021948,0.012939,0.015903,0.02056564949452877,0.0004665760206989,0.0014986057067289
P63213_Q80WG5,0.0021851,0.012925,0.015902,0.08722828328609467,0.0004623612912837,0.3944551944732666
P27792_Q6P8X9,0.0022335,0.012982,0.016069,0.11925434321165085,0.0019996024202555,0.0001902795629575
O09061_Q8VI36,0.0022191,0.012985,0.015933,0.019596973434090614,0.0002307750255567,0.0005144912865944
P35980_P22723,0.002197,0.012926,0.015898,0.018428055569529533,0.0002244773495476,0.0002860522654373
P15116_P30999,0.0067418,0.013199,0.016046,0.13954152166843414,0.0022585347760468,0.0002813618048094
Q3UYI6_P70280,0.0023651,0.012993,0.017549,0.023294230923056602,0.9988251328468324,0.258961945772171
P63141_Q62108,0.0021995,0.012992,0.01972,0.028482163324952126,0.9980846643447876,0.0009019282879307
P09581_Q9CZQ9,0.0021896,0.012972,0.01601,0.002577620092779398,0.0004185428260825,0.204012393951416
Q6PD24_P0DP26,0.0021727,0.013786,0.015887,0.032959721982479095,0.0009046660852618,0.0012755861971527
Q924T2_P68033,0.0021862,0.013866,0.016078,0.2644861042499542,0.0002597600978333,0.0005771602154709
Q60925_Q9JM63,0.0022462,0.01308,0.016284,0.07908614724874496,0.0006551413680426,0.0010837451554834
P01645_Q3TBT3,0.0022131,0.013072,0.13438,0.40851014852523804,0.0120384916663169,0.0104651842266321
Q8VDU0_P24604,0.0021955,0.01836,0.034834,0.055126357823610306,0.004417392425239,0.0002015876671066
P41133_Q60722,0.011216,0.013031,0.025089,0.39506787061691284,0.0008740374469198,0.0003552444977685
Q6PHZ2_Q8C6B2,0.0021835,0.013037,0.01674,0.2139151245355606,0.0023563986178487,0.00099369417876
Q62348_G5E8A8,0.0046307,0.013128,0.015981,0.16221708059310913,0.0014333218568935,0.0004443165962584
Q505B8_P70297,0.036467,0.013372,0.015936,0.15182749927043915,0.0065315463580191,0.6902942657470703
P08113_O70469,0.0021796,0.012993,0.015932,0.005105424206703901,0.0029910351149737,0.7696657776832581
P26231_Q7TSN7,0.0021989,0.012943,0.015895,0.010909528471529484,0.0005304134683683,0.0003684354014694
Q9Z2D6_Q9D4Q1,0.0022194,0.012985,0.016135,0.010164053179323673,0.0018847577739506,0.0005837464705109
P35922_Q923E4,0.0022032,0.012946,0.015997,0.16646268963813782,0.0544700473546981,0.2247044295072555
P25206_P49718,0.13231,0.013069,0.081919,0.13982301950454712,0.998576521873474,0.0027690965216606
O55222_P24610,0.0022375,0.013213,0.025558,0.06992117315530777,0.0013252414064481,0.1661793291568756
Q8VEK3_Q99LM9,0.0021997,0.012937,0.016001,0.131426602602005,0.0037365099415183,0.1723063588142395
Q99JB6_Q8BGD7,0.015915,0.013201,0.016065,0.10741196572780609,0.0012755321804434,0.000840057618916
Q9CQ20_P22723,0.0022019,0.012926,0.015994,0.05996407940983772,0.0008419805672019,0.0006718000513501
P63325_Q9WV86,0.10807,0.012949,0.016179,0.22889754176139832,0.0010034068254753,0.0474089942872524
Q8BGU5_Q62179,0.0030867,0.012983,0.016233,0.07872937619686127,0.0002621795865707,0.004097391385585
Q505B8_Q9QUI0,0.002239,0.013265,0.015956,0.1395234316587448,0.0005098403198644,0.0006709826411679
O89100_Q80VP1,0.01339,0.013036,0.021148,0.20065143704414368,0.0081560984253883,0.0096869301050901
O88685_P0CG50,0.0023719,0.013083,0.016784,0.2556186020374298,0.0009203898953273,0.04612997174263
Q8VDS3_Q99M51,0.0021999,0.013265,0.017277,0.03754466772079468,0.0040338300168514,0.051673300564289
Q5BN45_Q8C437,0.0022235,0.013142,0.015905,0.25048404932022095,0.0135837337002158,0.0795390978455543
P09542_Q8CHU3,0.0021799,0.013594,0.015947,0.19433444738388062,0.0010436325101181,0.0017428369028493
P16858_Q8K245,0.0021693,0.012952,0.015902,0.27171623706817627,0.0003024665929842,0.0153857273980975
P54763_O09108,0.13423,0.016465,0.1018,0.3301960229873657,0.0086892833933234,0.009262821637094
P02088_P19785,0.002191,0.021492,0.20131,0.036955367773771286,0.0018995699938386,0.7903221845626831
Q9D8B4_Q9JHL1,0.0021938,0.012948,0.015884,0.026659781113266945,0.0006985644577071,0.4959879219532013
Q9D8T2_P62242,0.0021929,0.012913,0.015892,0.32323533296585083,0.0007606938015669,0.0060780583880841
Q9CQ18_B8ZXI1,0.0040002,0.01322,0.016295,0.04350638762116432,0.0004699910932686,0.0007522527594119
Q80WQ6_Q9R0T8,0.073497,0.01299,0.018906,0.07673130184412003,0.03931874781847,0.2110337167978286
Q00422_Q8BUV3,0.0021866,0.01296,0.01593,0.23065361380577087,0.00090783421183,0.0005730983102694
P23819_Q80Y75,0.0022116,0.012975,0.015914,0.1379108428955078,0.0002551839570514,0.000197328714421
Q9D125_P09022,0.0021839,0.012942,0.015895,0.04707430675625801,0.0004102430539205,0.0231114588677883
Q99JW4_P09450,0.003178,0.013056,0.01586,0.027933621779084206,0.0180259179323911,0.0016163274412974
O35716_P09581,0.0021875,0.013093,0.020045,0.16978639364242554,0.0004849017423111,0.0783346220850944
Q9CQT6_Q921E6,0.0022201,0.012936,0.015937,0.08094348758459091,0.0121335890144109,0.0179535616189241
Q9QYS2_P21784,0.002323,0.013022,0.016206,0.11805623769760132,0.0013992111198604,0.0007606582948938
P18531_Q60692,0.0022947,0.017208,0.01746,0.01487677451223135,0.0004731240333057,0.0053784241899847
Q9QWV4_Q99L88,0.0023708,0.012939,0.016034,0.2842443287372589,0.000383416598197,0.0007769109215587
Q91YT0_P68369,0.0022458,0.013749,0.015995,0.33971840143203735,0.0002697426243685,0.0008959181723184
P01756_P01679,0.57986,0.82521,0.16886,0.006967802997678518,0.0069058551453053,0.869304358959198
Q0VBL6_Q8BVZ5,0.00221,0.012995,0.016754,0.20061767101287842,0.0003692462632898,0.0034732541535049
P15806_Q9JJR7,0.060318,0.013064,0.017252,0.02529291994869709,0.0309972502291202,0.0070622935891151
Q9CSN1_Q8VDS3,0.0021854,0.012929,0.016102,0.032766737043857574,0.0033405739814043,0.0010110166622325
O35618_Q9Z0W1,0.0021962,0.01299,0.01594,0.002283277688547969,0.0008277844754047,0.0010833451524376
Q9QZH6_O09061,0.0022053,0.012995,0.0161,0.10211612284183502,0.0003393805236555,0.0009000057470984
P60879_Q62277,0.0021955,0.012949,0.015894,0.5169733166694641,0.0008446854189969,0.0062417653389275
Q8BPZ8_Q60989,0.0021865,0.013051,0.015916,0.01479682419449091,0.0004226337186992,0.0002164555044146
Q6P6J0_Q6IMH0,0.002181,0.012934,0.015892,0.4324576258659363,0.0072754197753965,0.0003709318116307
Q8R4A3_Q91ZD4,0.0067596,0.012961,0.016023,0.060005929321050644,0.0020237299613654,0.0039576604031026
Q9WV32_Q8R4E9,0.0024602,0.013124,0.016966,0.13893304765224457,0.0125412056222558,0.0013735048705711
P40336_P97432,0.0021834,0.012946,0.016067,0.184214785695076,0.0021650532726198,0.0286077596247196
Q61006_Q9CPQ1,0.0023452,0.012971,0.015897,0.026556871831417084,0.0024145112838596,0.0026201347354799
P61089_P48025,0.0021815,0.01378,0.016103,0.004831184167414904,0.52788245677948,0.0005714104627259
Q9QZH6_Q91ZW2,0.0021957,0.053966,0.40641,0.051542628556489944,0.0004940081271342,0.0015424385201185
P22315_P28574,0.0021852,0.01352,0.01592,0.07758776098489761,0.0002701590419746,0.002458255039528
Q6PHU5_Q61127,0.0022094,0.013081,0.016966,0.12871971726417542,0.0012687818380072,0.1496031731367111
Q99N87_P02088,0.0021886,0.012938,0.016296,0.30747953057289124,0.0002901710686273,0.0002664545027073
Q62108_Q91XM9,0.19254,0.013436,0.071139,0.11044707149267197,0.9961462020874025,0.0011093101929873
Q02111_O88509,0.0022484,0.013008,0.026865,0.027629049494862556,0.0028766475152224,0.0028921058401465
Q9JIF7_Q9Z2X8,0.0022281,0.013941,0.016515,0.051297836005687714,0.0011152878869324,0.6431894302368164
Q6P3B9_Q9CVD2,0.0022281,0.012942,0.015982,0.05629267171025276,0.0005295130540616,0.0081365294754505
Q8K479_Q9JIK9,0.0022526,0.012928,0.015904,0.05099320784211159,0.0003510199021548,0.6108860373497009
P02088_Q4KKZ1,0.0021817,0.012915,0.015917,0.4019604027271271,0.0045125293545424,0.0741731822490692
P41274_P01724,0.0024538,0.026797,0.017812,0.020614705979824066,0.0029380300547927,0.0004896713071502
Q8VI24_Q9CR88,0.0021928,0.012951,0.015918,0.05711037293076515,0.0005695787840522,0.0003709892916958
Q793I8_Q61179,0.0022209,0.012941,0.016386,0.07905388623476028,0.0143729429692029,0.7222939133644104
Q60770_Q9Z2U0,0.0021697,0.012913,0.01589,0.00131337926723063,0.0003756191872525,0.0038905460387468
P28741_P61205,0.0073126,0.018746,0.01662,0.02507334202528,0.0134229036048054,0.0257559064775705
Q9DBR4_Q5R1B3,0.0021997,0.013061,0.016004,0.0398700051009655,0.0073966360650956,0.0029477081261575
P70218_Q6ZWV7,0.0021929,0.012982,0.015946,0.0881073921918869,0.0003932901308871,0.0011778145562857
O88448_P62082,0.0021758,0.013708,0.0159,0.2502022981643677,0.0015253977617248,0.0037608158309012
Q9CPR8_P43404,0.0021805,0.012964,0.016598,0.12145132571458817,0.0014950700569897,0.7522717118263245
Q9R0X0_P42208,0.0021807,0.012939,0.015904,0.08203878253698349,0.0002497127570677,0.0022026665974408
Q8VCI5_P97372,0.0025027,0.013261,0.015997,0.06285575777292252,0.0047000357881188,0.0065188175067305
P41105_P48787,0.0021896,0.012941,0.015956,0.22664214670658112,0.0003723731497302,0.0010712428484112
P49722_O88634,0.002252,0.013012,0.015888,0.029180852696299553,0.0002429313317406,0.0023405412212014
P48168_Q3UIU2,0.0023685,0.012938,0.015925,0.012870204634964466,0.0011176068801432,0.0024304364342242
Q61180_O54972,0.0026504,0.013089,0.016481,0.008645505644381046,0.000719451054465,0.0014269194798544
Q9WVG6_Q8BVZ1,0.0021896,0.013026,0.015958,0.1403503715991974,0.0014312859857454,0.1506299823522567
Q61190_A0NA69,0.033413,0.12888,0.27426,0.1597839891910553,0.9978252649307252,0.0006789555191062
Q62108_Q9QYS2,0.0022007,0.012964,0.015973,0.009081406518816948,0.000672236259561,0.0001351603423245
Q61179_Q3UGQ1,0.0022975,0.012956,0.016303,0.005473350640386343,0.0119094317778944,0.0067793410271406
P54763_P18893,0.0040579,0.023433,0.12918,0.25326767563819885,0.9989426732063292,0.0124831665307283
P68373_P47713,0.0021757,0.012981,0.016103,0.1568681001663208,0.0043392842635512,0.000158900686074
Q8VCB2_P29341,0.87422,0.013102,0.019642,0.05948624759912491,0.0043386542238295,0.2586108148097992
Q9EPL2_Q3TL44,0.0022466,0.013386,0.017145,0.28584831953048706,0.0015790512552484,0.0004015386803075
Q80V24_Q9ER88,0.0022191,0.013007,0.016015,0.04674801975488663,0.0053862510249018,0.0007631562184542
P09542_Q9JLC6,0.011479,0.013222,0.015957,0.026869026944041252,0.0028387494385242,0.0013867999659851
O88448_P48025,0.0022009,0.027905,0.074443,0.17202788591384888,0.0018762355903163,0.000633421819657
A0A0M3KL49_Q920N1,0.0021978,0.013449,0.017061,0.2005600482225418,0.0034974454902112,0.0005953373038209
Q62083_Q80UF7,0.0023638,0.012955,0.01608,0.013052129186689854,0.0007312883390113,0.0148327769711613
Q9R0X0_P25233,0.0021774,0.012934,0.015902,0.2381328046321869,0.0009936293354257,0.0038634333759546
Q3V0Q6_Q8R464,0.0023438,0.013024,0.016988,0.252535343170166,0.0017906441353261,0.0757519975304603
P97814_Q8VH51,0.0022262,0.013008,0.0161,0.04635980725288391,0.0032429581042379,0.0774111524224281
P70441_P06343,0.0021964,0.013035,0.016073,0.19785664975643158,0.0010945543181151,0.0001566756545798
Q924H2_Q9D8B4,0.002176,0.012948,0.015869,0.36469799280166626,0.0005875237402506,0.0284183416515588
P35700_Q62108,0.0021924,0.012979,0.015965,0.01556686032563448,0.0003880559524986,0.0210816580802202
P22725_Q8CHU3,0.0021739,0.013082,0.015905,0.3136400878429413,0.0002401564852334,0.0011067874729633
Q2WF71_Q9JHL1,0.0024649,0.012983,0.01652,0.007814654149115086,0.0207793451845645,0.0013860618928447
Q9ER88_Q8BFU0,0.0022017,0.0156,0.033623,0.04029173031449318,0.0006651191506534,0.129029244184494
P41778_P60766,0.00758,0.013312,0.016822,0.013779628090560436,0.0048733917064964,0.0008226782665587
P25916_O88384,0.0021967,0.012987,0.015936,0.022418243810534477,0.0003970421967096,0.2081651389598846
P62918_Q148A4,0.0022801,0.013017,0.015905,0.18075503408908844,0.0002876806538552,0.0002135769609594
P05627_Q06507,0.099139,0.7081,0.027679,0.2531181573867798,0.998511016368866,0.0008303772774524
P01139_P63280,0.0022005,0.013009,0.015904,0.08894647657871246,0.0002169259387301,0.0013176904758438
Q61180_Q8CFI0,0.0022188,0.012934,0.016076,0.0028144055977463722,0.0010208222083747,0.1257545053958892
P58801_Q9R0X0,0.0021754,0.012948,0.015971,0.06395073235034943,0.0010174157796427,0.2027889490127563
A6H6Q4_P49710,0.0022267,0.012924,0.016539,0.21381515264511108,0.0013189594028517,0.0013024999061599
P70375_Q60692,0.0022011,0.017823,0.01702,0.0036923703737556934,0.0004373358970042,0.0009450471261516
Q8BLC3_Q3U0V2,0.0021868,0.01295,0.016036,0.3012179732322693,0.0005382520612329,0.0008818245260044
Q64373_P97792,0.0022092,0.012958,0.016021,0.005630785133689642,0.0032327501103281,0.0515995882451534
Q9JHL1_P15105,0.0021766,0.012945,0.01594,0.057513829320669174,0.0002967388718388,0.0009835707023739
P01878_G0YP42,0.50811,0.63235,0.21335,0.0006851879879832268,0.0121252126991748,0.0075425175018608
O54714_P16675,0.0021765,0.013197,0.016089,0.033760033547878265,0.0053988872095942,0.0001942235248861
P41778_P58059,0.0021874,0.012928,0.01593,0.0605764277279377,0.0007133696344681,0.0188628956675529
Q91WC1_O08686,0.0023393,0.012976,0.016124,0.06665913760662079,0.9981824159622192,0.0589294210076332
Q9WVL2_A0A5E3,0.0021825,0.015549,0.022096,0.26838362216949463,0.0004641442210413,0.0205457918345928
Q61327_Q9WU78,0.002192,0.012998,0.015881,0.2074522078037262,0.0003310784231871,0.0002898481325246
O09044_P47811,0.0022103,0.012963,0.016018,0.12471645325422287,0.0010246246820315,0.0005781997460871
Q6DIA7_Q9JIA1,0.0022053,0.012974,0.020808,0.04788154736161232,0.0011278694728389,0.0021077641285955
Q91X20_P08113,0.0021931,0.012937,0.016403,0.13314108550548553,0.0095665622502565,0.0111503470689058
A0A0G2JF94_O70263,0.0021958,0.013015,0.016096,0.09740140289068222,0.0018063749885186,0.0030236546881496
O88384_P01645,0.0021735,0.016453,0.038084,0.46015504002571106,0.0006371499621309,0.0002539541164878
P54763_P40226,0.0026944,0.013978,0.041641,0.004732663743197918,0.006032935809344,0.0048324041999876
Q62225_P08207,0.0021944,0.012964,0.016068,0.48705440759658813,0.0018951054662466,0.0790788754820823
P01592_Q00560,0.0022179,0.025788,0.020673,0.00922921858727932,0.0027670743875205,0.0019498234614729
Q61180_Q99PT1,0.002198,0.012955,0.016022,0.008667041547596455,0.0004196248773951,0.0278683435171842
P04426_P01756,0.0023134,0.022873,0.046355,0.004526824224740267,0.8045713305473328,0.0007587875588797
P01900_P12815,0.0021952,0.013152,0.016256,0.015142293646931648,0.0006971688126213,0.0085317529737949
Q91XU0_P84228,0.015263,0.012988,0.39191,0.0532439723610878,0.0006565852672792,0.0120179392397403
P23204_Q9D9I1,0.0022118,0.012955,0.016009,0.0760534256696701,0.0019267244497314,0.0305578149855136
P63017_Q8BX09,0.0021988,0.013055,0.015971,0.11778436601161957,0.0158618111163377,0.1264981627464294
P14115_Q9Z2D6,0.0021766,0.012976,0.015943,0.15381357073783875,0.0015506573254242,0.0003859346325043
Q8R1I1_Q01114,0.0026872,0.012932,0.015885,0.0010534648317843676,0.0004267184413038,0.0007391301332972
P01647_P35951,0.0025117,0.050312,0.061245,0.0036022847052663565,0.0253337193280458,0.4635893106460571
Q9QZ88_Q9D9T8,0.002167,0.012932,0.015912,0.01906551420688629,0.016274232417345,0.0041456748731434
Q62191_Q9DAS2,0.0022689,0.013016,0.01589,0.009342508390545845,0.0002835793129634,0.071158729493618
Q8VDS3_P52503,0.0022429,0.01297,0.015921,0.021485818549990654,0.0002695521397981,0.0296583343297243
P70441_Q60954,0.0023825,0.012972,0.016513,0.1253570318222046,0.0080636199563741,0.0015437611145898
P35979_Q99P58,0.0023669,0.013061,0.016512,0.06300187855958939,0.0002184148470405,0.0172222815454006
Q32NY4_Q8CGP4,0.002283,0.012996,0.015994,0.2752532958984375,0.0002567260235082,0.0026978561654686
Q9JHF9_P70343,0.0021777,0.012945,0.01593,0.015710970386862755,0.0048281541094183,0.0041478937491774
Q8C6B2_O88939,0.0022146,0.013001,0.016145,0.030720455572009087,0.0088479025289416,0.3404427170753479
Q9CPP6_O09044,0.0023898,0.013013,0.015895,0.048076122999191284,0.0008072647615335,0.0135809425264596
O88890_P39688,0.0023867,0.01509,0.039019,0.004651600494980812,0.9970661997795104,0.0010786395287141
P03888_O70435,0.00334,0.014459,0.015971,0.1256610006093979,0.0002065776207018,0.2097976058721542
Q8VEK3_P28076,0.0021675,0.012923,0.015887,0.0653730109333992,0.0002596873091533,0.0014546430902555
Q9CQE3_P51945,0.0022231,0.012932,0.015902,0.06205146759748459,0.000202693947358,0.0524699836969375
Q8BHN3_Q9QWH1,0.002172,0.012973,0.015965,0.0909847766160965,0.00061309983721,0.0343180373311042
Q9D2R8_Q8BX09,0.0021855,0.012951,0.015916,0.07166260480880737,0.1707007139921188,0.000393464899389
P62315_P14719,0.0021884,0.013491,0.015899,0.024407904595136642,0.0002104710438288,0.4923489689826965
Q8VDS3_B8ZXI1,0.0022384,0.012949,0.01593,0.1372598558664322,0.0004417381132952,0.000270680146059
Q99M51_Q9CQP2,0.0021864,0.012962,0.016269,0.13148526847362518,0.0006427731132134,0.0034531196579337
P24604_P97465,0.0022827,0.014285,0.018685,0.09711451083421707,0.0097515136003494,0.0007492839358747
Q7TPM5_Q9WU39,0.0021967,0.012935,0.01607,0.009164299815893173,0.00086085597286,0.0010522521333768
Q8BK30_Q61771,0.0022914,0.013294,0.015989,0.07223887741565704,0.0017278171144425,0.0032995715737342
Q8VCW4_Q9CZ82,0.0021878,0.012939,0.015908,0.28327202796936035,0.0002862661203835,0.0428588651120662
P60879_Q9QY24,0.0022361,0.012937,0.015904,0.14140737056732178,0.000780456000939,0.0077760242857038
Q8R0S2_P46935,0.0046595,0.012956,0.016296,0.1331288367509842,0.0047604725696146,0.0408257767558097
P29341_J3QMY9,0.0021673,0.012969,0.016072,0.006497977301478386,0.0028435655403882,0.0494805872440338
Q80US8_P26516,0.0021781,0.013098,0.015906,0.0007032972062006593,0.0002320833009434,0.0210497342050075
Q9JIF7_Q6R3M4,0.0022586,0.013246,0.016079,0.011594132520258427,0.0004070894792675,0.2718741297721863
Q62276_D3Z338,0.0022426,0.012919,0.015896,0.012547253631055355,0.0004882930661551,0.7456566095352173
P16675_Q62425,0.0029107,0.015303,0.016292,0.15765060484409332,0.0006366724846884,0.0063185426406562
P28078_O54828,0.0021795,0.013027,0.016326,0.1364004909992218,0.0003060726157855,0.2186007350683212
Q3U1F9_O08543,0.0022041,0.013035,0.016664,0.06577116250991821,0.0004792383115272,0.0008815313340164
A0JLY1_Q8VEA4,0.0021755,0.012931,0.015899,0.0318286307156086,0.0100109484046697,0.0057946755550801
Q9CQ54_Q8BFU0,0.0022501,0.012937,0.015907,0.007662762887775898,0.0004473401641007,0.003410774981603
Q921A6_Q9Z2U0,0.0022076,0.013155,0.015873,0.015871303156018257,0.0006665654364041,0.9783719182014464
P52293_P22725,0.0021767,0.013279,0.015913,0.07222159206867218,0.0002795731998048,0.3544155359268188
Q62179_P22091,0.0024026,0.013618,0.016596,0.0368889719247818,0.0008640901651233,0.00124654895626
P60879_P41136,0.0027782,0.012984,0.015925,0.08109375089406967,0.0009178633335977,0.0030505526810884
O88384_P08152,0.0022164,0.012964,0.015933,0.18006719648838043,0.0007108403369784,0.001486147637479
P97465_Q99M51,0.0022827,0.014321,0.017966,0.013576172292232513,0.0051907887682318,0.0020813180599361
Q60772_Q6DIA7,0.0023199,0.013128,0.021165,0.018864227458834648,0.0828364565968513,0.016493983566761
P27038_Q9Z2Q6,0.0022224,0.013008,0.01634,0.07053951174020767,0.0005394032923504,0.0009056528215296
Q9QZQ0_Q9DAD0,0.0023364,0.012958,0.015979,0.09281548112630844,0.0043100952170789,0.0004000582848675
P60904_Q9D1R9,0.0022293,0.012945,0.015906,0.060563214123249054,0.0002679029130376,0.0431326702237129
Q8VEA4_P97767,0.0021776,0.01295,0.015904,0.027011267840862274,0.0010019079782068,0.0657356306910514
Q8VCS6_Q8VE22,0.0022726,0.012946,0.015906,0.42788219451904297,0.000825069961138,0.0058326069265604
Q61039_P63073,0.0021991,0.013045,0.015961,0.36763304471969604,0.0005812306771986,0.0003648779529612
Q8K2G4_Q62179,0.0023736,0.013126,0.027659,0.2703043818473816,0.0002738795883487,0.0007536120829172
P15209_Q6PHU5,0.0030562,0.017834,0.17737,0.17994405329227448,0.0256083030253648,0.0288148410618305
Q8K3Z0_P62082,0.0021891,0.012964,0.015894,0.36145225167274475,0.0004860637709498,0.000646591419354
P62852_Q9Z0G0,0.0021803,0.012941,0.015907,0.003589822445064783,0.0003279945813119,0.0104746790602803
P01139_P03903,0.0025705,0.01308,0.015874,0.024328848347067833,0.0002297460014233,0.0075392411090433
P84228_P62908,0.0034444,0.01311,0.023532,0.010203476063907146,0.0285976100713014,0.0011301230406388
P62245_Q9R1P3,0.002188,0.012932,0.015894,0.1568412035703659,0.0002029530878644,0.4057773053646087
P17427_P50540,0.002212,0.013252,0.016031,0.7092483639717102,0.0022306775208562,0.0006927532376721
O89090_Q8CCI5,0.0027426,0.013014,0.016947,0.0016880591865628958,0.0011530970223248,0.0313192754983902
P01101_Q06507,0.11784,0.60132,0.021668,0.019293315708637238,0.9984568357467652,0.0060352580621838
Q07440_Q9JIE6,0.0021924,0.012939,0.015917,0.08194591850042343,0.0017309634713456,0.3650344908237457
Q61666_P36898,0.0022568,0.013117,0.016201,0.021821798756718636,0.000371243484551,0.0005965883028693
Q04863_Q9JLC6,0.0023232,0.013121,0.01603,0.03577785938978195,0.0977586880326271,0.0002305772650288
P31938_P70460,0.0022531,0.013009,0.016039,0.14218461513519287,0.0004617970553226,0.0726339221000671
P97302_O54709,0.0022044,0.012999,0.016722,0.5659812688827515,0.0014023755211383,0.0065761636942625
Q9Z2D6_Q9CZB6,0.0022067,0.01294,0.01592,0.01804005540907383,0.0024088132195174,0.0011328656692057
P00158_Q8C437,0.0023731,0.014967,0.015874,0.38858744502067566,0.0007274653762578,0.0598454177379608
P98084_Q571K4,0.0025791,0.013007,0.016045,0.01123853400349617,0.0013618227094411,0.0145401898771524
O55222_P97310,0.0022155,0.01314,0.018079,0.008009981364011765,0.0007915707537904,0.0131559930741786
P01749_P62751,0.0022198,0.013119,0.015986,0.2623561918735504,0.0009033568203449,0.0026290745008736
Q8BGU5_P62843,0.002197,0.012915,0.015891,0.01200261153280735,0.000435612280853,0.0743805542588234
Q9WVK0_P05627,0.0023431,0.012965,0.015902,0.2440146803855896,0.0004798940790351,0.0030744415707886
P70452_P10085,0.0077465,0.013025,0.015931,0.07008485496044159,0.0011981079587712,0.000358964636689
O88634_Q60809,0.0022381,0.013006,0.015951,0.1742105484008789,0.0003647828125394,0.0019236434018239
P50538_Q9JJV2,0.0021844,0.013077,0.015927,0.06935343146324158,0.0003795097291003,0.0098243113607168
Q80W99_P61924,0.0021977,0.012966,0.015908,0.013874526135623455,0.0008174018585123,0.002496663480997
P31938_P70338,0.0022358,0.013025,0.017978,0.4024203419685364,0.0033245268277823,0.0139542669057846
Q9CXU1_P31324,0.0021848,0.012959,0.015889,0.04000597819685936,0.0041607203893363,0.0010071467841044
P14719_P55258,0.0022185,0.013623,0.016649,0.1014920249581337,0.0007213668432086,0.0006752914050593
P61205_Q6ZWS8,0.0021996,0.013093,0.01602,0.02192985825240612,0.0101300245150923,0.000932226947043
P14432_P26043,0.0021922,0.012978,0.015915,0.40559741854667664,0.0005116128013469,0.0260737482458353
Q9CQJ8_P84228,0.0042706,0.013316,0.57372,0.08317259699106216,0.9980423450469972,0.0003968321543652
P97310_P42866,0.0022572,0.013121,0.058274,0.14285705983638763,0.0002658700686879,0.0013206494040787
Q9CPP6_P70217,0.0022962,0.012937,0.01589,0.0034819645807147026,0.0010868597310036,0.027542907744646
O55029_P97814,0.0022182,0.013277,0.016089,0.03857704624533653,0.0061721676029264,0.0016714017838239
Q505B8_Q64010,0.0021869,0.012997,0.016107,0.1840990036725998,0.0004169996536802,0.0646299794316291
P25911_P68369,0.0021996,0.013161,0.024986,0.10055279731750488,0.6604389548301697,0.130592867732048
Q9CWF6_P27782,0.0021889,0.012982,0.015967,0.10105843096971512,0.0041316738352179,0.0738230422139167
Q8CIB5_D3Z338,0.0021929,0.012927,0.015886,0.0017140685813501477,0.0006886707269586,0.0024111540988087
P27467_Q8K3I6,0.0021965,0.11624,0.030788,0.006438462063670158,0.0023515620268881,0.391014039516449
Q9CZY3_Q9JIK9,0.0022021,0.012945,0.015924,0.15464109182357788,0.0014482531696557,0.0005406396812759
Q9CXY6_Q8R4A3,0.0021962,0.012945,0.015925,0.12995225191116333,0.000734242144972,0.0001616225199541
P27870_Q9DBG6,0.0022277,0.012964,0.015885,0.027032410725951195,0.0002303680666955,0.128841146826744
Q8CF89_Q9DA80,0.0025668,0.012971,0.015977,0.03642678260803223,0.0165104605257511,0.0564005859196186
O70570_A0A0E4B366,0.65455,0.51238,0.2318,0.276532918214798,0.9926924705505372,0.0027729810681194
P70696_P10126,0.0022044,0.013237,0.016982,0.16652728617191315,0.0004380265600048,0.0003643388336058
P49710_P04224,0.0021819,0.012998,0.015959,0.27021464705467224,0.0004817672888748,0.4110837578773498
Q9EQS3_Q8BHN3,0.0021918,0.012939,0.015885,0.10091773420572281,0.0003136911836918,0.6683474779129028
Q8BFU0_Q9QZ88,0.0021924,0.012951,0.015954,0.07746100425720215,0.0003489745140541,0.0462377145886421
Q9CPP6_Q9WU39,0.0022182,0.012915,0.015907,0.007230439223349094,0.0002617654390633,0.0003406687756069
Q9D439_A0A0E4B366,0.0021788,0.013059,0.015869,0.03373299166560173,0.0005992958904244,7.015779556240886e-05
Q62264_Q9CXW4,0.0021825,0.012934,0.015938,0.29779723286628723,0.0002939607948064,0.0002127840416505
P09631_P61809,0.0026985,0.012981,0.01611,0.18510985374450684,0.004377840552479,0.0006838910048827
Q811G0_P62702,0.0022001,0.012922,0.015933,0.02242877148091793,0.0003065132768824,0.1747927963733673
P11440_P24860,0.0022336,0.012985,0.01956,0.06874831020832062,0.0005660135066136,0.1898829638957977
Q8C669_Q9QZS3,0.0021975,0.012937,0.016028,0.1462354212999344,0.0012801034608855,0.0018385829171165
O88448_P07141,0.0029115,0.020111,0.016682,0.06311408430337906,0.0022420836612582,0.0093038752675056
P01904_Q9CQ54,0.0023444,0.01298,0.015872,0.03047671914100647,0.0006524348864331,0.0252368990331888
O35714_Q62193,0.0021871,0.012975,0.015876,0.006739366799592972,0.0002402311656624,0.008925131522119
Q9JIL4_Q08481,0.0022382,0.012953,0.016016,0.03770490735769272,0.0063038957305252,0.0003778692916966
O54714_P70338,0.024418,0.013065,0.017084,0.2348940074443817,0.5315626263618469,0.0055543296039104
O08543_P23204,0.0021878,0.01314,0.016124,0.004735802300274372,0.0008491164771839,0.0283928737044334
O08734_Q8R4G0,0.0026231,0.012946,0.016046,0.1190643310546875,0.0024921635631471,0.0003331266343593
O54864_Q61686,0.0022275,0.012999,0.016449,0.0790468379855156,0.997041881084442,0.0010723262093961
Q80VW5_P97457,0.0021852,0.013265,0.015978,0.0015003326116129756,0.9981793165206908,0.0002459599636495
O09106_O88939,0.0021863,0.012995,0.016102,0.06526264548301697,0.0004953791503794,0.008055998943746
P31311_Q5SRX1,0.17344,0.013188,0.016084,0.016297049820423126,0.0003977924934588,0.2665212750434875
P61979_Q64729,0.0022484,0.013018,0.03728,0.021671835333108902,0.0002774679742287,0.0011629104847088
P63044_Q62277,0.0030887,0.013044,0.024213,0.004366615321487188,0.001626266632229,0.0016777649288997
Q8VE22_Q9ERA0,0.0021945,0.012926,0.015959,0.01505694817751646,0.0002771427680272,0.0056220726110041
Q8R502_Q8HWE5,0.0021807,0.015253,0.016236,0.0936272144317627,0.000363896426279,0.0140944048762321
Q8K479_O88685,0.0022047,0.013005,0.015894,0.16573549807071686,0.0002510249614715,0.0004190362233202
Q99MB1_Q80WQ6,0.0022978,0.0146,0.033174,0.07952387630939484,0.0015659694327041,0.0005085032316856
P08046_P18525,0.0021932,0.013802,0.015982,0.08398675918579102,0.0165625009685754,0.0025335454847663
Q2MH31_P05532,0.0022113,0.013009,0.01655,0.15749210119247437,0.0014658684376627,0.1874762326478958
P24610_P12815,0.0033602,0.013439,0.017847,0.00961702037602663,0.0031376830302178,0.0102433171123266
Q9D0M3_P05214,0.0022717,0.013529,0.015919,0.019009582698345184,0.0010971261654049,0.0066184047609567
Q8C031_Q7TMF3,0.0022026,0.012955,0.015905,0.0011132217478007078,0.0002930468763224,0.0114863468334078
P15307_Q9Z0W1,0.0022767,0.01335,0.016231,0.0011525425361469388,0.0032724505290389,0.0009319360251538
P47754_P60605,0.002191,0.013321,0.015898,0.0553881898522377,0.0008984524174593,0.0016885139048099
Q9QUM9_P98078,0.0021719,0.012966,0.015894,0.005757712759077549,0.0002187562058679,0.5543795228004456
Q60925_Q9JLC6,0.12267,0.6154,0.038288,0.01452219020575285,0.9988113641738892,0.0501042976975441
P49718_Q80TG9,0.0022085,0.012997,0.015914,0.03518733009696007,0.0002254563296446,0.0121453274041414
O88811_A0A0M3KL48,0.0021978,0.013571,0.015966,0.020589295774698257,0.0006002287846058,0.00022859472665
Q9ER88_P52795,0.0022109,0.029162,0.023448,0.04562404006719589,0.0003831131616607,0.0008316149469465
P04370_Q63844,0.0023889,0.012976,0.01854,0.13895097374916077,0.0239921882748603,0.0006099173333495
O35526_P18525,0.0022039,0.014723,0.57251,0.06925614923238754,0.0051997052505612,0.0004636226512957
P70696_P29752,0.0022826,0.01301,0.015991,0.28706806898117065,0.0003811191127169,0.1301871985197067
P26043_P19783,0.0022104,0.013002,0.015963,0.08590472489595413,0.0002896611113101,0.0055972053669393
P25322_P46414,0.0022443,0.012936,0.016082,0.2648625373840332,0.1949497312307357,0.0740662217140197
Q9CZB6_P16858,0.0021749,0.012947,0.015933,0.04690730944275856,0.0002872114710044,0.01485703792423
P70696_P12970,0.0022449,0.012946,0.055368,0.43665069341659546,0.0069930888712406,0.0152215231209993
P16330_Q99MH5,0.0021799,0.012942,0.015911,0.019162757322192192,0.0004785033816006,0.0232247821986675
A6H6Q4_O08543,0.0022688,0.012936,0.015979,0.23961828649044037,0.0013104035751894,0.1914449334144592
P42227_Q9ERS2,0.0022129,0.01293,0.01591,0.4052073657512665,0.0002729180268943,0.0005685818614438
Q99N84_A2RTH0,0.0022668,0.78796,0.36799,0.38419076800346375,0.0002506458840798,0.0069295456632971
O88508_Q9WU32,0.0021972,0.013032,0.016019,0.40474846959114075,0.0003133349237032,0.0069933435879647
Q9R1P3_O55126,0.0021779,0.012985,0.015887,0.002877254970371723,0.0002315841702511,0.0012340822722762
Q9R0T8_P39054,0.0023597,0.01306,0.016585,0.11873262375593185,0.0004691720823757,0.0004751963424496
Q61190_Q9DC40,0.0041066,0.014076,0.017487,0.01611294038593769,0.0011441893875598,0.0038721743039786
P51683_P70452,0.0027444,0.012967,0.016176,0.05748816207051277,0.000351624097675,0.2130710333585739
Q9CQJ2_P42227,0.0022113,0.01293,0.015908,0.06017572805285454,0.0004243183357175,0.003356923116371
Q8BHJ5_P03966,0.0022061,0.013317,0.028373,0.12087264657020569,0.0166105534881353,0.0065925153903663
Q9QWV9_P58801,0.034587,0.013016,0.016451,0.024120016023516655,0.0062520690262317,0.0041985679417848
P51141_Q59J78,0.0022182,0.01294,0.01597,0.0791514441370964,0.0003150690172333,0.0017336929449811
P29351_P35329,0.0021872,0.0131,0.016003,0.2908484935760498,0.0046842717565596,0.0002968198095913
Q7TQF7_P23804,0.0022056,0.013013,0.016288,0.13107895851135254,0.000584446825087,0.2011791914701461
O55033_Q8VDS3,0.002197,0.013263,0.016638,0.016921980306506157,0.0436029061675071,0.0061735869385302
Q9JJV2_P06869,0.0021909,0.013338,0.01589,0.5139596462249756,0.0012944178888574,0.0003995719307567
Q8VIG3_Q08369,0.002231,0.012963,0.015926,0.28067246079444885,0.0200432911515235,0.0004965996486134
Q91V27_Q9CZQ9,0.0021902,0.012948,0.016025,0.06369058042764664,0.0016935088206082,0.0006638725171796
P43404_Q9CR57,0.0021841,0.012971,0.015945,0.21392743289470673,0.0010771926026791,0.0013297810219228
P04214_Q9JJY9,0.0035058,0.53215,0.40879,0.03425389900803566,0.0112799340859055,0.0005236219731159
P60879_P68372,0.0022432,0.013383,0.015937,0.0035657668486237526,0.0011306480737403,0.0047584394924342
Q9CZY3_Q8CIB5,0.0021745,0.013043,0.015939,0.29018864035606384,0.0011481521651148,0.0011981723364442
O70263_Q9CR21,0.0022368,0.013181,0.016639,0.007392405066639185,0.0003563030913937,0.0563906542956829
P09632_Q61337,0.0025666,0.013071,0.016495,0.0594259575009346,0.0039428798481822,0.0249028448015451
Q61411_P27038,0.002396,0.015862,0.02347,0.2506592571735382,0.0005358584458008,0.0001480216888012
P27870_P97471,0.0021866,0.012962,0.015978,0.09221763163805008,0.0032081203535199,0.1457173228263855
Q9CVB6_Q2VPU4,0.0021798,0.01295,0.015906,0.00029960519168525934,0.0358387120068073,0.0066258893348276
Q60855_Q3TNS5,0.002238,0.012981,0.016013,0.0012316897045820951,0.0009314438211731,0.002718141535297
Q18PE0_O54788,0.0021836,0.012959,0.016195,0.05542140454053879,0.0294676851481199,0.958711326122284
Q60629_Q9CQ18,0.0024454,0.012971,0.015925,0.022147491574287415,0.0004192921915091,0.0008073947392404
P10300_P63017,0.0021903,0.013088,0.015947,0.11471807956695557,0.0003767797606997,0.010321662761271
P61979_A0A087WRI3,0.0022057,0.012946,0.016025,0.09282690286636353,0.9947267174720764,0.0005164649919606
P01325_Q3U1F9,0.0022239,0.013252,0.018109,0.00448963139206171,0.0005317453178577,0.2358264476060867
Q61084_Q8C6B2,0.018408,0.012976,0.016861,0.03382242098450661,0.0063298069871962,0.0351143889129161
P41969_O08543,0.0021994,0.012975,0.016045,0.0968342274427414,0.0010352125391364,0.0012999906903132
O35613_P25446,0.0021818,0.012965,0.015983,0.21906544268131256,0.0003747238079085,0.0055782105773687
Q99PI8_Q9CPW4,0.0021845,0.012989,0.015892,0.4420252740383148,0.0002440908137941,0.0004662437131628
Q60954_Q04863,0.0026767,0.01302,0.016057,0.0037662903778254986,0.0302212443202734,0.0009618739131838
P05977_P30561,0.085088,0.013361,0.015915,0.015080763958394527,0.0012420357670634,0.0005442692781798
O08675_X5J519,0.0028215,0.023603,0.24979,0.42159706354141235,0.6706449389457703,0.0085933590307831
P97310_P12815,0.0021947,0.013158,0.015913,0.05029483884572983,0.0004242159775458,0.0008213357068598
O35129_Q62108,0.0023572,0.013195,0.015914,0.15061162412166595,0.0003392915823496,0.0019584032706916
P48346_Q8C1Z7,0.0021899,0.013177,0.015904,0.053957369178533554,0.0004671816714107,0.0022251456975936
Q8BGU5_B8ZXI1,0.0021911,0.013034,0.015914,0.09345440566539764,0.0002832096943166,0.0044392053969204
P25206_P49615,0.0023478,0.013054,0.022201,0.06638966500759125,0.0007146393181756,0.1844782382249832
P63085_O55203,0.0024093,0.012971,0.017209,0.0010241810232400894,0.988361656665802,0.0018394634826108
Q9R194_Q9WTL8,0.002195,0.013001,0.01601,0.3824916481971741,0.0003638733760453,0.0033894192893058
Q99PT1_Q99P58,0.0023673,0.015384,0.017626,0.09883232414722443,0.9978557229042052,0.0006044172332622
Q07832_Q99LC3,0.0021773,0.012978,0.023502,0.12653397023677826,0.0006944077322259,0.0015556545695289
O35551_Q80US8,0.62316,0.67401,0.016909,0.04840611293911934,0.0086526153609156,0.0061756055802106
Q99JY8_Q9R0X0,0.0021772,0.012938,0.015883,0.0017095112707465887,0.0002168254432035,0.0004552616446744
Q03157_P70326,0.0022494,0.013114,0.017023,0.10811281204223633,0.0052645388059318,0.019553143531084
Q9CXY6_P70343,0.0021732,0.012923,0.015932,0.255281925201416,0.0012036889092996,0.8872097134590149
Q61768_E9Q9F6,0.0021941,0.013113,0.015903,0.029757071286439896,0.0008793266606517,0.0011181361041963
Q60795_Q61827,0.13981,0.53891,0.02103,0.06508016586303711,0.997619330883026,0.0006523641059175
Q8R4K2_Q9D9D9,0.002348,0.012951,0.015966,0.14884257316589355,0.0006598107866011,0.1836984902620315
O08665_O70274,0.0021929,0.012955,0.015999,0.34427228569984436,0.0013994983164593,0.0008026349241845
O88621_Q14B62,0.002218,0.013072,0.016049,0.4585132300853729,0.0004953680327162,0.0270095951855182
Q9DC40_Q9JHF9,0.0021658,0.012981,0.015951,0.36193588376045227,0.0011500407708808,0.0002419872180325
P14148_Q00420,0.0021966,0.012961,0.015948,0.04526355117559433,0.0003595028538256,0.0005121694994159
P01898_P01592,0.0022198,0.096315,0.077028,0.032992083579301834,0.9960322976112366,0.4876551032066345
Q99ML1_P49718,0.0021996,0.013235,0.015963,0.5331397652626038,0.0004549245932139,0.7639468312263489
P70347_Q9DCJ7,0.0022807,0.014183,0.01712,0.16189327836036682,0.0012300845701247,0.0134753100574016
P29341_P56399,0.0073994,0.012972,0.016256,0.0365888774394989,0.99873548746109,0.0010681459680199
P02088_Q3HNM7,0.0021634,0.013047,0.015882,0.03391743078827858,0.0131821986287832,0.0053212405182421
P0CG50_Q01853,0.0023786,0.013458,0.017238,0.29062384366989136,0.0002960832498501,0.1766411662101745
Q01147_Q7TS55,0.0021807,0.012968,0.015934,0.038204967975616455,0.0002431280445307,0.2083796560764312
P05977_Q99JB4,0.0022822,0.012984,0.015889,0.1313658207654953,0.0002493951178621,0.0002324843517271
P07356_P53566,0.0021799,0.012965,0.015887,0.007207702845335007,0.0115000363439321,0.0001616601366549
Q61327_Q9QUN3,0.0022157,0.012989,0.015953,0.5353052020072937,0.0008682460756972,0.001023169606924
Q08509_Q9CZB6,0.0022139,0.012931,0.015935,0.02667800709605217,0.000542264257092,0.0018021762371063
Q9JKS4_Q9JM73,0.090643,0.013306,0.016,0.297555536031723,0.016654884442687,0.0066421665251255
Q8C437_P55258,0.0022014,0.014837,0.017015,0.3646966516971588,0.0032627766486257,0.104077897965908
Q9DAU1_P42567,0.0022044,0.013148,0.015967,0.26388442516326904,0.0011422798270359,0.0574657805263996
Q62108_Q8BX10,0.0021811,0.012961,0.016051,0.4534878730773926,0.0006980753387324,0.0109038492664694
Q9CXW2_P24604,0.0021951,0.013006,0.016136,0.14501453936100006,0.0002918201498687,0.0027833327185362
Q60769_Q99N28,0.0021844,0.012983,0.015934,0.014601207338273525,0.0002355271280976,0.0142445098608732
P11609_O88513,0.0021982,0.012934,0.016073,0.25710147619247437,0.0003069314407184,0.0276017300784587
Q9QZE5_Q02067,0.0022193,0.013176,0.016196,0.06708643585443497,0.0017481984104961,0.0456668101251125
Q9Z248_Q9R1P1,0.0021697,0.01293,0.015893,0.0024164419155567884,0.0003011005173902,0.7522407174110413
Q8VEA4_Q6P8Y0,0.0021846,0.012981,0.015918,0.19656430184841156,0.0018913660896942,0.2557137608528137
O88951_P59178,0.0022261,0.012966,0.016266,0.02634325809776783,0.0015997925074771,0.0052996948361396
Q99LI5_Q921D4,0.0022185,0.012927,0.016066,0.014993507415056229,0.0025583289097994,0.0005387255223467
Q149S1_Q924X6,0.0022839,0.012975,0.015912,0.02107221633195877,0.0010202665580436,0.0305327363312244
Q9WVR4_Q02248,0.0079607,0.013141,0.019461,0.047452159225940704,0.0868060141801834,0.0151286898180842
Q9QWV9_Q9D4Q1,0.010663,0.012954,0.016033,0.03980096057057381,0.0031204505357891,0.0429709143936634
A2A825_O35683,0.0022071,0.012949,0.015892,0.007776933256536722,0.0003200909995939,0.0022751009091734
Q9EPW9_Q9JM73,0.0021796,0.01297,0.015979,0.01643010415136814,0.0007542511448264,0.0003193165175616
P18052_Q8BYM7,0.0031456,0.012991,0.016075,0.0010590673191472888,0.0021192226558923,0.0631421655416488
C0HKE1_Q61179,0.0023355,0.01295,0.016,0.04408680647611618,0.001382335787639,0.0476217046380043
P25916_Q505F1,0.0026026,0.013076,0.021223,0.0827462375164032,0.0134709123522043,0.0018549512606114
P46935_Q61180,0.0022291,0.01293,0.016134,0.31932103633880615,0.0008667124202474,0.0016795163974165
Q6DID7_P19783,0.0024561,0.016171,0.01756,0.11112184822559357,0.000335816090228,0.3911946713924408
Q60692_Q91XL9,0.0022133,0.013432,0.015954,0.13519635796546936,0.000230017787544,0.1745150089263916
P18527_P47757,0.0021825,0.012937,0.015885,0.20124392211437225,0.0018133646808564,0.0002699924516491
O88811_P35456,0.0021816,0.013214,0.015886,0.003435146529227495,0.0002805351978167,0.0854173749685287
Q62432_Q8BTU1,0.0021844,0.012919,0.015928,0.013155757449567318,0.0014751532580703,0.0013987314887344
Q8R502_Q6IMH0,0.0021829,0.012916,0.015894,0.004710194189101458,0.001048908336088,0.0156140252947807
Q7TS55_P06869,0.0022387,0.020744,0.047755,0.2026386559009552,0.0009286851854994,0.0010320462752133
Q9WVL2_Q9R0T8,0.012307,0.014654,0.017292,0.5332958102226257,0.0055507249198853,0.0013366841012611
P14753_Q9JJV2,0.0021845,0.012939,0.01594,0.08277171105146408,0.0004587783769238,0.033945370465517
P09023_P10085,0.062921,0.013411,0.016396,0.02239934727549553,0.0101673873141407,0.0193731933832168
P60710_P12367,0.0021777,0.013009,0.015969,0.16299156844615936,0.0316083654761314,0.5718404650688171
Q9CXY6_Q8BHN3,0.0022008,0.012933,0.015993,0.10317439585924149,0.000416971015511,0.0117344437167048
P55258_Q61699,0.0023478,0.014123,0.016588,0.00341429584659636,0.0006859294953756,0.0007668177131563
Q9QZ06_Q99MJ6,0.0021916,0.012965,0.016179,0.24213699996471405,0.0249529089778661,0.519445538520813
P01900_P36898,0.0022444,0.021968,0.021267,0.03538375347852707,0.0015240336069837,0.0010902917711064
P97351_Q9R207,0.0021831,0.012929,0.016905,0.050024040043354034,0.0002549337223172,0.0359067097306251
P31324_Q62108,0.002236,0.012978,0.016592,0.18640069663524628,0.0134817454963922,0.0002041048428509
Q63739_O54972,0.0022335,0.012987,0.016429,0.18356415629386902,0.0045818430371582,0.0005325847887434
Q9JIH2_Q8BH43,0.075262,0.013162,0.017281,0.049505915492773056,0.0194814167916774,9.035532275447622e-05
Q8VCD5_O09111,0.0022204,0.012952,0.015929,0.136855348944664,0.0008616191335022,0.1105438694357872
Q9CWY8_Q8BVM4,0.0021753,0.012967,0.015919,0.149685800075531,0.0003665184194687,0.0010760260047391
O88485_Q9ERI2,0.0023381,0.060601,0.01668,0.01726776361465454,0.0026497105136513,0.0004275370738469
P23819_Q63943,0.0021851,0.012973,0.015932,0.09447653591632843,0.0011571699287742,0.0035161664709448
Q91XL9_P68368,0.0022662,0.013362,0.0195,0.054668258875608444,0.0014857009518891,0.8567376732826233
P17679_P01645,0.0021898,0.01311,0.016,0.3438936769962311,0.0018150139367207,0.0026571431662887
Q9WUT3_P47941,0.0022632,0.01321,0.091638,0.03451254591345787,0.0940173491835594,0.0001430099655408
Q9CY16_Q9DB40,0.0022111,0.012963,0.016012,0.2066420614719391,0.0004689604102168,0.1761402338743209
P54818_Q5NCF2,0.0021741,0.012935,0.015867,0.3449491858482361,0.0004653634387068,0.0007835593423806
P23204_Q923E4,0.0022634,0.012968,0.016407,0.006416975520551205,0.0056633306667208,0.0014602997107431
Q8BVN3_P01887,0.0024168,0.030471,0.015899,0.1523745208978653,0.0004910696297883,0.0287975016981363
P62874_Q8VEK3,0.0022526,0.013467,0.018817,0.08428293466567993,0.012944302521646,0.1614664196968078
P98156_Q64373,0.0022602,0.013256,0.015953,0.159805029630661,0.001550999819301,0.6536820530891418
Q62424_O88939,0.0031388,0.013952,0.016096,0.018215849995613098,0.0070765558630228,0.0099941147491335
Q07832_P31311,0.11667,0.013196,0.021309,0.0029447199776768684,0.6072020530700684,0.2186834961175918
Q9D3X8_Q9QZL0,0.0022417,0.012942,0.016177,0.11385450512170792,0.024467684328556,0.0127784414216876
Q02067_Q9WU39,0.0024117,0.012997,0.015921,0.003801843849942088,0.0002919617982115,0.0016796834534034
P49138_Q62232,0.0022013,0.013646,0.025779,0.27532702684402466,0.0005176638369448,0.0016894675791263
O88621_P42582,0.0040255,0.013252,0.017164,0.16289421916007996,0.7330674529075623,0.0007759431027807
O55234_O70263,0.0021894,0.012976,0.01599,0.03401611000299454,0.0001947670825757,0.0203674659132957
P41241_P35585,0.0021921,0.012969,0.016558,0.025673646479845047,0.0019096087198704,0.0007464908994734
P60879_O88522,0.0099235,0.019625,0.015922,0.0463130958378315,0.0012984810164198,0.0001454966841265
Q8BHN3_P81270,0.0021915,0.012982,0.016038,0.016227083280682564,0.0022270171903073,0.0026620202697813
P54818_Q9CQZ6,0.0026934,0.013063,0.015989,0.06855548173189163,0.0004567663418129,0.0486027225852012
P70188_Q61456,0.0022023,0.013109,0.016171,0.2337953746318817,0.0091958791017532,0.0008511907071806
P15530_O54788,0.0022176,0.012956,0.01619,0.10784858465194702,0.0028020793106406,0.0146325873211026
Q7TPM5_Q9JM63,0.0022025,0.01294,0.01593,0.042806874960660934,0.0007956472691148,0.0201645866036415
Q61091_P0DN34,0.002262,0.012958,0.016922,0.0011711239349097013,0.0008875702624209,0.0049298382364213
Q61091_Q9CWE6,0.0021837,0.012939,0.016012,0.008981451392173767,0.0004130651941522,0.0012257157359272
Q60925_Q3USJ8,0.035196,0.013777,0.016149,0.07486429065465927,0.0006665806868113,0.0013115166220813
P12787_Q8CDU5,0.0021832,0.013033,0.016005,0.3212890923023224,0.0036824834533035,0.0392308756709098
O35305_Q8VEK3,0.0022026,0.01301,0.016066,0.08166802674531937,0.0002914158976636,0.0791218876838684
P48281_Q3U1F9,0.0027553,0.012965,0.016504,0.13386374711990356,0.0002913383941631,0.0037313941866159
Q80W99_Q8C456,0.0022076,0.01299,0.015921,0.04777754098176956,0.00045905506704,0.0003080421884078
Q91V08_Q80XZ4,0.0022535,0.015991,0.041799,0.004835314583033323,0.000960566161666,0.0051141683943569
A2N494_Q9D0B8,0.0021778,0.012946,0.015907,0.011159478686749935,0.0014661428285762,0.0017669852823019
Q9CZM2_Q924H2,0.0021796,0.012928,0.015925,0.025154391303658485,0.0004407429951243,0.0429687462747097
P00756_P24610,0.0025276,0.013393,0.015954,0.0709313452243805,0.0007662416901439,0.0020249632652848
P23819_Q62108,0.0021826,0.012953,0.015925,0.2372070699930191,0.0007551324670203,0.0767006948590278
P25916_Q9Z2X8,0.0021935,0.013019,0.016038,0.024199001491069794,0.0077182007953524,0.0003945417702198
P53762_Q148A4,0.50341,0.01337,0.016027,0.17533743381500244,0.0003920367453247,0.0006699973018839
O88351_P31750,0.0030151,0.02283,0.29722,0.019155412912368774,0.9958892464637756,0.0003894893161486
P20917_O35718,0.0021839,0.012951,0.016016,0.008800296112895012,0.0007168377051129,0.4467352032661438
Q9DC70_Q9DAM2,0.00222,0.013001,0.016052,0.04489338397979736,0.0002808922436088,0.0002660457976162
P59999_Q8CJG0,0.0021875,0.012962,0.01613,0.15634995698928833,0.0038207450415939,0.0008423829567618
Q9JM05_Q9QZS3,0.002444,0.013071,0.015989,0.10618866235017776,0.0096376296132802,0.0371120236814022
Q60803_Q8BJ56,0.0021861,0.013001,0.015924,0.035838037729263306,0.0003258105134591,0.0016051112907007
P70218_Q9Z2U1,0.0021859,0.012965,0.015901,0.03211771696805954,0.0002292737772222,0.0008518065442331
P61982_Q2MH31,0.0021975,0.013232,0.015911,0.11480434238910675,0.002323318272829,0.0020910257007926
P18572_Q9D9B8,0.00453,0.52134,0.11439,0.031177205964922905,0.9951124787330629,0.0004303900932427
P23772_P27467,0.0021872,0.013086,0.016026,0.03389893099665642,0.0003570957051124,0.0032907859422266
Q8K480_Q99PT1,0.0021841,0.013214,0.016225,0.01683836057782173,0.0031881642062216,0.000474024855066
P42582_Q08369,0.51339,0.048308,0.016706,0.036141861230134964,0.0768622383475303,0.0379118993878364
Q9D8E6_P51450,0.0021791,0.012962,0.015913,0.009452116675674915,0.0004844284558203,0.1861129850149154
Q9JMA2_Q9R000,0.0022073,0.012942,0.015928,0.13730143010616302,0.9942061901092528,0.926827073097229
O35305_Q3U1F9,0.025339,0.013082,0.023829,0.2889035940170288,0.0006877040141262,0.0077447337098419
P01821_Q99ME6,0.002288,0.016534,0.021023,0.014854430221021175,0.0085798576474189,0.0361912846565246
P18052_Q61102,0.0022096,0.013217,0.017458,0.03355279937386513,0.0003042333701159,0.2222531139850616
G0YP42_Q62296,0.0021924,0.013432,0.015908,0.1870177835226059,0.0004204499127808,0.0018291370943188
O70274_Q9QWH1,0.0023493,0.012947,0.016618,0.1893359124660492,0.004630462732166,0.0195413548499345
Q9QXL8_Q60809,0.0021704,0.01293,0.015923,0.12922705709934235,0.0007902642246335,0.0016339577268809
Q9R109_Q3UGQ1,0.0022814,0.01297,0.016337,0.010614365339279175,0.0173228997737169,0.0013238827232271
Q69ZK9_Q6P8Y0,0.0021907,0.012928,0.015883,0.12067830562591553,0.0011153366649523,0.0015802868874743
O88746_O88621,0.0023514,0.013163,0.016693,0.2966281473636627,0.0016734478995203,0.002388774883002
Q6R5N8_O08686,0.0021877,0.013066,0.016118,0.007262667175382376,0.0029655189719051,0.041053008288145
P33242_Q9D6K5,0.0022783,0.012981,0.017715,0.052387189120054245,0.0004263819719199,0.0102012613788247
Q9JJV2_Q60772,0.0021847,0.02006,0.015961,0.06270867586135864,0.0008547258330509,0.1590410768985748
P98083_Q60631,0.0022825,0.013625,0.022171,0.013030102476477623,0.1432923227548599,0.0003908377839252
Q9DBC7_A0A0M3KL48,0.0021834,0.013851,0.015937,0.07996755838394165,0.0003704577393364,0.0716965422034263
O88653_P51943,0.0021888,0.012932,0.015904,0.10313327610492706,0.0009231216390617,0.0390405431389808
P13504_P22366,0.0021852,0.012934,0.015998,0.035791825503110886,0.0007277115364558,0.0001541271776659
O70263_Q9DB91,0.0022072,0.013038,0.015979,0.0518265999853611,0.0029677939601242,0.0170656219124794
Q60760_Q62348,0.002198,0.012936,0.01606,0.19469381868839264,0.0002711148117668,0.0002946089080069
J3QMY9_Q5BN45,0.0022135,0.012929,0.016067,0.30201104283332825,0.0037080403417348,0.9554362297058104
Q9EPB4_Q60722,0.0021695,0.012941,0.015884,0.07542993873357773,0.0157236885279417,0.0039461320266127
P56393_P60904,0.0024384,0.013217,0.016055,0.030699461698532104,0.0008757592295296,0.0007094006286934
Q9QUQ5_P63017,0.0021807,0.013113,0.015933,0.04683063179254532,0.0007358922157436,0.672234058380127
P26043_P01647,0.0022016,0.013146,0.015967,0.2012593299150467,0.0030974578112363,0.0018003277946263
O35089_Q9WVL2,0.0021839,0.012923,0.015951,0.02416393905878067,0.0002730965497903,0.0002148897619917
P48025_P97457,0.0022753,0.013163,0.016435,0.04097308963537216,0.0093997977674007,0.0241709575057029
Q99JX3_Q9R1P0,0.0021826,0.012952,0.015891,0.0034924817737191916,0.000220406189328,0.0107656801119446
P48025_Q9D032,0.083416,0.012997,0.01642,0.0335359126329422,0.0058773923665285,0.0007497436017729
Q08024_Q61423,0.0021834,0.012962,0.015981,0.017894327640533447,0.005146010313183,0.0102637913078069
P01648_P16330,0.0022243,0.013052,0.015893,0.003719363361597061,0.0037680424284189,0.1334046274423599
P11440_P15864,0.0022071,0.012952,0.015999,0.021631421521306038,0.0004281775909475,0.0150356153026223
O88188_D3Z338,0.0022205,0.013453,0.016775,0.00817930605262518,0.0003969980753026,0.3583615720272064
Q9D0B8_O55203,0.002288,0.012923,0.016005,0.004940296057611704,0.0021955308038741,0.0015538276638835
P00397_P01636,0.0029925,0.055843,0.022283,0.006320279091596603,0.0023178348783403,0.0006161127821542
Q9D9T8_P01865,0.002205,0.013099,0.015895,0.08629363775253296,0.0010131046874448,0.3005470335483551
P07351_Q9Z0F8,0.0023823,0.016718,0.021736,0.15708409249782562,0.0041557662189006,0.0004615877987816
P83882_Q9JHJ3,0.0022075,0.012916,0.015891,0.3065061569213867,0.0002493449428584,0.0031611819285899
Q9D3X8_O09100,0.0021852,0.012974,0.015921,0.2957857549190521,0.0121731683611869,0.0273314900696277
Q99L88_Q01114,0.0024177,0.01299,0.018429,0.03166172653436661,0.0008144892635755,0.0009178476175293
O55222_Q9ES46,0.0021868,0.013081,0.020372,0.0033076591789722443,0.046002373099327,0.0021058204583823
P62830_Q61768,0.0021858,0.013037,0.015897,0.15474657714366913,0.0002508825855329,0.0034013255499303
Q8CGN5_Q9WVB3,0.0024775,0.012955,0.016076,0.1234159842133522,0.0066012437455356,0.0026669253129512
Q62083_Q9JJX7,0.0021922,0.012934,0.015988,0.3391052484512329,0.0009246832341887,0.0030017921235412
Q8C0X7_P51410,0.002202,0.012961,0.01589,0.017422450706362724,0.000257414241787,0.0003337881644256
P09055_P63005,0.0021938,0.013034,0.015995,0.003657843917608261,0.0008257538429461,0.0124035524204373
P46660_O88621,0.0041839,0.013573,0.015983,0.13689051568508148,0.0083828819915652,0.030331578105688
P97792_O70394,0.0032172,0.078871,0.23185,0.06304147839546204,0.0755264237523078,0.0024382076226174
O08665_Q99ME6,0.0023889,0.013365,0.016754,0.047424010932445526,0.0007169945165514,0.0030264088418334
Q6P3B9_P48772,0.0022296,0.018683,0.064848,0.0534345768392086,0.0015935230767354,0.0008560976129956
P35396_P12815,0.0023422,0.013149,0.016537,0.0016527866246178746,0.001002250239253,0.0633525028824806
O54864_Q8R2X8,0.0021819,0.013,0.01598,0.17617329955101013,0.0018679631175473,0.0033252174034714
P01665_Q63739,0.0021997,0.014019,0.01606,0.007654768414795399,0.0071465973742306,0.5370813608169556
Q5F201_Q00609,0.0022102,0.013063,0.016008,0.14277657866477966,0.0004687005130108,0.0031670778989791
Q8BK72_O54714,0.0025043,0.013408,0.016192,0.0026328430976718664,0.0005923056742176,0.0033714764285832
Q8BFZ4_Q60825,0.0021697,0.012951,0.016131,0.03201546147465706,0.0004963795654475,0.0035931433085352
Q9QUK6_Q9D439,0.0021824,0.01302,0.015927,0.0031626129057258368,0.0004491861036513,0.048917893320322
Q9DB40_Q80X85,0.0022006,0.01293,0.015924,0.08590230345726013,0.0002960454439744,0.134180873632431
P05532_A0A2R8VHF7,0.0023003,0.013112,0.016313,0.03797740489244461,0.0004399791941978,0.0002871531469281
O55203_Q61327,0.0021801,0.012943,0.015895,0.3587687015533447,0.0008611574885435,0.5458215475082397
P62862_Q99PI8,0.0022123,0.013015,0.015903,0.04060029238462448,0.0003600093768909,0.001376986852847
Q9QWV9_O54786,0.0027222,0.012989,0.01608,0.0005507528549060225,0.0010095114121213,0.0056019877083599
Q63932_Q99N57,0.0035189,0.013399,0.18113,0.15334075689315796,0.0118270060047507,0.0401202626526355
Q9JI44_Q9CQP2,0.0021849,0.01294,0.015925,0.7066301107406616,0.0003741136169992,0.2577099800109863
Q6ZWS8_Q80V24,0.0021903,0.01296,0.016204,0.1856759935617447,0.0039842883124947,0.0766364932060241
Q8K3K8_P47708,0.0024349,0.01393,0.01606,0.19993050396442413,0.7162205576896667,0.0018432328943163
Q8C456_Q6PAT0,0.0021776,0.012987,0.016,0.15879695117473602,0.0017938209930434,0.0016566590638831
P20334_Q9CQZ6,0.0036265,0.012962,0.015903,0.28594332933425903,0.0003687400603666,0.0003290005261078
O70435_Q921E6,0.0021937,0.012971,0.015894,0.09641886502504349,0.0002295835147378,0.0019341976149007
Q9D855_Q18PE0,0.0023363,0.012933,0.015906,0.34289029240608215,0.0004415883158799,0.0015651322901248
Q505B8_D3Z338,0.0022613,0.012923,0.015896,0.09991085529327393,0.000451331899967,0.0005827167187817
Q08775_P40764,0.57745,0.01393,0.016226,0.036285221576690674,0.0278473794460296,0.0001232344220625
Q9CQP2_P01723,0.0022048,0.012993,0.015912,0.16280944645404816,0.0003815844538621,0.1955408304929733
Q9R109_A0NA69,0.0022303,0.013303,0.019948,0.15586629509925842,0.0011621076846495,0.2475260943174362
Q8BJ56_P07901,0.002171,0.012927,0.015953,0.017856715247035027,0.0006106860237196,0.0006630932330153
P27659_Q60598,0.0023185,0.012985,0.016686,0.35006144642829895,0.000307495240122,0.0047313901595771
P70372_Q925K9,0.0026767,0.013137,0.040994,0.03250233083963394,0.0010299201821908,0.00224443920888
Q61127_Q60591,0.013051,0.012987,0.019534,0.36494874954223633,0.0396674387156963,0.0001914842432597
Q3TXS7_Q62277,0.0022993,0.01331,0.015939,0.5707233548164368,0.0004973827162757,0.5311192274093628
P52800_Q9CQZ5,0.0022807,0.013294,0.026163,0.008811450563371181,0.0002464256831444,0.0024453809019178
Q9DCJ7_P06343,0.0022348,0.41288,0.14722,0.019028225913643837,0.0002445872523821,0.0004128083528485
Q9WVS7_O70469,0.002365,0.013,0.019646,0.012434952892363071,0.0083767250180244,0.0007268119370564
P26450_Q61884,0.0023304,0.013438,0.015962,0.04947381839156151,0.0005545095191337,0.5429103374481201
P13504_P15247,0.0023316,0.10701,0.041488,0.0066473158076405525,0.0015994688728824,0.0004040836065541
Q8CDD8_Q9Z2D6,0.0022652,0.012944,0.016019,0.0016553945606574416,0.0074915178120136,0.0009714507032185
Q8VCF0_Q01114,0.019266,0.013202,0.022765,0.03977011516690254,0.0010948922717943,0.0003857288102153
P62878_Q5R1C2,0.0022044,0.013238,0.016166,0.008826793171465397,0.0008732732385396,0.0020684709306806
P62743_Q9JIK9,0.0021905,0.012935,0.016058,0.06149958074092865,0.0021631976123899,0.0020336494781076
Q9EQH3_Q9DAD0,0.0022371,0.01303,0.016024,0.005000343546271324,0.0158548913896083,0.0024883104488253
P01592_Q9D4K5,0.0022163,0.013262,0.016286,0.4006849229335785,0.0005766988615505,0.1898080855607986
Q8VEG6_P59114,0.002185,0.012941,0.016087,0.09208836406469345,0.008960529230535,0.0604141540825367
P97428_Q8VCS6,0.0021913,0.013001,0.016219,0.012464430183172226,0.0002550547942519,0.9797570109367372
Q64364_O70274,0.0021793,0.012954,0.015977,0.08613598346710205,0.0009075794368982,0.0279155876487493
Q9R1P4_Q99ML1,0.0021846,0.012966,0.015898,0.04615989327430725,0.0003871004737447,0.0013715461827814
P97378_Q80XE1,0.0022299,0.013134,0.015974,0.17219412326812744,0.0005688610253855,0.0081351827830076
Q9JIF7_P31041,0.0022154,0.013624,0.015896,0.01632172055542469,0.0002697858435567,0.0242234449833631
O88522_Q60769,0.0022132,0.013054,0.01606,0.030219679698348045,0.0008253070991486,0.0010638777166604
P99026_Q68EF6,0.002181,0.013083,0.016022,0.02172255888581276,0.0002970952773466,0.4314496517181396
O54918_Q99MJ6,0.0022912,0.012976,0.016917,0.007617262192070484,0.0219770278781652,0.0118366451933979
O70343_Q62277,0.0062583,0.013037,0.031444,0.03127782419323921,0.0004084404790773,0.003563358914107
Q9WUU8_Q80V24,0.050907,0.013108,0.016149,0.3976970613002777,0.0604722239077091,0.0002049813047051
Q8C031_Q8R4G0,0.0071385,0.49539,0.14339,0.520466148853302,0.9961590766906738,0.0075346827507019
Q9DBR4_P63005,0.0022143,0.016474,0.022404,0.20513145625591278,0.0292923431843519,0.0017498027300462
P23804_Q9D8C6,0.0021989,0.012946,0.015907,0.012836914509534836,0.0002818437351379,0.0003809852642007
Q8R4I1_Q9JHD2,0.0022612,0.012984,0.016327,0.00640821922570467,0.5192995071411133,0.1014684811234474
Q9CQT6_O35864,0.0021834,0.012927,0.015938,0.09153744578361511,0.0011587346671149,0.0070945741608738
Q9CQ20_Q80ZV0,0.0021961,0.012917,0.01589,0.2718888819217682,0.0005038806702941,0.0062458929605782
P70434_Q9D9I1,0.0022559,0.012948,0.016028,0.2995654344558716,0.0728731229901313,0.001384389703162
P31324_P28078,0.0021817,0.012979,0.015931,0.2027212232351303,0.0003457528946455,0.0062139090150594
P49138_P35922,0.0022219,0.012992,0.018406,0.3277257978916168,0.000355617085006,0.0084193442016839
P29352_Q8VEK3,0.0022041,0.013022,0.016385,0.014154355973005295,0.0016148401191458,0.316097617149353
O88597_Q6PF93,0.0021929,0.013005,0.015932,0.04691718518733978,0.0064661880023777,0.0027885602321475
P05214_P35979,0.002237,0.012971,0.015922,0.1709388792514801,0.0004399429599288,0.0066710487008094
Q9R0X0_Q5BKP2,0.0021698,0.012931,0.015932,0.0012151182163506746,0.0004711490182671,0.5127643346786499
P01139_P15530,0.0032457,0.20519,0.078771,0.03088061884045601,0.003570414148271,0.3036486506462097
Q91XL9_Q3TWN3,0.002574,0.013118,0.017212,0.22784599661827087,0.0007058713235892,0.0004505725519265
Q60591_P26049,0.0022054,0.012997,0.016025,0.3200894892215729,0.0003881425072904,0.0037225394044071
P18052_P39688,0.0022347,0.014208,0.017485,0.028966180980205536,0.001068371348083,0.0035159478429704
P25446_P63280,0.0021883,0.012977,0.015952,0.36290109157562256,0.0003070066741202,0.0348455496132373
P70677_Q921D4,0.002187,0.012949,0.016056,0.12866047024726868,0.9974794983863832,0.0253530889749526
O09111_Q9DC40,0.0021967,0.015778,0.015926,0.04556756839156151,0.0007114493055269,0.0013044096995145
Q9D855_Q91WG4,0.0022594,0.012937,0.015901,0.06320779770612717,0.0005370465223677,0.0029356174636632
O88951_Q8K480,0.0021942,0.012948,0.016028,0.29306870698928833,0.0012918303254991,0.0003761963453143
P47753_Q9JKD8,0.0021808,0.012933,0.01593,0.059425659477710724,0.0071615646593272,0.0026475600898265
Q61207_P49710,0.0021775,0.013101,0.015977,0.003274300368502736,0.0006280434317886,0.0755472779273986
P47962_Q6PHU5,0.0021898,0.012921,0.015885,0.006058756727725267,0.0003428925701882,0.1152610629796981
P28574_Q9CQJ4,0.0022681,0.013127,0.015938,0.11536844819784164,0.0004783834447152,0.000333398260409
Q68FF6_Q9R1P4,0.0021813,0.012967,0.015903,0.11121316254138947,0.0004681356949731,0.9600543975830078
Q571K4_Q6QLQ4,0.002183,0.012985,0.015928,0.003015465335920453,0.0004706316976808,0.0003760014951694
O88448_P35991,0.0022232,0.026197,0.054543,0.031073853373527527,0.0014200243167579,0.1273621469736099
Q91YD9_P13504,0.0021798,0.012983,0.015971,0.052762508392333984,0.0003158371255267,0.0064893150702118
Q99LM9_Q8VCQ3,0.0023464,0.012969,0.01602,0.0040918998420238495,0.0008984181913547,0.0005775347235612
P35585_Q9CQV8,0.0021983,0.01304,0.01593,0.09143531322479248,0.0015828143805265,0.0143148712813854
P63323_Q8BYM7,0.0021754,0.012936,0.015892,0.05034897103905678,0.0051282471977174,0.0031562410295009
A0JLY1_Q8BUN5,0.0021951,0.01292,0.015944,0.001674540457315743,0.0068499064072966,0.0002749145205598
P23818_Q62108,0.0021812,0.012959,0.01594,0.05002843588590622,0.0008461507386527,0.0003375070809852
Q62314_P41274,0.0022321,0.027711,0.017323,0.40321141481399536,0.0011882840190082,0.0008148406050167
Q925K9_Q9CR68,0.0022866,0.013017,0.016259,0.00870500411838293,0.0002222454932052,0.0038009753916412
O08712_Q9QUQ5,0.0029182,0.013367,0.016855,0.023605952039361,0.0026523643173277,0.011287503875792
Q61733_P46460,0.0021785,0.012992,0.015982,0.18683497607707977,0.002469133818522,0.001183133223094
Q9R194_Q9WU39,0.0022337,0.012967,0.01595,0.04132556915283203,0.000232502745348,0.0012025015894323
Q91V08_Q07813,0.0024876,0.012956,0.01629,0.04895288497209549,0.0005256602889858,0.0275671016424894
P62878_P83882,0.0023268,0.013006,0.18069,0.12165945023298264,0.0003412703226786,0.0003514653944876
Q01114_Q9Z138,0.011317,0.023858,0.20247,0.059853263199329376,0.0034138201735913,0.0057195825502276
P18872_G5E8A8,0.0023017,0.013087,0.015963,0.3318626284599304,0.00139889807906,0.0859943106770515
O35864_Q8BGU5,0.0021744,0.012937,0.017954,0.03465764597058296,0.0005301173077896,0.0129754655063152
Q8R0L9_O88522,0.003182,0.013511,0.015914,0.009160914458334446,0.0016496118623763,0.00098719925154
P07351_P23611,0.0022207,0.01294,0.016697,0.3659161925315857,0.000485204567667,0.0002488025347702
P63280_P42225,0.002177,0.013056,0.015929,0.09866458922624588,0.0017843947280198,0.00064991338877
P01898_Q9CY16,0.0022076,0.16693,0.11362,0.03326048329472542,0.0005006815190427,0.0432616397738456
Q91XU0_Q08024,0.0021953,0.012959,0.015951,0.019082367420196533,0.0013750885846093,0.0005677454755641
Q9R0X0_Q9D032,0.0021856,0.012927,0.015905,0.031473319977521896,0.000358334305929,0.0003469585790298
Q9WUL5_Q9WVS6,0.0021928,0.01316,0.015912,0.11656468361616135,0.0005479592946358,0.0074057718738913
P01590_Q60819,0.0042663,0.17796,0.35367,0.028809240087866783,0.9976264834403992,0.0002955879608634
P27782_Q8VEG6,0.0021844,0.013058,0.016037,0.008151100017130375,0.0117379501461982,0.0012301380047574
Q148A4_Q9CQ54,0.0022597,0.012944,0.015879,0.17743374407291412,0.0013314303942024,0.0022177989594638
Q99JX3_P62918,0.0021871,0.012939,0.015917,0.3701792359352112,0.0002644629275891,0.0066216406412422
P27782_J3QMY9,0.002252,0.012983,0.016063,0.14953352510929108,0.0054672881960868,0.0016890269471332
P62259_Q62108,0.0021892,0.013512,0.016033,0.17715363204479218,0.1577168852090835,0.0002545033639762
P51450_Q99JB6,0.0023948,0.013022,0.016191,0.007226935587823391,0.0426662154495716,0.7807977199554443
P59114_P49615,0.0022028,0.013018,0.021193,0.21012741327285767,0.0122682712972164,0.0226340983062982
Q9D2Y4_Q31099,0.0021942,0.013088,0.015992,0.10922541469335556,0.0017109375912696,0.2590647041797638
P60879_P60904,0.0022048,0.012963,0.015893,0.026853807270526886,0.0010384692577645,0.024653835222125
Q9D6K5_Q68EF6,0.0022022,0.012969,0.016437,0.542980968952179,0.0049886107444763,0.0091900546103715
Q9CWF6_O88942,0.002203,0.012984,0.017681,0.04799097031354904,0.0019546593539416,0.0880340710282325
Q9Z0H7_D2YW38,0.0021704,0.012945,0.015955,0.09046554565429688,0.0005793234449811,0.3338536918163299
Q61249_Q8CGN5,0.0021928,0.012937,0.015907,0.3267216980457306,0.0014478885568678,0.0031454050913453
P70218_Q80V24,0.074394,0.013042,0.018742,0.09578696638345718,0.0117218475788831,0.0435069389641284
Q9JIF7_O88685,0.0022443,0.014723,0.016055,0.06776449829339981,0.0014522057026624,0.0057059423997998
P70445_O88951,0.0021852,0.012938,0.015952,0.17791849374771118,0.0003459871513769,0.000784573261626
P39429_P47741,0.0022291,0.013165,0.016291,0.006326493341475725,0.0005632271640934,0.8990094065666199
P15806_Q8BGU5,0.0043474,0.013019,0.01595,0.149531751871109,0.0079117100685834,0.0301680192351341
Q8CDT5_Q9EPK5,0.0023243,0.012929,0.015933,0.053785406053066254,0.0070915617980062,0.002399583812803
Q8C437_Q9Z0H7,0.039756,0.01336,0.01608,0.1840856522321701,0.0039587789215147,0.0189919844269752
Q3UYI6_P22682,0.0021745,0.013102,0.016409,0.21647167205810547,0.0020569213666021,0.0340589806437492
Q811U5_Q9EPU5,0.0022136,0.031352,0.079714,0.010796894319355488,0.0125014390796422,0.0350162684917449
Q8R0W6_O88643,0.0022132,0.012963,0.015913,0.1060338094830513,0.0013211726909503,0.1776210367679596
P03911_O54788,0.0021797,0.012981,0.015867,0.017290174961090088,0.000259377004113,0.0004515671171247
P09542_P70195,0.0021888,0.0131,0.016029,0.0023190383799374104,0.0002404586994089,0.3421948850154876
Q9CQ18_Q65ZL8,0.0027376,0.013038,0.015993,0.044780414551496506,0.0007935165776871,0.0674699395895004
P60904_P35456,0.0022723,0.012965,0.018792,0.009568712674081326,0.0007149209850467,0.0003358658868819
P26049_Q8R2X8,0.0022349,0.013009,0.015992,0.0035244417376816273,0.0014920188114047,0.0076231439597904
Q8C6E0_Q62276,0.0022942,0.013016,0.015923,0.2753711938858032,0.0018445820314809,0.0004744871112052
Q9CY16_Q9CSN1,0.0021851,0.012998,0.017152,0.027185659855604172,0.0197245310992002,0.0002080062113236
A2NU21_P21784,0.0028685,0.017014,0.025922,0.02216847985982895,0.0122612062841653,0.0131120001897215
J3QMY9_Q91WD5,0.0021861,0.012978,0.016037,0.26264098286628723,0.000817482068669,0.0856840163469314
Q08024_I6L991,0.0022035,0.014141,0.015898,0.2673566937446594,0.0002813993778545,0.0063637667335569
P00416_Q99N87,0.00241,0.013068,0.016305,0.13866622745990753,0.019507123157382,0.0010262281866744
Q9R207_P30280,0.0027409,0.012987,0.016158,0.03616942837834358,0.000788870092947,0.0043393936939537
Q80XZ4_Q6ZWV3,0.0022029,0.012933,0.0159,0.1567142903804779,0.0005190012743696,0.864639163017273
Q02111_Q60819,0.002207,0.013115,0.016266,0.03635421767830849,0.0010158553486689,0.0260419268161058
O09106_P70288,0.0047413,0.013263,0.11319,0.015150167979300022,0.9988576173782348,0.000364197185263
Q61216_Q61699,0.0022017,0.012967,0.01614,0.09602160006761551,0.0050520850345492,0.0001588481100043
P68369_P11610,0.0021734,0.013156,0.015886,0.14834117889404297,0.0003439258143771,0.0003363583819009
Q059U7_Q8VI24,0.0022663,0.012946,0.016092,0.15220588445663452,0.0049918335862457,0.0334984324872493
Q9QUK6_Q9WU39,0.0022194,0.013935,0.02136,0.013851717114448547,0.0008504404104314,0.0033151628449559
P35438_P22725,0.0023229,0.01467,0.03014,0.10977450758218765,0.1209270656108856,0.0061499518342316
P52927_Q6QLQ4,0.0021815,0.012951,0.015974,0.08198701590299606,0.0003201532526873,0.0020061687100678
Q9D495_Q9EQH3,0.0022885,0.01372,0.015987,0.13051143288612366,0.0276887454092502,0.0007958936621434
Q8BHJ5_P0DP26,0.0021787,0.013241,0.016008,0.005025058053433895,0.0005119715933687,0.0027595218271017
Q08509_Q3TNS5,0.0021936,0.012975,0.016061,0.125993549823761,0.0008284306968562,0.0630582645535469
Q68FF6_P70343,0.0021926,0.013014,0.016241,0.17176124453544617,0.0034615527838468,0.002578024752438
Q9QUQ5_Q60821,0.0022399,0.013003,0.016415,0.03596939519047737,0.001593786291778,0.0004027204995509
Q61771_Q8VEA4,0.0021764,0.012971,0.015905,0.006312886252999306,0.0015797031810507,0.8544933199882507
Q9D6J5_Q9QXL8,0.0022391,0.013098,0.023348,0.06909800320863724,0.0009301016107201,0.0009426142205484
Q60867_Q9JHJ3,0.002179,0.013176,0.015943,0.2580733001232147,0.000387198611861,0.0004201823030598
Q9CZQ9_Q9CQV5,0.0022044,0.012977,0.015947,0.03454551100730896,0.0003463508328422,0.0177542921155691
P06804_Q04207,0.0021891,0.012979,0.01628,0.18047010898590088,0.0002609794610179,0.0676184743642807
Q9CPX7_Q60787,0.0021808,0.012939,0.01599,0.13899652659893036,0.0003392763610463,0.0002403342368779
P25206_Q9D8B4,0.0022092,0.012945,0.015908,0.014614447951316833,0.0004047995316796,0.0038481913506984
Q61140_P99026,0.0021775,0.012982,0.015969,0.005128349177539349,0.0002562841109465,0.000280997774098
Q3V3N7_Q9WUL7,0.0029199,0.068649,0.016931,0.3261398673057556,0.984329104423523,0.0031802940648049
Q920N1_P19253,0.0022733,0.012938,0.015949,0.14286048710346222,0.0003292678738944,0.0014944109134376
Q9Z1X4_I6L991,0.0021907,0.013755,0.015962,0.009412349201738834,0.0004565561248455,0.0022272332571446
P98084_Q5R1F5,0.0021916,0.012974,0.016085,0.16711944341659546,0.0008241601171903,0.0697005316615104
P35330_P41241,0.0021884,0.013017,0.015931,0.35492268204689026,0.0004289472708478,0.000353234965587
Q9D9T8_P52927,0.0021643,0.013039,0.015892,0.3306504487991333,0.9795716404914856,0.0142361698672175
Q3TXS7_Q9D8T2,0.0022327,0.013217,0.016018,0.1347872018814087,0.0007832734263502,0.0394436046481132
P58801_Q9JKS4,0.0080221,0.013272,0.018929,0.09707227349281311,0.9855164885520936,0.0002215621061623
P29351_Q8VEG6,0.0021727,0.012981,0.016164,0.05272014066576958,0.0230111740529537,0.0127083957195281
Q924T2_Q9CQJ8,0.0021779,0.013025,0.018016,0.08174587786197662,0.0009600848425179,0.0008191984379664
P28063_P20917,0.0021854,0.013549,0.018965,0.010641631670296192,0.0002458701783325,0.0001351910177618
Q9JIA1_Q8R2L5,0.002234,0.29292,0.16574,0.09101957082748413,0.0002892077318392,0.080059677362442
Q6PHU5_Q8CGK7,0.0022063,0.01302,0.015918,0.0073963673785328865,0.0007398890447802,0.0009711438906379
P51943_P50752,0.0022286,0.012931,0.015926,0.017977656796574593,0.0016617458313703,0.0002136733237421
Q60803_Q62108,0.0024076,0.016994,0.016059,0.1275009661912918,0.0056796963326632,0.0008946867892518
Q99M51_Q64329,0.0022614,0.013094,0.017357,0.1805189698934555,0.0011089239269495,0.0013952392619103
P19253_P98084,0.0022007,0.012935,0.01593,0.004449321422725916,0.0004478137416299,0.0007697384571656
Q60760_P36898,0.0021976,0.012994,0.018319,0.523917019367218,0.0006669841241091,0.0085262125357985
P28028_Q99N57,0.16419,0.013389,0.19684,0.18550461530685425,0.069721020758152,0.1241526901721954
P61967_P27512,0.002221,0.012998,0.015963,0.1822555512189865,0.0003340727998875,0.0004921155632473
O35730_Q99PI8,0.0021858,0.01306,0.016077,0.027100400999188423,0.0003817989781964,0.000280333100818
Q8CIB5_O88786,0.0022192,0.012966,0.015969,0.12839002907276154,0.0004160547978244,0.0191528741270303
Q9CPU2_O70477,0.0021987,0.013008,0.016093,0.46859607100486755,0.0015303122345358,0.0010931143769994
Q62348_Q3ULA2,0.0021971,0.012949,0.016016,0.39810603857040405,0.0003218367055524,0.0021034211385995
Q8BGU5_Q8CHU3,0.0024527,0.013098,0.01593,0.0044328453950583935,0.0008238950395025,0.0069106025621294
Q60838_P03925,0.0022785,0.01294,0.015884,0.00205160747282207,0.000221795431571,0.0252864211797714
Q924T2_Q3HNM7,0.0021712,0.014648,0.025697,0.06637565791606903,0.0005812678136862,0.5517522692680359
Q7TQF7_P01942,0.0021899,0.01299,0.016073,0.10503991693258286,0.0011858631623908,0.00024910090724
P43404_O09167,0.002209,0.012961,0.015925,0.005023975856602192,0.0008918874082155,0.0126468297094106
Q03526_P27612,0.0022004,0.01667,0.016506,0.050597380846738815,0.0075554633513092,0.0001573403569636
O54901_Q00560,0.0057721,0.086388,0.38926,0.06107911095023155,0.0056564235128462,0.0032763537019491
Q62348_Q61626,0.0021989,0.01293,0.016056,0.25832000374794006,0.0002597056154627,0.0078273192048072
P23772_Q8BGU5,0.0049851,0.013042,0.016069,0.2306603342294693,0.0212747827172279,0.2196607291698455
Q8K3K8_P70217,0.0026832,0.013248,0.016129,0.03371546044945717,0.031928326934576,0.0007775494013912
P0CG50_Q78JW9,0.0028502,0.013803,0.020301,0.013533268123865128,0.001901232288219,0.0004922853549942
P42867_P22725,0.002244,0.012954,0.016033,0.024617042392492294,0.0005575337563641,0.1254646331071853
P05480_P22682,0.0066486,0.013057,0.016477,0.08663589507341385,0.0120660848915576,0.0002278272731928
P42866_O35718,0.0021996,0.013053,0.016752,0.014930603094398975,0.0004056563193444,0.0003208930429536
Q62193_Q9WVE0,0.0021791,0.01295,0.015906,0.015043964609503746,0.0004205779987387,0.3110131025314331
Q61539_P09055,0.0021985,0.013055,0.016686,0.0282265767455101,0.0005489106988534,0.0069271773099899
P01808_Q3V0Q6,0.0022198,0.013027,0.016324,0.014301811344921589,0.02240576967597,0.0015306446002796
P02340_Q3U1F9,0.0022352,0.012958,0.017848,0.15038082003593445,0.00028502458008,0.0088239358738064
Q9QUM9_Q9QZQ0,0.002174,0.012957,0.015898,0.02071801759302616,0.0002467830490786,0.000371093978174
P46737_Q9Z2U1,0.0021701,0.012924,0.015904,0.0571303553879261,0.0002091112692141,0.0032557004597038
P39429_P28076,0.0021688,0.012926,0.015889,0.09660088270902634,0.0002481460978742,0.0002676958392839
Q99MZ3_O35730,0.002214,0.013435,0.015938,0.016307173296809196,0.0018479957943782,0.0003851139044854
Q9CQ20_P04224,0.002208,0.012948,0.015911,0.266431599855423,0.0037370279897004,0.0020870792213827
O70439_Q9CZY3,0.0021788,0.01297,0.015907,0.2205582857131958,0.0002503888972569,0.0087437219917774
Q99N28_P51683,0.0024302,0.025491,0.32423,0.2066928595304489,0.0103772459551692,0.0002360635553486
Q9CQT6_Q62170,0.0024847,0.013049,0.016673,0.012740563601255417,0.0006635878817178,0.0381718315184116
P30285_Q64364,0.0021755,0.013043,0.016756,0.12503814697265625,0.0029832459986209,0.0952807366847992
P62245_P47941,0.0021887,0.01298,0.015891,0.030508728697896004,0.000226999662118,0.0002453685447108
Q8BK72_Q8VD72,0.0022147,0.013494,0.32566,0.09432149678468704,0.0052413893863558,0.0001950478763319
P68134_Q9CXY6,0.0022043,0.012983,0.015922,0.015326951630413532,0.0046722707338631,0.0056319953873753
Q8R3V6_Q9WVB3,0.0022662,0.013006,0.015939,0.03173437342047691,0.0070799472741782,0.0004790492530446
Q60773_Q9ER88,0.0022077,0.013065,0.016234,0.3441871106624603,0.0012838953407481,0.0006845868192613
Q921E6_P29754,0.0023324,0.013233,0.030874,0.04851855710148811,0.0002755590539891,0.0101759620010852
O70435_Q61768,0.0021998,0.013068,0.015896,0.018249057233333588,0.0002189899532822,0.0024383384734392
Q9JIA1_Q9R1S0,0.0022218,0.028342,0.021324,0.1595941036939621,0.0004583648988045,0.0812228769063949
Q5NCF2_Q60631,0.0021907,0.013008,0.016254,0.12573789060115814,0.0003073765547014,0.0013941986253485
P15247_O08603,0.0022292,0.039944,0.086095,0.5230121612548828,0.0010107244597747,0.0004086508124601
P46414_P97377,0.0022317,0.012976,0.018066,0.3508360683917999,0.9983443021774292,0.3877418041229248
Q63739_A0A0G2JF94,0.0021989,0.013142,0.016113,0.0008686896762810647,0.0017663134494796,0.1849023997783661
O88685_Q99J83,0.0021909,0.012932,0.0159,0.014432969503104687,0.0007046318496577,0.0104479501023888
O09044_O88951,0.0022046,0.012951,0.015927,0.06578908115625381,0.0009582379134371,0.0388302244246006
P18181_P18526,0.1163,0.58414,0.31736,0.006171158514916897,0.9966070652008056,0.0041669425554573
Q8BX09_Q99LT0,0.0022197,0.013008,0.15024,0.035217974334955215,0.0109451552852988,0.0048503647558391
P70452_Q6R3M4,0.0022304,0.012983,0.015932,0.1745932698249817,0.0002609297225717,0.0003610967251006
P48787_P08103,0.0022114,0.012984,0.016057,0.4567137658596039,0.0007857310702092,0.0862223133444786
Q8CJG0_Q6PAT0,0.0021798,0.012935,0.015976,0.04774964973330498,0.0018424716545268,0.0004164000274613
Q08481_P58059,0.0021868,0.012935,0.015885,0.032150182873010635,0.0005464085261337,0.0015551842516288
Q9DBL9_Q08369,0.0021977,0.013104,0.015927,0.2996465861797333,0.0026363527867943,0.0012064592447131
P01849_Q9D7X3,0.002195,0.012949,0.015938,0.03662293031811714,0.0003826452011708,0.0007589596207253
Q6PHU5_P47941,0.0022159,0.012956,0.016046,0.1602184772491455,0.0005544992163777,0.0904479697346687
P46460_Q8C669,0.0021848,0.012928,0.01593,0.027673663571476936,0.0010295715183019,0.0048068067990243
P54775_Q60989,0.0021867,0.01306,0.015986,0.04296201467514038,0.000659679993987,0.0297154076397418
P35329_Q9D8T2,0.0022307,0.012948,0.016264,0.5145628452301025,0.0006964148487895,0.4698324799537658
A0A0M3KL49_Q9ES28,0.0021887,0.01531,0.016083,0.09106266498565674,0.0020111782941967,0.0056108427233994
A0A5E3_Q8VEK3,0.0021979,0.013372,0.015939,0.009552359580993652,0.0006994534633122,0.0003442271263338
Q61539_Q80Z64,0.0025033,0.013014,0.016512,0.005153955426067114,0.0105854654684662,0.0053136642090976
Q04863_Q9Z1E3,0.002658,0.01315,0.037291,0.10351094603538513,0.9979337453842164,0.0090582258999347
P30282_Q64261,0.0021978,0.013506,0.032736,0.05296805128455162,0.99899560213089,0.0067020184360444
Q9CQY1_P01747,0.0021946,0.012984,0.015876,0.49703094363212585,0.0012153924908488,0.0003880757431033
P18893_Q64287,0.0022245,0.012943,0.016155,0.0015424892771989107,0.0010997002245858,0.0034586752299219
O08665_Q91XV3,0.0021805,0.013134,0.015935,0.3568776845932007,0.0013337414711713,0.0015395698137581
J3QMY9_Q9JIK5,0.0022013,0.012961,0.016148,0.015323949977755547,0.0026758688036352,0.0027558200526982
Q9CPX6_Q60925,0.002193,0.012959,0.015943,0.21023432910442352,0.0006264138501137,0.0027317276690155
P62281_Q9D8C6,0.0022031,0.012958,0.015913,0.18282848596572876,0.0002781149814836,0.0003802176797762
Q3UNW5_P13405,0.0030779,0.01293,0.016218,0.2580243945121765,0.015589727088809,0.0001641885755816
Q9CPX7_P49817,0.0022192,0.012927,0.015898,0.0019479061011224985,0.0004287759657017,0.1082460358738899
P05214_P23819,0.0021857,0.013121,0.015931,0.09248845279216766,0.0012379420222714,0.0018552842084318
Q60837_Q6SP97,0.0022069,0.012926,0.015926,0.09856725484132767,0.0018432532669976,0.0438963212072849
Q00422_Q61039,0.0022168,0.012994,0.015973,0.07435322552919388,0.0041546593420207,0.3636857271194458
Q8N7N6_Q9R0T8,0.018874,0.013005,0.018807,0.12346245348453522,0.9972412586212158,0.9446624517440796
P98084_Q6ZWY3,0.0021965,0.012944,0.015943,0.0023751184344291687,0.0071190991438925,0.0668146833777427
Q3UYI6_P41133,0.0022413,0.012961,0.017722,0.26333439350128174,0.0022808404173702,0.2177691310644149
P48025_P97465,0.0027251,0.013224,0.01836,0.020587068051099777,0.3616331815719604,0.0008227605721913
P01645_O88566,0.0021896,0.012979,0.016191,0.1849035620689392,0.0028956339228898,0.0004885633243247
Q60809_Q9CVD2,0.0021749,0.012944,0.015992,0.06719596683979034,0.0010666741291061,0.001183753251098
Q9CPR8_P70217,0.002205,0.012958,0.016007,0.0320732556283474,0.0313408859074115,0.141713872551918
O54901_Q9ERA0,0.0021967,0.012948,0.015969,0.1068817675113678,0.0006693855393677,0.0227680914103984
Q6PHU5_Q9EQH3,0.0021923,0.014423,0.015902,0.01730169914662838,0.0003946623473893,0.0384889580309391
P52189_Q62192,0.0022129,0.012987,0.01644,0.08710779994726181,0.0002864476991817,0.1956425011157989
Q8BK72_Q62158,0.0022563,0.015513,0.015992,0.1620984822511673,0.0003076914290431,0.0016099197091534
P22725_P63011,0.0022077,0.013273,0.015977,0.0595356747508049,0.0002390118170296,0.0309108234941959
P48678_Q6ZWS8,0.0022679,0.013125,0.016211,0.18675804138183594,0.0208489000797271,0.0080124754458665
P35396_P41183,0.0022732,0.013029,0.017811,0.2287628948688507,0.0028857106808573,0.0583572499454021
Q9CY58_A6H6Q4,0.0021961,0.012918,0.015922,0.36429762840270996,0.0004044026718474,0.7712640762329102
Q7TSN7_Q99MB1,0.0079003,0.036621,0.039124,0.4363035559654236,0.975032925605774,0.1354520469903946
P35922_P45448,0.0031209,0.012972,0.016093,0.12358225136995316,0.001076363842003,0.001856857445091
P01897_O88448,0.0022321,0.022454,0.016021,0.0687059834599495,0.0003241884987801,0.0014162360457703
Q9D125_Q60629,0.0022073,0.012967,0.015906,0.14152196049690247,0.0004356037534307,0.0018461172003298
P61957_P68037,0.025713,0.038259,0.016422,0.03295019268989563,0.99166077375412,0.0316659584641456
Q5SSL4_Q63943,0.0022548,0.012941,0.016049,0.18686449527740479,0.0006814882508479,0.6504771709442139
P50538_P01731,0.0022086,0.03879,0.015902,0.07268001139163971,0.0003189675044268,0.0009507376817055
Q7TMM9_P70280,0.0021927,0.012993,0.016279,0.008707362227141857,0.0024731440935283,0.1226809024810791
Q8R464_Q62132,0.0024128,0.017196,0.038608,0.3674604594707489,0.0034566216636449,0.2274840027093887
Q9QUM4_Q8R2K4,0.0022716,0.013679,0.021081,0.041526421904563904,0.0002731343265622,0.0031435994897037
P29752_P01821,0.0023994,0.06283,0.43531,0.39090028405189514,0.9984793066978456,0.0053397975862026
P70372_P68368,0.0021807,0.013034,0.023167,0.01763436757028103,0.0112066650763154,0.0007972988532856
P01852_P62812,0.013186,0.30619,0.018547,0.014745977707207203,0.0064317919313907,0.0217226557433605
A6H6Q4_P70460,0.00218,0.012932,0.01593,0.02397027797996998,0.0004718134587164,0.0009274604963138
P63328_Q9QUQ5,0.0080167,0.013055,0.027647,0.2684769928455353,0.0160922091454267,0.0005097888060845
O55013_Q8VCQ3,0.0022157,0.012965,0.015896,0.05217234790325165,0.0025778948329389,0.0018909744685515
P53566_Q9Z0X1,0.0022112,0.013488,0.015992,0.04356348142027855,0.0002712836430873,0.0537126287817955
Q62232_O88448,0.0022181,0.016867,0.016048,0.024623049423098564,0.0060560065321624,0.0045238016173243
Q9JIA1_P60605,0.002178,0.01339,0.015898,0.4450334310531616,0.0002539931156206,0.0053529809229075
Q9QUK6_P42582,0.0021819,0.013176,0.015969,0.11874779313802719,0.0028899065218865,0.2694303095340729
P48787_P07351,0.0022143,0.046675,0.016064,0.2251732051372528,0.0002867138246074,0.0061948774382472
P01642_O35864,0.0022459,0.01304,0.015889,0.008945932611823082,0.0005933775100857,0.0058640516363084
Q91YD9_Q6ZWV3,0.0021836,0.01293,0.019398,0.12944738566875458,0.0002821265661623,0.0005520030972547
P54728_Q9CWR8,0.0021764,0.013011,0.015961,0.28276726603507996,0.0009054197580553,0.0011917158262804
Q8VI33_Q9JM76,0.0021793,0.012958,0.015985,0.007929421961307526,0.027387136593461,0.3859065473079681
O35305_P70196,0.0022355,0.013166,0.016133,0.044359736144542694,0.0005062468117102,0.1338647454977035
O35593_P53986,0.0022417,0.013072,0.022145,0.5059747695922852,0.0003276857896707,0.0016432098345831
Q9WV31_Q4KKZ1,0.0021988,0.013055,0.016025,0.06983938068151474,0.0015067517524585,0.0202157087624073
P27870_Q60787,0.0022001,0.013022,0.016113,0.17597737908363342,0.0313903652131557,0.1134235113859176
P20263_Q02242,0.0022293,0.013053,0.016204,0.314917653799057,0.0007140681846067,0.1654655933380127
D2YW38_E9Q9W7,0.0021773,0.012972,0.016086,0.05361679196357727,0.0007928783306851,0.1611302942037582
Q91WG4_Q60778,0.046964,0.015829,0.040732,0.031993355602025986,0.011085670441389,0.5437305569648743
P10085_P41136,0.74497,0.013028,0.028021,0.17478016018867493,0.9983406066894532,0.0012779185781255
X5J519_P09632,0.0023376,0.030541,0.016266,0.004581495188176632,0.0045715221203863,0.0015123261837288
Q8VCS6_O09100,0.0021937,0.01328,0.015903,0.08784805983304977,0.0152457216754555,0.000167811231222
Q9Z1S8_Q3UYV9,0.0055844,0.013134,0.016159,0.0039467113092541695,0.000708119594492,0.0273676346987485
P18572_Q80VW5,0.0021837,0.013264,0.016026,0.029864661395549774,0.0027171357069164,0.0003686395357362
P51141_P09542,0.0021868,0.013313,0.015923,0.03603425994515419,0.003194571705535,0.0020672667305916
Q60598_Q91YD9,0.29845,0.017098,0.040194,0.0425904355943203,0.0050895772874355,0.0158874746412038
Q9R1P1_P47757,0.0021671,0.01292,0.015889,0.0037264833226799965,0.0002367505803704,0.0120445834472775
P16858_Q9D2U9,0.0021988,0.012992,0.015955,0.0009810214396566153,0.0003247140266466,0.002145726699382
P48025_Q7TS98,0.0022713,0.02149,0.016241,0.06533823162317276,0.0032753383275121,0.1652649641036987
P70195_Q08509,0.0022273,0.012996,0.016018,0.020868025720119476,0.0002139363059541,0.000724620942492
P97351_P18531,0.002214,0.012949,0.01588,0.10324876010417938,0.0003297680232208,0.0014188456116244
Q62158_P01645,0.0021853,0.020572,0.019992,0.013937678188085556,0.0010126756969839,0.0075407437980175
P01731_P52795,0.0040428,0.1267,0.23526,0.024362731724977493,0.9981362819671632,0.0342330522835254
Q5R1F1_P42225,0.0021896,0.012998,0.015962,0.1632862091064453,0.0009908557403832,0.0028281223494559
Q9CXU1_P46414,0.0022068,0.012923,0.015899,0.1163560077548027,0.1002499982714653,0.0669826418161392
Q9R0Q1_P06869,0.0021958,0.013274,0.015984,0.10314632952213287,0.0013408086961135,0.0005295801674947
Q99MB1_P62305,0.0021826,0.012938,0.015891,0.05791858583688736,0.0002664687344804,0.000443770608399
G0YP42_Q9WU39,0.0022254,0.014113,0.022337,0.20363013446331024,0.0292319431900978,0.0062132640741765
P68372_Q99LC3,0.0021874,0.014015,0.01606,0.028583182021975517,0.007706734817475,0.000916173972655
Q62108_Q68EF6,0.22771,0.023189,0.01644,0.011165657080709934,0.0319625958800315,0.0011097303358837
Q9DAS2_Q9QZ06,0.0022207,0.012962,0.016014,0.14095355570316315,0.0006410503410734,0.0013565327972173
Q9CQJ2_O55203,0.0022031,0.012921,0.015922,0.017301099374890327,0.0052242800593376,0.0878914967179298
F7BJB9_Q00609,0.00231,0.013169,0.015911,0.0009179271874018013,0.0003563322825357,0.0004261999274604
P29452_O35305,0.0021905,0.013028,0.016532,0.003193267621099949,0.0006587501848116,0.0028780316933989
O35226_P62315,0.0022042,0.013035,0.015949,0.14127683639526367,0.0007900613709352,0.3764804601669311
P20917_Q9D8C6,0.0021887,0.012924,0.015938,0.07945866882801056,0.000531758472789,0.0818689465522766
Q99PI8_Q9CY16,0.0021865,0.1307,0.15756,0.04767101630568504,0.0002884504501707,0.0005616957787424
Q9WVS7_P70447,0.0022321,0.013167,0.021768,0.07791600376367569,0.0059850206598639,0.0017040213569998
Q9WVL2_Q61127,0.0023608,0.01299,0.016288,0.19599294662475586,0.01208805013448,0.553040623664856
Q8CGN5_Q9DBL9,0.002183,0.012945,0.015964,0.1672048568725586,0.0014377307379618,0.0002293334691785
P68134_Q8BTU1,0.0021787,0.013049,0.015931,0.26103919744491577,0.0011963174911215,0.1210643947124481
P49718_V9GXK1,0.0022553,0.012974,0.015973,0.0196868646889925,0.0006274044862948,0.00065748533234
P01645_P51141,0.0022183,0.013,0.016071,0.08567547053098679,0.0016476660966873,0.0339753068983554
Q9D7N3_Q91XL9,0.0021898,0.01307,0.015927,0.1297328919172287,0.0003846938197966,0.7404006719589233
A2RTH0_P01139,0.0023943,0.35248,0.064818,0.09272874146699905,0.0031786495819687,0.0005355165922082
Q18PE0_Q61249,0.0021919,0.012955,0.015966,0.02452992834150791,0.0027810691390186,0.6619454026222229
Q9D6J6_Q99P58,0.0022009,0.013638,0.016032,0.10247164219617844,0.0002459032402839,0.0002841332752723
Q02248_Q08481,0.002246,0.013399,0.015987,0.20190848410129547,0.0037897578440606,0.892745852470398
Q3TNS5_P24860,0.0022068,0.012955,0.016045,0.005377431865781546,0.0013293876545503,0.0017311975825577
P17665_P49722,0.0023526,0.01295,0.015915,0.17164821922779083,0.0002165163896279,0.0005259266472421
Q8BVM4_Q62296,0.002174,0.012958,0.015901,0.003428072202950716,0.0022231510374695,0.0010432205162942
Q7TMM9_Q80UP5,0.0022509,0.013164,0.019133,0.19780705869197845,0.0031798949930816,0.0235736295580863
P17679_P61092,0.0022237,0.013219,0.73623,0.05516265705227852,0.0015356767689809,0.0012452773516997
Q9R194_P97318,0.0022228,0.012976,0.016113,0.002420001896098256,0.000349547190126,0.0416091717779636
Q9WTV6_O35526,0.0022462,0.012934,0.015909,0.010133443400263786,0.0003302433760836,0.009116961620748
Q8BVZ5_Q9ERR1,0.002247,0.012967,0.016575,0.07094337046146393,0.0004274201346561,0.0019255044171586
O70435_Q8C1B7,0.0021974,0.012969,0.015899,0.13537117838859558,0.0002394561597611,0.0008312010322697
P16297_P01851,0.0022137,0.016245,0.039595,0.05460384115576744,0.0063622263260185,0.0005912449560128
Q3U1F9_P61087,0.002171,0.012989,0.01588,0.006018861662596464,0.0002694701543077,0.0115210162475705
Q9WV60_P53986,0.0022155,0.013211,0.01634,0.1516183614730835,0.000264051486738,0.0009738795342855
Q9QUI0_P42227,0.002525,0.014346,0.016773,0.04550953581929207,0.995697021484375,0.0040836632251739
O88384_P70677,0.0022634,0.01294,0.01593,0.005449284799396992,0.0006071383832022,0.0023890791926532
Q61457_O54828,0.0044211,0.012932,0.016194,0.030296849086880684,0.0008568161283619,0.0160905122756958
O88448_Q9R233,0.0022062,0.019305,0.016241,0.4212278723716736,0.0018724851543083,0.0006291217869147
P59999_Q60629,0.002205,0.012967,0.015941,0.13653506338596344,0.0004218078393023,0.0384822525084018
P01631_P15247,0.002238,0.013627,0.017995,0.3719881772994995,0.0361794792115688,0.1143903136253357
P35802_Q62424,0.0022129,0.012951,0.015925,0.33633628487586975,0.0007319946307688,0.005703889299184
P09021_P17679,0.096177,0.013175,0.016348,0.3854335844516754,0.0239505674690008,0.0024194689467549
Q8BPZ8_V9GXK1,0.0076322,0.012954,0.016785,0.3984413743019104,0.0018224065424874,0.0007544707041233
Q9CQC3_P63011,0.0021962,0.012995,0.016056,0.08877547830343246,0.0051336558535695,0.0166613981127738
P01898_P62881,0.0021817,0.013495,0.016047,0.009142973460257053,0.000495424028486,0.0005720780463889
O55029_P18760,0.0021993,0.013385,0.016051,0.015887808054685593,0.3086473643779754,0.2067206799983978
P97310_P68433,0.0082677,0.012997,0.33484,0.032524898648262024,0.9946303367614746,0.005230595357716
Q8C1Z7_P14131,0.0021839,0.013053,0.015913,0.010368773713707924,0.8686227798461914,0.0583350211381912
Q8VIG3_P50396,0.0021794,0.012963,0.016006,0.2005642205476761,0.0019428048981353,0.0002630707167554
P29341_Q8R3V6,0.58356,0.012997,0.016362,0.019053639844059944,0.0034762267023324,0.0230065360665321
Q3UYV9_Q6ZWY9,0.002178,0.01299,0.016948,0.04736367613077164,0.0026287608779966,0.0006069219671189
A0A0M3KL49_Q64261,0.0025414,0.023615,0.016124,0.0009025915060192347,0.0013367618666961,0.0014300913317129
Q6DIA7_Q9R190,0.00356,0.013031,0.016139,0.2460463047027588,0.0396615117788314,0.0105736013501882
Q80VW5_Q9DAS2,0.0022222,0.012988,0.015937,0.07291951775550842,0.0030965998303145,0.0103928493335843
Q6R3M4_P02089,0.0021677,0.012925,0.016055,0.012591006234288216,0.0004530895675998,0.0010904481168836
Q9D8B7_Q91YE7,0.0021983,0.012964,0.015902,0.012480557896196842,0.0004541664966382,0.0003069056838285
O35730_P0DP43,0.002193,0.013001,0.016011,0.009300434030592442,0.0007550087175332,0.2290054261684417
Q7TSN7_Q8R3V6,0.0022681,0.01297,0.015896,0.1840922087430954,0.0005287681124173,0.0008944037836045
P05132_P97310,0.0022615,0.013064,0.03282,0.16007287800312042,0.0003532046684995,0.00394491199404
Q8JZM0_Q5R1B3,0.0022081,0.013097,0.015938,0.007917783223092556,0.0004133101610932,0.000777909590397
P68037_Q8CCI5,0.0021829,0.012966,0.015917,0.010923574678599834,0.0003674383624456,0.0210342872887849
Q8CGN5_P55258,0.0022472,0.012976,0.015949,0.37919893860816956,0.0065190242603421,0.7588847875595093
Q80Z64_Q99LI5,0.054493,0.013061,0.016205,0.014718985185027122,0.0321187786757946,0.2769525349140167
Q69ZK9_Q9D9V4,0.0022463,0.012937,0.015894,0.1367758810520172,0.0016065234085544,0.0005187702481634
Q02242_Q8K3K8,0.0028801,0.013029,0.016169,0.15368720889091492,0.0011871142778545,0.0007267142646014
P35991_P63073,0.0023034,0.013045,0.016605,0.06203704699873924,0.0013228163588792,0.0819706246256828
Q9WTX5_Q9WTX6,0.0021692,0.012932,0.015908,0.1097286194562912,0.0131889693439006,0.0002258944005006
P04370_Q80V24,0.018748,0.012993,0.016182,0.08150319010019302,0.0039265574887394,0.0017987388418987
Q9D1J1_Q9Z2D6,0.0026403,0.012977,0.015964,0.017929095774888992,0.0044112023897469,0.0002968291519209
O88513_Q8K214,0.0025008,0.012945,0.016143,0.005828358698636293,0.0055496515706181,0.3205435574054718
P28574_P09803,0.0023003,0.013099,0.015898,0.34750673174858093,0.0004007514799013,0.0010114320321008
P70326_P97371,0.0022024,0.012958,0.016066,0.3251113295555115,0.0443385280668735,0.0405296571552753
P46414_P51943,0.0037569,0.012929,0.016193,0.19181102514266968,0.0078198239207267,0.0098188668489456
P18760_Q62108,0.0021821,0.012963,0.017492,0.5409224629402161,0.997195601463318,0.0030610018875449
Q9D8T2_Q99P87,0.0022903,0.012941,0.016365,0.09878063201904297,0.0016240675467997,0.0010364317568019
Q8CCI5_Q9Z2X8,0.0021724,0.012962,0.015891,0.35635682940483093,0.000928298162762,0.1418015211820602
Q9DB40_O88895,0.0021903,0.012934,0.015919,0.026785176247358322,0.0003643885429482,0.0003977496526204
P62908_Q8K2G4,0.0022095,0.012921,0.015906,0.04396507889032364,0.0004188802849967,0.0010918664047494
P29352_Q8C031,0.25975,0.01305,0.016208,0.4025716781616211,0.0015034797834232,0.000287886156002
Q8C0J2_Q9ERA0,0.0022312,0.013026,0.016338,0.48394712805747986,0.0191949978470802,0.1053990125656127
P23780_Q9Z0H7,0.0021732,0.012972,0.016016,0.2448442578315735,0.0002935121592599,0.0065127764828503
Q9WU78_P23819,0.0021774,0.012961,0.015902,0.035014279186725616,0.0003815968229901,0.5987808108329773
Q8JZM0_Q9D6K5,0.002184,0.012972,0.016022,0.15135931968688965,0.0002310380950802,0.0167592335492372
P28076_P06339,0.0021756,0.012947,0.015877,0.008764063008129597,0.0002428120933473,0.0008365620742551
Q9DAG4_P60867,0.0021956,0.012934,0.015887,0.049575407058000565,0.001728027826175,0.0011477594962343
P40226_Q9Z0W1,0.0022233,0.024384,0.044556,0.3934612572193146,0.0017300860490649,0.0002738741168286
Q80UF7_Q8CCI5,0.0021911,0.013003,0.015903,0.03913041204214096,0.0020586957689374,0.0005574841052293
O55013_Q9D9I1,0.0022149,0.01293,0.01593,0.055474236607551575,0.0020468037109822,0.0010034933220595
Q99NC0_P62082,0.0021795,0.012929,0.015892,0.38339921832084656,0.0038281187880784,0.0038259371649473
Q60803_Q9WUN2,0.053522,0.02975,0.015969,0.13284632563591003,0.0011380439391359,0.0155381262302398
P62274_P15209,0.0021914,0.012974,0.016454,0.3687785863876343,0.0002371529553784,0.0010024283546954
Q3UI43_Q91ZW2,0.0021778,0.013094,0.046405,0.1601608246564865,0.0003842239675577,0.0904769003391265
P08046_Q3TL44,0.0022108,0.01437,0.015982,0.46450868248939514,0.0038241511210799,0.0209444258362054
P35438_Q8BHJ5,0.0021938,0.013023,0.01597,0.09636485576629639,0.0003980963665526,0.0018834128277376
P15261_Q8BUV3,0.0022263,0.012975,0.015985,0.11624269932508469,0.0006582210771739,0.0282457470893859
Q9DC40_Q9CQR2,0.0021729,0.012926,0.01588,0.06487631797790527,0.0020574380178004,0.0703687965869903
P83917_Q8JZM0,0.0021798,0.012999,0.015988,0.030183695256710052,0.39888995885849,0.0003605629026424
Q9D0M3_P18525,0.0024144,0.08212,0.45667,0.32954925298690796,0.0030413754284381,0.0079362476244568
Q62277_Q9CZ82,0.0022317,0.012926,0.015896,0.314208447933197,0.0002536376123316,0.343104213476181
Q9D7X3_Q9R049,0.0022364,0.012979,0.016003,0.05942825973033905,0.0002599885337986,0.0003796157543547
O88509_P25233,0.0021957,0.012941,0.015942,0.021715933457016945,0.0389140956103801,0.0007790182135067
Q9QZE5_P10749,0.0021793,0.013024,0.016661,0.027026956900954247,0.000363794126315,0.5572842955589294
P48678_P23812,0.0064849,0.013557,0.016177,0.1469143182039261,0.0136086884886026,0.0001907058467622
P62830_Q9R1P0,0.0022277,0.013125,0.015999,0.004413891583681107,0.000234751656535,0.0015188097022473
P62717_Q9DCJ7,0.0021976,0.013018,0.01601,0.017571333795785904,0.0014845393598079,0.0003603135701268
U5LP42_Q99JB6,0.0022077,0.013366,0.015931,0.046300362795591354,0.0018271331209689,0.0005092210485599
Q80ZK0_P01901,0.0021918,0.012969,0.015871,0.050918418914079666,0.0002385366969974,0.0010300448630005
P48678_Q9WVS7,0.00229,0.013199,0.016691,0.05381253734230995,0.0192768201231956,0.2374801933765411
Q9D6K5_P01843,0.0022117,0.01318,0.016103,0.004026705864816904,0.0014657694846391,0.0012635960010811
Q80TQ2_Q8C0X7,0.0021996,0.013042,0.015921,0.008575048297643661,0.0015909373760223,0.0049948804080486
O35089_Q8VCS6,0.0022299,0.012949,0.015904,0.1821732223033905,0.0005193486576899,0.0043434868566691
P35802_Q3UYI6,0.0022058,0.012938,0.016098,0.5554014444351196,0.0002813156752381,0.2605747878551483
P30280_Q9D495,0.002406,0.013131,0.015934,0.13426890969276428,0.0018966962816193,0.0018705344991758
Q8CGN5_O88448,0.0022543,0.01398,0.016908,0.03696751222014427,0.0046721599064767,0.0003737159713637
Q9CWE6_Q60598,0.0021706,0.012939,0.015918,0.2585494816303253,0.0006833267980255,0.1192487850785255
Q8BH43_Q63932,0.022527,0.013003,0.016042,0.05673103779554367,0.0004505497927311,0.5561982989311218
D3Z338_Q8BPZ8,0.0021953,0.012923,0.015904,0.35091376304626465,0.0002710980188567,0.0005503642605617
P15307_V9GXK1,0.0068735,0.012989,0.016765,0.48808422684669495,0.5158235430717468,0.0009009366622194
P35329_Q9JHJ3,0.0025553,0.022452,0.18185,0.005315449088811874,0.9977570176124572,0.0030559871811419
D2YW38_P63137,0.0037588,0.091926,0.019496,0.058201465755701065,0.0027185059152543,0.0003113947459496
P15247_Q9D1J1,0.0021995,0.012967,0.015939,0.38337939977645874,0.0003239166398998,0.0437634885311126
P35235_O35730,0.0021895,0.013005,0.015967,0.059350211173295975,0.0009286901331506,0.1948167234659195
P98084_Q32NY4,0.002229,0.01297,0.016586,0.4465824365615845,0.0003934843989554,0.0075469594448804
P15806_Q61039,0.62866,0.013247,0.017103,0.1627124547958374,0.0570680424571037,0.1358266770839691
Q920N1_Q8BHJ5,0.0023299,0.012959,0.016009,0.005918184295296669,0.0090354364365339,0.0074990699067711
P28574_Q80US8,0.7783,0.076211,0.061436,0.28862273693084717,0.9986382126808168,0.0072737806476652
P26049_Q91WD5,0.0022333,0.06859,0.06958,0.005235013086348772,0.0005237961304374,0.0003580986813176
P43006_P29452,0.0021958,0.012945,0.015918,0.4026188552379608,0.0002607240458019,0.0267690271139144
Q9CWH4_P41274,0.0021869,0.012923,0.01615,0.006211562547832727,0.0005094052758067,0.0005993713275529
Q8BVZ5_Q9Z307,0.0022403,0.012953,0.01615,0.0011579357087612152,0.0004127805877942,0.7407351136207581
Q2VPU4_Q9JM54,0.0022276,0.012954,0.015981,0.06594570726156235,0.9041867852211,0.3956466615200043
P48772_P40764,0.0022074,0.013162,0.015882,0.004746990278363228,0.0003241461527068,0.0009002086007967
Q61179_Q922G7,0.0022088,0.012953,0.015908,0.16870680451393127,0.0021846666932106,0.0010212550405412
Q9Z307_Q99N87,0.0022089,0.013772,0.027996,0.10857737064361572,0.0002572959929239,0.1500367969274521
O35551_P52800,0.0024807,0.013047,0.015963,0.004189650062471628,0.0024511548690497,0.847555935382843
P17427_Q9Z0H7,0.0022599,0.013156,0.015963,0.11805148422718048,0.0007020740304142,0.0041077733039855
P34902_Q8R4I1,0.0022675,0.013185,0.016513,0.0026330186519771814,0.0015159249305725,0.0003019062278326
Q99N57_P07356,0.0021912,0.012951,0.015906,0.17314964532852173,0.0066332374699413,0.0872466266155242
Q9QZS3_P49769,0.0024105,0.012993,0.016148,0.008881444111466408,0.0005418682703748,0.000494027219247
Q9DA80_Q60793,0.0032832,0.012967,0.015983,0.012533719651401043,0.0030654857400804,0.5245882868766785
P62270_O88188,0.0022153,0.01294,0.015906,0.2236662060022354,0.0002251392434118,0.0005721928318962
Q3HNM7_Q99LC3,0.0021715,0.015421,0.018681,0.04752282798290253,0.0371712148189544,0.0010088522685691
P97287_Q91ZE9,0.0022187,0.013038,0.01648,0.01283080130815506,0.0026542784180492,0.0257213953882455
P97767_P01823,0.0022448,0.013063,0.015916,0.016364051029086113,0.0016686470480635,0.1023915410041809
Q6P8Y0_Q9CQR7,0.0023415,0.012981,0.01588,0.41493621468544006,0.0007438513566739,0.0122198453173041
P22315_P47964,0.0022012,0.012926,0.015943,0.02185388281941414,0.0003199738275725,0.0186258442699909
Q91V61_Q61733,0.0022057,0.012935,0.01604,0.019598567858338356,0.0019673309288918,0.0002896196965593
P53986_P62830,0.0022326,0.012984,0.015897,0.09428060799837112,0.0003566289378795,0.0016338512068614
P14719_P10300,0.016716,0.49919,0.14786,0.10822731256484985,0.0098544294014573,0.0043950085528194
P61358_Q53VQ5,0.0022391,0.012935,0.015884,0.3564133942127228,0.0003903902252204,0.0014275752473622
O88939_P61092,0.0021927,0.013015,0.085002,0.05363296717405319,0.0009985646465793,0.0013576837955042
Q9DAM2_Q9CQ69,0.0025695,0.013002,0.015992,0.1494417041540146,0.0003296309441793,0.1755091249942779
Q9Z0X1_P97378,0.002242,0.013047,0.022192,0.1159665435552597,0.000254077167483,0.0148028032854199
P62962_Q9JLQ0,0.0021907,0.012976,0.01595,0.01284006331115961,0.0665080472826957,0.0303762853145599
Q80XZ4_Q8VD72,0.002287,0.013969,0.016527,0.3086983561515808,0.0004591725883074,0.7846658229827881
O55222_P10126,0.0022406,0.013039,0.016185,0.017232930287718773,0.0002282852074131,0.0039864955469965
O55126_P15247,0.002229,0.62306,0.19093,0.05824964493513107,0.000593926932197,0.0068295900709927
Q62264_Q9D855,0.0022667,0.01297,0.015913,0.2154773622751236,0.0002947774773929,0.0053199557587504
P97351_P09405,0.0021945,0.012944,0.059757,0.016275033354759216,0.0021692684385925,0.0013322586892172
Q9Z0X1_Q9DCA2,0.0022506,0.013159,0.076169,0.25989866256713867,0.0021571151446551,0.0013494683662429
P52293_Q9CXW2,0.0021937,0.016724,0.017587,0.02063314989209175,0.0013825300848111,0.0876626744866371
Q9DAM2_P31324,0.0021831,0.013035,0.015968,0.09950808435678482,0.0157926082611084,0.0264833495020866
Q3TNS5_Q9JHJ3,0.0022007,0.012932,0.016072,0.0076034837402403355,0.0008110312046483,0.0263249203562736
Q3ULA2_Q64339,0.0028045,0.01312,0.016576,0.0323883518576622,0.0005608374485746,0.0248561557382345
Q8C669_Q9Z138,0.0021944,0.012964,0.015979,0.22997720539569855,0.0002710718836169,0.0076219532638788
O70469_P70297,0.0028353,0.013072,0.0172,0.0823649913072586,0.0039740814827382,0.0001969088189071
Q9DBL9_I6L991,0.0022743,0.015808,0.01661,0.0665091946721077,0.0012020332505926,0.0008292702259495
P84228_Q8VE22,0.0022057,0.01294,0.015974,0.378557413816452,0.1110323667526245,0.4789120554924011
Q8C031_P23198,0.0021898,0.012965,0.015888,0.3294912278652191,0.000450018007541,0.0002112346119247
Q63943_P68369,0.0021728,0.013062,0.015994,0.2539668083190918,0.0134193692356348,0.0004448743420653
Q69Z66_Q91YN9,0.0022343,0.012936,0.015918,0.008480004966259003,0.0018326392164453,0.0069488412700593
Q9EPC1_P35438,0.0021764,0.012952,0.015998,0.2632637619972229,0.0009123268537223,0.3460346162319183
Q8BVM4_P20826,0.0022548,0.012961,0.015907,0.16140523552894592,0.0003827077744062,0.0027179447934031
P01661_Q5XJY5,0.0021972,0.012956,0.015906,0.07863647490739822,0.0005427752039395,0.0007071094005368
P62754_Q9WVR4,0.0022033,0.012924,0.015925,0.0015708249993622303,0.0027284030802547,0.0009852622170001
O70570_Q2VPU4,0.002517,0.013496,0.015928,0.022673700004816055,0.0015732813626527,0.0011296172160655
P27512_P70196,0.0022797,0.013211,0.015989,0.06416580080986023,0.0005246035871095,0.0485385209321975
Q9JIL4_Q149S1,0.0023405,0.026766,0.016061,0.06492522358894348,0.0042249881662428,0.0001716006663627
Q61180_Q99K90,0.0022342,0.012969,0.015922,0.059568509459495544,0.0002728069084696,0.0107682552188634
P70191_Q8N7N6,0.0022219,0.013033,0.016093,0.23736967146396637,0.0012416094541549,0.0004198623646516
Q9D9U9_Q9DCJ5,0.0022067,0.012931,0.015894,0.06028083711862564,0.0011737042805179,0.9894694089889526
P62274_P16297,0.0021743,0.013007,0.015961,0.020143261179327965,0.0003363888536114,0.0005906746955588
P35438_Q2VPU4,0.0022086,0.013076,0.01592,0.006602241192013025,0.0003253635368309,0.0073890821076929
P11911_O88485,0.0022345,0.01305,0.016023,0.0860818400979042,0.0002606624329928,0.000658904958982
Q04887_Q61391,0.0021792,0.01301,0.01596,0.1305321902036667,0.0005709746619686,0.0028688414022326
O55013_Q60629,0.0021898,0.012969,0.015911,0.22815614938735962,0.0004358650185167,0.0008291465928778
Q9ES57_Q8BGD7,0.0022687,0.013087,0.01657,0.1778528094291687,0.0004969341680407,0.0028134007006883
P30282_Q9CQ39,0.0021849,0.012945,0.015936,0.08946151286363602,0.0002498418325558,0.0070982361212372
Q62192_O88566,0.0021787,0.012999,0.016659,0.1486436128616333,0.0015360849210992,0.0016610838938504
P16388_Q9D9V4,0.0021798,0.012949,0.015906,0.2503378987312317,0.001353780622594,0.0018458702834323
Q8BLC3_Q9D8B4,0.0029954,0.012963,0.015909,0.19286996126174927,0.0003978111199103,0.0050449399277567
P20917_Q61045,0.013291,0.013065,0.016296,0.020248185843229294,0.0006788189639337,0.6314823627471924
P23812_O88447,0.0024658,0.016043,0.029409,0.014192366972565651,0.0057704360224306,0.0003319447278045
O88351_Q9Z1E3,0.0024584,0.013526,0.067692,0.018467584624886513,0.006307412404567,0.1704054027795791
Q9DAR0_P01867,0.0022231,0.012994,0.015915,0.07666029781103134,0.0005512228235602,0.2086611241102218
Q9D9I1_P48453,0.0022103,0.013006,0.015961,0.07976279407739639,0.0510287694633007,0.0020366043318063
P23772_Q9JKD8,0.028997,0.013361,0.016187,0.14078134298324585,0.9972787499427797,0.0566121004521846
P01660_Q08351,0.0023123,0.055143,0.1563,0.31390300393104553,0.011526932939887,0.0025441776961088
Q9CR21_P36898,0.0022185,0.015657,0.063458,0.06301820278167725,0.0003158822946716,0.0047088055871427
Q9DBR4_Q9D5V5,0.0021742,0.012965,0.016024,0.07768059521913528,0.0009001335129141,0.1846211403608322
P47757_Q8K479,0.0021818,0.012939,0.015879,0.17515449225902557,0.0002294141449965,0.0125184506177902
Q9QZE7_P23818,0.0021783,0.012934,0.015941,0.28779610991477966,0.0002471155312377,0.000186542092706
P04187_P68369,0.0022041,0.016647,0.016055,0.37564197182655334,0.0018649323610588,0.0003013414680026
P61979_Q9D1R9,0.0021902,0.012931,0.015897,0.36797356605529785,0.0004738150164484,0.0429392270743846
P22682_Q8R4G0,0.0021909,0.012986,0.01601,0.14775599539279938,0.0004712065274361,0.001747959642671
Q8C0J2_P70218,0.0055311,0.037273,0.035184,0.01772419922053814,0.031350303441286,0.1051466464996337
Q6P6J0_Q9Z2U1,0.0021954,0.013111,0.016819,0.18212878704071045,0.0004382895131129,0.0077958982437849
P48787_Q62314,0.0021964,0.012981,0.015899,0.37076109647750854,0.0012329303426668,0.000439593946794
P01810_Q9R190,0.0022025,0.012977,0.015926,0.19871869683265686,0.0008779658819548,0.0004678247787524
O35526_P14719,0.0022036,0.012968,0.015945,0.03019975870847702,0.0005173372919671,0.0075104888528585
Q9DA80_P60879,0.002214,0.013055,0.015903,0.08533214777708054,0.003505446948111,0.0010441377526149
P61957_Q61584,0.0025519,0.013017,0.015929,0.13305170834064484,0.0012297589564695,0.0065878806635737
Q64729_Q80Y75,0.0022349,0.013012,0.015993,0.0028703203424811363,0.0002783165837172,0.0439796261489391
Q9EQ14_Q8CFI0,0.0021985,0.013001,0.016198,0.09503968805074692,0.0005023594712838,0.002091373084113
Q9CQT6_P97377,0.0021857,0.012986,0.016979,0.11876606941223145,0.0113051636144518,0.9788630604743958
P01635_Q61584,0.0022121,0.013072,0.015926,0.09611959755420685,0.0007076446199789,0.0143535817041993
Q99PT1_Q9DCJ7,0.0022035,0.013019,0.016055,0.04757414013147354,0.0002637425204738,0.0806748643517494
P17182_Q3V1H9,0.0021859,0.012976,0.015918,0.04254056513309479,0.0002627781941555,0.5511686205863953
Q924T2_V9GXK1,0.0021889,0.013047,0.020816,0.12773986160755157,0.0002694244321901,0.0028380651492625
Q9EPL2_Q61337,0.0021971,0.012979,0.016213,0.10529699176549911,0.0015026174951344,0.0003335073124617
Q505B8_Q61171,0.0021931,0.013042,0.015899,0.09337719529867172,0.0003244021499995,0.0012547360965982
Q62314_Q61179,0.0021821,0.012944,0.015954,0.1294715404510498,0.0006162272766232,0.0003187860129401
Q8VI33_Q9JHD2,0.0022122,0.012968,0.015985,0.48044905066490173,0.9946902990341188,0.7447501420974731
O70263_P97457,0.002184,0.013177,0.016046,0.04943094775080681,0.0008988046902231,0.0003997039748355
Q3TNS5_P18527,0.0022174,0.013013,0.015917,0.17733992636203766,0.9870010614395142,0.0004940368235111
Q9WUB0_Q2TBA3,0.002196,0.013049,0.015928,0.07756190747022629,0.0011974124936386,0.0003192900039721
Q91YI4_Q9CQY1,0.0022225,0.012949,0.015963,0.02757253125309944,0.0179075803607702,0.1730409860610962
P28076_Q9CQI9,0.0021719,0.012923,0.015896,0.03727554902434349,0.0002347447152715,0.0018549123778939
Q62406_Q9JIL4,0.010208,0.012969,0.018432,0.2825047969818115,0.0301843509078025,0.1561126261949539
O08785_Q923E4,0.0029702,0.013031,0.018005,0.049133531749248505,0.0011962986318394,0.0012581149348989
P61809_Q62193,0.0021788,0.012966,0.015922,0.006024809088557959,0.0009063312318176,0.0024445354938507
Q62232_Q9Z0W1,0.002187,0.013509,0.015924,0.16308905184268951,0.0004566520510707,0.0003887953935191
P62259_Q9QZ88,0.0022298,0.014949,0.016093,0.0018917071865871549,0.0036504396703094,0.0057778186164796
P62743_Q9QXV1,0.0021797,0.01295,0.016711,0.1518622487783432,0.0075934054329991,0.0002488454629201
Q9DAG4_Q9D2N4,0.0022166,0.01294,0.01597,0.054494649171829224,0.0013536703772842,0.0104540605098009
Q91XL9_P70195,0.0022101,0.013457,0.016048,0.34253573417663574,0.0003461298183538,0.0021528075449168
Q61207_O88602,0.002193,0.013043,0.01627,0.11855508387088776,0.0063270600512623,0.002161840442568
P40336_Q9DCJ7,0.0021908,0.013246,0.016728,0.2816552519798279,0.0002355042379349,0.0004582377732731
O54918_Q99N28,0.0022072,0.013202,0.034143,0.11037103086709976,0.0011166261974722,0.000831758021377
A2AIP0_Q9JMK2,0.0048557,0.012978,0.017198,0.06444794684648514,0.0241651032119989,0.0007189924945123
O08785_P97784,0.0021978,0.012991,0.016005,0.004055614583194256,0.0002372660092078,0.0018038883572444
Q9ES57_P03899,0.0023696,0.013158,0.015849,0.17767494916915894,0.0003276455099694,0.0009241891675628
Q60665_Q9CQT6,0.0025831,0.01296,0.016306,0.0006729242741130292,0.0451807603240013,0.0009279864607378
P54763_P49138,0.0023872,0.015343,0.25914,0.14388801157474518,0.0004819634486921,0.000336399738444
P01647_P14429,0.068107,0.74362,0.067869,0.33679771423339844,0.0403995774686336,0.019478416070342
O88509_Q91V08,0.0021954,0.013037,0.016085,0.23191200196743011,0.0004273245576769,0.0005427586147561
O09108_P52633,0.0021911,0.013114,0.016003,0.0021464372985064983,0.0002986728795804,0.0002423296100459
Q60876_P62878,0.0022036,0.013041,0.015878,0.221335306763649,0.0003009880019817,0.0259624887257814
Q61884_P62281,0.0021883,0.012944,0.016129,0.02594367042183876,0.0004753565008286,0.0291697569191455
O70263_Q9D9U9,0.0021994,0.013065,0.015966,0.00930085126310587,0.001624655444175,0.0006556526059284
P23780_Q9CWE6,0.0021896,0.01293,0.0159,0.013469219207763672,0.0002641360915731,0.0027221862692385
Q9Z2Q6_P12023,0.0021977,0.012977,0.015959,0.007307674735784531,0.0002630408562254,0.0014916372019797
P70662_P49718,0.0023028,0.01295,0.016076,0.004537117667496204,0.0008750115521252,0.002012611599639
P61087_P99026,0.0021873,0.013225,0.016137,0.0015829999465495348,0.0002085666783386,0.000576980644837
Q9DAM2_P33896,0.0022179,0.012965,0.016147,0.04136490449309349,0.0006672200397588,0.0057729203253984
Q9JHD1_Q9WV86,0.0021972,0.01305,0.015977,0.08130622655153275,0.0340171977877616,0.0023157121613621
Q60925_Q9WTM5,0.002184,0.013047,0.0159,0.019432159140706062,0.0002639880403876,0.919209122657776
P55258_Q65ZL8,0.002254,0.12082,0.017168,0.12872953712940216,0.0011082720011472,0.0007225305307656
P0DP43_P01942,0.0021764,0.012928,0.015888,0.18119247257709503,0.0037361299619078,0.000523087917827
P01101_P16675,0.0021833,0.013545,0.016212,0.09326028823852539,0.0005723425420001,0.0003359920810908
O08603_F7BJB9,0.0021894,0.012957,0.01592,0.00975209753960371,0.0004705440078396,0.002339711645618
P01648_Q80U63,0.0022234,0.018313,0.020269,0.07412489503622055,0.001416248967871,0.0015315359923988
P15535_Q9CQ18,0.0022661,0.012945,0.016052,0.011406514793634415,0.000389595341403,0.4709880352020263
P23204_O54901,0.0021977,0.015181,0.017221,0.03143197298049927,0.0003993411955889,0.6383417844772339
P62192_Q60989,0.0021828,0.013069,0.016009,0.05832289531826973,0.0031510211993008,0.0018376547377556
P62259_Q03347,0.0021961,0.013807,0.020095,0.015733521431684494,0.0318333655595779,0.002445715945214
O55142_Q00609,0.0021796,0.012968,0.015878,0.16613735258579254,0.0002673239796422,0.003029218642041
Q9R1P3_Q9CQJ4,0.0021754,0.012959,0.015899,0.08469497412443161,0.0002142657758668,0.0017835370963439
P28076_P01750,0.0022142,0.014639,0.015868,0.2002773880958557,0.0004104118270333,0.0032435825560241
Q80WG5_P63166,0.0021936,0.01296,0.015901,0.3585606813430786,0.0033254595473408,0.6041499972343445
Q60809_Q9ERR1,0.0021928,0.013053,0.015973,0.0457988902926445,0.0007486765971407,0.0002989549248013
Q91WQ5_Q9D2U9,0.0057841,0.012985,0.11566,0.2715342342853546,0.0007888403488323,0.0071793696843087
Q63739_P20826,0.0022022,0.012938,0.015996,0.11969247460365295,0.0005228100344538,0.0057094469666481
P22682_O70570,0.0022918,0.012999,0.015947,0.1894160658121109,0.0012139803729951,0.0151318088173866
P49817_P63280,0.0022832,0.012959,0.015888,0.008871174417436123,0.000391637237044,0.9885636568069458
P62309_P23818,0.0022223,0.013851,0.015874,0.0071909246034920216,0.0002271916891913,0.0022629243321716
Q60855_O55203,0.066865,0.012946,0.016041,0.06244247406721115,0.0086771259084343,0.0737831816077232
O88746_Q3USJ8,0.068666,0.013089,0.017607,0.1516130268573761,0.037797775119543,0.0041804765351116
Q8VCS6_Q8BPZ8,0.0024843,0.013045,0.016027,0.0047713941894471645,0.0032033587340265,0.001117744250223
Q61387_Q99J83,0.0023596,0.013,0.015883,0.0006794823566451669,0.0003185253590345,0.0457787811756134
P23804_Q99NC0,0.002318,0.012995,0.01615,0.13976532220840454,0.0020502703264355,0.0751274451613426
P55271_Q80ZS3,0.0022319,0.013174,0.016052,0.07244560122489929,0.0002928128524217,0.0005968431360088
Q80Y75_Q31099,0.0021932,0.013209,0.015881,0.06828172504901886,0.0002721696801017,0.0063956561498343
P20109_Q8CDI2,0.0022027,0.013119,0.016155,0.009743320755660534,0.00099515740294,0.0010033646831288
Q9Z138_Q9JIA1,0.0036229,0.024317,0.034281,0.006105251144617796,0.992644429206848,0.0377743653953075
P26049_P01101,0.0022343,0.013086,0.01604,0.27108126878738403,0.0010215975344181,0.9566161036491394
P97465_P01749,0.0022143,0.013635,0.017776,0.040865104645490646,0.0140128470957279,0.0564873255789279
Q91WC1_O88786,0.002249,0.012933,0.017711,0.011314766481518745,0.0005247991648502,0.9697838425636292
Q61771_Q9JLQ0,0.26517,0.20957,0.017048,0.09246601909399033,0.0153918331488966,0.1593571752309799
P35802_Q80X85,0.0023824,0.013664,0.033096,0.05701875314116478,0.0002168159408029,0.0001182239720947
Q9D4K7_P61372,0.0022286,0.012966,0.015954,0.005522863008081913,0.0039774612523615,0.0891138389706611
P83917_Q62318,0.0022038,0.012968,0.015929,0.11161772906780243,0.001550669898279,0.0370114855468273
Q9EPB4_O70589,0.002178,0.012945,0.015953,0.10712887346744537,0.9959853291511536,0.0104484884068369
Q8VEA4_Q62277,0.0022267,0.01295,0.015946,0.01006373018026352,0.0004899787600152,0.0011847335845232
Q9R233_Q8BJZ4,0.0022379,0.076594,0.1682,0.0932542011141777,0.0016023482894524,0.4796974956989288
P13405_P01648,0.0021665,0.012959,0.015945,0.24825535714626312,0.0011189026990905,0.021807923913002
Q8C437_O09111,0.0022042,0.013783,0.015913,0.06717827916145325,0.0091075664386153,0.0185286793857812
Q5SW45_P18524,0.0022475,0.012951,0.016104,0.11964710801839828,0.0031514749862253,0.000272951030638
Q9DBL9_Q8N7N6,0.00218,0.01299,0.01607,0.0017790975980460644,0.035199549049139,0.2866567373275757
P40226_P28652,0.0022271,0.013055,0.015922,0.18766096234321594,0.0007077765185385,0.0008921287371776
P58064_Q91V08,0.0022292,0.01296,0.015901,0.18379846215248108,0.000229408906307,0.0548667795956134
Q9JIY5_Q8CF89,0.0021985,0.012977,0.016001,0.024374879896640778,0.0002811641898006,0.3848791718482971
Q9CPX6_P61092,0.0021808,0.012984,0.01592,0.4996052384376526,0.0002909522445406,0.0005351272411644
Q62179_Q9JL85,0.0026486,0.063493,0.074807,0.17282159626483917,0.0234494265168905,0.0109881768003106
P48437_Q4KKZ1,0.0024053,0.012952,0.015954,0.338342547416687,0.0145982299000024,0.0019077456090599
Q9Z0X1_Q8VEG6,0.0022008,0.012959,0.015928,0.2029772698879242,0.0002421668032184,0.0008160748402588
P59114_A2ARP9,0.0022022,0.012938,0.016015,0.5765558481216431,0.0027270563878118,0.0021898720879107
Q9WVI9_P01665,0.0021813,0.012991,0.015994,0.34386125206947327,0.0113361403346061,0.0006752425106242
Q8VEA4_Q60778,0.0021808,0.013014,0.017053,0.01110784150660038,0.0013000936014577,0.0004867209936492
P17433_P23772,0.12321,0.013019,0.017108,0.18075454235076904,0.0139886159449815,0.0020761615596711
P60670_Q9QWH1,0.002177,0.012955,0.01597,0.0328977070748806,0.0137605322524905,0.0009983858326449
Q8CGK7_Q9JIA1,0.0022084,0.013316,0.015947,0.3731887936592102,0.0031221315730363,0.4969302415847778
Q5SW45_P47915,0.0021953,0.012918,0.016106,0.10862600803375244,0.0013547588605433,0.0118466280400753
Q9QUM9_Q9CSN1,0.0021734,0.012928,0.015906,0.022467177361249924,0.0003020127769559,0.0002498070534784
Q9EQS3_Q08509,0.0021869,0.01294,0.015905,0.04160149767994881,0.0106208119541406,0.001878716982901
P70191_Q9DAK2,0.0021873,0.013049,0.015914,0.08847630769014359,0.0021618229802697,0.0106272129341959
Q9CVB6_P62309,0.0022258,0.012969,0.015876,0.0076286098919808865,0.0008904578862711,0.0020523329731076
P46471_P58059,0.0022085,0.01293,0.015917,0.2925129234790802,0.0005968994228169,0.0012379173422232
P52927_Q61327,0.0021746,0.013013,0.016497,0.08309292793273926,0.0007815064745955,0.1292970329523086
Q8BJ56_Q99N87,0.0022078,0.01342,0.016472,0.42685869336128235,0.0002935144002549,0.0335399992763996
Q8R4G0_P61924,0.0022023,0.012935,0.015884,0.011754151433706284,0.0003317330847494,0.0003729056334123
Q99N84_P35802,0.0022349,0.013852,0.040841,0.29056572914123535,0.0002528926706872,0.239686518907547
Q5BKP2_P63011,0.0022917,0.013243,0.016249,0.010603729635477066,0.0029008795972913,0.0003039196890313
Q9JM73_P41274,0.0022153,0.013045,0.016019,0.012736479751765728,0.0004782698815688,0.0018942207098007
P15806_Q62158,0.0028358,0.013521,0.015979,0.07450895011425018,0.0005527072935365,0.3369466066360473
Q8VHW2_Q6PAT0,0.0021929,0.012993,0.015942,0.03112490102648735,0.0002883435226976,0.0743948221206665
P29754_P12367,0.0022101,0.013049,0.015966,0.2974303364753723,0.0007463038200512,0.0068998411297798
Q9DCJ7_Q7TPM5,0.0022201,0.013131,0.015967,0.017944348976016045,0.000658500357531,0.2738983333110809
Q9Z138_P09803,0.004073,0.020366,0.042304,0.3727101981639862,0.0301517415791749,0.0017979728290811
P29752_Q99MJ6,0.0021934,0.012936,0.015916,0.5961983799934387,0.0075101084075868,0.0007412765407934
P01592_Q3UXZ6,0.0021968,0.013028,0.015889,0.49764353036880493,0.0003900353331118,0.0005255655269138
Q8CDI2_Q9QXV1,0.0028199,0.01297,0.01609,0.015058108605444431,0.0154230454936623,0.1350024789571762
P50752_Q9Z0W1,0.0021973,0.012955,0.015915,0.020533958449959755,0.0002849071752279,0.0003990477707702
Q32NY4_P27467,0.0021989,0.014639,0.026884,0.03086848556995392,0.0003246967098675,0.001644754782319
P51667_P03903,0.0023188,0.01299,0.0159,0.0013248729519546032,0.0002050669136224,0.012352337129414
P54818_Q5R1C2,0.0023846,0.02263,0.13418,0.15504038333892822,0.0047826203517615,0.0021710020955652
P39688_O08603,0.0022084,0.013089,0.016602,0.19845479726791382,0.001047387602739,0.0760232955217361
Q9WUL5_P62881,0.0022012,0.013165,0.015995,0.014394636265933514,0.0004123029648326,0.1343108862638473
Q9D4Q1_P01648,0.0021736,0.012931,0.015892,0.12601731717586517,0.0007111080340109,0.0005128649645484
P60879_P63044,0.81031,0.74233,0.097034,0.07616554200649261,0.9986642599105836,0.0002293879078933
P22366_O35680,0.0021896,0.013043,0.01615,0.112708680331707,0.000238734181039,0.0075865373946726
Q8C6B2_P97371,0.0022601,0.012941,0.016296,0.021131517365574837,0.0004612652119249,0.0408419333398342
O88895_Q9EPL2,0.0021992,0.012966,0.015989,0.11401454359292984,0.0002719779731705,0.1091859117150306
P97457_P09632,0.009586,0.01346,0.016786,0.0021346816793084145,0.0027250631246715,0.000322531821439
O09106_P48432,0.0022162,0.013171,0.016388,0.00930760707706213,0.0005321271019056,0.0009249093709513
Q8VI33_P25911,0.0022192,0.012993,0.016274,0.343801885843277,0.0003976674051955,0.0012299786321818
O70477_P41778,0.0081165,0.012961,0.016207,0.06503380835056305,0.9989346861839294,0.0200100280344486
Q9EQS3_Q9D2N4,0.011846,0.025018,0.015917,0.32951363921165466,0.0035409855190664,0.0671616494655609
P25118_P39429,0.0021994,0.013101,0.016069,0.4406796097755432,0.0006039640866219,0.0011857823701575
Q920N1_Q60722,0.0023288,0.01336,0.015966,0.0040291678160429,0.0113686630502343,0.4855821132659912
Q7TS55_Q9CZM2,0.0021858,0.013007,0.015951,0.08336006104946136,0.0002013208286371,0.0007489427225664
P20917_P61080,0.0021762,0.013136,0.015912,0.006715691182762384,0.0008052287739701,0.0845057591795921
P50538_O88508,0.0022117,0.013025,0.016025,0.03555993735790253,0.0032841893844306,0.0009824787266552
Q9CZQ9_Q9CQ20,0.0021932,0.01292,0.016026,0.004146674647927284,0.0010047446703538,0.0008028773590922
Q01853_Q9JI78,0.0022004,0.012946,0.015941,0.018101675435900688,0.0045021162368357,0.0002075982629321
P01647_Q61457,0.0021875,0.012958,0.01591,0.42530709505081177,0.0013500121422111,0.0053543928079307
Q9QWV4_P27038,0.0022991,0.012977,0.016431,0.09472797065973282,0.0002902681881096,0.2581024169921875
A2AIP0_Q80ZS3,0.0022438,0.013108,0.016381,0.07414094358682632,0.004458493553102,0.194584846496582
P47753_Q059U7,0.0021775,0.012922,0.015944,0.020409531891345978,0.0043796221725642,0.0012153293937444
Q9ERI2_Q8VEK3,0.0039453,0.014236,0.017009,0.5748834609985352,0.0011208859505131,0.002089493907988
P11911_P15806,0.0023169,0.017389,0.015931,0.038969676941633224,0.0007001814665272,0.001039145165123
Q7TPM5_P04925,0.0021895,0.013045,0.015939,0.02092873305082321,0.0004646138986572,0.2491684854030609
P61092_P12367,0.0021777,0.013,0.015903,0.01601426862180233,0.0003952881670556,0.0053215255029499
Q9JKD8_Q61127,0.0026975,0.013042,0.016339,0.20521961152553558,0.1939373016357422,0.0003676265478134
Q8R502_O88634,0.0022793,0.013098,0.016796,0.03829064965248108,0.0004142921825405,0.011880355887115
Q8C4V4_Q9WTX6,0.0021797,0.012948,0.016024,0.20709438621997833,0.998635709285736,0.0047618797980248
Q62296_Q9JI44,0.0027525,0.012931,0.01607,0.08446242660284042,0.0004734653630293,0.0014102348359301
Q9Z1E3_Q2TBA3,0.0023578,0.013194,0.023429,0.16434261202812195,0.0008627265342511,0.0001790136157069
P97767_Q62231,0.082428,0.012968,0.016971,0.29091906547546387,0.0071115223690867,0.2463625371456146
Q8BHN3_O09108,0.002474,0.014392,0.02834,0.2781713902950287,0.0012891710503026,0.0006378145772032
Q9QYP6_Q91VI7,0.0022497,0.012955,0.016625,0.021300721913576126,0.0051242997869849,0.0006794814253225
P25916_Q3TWN3,0.002429,0.013037,0.016047,0.028977246955037117,0.000483013165649,0.0004552481987047
Q61884_Q9Z1E3,0.0022175,0.013782,0.015939,0.20542025566101074,0.0056539671495556,0.5095845460891724
Q64261_P01878,0.002199,0.013135,0.016137,0.0648500844836235,0.0004239004920236,0.0009482530876994
O08603_Q9ERI2,0.0021838,0.015513,0.015901,0.004875290673226118,0.0009022506419569,0.0004424693761393
P58283_Q99L88,0.0023347,0.013032,0.016019,0.008702362887561321,0.0011015250347554,9.424390009371564e-05
P48771_Q9QXV1,0.0022974,0.013295,0.016026,0.4423289895057678,0.0014141963329166,0.0013939302880316
O88282_P49817,0.0021913,0.012937,0.015937,0.026552127674221992,0.0003676750638987,0.0150403529405593
P29351_Q9JHL1,0.0022555,0.013007,0.018185,0.03132596239447594,0.9972639083862304,0.0012362694833427
P97454_Q9DCA2,0.0022204,0.012971,0.015901,0.05356903746724129,0.0006949757225811,0.2352838516235351
P25801_P62309,0.0022006,0.013038,0.015939,0.005963267292827368,0.0007655508816242,0.3077230751514435
O54972_P62315,0.0021815,0.012992,0.015883,0.043466728180646896,0.0006917613791301,0.0319330655038356
Q8BYM5_Q9CQC3,0.0023206,0.012948,0.015981,0.019537316635251045,0.0012446453329175,0.0003534655261319
Q3UDK1_Q9Z0G0,0.0033877,0.012948,0.015982,0.12570670247077942,0.004466738551855,0.0972407534718513
Q9CQP2_Q8CDD8,0.0021915,0.012938,0.015919,0.011070908047258854,0.0099498396739363,0.0113501455634832
P20937_Q61327,0.0025484,0.014703,0.017095,0.04102861508727074,0.0003368779434822,0.0117550380527973
Q9DC37_P02089,0.0021995,0.013069,0.017141,0.21158668398857117,0.0027748474385589,0.0006138088065199
P08152_P62264,0.002176,0.012959,0.015916,0.13724003732204437,0.0005367747507989,0.0004407810338307
Q5F201_Q6PAT0,0.0021859,0.01297,0.015965,0.06634365022182465,0.0024291060399264,0.0024911384098231
Q8BG40_Q9D131,0.0024785,0.012941,0.015925,0.1313343048095703,0.0217285435646772,0.2318544238805771
Q9QYH6_P47963,0.0022023,0.01295,0.017719,0.3066602051258087,0.0008386136614717,0.0013210695469751
Q06507_Q03526,0.002218,0.013119,0.017249,0.18923206627368927,0.0003474703116808,0.00040283051203
Q8BHN3_P53762,0.0021862,0.013007,0.015971,0.05248843878507614,0.0009222574881277,0.0140071613714098
Q61771_Q9D1P4,0.0021975,0.013063,0.016022,0.225605309009552,0.0442869961261749,0.0654505938291549
Q8C669_Q91ZD4,0.0021994,0.012917,0.015953,0.4114624559879303,0.0004571533645503,0.0004581704561132
Q80Z64_P26369,0.0027287,0.013022,0.016214,0.0005325213423930109,0.0865018814802169,0.006049201823771
Q91XL9_A0N262,0.002211,0.014511,0.016,0.47099176049232483,0.0030897741671651,0.0487653240561485
Q80U70_Q99JW4,0.0023631,0.013016,0.016793,0.0694228932261467,0.000598678481765,0.0018316459609195
P01666_E9Q9W7,0.0022211,0.012988,0.016269,0.14487294852733612,0.0094695799052715,0.0016406351933255
Q9CPX7_Q9ES46,0.0021753,0.012925,0.015915,0.029612576588988304,0.0005043294513598,0.1264629513025283
P83940_Q9QWH1,0.0021785,0.013017,0.015947,0.1636786162853241,0.0026236420962959,0.0123872840777039
P98156_Q8K245,0.0022589,0.013066,0.016058,0.08597684651613235,0.0017273633275181,0.0035017440095543
Q9CXY6_G0YP42,0.0021868,0.013067,0.022781,0.0016123304376378655,0.000372638576664,0.0002672803821042
O88621_P09055,0.0022206,0.013043,0.016498,0.5133848786354065,0.0005409894511103,0.0079756556078791
Q91VN6_Q9Z0H7,0.0022292,0.012961,0.015964,0.012357953004539013,0.0003611058637034,0.002146798884496
P28078_O89090,0.0021805,0.013026,0.015889,0.00273530394770205,0.0007793348631821,0.0006821088027209
O88351_Q8VEA4,0.0021798,0.012938,0.01605,0.025244537740945816,0.0065414956770837,0.0367421694099903
Q9D2N4_Q80U63,0.0032541,0.017624,0.015989,0.08499084413051605,0.0024569679517298,0.0031288783065974
Q3V3N7_Q99J83,0.0022144,0.012915,0.015898,0.07218930870294571,0.0024401843547821,0.000584416440688
P09405_P35922,0.0057723,0.012992,0.04689,0.18158307671546936,0.0058942385949194,0.0002331249561393
Q62231_P48771,0.0023653,0.013087,0.01589,0.19744817912578583,0.000497892149724,0.0612196177244186
Q5U5Q9_P18572,0.0024367,0.012984,0.0161,0.06748213618993759,0.0002909004106186,0.0120613854378461
O88634_P46414,0.0023484,0.012987,0.016257,0.014357962645590305,0.0003694469633046,0.0004544515104498
Q61501_P54818,0.0021707,0.013,0.016306,0.06371573358774185,0.002324101049453,0.0008917030645534
P18525_Q64373,0.002214,0.013071,0.016401,0.0030641364865005016,0.0104726683348417,0.1667202860116958
Q62179_Q9DB77,0.0023287,0.013013,0.016549,0.023263461887836456,0.0003363951400388,0.000833915779367
Q91XL9_P07351,0.0022873,0.012959,0.016883,0.07459674775600433,0.0005057891248725,0.0032584962900727
P29452_P52800,0.0021918,0.012945,0.016107,0.0156919714063406,0.0023074918426573,0.2778573036193847
P03966_P28574,0.34279,0.019176,0.097431,0.0038907178677618504,0.0042442325502634,0.0015869877533987
O08675_P18527,0.003097,0.027711,0.48586,0.22381271421909332,0.809868574142456,0.013808149844408
Q9R049_Q9DAR0,0.002356,0.012995,0.015961,0.10057341307401657,0.000316868914524,0.0002878351078834
Q8R464_Q61457,0.0022127,0.012927,0.015953,0.00937036145478487,0.0005879768868908,0.0103130936622619
P01942_P98083,0.0021905,0.012923,0.015909,0.007885419763624668,0.0015201392816379,0.0064147682860493
Q3UYV9_Q9D131,0.0022203,0.012979,0.015957,0.260841965675354,0.0004138645308557,0.733897864818573
O70439_P15307,0.0034153,0.012981,0.01589,0.12745602428913116,0.0029510676395148,0.1679685711860656
Q8BGU5_Q9JHD1,0.0038381,0.012952,0.016166,0.0674724131822586,0.0120367044582962,0.0056776418350636
Q61083_Q6PGF3,0.0021923,0.012979,0.016207,0.008929270319640636,0.0018546716310083,0.0623374581336975
O88621_P68510,0.0021801,0.014449,0.033017,0.004552183672785759,0.9981092214584352,0.0132048660889267
Q60770_O55033,0.0021677,0.012976,0.016071,0.008217648603022099,0.0003538141609169,0.4766867160797119
Q9R207_P54818,0.0021733,0.012935,0.015917,0.0013342496240511537,0.0003842309233732,0.6258779168128967
A0A0M3KL49_Q8CHU3,0.0021828,0.013351,0.015895,0.0048080021515488625,0.0009486081544309,0.5364694595336914
Q01114_Q61411,0.0022193,0.01397,0.015964,0.027558932080864906,0.0045662177726626,0.0005045941798016
P70372_Q9CWH4,0.0021835,0.012932,0.016045,0.30600136518478394,0.0257657002657651,0.0057301325723528
Q6ZWS8_Q3UYV9,0.0021719,0.013019,0.016673,0.3301437795162201,0.0006528031663037,0.21597920358181
P15702_Q9JJV2,0.0021762,0.012966,0.015893,0.32060348987579346,0.0003884197503793,0.0014286123914644
Q9DAG4_P00416,0.00249,0.013053,0.016012,0.044570449739694595,0.000487990619149,0.2624582052230835
Q9D9T8_Q60787,0.002174,0.012969,0.015958,0.006888730451464653,0.9981727600097656,0.0283402986824512
P70196_Q62073,0.34947,0.46332,0.01597,0.16378390789031982,0.0006812467472627,0.0056896689347922
Q9QUQ5_Q9D6J6,0.0022158,0.013012,0.016017,0.02440735511481762,0.0003555168805178,0.0029181018471717
O08603_Q62192,0.0022085,0.050601,0.022539,0.028772884979844093,0.0019568372517824,0.0004700742138084
O35613_Q9JI44,0.0022215,0.012948,0.016015,0.14805148541927338,0.0033996934071183,0.004745515063405
P31311_P27612,0.0048258,0.013255,0.016048,0.047242168337106705,0.002887190086767,0.195899024605751
P35456_O70477,0.0021854,0.012963,0.015953,0.05755467712879181,0.0003294562629889,0.0002536765532568
Q9WV32_P61957,0.0022609,0.013042,0.016286,0.48818376660346985,0.0005840974044986,0.0003344692231621
Q8BFU0_Q9WTK5,0.0021996,0.013218,0.016571,0.0065618520602583885,0.0023824751842767,0.0101942140609025
P18893_P18572,0.0036846,0.047608,0.069317,0.012057493440806866,0.9927916526794434,0.0004810587852261
O35716_P15261,0.0022098,0.013172,0.019602,0.17449763417243958,0.0006379024707712,0.0690142884850502
Q8CDT5_Q8VCD5,0.002241,0.012912,0.016371,0.012653476558625698,0.9987205862998962,0.0006163485813885
P08113_Q9CQC7,0.0022719,0.013088,0.016003,0.1117367297410965,0.0009470183867961,0.0217411126941442
Q9R1P0_P62309,0.0022386,0.01311,0.015871,0.04134020209312439,0.0002127272600773,0.0002649434609338
P13297_Q8C456,0.002352,0.013109,0.016188,0.10094960033893585,0.0027682960499078,0.0023160723503679
Q99MJ6_P48771,0.0023323,0.013264,0.016006,0.08589283376932144,0.0003475566627457,0.0012290194863453
P70196_Q64337,0.0022096,0.013056,0.034716,0.03128388524055481,0.0006626844406127,0.0029441420920193
Q9JMA2_P24860,0.0021995,0.012955,0.015965,0.11895772069692612,0.0031915588770061,0.000292956654448
P00158_Q9JIK5,0.002226,0.013006,0.015887,0.021734468638896942,0.0003040510055143,0.011395732872188
Q80XE1_Q60795,0.004523,0.013213,0.017863,0.056260205805301666,0.5490426421165466,0.0018386347219347
P63166_P63280,0.0067386,0.034115,0.016092,0.1324612945318222,0.9951386451721193,0.6431431174278259
P62309_Q9Z2U1,0.0022491,0.013251,0.015876,0.030775202438235283,0.0002161675802199,0.0154337156563997
P14432_Q8R0W6,0.0028621,0.013099,0.018413,0.08568967133760452,0.0034718683455139,0.0013643743004649
P08207_Q61083,0.002216,0.013181,0.016014,0.03160903975367546,0.0327267386019229,0.0547241903841495
Q99LY9_Q03526,0.0021919,0.012951,0.015953,0.004641689360141754,0.0002838005602825,0.0004425427468959
A0A2R8VHF7_P68040,0.0022216,0.014128,0.015913,0.010978437960147858,0.0012526416685432,0.0005441271932795
P20152_P02089,0.0021945,0.012933,0.015895,0.04060456529259682,0.0014854981563985,0.0002354979660594
P10126_Q9CQP2,0.0021876,0.012977,0.015898,0.02568206936120987,0.0003243965911678,0.0006538270390592
P63141_Q9CQV5,0.0021899,0.013111,0.024912,0.2413979023694992,0.0003160708583891,0.0279813613742589
P60670_P61080,0.0021987,0.013011,0.015967,0.05311596021056175,0.0021495977416634,0.0003150029515381
P23198_Q9JJV2,0.0022109,0.012936,0.015928,0.16405388712882996,0.0024331605527549,0.0116620818153023
A2AIP0_Q65ZC0,0.0021954,0.013177,0.015986,0.0014386189868673682,0.000986402388662,0.005543899256736
Q8R409_P22725,0.0021856,0.012955,0.016346,0.4694015681743622,0.0002471895131748,0.1610458791255951
Q9JLC6_P68037,0.0021764,0.014196,0.015905,0.07217339426279068,0.0002596548583824,0.0018363433191552
O70439_P62874,0.0022658,0.012962,0.015914,0.0032650833018124104,0.0015953076072037,0.0003348923055455
P01645_Q8BK72,0.0022026,0.013398,0.027113,0.16246630251407623,0.0032148563768714,0.0003065468918066
Q920N1_Q63844,0.0024657,0.013108,0.018457,0.05786670744419098,0.0065775620751082,0.0575246699154377
Q9Z1E3_P63044,0.0023845,0.013327,0.015879,0.3749355971813202,0.0003769507457036,0.0006325636059045
Q91YI4_P01108,0.0032755,0.013175,0.016321,0.0033369818702340126,0.0050978851504623,0.002566945971921
D2D553_P52795,0.0022153,0.012946,0.015921,0.08746670186519623,0.0003696421335916,0.0057784374803304
Q62424_P28700,0.21851,0.013149,0.016061,0.15769954025745392,0.0014881421811878,0.0001927375269588
Q9R0Q1_P52795,0.0022185,0.013035,0.016147,0.03325168415904045,0.0018359151436015,0.0002193359832745
P70445_Q9CXZ1,0.0021961,0.013008,0.01592,0.00566233741119504,0.0002639465092215,0.000257331324974
P63011_Q9QWV4,0.0022942,0.013096,0.016258,0.020310647785663605,0.0014490775065496,0.0069348341785371
P25799_Q99N84,0.0022054,0.013244,0.016118,0.23339875042438507,0.0004509098362177,0.0002607498900033
P18469_P28063,0.0021892,0.016483,0.039675,0.08409690111875534,0.0002570831275079,0.0395343080163002
P68373_Q9Z1N2,0.0021805,0.013344,0.016209,0.04144962504506111,0.0031789352651685,0.0040478408336639
Q9CWR8_P63137,0.002213,0.01296,0.015995,0.005869791377335787,0.0008324624504894,0.0067909872159361
O88522_Q9D9D8,0.0022053,0.01306,0.016123,0.0179226566106081,0.0014141384745016,0.3857311606407165
P12815_Q9WU78,0.0021731,0.013251,0.0159,0.12853290140628815,0.0007276269025169,0.0045423991978168
Q8R2K4_Q9DB77,0.0021819,0.012983,0.015895,0.031460992991924286,0.0003544501960277,0.0039026220329105
P05977_A0A0M3KL49,0.0021865,0.015011,0.016076,0.10792698711156845,0.000798852124717,0.0003504265623632
P0CG50_Q9EQS3,0.0022116,0.013009,0.015905,0.026697484776377678,0.0079425880685448,0.0005330195417627
Q80Y75_Q9CXW4,0.0021876,0.013039,0.015986,0.056113965809345245,0.0004040972562506,0.0007817597361281
Q811G0_Q9CZM2,0.0021887,0.012916,0.015961,0.05266137421131134,0.0003265873820055,0.0276708286255598
P01837_Q63943,0.0021774,0.013344,0.015966,0.4111170768737793,0.000422033277573,0.0016596200875937
P39429_P70347,0.61579,0.40613,0.016399,0.06078750640153885,0.0018553617410361,0.2355502545833587
P15806_Q9JI59,0.0022067,0.014036,0.015916,0.007743279915302992,0.0006953765405341,0.0008722515776753
P59114_P62911,0.0021814,0.012915,0.015931,0.028024470433592796,0.0017674898263067,0.0012050208169966
Q9JKV1_Q2MH31,0.0021793,0.012961,0.015911,0.10227518528699875,0.0005332842702046,0.0009007164626382
Q8C669_Q91X20,0.002208,0.012931,0.016398,0.014043634757399559,0.0081630712375044,0.0012636351166293
Q9DAM2_P62702,0.0022188,0.012945,0.015912,0.006540538743138313,0.0002847657015081,0.0006594480364583
P30282_Q9CQP8,0.0022098,0.012933,0.016047,0.14028842747211456,0.0244768355041742,0.0939155369997024
P70671_Q9QY24,0.0022366,0.012938,0.015946,0.054236944764852524,0.0034993356093764,0.0002426750434096
Q9CR68_Q9DC71,0.0022078,0.67412,0.92901,0.01287446916103363,0.00165593449492,0.1977535933256149
A2A825_Q9CPQ1,0.002248,0.012974,0.015914,0.045320186764001846,0.0002408060681773,0.0006824245210736
P68368_Q9R0T8,0.0021953,0.014264,0.018159,0.17793837189674377,0.0018018665723502,0.0017926029395312
P17182_Q61730,0.0021761,0.01297,0.015898,0.21559007465839386,0.0002449265448376,0.0380932129919528
A0A0M3KL49_Q8VIG3,0.0021913,0.013678,0.016163,0.0635518953204155,0.0046701338142156,0.0365573577582836
P02089_Q60819,0.0021996,0.018294,0.016209,0.15225337445735931,0.0058097764849662,0.0011905335122719
Q8BJZ4_P61967,0.002222,0.013083,0.015943,0.4382053017616272,0.0019414481939747,0.0852512717247009
O88890_P47757,0.0021711,0.012948,0.015918,0.028403254225850105,0.0002465347060933,0.0758396089076995
B5KM66_Q8C2B3,0.0021985,0.012951,0.015903,0.11132287979125977,0.0047103613615036,0.0028964087832719
P70343_P27792,0.0021876,0.013053,0.01597,0.07987900078296661,0.0028976527974009,0.0037925781216472
Q9CZ82_P35979,0.0022077,0.012919,0.015901,0.05747236683964729,0.0009024483151733,0.2389841675758361
Q60773_Q9WUL5,0.0021949,0.01325,0.018301,0.0097117368131876,0.0004396394069772,0.174921840429306
Q9D125_P24860,0.0021999,0.012931,0.015899,0.009025070816278458,0.0005371056031435,0.0005547616747207
P63044_Q91Y86,0.002214,0.012982,0.015911,0.018373070284724236,0.0003915191045962,0.000440716947196
Q08369_Q61686,0.0021782,0.012951,0.016071,0.025502890348434448,0.0021398446988314,0.9880017638206482
P04925_Q8C0J2,0.0022068,0.012999,0.015904,0.0514848493039608,0.0002369043504586,0.0003641711082309
P24610_P27782,0.074826,0.013236,0.017252,0.010078510269522667,0.0117501746863126,0.020566152408719
Q3UNW5_Q9ERA0,0.0029167,0.012946,0.017789,0.08853037655353546,0.9989157915115356,0.0006440688157454
P41969_Q60770,0.0021877,0.012959,0.015929,0.04168802127242088,0.004311497323215,0.0007874783477745
Q9CQJ4_Q9QWH1,0.0021952,0.01362,0.016285,0.17576567828655243,0.0006123573402874,0.0820914208889007
Q03157_P62192,0.0022457,0.013058,0.015926,0.11397431790828705,0.0007153935730457,0.0028336639516055
Q60876_P83882,0.0022074,0.012935,0.0159,0.010024037212133408,0.0003501146857161,0.005408626049757
Q9EQ14_Q9DAD0,0.0022161,0.01298,0.016109,0.2631528973579407,0.0006097095902077,0.0004088488931301
Q9WVB3_Q60838,0.0023593,0.013009,0.018496,0.00204470194876194,0.0007515226025134,0.0027195389848202
P97333_Q9WUT3,0.0021992,0.012974,0.015968,0.23003287613391876,0.0133156022056937,0.0050498321652412
O54714_Q6PF93,0.0022237,0.013029,0.016379,0.21113349497318268,0.0078299418091773,0.0004336804558988
Q60954_Q9CXY6,0.0022047,0.012944,0.015965,0.22891433537006378,0.0036143797915428,0.0004953749594278
Q9EST8_P46935,0.0042713,0.013127,0.020543,0.003934732172638178,0.0019887224771082,0.0013815165730193
P28033_Q8R4I1,0.038005,0.013123,0.016029,0.23549745976924896,0.0155927576124668,0.1560695469379425
Q62276_O54828,0.0022494,0.012955,0.016041,0.047352563589811325,0.0006055621197447,0.0649730190634727
Q91WQ5_P06240,0.002182,0.013343,0.016406,0.26919957995414734,0.0004878373583778,0.3070055842399597
P56391_Q9Z2U0,0.0021892,0.012965,0.01589,0.04593396186828613,0.0002335512253921,0.0523305758833885
Q99P58_Q99JW4,0.0022584,0.016433,0.059366,0.19614377617835999,0.9976812601089478,0.0020370357669889
Q8CCI5_P04925,0.0023496,0.012969,0.015916,0.09208597242832184,0.0002981869329232,0.0011963761644437
P97428_Q6IMH0,0.0021687,0.012954,0.015922,0.2751990556716919,0.0004276053514331,0.9649499654769896
Q04211_P47757,0.0021851,0.012963,0.015912,0.002463236451148987,0.0020686492789536,0.0201824251562356
P61957_Q8BJZ4,0.0021795,0.013174,0.015877,0.367002934217453,0.0003645301039796,0.0002324898960068
Q64281_Q6DID7,0.002433,0.01323,0.026088,0.06080235540866852,0.0030286859255284,0.0009874099632725
Q99JX3_O35228,0.0022092,0.013096,0.016089,0.16192249953746796,0.0014578562695533,0.0009602825157344
O09061_Q9JIK9,0.0022322,0.012926,0.015981,0.024880873039364815,0.0003985482617281,0.0066019380465149
P10749_Q04207,0.0021874,0.012937,0.016688,0.04327592998743057,0.0013637610245496,0.0093323858454823
Q62108_Q9Z307,0.0022003,0.012967,0.016247,0.07934679836034775,0.0102292587980628,0.0112172216176986
Q60989_Q9DC40,0.0021726,0.013709,0.015902,0.2184554785490036,0.0018221013015136,0.0004524163086898
P31041_Q9CQY1,0.0022168,0.012965,0.015903,0.12401677668094635,0.0003868632775265,0.0003752392949536
Q9DCA2_P10889,0.0022085,0.078432,0.022194,0.018874749541282654,0.0002552289806772,0.0126435309648513
Q99N84_Q9R0P5,0.0021786,0.012956,0.015926,0.09160985797643661,0.0002792316954582,0.2054820507764816
Q61188_Q8K480,0.0022817,0.013077,0.10291,0.25128740072250366,0.0002910193870775,0.0038936517667025
P59114_Q8CFI0,0.0023684,0.012943,0.016538,0.003191026858985424,0.0043560387566685,0.0473502203822135
P30561_P52800,0.00271,0.012989,0.015994,0.001464923843741417,0.0003410860081203,0.0547066777944564
Q62083_Q61387,0.0022341,0.012957,0.015893,0.028923898935317993,0.0002511508646421,0.0014590839855372
Q9Z2U0_Q99JB6,0.0021879,0.012965,0.015896,0.010263069532811642,0.0004219638649374,0.0022353439126163
Q63943_Q9D4Q1,0.011901,0.012936,0.015944,0.022499948740005493,0.0034112404100596,0.0235285852104425
O88746_P0CG50,0.0021939,0.013016,0.015908,0.016793999820947647,0.0819014534354209,0.0099292155355215
Q8BJ56_P70434,0.0022051,0.012971,0.016307,0.03765339404344559,0.001428770716302,0.0536901764571666
P35922_Q8C031,0.002196,0.012964,0.015907,0.007693331688642502,0.0002695996954571,0.0002713082067202
Q04735_Q91ZW2,0.0021917,0.013,0.016068,0.17310692369937897,0.0053130313754081,0.0016909891273826
P0CG50_P46471,0.0023521,0.013097,0.018258,0.2844175398349762,0.0004220714909024,0.117717906832695
P61924_Q61249,0.0022093,0.012937,0.015929,0.02076856978237629,0.0033564842306077,0.0012394570512697
P09055_P11609,0.0022842,0.015739,0.037683,0.008976639248430729,0.0049098557792603,0.0346940569579601
Q9R0P9_P09632,0.0021746,0.013018,0.01595,0.3822137713432312,0.0003229274589102,0.0002920199767686
Q9Z0X1_O35730,0.0021974,0.013006,0.016114,0.0008403898682445288,0.0003862312587443,0.0014045694842934
P70218_Q06890,0.0022486,0.013039,0.016096,0.04450640827417374,0.0006444136379286,0.0002324444794794
Q3ULA2_Q60795,0.0033608,0.013374,0.016868,0.008412829600274563,0.002023868728429,0.0021434482187032
O89110_P29341,0.0021752,0.012973,0.01619,0.010162023827433586,0.0009229589486494,0.0008613413083367
P14115_P00757,0.0021953,0.012956,0.016085,0.012212623842060566,0.0002434973575873,0.022962462157011
P31750_P48678,0.0025963,0.014206,0.020175,0.2571659982204437,0.0315947942435741,0.000801746326033
P35951_Q8R3R8,0.0022395,0.012993,0.015921,0.013975934125483036,0.0046127433888614,0.0032158715184777
V9GXK1_Q5SSL4,0.0022364,0.012931,0.016107,0.48136085271835327,0.0007168233860284,0.0352533683180809
P08505_Q04207,0.0021909,0.012938,0.016244,0.47256579995155334,0.0014796236064285,0.0003002136363647
Q91V61_O54786,0.0021928,0.012921,0.015894,0.09864119440317154,0.0003791932831518,0.0004787079524248
Q9WVS6_Q9CXU1,0.0021808,0.013143,0.01589,0.18627195060253143,0.9974011182785034,0.0001622474228497
Q8K2G4_Q9JI78,0.0021894,0.012943,0.01596,0.03157862648367882,0.003329248400405,0.0002346310357097
Q8BG40_P05532,0.0025621,0.01316,0.016197,0.1131863221526146,0.0004033088916912,0.0012490329099819
P46660_Q62108,0.19372,0.074444,0.024026,0.09242367744445801,0.6272590756416321,0.1289846152067184
O88447_P27782,0.0022749,0.028619,0.016572,0.0007821095641702414,0.0063672768883407,0.0004588295705616
Q62132_P52293,0.0022339,0.013551,0.01645,0.2171442061662674,0.0008516157977283,0.3491591811180115
P15535_Q9QWV9,0.0021814,0.013038,0.015942,0.030062364414334297,0.0007168486481532,0.0005942329880781
P28076_Q9CR61,0.0021789,0.012945,0.015912,0.008421860635280609,0.0002819566288962,0.2903661429882049
P59999_Q61216,0.0021716,0.012949,0.015931,0.005401507019996643,0.998556673526764,0.0003349874459672
U5LP42_P27870,0.002197,0.014603,0.016182,0.12821893393993378,0.0008437888463959,0.002353866584599
P19221_Q9CVD2,0.0021917,0.012951,0.015945,0.3025975227355957,0.0005955006927251,0.2429184019565582
A0A0U5BC76_Q6P3B9,0.0022041,0.051581,0.12178,0.13123682141304016,0.0003896391717717,0.0086084436625242
Q02248_Q60793,0.045277,0.013686,0.020037,0.10955511778593063,0.9883005619049072,0.0007079077768139
P97767_Q61083,0.058739,0.013014,0.016516,0.19577965140342712,0.0061263190582394,0.0054121692664921
Q9JI78_Q9R049,0.0021926,0.013046,0.015938,0.04263630881905556,0.0020720874890685,0.020200215280056
P02088_Q99J95,0.0022126,0.013052,0.015924,0.05531661957502365,0.003609329694882,0.0007241612183861
Q9QUM9_Q02067,0.0021743,0.013745,0.0159,0.14235186576843262,0.000333387433784,0.0253716185688972
Q8BJZ4_G0YP42,0.0022467,0.088387,0.40884,0.018869036808609962,0.0002933915820904,0.0011072978377342
P63101_P70375,0.0022111,0.019459,0.015894,0.06796589493751526,0.0005088351317681,0.0198736265301704
P49817_P25118,0.0023547,0.012945,0.015938,0.02160811983048916,0.0003777032543439,0.0001355704152956
O54864_P27038,0.0022264,0.012974,0.017781,0.0012714189942926168,0.0003751918557099,0.0005918177776038
Q02248_Q924A0,0.094884,0.013553,0.056323,0.02131025306880474,0.9306980967521667,0.0068767559714615
Q31093_P01642,0.052504,0.75512,0.10077,0.34803518652915955,0.9972757697105408,0.004434653557837
Q9WVK0_Q5BN45,0.0023027,0.012932,0.015916,0.09912342578172684,0.0018755765631794,0.0002676795120351
P22366_P70196,0.0021889,0.013042,0.015928,0.4654749035835266,0.0008123101433739,0.0347843803465366
P15535_P18872,0.0022019,0.013325,0.016658,0.06770683825016022,0.0004272231599316,0.0031264547724276
P47713_Q9CQY1,0.0021948,0.012983,0.015943,0.160431906580925,0.0079685021191835,0.0021959622390568
Q9D1J1_P04919,0.0021957,0.012958,0.015974,0.014423301443457603,0.0023489536251872,0.0005076854722574
Q9CQC3_Q922Y1,0.0021759,0.012924,0.01597,0.07945246994495392,0.0007912748260423,0.0746877491474151
Q99KP6_Q63943,0.0024169,0.013161,0.015934,0.26930901408195496,0.0012541075702756,0.1765501499176025
Q9CQY1_P00405,0.0022487,0.012938,0.015904,0.23721396923065186,0.0002831880701705,0.3035515546798706
Q9CXU1_Q9CQJ4,0.0021801,0.013251,0.01589,0.15464025735855103,0.0044071706943213,0.0001620627881493
Q9JHD2_Q91V08,0.0022058,0.012988,0.016046,0.19773025810718536,0.0018109927186742,0.0009093141416087
P62259_P00683,0.0021943,0.014177,0.015865,0.00725238211452961,0.0003179464838467,0.001525484258309
Q9D3X8_Q01853,0.0021864,0.012958,0.015992,0.006540193688124418,0.0010421383194625,0.0012191514251753
Q8R3V6_P68372,0.0021853,0.013101,0.015978,0.18019114434719086,0.0072506554424762,0.0035138435196131
P35438_Q91XL9,0.0022091,0.013152,0.016747,0.5145696997642517,0.0007990108570083,0.069815807044506
Q9CR88_Q6X6Z7,0.0021995,0.012985,0.015946,0.005222891923040152,0.000318015605444,0.3748711049556732
P40338_P97481,0.002206,0.012977,0.016024,0.0034716620575636625,0.003921543713659,0.5559407472610474
P63101_Q9ERR1,0.002225,0.013498,0.06948,0.00737631693482399,0.0378474704921245,0.0163986403495073
Q3TNS5_P51410,0.0021994,0.012927,0.015883,0.003861703211441636,0.0005508444737643,0.00074067391688
P01823_Q91WA6,0.0021981,0.013608,0.016002,0.0074284677393734455,0.0040565817616879,0.005956947337836
Q6R5N8_P06876,0.0021823,0.013097,0.016133,0.004246201831847429,0.0008595347171649,0.6770349740982056
O88746_Q03526,0.0022196,0.013028,0.023783,0.09710115939378738,0.0424745678901672,0.0126099083572626
P62878_P52293,0.0022019,0.01353,0.016031,0.0006892091478221118,0.0002583953610155,0.0004229555488564
P09803_Q60760,0.0022147,0.012992,0.016066,0.3179354667663574,0.0023991777561604,0.0002942560531664
Q9D7W5_P63137,0.0022364,0.012928,0.016101,0.22796502709388733,0.0002178989816457,0.003948169760406
Q80U63_Q18PE0,0.0025113,0.014929,0.016046,0.0667518749833107,0.0010335008846595,0.0002915718068834
P16054_Q9JKS4,0.0031699,0.0136,0.049089,0.19038471579551697,0.2389824539422989,0.0022212511394172
O54786_P47911,0.0022171,0.012963,0.015937,0.05807536467909813,0.0006948578520677,0.0020521013066172
Q99ME6_Q91YE7,0.002202,0.012936,0.016113,0.0023410911671817303,0.0007783132605254,0.1269926279783249
A2ARP9_Q64729,0.002295,0.013021,0.029068,0.012125588953495026,0.0006429750355891,0.7262250185012817
P61957_P68372,0.0022172,0.012997,0.01672,0.39606329798698425,0.0113617833703756,0.0007503425586037
P84228_P61979,0.0026836,0.012959,0.68957,0.1113433986902237,0.0028373377863317,0.0013935453025624
P09632_P68037,0.0021888,0.013142,0.015912,0.033023420721292496,0.0004089200810994,0.0113622182980179
A0A087WRI3_Q04735,0.0022024,0.012984,0.016017,0.33549514412879944,0.0152523592114448,0.0001826499210437
O88513_P04228,0.0022188,0.012973,0.015964,0.008885318413376808,0.0002461115072946,0.0016862625489011
Q80ZV0_P50538,0.002199,0.013043,0.01594,0.4973095655441284,0.0013790341326966,0.0016537941992282
P0CG50_Q64337,0.0022358,0.013035,0.017519,0.14201971888542175,0.005745755508542,0.0044439635239541
P62874_Q8BYM7,0.0022195,0.013128,0.019042,0.05141795054078102,0.0261071566492319,0.0626372769474983
Q80WG5_P08152,0.0022166,0.013031,0.015959,0.10108450800180435,0.0008857125067152,0.3433097302913666
Q64287_Q8BYM7,0.0022767,0.012938,0.016027,0.054999563843011856,0.005753943696618,0.0035756155848503
Q6KB05_P24604,0.0024061,0.018172,0.017498,0.022201240062713623,0.0205102507025003,0.010372145101428
Q9Z1S8_Q3USJ8,0.85078,0.013031,0.016343,0.14207199215888977,0.0129068028181791,0.0009647544356994
O88508_Q9CQ39,0.0021834,0.012939,0.015909,0.00885987002402544,0.00231843162328,0.5735894441604614
Q5NCF2_Q9EQS3,0.0022327,0.012927,0.015914,0.021052416414022446,0.0002772461157292,0.0028318697586655
P61372_P70662,0.046678,0.012958,0.016069,0.3080250322818756,0.0251779295504093,0.00022847422224
Q3V1H9_Q9D9D9,0.0022111,0.012941,0.015947,0.1702963411808014,0.0008625464979559,0.0230083279311656
P06869_Q68EF6,0.0021985,0.01319,0.017026,0.11417993158102036,0.0034281946718692,0.3667379915714264
P29752_P46660,0.002235,0.032179,0.015881,0.020730573683977127,0.0012468185741454,0.0387115441262722
P04224_P98083,0.0021863,0.013048,0.016041,0.08810478448867798,0.0010169413872063,0.0010527330450713
Q9D9V4_P35802,0.0022732,0.012918,0.015886,0.16690203547477722,0.0004234560183249,0.0064846379682421
P06804_P25118,0.044511,0.69225,0.39878,0.207526296377182,0.0014283449854701,0.0009100555907934
Q9QZE7_Q9CSN1,0.0021788,0.01292,0.01589,0.020343711599707603,0.0004458582552615,0.0115937925875186
Q9WTX6_Q9EPK5,0.0021847,0.012965,0.015931,0.0642431303858757,0.0004147650324739,0.0041116434149444
Q61127_Q5R1F1,0.0021936,0.013036,0.016294,0.006276804953813553,0.0014843605458736,0.0011851387098431
P31750_Q91YI4,0.0022406,0.01314,0.028412,0.025380346924066544,0.0143877165392041,0.0019281335407868
Q8VEA4_P03966,0.0021781,0.012957,0.016067,0.1364448368549347,0.0006521613686345,0.0015072914538905
Q8BJQ4_P01108,0.002332,0.012999,0.016006,0.09450964629650116,0.000659282784909,0.9661792516708374
Q80WQ6_P01904,0.0024026,0.017317,0.019313,0.20963908731937408,0.0010920922504737,0.1796048879623413
P70191_Q04211,0.002217,0.013011,0.015908,0.47580036520957947,0.0012676354963332,0.0022072764113545
P42867_Q60838,0.0021832,0.012954,0.015917,0.004215017426759005,0.000268310366664,0.0214933678507804
Q9DAU1_Q8HWE5,0.0022025,0.15239,0.40931,0.07909008860588074,0.0085737509652972,0.1259119063615799
Q8C0D7_P62317,0.0022,0.012973,0.015915,0.06423147767782211,0.0002904938301071,0.0064882077276706
Q9R1P0_P26516,0.0021785,0.01299,0.015908,0.13013902306556702,0.0002334681921638,0.0001515267795184
Q9CQA6_O35714,0.0022586,0.014093,0.048371,0.28035682439804077,0.0004201500560157,0.0377283804118633
Q62179_Q61140,0.0025439,0.013118,0.016419,0.23367372155189514,0.0011768836993724,0.0154388165101408
P18572_Q61457,0.0022042,0.012935,0.01593,0.06031787022948265,0.0008559809066355,0.0068930969573557
Q99JW4_Q9EPC1,0.0022057,0.013017,0.015876,0.011154784820973873,0.0579448528587818,0.026047671213746
Q9CQT6_Q8R3V6,0.0022187,0.012957,0.015911,0.38789036870002747,0.0012195069575682,0.0003546670486684
P23772_P60605,0.0021783,0.012982,0.015907,0.011270207352936268,0.0043983086943626,0.2152535021305084
Q9CZB6_O88951,0.0022434,0.013002,0.016001,0.12572140991687775,0.0003151549608446,0.9055953025817872
Q6PAT0_Q9WVS7,0.00218,0.012968,0.015949,0.14017130434513092,0.0004098869685549,0.0634243562817573
Q9CSN1_Q61337,0.015464,0.012931,0.016022,0.3762582838535309,0.0029957571532577,0.000182231029612
Q8VI33_P47741,0.0021969,0.013019,0.015921,0.2297876626253128,0.0002570569340605,0.0001801847975002
Q62073_Q99K90,0.41914,0.014703,0.016692,0.01690807193517685,0.0050947614945471,0.0001920921058626
Q9R1P4_P60605,0.0021777,0.013535,0.015897,0.006530976854264736,0.000264341419097,0.0067798518575727
P47911_P63073,0.0021941,0.012948,0.015928,0.036001723259687424,0.0002922798448707,0.4893534779548645
Q8CBW3_P97459,0.0022687,0.013027,0.016071,0.238827183842659,0.0005285174702294,0.8390085697174072
P70338_Q80US8,0.0092221,0.013032,0.019222,0.18205516040325165,0.0249923840165138,0.0010340622393414
P60122_Q9WTM5,0.98273,0.013771,0.05093,0.01278501097112894,0.99902606010437,0.0803841277956962
O88597_P10417,0.0021981,0.012921,0.015891,0.13705162703990936,0.0002872073673643,0.437843918800354
A2RTH0_P01679,0.0023231,0.016699,0.020488,0.32511788606643677,0.9842368364334106,0.0079228300601243
P63011_Q9QZ06,0.0021965,0.015068,0.016092,0.018519984558224678,0.9975445866584778,0.0016387157374992
P49718_P00397,0.0022034,0.013063,0.016345,0.05300012603402138,0.000221063484787,0.0101368445903062
P35330_O55222,0.0021893,0.013069,0.016851,0.20007368922233582,0.0011343100341036,0.0990702807903289
Q62192_Q8VDU0,0.0021818,0.013382,0.015928,0.5230814218521118,0.001240765908733,0.0038061966188251
Q31099_P27659,0.0022136,0.012988,0.015882,0.036434341222047806,0.0002357823686907,0.0001817583106458
P40764_P01739,0.0022128,0.026888,0.016046,0.26615360379219055,0.0006987769156694,0.0049521261826157
Q62312_Q9D9I1,0.0022162,0.012949,0.016022,0.0013377232244238257,0.0009915493428707,0.0016956586623564
Q9WU38_Q6PAT0,0.0022238,0.01294,0.015955,0.09576147049665451,0.0002380055666435,0.5320578217506409
P63166_Q505F1,0.0031828,0.012976,0.017259,0.08429436385631561,0.0044002966023981,0.0008177719428204
Q64028_Q61249,0.0021918,0.012943,0.015907,0.1291128695011139,0.0062210652977228,0.3644172251224518
Q9Z2U1_Q9WTL8,0.0021949,0.013242,0.015918,0.2705661654472351,0.0002762303047347,0.0013183784903958
P30280_Q60876,0.0021944,0.012978,0.01599,0.061408963054418564,0.00041529716691,0.0002752334403339
Q9QUI0_Q9JHD1,0.0023308,0.013669,0.016139,0.08965998142957687,0.0094122244045138,0.0007879004697315
Q9EPC1_Q99JY1,0.0021845,0.012961,0.01618,0.1283579021692276,0.0081561980769038,0.1322753280401229
Q9WU38_Q07440,0.0022028,0.012925,0.01593,0.15947599709033966,0.0002774314780253,0.0114682829007506
Q6DIA7_Q08369,0.0025184,0.013859,0.01602,0.021667929366230965,0.0572946965694427,0.0014131112257018
P49722_P70662,0.0021713,0.012926,0.015897,0.027940306812524796,0.000392210407881,0.1671490669250488
Q6ZWS8_Q63739,0.0021773,0.012975,0.016383,0.10392844676971436,0.9985894560813904,0.0072853146120905
O35683_Q9CR88,0.002393,0.012928,0.015881,0.00481471698731184,0.0018509068759158,0.0004168926971033
Q5R1F5_P60879,0.0022029,0.013004,0.015918,0.007447805255651474,0.0005635727429762,0.0583541430532932
P01878_P63328,0.0021714,0.013044,0.015983,0.1311134696006775,0.00377983530052,0.0080630518496036
O35226_P09632,0.0042338,0.013106,0.016526,0.004378911107778549,0.0006640873616561,0.006353098899126
Q3UYI6_P48437,0.0022029,0.013067,0.01607,0.006598739884793758,0.002287361305207,0.0003447948547545
P28741_P70188,0.0022925,0.015052,0.017903,0.03284868225455284,0.0060051069594919,0.0002125695027643
P04214_Q8CDT5,0.0022188,0.013088,0.016098,0.022151492536067963,0.001522232312709,0.0014287354424595
P63280_P04426,0.0021768,0.012996,0.015915,0.1711571216583252,0.0002301825588801,0.97183096408844
P06537_P27467,0.0021729,0.012996,0.016067,0.12964984774589539,0.0004339087463449,0.0125380055978894
P05532_P40336,0.0021977,0.012966,0.016161,0.3564636707305908,0.000541713903658,0.0326462090015411
P62983_Q9Z0W1,0.0021868,0.013027,0.015907,0.15075519680976868,0.0002331456344109,0.0177333336323499
P28741_Q04863,0.0022589,0.013251,0.016006,0.018924981355667114,0.0221269614994525,0.0010323643218725
Q9D125_Q9JIE6,0.002208,0.012936,0.015952,0.1390770524740219,0.0003565759107004,0.0009656740003265
P61161_Q9WUL5,0.0021919,0.013079,0.015876,0.01144733838737011,0.0004791360115632,0.0089254304766654
Q60760_Q9EQS3,0.0022584,0.012948,0.015903,0.039344027638435364,0.003290390362963,0.0013465302763506
Q99L88_Q9WTX5,0.0021707,0.012939,0.016056,0.004351005423814058,0.000379962963052,0.02991140820086
Q62277_Q9Z2U1,0.0023003,0.012928,0.015893,0.1335751861333847,0.0002197626017732,0.1296713799238205
Q9JHJ3_P31938,0.0021868,0.013009,0.01591,0.5883585810661316,0.0003197972546331,0.2230858951807022
A0A087WRI3_Q99ME6,0.0022108,0.012922,0.01593,0.005371729843318462,0.0006906823255121,0.000162710333825
P62245_Q9CQP2,0.002191,0.012926,0.015888,0.004182980861514807,0.0002362689119763,0.0009382464922964
O70174_Q9D032,0.0021885,0.013191,0.015913,0.14926165342330933,0.0003802198916673,0.1445063054561615
Q9D2R8_Q924H2,0.0021753,0.012926,0.015895,0.0061028157360851765,0.0052377060055732,0.0008249913807958
P61205_O70439,0.0022302,0.01306,0.015894,0.016243884339928627,0.0009385576704517,0.0004170352476648
Q8CDU5_Q9JJV2,0.0021764,0.01293,0.015977,0.24047236144542694,0.0194620192050933,0.0003510357928462
Q9D855_P20109,0.0024454,0.012928,0.017258,0.11306802183389664,0.0002739347110036,0.0004958293866366
Q5EE38_Q9D7W5,0.0022227,0.013032,0.015951,0.04908211529254913,0.0969578176736831,0.0017211491940543
P09631_Q60954,0.50821,0.029261,0.017165,0.22423869371414185,0.9987834095954896,0.0104806115850806
Q8C2B3_Q8VDU0,0.22652,0.015283,0.023337,0.5318142771720886,0.9941216111183168,0.00089666119311
Q8C437_P01808,0.0022216,0.014433,0.016029,0.008409008383750916,0.0071722385473549,0.0026286907959729
Q9QUM9_P70191,0.0021765,0.012944,0.015889,0.08852936327457428,0.0002036138466792,0.0008407094865106
P29754_P59114,0.0022206,0.013007,0.015916,0.24257339537143707,0.0005006290157325,0.9689756035804749
Q9JI44_A6H6Q4,0.0022097,0.012922,0.015938,0.18206621706485748,0.0018883168231695,0.0024981105234473
Q99N57_Q9ER88,0.0021966,0.013005,0.016216,0.04971829429268837,0.0012718494981527,0.0704656243324279
O88653_Q2VPU4,0.0021829,0.012955,0.015953,0.001990894554182887,0.000551423872821,0.0002681428450159
Q9DC37_Q9CSN1,0.002179,0.012974,0.015898,0.2994674742221832,0.0003226225380785,0.0054813954047858
Q60598_P39429,0.0022378,0.013223,0.016171,0.005512668751180172,0.0005659247399307,0.0003453055396676
P16092_Q8C180,0.00513,0.013029,0.016995,0.08564771711826324,0.0016712713986635,0.0055593675933778
Q61127_Q9CQI9,0.0022889,0.012949,0.015996,0.1325085610151291,0.9198017120361328,0.0283262301236391
Q08024_Q9D485,0.0022539,0.013108,0.016093,0.2525407671928406,0.0040303161367774,0.1582022756338119
Q9D9B8_P26043,0.0021847,0.013347,0.015945,0.260098397731781,0.0020973733626306,0.0002782810188364
Q8C437_Q64329,0.0021969,0.013153,0.015976,0.4627707302570343,0.0003516046563163,0.0037023369222879
Q9D8V0_P68373,0.0022212,0.013047,0.015921,0.019423140212893486,0.0005082461284473,0.0003259484947193
Q65ZL8_P27038,0.002513,0.026926,0.086832,0.251420259475708,0.0141354063525795,0.0089184064418077
P62984_Q8R0W6,0.0022198,0.013053,0.015907,0.15833784639835358,0.0003270737361162,0.0002524205483496
Q9WUL5_P50538,0.0021905,0.037289,0.015886,0.0064941649325191975,0.0004895336460322,0.0005900003015995
P48453_Q62108,0.0023151,0.013021,0.092257,0.21216341853141785,0.996242880821228,0.002275452716276
A6H6Q4_P22315,0.002183,0.012922,0.015955,0.2173670381307602,0.0011883112601935,0.0231315921992063
P35330_P15806,0.0021886,0.0141,0.015908,0.03759774565696716,0.0009320732206106,0.003982501104474
P30658_Q3TWN3,0.0022237,0.012973,0.016086,0.049642015248537064,0.0011317930184304,0.0017273804405704
Q8BHJ5_O88513,0.002251,0.013088,0.016213,0.2301512509584427,0.0091399932280182,0.959602952003479
Q8R1I1_P08046,0.0021867,0.013023,0.015889,0.29116910696029663,0.0012979566818103,0.0006558563327416
A6H6Q4_O54918,0.0021968,0.012936,0.016134,0.04779311642050743,0.0031788672786206,0.0006800486007705
P18527_Q9D4K5,0.0022433,0.012995,0.015973,0.031124435365200043,0.0070547102950513,0.0027298969216644
Q99MZ3_Q8C437,0.036262,0.013397,0.016255,0.2126440554857254,0.7171134948730469,0.0045147836208343
P10889_Q9D495,0.0021909,0.01323,0.016071,0.013230868615210056,0.0005146253970451,0.0349827222526073
Q924T2_Q60770,0.0021653,0.012937,0.015922,0.04546298459172249,0.0002141758886864,0.0001825468352762
Q8BG40_Q60591,0.41846,0.013187,0.0234,0.07473433017730713,0.0587494857609272,0.000250490847975
Q9CQZ5_Q9Z0W1,0.0022131,0.016986,0.099431,0.012947391718626022,0.0002876175567507,0.0005500396364368
P63137_P02088,0.0021874,0.014139,0.022949,0.025008900091052055,0.0019289061892777,0.0103652318939566
P24860_P00756,0.0021845,0.013015,0.015987,0.008129294030368328,0.0003343955322634,0.829933762550354
P0CG50_Q8K3W0,0.0021834,0.013212,0.015994,0.1217317059636116,0.0006138447788543,0.0009977738372981
P16858_P61092,0.0021768,0.012978,0.016506,0.0133136548101902,0.0002257854503113,0.0007166925934143
P15116_P48346,0.0022087,0.012936,0.016811,0.13095812499523163,0.0025004749186336,0.0094027733430266
P70188_Q9CPU2,0.0022063,0.013863,0.015886,0.03507025167346001,0.0004981589736416,0.0053482176735997
P68368_P07141,0.0021992,0.013575,0.015907,0.046448662877082825,0.0007265726453624,0.000259314692812
Q9DCA2_Q60629,0.0024231,0.013863,0.017134,0.12323015928268433,0.0002594578836578,0.0007448319811373
P97372_P23812,0.0022196,0.012963,0.015896,0.006092310883104801,0.0028704744763672,0.0301045048981905
Q91YD9_Q61234,0.0021957,0.013122,0.016153,0.021289819851517677,0.0030836863443255,0.0050691454671323
P15307_Q60778,0.0023825,0.01323,0.058954,0.01805749163031578,0.9984997510910034,0.001066543511115
O88951_O88653,0.0022023,0.012945,0.015911,0.24578602612018585,0.0009025214239954,0.0054537989199161
Q80ZS3_Q8BX10,0.0021925,0.026473,0.032505,0.03089805319905281,0.0048424741253256,0.0001708190247882
P04925_Q5F201,0.0022053,0.012976,0.015912,0.16482014954090118,0.0002763702068477,0.0020886538550257
Q9CWR8_B8ZXI1,0.0022047,0.01299,0.015923,0.10342279821634293,0.001662238035351,0.0006540059694088
P00158_P21784,0.0023242,0.012969,0.015862,0.02025720849633217,0.0009623983060009,0.0004191807238385
P25206_P97310,0.056997,0.013039,0.043947,0.010910182259976864,0.0074468427337706,0.0047922958619892
P24604_Q921D4,0.0021684,0.012963,0.015947,0.2821739912033081,0.0080191176384687,0.1331174969673156
P23819_Q6DIA7,0.0021958,0.012965,0.016134,0.4730706512928009,0.0021040134597569,0.0052864965982735
P0DN34_O88384,0.0023513,0.01299,0.015913,0.031081274151802063,0.0003387288888916,0.7298778295516968
O70394_Q31099,0.0044756,0.072389,0.7176,0.33393874764442444,0.9987620115280152,0.0213125552982091
Q99ME6_P01837,0.0021791,0.016084,0.016008,0.004711810499429703,0.0006494162371382,0.855830729007721
Q9CQ75_Q9QXL8,0.002177,0.012923,0.016163,0.01652766577899456,0.0010543731041252,0.0093364818021655
Q9Z2Q6_Q8R0W6,0.0021947,0.012958,0.015915,0.020143935456871986,0.0007362355827353,0.3672448396682739
P26350_P70280,0.0021793,0.012994,0.015952,0.05197050794959068,0.0008009257726371,0.1064587384462356
P22315_Q61102,0.0021969,0.013885,0.31518,0.02377498149871826,0.0011471840552985,0.002124945865944
P48346_P48432,0.0021773,0.012939,0.0159,0.5496844053268433,0.00046344922157,0.0010890004923567
P22366_Q8R4K2,0.0021784,0.012959,0.016025,0.0077588544227182865,0.999052107334137,0.0003841710276901
Q9JI59_Q921E6,0.0022313,0.013085,0.016013,0.11508587002754211,0.0003678924404084,0.0419151522219181
O55029_P28652,0.0022288,0.013186,0.016129,0.004631190560758114,0.0258119963109493,0.0004274239763617
Q61327_Q9JKD8,0.0021916,0.01304,0.015958,0.009451461024582386,0.0014688140945509,0.3428195118904114
O08582_O70274,0.0021832,0.012986,0.016031,0.055038563907146454,0.0017867345595732,0.0006559485336765
Q8BFU0_P03899,0.002298,0.013013,0.015853,0.020543193444609642,0.0002544723101891,0.0022791614755988
Q9R1P0_O89090,0.0021802,0.012964,0.015884,0.0005201547173783183,0.0002828302967827,0.0025359590072184
Q8R4E9_O35226,0.0030769,0.012975,0.016039,0.5303970575332642,0.0064962022006511,0.0015024307649582
Q64339_Q9DC69,0.0022021,0.013417,0.015972,0.4258367717266083,0.0002785496471915,0.1823264360427856
P62869_P98156,0.0022207,0.013003,0.015918,0.26311951875686646,0.001224290463142,0.0001837097515817
P16872_V9GXK1,0.0036171,0.012973,0.021718,0.007918045856058598,0.0006541748298332,0.0169689878821373
O55222_P05132,0.0038205,0.01802,0.26379,0.015324892476201057,0.3530619144439697,0.3520569801330566
P01887_Q2MH31,0.0022471,0.0132,0.016174,0.22769711911678314,0.0009572104318067,0.0187907963991165
O88522_Q9R1P3,0.0022305,0.012985,0.015888,0.09799852967262268,0.0002791637962218,0.0047918818891048
Q99N57_Q80X85,0.002197,0.01303,0.015905,0.29795175790786743,0.0004305630282033,0.0022904814686626
P48168_Q61102,0.0023655,0.015536,0.024862,0.007027389947324991,0.0013091205619275,0.0019694617949426
P23198_Q62318,0.0022017,0.012967,0.015933,0.0003246041596867144,0.0019710417836904,0.0008441591635346
Q9R1P1_P35991,0.0021902,0.012955,0.01594,0.21567751467227936,0.0002055245568044,0.0049730404280126
P05977_P63073,0.0021996,0.013113,0.016896,0.03323742374777794,0.0005031532491557,0.0134017104282975
P09405_P46935,0.0023252,0.01295,0.016517,0.06549298763275146,0.0006686364067718,0.0482249967753887
Q60825_Q99MJ6,0.0021844,0.012946,0.017329,0.009052624925971031,0.0004365669738035,0.0039428966119885
Q04207_P03966,0.0089037,0.013029,0.016154,0.13078469038009644,0.0322139337658882,0.0005512328352779
Q9DBC7_Q91WQ5,0.0021842,0.013013,0.016005,0.4538626968860626,0.0027858791872859,0.0127843851223587
P35922_Q9WVR4,0.012735,0.01303,0.016589,0.12846140563488007,0.0590604096651077,9.79703982011415e-05
Q01853_P04224,0.002189,0.013213,0.015889,0.007240954786539078,0.0003261545498389,0.1613172441720962
Q63739_P15530,0.0021878,0.013022,0.016312,0.47360336780548096,0.0004762045864481,0.4489965140819549
Q9EPB4_Q62314,0.0021887,0.012968,0.015878,0.04426100477576256,0.0304980110377073,0.0151464408263564
P35456_P14869,0.0022164,0.012971,0.015901,0.09374363720417023,0.0002091764763463,0.0640872195363044
P05627_P01878,0.0021894,0.17171,0.015893,0.03358127921819687,0.0008473484776914,0.1248672530055046
P14719_Q9DC71,0.0022081,0.071617,0.13278,0.003932488616555929,0.0003362098068464,0.0225748978555202
P48346_P06804,0.002206,0.012945,0.016071,0.041675813496112823,0.0010362752946093,0.0060255546122789
P51141_P51945,0.002176,0.01293,0.015893,0.00430796155706048,0.0067662699148058,0.1694496721029281
Q91YE7_Q14C51,0.0021863,0.01327,0.01641,0.09132290631532669,0.0006154375732876,0.0097601870074868
P70326_P37238,0.024258,0.013018,0.016527,0.04841127246618271,0.0410681255161762,0.0017046713037416
O88703_Q6ZWY9,0.0021913,0.013076,0.079317,0.11699412763118744,0.0004454293521121,0.0312751792371273
P23242_Q9JIK5,0.0022056,0.012958,0.015969,0.03794443979859352,0.0003294757625553,0.0015011065406724
Q8R464_O09108,0.0030747,0.03389,0.21855,0.06622830033302307,0.9976835250854492,0.0010871787089854
Q18PE0_Q059U7,0.025577,0.013187,0.025576,0.012993333861231804,0.020385805517435,0.0456888824701309
Q62083_P43432,0.0022181,0.012929,0.016027,0.2545910179615021,0.0004391137626953,0.0004129604785703
P97310_Q03347,0.022471,0.013024,0.015997,0.03747278451919556,0.0031865930650383,0.0010762274032458
P70347_Q8VIG3,0.0022157,0.012953,0.015976,0.2707473635673523,0.0331754647195339,0.0008221723837777
Q61553_O70435,0.0022073,0.012921,0.015894,0.0018482903251424432,0.0002544439339544,0.0218947567045688
P06869_P23819,0.0024806,0.015878,0.018091,0.0015879166312515736,0.76419597864151,0.0718373209238052
Q8C669_Q921E6,0.0022365,0.012993,0.017907,0.352675199508667,0.0013687895843759,0.0003838858392555
O70570_Q9D8V0,0.0023712,0.012979,0.015914,0.09806451201438904,0.0027900417335331,0.2382743656635284
P52293_Q60665,0.0023278,0.013725,0.064166,0.00083433702820912,0.997702181339264,0.0064175222069025
P41105_Q922G7,0.0021856,0.012921,0.015912,0.01721491478383541,0.0002985607134178,0.0007132441969588
Q60787_P70662,0.7205,0.012937,0.016005,0.04372349753975868,0.9981197714805604,0.4322800040245056
Q9D131_Q9D6J6,0.0022365,0.012957,0.01659,0.014297965914011002,0.0002626679488457,0.0017181410221382
Q64339_Q3TTA7,0.0033281,0.013095,0.016078,0.01853841170668602,0.006668428890407,0.0002539708511903
P10417_P21784,0.0022066,0.012934,0.015924,0.10716210305690765,0.0009356223745271,0.0001325180201092
O88643_Q61234,0.0022247,0.013025,0.023621,0.07234691828489304,0.0065268264152109,0.0144733833149075
Q61140_Q64010,0.0022367,0.013426,0.027149,0.23595812916755676,0.997435748577118,0.3874234855175018
P18654_P63085,0.013135,0.055346,0.18809,0.013056349009275436,0.9980335831642152,0.0023731568362563
P30051_Q9CQA5,0.045651,0.012964,0.015922,0.37874364852905273,0.002472013933584,0.000728971674107
P49710_Q9R207,0.0025375,0.013007,0.016195,0.36359721422195435,0.0059993830509483,0.8520514965057373
B5KM66_Q9CR88,0.0022429,0.012935,0.015895,0.014915483072400093,0.0002478068345226,0.0005663637421093
O88685_Q8JZM6,0.0022219,0.012946,0.015898,0.22514061629772186,0.0007776586571708,0.0029717204160988
O08675_P18181,0.0029317,0.029087,0.16221,0.008074603974819183,0.8596654534339905,0.0742758810520172
P22682_Q60631,0.0021873,0.013046,0.017218,0.17268705368041992,0.0012812316417694,0.0146886371076107
O88447_P70671,0.0021781,0.013365,0.015939,0.31696563959121704,0.0011594544630497,0.000173340391484
Q2VPU4_Q7TS55,0.002184,0.012964,0.015925,0.3655928373336792,0.0004210328916087,0.0004908199771307
Q6ZQ88_Q9D8B7,0.002207,0.012968,0.015915,0.36188989877700806,0.0003687435819301,0.0022260625846683
O70469_Q7TQF7,0.0024988,0.013577,0.016065,0.0398574024438858,0.0074086501263082,0.1534233391284942
P97792_Q8VDU0,0.046128,0.014691,0.016089,0.2848367393016815,0.0039901323616504,0.0002799909270834
O09106_Q8VI24,0.0021783,0.012995,0.015963,0.1427811086177826,0.0003372450883034,0.0054774223826825
Q8BJZ4_P01849,0.0022279,0.013001,0.016401,0.029518015682697296,0.0003383129078429,0.0022476161830127
Q6PF93_Q8K245,0.0023127,0.013034,0.016137,0.15073919296264648,0.009288596920669,0.016057638451457
Q9CZY3_P16872,0.0021731,0.012974,0.015986,0.0395406149327755,0.0005203649634495,0.001424245070666
P33242_P70280,0.002197,0.013021,0.018339,0.061519455164670944,0.0010878635803237,0.0010215732036158
Q99N28_Q9JM73,0.002186,0.013272,0.015912,0.2488626390695572,0.0032154496293514,0.0001883057557279
P01872_Q60598,0.0021723,0.013041,0.015887,0.0303203035145998,0.0007020392804406,0.0438061133027076
P28652_Q9CQ39,0.0021896,0.01296,0.015939,0.12192589789628983,0.0003790398477576,0.3670238554477691
Q9Z0W1_Q91YE7,0.0021881,0.012995,0.015933,0.10362141579389572,0.0006703160470351,0.0006915780249983
P01865_P98156,0.0025815,0.02134,0.025964,0.014571762643754482,0.0086087491363286,0.08011145144701
Q62318_O55013,0.0021889,0.013018,0.015904,0.41658470034599304,0.0007629882893525,0.0099891703575849
Q9D2R8_Q9CPP6,0.0022617,0.012927,0.015909,0.024562932550907135,0.6709505319595337,0.0007175474893301
Q60838_Q99J95,0.0039154,0.013064,0.023591,0.05378643795847893,0.1085706502199173,0.0007970169535838
P62962_Q9Z0G0,0.0021933,0.012939,0.015923,0.042624253779649734,0.0006107517983764,0.0090732658281922
Q61391_P25118,0.0022456,0.013027,0.01607,0.039473388344049454,0.0038306601345539,0.2451887130737304
Q61127_Q61457,0.0027575,0.012941,0.016303,0.014471568167209625,0.0220936238765716,0.0030136497225612
Q3UXZ6_Q61216,0.0021882,0.012982,0.015909,0.04344312101602554,0.0016701873391866,0.0051868627779185
Q9CQT6_Q9Z248,0.0021911,0.013074,0.015925,0.03126516193151474,0.0050810514949262,0.0003055594861507
Q9R0X0_Q64281,0.0021986,0.012947,0.015898,0.3003505766391754,0.0002357772173127,0.0214109383523464
Q6ZWV3_P48025,0.0021807,0.012951,0.015927,0.4320845901966095,0.0002965347084682,0.0432609878480434
P62984_Q9WVS6,0.068666,0.016099,0.56282,0.07586498558521271,0.9981753826141356,0.0007764098700135
Q8R0W1_P42225,0.0028908,0.01399,0.016341,0.20576296746730804,0.0012826718157157,0.0005121202557347
P35991_Q059U7,0.0022091,0.013073,0.017017,0.03324476256966591,0.0126243541017174,0.064304806292057
Q9ERR1_P24604,0.0024782,0.013023,0.016515,0.2853081524372101,0.0114813670516014,0.0059252916835248
P70441_P48025,0.0026662,0.012996,0.036815,0.18586955964565277,0.3028014898300171,0.0285114888101816
O54709_P03921,0.0057448,0.013043,0.015876,0.046680692583322525,0.0002205804776167,0.6217167973518372
Q80UL9_P23198,0.0021894,0.012975,0.015902,0.27507880330085754,0.0007870446424931,0.8796049952507019
Q8VCW4_P01731,0.0024074,0.013669,0.029608,0.1388203501701355,0.0031802225857973,0.9597152471542358
P48025_Q61045,0.0023807,0.01308,0.018504,0.011736013926565647,0.0043165194801986,0.1434689611196518
Q02067_Q9JMA2,0.0021894,0.013195,0.015911,0.25383511185646057,0.0003409482014831,0.0019159393850713
Q5NCF2_P35991,0.0022216,0.013009,0.016107,0.13632456958293915,0.0005285229417495,0.9186732769012452
P62305_Q5EE38,0.0021751,0.01299,0.015994,0.12452486902475357,0.0014841095544397,0.0002604504988994
P42228_Q9EPL2,0.0022249,0.012942,0.019829,0.2618643045425415,0.0005249265232123,0.3588672578334808
P15314_Q04207,0.0027386,0.012949,0.016049,0.1866280436515808,0.1494058072566986,0.0003228828427381
P50538_Q571K4,0.0038309,0.013215,0.015954,0.11285155266523361,0.0008181729353964,0.0004657912941183
Q61216_Q8R1R4,0.0021761,0.012948,0.016083,0.2964826822280884,0.0007503943634219,0.0005780269857496
Q9DA80_P31324,0.0022723,0.012967,0.015949,0.026837749406695366,0.0128796827048063,0.0382556542754173
Q9CXZ1_O08795,0.0022069,0.084919,0.39507,0.030859436839818954,0.0003635717148426,0.0002961939317174
Q3V3N7_Q8C1Z7,0.0022186,0.014075,0.01694,0.0015189319383352995,0.0131261935457587,0.0084588741883635
Q9EPB4_P70696,0.0022095,0.012979,0.015989,0.030676843598484993,0.0004741423472296,0.0025295251980423
P23798_Q9QXV1,0.0022061,0.013048,0.016094,0.1563364863395691,0.0038823646027594,0.0039805946871638
Q61584_Q9CR61,0.0021823,0.012941,0.015902,0.1275215893983841,0.0032460915390402,0.1293394118547439
A0JLY1_E9Q9F6,0.002196,0.013129,0.015911,0.05544266477227211,0.0010171283502131,0.015750803053379
A0A087WRI3_P19253,0.0022102,0.012939,0.030421,0.27674469351768494,0.0008480402175337,0.0017371525755152
P49710_P01139,0.0022009,0.01303,0.015928,0.2552291750907898,0.0003822401631623,0.0008195048430934
Q5NCF2_Q9R0P9,0.0021779,0.013033,0.016111,0.004469952080398798,0.0002597888524178,0.0037506178487092
Q99L88_P33896,0.00229,0.012994,0.017598,0.005788267124444246,0.001689379219897,0.0024966078344732
P62911_O08665,0.0022057,0.012935,0.015946,0.29524117708206177,0.0002329327835468,0.0042413314804434
P05977_Q9JIY5,0.0021948,0.013054,0.015928,0.06745965778827667,0.0002885437279473,0.0026457565836608
B2RSH2_Q62108,0.0023488,0.013173,0.017165,0.2241467982530594,0.9728193879127502,0.0002696649753488
Q9R1S0_Q61501,0.0021997,0.012978,0.016084,0.16843385994434357,0.0004120779922232,0.0022550411522388
P24604_Q99JB4,0.0023396,0.013194,0.016985,0.010018441826105118,0.0008197964634746,0.0007834570715203
Q9EPC1_Q8R0W1,0.0022812,0.012996,0.016059,0.04951535165309906,0.0078330906108021,0.0018587134545668
P58801_Q9DBL9,0.0022136,0.012979,0.016019,0.004753660876303911,0.0072503397241234,0.0200858805328607
O55126_P0CG50,0.0021788,0.01315,0.015905,0.2734105885028839,0.0005020769895054,0.0010654324432834
P15105_Q62108,0.0021715,0.012941,0.015905,0.031775034964084625,0.0004004711518064,0.0002145593316527
P18526_Q9R0X0,0.0022348,0.012968,0.015884,0.0971313938498497,0.0017725146608427,0.0016531660221517
P47713_P61080,0.0021839,0.013062,0.015903,0.019064484164118767,0.002705889288336,0.0786396712064743
P07750_Q60787,0.0021752,0.012941,0.015911,0.3540138900279999,0.0003072455874644,0.001159637235105
P05480_P17182,0.0022091,0.013079,0.015945,0.0022384971380233765,0.0005489936447702,0.0053110388107597
Q9ES57_Q9D2R8,0.0021986,0.012951,0.015885,0.010279652662575245,0.0003783468855544,0.6639896035194397
P15314_P42866,0.0042793,0.013076,0.015922,0.0349455326795578,0.0003395271196495,0.0072686490602791
O70435_P12970,0.0021769,0.012945,0.015918,0.1035911962389946,0.0002785804681479,0.0075194942764937
Q99PI8_O08675,0.002456,0.016552,0.29754,0.3580085337162018,0.0030859226826578,0.00022441445617
P09542_P97459,0.013337,0.01328,0.01591,0.08088570088148117,0.0006117544253356,0.6497756242752075
P42669_P97864,0.0021888,0.012966,0.015937,0.2099948227405548,0.885101318359375,0.0007493078592233
P62192_Q9ES46,0.0022216,0.013047,0.015956,0.0021087764762341976,0.0068173361942172,0.0111533403396606
P35922_P18532,0.0022008,0.013038,0.015951,0.5574026107788086,0.0007588262669742,0.0033184750936925
O35615_Q8R0L9,0.002251,0.012941,0.016064,0.08465690165758133,0.0020719612948596,0.0003583373618312
O35717_Q9EPC1,0.0021763,0.012979,0.016149,0.08077280968427658,0.0254461336880922,0.0004132225294597
P63085_Q9ERI2,0.015696,0.019089,0.030583,0.3134377896785736,0.0045533892698585,0.0996170341968536
P40226_Q99MZ3,0.0030705,0.013207,0.016025,0.3071051836013794,0.0008906896109692,0.0055437278933823
Q61699_Q62073,0.0027833,0.01306,0.016098,0.40455952286720276,0.0044799018651247,0.0003273198672104
P29754_P28741,0.0027884,0.014349,0.019444,0.008460886776447296,0.0005260953330434,0.0021438163239508
Q8CDI2_Q03157,0.0023239,0.013024,0.016762,0.3584856688976288,0.0010925979586318,0.000500343972817
Q8VCS6_Q7TMF3,0.002329,0.012941,0.015914,0.12535740435123444,0.0081555470824241,0.0199597254395484
Q9JJX7_P61080,0.002201,0.013201,0.015904,0.0845612958073616,0.0015714196488261,0.0187259148806333
Q9CQI9_Q9D415,0.0022695,0.012937,0.01594,0.009975919499993324,0.0097700636833906,0.0017267523799091
Q60954_Q9JIK9,0.0021821,0.01293,0.01603,0.29528987407684326,0.0163302905857563,0.0141462078317999
Q8R0W6_P47713,0.0022149,0.012979,0.0159,0.24710780382156372,0.0004791483224835,0.0063288919627666
Q9CPR8_Q9CQP2,0.0021825,0.012937,0.015889,0.1411174237728119,0.013351485133171,0.1277163177728653
Q9D6K5_Q99ME6,0.0023284,0.012937,0.016327,0.1895895153284073,0.0009192728903144,0.0002211450482718
P03966_Q99K90,0.43424,0.013103,0.015985,0.013208015821874142,0.0007822623592801,0.0870736092329025
Q9CQA6_Q60760,0.0021843,0.012947,0.015977,0.02470250241458416,0.0003776021185331,0.4041849374771118
Q99ME6_O35618,0.0021839,0.012941,0.015975,0.0012984953355044127,0.0007180875982157,0.0488528273999691
O08686_Q01147,0.013243,0.013058,0.01595,0.04082215577363968,0.002656846307218,0.0156111391261219
P23812_P06344,0.002197,0.014154,0.016146,0.2142999768257141,0.0003652435552794,0.114403910934925
O35864_P46414,0.0021888,0.012925,0.015937,0.0023210172075778246,0.0174906011670827,0.0037822418380528
P48453_Q63934,0.0022509,0.01309,0.043968,0.24108712375164032,0.0299119129776954,0.0002316601312486
Q9CQ39_Q8VE22,0.0022133,0.012928,0.015889,0.4470898509025574,0.0007661347044631,0.054327767342329
P00756_Q69Z66,0.0022037,0.013005,0.01592,0.2700116038322449,0.000363080878742,0.0030230584088712
Q9D8E6_Q99N87,0.0021926,0.01321,0.017114,0.004093964118510485,0.0056407400406897,0.0008829432190395
Q59J78_O54714,0.0022263,0.012966,0.015917,0.33194500207901,0.0016168185975402,0.0005895632784813
Q9CQ20_Q04211,0.0022272,0.012925,0.015974,0.21636825799942017,0.0080342972651124,0.0006081121391616
P40336_P46061,0.0021751,0.01293,0.015991,0.13975189626216888,0.1033832505345344,0.0194563288241624
Q8R4I1_Q924H2,0.028461,0.013103,0.016183,0.39124757051467896,0.0073055713437497,0.001110951998271
P70444_P15535,0.0021769,0.012935,0.015919,0.2886643409729004,0.0013555635232478,0.0018193811411038
Q8CFA1_P08046,0.0050525,0.013116,0.016721,0.09810417145490646,0.0181597284972667,0.9208657145500184
P63328_Q63943,0.049584,0.013042,0.018647,0.05882793664932251,0.0071460464969277,0.4526861608028412
Q8K214_P41183,0.0083326,0.012977,0.018972,0.021126948297023773,0.0053018471226096,0.0250831693410873
P56393_Q9DAS2,0.0023644,0.014013,0.02074,0.04422340169548988,0.0037641457747668,0.004395427647978
Q61045_P15209,0.0022433,0.01312,0.018003,0.2047015279531479,0.0002603263710625,0.137686014175415
Q61884_Q8BHJ5,0.002183,0.013058,0.016726,0.41540980339050293,0.1903894990682602,0.0078927157446742
Q6X6Z7_P23804,0.002382,0.013004,0.015922,0.03447244316339493,0.0009302057442255,0.011565838009119
Q9WU39_Q9CVB6,0.0021993,0.012918,0.015899,0.0887189507484436,0.0012090817326679,0.000453284883406
Q62108_Q9QZE5,0.0022227,0.01328,0.016666,0.009787138551473618,0.0038313625846058,0.0207361243665218
P15247_P01864,0.0022513,0.013298,0.017397,0.05388907715678215,0.0309384334832429,0.0018431433709338
Q149S1_Q9CQJ4,0.0022672,0.013084,0.015915,0.08520036190748215,0.0007121849921531,0.0013939442578703
Q9QUI0_P51667,0.0023892,0.014331,0.018076,0.14585867524147034,0.0013724954333156,0.0039714942686259
O88188_P0DP43,0.0021883,0.020967,0.02604,0.029903199523687363,0.0084378318861126,0.0027758225332945
Q60692_Q9JJY9,0.0022107,0.021485,0.058299,0.00936139840632677,0.0002471074694767,0.0002599969739094
Q8CIB5_Q8K4G5,0.53807,0.012998,0.016106,0.21151098608970642,0.0209279768168926,0.0058138184249401
Q8R0W6_P60867,0.0022158,0.012949,0.01589,0.02707854099571705,0.0002473606728017,0.0229161046445369
P03899_Q9Z138,0.0025265,0.013104,0.015857,0.04102599248290062,0.0003563766076695,0.0180319715291261
Q9D3X8_P97372,0.0022178,0.012936,0.015916,0.04063238948583603,0.0022259494289755,0.0004416019655764
O55234_P27870,0.0021892,0.012952,0.015952,0.14288653433322906,0.0002036431687884,0.2135605216026306
Q61730_P47941,0.0021819,0.013002,0.015961,0.01320846937596798,0.0006327640730887,0.009303324855864
Q6P8X9_P09632,0.0022988,0.012976,0.015979,0.10917005687952042,0.012559175491333,0.6764326691627502
O88508_P24610,0.002305,0.013011,0.016069,0.16486704349517822,0.0109231676906347,0.1805332750082016
O08543_P70175,0.0021966,0.012952,0.015967,0.03638938069343567,0.0011094021610915,0.0011670959647744
Q99MZ3_Q99N28,0.0021975,0.014607,0.015946,0.031069817021489143,0.000439300056314,0.0007250419585034
P35438_P18525,0.00561,0.038698,0.024985,0.25928860902786255,0.9964082837104796,0.0025747444014996
P02340_Q9JHL1,0.0022063,0.013047,0.019001,0.01522207260131836,0.0091798258945345,0.0008631598902866
P28741_Q61771,0.80478,0.61317,0.020879,0.004078439902514219,0.99898761510849,0.2336205095052719
A0A5E3_A0A0M3KL48,0.88034,0.73021,0.09196,0.023848606273531914,0.0043268632143735,0.0004150583117734
Q63934_P70347,0.0023056,0.013035,0.015946,0.15588995814323425,0.0031645151320844,0.0126581182703375
P58801_Q9WV86,0.0023089,0.013088,0.018851,0.1704496443271637,0.002341560088098,0.5004264116287231
Q61539_Q99N87,0.0021923,0.013369,0.016683,0.08398143947124481,0.0004891486023552,0.1702547967433929
P01821_A0A2R8VHF7,0.0023408,0.013963,0.021047,0.0061390697956085205,0.002535635838285,0.0003808799374382
P15806_Q9D0B8,0.0035837,0.01305,0.015948,0.2396707385778427,0.0040375213138759,0.0122125092893838
Q9R194_O70439,0.0022738,0.01296,0.015944,0.07110264152288437,0.0002432634501019,0.0010148629080504
Q6P3B9_P83917,0.0021789,0.012937,0.01597,0.0924811065196991,0.005172736942768,0.0612120293080806
Q32NY4_Q9CPX8,0.0037342,0.013127,0.017241,0.035723984241485596,0.0003050591039936,0.0009088849765248
Q99P58_Q8C6B2,0.0039958,0.013339,0.016575,0.043405577540397644,0.9975408315658568,0.0005217473953962
P06332_Q6QLQ4,0.0022623,0.014955,0.035568,0.0035961319226771593,0.0093223080039024,0.0017870569135993
Q9DCS9_P09542,0.0022253,0.013108,0.015921,0.14392879605293274,0.0004534311592578,0.0003085771459154
P33242_Q9JHD2,0.002221,0.013021,0.016578,0.15002551674842834,0.0093450509011745,0.000255809049122
P50752_P25233,0.0022115,0.012925,0.015957,0.343507319688797,0.0049925297498703,0.0001720479194773
P07901_P22723,0.0021825,0.012937,0.015924,0.26608946919441223,0.0003000168071594,0.2246909141540527
P18529_Q9CWR8,0.00224,0.013761,0.091038,0.019884783774614334,0.0080708162859082,0.0027906706091016
Q9QWH1_Q9R0Q1,0.0026953,0.013009,0.016984,0.01935901679098606,0.006879964377731,0.0007202241104096
P13405_Q08775,0.77734,0.013005,0.016007,0.01609443873167038,0.0095033682882785,0.0103913256898522
P61979_P30280,0.0021747,0.013004,0.017264,0.13048455119132996,0.9982479810714722,0.000459918170236
O70589_Q62170,0.0022114,0.012993,0.015987,0.09763115644454956,0.0004446047532837,0.4462223052978515
P70362_P01648,0.0021917,0.012959,0.015888,0.18040719628334045,0.0004405697109177,0.000215631123865
P09021_Q9Z138,0.43165,0.013218,0.025848,0.34050777554512024,0.0008976099779829,0.0029229533392935
Q61501_P48025,0.0030408,0.013029,0.017103,0.42120257019996643,0.0025110763963311,0.0091333063319325
A6H6Q4_Q9R109,0.0021964,0.012922,0.015984,0.004256294574588537,0.0576051101088523,0.0988145098090171
P29452_Q5XJY5,0.0021804,0.012961,0.01594,0.003914539236575365,0.0014444084372371,0.0003732650366146
Q99MH5_O35955,0.0021743,0.012924,0.015906,0.413850873708725,0.0002981016587,0.0199164673686027
P49138_Q9CXU1,0.0022013,0.012979,0.016012,0.05100177228450775,0.0005694436840713,0.0077345240861177
P01739_Q9JIQ3,0.0022335,0.66598,0.26493,0.2526872456073761,0.0013719825074076,0.0662546828389167
P52927_Q6PGF3,0.0022159,0.013022,0.019285,0.20731085538864136,0.0218911841511726,0.0002414919144939
Q8BVZ5_Q61686,0.0021831,0.012936,0.015935,0.01761561632156372,0.0004155969945713,0.0206064917147159
A2A825_P16872,0.0022023,0.013026,0.016037,0.015518627129495144,0.0003140790213365,0.0041180681437253
P35235_P97484,0.0023569,0.013051,0.0161,0.007242158520966768,0.001054061227478,0.7524245977401733
P14206_P04426,0.0021897,0.012964,0.015913,0.09054301679134369,0.0002142674056813,0.361754447221756
J3QMY9_Q0VBL6,0.11314,0.013009,0.02068,0.5434096455574036,0.0008392811287194,0.0637589693069458
P04187_P70677,0.0022399,0.013988,0.027133,0.013647440820932388,0.003678435459733,0.0633131861686706
Q9DAU1_P12023,0.0022008,0.045262,0.10399,0.004367000889033079,0.0021486703772097,0.0198923908174037
C0HKE3_P98084,0.0039408,0.012958,0.1844,0.6110658645629883,0.0012474730610847,0.0004274233942851
P46938_P51667,0.0021803,0.013208,0.015923,0.22892138361930847,0.0253219194710254,0.0003368859470356
Q8VEA4_Q8VCF0,0.0021733,0.012967,0.016008,0.045513223856687546,0.0005098434630781,0.0043198699131608
Q99LC3_P61809,0.0021714,0.013173,0.01697,0.25034862756729126,0.0010710994247347,0.0272281784564256
Q61686_Q62318,0.0021909,0.012973,0.015947,0.20734122395515442,0.0019002895569428,0.302835613489151
E9Q9F6_P62315,0.0022094,0.012953,0.015882,0.03797529265284538,0.0007519091013818,0.0217069610953331
Q8R0W6_Q60665,0.0022014,0.012961,0.0159,0.24241891503334045,0.0052725812420248,0.8249275088310242
Q9EQH3_Q6ZWS8,0.002174,0.013056,0.016612,0.053972888737916946,0.0053509324789047,0.1431661546230316
Q62073_Q8CF89,0.0034009,0.01301,0.018265,0.04378547519445419,0.9948588609695436,0.0005435404018498
Q9CQ69_Q80W99,0.0023039,0.012954,0.016056,0.21778787672519684,0.0003005919861607,0.0008279233588837
P60605_P52189,0.0022052,0.013098,0.015996,0.004382946062833071,0.0006235541659407,0.004170642234385
P35831_P97814,0.0025257,0.012958,0.01612,0.3180027902126312,0.0520367100834846,0.000910121074412
Q9EQS3_P08113,0.0022965,0.012948,0.015933,0.010470271110534668,0.0004987248103134,0.0488493144512176
P07141_P70696,0.0021955,0.013129,0.015933,0.01041035819798708,0.0003740246465895,0.2988944947719574
O09111_P22723,0.0023132,0.34358,0.19711,0.003805580548942089,0.000306044035824,0.0467834956943988
Q80WQ6_A2NTY6,0.0024692,0.029374,0.05171,0.0011288410751149058,0.0024282305967062,0.0002288614196004
Q6SP97_Q923E4,0.0021966,0.012942,0.015987,0.008963693864643574,0.0062174759805202,0.1876141875982284
Q61881_Q3TXS7,0.0022146,0.01315,0.015999,0.18704666197299957,0.0019562067463994,0.0038976320065557
Q9EPK5_P17433,0.12489,0.012973,0.016154,0.17282631993293762,0.0241105444729328,0.0241113696247339
P27512_Q8BLC3,0.029772,0.020239,0.18997,0.002941346727311611,0.0039192442782223,0.0658737868070602
Q9DAJ2_P23804,0.0023326,0.01302,0.015926,0.3017962574958801,0.0019214968197047,0.1810449361801147
Q60598_Q9DB40,0.0021719,0.012943,0.016096,0.2795889973640442,0.0025151739828288,0.0010961424559354
Q9D125_P63276,0.0022502,0.012933,0.015902,0.11007538437843323,0.0020524628926068,0.0071258838288486
Q811U5_P70218,0.002953,0.016291,0.016292,0.08915571868419647,0.0043887388892471,0.0037283373530954
P09055_P35979,0.0022281,0.012933,0.015897,0.04042016342282295,0.0004534121253527,0.410848468542099
P63101_Q99N84,0.0021873,0.024475,0.015952,0.24137862026691437,0.0003860844008158,0.003574397880584
P61205_Q8BFU0,0.0022136,0.013812,0.015887,0.011674205772578716,0.0009931608801707,0.0003446012851782
O09061_Q80ZV0,0.0021824,0.012916,0.015991,0.5061849355697632,0.0002766812976915,0.0005054327193647
P12367_A2AIP0,0.0022243,0.012977,0.015995,0.09290879219770432,0.0004387305234558,0.2897520363330841
P23242_Q9CWR8,0.0022481,0.012974,0.016032,0.6373798251152039,0.0004060567880515,0.0009390756604261
Q8R2K4_Q9JHD2,0.0021945,0.013082,0.016115,0.35732120275497437,0.0069925622083246,0.0237712077796459
Q9D4Q1_Q99MZ3,0.0072733,0.012995,0.015954,0.469938188791275,0.0073795719072222,0.0008264399366453
Q60772_Q80XE1,0.0022086,0.014135,0.016842,0.05563461780548096,0.0295025538653135,0.001757625490427
P01645_Q9CQP8,0.0022021,0.012973,0.0159,0.036718107759952545,0.0097136264666914,0.0013583401450887
P39689_P97377,0.0022114,0.013024,0.0262,0.7172268033027649,0.976768970489502,0.001674115541391
Q921A6_Q9R1P3,0.0022017,0.01311,0.01587,0.3784524202346802,0.001858475501649,0.0006813227082602
Q61457_Q8BJZ4,0.002232,0.012947,0.016404,0.007752304896712303,0.0002333678130526,0.003986838273704
P0DP26_Q3UI43,0.0021759,0.013253,0.015885,0.009002361446619034,0.0017778066685423,0.1132487282156944
P97432_P42669,0.0021851,0.012947,0.015954,0.1403142362833023,0.0049398299306631,0.0874486863613128
Q62406_Q99MB1,0.0021863,0.01298,0.01614,0.408762663602829,0.0059964265674352,0.0003395160019863
P09023_P41778,0.0093029,0.013182,0.016252,0.013870494440197945,0.9984605312347412,0.0063049439340829
Q9Z0H7_P68433,0.0021832,0.013007,0.015997,0.006260668858885765,0.0005443297559395,0.1158559024333953
P10417_P53566,0.0021865,0.012946,0.016254,0.08850044012069702,0.006690545938909,0.0002350358554394
P03903_Q9DAD0,0.0022318,0.012926,0.015864,0.0349295549094677,0.0003251598391216,0.0012850472703576
P83940_P68368,0.0021786,0.01298,0.017271,0.029950305819511414,0.0015172015409916,0.0078207198530435
Q8CFI0_Q9DAD0,0.002309,0.012934,0.015987,0.18557627499103546,0.0077969538979232,0.0006366722518578
Q61827_Q8VI33,0.0026786,0.013015,0.015931,0.16126912832260132,0.0006093081319704,0.0044471803121268
Q924X6_P28741,0.0022273,0.013424,0.015928,0.4118538200855255,0.0005309805274009,0.0080089466646313
Q60598_Q9D2N4,0.0030393,0.01323,0.016216,0.00763273797929287,0.0027045232709497,0.0004630546609405
P47753_Q8BHJ5,0.0021818,0.013065,0.015969,0.023056965321302414,0.0035257362760603,0.0039783609099686
O89090_Q00422,0.0022463,0.012989,0.015948,0.004226712044328451,0.0175855476409196,0.0039465781301259
P16858_Q62192,0.0021713,0.012969,0.01588,0.0055399988777935505,0.0002366449625696,0.0104949865490198
Q99J95_O88653,0.0022128,0.012964,0.015954,0.008952631615102291,0.0006054804543964,0.0008442066027782
P22091_P25801,0.0023561,0.013053,0.016016,0.017653275281190872,0.0048163370229303,0.0005312384455464
Q8BGU5_O70274,0.0021872,0.012944,0.016015,0.10014327615499496,0.0041340859606862,0.0011060127289965
P20937_P05977,0.0024636,0.013047,0.015918,0.24988004565238953,0.0003593099245335,0.0116428826004266
P01645_Q64364,0.0023347,0.013054,0.016448,0.017528235912322998,0.0182630773633718,0.1997422873973846
G0YP42_Q6SP97,0.0021961,0.012973,0.015883,0.008905619382858276,0.0004712633381132,0.0003660702204797
Q9JKD8_P70452,0.0022837,0.012949,0.015927,0.003137218067422509,0.0015128856757655,0.0001626008452149
P16297_P22682,0.0028851,0.013135,0.016408,0.24094942212104797,0.0005734176957048,0.0990423262119293
Q60636_Q9DAJ2,0.0026583,0.012981,0.015934,0.21958290040493011,0.0005677858134731,0.004852713085711
P30280_Q9ER88,0.0021858,0.013066,0.015913,0.3435969650745392,0.0008145257597789,0.0002896820951718
Q99JY8_Q9QXL8,0.0021891,0.012959,0.016035,0.09750441461801529,0.000229870682233,0.0005220767925493
P61089_Q9CZY3,0.0022247,0.48971,0.076834,0.04291265457868576,0.997190535068512,0.0381117388606071
P47911_P47753,0.0021795,0.012927,0.016115,0.07027770578861237,0.0003317672526463,0.0041640605777502
P05214_Q8K4G5,0.0021803,0.013201,0.01623,0.27178946137428284,0.0288256406784057,0.0002720119373407
O70477_Q80W99,0.0022689,0.012958,0.015914,0.029187139123678207,0.0002737326431088,0.0013869426911696
Q9QZL0_Q9CWF6,0.0021918,0.012946,0.01595,0.03149094432592392,0.0003808122419286,0.0985581651329994
Q9CQ54_Q04211,0.0022783,0.012944,0.015896,0.4492362439632416,0.0012928347568958,0.0026034615002572
Q9CZB6_P20263,0.0022859,0.012959,0.015949,0.05359397083520889,0.0007546260603703,0.0301231257617473
P70326_Q8C0D7,0.00227,0.013059,0.016012,0.11730323731899261,0.0186048075556755,0.2970879971981048
P04214_Q80XZ4,0.0024757,0.054236,0.25458,0.002811076585203409,0.0022941073402762,0.0003079726011492
Q07832_P11911,0.0022197,0.013014,0.016146,0.032382186502218246,0.0003157787432428,0.0079474812373518
P12815_Q9WTK5,0.0021846,0.014267,0.015906,0.030755480751395226,0.040704745799303,0.0030572980176657
Q8VDS3_P54728,0.002189,0.012995,0.0159,0.2392159253358841,0.0014395720791071,0.0003703743859659
Q60598_Q6P8X9,0.0021967,0.012955,0.015969,0.12418857216835022,0.0015954198315739,0.0017598689300939
P47962_Q9ES57,0.0022002,0.012937,0.015889,0.008442065678536892,0.0002350986178498,0.0068127657286822
Q8CII9_Q08369,0.0022436,0.013559,0.015971,0.019609300419688225,0.0011426917044445,0.1309214532375335
P43023_Q9EPC1,0.0022032,0.012941,0.015906,0.18407873809337616,0.0003987253294326,0.0084975352510809
P30999_Q08351,0.0022074,0.013562,0.015961,0.39668571949005127,0.0006727380678057,0.0022329615894705
O88634_Q8BPZ8,0.0023351,0.013,0.016252,0.03078804723918438,0.000284896872472,0.1709097623825073
Q9WUL7_G5E8A8,0.0024858,0.013152,0.015913,0.11880587041378021,0.0186830777674913,0.0514374263584613
O55013_O70435,0.0021841,0.012941,0.015966,0.0021046875044703484,0.0004263478331267,0.0092759588733315
P27512_Q6QLQ4,0.0023646,0.39737,0.022586,0.438947856426239,0.0011319260811433,0.0009075921261683
O88895_P48437,0.002694,0.013004,0.015982,0.07997304201126099,0.0123596815392375,0.0381512716412544
P47741_Q60787,0.0021838,0.01306,0.01596,0.00550876697525382,0.0005302868667058,0.0004313208046369
Q9Z2U0_P03888,0.0025268,0.013086,0.015891,0.12952788174152374,0.000209961348446,0.0257931724190711
A2NTU7_Q9D7X3,0.0021993,0.013159,0.015996,0.009586077183485031,0.0006415549432858,0.0007820864557288
P01863_Q6X6Z7,0.0021755,0.01388,0.015877,0.04389507323503494,0.0022460864856839,0.008927603252232
Q63739_P01823,0.0022655,0.014284,0.016106,0.004006543196737766,0.0014185491017997,0.0225956011563539
P42866_Q8BUV3,0.0022051,0.013075,0.015925,0.050721053034067154,0.0002703701029531,0.343645691871643
P52927_Q9JM73,0.002238,0.013197,0.016002,0.3092062771320343,0.0031564747914671,0.0004176138318143
O08675_P01837,0.0024422,0.03039,0.016437,0.006040128879249096,0.6010632514953613,0.3414589762687683
P20334_P01580,0.0023432,0.017005,0.28118,0.12517987191677094,0.0008405016851611,0.0004630121111404
P52795_Q9D125,0.0022015,0.012944,0.015899,0.03606081381440163,0.0004402771010063,0.0054235928691923
P28028_P29452,0.002187,0.012979,0.016073,0.08579699695110321,0.0245604775846004,0.2239317297935485
Q5BN45_Q91X20,0.002231,0.012943,0.016033,0.14563728868961334,0.0099956430494785,0.0005193842807784
P0DP26_Q5SSZ7,0.0021735,0.013531,0.015892,0.3532608449459076,0.0003957856970373,0.0003210561408195
P70218_Q7TMF3,0.0023738,0.012972,0.016025,0.060871563851833344,0.0005653375992551,0.0152894230559468
P49817_P70452,0.0024284,0.012939,0.015957,0.010803895071148872,0.0005202462198212,0.001199479214847
P62717_P27467,0.0021851,0.012917,0.015957,0.009395168162882328,0.000326506444253,0.0133614391088485
P35330_P62878,0.0021873,0.013063,0.015915,0.14657804369926453,0.0003667496785055,0.0084080109372735
P29752_P70217,0.0021985,0.013018,0.015887,0.024589745327830315,0.0028100328054279,0.0007129350560717
O88653_P47915,0.0022796,0.013092,0.015891,0.3362891674041748,0.0010508291888982,0.0687081590294838
Q3UXZ6_P48346,0.0024184,0.01297,0.015911,0.2714438736438751,0.0010653700446709,0.0018624956719577
Q9CQE3_Q61423,0.0022173,0.012965,0.015974,0.018603235483169556,0.0002385963016422,0.0007036203169263
Q9ES46_Q9JIH2,0.0022074,0.012998,0.015979,0.028767794370651245,0.0005315757589414,0.1661276221275329
Q9D9U9_Q9CQ54,0.0021967,0.012931,0.015876,0.01509852334856987,0.0011982312425971,0.0004708646156359
P47963_Q9DBL9,0.0021846,0.012938,0.015966,0.15483707189559937,0.0026583487633615,0.0025605445262044
Q8N7N6_P07356,0.0021789,0.012931,0.015886,0.08753782510757446,0.0099396649748086,0.00219162623398
P35343_O54788,0.0022275,0.012974,0.01596,0.12227954715490341,0.0004193937347736,0.0143222194164991
Q9D8B4_Q8R2K4,0.0021924,0.012959,0.015885,0.03598647192120552,0.0011397836497053,0.0071389894001185
P30658_Q9CXW2,0.0021887,0.013027,0.016012,0.008734093979001045,0.0022445663344115,0.0014793862355872
Q99ML1_Q8R4G0,0.0022924,0.013116,0.021646,0.02081277221441269,0.0003827192995231,0.0336147546768188
P03903_Q60819,0.0029066,0.015293,0.016102,0.03132074698805809,0.0002867078001145,0.0002670896064955
Q9CY16_Q99LC4,0.0022072,0.023074,0.025237,0.347533255815506,0.0002655162243172,0.0522530265152454
Q62192_P01901,0.0022169,0.070116,0.030031,0.1315339356660843,0.9978715181350708,0.0008033414487726
P31311_Q924A0,0.51364,0.013087,0.016155,0.15034407377243042,0.0143117625266313,0.0029101616237312
Q8C6B2_P62983,0.0021854,0.012979,0.01594,0.13728715479373932,0.0004164847778156,0.0114827901124954
P51150_P17182,0.0026624,0.013534,0.015967,0.36987218260765076,0.0002875514910556,0.0217491947114467
Q9QZE7_Q9CPU2,0.0022411,0.012936,0.0174,0.07778528332710266,0.0002277666935697,0.0001632021158002
Q9WV86_Q9CWH4,0.0022072,0.012958,0.015924,0.008047269657254219,0.0066624172031879,0.0058987895026803
Q9D485_P15116,0.0022343,0.013007,0.016126,0.044588878750801086,0.0010120189981535,0.01991325058043
E9Q9W7_P62245,0.0021742,0.01293,0.01589,0.18521817028522491,0.0008050323813222,0.0006925221532583
P25206_Q9EPW9,0.0021944,0.01296,0.016032,0.026556944474577904,0.0002553643134888,0.0199144314974546
Q8R2X8_Q9D9I1,0.0022907,0.012931,0.015956,0.12024733424186707,0.0074567217379808,0.0074024326168
P15806_P22091,0.28031,0.013576,0.016798,0.030389152467250824,0.0172769334167242,0.0458757393062114
Q6P8X9_Q6QLQ4,0.0021867,0.012937,0.015964,0.009958560578525066,0.0003679811779875,0.000249966426054
O88384_P27792,0.0039405,0.013014,0.015948,0.0428580567240715,0.0014901728136464,0.0002136867551598
P39087_Q9D4Q1,0.0021858,0.012957,0.015896,0.021778637543320656,0.0003879706782754,0.0016107921255752
Q9CQV5_O35593,0.0022089,0.013038,0.020738,0.008777444250881672,0.0003121756308246,0.0008104831213131
Q9ERK7_Q8R502,0.00221,0.013316,0.016555,0.006548657547682524,0.0129723213613033,0.3766763508319855
P97333_P12815,0.0022522,0.013087,0.01613,0.05879662185907364,0.0034176802728325,0.0368464030325412
Q793I8_P01878,0.0021787,0.012938,0.016239,0.002899390645325184,0.0004083128005731,0.0246752798557281
Q99M51_Q9CQ69,0.00226,0.012968,0.01596,0.00711878901347518,0.0002477791567798,0.0013569567818194
P23812_Q60954,0.0097739,0.013738,0.016489,0.10101103037595749,0.9985516667366028,0.0246865674853324
Q9CWH4_O08609,0.0024214,0.012965,0.016352,0.03378988057374954,0.0611976236104965,0.0064757256768643
P97318_Q5SSL4,0.0022447,0.015891,0.016436,0.010596297681331635,0.006129999179393,0.2718526124954223
Q60591_Q61180,0.0025598,0.013058,0.017115,0.06570733338594437,0.0003904813784174,0.0022285538725554
Q9D4Q1_Q8BGU5,0.0022655,0.012918,0.015903,0.028397327288985252,0.0032132326159626,0.0189856383949518
P01904_Q3UYI6,0.0022324,0.013118,0.017109,0.02427683211863041,0.0005875175120308,0.0159636065363883
Q8CGK7_P46935,0.0021934,0.013229,0.016167,0.2606293261051178,0.0176304839551448,0.0593157634139061
P68510_O09106,0.0021986,0.015692,0.015973,0.0088672935962677,0.0026367187965661,0.7463740110397339
P25911_Q9Z1S8,0.0022865,0.013066,0.023146,0.07632892578840256,0.0112597486004233,0.0013903711223974
Q9CQA6_P36898,0.0022005,0.012969,0.016526,0.09910014271736145,0.0002673239796422,0.0079281842336058
P63073_P10148,0.0022683,0.013078,0.015934,0.02597326971590519,0.0003338909882586,0.0302759129554033
P22366_P70434,0.002189,0.012946,0.01608,0.03761991485953331,0.0013903644867241,0.3786154985427856
Q62277_Q60598,0.067667,0.032892,0.37484,0.03884690999984741,0.0005100794369354,0.0047853826545178
P70196_Q8N7N6,0.0022518,0.013244,0.01603,0.09587251394987106,0.0004953874158672,0.0165643207728862
Q08369_Q2WF71,0.0044241,0.017724,0.016081,0.08456777036190033,0.0011591120855882,0.0012223044177517
Q8C669_O70589,0.0021745,0.012951,0.015937,0.010498018004000187,0.0006285620620474,0.8952928781509399
Q60876_P11103,0.0021896,0.012929,0.015925,0.11545836180448532,0.0088639743626117,0.0067366953007876
Q60778_P48168,0.0022027,0.013195,0.016468,0.01806211657822132,0.001392436446622,0.0116467904299497
P11911_P42669,0.0021895,0.013045,0.015942,0.43953534960746765,0.0003462507738731,0.0001862925419118
P97484_Q9D9T8,0.0021768,0.012971,0.01593,0.012810446321964264,0.0048936908133327,0.0015186672098934
Q80WG5_P14115,0.0021933,0.012924,0.0159,0.0018243584781885147,0.0002198328293161,0.2954429686069488
P18526_Q8C456,0.0023784,0.015794,0.016449,0.07645804435014725,0.001837255898863,0.0103879263624548
Q5SSL4_Q9DB91,0.0022071,0.012954,0.01604,0.022206079214811325,0.0005116272368468,0.0196719076484441
O55234_P62862,0.0022623,0.012942,0.015968,0.018635783344507217,0.0004624957800842,0.0103477789089083
Q9CXY6_Q9QYK7,0.0021858,0.013221,0.015916,0.176409512758255,0.000288263807306,0.0001240418787347
Q8VD72_Q9D0B8,0.0022561,0.013278,0.015955,0.02167748287320137,0.0035755918361246,0.0498799681663513
P21784_P12023,0.0022012,0.013021,0.015996,0.06495469808578491,0.0013866606168448,0.0675795078277587
Q8BK30_Q00422,0.0022569,0.012991,0.016026,0.2504182457923889,0.0018199500627815,0.0017110091866925
P01724_Q9JM73,0.0021927,0.013144,0.017133,0.013284840621054173,0.0012369739124551,0.0473325103521347
Q9Z0H7_P68373,0.0021772,0.013043,0.015948,0.10504471510648727,0.0030316358897835,0.002906646579504
Q99MH5_Q9CQT6,0.0021984,0.012928,0.015931,0.21240147948265076,0.0007241059793159,0.0028805877082049
P01101_P05627,0.53779,0.69869,0.01879,0.00599599489942193,0.9976542592048644,0.0013415445573627
P07750_P52633,0.0021882,0.01293,0.016207,0.30438855290412903,0.0010170052992179,0.9155128598213196
P48453_Q8BHJ5,0.002248,0.013473,0.016092,0.004022699780762196,0.0097631094977259,0.008461695164442
Q9D9D8_Q8CDI2,0.0022172,0.01298,0.016231,0.19625867903232574,0.011896414682269,0.0016090149292722
P47754_P09021,0.0021832,0.01298,0.015897,0.0017848501447588205,0.0006125380168668,0.0014564215671271
Q8BVZ1_Q99ME6,0.0021829,0.012927,0.016165,0.506941556930542,0.0010747576598078,0.0957678705453872
P0CG50_Q5BKP2,0.002723,0.01313,0.016142,0.2173178493976593,0.0010415789438411,0.0040308004245162
P48453_O55222,0.0022495,0.013303,0.23875,0.1358085423707962,0.0065643023699522,0.0023344417568296
P61979_Q8VEK3,0.54878,0.012983,0.082039,0.2969576120376587,0.0005420834058895,0.0002801567316055
A0A0G2JF94_Q9QUQ5,0.0022143,0.014113,0.051316,0.0911070927977562,0.004388497211039,0.0113362092524766
Q6ZWY3_P35922,0.0022164,0.012936,0.015916,0.02796853333711624,0.0025442880578339,0.0003234262985642
Q80WG5_O88508,0.0021802,0.013086,0.016012,0.06795855611562729,0.0004636432277038,0.0009442425216548
Q8R4E9_O70469,0.0033537,0.013002,0.016114,0.010228544473648071,0.0073728407733142,0.9545254111289978
O35718_Q99JX3,0.0021757,0.012962,0.016048,0.04122638702392578,0.0009168598917312,0.0013870826223865
Q61771_Q9D1R9,0.0021822,0.013041,0.015971,0.004760786425322294,0.0006236192421056,0.0008425214909948
Q91WC1_P08046,0.0021942,0.012969,0.015975,0.09941931068897247,0.9926947355270386,0.1046032905578613
P15209_Q9JMA2,0.0022097,0.013051,0.015955,0.020095746964216232,0.0002649871457833,0.0099861398339271
P16297_O54788,0.0023125,0.012954,0.018483,0.004188257735222578,0.0012733410112559,0.0106156328693032
O88602_P46938,0.0033814,0.012947,0.016182,0.054222531616687775,0.0044914921745657,0.0016640400281175
P52946_P15314,0.0035366,0.012971,0.01605,0.04288524389266968,0.0088604651391506,0.0259424243122339
O08609_Q8BVN3,0.002211,0.013019,0.015934,0.47751253843307495,0.0003121804038528,0.0141228977590799
O55033_P52795,0.0022241,0.012959,0.016089,0.006248790770769119,0.0023986150044947,0.0422498807311058
Q62424_P19253,0.0021795,0.01295,0.015904,0.04032643511891365,0.0003669883590191,0.0056982594542205
Q62225_Q9D5V5,0.0021718,0.012944,0.015916,0.05320541933178902,0.0019857783336192,0.017058040946722
P70280_P08207,0.0022457,0.013086,0.015939,0.12190356850624084,0.0008752780267968,0.0047202329151332
P01666_P70195,0.002237,0.019127,0.017803,0.06717654317617416,0.0011832881718873,0.0285842325538396
Q61699_Q9R1S0,0.0021798,0.012948,0.015919,0.2195565402507782,0.0008590843644924,0.0003141434281133
Q62232_P01821,0.0022019,0.014439,0.016012,0.2465667724609375,0.0007716471445746,0.0403431504964828
P23780_Q5R1B3,0.002561,0.03658,0.055482,0.3300434947013855,0.0041047018021345,0.0015960300806909
Q9R1P1_Q9D2Y4,0.0021789,0.012932,0.015924,0.0016836884897202253,0.0002217271394329,0.0009195725433528
P41969_Q07832,0.010798,0.012989,0.016884,0.17990554869174957,0.9979998469352722,0.0022167924325913
P30282_Q8BH16,0.0021826,0.012961,0.01727,0.2466559261083603,0.0019896593876183,0.1612967848777771
Q99P87_Q9QXV1,0.0023501,0.012995,0.015937,0.2846578061580658,0.0007724332390353,0.0327179469168186
Q9R1V6_Q6P3B9,0.0022052,0.028565,0.024054,0.020266162231564522,0.0007818781887181,0.0028530061244964
Q8K245_Q62083,0.01126,0.020325,0.016,0.11111346632242203,0.0031967270188033,0.0302469860762357
P01810_P30882,0.0023548,0.013539,0.016457,0.23256973922252655,0.9896968603134156,0.0914026126265525
P01864_Q6PAT0,0.0021843,0.014502,0.015894,0.04940962791442871,0.0003994514117948,0.0002140128053724
Q9QZS3_Q6ZWY3,0.0021828,0.012974,0.015931,0.1138569712638855,0.0026466210838407,0.0002081048296531
P99026_P52503,0.0022409,0.013015,0.015976,0.3230820894241333,0.0002215223939856,0.1397459656000137
P20826_P47753,0.0022238,0.012949,0.015934,0.003065121127292514,0.0002607297792565,0.7786864638328552
Q9D415_P63017,0.0021666,0.013021,0.020394,0.26794296503067017,0.0017059815581887,0.0015621441416442
Q5NCF2_P61358,0.0021774,0.012937,0.015873,0.3124189078807831,0.0002196078276028,0.0071736006066203
O09100_P01636,0.0022089,0.013037,0.015944,0.10475215315818787,0.0028951903805136,0.0009427246404811
P01942_P20152,0.0022014,0.012934,0.015895,0.4825185537338257,0.0007422969792969,0.0005831720191054
O88942_P23611,0.0022638,0.012961,0.016644,0.048526111990213394,0.0246640592813491,0.0243529677391052
Q9WVI9_Q9QUN3,0.046845,0.012957,0.016266,0.007961587980389595,0.0024772307369858,0.2158810198307037
Q5XJY5_P25118,0.002199,0.012949,0.015931,0.054701488465070724,0.000561105844099,0.0004778444999828
Q9Z0X1_Q80ZS3,0.0021972,0.013562,0.22347,0.035043250769376755,0.0446220561861991,0.0014524906873703
P18469_Q60591,0.0021804,0.013144,0.016144,0.013833984732627869,0.0008038687519729,0.0002080026606563
P01867_Q8CIB5,0.0021989,0.013066,0.015915,0.047581013292074203,0.0022471651900559,0.3576167821884155
Q6QLQ4_P06344,0.0029914,0.039483,0.030962,0.00896034762263298,0.8117513060569763,0.0006050706142559
Q99M51_P0DN34,0.0022139,0.012978,0.015936,0.06680285185575485,0.0002803512325044,0.0011650781380012
P62482_Q9D439,0.0021697,0.012938,0.015902,0.001568210544064641,0.0010467775864526,0.0024629191029816
P70662_P28574,0.009806,0.013012,0.015974,0.009317884221673012,0.0345226004719734,0.001557542826049
Q9QUM4_P28078,0.01083,0.43519,0.29039,0.03682142496109009,0.0369424894452095,0.0301325153559446
P70191_Q9DCA2,0.0022175,0.012971,0.015903,0.027111032977700233,0.0006323251873254,0.001624337513931
Q01114_Q8BPZ8,0.0030993,0.012975,0.018019,0.19770009815692902,0.0003908836224582,0.0339005477726459
P02088_Q61249,0.0021816,0.012965,0.015911,0.32505548000335693,0.0015903405146673,0.0028454479761421
Q8BYM7_P01852,0.0022124,0.013097,0.015923,0.14607052505016327,0.0044097932986915,0.0017116576200351
P97792_Q99PI8,0.0086712,0.033212,0.11467,0.03427272289991379,0.2454738765954971,0.0152007509022951
P0DP26_Q07763,0.0021836,0.013363,0.015904,0.0009411707287654281,0.0004570352903101,0.1640773862600326
P68373_Q60819,0.0021875,0.014935,0.015894,0.14602239429950714,0.0003547345113474,0.0939034894108772
P23780_P43432,0.002336,0.031915,0.070769,0.13639050722122192,0.0142439138144254,0.5975101590156555
P62908_P42866,0.0022052,0.013014,0.015892,0.48480352759361267,0.0002188415528507,0.0116944797337055
A6H6Q4_Q62158,0.0022121,0.012948,0.015891,0.012680414132773876,0.0005600161966867,0.0184436496347188
Q8C0X7_Q61327,0.0044145,0.01315,0.020414,0.0040499442256987095,0.0010906361276283,0.1640122830867767
Q9JJ59_Q9D9V4,0.0022643,0.012978,0.015923,0.01894811913371086,0.0010416985023766,0.0023959819227457
Q62406_Q8C0X7,0.002199,0.013253,0.021887,0.021964171901345253,0.0010002184426411,0.0039740037173032
Q8C1Z7_Q9QXL8,0.0021794,0.013318,0.016881,0.10951732099056244,0.0036563810426741,0.0020768423564732
Q924H2_Q9ERI2,0.002676,0.013149,0.01611,0.005880354437977076,0.0190394930541515,0.0004884101799689
P01648_P46061,0.0021843,0.014132,0.016027,0.04611159861087799,0.0015904828906059,0.0088159199804067
Q03157_Q9CQ20,0.0022249,0.012933,0.016284,0.029772482812404633,0.0016489326953887,0.0003850654757115
P48281_Q8BUN5,0.0028345,0.01295,0.016229,0.0818168967962265,0.0057101477868855,0.0075429743155837
Q9JIQ3_Q9D415,0.0021867,0.012988,0.015969,0.0872805267572403,0.0050235446542501,0.0061630280688405
P16872_P15535,0.0022585,0.018958,0.061246,0.017753994092345238,0.0020196980331093,0.0009961705654859
P05977_Q8R464,0.0021888,0.013053,0.015919,0.02331281453371048,0.0005373869789764,0.0002110916684614
P04426_Q9CQZ6,0.0023234,0.012948,0.016007,0.00949874147772789,0.0002331558498553,0.0004340260347817
Q6P3B9_P48168,0.0022185,0.13231,0.069281,0.014557268470525742,0.0003220349899493,0.018972523510456
Q61730_O88282,0.0021845,0.012955,0.016816,0.12077803909778595,0.0004748918872792,0.027669409289956
Q9CXW2_P42228,0.0021919,0.012949,0.016076,0.4295992851257324,0.0003950265236198,0.0240584108978509
P97792_P14148,0.0021799,0.012942,0.015911,0.019763650372624397,0.0004807529912795,0.0009839859558269
P28028_P01942,0.0021977,0.012981,0.016195,0.016992611810564995,0.0032486645504832,0.0276012327522039
Q69Z66_O08795,0.0021982,0.012951,0.015986,0.005300881341099739,0.0006694853655062,0.0008308727410621
P61080_P43432,0.0021796,0.013168,0.015901,0.018635617569088936,0.000349911628291,0.0008064062567427
Q3UYI6_P55258,0.0022186,0.013175,0.01605,0.23731793463230133,0.9975540041923524,0.9592876434326172
P62751_P05977,0.002191,0.013059,0.016206,0.3040565252304077,0.0004931556177325,0.0011630411026999
P0CG50_Q9WUB0,0.34306,0.021641,0.56726,0.18941831588745117,0.0129124782979488,0.0007388709345832
P30051_Q9CQR2,0.0021947,0.012927,0.015894,0.01720254309475422,0.0014730645343661,0.0072023342363536
Q9JIA1_Q9WU39,0.002304,0.013527,0.020336,0.015954015776515007,0.0005456259823404,0.0159763023257255
Q04207_Q9JHS3,0.0021852,0.012942,0.015896,0.006046430207788944,0.0019433062989264,0.0053314133547246
P60605_Q3TCJ1,0.0021743,0.012956,0.015896,0.20615027844905853,0.0043399189598858,0.0071000643074512
Q9QUI0_Q9QZ06,0.0021978,0.013791,0.016195,0.11915604025125504,0.1259070038795471,0.0011734062572941
P62892_Q9EQH3,0.0023547,0.013005,0.016111,0.006131710018962622,0.00897001568228,0.0459475815296173
P53986_Q7TMF3,0.0022813,0.012961,0.015896,0.49263033270835876,0.0003554169088602,0.0005694759311154
Q9WTL8_Q9QUN3,0.028648,0.012998,0.015997,0.004408041015267372,0.0019952054135501,0.2616026401519775
P62305_Q9DBC7,0.0021904,0.012987,0.015909,0.047465503215789795,0.0002235337597085,0.0035845304373651
O55203_Q9CQ69,0.0022295,0.012947,0.015914,0.018573911860585213,0.0005250831018202,0.0012193843722343
P01665_Q9DBR4,0.0022022,0.013357,0.016042,0.08559577167034149,0.0094310585409402,0.0010013345163315
Q60749_O09044,0.0036669,0.012971,0.015946,0.2897701561450958,0.0011283508501946,0.0004170115571469
O55203_Q61539,0.0022017,0.012961,0.015981,0.0020462789107114077,0.1131875962018966,0.000508340599481
P97457_P42227,0.0021967,0.013057,0.015908,0.002081912476569414,0.0008128304034471,0.0003349884063936
P43006_O55203,0.0022245,0.012925,0.015924,0.02391006425023079,0.0003167912655044,0.0002626957721076
Q9Z138_Q60867,0.33182,0.013186,0.017232,0.0581238679587841,0.0007203648565337,0.001305210054852
P47708_P52800,0.0022125,0.012993,0.016296,0.376774400472641,0.0021451723296195,0.0155312567949295
Q60821_Q9JHS3,0.0021919,0.012935,0.015904,0.051473796367645264,0.0003287293075118,0.0150745613500475
P08505_Q60765,0.0022468,0.013227,0.015956,0.04870041459798813,0.0006509781233035,0.000276399689028
Q9DAR0_P60202,0.0022393,0.012923,0.015903,0.47878313064575195,0.0009804454166442,0.0008521905983798
A2NTU7_Q9ERA0,0.0022261,0.012944,0.015941,0.041610587388277054,0.000425875041401,0.0110512943938374
Q8BFU0_P51667,0.0026212,0.012992,0.01587,0.04022953659296036,0.001688647433184,0.0059910430572927
P25801_Q60838,0.0024903,0.013013,0.015994,0.0942525565624237,0.0122688831761479,0.2301550358533859
Q9D131_P49615,0.0022019,0.013007,0.018453,0.11264097690582275,0.0017417303752154,0.0315493717789649
Q9D9D9_P62849,0.002217,0.012942,0.015918,0.034014299511909485,0.0004510963917709,0.001636896864511
Q9CPX8_P62305,0.0026229,0.012985,0.015879,0.0016490959096699953,0.0003513552073854,0.545910656452179
Q61083_Q9CQV8,0.0021968,0.013901,0.11389,0.04883019998669624,0.0778069421648979,0.0057633793912827
Q9QZ88_P70191,0.0021725,0.012985,0.015899,0.3239422142505646,0.0002784190292004,0.0001471886207582
Q9DCS9_P22315,0.0021811,0.012928,0.01593,0.05678528919816017,0.0003841192228719,0.0051264325156807
Q9JIK9_Q8VI36,0.00218,0.012932,0.015952,0.25664129853248596,0.0016034044092521,0.0310925841331481
Q8C437_D2YW38,0.0021884,0.013093,0.015933,0.051288120448589325,0.0003387942851986,0.0075279180891811
P17427_P63044,0.0022287,0.013831,0.01587,0.019618643447756767,0.0003025017795152,0.0010738463606685
P09631_Q9QY24,0.0079218,0.013034,0.016217,0.12096979469060898,0.008928881958127,0.0003714532358571
O55234_Q9CQJ2,0.0022009,0.012932,0.015945,0.006464540492743254,0.0002846294664777,0.0046575521118938
Q3UIU2_Q61327,0.0025225,0.012995,0.015925,0.016548877581954002,0.0002911765186581,0.0042086918838322
P15209_P26043,0.0021866,0.013011,0.019762,0.17639455199241638,0.0003482725878711,0.0103024011477828
P51141_Q8VEA4,0.0021788,0.012934,0.015947,0.4439206123352051,0.0004245060554239,0.0007367766229435
P21784_Q9CZX8,0.002172,0.012937,0.015993,0.028537262231111526,0.0006006013718433,0.0002954691008199
Q99JB4_Q9DB91,0.0022016,0.012996,0.016044,0.3097846210002899,0.0002405369014013,0.0304978191852569
P70362_Q01853,0.002223,0.012944,0.016027,0.034646473824977875,0.0019108606502413,0.0002137293631676
P47757_Q9CPX7,0.0021807,0.012926,0.015882,0.07614896446466446,0.0003774439392145,0.0271838810294866
Q9QUN3_Q60778,0.0054295,0.013182,0.018362,0.33490532636642456,0.0014520101249217,0.0001862143835751
P29352_P07351,0.0022208,0.013036,0.017298,0.006143566686660051,0.0012929559452459,0.4557017087936401
Q9JHJ3_A0A0E4B366,0.0032313,0.031441,0.15484,0.01888861320912838,0.9872165322303772,0.0493076965212821
Q7TPM5_Q9D1J1,0.0021834,0.012941,0.015912,0.13269348442554474,0.0005699068424291,0.0015728411963209
Q9Z2Q6_Q9DCJ7,0.0022381,0.013159,0.016096,0.03778098151087761,0.0002392523601884,0.0006338061066344
Q9Z0X1_Q5SSL4,0.0022084,0.013015,0.015916,0.04095495492219925,0.0002447979350108,0.0002116194373229
Q9CQC7_P18469,0.0022107,0.012999,0.015871,0.028636783361434937,0.0003696720814332,0.0105047672986984
Q18PE0_P63143,0.0021783,0.01304,0.016278,0.002001534216105938,0.0065399366430938,0.2738909721374511
Q9WVE0_P58064,0.0022381,0.012937,0.015935,0.23412618041038513,0.0004145021375734,0.0122496495023369
Q62264_P41778,0.0022179,0.01297,0.015924,0.29469409584999084,0.0089641967788338,0.013607625849545
O54918_P68368,0.002181,0.013121,0.01592,0.11580953747034073,0.0052437963895499,0.0201632492244243
P0CG50_Q9QZ06,0.0023152,0.013725,0.015966,0.10456101596355438,0.0056466720998287,0.0005066820303909
P08152_Q60973,0.0022549,0.013151,0.016022,0.06038954108953476,0.0071493759751319,0.0001211549461004
Q8C0D7_O88634,0.0022579,0.013049,0.015989,0.1702241450548172,0.0002703837526496,0.1877495944499969
P58064_Q06507,0.0021789,0.013017,0.015935,0.0185600146651268,0.0006075441488064,0.0008821460651233
Q9WU78_Q9D2N4,0.0023621,0.013107,0.01594,0.154387429356575,0.0020068197045475,0.0004055735771544
Q2VPU4_Q99KP6,0.0041343,0.019548,0.016434,0.212384894490242,0.0020771655254065,0.299014151096344
P51943_Q6P3B9,0.0022871,0.012969,0.016485,0.10868234932422638,0.0011051049223169,0.1737193316221237
O55222_Q9JIF7,0.0021875,0.014375,0.020616,0.020418690517544746,0.0003604293742682,0.0032138421665877
Q6PDM2_Q9JIK9,0.002186,0.01295,0.016054,0.18933868408203125,0.0060093719512224,0.0019724932499229
P70441_Q60825,0.0022373,0.013008,0.016161,0.04585530236363411,0.001819590688683,0.0006952389958314
Q9CY16_A2ARP9,0.0021934,0.013092,0.035975,0.12793564796447754,0.000283649074845,0.002461408264935
Q9CZX0_Q8CDU5,0.0021837,0.012935,0.01593,0.1750534176826477,0.0201841499656438,0.0009973496198654
Q9Z2F6_P09023,0.03061,0.013579,0.016741,0.23190933465957642,0.9959198236465454,0.0015161046758294
Q60773_P55258,0.002197,0.013384,0.016001,0.008956008590757847,0.0034260901156812,0.0087750479578971
P35922_Q60809,0.0021791,0.012952,0.01706,0.2672983705997467,0.0054993527010083,0.0300184804946184
P62874_Q9D9D9,0.0022531,0.013005,0.015909,0.0814649686217308,0.0140779688954353,0.0023182891309261
O88890_P47753,0.0021722,0.01296,0.015922,0.16124571859836578,0.0002459008537698,0.0512201525270938
O35526_P49710,0.0022305,0.01374,0.016027,0.047901879996061325,0.0075525501742959,0.0001956521300598
Q8BLC3_O08712,0.021295,0.021336,0.095197,0.01674746535718441,0.0014174201060086,0.0787926167249679
P18760_Q6PAT0,0.0021792,0.012937,0.016047,0.005406784359365702,0.0009648468112573,0.0006788043538108
Q61881_P43006,0.0021932,0.012959,0.016311,0.0030282915104180574,0.0002459803654346,0.0008114149677567
P12815_P05532,0.0022362,0.013108,0.01634,0.5577688217163086,0.0004142177349422,0.0022876607254147
Q60591_P98084,0.0029499,0.012966,0.018976,0.04859425127506256,0.0040676700882613,0.0736664086580276
P25446_O08603,0.0022143,0.022518,0.047644,0.0010575720807537436,0.0006185448146425,0.0248950999230146
Q9D4Q1_Q9CZ82,0.0021906,0.012916,0.015884,0.07806552946567535,0.0012305949348956,0.0004346727509982
P54763_P58064,0.0022459,0.012971,0.016079,0.11731447279453278,0.0007948213024064,0.00643598055467
Q9Z2D6_P19123,0.002186,0.013174,0.015896,0.20339538156986237,0.0029605492018163,0.0430635958909988
P22366_Q8CFA1,0.0021927,0.012946,0.016036,0.006382823921740055,0.999021291732788,0.0009739575907588
Q14C51_Q9CQT6,0.0022081,0.013527,0.016497,0.0428805835545063,0.0014654002152383,0.0065781013108789
Q9CVB6_A0A087WRI3,0.0021797,0.012941,0.016004,0.19412578642368317,0.0130261341109871,0.001991539960727
Q8N7N6_P51150,0.0021976,0.013315,0.015953,0.024727052077651024,0.0097129195928573,0.3327753841876983
P97471_P25206,0.0022305,0.012958,0.01605,0.017385875806212425,0.001180627848953,0.0002400566881988
Q7TPM5_Q61686,0.0022064,0.012937,0.01594,0.0038517063949257135,0.0010955490870401,0.0251358821988105
Q60837_Q9CQC3,0.0022515,0.012933,0.016591,0.06627875566482544,0.0085852816700935,0.001290721585974
O35526_Q91WA6,0.0021957,0.012949,0.015913,0.18499433994293213,0.002538566943258,0.0420008897781372
Q8R464_P60879,0.0022092,0.012927,0.015869,0.01320595946162939,0.0011504978174343,0.6756821870803833
P16092_Q7TQF7,0.0022242,0.013011,0.016251,0.25722524523735046,0.0016750968061387,0.0002832812315318
Q61097_Q08509,0.036645,0.012983,0.016564,0.0038238007109612226,0.0117446724325418,0.0002899614628404
P10889_Q04207,0.0021913,0.013188,0.017586,0.049074649810791016,0.0005212123505771,0.0002311317221028
Q60769_P30658,0.0021979,0.012979,0.016356,0.022870784625411034,0.0030416804365813,0.0426924005150795
Q9CZ44_Q2VPU4,0.0022708,0.012958,0.015918,0.2611338794231415,0.0043322481215,0.0016650875331833
Q9DAK2_O09111,0.0022091,0.013394,0.029355,0.09132145345211029,0.0003087540098931,0.0172168184071779
Q62276_O08603,0.002193,0.012945,0.016047,0.005423600785434246,0.0003052618703804,0.0100563885644078
P01808_Q8R4E9,0.0022641,0.012995,0.015924,0.1838558167219162,0.0050725662149488,0.0054649165831506
Q61301_Q4KKZ1,0.0021925,0.012919,0.015906,0.3714374303817749,0.0013425881043076,0.0698266476392746
Q8K480_P01801,0.0024024,0.021735,0.028645,0.2920323312282562,0.0325014851987361,0.0019588954746723
Q64373_Q8C669,0.0021799,0.012935,0.015903,0.3177061676979065,0.0003036112466361,0.0007167639560066
O88522_P25118,0.0022507,0.01426,0.015956,0.12836621701717377,0.0011037625372409,0.0032913943286985
P13297_P23819,0.0021977,0.013004,0.015932,0.04305810481309891,0.000472109299153,0.0003624036035034
P23772_Q8C6B2,0.1263,0.013103,0.016343,0.028163276612758636,0.0010657715611159,0.0002389131695963
P98084_P33242,0.0022085,0.012979,0.016519,0.014483112841844559,0.0039370972663164,0.0007828641682863
P29452_Q9R1P1,0.0021739,0.012931,0.015901,0.37303289771080017,0.0002300223859492,0.0003032493696082
P09021_O08795,0.0022235,0.013074,0.016057,0.04807185381650925,0.0007327575003728,0.002414769725874
Q99P58_P14131,0.0022433,0.013114,0.016304,0.11072032898664474,0.0002222918992629,0.0010983946267515
Q80X85_P0DP26,0.0022724,0.013127,0.015903,0.24029222130775452,0.0004187457961961,0.0021361610852181
Q5SW45_P01887,0.0021796,0.013112,0.015898,0.23521487414836884,0.0003501150058582,0.0008236411376856
Q9DCJ7_P47741,0.0023324,0.81162,0.20392,0.004719706252217293,0.0002546182076912,0.0907934159040451
P11609_P98156,0.0023658,0.025135,0.038074,0.069083072245121,0.9977523684501648,0.0009896344272419
Q9WVG6_Q9CQP8,0.0022268,0.012932,0.015939,0.019198846071958542,0.0038306056521832,0.00240567792207
Q9R1P3_Q9EPK5,0.0021807,0.01294,0.015889,0.32698628306388855,0.0002876244252547,0.0112848859280347
Q00422_P15314,0.002626,0.012956,0.016066,0.012049497105181217,0.0096090212464332,0.0007412193226628
Q62424_Q91XM9,0.75713,0.013012,0.016403,0.0053507243283092976,0.0023227371275424,0.0088632963597774
P01747_P26231,0.0021687,0.013349,0.01608,0.11719182878732681,0.0022621222306042,0.0275943297892808
P20937_A0A2R8VHF7,0.0022957,0.012969,0.016326,0.06023576483130455,0.0002571407530922,0.0017747366800904
Q61179_Q62083,0.0022489,0.012935,0.016046,0.03631678968667984,0.0008794206078164,0.0004178216913715
P61089_Q6PAT0,0.0021777,0.013121,0.015914,0.02458769828081131,0.0020607912447303,0.0017481935210525
Q3UYI6_P29752,0.0021853,0.012981,0.016115,0.007286341395229101,0.0018203831277787,0.0006417441181838
P50580_Q3V3N7,0.0021797,0.012929,0.015941,0.07624116539955139,0.0003273239417467,0.0380517244338989
Q61730_O70263,0.0021761,0.013006,0.016043,0.02572350576519966,0.000360229081707,0.0005464793066494
Q08509_P30285,0.0023845,0.013031,0.017552,0.3950466215610504,0.0024386367294937,0.0049180048517882
P34902_Q9Z2W8,0.0024583,0.01871,0.023226,0.06248204782605171,0.0017220801673829,0.0028581875376403
P14719_P01864,0.029655,0.36196,0.08759,0.1601792424917221,0.0104968147352337,0.0006588450050912
Q60770_Q9DAM2,0.0021664,0.012947,0.015947,0.17430512607097626,0.0017853011377155,0.0020420281216502
O88188_Q9R1V6,0.0021908,0.018834,0.027597,0.004035736434161663,0.0036205551587045,0.0127015281468629
P42866_P06804,0.0023196,0.013318,0.024462,0.32238104939460754,0.001656959648244,0.3005484044551849
Q91VI7_A0JLY1,0.0021789,0.012991,0.015882,0.0037503864150494337,0.0005107201868668,0.0002812869788613
Q60787_Q5U5Q9,0.0022352,0.013069,0.016045,0.247589573264122,0.0036154482513666,0.0535755418241024
P62812_P63330,0.0022197,0.013226,0.015984,0.0040747676976025105,0.000658290751744,0.0002900955441873
P43432_P60879,0.0021874,0.012938,0.015887,0.5840790867805481,0.0002942964492831,0.1233311221003532
P61089_Q80US8,0.002182,0.013703,0.01591,0.021466078236699104,0.0006175101152621,0.000497504370287
Q61097_Q99N57,0.54603,0.01327,0.10467,0.0953245759010315,0.0068510863929986,0.1837135553359985
P01810_P63044,0.002179,0.013458,0.061561,0.04150542616844177,0.002171391621232,0.0013308485504239
P62309_Q6R3M4,0.0022457,0.013016,0.015885,0.10519583523273468,0.0005115613457746,0.0003600279451347
Q62318_P01679,0.0021854,0.014407,0.019905,0.09163220971822739,0.0019783163443207,0.0012067839270457
P28076_Q9CPP6,0.0021861,0.012928,0.015891,0.06086365133523941,0.0002105764433508,0.1093731001019477
Q8R409_P12815,0.0022321,0.013289,0.015943,0.06849100440740585,0.0036347864661365,0.0051710265688598
Q9WU78_Q99ML1,0.0021903,0.014595,0.020419,0.4239210784435272,0.0031814672984182,0.0006108554662205
Q9D1R9_Q62232,0.0021836,0.01293,0.015923,0.04594836384057999,0.0003378642431925,0.0026439200155436
P01810_Q924X6,0.0028902,0.034425,0.21361,0.028171056881546974,0.0215324815362691,0.000938442768529
P01823_Q9WVG6,0.0022546,0.013233,0.016027,0.018130969256162643,0.0022591603919863,0.5025820732116699
P97371_P68033,0.0023603,0.013056,0.016049,0.6912316679954529,0.0029546404257416,0.9332160353660583
Q9DBR4_P27659,0.002203,0.012925,0.015964,0.00569177558645606,0.0005080465925857,0.4968087673187256
Q6PAT0_P01747,0.0022007,0.014169,0.015975,0.038094185292720795,0.000759964925237,0.0004701337602455
Q8R4K2_A6H6Q4,0.0021716,0.012941,0.015965,0.23228178918361664,0.0022350568324327,0.3080020248889923
Q6ZWV3_Q80XE1,0.0021641,0.012965,0.01591,0.1942582130432129,0.0003602356300689,0.0001433104189345
Q08024_O70274,0.0021802,0.013,0.016095,0.27501288056373596,0.0028298343531787,0.0047385562211275
Q9QZL0_Q07832,0.0037078,0.015133,0.2254,0.0952272042632103,0.9979220032691956,0.001783370738849
Q8BHN3_Q9CQZ5,0.0022612,0.01294,0.016005,0.016184374690055847,0.0014466907596215,0.5291302800178528
Q9JLQ0_Q9D0B8,0.0023167,0.013482,0.018861,0.05828301981091499,0.9965052604675292,0.0061847548931837
Q505F1_Q9JHD1,0.0022323,0.013019,0.016751,0.1772468090057373,0.1601246148347854,0.0417681261897087
Q00422_Q9DCJ5,0.0021994,0.012945,0.01594,0.004830516874790192,0.0021255468018352,0.4999143481254577
Q91YN9_Q99N28,0.0022142,0.012944,0.0159,0.06015760824084282,0.000610644405242,0.0023941486142575
P01808_Q8R2L5,0.0022165,0.013027,0.016152,0.01761624403297901,0.0008725371444597,0.0010911796707659
Q78JW9_P01642,0.0022899,0.24167,0.34208,0.09979987889528275,0.0011821796651929,0.0004902733489871
Q9WU78_Q06507,0.0023816,0.013017,0.015919,0.006131323520094156,0.0027887537144124,0.0020851069130003
P03903_V9GXK1,0.0022116,0.012927,0.015865,0.20611241459846497,0.0002419320662738,0.5577307343482971
Q60838_Q9CQR7,0.002264,0.012972,0.015883,0.003229233669117093,0.002856635954231,0.0079458644613623
Q9EPU5_P63248,0.0021802,0.012956,0.015926,0.026840494945645332,0.0010164304403588,0.0311582889407873
P11798_P97371,0.0021937,0.012969,0.016044,0.01751512661576271,0.0012475502444431,0.001832662965171
Q64329_P28078,0.0027691,0.046619,0.071752,0.3818264603614807,0.1197393611073494,0.0003473377146292
Q9R049_Q08351,0.0023097,0.013042,0.07863,0.030361121520400047,0.0004990876768715,0.0658740177750587
Q6X6Z7_A2A825,0.0022178,0.01295,0.016014,0.0034200081136077642,0.0014513625064864,0.0014688421506434
Q8K2G4_Q9QUK6,0.0021939,0.013023,0.016026,0.11749675124883652,0.000235649102251,0.0006348399328999
Q03157_P0DP43,0.0022812,0.014054,0.038028,0.016939859837293625,0.0049301516264677,0.0957192108035087
Q62083_Q3V0Q6,0.002235,0.012946,0.016128,0.14428593218326569,0.0006396234966814,0.0038459110073745
Q9QZE5_P16872,0.002805,0.013856,0.01603,0.04769599437713623,0.000306947826175,0.0002242968039354
Q5U5Q9_P22725,0.0021818,0.012957,0.016568,0.42259708046913147,0.000266939663561,0.5522240400314331
Q8R2K4_P70326,0.0042927,0.013057,0.016894,0.022332146763801575,0.0033051716163754,0.0002578124112915
P97377_P61092,0.002192,0.013027,0.016049,0.007095064036548138,0.0003069074300583,0.0418446362018585
P01810_Q8R4K2,0.0026379,0.015368,0.016353,0.023571951314806938,0.009544494561851,0.0137487724423408
Q9WVS6_P09542,0.0021861,0.013101,0.015934,0.0039583840407431126,0.0068216575309634,0.0181363727897405
P62082_Q03347,0.0021795,0.012937,0.015883,0.06648758053779602,0.0041575762443244,0.2620097398757934
O88508_Q8C669,0.0021999,0.012942,0.016547,0.004839129745960236,0.002283465815708,0.0033907580655068
Q9CPX7_P25916,0.0021869,0.013058,0.015926,0.022208336740732193,0.0003090664977207,0.0006371584022417
O54788_Q3TL44,0.0021919,0.012946,0.016783,0.0008635720587335527,0.0090053863823413,0.0509681291878223
Q3UDK1_Q6R5N8,0.0021771,0.013107,0.015977,0.29669713973999023,0.0019510699203237,0.2653636336326599
P39429_P22315,0.0021798,0.013163,0.020771,0.0698842778801918,0.0002318616607226,0.226494699716568
O35625_Q9DAR0,0.0023347,0.012929,0.015987,0.2237781286239624,0.001134161488153,0.0015356183284893
Q3UI43_Q8K480,0.0026934,0.013029,0.023358,0.13856638967990875,0.0005611039814539,0.7200749516487122
P03911_P01810,0.0027923,0.027007,0.022893,0.03643942251801491,0.0031191422604024,0.0013178756926208
P25322_P97377,0.0022028,0.013082,0.02214,0.09167958050966263,0.9988569021224976,0.0009399349219165
P61087_O88513,0.0021881,0.012986,0.015891,0.006966997869312763,0.0003765016735997,0.0003572906716726
Q9CWE6_P35329,0.0022128,0.012949,0.015922,0.0023771522101014853,0.0003054799744859,0.0222648810595273
Q6PAT0_O88939,0.0021732,0.012977,0.01597,0.15965761244297028,0.0007982380338944,0.373850405216217
Q99ME6_P01666,0.0022108,0.013202,0.017513,0.012322361581027508,0.0049598040059208,0.000523547118064
Q61686_Q9QYH6,0.0021759,0.012952,0.015934,0.005639576353132725,0.0006664211978204,0.1636398583650589
Q9D9V4_P18760,0.0021746,0.012922,0.015898,0.02579653263092041,0.0011302964994683,0.0028553362935781
O35955_Q62170,0.0022084,0.012932,0.015955,0.004202547017484903,0.0002195462584495,0.0819594785571098
O08609_Q2VPU4,0.096452,0.050351,0.016216,0.3865983784198761,0.0075484770350158,0.1515369117259979
Q9QUM9_O08609,0.0021734,0.014663,0.015916,0.01278412714600563,0.0004445525992196,0.0029164624866098
A2ARP9_Q3U1F9,0.0022215,0.012947,0.016134,0.054962944239377975,0.0008363970555365,0.8064185976982117
P60605_Q80WQ6,0.0022253,0.013004,0.015921,0.012753380462527275,0.0028961540665477,0.000238822060055
P70188_P54775,0.0022531,0.014296,0.016078,0.013816392980515957,0.0029168273322284,0.0296330489218235
P61809_P23611,0.0022242,0.012927,0.016185,0.19874799251556396,0.0037243084516376,0.0021477122791111
P16092_Q9R0Q1,0.0023993,0.013097,0.016848,0.0768464207649231,0.0022033259738236,0.0523909516632556
P63044_P20917,0.0023652,0.013021,0.058464,0.04934312775731087,0.000903389591258,0.0121946670114994
O55234_P60605,0.0021812,0.01301,0.015909,0.23712700605392456,0.0002292055869475,0.0047999727539718
P47911_Q9DCA2,0.0022259,0.013082,0.016296,0.011985043063759804,0.0054701385088264,0.021941740065813
Q9JLC6_P01636,0.0021893,0.1637,0.015894,0.0026028151623904705,0.0004523218958638,0.0069258199073374
Q9JM73_P01660,0.0021868,0.01337,0.016931,0.16160491108894348,0.0018969650845974,0.5353592038154602
Q03157_Q9DBC7,0.0021866,0.012981,0.015936,0.1712726503610611,0.0007027715910226,0.1749549210071563
Q6PDM2_Q8BHN3,0.0021842,0.013092,0.016119,0.39389097690582275,0.0007559672812931,0.0026620759163051
Q9ERI2_Q9D8E6,0.0022092,0.013163,0.016984,0.025315215811133385,0.0002454544301144,0.0015604083891957
P0CG50_P42567,0.0022443,0.013065,0.015943,0.41837552189826965,0.0046012196689844,0.0005644842167384
P97333_P46096,0.0022463,0.013188,0.034774,0.015816647559404373,0.0021316318307071,0.841744601726532
Q99K90_Q8VCD5,0.0022137,0.01295,0.015942,0.12237805128097534,0.0008001126116141,0.0007383408956229
Q99JB6_Q99LX0,0.0021811,0.012968,0.015887,0.13016276061534882,0.0008635279955342,0.0010221612174063
Q8K479_P62881,0.0022129,0.013427,0.015944,0.06314954161643982,0.00032764300704,0.0010333023965358
P15247_Q01114,0.0023972,0.042617,0.058233,0.027513904497027397,0.7950190901756287,0.0852541700005531
P62315_P46660,0.002188,0.014858,0.015885,0.009020603261888027,0.0002403102116659,0.0013451825361698
O88786_O35963,0.0022223,0.015925,0.016538,0.001714071142487228,0.0015395896043628,0.0065144272521138
Q9JJY9_Q80U70,0.0021878,0.013049,0.015939,0.03229602053761482,0.0003580000193323,0.0006584216025657
Q9DBG6_Q9CWR8,0.0022422,0.013053,0.015915,0.05294417589902878,0.0004069816495757,0.0002815942279994
Q9QZE7_Q9CQ75,0.0021836,0.012929,0.015882,0.3192104697227478,0.0004930561990477,0.0142112243920564
Q6X6Z7_Q8BFU0,0.0022374,0.012957,0.015905,0.0035393524449318647,0.0014755157753825,0.1762336939573288
P97377_Q61456,0.0022212,0.012966,0.016732,0.07924599945545197,0.0131585812196135,0.0206267088651657
O88634_P26516,0.0022025,0.012987,0.015882,0.029772894456982613,0.0002958095574285,0.9537110924720764
Q9Z1X4_P84751,0.0022587,0.013184,0.015976,0.019933370873332024,0.0008872933103702,0.0002360300277359
O88643_P04370,0.002736,0.013016,0.016772,0.13376572728157043,0.0066696582362055,0.0008493969216942
Q921E6_Q80ZV0,0.0021791,0.013048,0.016831,0.33442574739456177,0.9835187196731568,0.0769757702946662
P01108_Q9DCS9,0.0022098,0.013034,0.01592,0.07071252167224884,0.0005872283363714,0.2826802730560303
P70326_Q9CVD2,0.0024243,0.012942,0.015964,0.010440128855407238,0.0046724905259907,0.0002112235233653
Q62348_Q9Z1P6,0.0022183,0.012937,0.015927,0.4768465459346771,0.0015211449936032,0.0004802971961908
P41241_Q9DCL4,0.0022395,0.013027,0.015982,0.321477472782135,0.000732755404897,0.0015374968061223
Q64373_P20917,0.0022039,0.012939,0.016163,0.029492288827896118,0.0026434902101755,0.0101824533194303
O70439_Q08351,0.0023012,0.012986,0.016137,0.006171716842800379,0.000806164345704,0.0003841710276901
Q91YI4_Q8BHJ5,0.002221,0.013277,0.026159,0.04568758234381676,0.0133853908628225,0.2013750374317169
P09405_Q8C0D7,0.0022292,0.012979,0.024133,0.41116371750831604,0.0023101102560758,0.0040679890662431
P61967_O09106,0.0021778,0.013171,0.015942,0.01368528138846159,0.0042985575273633,0.0424122996628284
Q8VCW4_P63166,0.0022006,0.012975,0.01596,0.054246094077825546,0.0006170003907755,0.0046604597009718
Q8BFZ4_Q9JIF7,0.0022023,0.013186,0.016186,0.016711292788386345,0.0004358791629783,0.0009785657748579
P62869_A0JLY1,0.0021941,0.012971,0.015915,0.022941680625081062,0.0012955367565155,0.0125505439937114
Q9Z0F8_P97333,0.0023683,0.019513,0.053058,0.15693707764148712,0.9989264607429504,0.032214306294918
Q00609_Q7TSN7,0.17876,0.64137,0.40148,0.0751912072300911,0.9985114932060242,0.0027265832759439
P25118_Q60680,0.0022047,0.012966,0.016068,0.038108017295598984,0.0013797698775306,0.0020130646880716
O35955_P68040,0.0021873,0.012955,0.015929,0.05063813552260399,0.0002724051300901,0.0012705626431852
Q8BVM4_O55033,0.0021789,0.012971,0.015903,0.027703672647476196,0.0029649678617715,0.000279175263131
P15116_P46938,0.0026017,0.01295,0.015937,0.06359703093767166,0.0030762776732444,0.000201223156182
P62264_Q61391,0.0021724,0.012962,0.015912,0.006373929791152477,0.0002070319314952,0.3208554685115814
A2A825_P62317,0.0022513,0.01301,0.01588,0.28127241134643555,0.0002167495840694,0.0036899608094245
Q5EE38_P62259,0.0022101,0.013781,0.040812,0.021626276895403862,0.0187922287732362,0.0161854233592748
P47811_P49138,0.0044606,0.066205,0.11969,0.09856707602739334,0.9983962178230286,0.0047896788455545
Q9Z0F8_O88513,0.005752,0.012941,0.01605,0.13409724831581116,0.0003576636663638,0.0039322045631706
P01723_P03966,0.0021883,0.05465,0.015973,0.18967309594154358,0.0009917160496115,0.0003021660086233
P16297_P16330,0.0022314,0.013766,0.018373,0.03805634751915932,0.0004023986984975,0.0084746060892939
P61809_P61161,0.0021898,0.012996,0.015986,0.11004044860601425,0.0011771471472457,0.0090030077844858
P27792_Q01887,0.0022492,0.013742,0.021132,0.3801315426826477,0.0004590113239828,0.0850875601172447
P0CG50_P14685,0.0021992,0.01328,0.016337,0.12066604942083359,0.0003158633189741,0.0004167742736171
Q9CSN1_Q920N1,0.002843,0.012987,0.016074,0.0027005609590560198,0.001265775761567,0.0017679797019809
Q8BJ56_Q8BVZ1,0.0021979,0.013041,0.016193,0.03281841799616814,0.0007053330191411,0.0022737395484
P01887_Q5BN45,0.0022321,0.012986,0.015864,0.006562526803463697,0.0005749755073338,0.0020072555635124
O35551_Q61730,0.0022047,0.013205,0.015979,0.2790485620498657,0.0009075613343156,0.0007433291175402
O09167_P15535,0.0022123,0.012918,0.015917,0.2569786310195923,0.0002287691459059,0.0011649477528408
P97792_Q61733,0.0022743,0.10565,0.19538,0.1358996033668518,0.0004209461912978,0.0011967733735218
Q01147_Q9QWH1,0.010478,0.013021,0.015964,0.015998702496290207,0.0007414168212562,0.0062485476955771
Q7TS55_P70460,0.0021864,0.012963,0.015912,0.32013288140296936,0.0002274192811455,0.0010097009362652
Q8R0L9_O88188,0.0021791,0.012946,0.015892,0.02754819579422474,0.0003158861945848,0.000392446789192
Q9Z2W9_Q7TSN7,0.0028185,0.015234,0.022052,0.06899712234735489,0.003338451962918,0.0048161246813833
Q8K214_P37238,0.0022618,0.012963,0.016517,0.09621996432542801,0.0084574669599533,0.0048592616803944
P15247_O70435,0.0021968,0.012952,0.015881,0.11929436773061752,0.0002079245168715,0.0014265954960137
Q99J83_Q9CQY1,0.0021876,0.012997,0.015979,0.009498247876763344,0.057456973940134,0.1132403537631034
P54763_Q8BPZ8,0.0021866,0.012994,0.0166,0.19240327179431915,0.0003888028149958,0.007236027624458
Q69ZK9_Q61083,0.0022548,0.013035,0.01608,0.15911346673965454,0.0004939594073221,0.0046328571625053
Q9CQY1_Q99K90,0.0022021,0.01301,0.015892,0.11667388677597046,0.0058012059889733,0.0411694049835205
Q62348_Q9QZE7,0.002313,0.0131,0.017167,0.20952551066875458,0.999025821685791,0.0005360382492654
O70343_P46935,0.002892,0.012941,0.017671,0.040714092552661896,0.0032811751589179,0.7734891772270203
P08152_Q2VPU4,0.47318,0.013205,0.016129,0.04460591822862625,0.0256309807300567,0.0011972255306318
Q9QZS3_Q9DB40,0.0022048,0.012939,0.015907,0.12169200927019119,0.0009832924697548,0.0115269757807254
P52800_Q91VI7,0.0021941,0.013218,0.01774,0.12495730817317963,0.0044326623901724,0.0110053671523928
P20917_Q8CJG0,0.0021959,0.012944,0.015956,0.2584044635295868,0.0005554947420023,0.0006238337955437
P41274_P70217,0.0022478,0.013063,0.016194,0.011482617817819118,0.0004821040201932,0.0403034426271915
Q91VI7_P62259,0.0021801,0.013088,0.015917,0.11410602927207947,0.0005688805249519,0.0003556668816599
Q6DID7_Q61140,0.0022303,0.012948,0.016858,0.008664698339998722,0.0003987872914876,0.001408296986483
P19785_P15247,0.0021893,0.013098,0.016501,0.1949700117111206,0.0008681013714522,0.0018371772021055
P62889_Q9DBL9,0.0022045,0.012939,0.015897,0.0013239469844847918,0.0005009016022086,0.0412705354392528
P18526_Q61699,0.0023038,0.013103,0.015994,0.0015813856152817607,0.0078175645321607,0.0008174852700904
P58059_Q3ULA2,0.0022002,0.012933,0.015922,0.18399234116077423,0.0003865784674417,0.0001804414787329
Q8CII9_P49615,0.0023048,0.013075,0.01691,0.30078762769699097,0.0015821965644136,0.217447280883789
P35991_Q9JMA2,0.0021955,0.013012,0.015904,0.008718028664588928,0.0004518616187851,0.0058718426153063
Q922F4_P03966,0.0021838,0.013163,0.015947,0.08434079587459564,0.0042111123912036,0.0709044784307479
O55126_P09542,0.0021891,0.013066,0.016041,0.08409330248832703,0.0051652118563652,0.0006168577820062
Q6DID7_P60904,0.0022219,0.01296,0.016008,0.035769540816545486,0.0020032171159982,0.0573753453791141
Q65ZI1_Q9JIA1,0.0029489,0.020539,0.01846,0.4432864785194397,0.0374669469892978,0.7929500937461853
Q99LT0_Q9EP73,0.002196,0.013018,0.01588,0.06362032890319824,0.0007069369312375,0.0004054568707942
A0A0M3KL48_Q9QZ06,0.0022588,0.01345,0.016592,0.010700388811528683,0.0015370430191978,0.006077772937715
Q80ZK0_D2YW38,0.0021911,0.012957,0.015871,0.049716636538505554,0.0002355655451538,0.0004937551566399
Q9CQJ4_Q9QXV1,0.0021886,0.013254,0.016075,0.1282874494791031,0.0012282687239348,0.0155670214444398
Q9CPU2_Q32NY4,0.0025646,0.06281,0.62987,0.058384720236063004,0.0005073743523098,0.0089547857642173
Q9WU78_Q9CQA6,0.00218,0.012966,0.015888,0.022541416808962822,0.0004216858069412,0.0075615448877215
Q8BH43_P70444,0.0021891,0.012953,0.015904,0.26742491126060486,0.0003909376391675,0.0004889418487437
Q5U5Q9_O55234,0.0021991,0.012973,0.015909,0.020917270332574844,0.0002342870138818,0.0057104080915451
Q9JHS3_Q59J78,0.0022025,0.012918,0.015887,0.1271016150712967,0.000311053241603,0.0009249388240277
Q8VEA4_Q61733,0.002181,0.012945,0.01596,0.0736953392624855,0.0007278627599589,0.2665662765502929
Q64337_Q80TQ2,0.0022141,0.012946,0.016187,0.08174747228622437,0.0102931046858429,0.0001870978594524
Q04887_P28076,0.0021675,0.012951,0.015887,0.1793334037065506,0.0002506602322682,0.0004570851742755
P18529_Q9D2R8,0.0022419,0.012973,0.015867,0.11432601511478424,0.0009952447144314,0.0017372237052768
Q8R502_P48432,0.0021808,0.013024,0.016083,0.10859670490026474,0.0003164616355206,0.0027337213978171
O08785_Q9JMA2,0.0022006,0.01316,0.015943,0.09506765753030777,0.0002071567141683,0.000280638487311
P47941_P61957,0.0022614,0.015282,0.016049,0.01650439016520977,0.0130873722955584,0.00074496405432
Q61884_Q793I8,0.0021821,0.012914,0.01587,0.07063150405883789,0.0043146777898073,0.0007830227259546
Q0VBL6_Q61733,0.0024724,0.013101,0.016,0.015019798651337624,0.0003135757579002,0.0165120083838701
P49615_P61809,0.0022206,0.013044,0.027561,0.001909047132357955,0.0037878158036619,0.2388346344232559
P01801_O54788,0.0022236,0.013051,0.015945,0.027007628232240677,0.0105476174503564,0.0009704895201139
Q60809_A0A087WRI3,0.0021822,0.012976,0.016409,0.19746363162994385,0.0214288625866174,0.000283515517367
Q8K2F0_Q99M51,0.0021879,0.012976,0.016163,0.31785914301872253,0.0022671634797006,0.072220005095005
P63073_Q64028,0.0021713,0.012993,0.015932,0.45499658584594727,0.0012241470394656,0.0020166949834674
P51450_O35717,0.0021807,0.014914,0.024253,0.06921251118183136,0.0008530830964446,0.0024781206157058
P62881_O35449,0.0022054,0.013033,0.015945,0.34063610434532166,0.0058442754670977,0.0010232096537947
Q18PE0_P42567,0.0024128,0.013557,0.016009,0.09884250164031982,0.0462847873568534,0.0009659533388912
P29452_P41183,0.0021892,0.013018,0.016359,0.14567503333091736,0.0083491429686546,0.0528459623456001
Q9DCJ7_P51150,0.0021971,0.013936,0.015925,0.22698435187339783,0.0002602888853289,0.0006625010282732
Q8VCF0_P01942,0.0021721,0.012927,0.015878,0.16700127720832825,0.0018422857392579,0.0008463305421173
P41133_Q99JX3,0.0022072,0.012984,0.015988,0.024343308061361313,0.0005496297380886,0.0025817132554948
Q6P3B9_P15535,0.0021999,0.044161,0.10613,0.33115237951278687,0.0006093354313634,0.006948176305741
P0CG50_P26516,0.0022946,0.013061,0.015914,0.3414566218852997,0.0002772728330455,0.0007587856962345
P40336_Q80UP5,0.0021938,0.012947,0.016748,0.052870336920022964,0.0022913487628102,0.0006679252837784
P53762_Q80X85,0.0022034,0.013733,0.0159,0.06633859872817993,0.0002606241323519,0.0127024734392762
Q61091_P29452,0.0021791,0.012956,0.01624,0.030386172235012054,0.0011632788227871,0.0012206151150166
P23242_P23812,0.010356,0.012982,0.01637,0.12966375052928925,0.001773202442564,0.0027187243103981
O70343_Q8VEK3,0.0028942,0.012969,0.018415,0.15493738651275635,0.0011230143718421,0.0010646883165463
Q9JIK5_Q99JW4,0.0023822,0.013257,0.019391,0.0484415665268898,0.0018812983762472,0.0022353767417371
P48346_Q9QXV1,0.0021742,0.012918,0.015906,0.0037062084302306175,0.0006541287293657,0.0076283756643533
Q8BX10_O54714,0.0021776,0.012967,0.015928,0.021864963695406914,0.0004117208882234,0.0525228939950466
P0CG50_Q8C6E0,0.0021721,0.012986,0.015891,0.04580537974834442,0.2232841849327087,0.0007756219711154
Q02242_Q9WUU8,0.0025087,0.013019,0.015967,0.0025168233551084995,0.0013314456446096,0.0029560062102973
P01801_Q60825,0.0024274,0.013426,0.017031,0.009150117635726929,0.1225327551364898,0.9517301917076112
Q924T2_P27659,0.0022521,0.012948,0.016155,0.18910916149616241,0.0008414563490077,0.0010887681273743
Q8BFU0_Q9QZQ0,0.0021866,0.012971,0.015938,0.2566145360469818,0.0004688354965765,0.0031037973240017
Q9DC37_Q9ERE9,0.0022222,0.013241,0.016281,0.05910756438970566,0.0004144543781876,0.0021161804907023
Q8JZM0_P14685,0.0021972,0.013042,0.015967,0.015504572540521622,0.0201559104025363,0.0021580092143267
P62264_O08675,0.0022214,0.013029,0.015931,0.047805335372686386,0.0002470276376698,0.00035369140096
P50540_Q8BK72,0.0024111,0.013309,0.016195,0.007607046514749527,0.0004809737147297,0.0012377689126878
Q8R2X8_P16951,0.2913,0.78165,0.016078,0.00623135082423687,0.008621035143733,0.1567738354206085
Q9D8T2_Q9D8L4,0.0021939,0.013264,0.016027,0.018825611099600792,0.001616853987798,0.0712344571948051
Q9CQP2_Q7TS55,0.0022257,0.01295,0.015882,0.12730348110198975,0.0002383916435064,0.1701071113348007
P52633_P63011,0.0030332,0.014385,0.016242,0.3715525269508362,0.296093225479126,0.0002193744730902
P18572_P14753,0.012721,0.054348,0.1832,0.041498102247714996,0.9983250498771667,0.0010635360376909
P15116_P19221,0.0022593,0.014638,0.021765,0.07460204511880875,0.9963958859443665,0.0030664617661386
Q08351_Q6P6J0,0.0021835,0.012964,0.015875,0.061047982424497604,0.0005557463155128,0.0048272376880049
P70460_P52189,0.00246,0.013005,0.016032,0.00303583568893373,0.0004083587264176,0.0026884442195296
Q61584_P18524,0.0022091,0.013051,0.015949,0.07257214933633804,0.0010390481911599,0.0002945224114228
A2RTH0_Q9WVL2,0.0021694,0.013069,0.058281,0.14452026784420013,0.0003182297223247,0.9372992515563964
Q91ZD4_P51150,0.0022103,0.013321,0.015951,0.09885578602552414,0.020401757210493,0.1788765639066696
O88522_P62984,0.0023154,0.013042,0.01606,0.028095189481973648,0.0024951773229986,0.0485333874821662
P46414_O35963,0.0022302,0.012994,0.016034,0.30629584193229675,0.0040203905664384,0.0054560340940952
Q61066_Q9CZB6,0.0022391,0.012948,0.016273,0.16973283886909485,0.0003004945756401,0.0001889721461338
Q2WF71_Q62108,0.0024261,0.012969,0.01597,0.077048160135746,0.0070678093470633,0.0176293682307004
Q61216_P51141,0.027648,0.012989,0.015992,0.3773854970932007,0.0013225814327597,0.0002637649013195
Q6PHZ2_P08046,0.0022163,0.013078,0.017001,0.05187175050377846,0.0429887324571609,0.0158960353583097
P51943_O35680,0.0022063,0.013028,0.016175,0.28030553460121155,0.0002220048918388,0.0612275749444961
O70439_Q3TTA7,0.0030829,0.01302,0.015897,0.02633199840784073,0.0006184228113852,0.0043496880680322
P39054_Q6R5N8,0.0021919,0.013895,0.01593,0.2285143882036209,0.000423107179813,0.0001271889777854
P50580_Q8VD72,0.0021842,0.013044,0.015969,0.05240197479724884,0.0005223483312875,0.0009416594984941
P18181_Q59J78,0.0021903,0.013125,0.015988,0.06997103244066238,0.0003141790512017,0.9374699592590332
Q3UKC1_Q61584,0.0023431,0.013116,0.015942,0.39561590552330017,0.0007331444649025,0.367755651473999
P60710_Q923E4,0.0021884,0.01341,0.016033,0.06644920259714127,0.0257365815341472,0.1453101933002472
O35730_Q8CCI5,0.0021927,0.012994,0.081566,0.05298469588160515,0.0003491395909804,0.0002868352166842
P97372_A0A0E4B366,0.0021891,0.013235,0.015895,0.05021386221051216,0.0006008610362187,0.973815143108368
Q9CPX8_Q99PI8,0.0023628,0.013682,0.016215,0.30300790071487427,0.0004272078804206,0.0006184796220622
Q60770_Q9D2M8,0.0021729,0.012958,0.015919,0.28396379947662354,0.0002659456222318,0.006537995301187
O09106_P25799,0.0021948,0.013381,0.017338,0.19416239857673645,0.001072026323527,0.0003279586380813
P83917_P18572,0.0021892,0.012957,0.015887,0.0387384369969368,0.0004950553411617,0.0002419817028567
O35716_Q9JI59,0.002191,0.013386,0.031959,0.08240436017513275,0.0004373500705696,0.0022223864216357
Q8C0D7_P97457,0.002245,0.013061,0.015978,0.155769944190979,0.0007279550191015,0.0002482412091922
P19123_Q8BGW0,0.0021944,0.013048,0.015887,0.06185460090637207,0.0035357971210032,0.000443838071078
Q68EF6_O55029,0.0023966,0.013719,0.01616,0.055272817611694336,0.0286044403910636,0.0039967442862689
Q99K74_Q9D2Y4,0.0022217,0.013158,0.017221,0.30227944254875183,0.0009117707377299,0.0155499624088406
Q9D9T8_Q91Y44,0.0021784,0.012959,0.015954,0.13273656368255615,0.106843501329422,0.0464582741260528
Q8BUN5_Q8R2K4,0.0021909,0.012952,0.016149,0.23772099614143372,0.0024893367663025,0.0008294318686239
Q9CXW4_Q8BJ56,0.0021818,0.012928,0.015903,0.005053005646914244,0.0004243850708007,0.0006214209715835
Q9DAK2_P35329,0.002195,0.012991,0.015927,0.010680609382689,0.0003253567265346,0.0006992468843236
Q62264_Q8N7N6,0.0022134,0.01293,0.01601,0.126593217253685,0.0028938816394656,0.0041786669753491
Q8K3I6_Q8VCW4,0.0025382,0.013338,0.031414,0.024586264044046402,0.0004714369715657,0.0023176132235676
Q62108_Q99LX0,0.002185,0.012976,0.01592,0.3823562264442444,0.0011676035355776,0.022698925808072
P05480_Q60749,0.0041717,0.013058,0.016709,0.08231939375400543,0.0007716376567259,0.0090272985398769
Q9CQ69_Q8VCB2,0.0022459,0.012956,0.015908,0.31227174401283264,0.000226986448979,0.0007622056291438
P11103_P70677,0.0021803,0.012933,0.015946,0.1381598562002182,0.0023301446344703,0.000673749949783
P08152_Q61127,0.0024476,0.013067,0.016023,0.007359873503446579,0.0015169082907959,0.001715863822028
Q6IMH0_Q9JHJ3,0.0022088,0.012923,0.015997,0.3842417299747467,0.000581104424782,0.1340176314115524
Q9Z1K6_Q61884,0.0021959,0.013075,0.016039,0.019553489983081818,0.0011001649545505,0.007726005744189
P48281_P61979,0.0022711,0.012988,0.016154,0.0030670117121189833,0.0006604166119359,0.0105828288942575
Q9QYK7_Q8C456,0.0031847,0.013174,0.015966,0.6143620014190674,0.001371685299091,0.0007006690721027
Q80US8_Q91ZW2,0.0021878,0.013063,0.01615,0.030540959909558296,0.0005123291630297,0.1847583055496215
Q3UIU2_P52795,0.0026549,0.012942,0.015944,0.23780426383018494,0.0003216471523046,0.4272064864635467
P59178_Q9CQJ4,0.0021866,0.013029,0.017197,0.04092337191104889,0.002676070202142,0.0018160890322178
Q6PAT0_A0A2R8VHF7,0.0021889,0.01293,0.015999,0.05555855855345726,0.0019476134330034,0.0009219596977345
Q80Y75_P61965,0.0021908,0.012983,0.015959,0.22412237524986267,0.0005449022864922,0.0188318789005279
Q60680_Q62424,0.0022537,0.013068,0.018344,0.006271911319345236,0.0015413279179483,0.0014775862218812
Q61188_Q9Z248,0.0022107,0.012939,0.016108,0.0077287876047194,0.0037376568652689,0.0130650419741868
Q9CQY1_Q9DAR0,0.0022037,0.012929,0.015931,0.27434614300727844,0.0014452724717557,0.0022241135593503
Q91YN9_Q61457,0.0022762,0.012934,0.015963,0.3532702922821045,0.0023816376924514,0.0003794806252699
Q9CPP6_Q9CQ20,0.0022733,0.012927,0.015902,0.037387914955616,0.0003382403519935,0.0007899909396655
Q6QLQ4_Q9D2U9,0.0022209,0.012978,0.015937,0.01863216981291771,0.0002140613651135,0.0024467292241752
Q60770_P62881,0.0021965,0.013239,0.016004,0.011213123798370361,0.0021188748069107,0.0002864960406441
Q62108_Q8K4G5,0.80581,0.012999,0.016895,0.049438510090112686,0.7705116868019104,0.0026124462019652
Q9WVK0_Q99J95,0.0022754,0.012974,0.015936,0.05678499862551689,0.0005593381356447,0.0027677931357175
P01590_P35438,0.0031237,0.016802,0.023331,0.011692304164171219,0.0089571252465248,0.0150658842176198
Q9QZS3_P41969,0.026383,0.013127,0.016003,0.16308127343654633,0.0082159461453557,0.0003172800061292
Q9QUM9_Q6X6Z7,0.0021701,0.012933,0.015897,0.0030243636574596167,0.0004314519173931,0.0012360640102997
P41136_P63017,0.0024035,0.013444,0.016449,0.03470422327518463,0.0007753810496069,0.8030186295509338
Q06507_P97371,0.0025096,0.023721,0.016018,0.11180290579795837,0.0033535982947796,0.5788717865943909
E9Q9W7_Q505F1,0.01013,0.013035,0.016537,0.5637627840042114,0.0190423298627138,0.0005006815190427
Q921E6_P05214,0.0021838,0.013154,0.016298,0.019369348883628845,0.0408926978707313,0.0425880253314971
P29352_Q99JY1,0.0022331,0.013049,0.016276,0.03232697397470474,0.004364644177258,0.0001232977811014
P14869_V9GXK1,0.0021986,0.012964,0.015902,0.1573709100484848,0.0008032848127186,0.0010583396069705
Q8VD72_O88448,0.0022314,0.018175,0.11395,0.16769179701805115,0.0060663479380309,0.0115152243524789
P26049_Q80VW5,0.0022014,0.012971,0.015973,0.04065588116645813,0.0010903431102633,0.0603076592087745
Q9DA80_Q6PHZ2,0.0021857,0.013015,0.016422,0.12552015483379364,0.0024423932190984,0.0005852303002029
Q99LT0_P00757,0.0022408,0.013007,0.01594,0.01756303943693638,0.0007817533914931,0.0104127647355198
Q5SRX1_P97372,0.0023231,0.012984,0.0159,0.005687869619578123,0.0007068991544656,0.0003623049997258
P42228_P35330,0.0021927,0.012951,0.016295,0.022354314103722572,0.0006763015990145,0.0422677211463451
Q9CVD2_P24604,0.0021762,0.012973,0.015973,0.17960183322429657,0.0006074955454096,0.0012101504253223
P22315_P35922,0.0021785,0.012974,0.015929,0.0015225934330374002,0.000830961507745,0.0645345672965049
Q9D0M3_P25206,0.0022247,0.013269,0.015906,0.006327228154987097,0.0005604735342785,0.0002409264125162
Q9CQ69_Q8CGK7,0.0022225,0.012969,0.015904,0.13643042743206024,0.0002708107349462,0.0026030910667032
Q9QXL8_P18572,0.0021927,0.012975,0.017075,0.0994124636054039,0.0003296680224593,0.0170374419540166
Q91YD9_Q62432,0.0021878,0.012953,0.015966,0.25230515003204346,0.0043132258579134,0.0007271721842698
Q8BK72_P01723,0.0022277,0.034916,0.16026,0.13891209661960602,0.0004263074079062,0.0005213621188886
B5KM66_P01108,0.004527,0.012993,0.015964,0.008638475090265274,0.0013136999914422,0.0063339076004922
Q14C51_Q9JHD1,0.0023717,0.013306,0.016899,0.05169926583766937,0.0109231881797313,0.0001664817245909
O54786_Q9CWF6,0.0022174,0.012991,0.015931,0.23950229585170746,0.0007263802108354,0.0014284831704571
P12960_P29341,0.0021932,0.013061,0.015934,0.005500280763953924,0.0004010765114799,0.0008378935744985
P40226_O08712,0.0022176,0.016968,0.032322,0.1782284379005432,0.0008966739987954,0.0127248698845505
P13297_P70441,0.0025071,0.013049,0.016561,0.004119777586311102,0.0066241226159036,0.8954769968986511
Q8CGK7_Q9D0M3,0.002203,0.013313,0.016017,0.07093594968318939,0.0003516069846227,0.2892979085445404
P29352_Q9WVB3,0.86045,0.013044,0.069981,0.017058759927749634,0.0054253656417131,0.0011781970970332
P02089_P15209,0.0021927,0.013071,0.02031,0.021869530901312828,0.0042275288142263,0.027249926701188
Q7TQF7_P11440,0.0022715,0.012974,0.016214,0.12275800108909607,0.0245069693773984,0.0026752911508083
P58059_A0A0G2JF94,0.0022227,0.01295,0.015871,0.03084171563386917,0.0002561985747888,0.0004159229574725
P58801_Q9EPB4,0.0021802,0.01293,0.015936,0.26125121116638184,0.0436352491378784,0.0013725569006055
O35718_Q9D5V5,0.002167,0.012926,0.015929,0.023886200040578842,0.0007915300084277,0.0559332482516765
Q61884_Q8C669,0.0021767,0.012916,0.016155,0.0038203164003789425,0.0007583690457977,0.0010994294425472
Q9WV86_U5LP42,0.0022197,0.015074,0.016063,0.0009310499299317598,0.0010072350269183,0.0007116154883988
P16388_Q62192,0.0022225,0.013587,0.016359,0.04787212982773781,0.0194180849939584,0.0445407330989837
P53566_Q8BYM7,0.0024643,0.013037,0.015969,0.007862678728997707,0.0040337974205613,0.4969251155853271
Q61006_P01901,0.0022376,0.30161,0.10059,0.18772125244140625,0.0558364763855934,0.0009865015745162
Q61884_Q9R000,0.0021732,0.012921,0.015945,0.017550084739923477,0.0233342684805393,0.00055051012896
Q9DC71_Q8R4E9,0.0022229,0.016934,0.12751,0.06787152588367462,0.0012010300997644,0.0008016469073481
Q99JW4_Q91WC1,0.0021732,0.013008,0.015874,0.14612668752670288,0.0009624418453313,0.9747046232223512
Q60989_O88597,0.0021884,0.013049,0.015944,0.004451518412679434,0.0012120854808017,0.001715492340736
P01661_O55222,0.0022508,0.017045,0.024892,0.02172921411693096,0.005380714777857,0.0092045459896326
Q9Z2U1_Q8BH16,0.0021749,0.012976,0.01591,0.2737506031990051,0.0002110159985022,0.000675786868669
Q91YE7_Q148A4,0.0040044,0.01304,0.01613,0.1720246523618698,0.0023046755231916,0.0336414352059364
V9GXK1_P15314,0.0042202,0.012933,0.016322,0.2344347983598709,0.0173956137150526,0.9462648034095764
O35963_Q04887,0.0049114,0.013101,0.016267,0.009150968864560127,0.0006423071026802,0.0053986338898539
O08603_P61080,0.0021858,0.013377,0.016085,0.1604326069355011,0.0006013058591634,0.0036551267839968
P70347_P49718,0.0022532,0.012973,0.016006,0.20440170168876648,0.0028011202812194,0.0006673017633147
P20937_P22892,0.0021987,0.01314,0.015912,0.12079375237226486,0.0002179821021854,0.0002830571611411
Q9CR88_P41241,0.0021921,0.012958,0.015922,0.49222034215927124,0.0002280033077113,0.0003426233306527
P49718_P53566,0.0028869,0.013203,0.01598,0.004939904436469078,0.0004592122277244,0.0023127549793571
Q60989_Q6KB05,0.00224,0.015796,0.016243,0.02600165270268917,0.0057230764068663,0.0068475157022476
Q9D0M3_Q9CQI9,0.0021943,0.012969,0.0178,0.03738121688365936,0.0005505646695382,0.0003674879262689
P98156_Q8C4V4,0.0022002,0.012962,0.0159,0.003653857624158263,0.0008346912800334,0.0518750920891761
Q8BUV3_P46061,0.0021724,0.012973,0.015959,0.10989339649677277,0.0036074847448617,0.067946009337902
Q9CQ20_Q8C669,0.0022064,0.012919,0.01595,0.29791033267974854,0.0004579903325065,0.0003038096183445
Q8JZM0_P47713,0.0021871,0.012957,0.016076,0.12060973793268204,0.0002992286754306,0.9667617082595824
P62852_O08665,0.0022026,0.012939,0.01597,0.5373653769493103,0.0002211612882092,0.0062299421988427
Q9JLC6_Q91X20,0.0022045,0.012945,0.016,0.013097014278173447,0.0076458742842078,0.0003584568039514
Q8CFA1_Q8CCI5,0.0021995,0.012957,0.015921,0.004288830794394016,0.0013636545045301,0.0122857904061675
P61982_P70217,0.0022116,0.013935,0.016909,0.09219923615455627,0.7726963758468628,0.1899497061967849
O08603_Q8C456,0.002183,0.012966,0.015932,0.09554847329854965,0.0011072255438193,0.0052631385624408
Q62296_P40764,0.44521,0.012981,0.016008,0.04096301645040512,0.0053336899727582,0.0002834717161022
P25233_Q99P58,0.0024656,0.013048,0.016153,0.0442812405526638,0.0005417892825789,0.0002721240161918
Q9D2N4_P30658,0.0022786,0.013025,0.01598,0.14835946261882782,0.0026766236405819,0.0557995103299617
P61924_O09044,0.0022641,0.012936,0.015907,0.007883483543992043,0.0007842993363738,0.0036273561418056
P22725_P70196,0.00218,0.013042,0.015954,0.2647887170314789,0.0002581181179266,0.0007792435935698
Q01887_P51410,0.0022173,0.012958,0.015895,0.023290487006306648,0.0002409018343314,0.130263477563858
Q9DC37_Q60680,0.0021947,0.01308,0.016495,0.20045700669288635,0.0003519118181429,0.0010255733504891
Q3UNW5_Q9R1P3,0.0021843,0.012919,0.015885,0.31942105293273926,0.0002603159518912,0.000606530229561
P51410_Q61699,0.0021859,0.013046,0.016043,0.026466527953743935,0.0003307522274553,0.0106962407007813
P62264_P70195,0.0021803,0.012975,0.016527,0.5270845293998718,0.0003459851723164,0.1587480306625366
Q9DCJ5_Q8R0W6,0.0023863,0.012948,0.015976,0.26537737250328064,0.0010118102654814,0.0004598041705321
P05627_P17433,0.13506,0.012984,0.016202,0.006176331080496311,0.0011198022402822,0.0064120725728571
Q80VW5_Q9EPB4,0.0021701,0.012935,0.015914,0.06557654589414597,0.9989596605300904,0.478167325258255
P97784_Q8C4V4,0.0023334,0.012941,0.019048,0.027649471536278725,0.0005647576181218,0.0006850355421192
Q8K2G4_P58771,0.047344,0.014761,0.015926,0.0030066831968724728,0.0019167244900017,0.0002982708101626
P54841_P46938,0.0033016,0.013028,0.016126,0.4751199781894684,0.0225751996040344,0.0001916502806125
P97333_Q9Z0G0,0.0021948,0.012956,0.015997,0.011681332252919674,0.0023208714555948,0.0490280762314796
Q8R0W1_O88508,0.0022964,0.013049,0.016301,0.22561001777648926,0.027635907754302,0.0006508624646812
P01679_P63011,0.0022201,0.15207,0.015982,0.05232386291027069,0.0011633620597422,0.0002189175138482
Q99N28_P09450,0.0022061,0.033195,0.015948,0.07653369754552841,0.0029450186993926,0.6567822098731995
Q9D9D8_O35089,0.0021926,0.012953,0.015939,0.22375765442848206,0.0002471517946105,0.0278549510985612
P23812_Q6R891,0.0041535,0.013109,0.016081,0.053902145475149155,0.003150998847559,0.00752375414595
Q9ES57_P01750,0.013341,0.50846,0.28837,0.3810918927192688,0.96020245552063,0.0006110248505137
P58064_P62305,0.0027964,0.013035,0.015903,0.3725535273551941,0.0004833458806388,0.0152839757502079
P08152_P27870,0.0021995,0.013013,0.01639,0.23624549806118011,0.00070912449155,0.0020890913438051
P43006_Q9Z2D6,0.0022043,0.01295,0.015901,0.05756325274705887,0.0005527209723368,0.0005534621886909
Q9JI78_Q8C669,0.002185,0.012922,0.015931,0.14402340352535248,0.2564867734909057,0.0001894347078632
Q9D4Q1_P63005,0.0022726,0.013152,0.016413,0.04418131336569786,0.0151413772255182,0.0028840904124081
Q5U5Q9_Q99N28,0.0022734,0.012986,0.016252,0.08988987654447556,0.0002855255734175,0.0030202113557606
Q60855_Q61160,0.0021818,0.012929,0.01592,0.19880473613739014,0.009274517185986,0.4966232180595398
P17433_Q64287,0.0033981,0.012971,0.016117,0.45350807905197144,0.0576962791383266,0.0001712614757707
Q921A6_Q3UYV9,0.0021635,0.013359,0.015941,0.03176499530673027,0.0010579051449894,0.004537449683994
E9Q9F6_P62984,0.0021921,0.013222,0.015899,0.06243768706917763,0.0015883763553574,0.001348273595795
Q6IMH0_Q9DAU1,0.0021804,0.012926,0.015994,0.19077374041080475,0.0016343413153663,0.0003470384690444
P16858_Q60591,0.0021689,0.012964,0.0159,0.04622771218419075,0.0004673006478697,0.001809612265788
P02089_Q91WQ5,0.0022043,0.012944,0.015977,0.013673153705894947,0.0006420041318051,0.79423588514328
P39087_Q62108,0.0021847,0.012958,0.015936,0.007992831990122795,0.0013696781825274,0.0007194280624389
P70218_Q9QUN3,0.0050864,0.013007,0.016648,0.4911005198955536,0.0035603106953203,0.9326547384262084
P0DP43_Q9Z1E3,0.0022083,0.013154,0.016949,0.14593559503555298,0.000667136744596,0.0003054886765312
Q9JLQ2_Q8C6B2,0.03535,0.013028,0.017879,0.047608040273189545,0.0020053677726536,0.5662297606468201
P13405_P30285,0.0022093,0.012977,0.01837,0.0015436839312314987,0.001981632085517,0.8725931644439697
O08603_Q9R207,0.002182,0.012931,0.015995,0.03322673961520195,0.0004390859394334,0.0262202490121126
P19123_P35802,0.0022245,0.012993,0.015879,0.004181525204330683,0.0005770623101852,0.0166173782199621
Q91ZW2_Q6PAT0,0.0022064,0.01298,0.016111,0.040684401988983154,0.0004757033020723,0.008511608466506
Q80ZK0_P09631,0.0021979,0.01295,0.015914,0.014994931407272816,0.0004005882074125,0.0042628003284335
P43431_P50752,0.0022859,0.012934,0.015885,0.12850560247898102,0.0002538711123634,0.0954232588410377
P62754_P01749,0.0021952,0.012955,0.015882,0.09819594770669937,0.000510609941557,0.4677835404872894
Q9DBR4_Q60773,0.0022164,0.0131,0.016523,0.08849629014730453,0.0067471875809133,0.8366632461547852
P20263_Q8BLC3,0.0021965,0.012976,0.016143,0.019629262387752533,0.0004620597756002,0.0006437678239308
Q9CZ82_P70445,0.002193,0.012959,0.015907,0.049245040863752365,0.0002931309863924,0.1076685935258865
P25322_Q04207,0.0021742,0.012961,0.01637,0.0049305446445941925,0.9970184564590454,0.0408255904912948
P0CG50_Q9JIF7,0.0021707,0.013086,0.015933,0.14137676358222961,0.0002851049939636,0.4211426377296448
P51150_Q76MZ3,0.0022374,0.017841,0.016836,0.025938212871551514,0.0054730647243559,0.0026529622264206
O09106_Q61188,0.0021819,0.012945,0.016058,0.33135560154914856,0.0063985078595578,0.0382270850241184
P31938_Q99N57,0.0031702,0.013401,0.23941,0.33854252099990845,0.0087744584307074,0.0847305506467819
O88939_Q62231,0.002258,0.012969,0.016047,0.5072497725486755,0.0009333969210274,0.0005812420859001
Q9R233_O54709,0.0022204,0.016901,0.042324,0.17591354250907898,0.0025061496999114,0.00499630253762
P35330_P01878,0.36913,0.56014,0.29761,0.045739367604255676,0.2512519657611847,0.0065039028413593
P35831_P98083,0.02414,0.013039,0.016291,0.014260870404541492,0.0337583683431148,0.0238746125251054
P09632_O35305,0.0023609,0.013569,0.0162,0.013489092700183392,0.0011402206728234,0.0006524405325762
Q80ZS3_Q9D8V0,0.0022228,0.012964,0.016269,0.003188755363225937,0.0002664781350176,0.0005594917456619
Q505F1_P62309,0.0022569,0.012965,0.015888,0.18970194458961487,0.0008932554046623,0.0005517327808775
P63325_O88485,0.0022077,0.012931,0.015941,0.13232235610485077,0.0003603800723794,0.0005953427171334
P00158_Q9DBL9,0.0022539,0.012974,0.015907,0.34643688797950745,0.0003356593952048,0.1855588257312774
Q9D4K5_Q62424,0.0022964,0.01321,0.016094,0.22908422350883484,0.0175660923123359,0.0006006883922964
Q64287_P70343,0.0021843,0.012943,0.015992,0.3046413064002991,0.005461105145514,0.0834831446409225
Q921A6_Q99P58,0.002239,0.08526,0.01596,0.008454328402876854,0.0016376137500628,0.5476950407028198
Q68EF6_Q8K480,0.0026662,0.013138,0.019915,0.5154709219932556,0.0042523047886788,0.0034560633357614
P70196_Q3UDK1,0.0025703,0.013176,0.10061,0.009959237650036812,0.0041926493868231,0.0096669560298323
O35129_P46938,0.0021899,0.013028,0.01588,0.25502216815948486,0.0003503873012959,0.0019637658260762
Q80V24_P01731,0.0021964,0.01343,0.016211,0.012058311142027378,0.0004591476172208,0.0186239499598741
Q9WV32_Q9ERA0,0.0022415,0.012988,0.018705,0.0029390305280685425,0.0106101753190159,0.0623532123863697
A2NTU7_Q5SW45,0.0022829,0.012948,0.015972,0.00999247282743454,0.0005194088444113,0.0001716882252367
P97484_P62317,0.0021837,0.013356,0.015901,0.0018856406677514315,0.0004008078249171,0.0011234616395086
P60766_O70477,0.0040404,0.013375,0.016956,0.1080353856086731,0.001171602634713,0.0026523782871663
Q9D0B8_O88685,0.0022303,0.013453,0.016061,0.031499531120061874,0.0017017225036397,0.0306299030780792
P25799_Q9CY16,0.0021991,0.013719,0.0161,0.45923545956611633,0.0012429369380697,0.011027499102056
P01635_P70188,0.0021962,0.014514,0.01597,0.3608810603618622,0.0011645494960248,0.0021956278942525
Q9WV31_Q9CWE6,0.0022604,0.01293,0.015949,0.26073354482650757,0.000686795276124,0.0001975828636204
P62862_Q9CQE3,0.0022742,0.012946,0.016105,0.009591824375092983,0.00173635489773,0.0003300029202364
Q8BVZ1_Q7TSN7,0.0023024,0.012956,0.016789,0.10844837874174118,0.0012336845975369,0.0200519002974033
Q61190_Q91XM9,0.0022121,0.012984,0.016129,0.36244767904281616,0.0033484289888292,0.0042332694865763
I6L991_P15209,0.0040112,0.14138,0.15912,0.13294990360736847,0.7314090728759766,0.0012220959179103
P26516_Q8R4G0,0.0022129,0.012929,0.015898,0.00493658147752285,0.0002556839317549,0.3001419901847839
A0A0G2JF94_P55258,0.0022212,0.086754,0.019589,0.004139570519328117,0.0012174845905974,0.0016607620054855
Q8VE22_Q9CQY9,0.0022371,0.012961,0.015941,0.49350541830062866,0.0094554163515567,0.0006338907405734
Q60631_Q9Z1S8,0.0022492,0.01301,0.017621,0.005867279600352049,0.0095672355964779,0.0591109916567802
Q9D7W5_O70274,0.0022375,0.012936,0.015905,0.07041037082672119,0.0003146421804558,0.0794054940342903
P29351_Q9CQJ4,0.0021831,0.013027,0.016004,0.05255528539419174,0.0048663965426385,0.0030602568294852
P68372_Q6PHU5,0.0021867,0.013905,0.015932,0.10978668183088303,0.0017902144463732,0.0009154113940894
Q8C669_O88485,0.0022174,0.012966,0.017736,0.48472315073013306,0.0007663526921533,0.08692017942667
P49138_Q80Y75,0.0022404,0.016037,0.016109,0.131697416305542,0.0002466122969053,0.9555718898773192
Q924H2_O35526,0.0022688,0.012967,0.015901,0.07505153119564056,0.0012721071252599,0.000308615679387
Q9CQR7_O55203,0.0023003,0.012943,0.015885,0.13407593965530396,0.0007099582580849,0.0009939243318513
Q6PGF3_P01723,0.0023771,0.015074,0.016187,0.01021414902061224,0.0022702298592776,0.0010747398482635
P26450_J3QMY9,0.0022385,0.012979,0.016046,0.0035326082725077868,0.0013648694148287,0.274313747882843
Q3UNW5_P12970,0.0021765,0.012919,0.015922,0.18150806427001953,0.0005475925281643,0.0166708622127771
Q9DAG4_Q3TBT3,0.0022219,0.012945,0.016017,0.01165497675538063,0.0162097141146659,0.0003968541277572
Q8VI36_P61092,0.0022096,0.013109,0.85792,0.006786412093788385,0.0015613209689036,0.0265644118189811
P25322_P30285,0.0021994,0.013221,0.033691,0.1933477222919464,0.9990094900131226,0.0003238604404032
A2A825_Q91WQ5,0.002261,0.018519,0.016153,0.018838973715901375,0.0013314874377101,0.3721781969070434
Q60773_P50538,0.0024311,0.013107,0.016292,0.009366861544549465,0.0066443094983696,0.0011519404361024
Q61207_Q8BJQ4,0.0021814,0.01294,0.016195,0.32147082686424255,0.0013506769901141,0.0144085511565208
Q8CGP6_Q60598,0.0031804,0.013005,0.10096,0.2974850833415985,0.0016543437959626,0.0158661659806966
Q53VQ5_P47941,0.0022037,0.013441,0.016211,0.03328709676861763,0.0270034298300743,0.0629644319415092
Q8C0X7_Q5BKP2,0.0021894,0.012977,0.015953,0.13990835845470428,0.0004903399385511,0.1646299660205841
Q7TSN7_Q61456,0.0022527,0.012949,0.01628,0.04078260809183121,0.0012981860199943,0.0087482286617159
Q9Z0X1_Q9EPK5,0.0022224,0.013017,0.015915,0.034574102610349655,0.0004556615604087,0.0074857417494058
Q9JMA2_Q8R502,0.002202,0.012982,0.015908,0.042507465928792953,0.0003163765650242,0.1798365712165832
P61080_O88634,0.0021852,0.01323,0.045666,0.36323192715644836,0.0005110505735501,0.1823695302009582
Q61190_P25801,0.0021927,0.013185,0.01605,0.19585871696472168,0.0019938517361879,0.000498360604979
O88621_P68433,0.0022992,0.013052,0.016459,0.05416405200958252,0.2213565409183502,0.8113703727722168
P11798_P35438,0.0022024,0.012997,0.016091,0.04201989993453026,0.0008642206084914,0.0964975208044052
P01661_Q9DAM2,0.002233,0.012989,0.016008,0.04299890622496605,0.0047663720324635,0.0329326391220092
P08551_O54788,0.0022125,0.013363,0.015923,0.026617560535669327,0.0015860360581427,0.0102448156103491
O09167_O88485,0.0022187,0.012937,0.018335,0.19465993344783783,0.0005178935825824,0.0013699729461222
P49769_Q8R464,0.0022567,0.013197,0.016051,0.014169742353260517,0.0003949476522393,0.0001916557666845
P63323_Q61730,0.0021809,0.012926,0.01592,0.028016647323966026,0.0002119154669344,0.1939646899700164
P68373_Q571K4,0.0021861,0.013131,0.016027,0.06788821518421173,0.0025804829783737,0.001106328330934
P09021_P16330,0.0022135,0.012986,0.015916,0.3030471205711365,0.0009833013173192,0.0002878682862501
Q5BN45_Q5BKP2,0.0022062,0.012949,0.015915,0.10249943286180496,0.0024154465645551,0.0016553679015487
Q9JIL4_Q9WUB0,0.0021974,0.013043,0.016024,0.08731919527053833,0.0296195726841688,0.0005147274350747
Q9DAG4_P61087,0.0021994,0.012983,0.015893,0.34385228157043457,0.0003467046481091,0.0018437409307807
Q8CDJ3_Q8CDU5,0.002269,0.012944,0.015969,0.007661900017410517,0.0118701001629233,0.0067710881121456
Q8VCW4_P29754,0.0023414,0.033745,0.46392,0.22662977874279022,0.0004031470743939,0.0016248866450041
Q6P3B9_P35991,0.0021806,0.013073,0.016439,0.16549083590507507,0.0005276788142509,0.0003544551145751
Q8CDJ3_Q80XZ4,0.002376,0.012977,0.01612,0.10066074132919312,0.0003822709841188,0.0006750462343916
Q8K3K8_P42225,0.018589,0.17294,0.016092,0.3453609049320221,0.0230898614972829,0.1043101623654365
Q9ERS2_Q8R2L5,0.0022703,0.01359,0.019279,0.28527721762657166,0.658879280090332,0.0025298765394836
Q63739_Q62312,0.0022257,0.012973,0.019558,0.12970103323459625,0.00032153155189,0.0121500371024012
Q8CDT5_B2RSH2,0.0021928,0.013654,0.015887,0.01528066024184227,0.0051023275591433,0.1141212284564971
O88746_P22723,0.0021827,0.012959,0.015891,0.09000059217214584,0.0012920886510983,0.0002982372534461
P61982_Q9ERR1,0.0022322,0.013558,0.073872,0.03370172902941704,0.0378213226795196,0.0005367322592064
P23818_Q9D495,0.0022477,0.012992,0.015948,0.02160487323999405,0.000984797719866,0.0008250915561802
Q8CJG0_Q9CQR2,0.0022187,0.012916,0.015901,0.03750641644001007,0.0013632364571094,0.0037152874283492
P22892_P63280,0.0021779,0.013229,0.015932,0.011521374806761742,0.0003727542061824,0.1243146881461143
Q9D415_Q9DAS2,0.0022303,0.012947,0.015914,0.5219421982765198,0.0087933400645852,0.024260239675641
Q61160_Q8VDS3,0.0021992,0.01293,0.015925,0.2061472088098526,0.979517698287964,0.0844671949744224
P48772_P04919,0.0039279,0.013028,0.015967,0.4046538472175598,0.0003265995183028,0.1315890103578567
Q9R207_Q9Z2F6,0.0047354,0.013183,0.024418,0.006652304902672768,0.0051886495202779,0.0431246198713779
P07141_Q9ES46,0.0022136,0.012991,0.016806,0.006751723121851683,0.0030367521103471,0.0011778101325035
P20937_P0DP43,0.0026723,0.014042,0.025834,0.1346321552991867,0.0011032110778614,0.0071722050197422
P43432_Q91YN9,0.0022048,0.012955,0.015982,0.2597316801548004,0.0008037067600525,0.0605140589177608
Q9R111_Q6P3B9,0.0021674,0.012955,0.016352,0.3037063479423523,0.0025549421552568,0.0047640679404139
Q3V3N7_Q811G0,0.079607,0.15767,0.25652,0.17121149599552155,0.0493227541446685,0.0001577011425979
P47964_Q8VI33,0.0022213,0.012967,0.035767,0.07882261276245117,0.0022063755895942,0.0037075805012136
Q80VW5_Q8R4G0,0.0021968,0.012991,0.016122,0.1631801426410675,0.0013859516475349,0.0001395643193973
O70435_O09106,0.0021748,0.012989,0.017181,0.01109397504478693,0.0002883050183299,0.0062465970404446
Q9D8C6_Q9R109,0.0021816,0.012923,0.015938,0.32902443408966064,0.0036223204806447,0.0001314219553023
P97333_Q9JMK2,0.0021981,0.012967,0.015931,0.028225388377904892,0.0066815433092415,0.0035052017774432
P54818_Q8R2L5,0.0023031,0.021347,0.21439,0.03527230769395828,0.0005140677094459,0.9122019410133362
Q4KKZ1_P97814,0.0022025,0.012943,0.015951,0.1591322422027588,0.0007009268738329,0.0006049627554602
P27512_P01139,0.30369,0.15185,0.068382,0.1065155491232872,0.0011132917134091,0.0008589365752413
Q9JIL4_Q9Z1P6,0.0021963,0.01295,0.017564,0.027399498969316483,0.295761376619339,0.0016596833011135
P47753_P41969,0.0021736,0.012955,0.015917,0.21112552285194397,0.0058868778869509,0.0002452394401188
P18531_P03911,0.0025896,0.027066,0.018307,0.012894131243228912,0.00489156646654,0.0006134195718914
P47753_Q6DID7,0.0022002,0.012926,0.01591,0.39681893587112427,0.0004097043420188,0.0005902174161747
Q9DAS2_Q3U0V2,0.0021988,0.012922,0.015952,0.05198896676301956,0.001254464732483,0.1305965334177017
P68373_P48432,0.0021807,0.013559,0.016614,0.1531185656785965,0.0071170101873576,0.0003107826341874
Q8BFZ4_Q9WTX5,0.014445,0.012952,0.016431,0.01637171022593975,0.9989835619926452,0.0002376500051468
Q60770_Q811U5,0.002166,0.012934,0.015899,0.14495567977428436,0.0005128837656229,0.0040786839090287
P26350_Q6P3B9,0.0021915,0.01296,0.27708,0.04320099949836731,0.0007061882060952,0.0002967224572785
P14432_B5KM66,0.0022182,0.012943,0.015878,0.11134827136993408,0.0009996998123824,0.0117417508736252
P39054_O70477,0.078311,0.01297,0.015963,0.19083596765995026,0.0021657794713974,0.210512638092041
A2ARP9_Q8R2X8,0.0022862,0.013003,0.015937,0.006567984353750944,0.0012585495132952,0.00081335415598
Q811G0_P70195,0.0022655,0.012979,0.015929,0.09342516213655472,0.0002981761062983,0.0060780262574553
Q9QZH6_Q9CQ18,0.0021951,0.012934,0.015981,0.012159891426563263,0.0015483099268749,0.0010857230518013
P23204_E9Q9F6,0.002182,0.01296,0.016892,0.015215126797556877,0.0014063570415601,0.0752333030104637
P97287_Q8CGN5,0.0022244,0.012977,0.016215,0.10765685886144638,0.013413649983704,0.000520760717336
Q60770_Q62179,0.0022245,0.01294,0.015912,0.052468832582235336,0.000252923782682,0.0005829275469295
Q99N87_Q9CQJ8,0.0021845,0.013087,0.016572,0.01720447838306427,0.016722148284316,0.0032634313683956
P28652_Q9D8T2,0.0021792,0.012999,0.016236,0.03843268007040024,0.0048759584315121,0.0002554602688178
P00416_Q8BVM4,0.0024281,0.013056,0.015886,0.007680878043174744,0.0002803983225021,0.0003663156530819
Q61221_P70326,0.34712,0.013043,0.016273,0.07479964196681976,0.0011318917386233,0.0006014167447574
Q60749_Q99ME6,0.0023402,0.013012,0.018373,0.010604625567793846,0.0003049637307412,0.0001513057213742
P01878_Q9D9I1,0.0021941,0.012951,0.015912,0.02691817097365856,0.0075966892763972,0.001321603776887
Q5XJY5_P47964,0.0022043,0.012934,0.015928,0.18802590668201447,0.0004074185271747,0.0094441547989845
Q8BYM7_P39429,0.0022318,0.013106,0.016029,0.13357171416282654,0.0134856021031737,0.001146460417658
Q61207_Q9QZH6,0.0021823,0.016636,0.028412,0.16187027096748352,0.0006959676393307,0.002101058140397
P16858_Q9JHD2,0.0021698,0.012944,0.01593,0.004303926136344671,0.001658194581978,0.2644650340080261
Q9CZ82_P52800,0.0021975,0.01293,0.015896,0.4459923803806305,0.000237099797232,0.0035718376748263
Q64339_Q9QZS3,0.0021691,0.01303,0.015911,0.2896885573863983,0.0010393174597993,0.9855268001556396
O55222_A2NTY6,0.0022534,0.013282,0.01986,0.0006900888402014971,0.0017743465723469,0.0007692478247918
Q9JLQ2_Q8VEG6,0.002183,0.01304,0.016457,0.0009658194030635059,0.0433648079633712,0.0070448010228574
A0A2R8VHF7_P49722,0.0021795,0.01292,0.015878,0.0018296855268999934,0.0003300551616121,0.0002872676122933
P11103_Q00422,0.0021862,0.012937,0.01621,0.010425468906760216,0.0060276347212493,0.0041104601696133
P28033_Q99P87,0.0022225,0.013582,0.016216,0.024917826056480408,0.0003647765843197,0.01357595436275
Q9CXU1_Q9DCJ7,0.0021971,0.013005,0.015931,0.05402727425098419,0.0003221332153771,0.0227490030229091
P99026_O08795,0.0021918,0.012945,0.015975,0.011971838772296906,0.0003147711977362,0.0007333236862905
O08582_Q9DAD0,0.002195,0.012968,0.015927,0.023791741579771042,0.0018717919010668,0.011896701529622
Q01853_Q9D9U9,0.0022157,0.012999,0.016648,0.10055124014616013,0.0027938904240727,0.0085273813456296
P61358_P50540,0.0021892,0.012987,0.015909,0.1865282952785492,0.0004215041117276,0.0014367862604558
P08046_P23198,0.0021755,0.012946,0.015991,0.18785199522972107,0.0755935981869697,0.0001919271599035
P42225_Q64339,0.0021762,0.012987,0.015928,0.13532505929470062,0.0012953089317306,0.0636895671486854
Q80XZ4_P03921,0.0021942,0.01299,0.015873,0.006894425954669714,0.000276533071883,0.0005984908202663
Q3V3N7_Q9CZQ9,0.0022411,0.012956,0.016454,0.0004139771917834878,0.0135911479592323,0.0072800428606569
P16388_O88653,0.0021825,0.012961,0.015893,0.3578018248081207,0.0004976139171048,0.0007330448715947
P42582_Q9CWH4,0.0022193,0.012966,0.016058,0.008191918954253197,0.0040389960631728,0.0016598309157416
P97378_Q08369,0.0022994,0.01314,0.015949,0.04564349725842476,0.0005381327937357,0.0024704434908926
Q02242_Q9EP73,0.45924,0.66277,0.35242,0.06204468384385109,0.994862139225006,0.0008466289727948
Q9WVE0_P18469,0.0021851,0.013184,0.016398,0.3655227720737457,0.0004492602020036,0.0002054301294265
Q9CQ54_Q9D6K5,0.0024286,0.012941,0.015903,0.08471181988716125,0.0003576522285584,0.0022872996050864
P53762_Q9CWY8,0.0021975,0.013041,0.016008,0.04844189062714577,0.0004160675161983,0.0022341029252856
Q08351_P01801,0.0022964,0.036705,0.21009,0.015788428485393524,0.8153950572013855,0.0807319954037666
P59178_Q922Y1,0.0022225,0.012965,0.016006,0.018907560035586357,0.0012882032897323,0.0060845026746392
Q9Z2X2_Q3V1H9,0.003383,0.012988,0.026843,0.08917862176895142,0.0245896819978952,0.0006629162817262
P27038_Q9JIQ3,0.0022249,0.050615,0.16318,0.08317641168832779,0.0008340358035638,0.0021211022976785
Q9D3X8_Q80XZ4,0.0022459,0.012976,0.016319,0.14112266898155212,0.002005451824516,0.0004469812556635
Q8CGN5_Q3UYI6,0.0021879,0.012979,0.016224,0.44456052780151367,0.0009192619472742,0.0007881968049332
Q9DAS2_O88895,0.0022172,0.012964,0.015923,0.0311522725969553,0.0012377309612929,0.0052384934388101
P63017_Q9WTM5,0.002295,0.013137,0.016498,0.4363900125026703,0.0011022462276741,0.0701313614845275
P09405_P28076,0.0021684,0.01293,0.015937,0.5216471552848816,0.0002606283815111,0.3033593595027923
P30280_P59114,0.0021945,0.012987,0.016185,0.24091355502605438,0.0024573456030339,0.0082028433680534
Q8C669_Q9JJW5,0.0021981,0.012923,0.016073,0.03231660649180412,0.0004376774595584,0.0006837639957666
Q9D3X8_O88282,0.0021888,0.012978,0.016019,0.04565566033124924,0.0076774577610194,0.0260906387120485
O54786_P01635,0.0022097,0.013067,0.015989,0.16896402835845947,0.005555166862905,0.0424811914563179
Q65ZL8_P98084,0.0021943,0.012963,0.016017,0.09958796948194504,0.0063125430606305,0.0004823478520847
P48346_Q08351,0.0022774,0.01294,0.022082,0.01239275187253952,0.9987947940826416,0.1255219876766204
P49138_Q9JLC6,0.0023233,0.013105,0.016439,0.33370184898376465,0.0045230700634419,0.2396494746208191
P00683_P70441,0.0021936,0.012958,0.01641,0.0022995511535555124,0.0005156113184057,0.0009974403074011
P63011_Q62425,0.0022028,0.012963,0.015874,0.07200907170772552,0.00026804980007,0.0787396058440208
P01590_O88685,0.0022135,0.013004,0.015892,0.20919565856456757,0.000366161490092,0.0018064317991957
Q9JIK9_P16951,0.0021945,0.012929,0.015926,0.032425664365291595,0.0018604631768539,0.0007887291139923
Q80TG9_P03966,0.0050693,0.01315,0.01616,0.02343161217868328,0.0005782609223388,0.1235546395182609
Q9DAR0_P62962,0.0021846,0.01293,0.015935,0.11674227565526962,0.0015838637482374,0.0139905316755175
P42866_Q8C4V4,0.002228,0.01304,0.016032,0.010051562450826168,0.0003952906117774,0.1294037252664566
Q9QXV1_Q91YI4,0.0022301,0.012926,0.016272,0.002431743312627077,0.0012602295028045,0.0007551205926574
Q9R109_D3Z338,0.0022085,0.012957,0.015917,0.18171969056129456,0.0007910226122476,0.9614185094833374
Q9D8V0_O88513,0.0021996,0.012931,0.015891,0.0023898615036159754,0.0004846568626817,0.1294852048158645
G5E8A8_Q9Z2X8,0.0022445,0.013024,0.016049,0.004188826307654381,0.0013088406994938,0.001426232047379
Q9JJN6_O35963,0.0021965,0.013007,0.016001,0.1082179844379425,0.0002874519850593,0.0031612978782504
P15806_P26687,0.48643,0.013075,0.018427,0.19974739849567413,0.0399127565324306,0.1333644390106201
P01665_Q8CDI2,0.0021863,0.013007,0.01594,0.1276410073041916,0.0059270081110298,0.0004673191579058
P09055_P15806,0.0021843,0.0132,0.015983,0.02446671761572361,0.0009676241315901,0.0110756484791636
P01648_Q60631,0.0022709,0.015118,0.017739,0.063885398209095,0.0176350269466638,0.000894610886462
Q8K3Z0_Q6DIA7,0.0083818,0.015813,0.04652,0.011727206408977509,0.0145722422748804,0.0284328069537878
Q9DCA2_P47963,0.0022108,0.012986,0.01595,0.03670832887291908,0.0276299025863409,0.0060613816604018
O88895_P25799,0.0021862,0.01338,0.016462,0.002491182181984186,0.0013579650549218,0.0021236217580735
Q5NCF2_P13405,0.002183,0.012924,0.016077,0.06022292375564575,0.0016849144594743,0.0004236761014908
Q62276_P63330,0.0022354,0.012994,0.01606,0.14419013261795044,0.0004798705049324,0.0020635868422687
P60710_Q6ZWY3,0.0023147,0.013747,0.016015,0.0032356558367609978,0.0156981740146875,0.028622955083847
P47754_Q9CQP2,0.0021913,0.013153,0.016009,0.2185252606868744,0.0015282625099644,0.0005729860858991
P01635_Q80Y75,0.002275,0.013529,0.016456,0.019025977700948715,0.0005880186217837,0.0076848831959068
P61205_Q8CFI0,0.0022211,0.014403,0.015993,0.03909081593155861,0.0275558922439813,0.0014368698466569
O35551_Q9R1P1,0.0021694,0.012943,0.015899,0.0670984536409378,0.0004738473508041,0.1396748125553131
Q9EQH3_P09631,0.0022448,0.013196,0.016136,0.044799886643886566,0.008973840624094,0.0015476098051294
Q8CDI2_P51150,0.0023295,0.013626,0.016017,0.42084169387817383,0.0029015569016337,0.0239775348454713
P01101_P09450,0.49109,0.59814,0.018567,0.2169417440891266,0.9984696507453918,0.0213969033211469
P01904_O35613,0.0021837,0.013004,0.015926,0.06708984076976776,0.0005086958990432,0.0167984869331121
Q9CQJ4_Q61180,0.0021907,0.013151,0.015917,0.020105015486478806,0.0002792519226204,0.0093000046908855
P37238_Q923E4,0.0028288,0.012967,0.01653,0.2209230661392212,0.0079130055382847,0.5643608570098877
Q9QZE7_Q6PAT0,0.0021766,0.012928,0.015978,0.008801502175629139,0.0003847260668408,0.0014321143971756
Q9ERI2_Q9JHF9,0.0021982,0.013475,0.016452,0.19073130190372467,0.0568409971892833,0.0016135859768837
O88942_Q9JHD2,0.0032207,0.012976,0.017007,0.24583670496940613,0.4609781801700592,0.0013762572780251
P47963_Q8CJG0,0.0021845,0.01295,0.016264,0.017770199105143547,0.0035039130598306,0.0007091602892614
A6H6Q4_P70444,0.0021845,0.012918,0.015929,0.05018460005521774,0.0026056068018078,0.0016723497537896
P04213_P27038,0.0023015,0.013651,0.021256,0.2172498106956482,0.0057987263426184,0.0005012174951843
Q80V24_P62915,0.0021908,0.012935,0.015901,0.03403947502374649,0.0022995707113295,0.0018919268622994
Q8C180_Q9D8C6,0.0021807,0.012939,0.015888,0.14667747914791107,0.0015325726708397,0.0022591527085751
Q01887_P70444,0.0021761,0.012946,0.015953,0.40360578894615173,0.0004714794631581,0.0058017149567604
Q9D415_Q00420,0.0023206,0.013053,0.018256,0.0029010134749114513,0.0034051521215587,0.0035366069059818
Q5SRX1_Q9QZE5,0.0046855,0.014657,0.016892,0.48082298040390015,0.0007604720303788,0.0018616733141243
Q9QZE7_Q5XJY5,0.002178,0.01292,0.015909,0.05674104392528534,0.0244260858744382,0.0170609112828969
Q80X85_O55033,0.0021978,0.01296,0.015992,0.06473702192306519,0.0003122821799479,0.0026228674687445
P22723_P23804,0.002189,0.012982,0.015949,0.08418694138526917,0.0007610283792018,0.0053028604015707
P17427_Q91YD9,0.0022775,0.01367,0.016761,0.314496785402298,0.0026200136635452,0.0018711960874497
Q8C0J2_O88811,0.0051952,0.013259,0.016227,0.03010006621479988,0.0022885391954332,0.0167205408215522
O08543_O88653,0.0022064,0.012936,0.015869,0.04149273782968521,0.0003807443426921,0.0055174543522298
Q9CPX8_Q9EPC1,0.0025131,0.012958,0.015873,0.24675709009170532,0.0003021760785486,0.0002362245431868
Q99N87_P22892,0.0021859,0.014002,0.016441,0.1919017881155014,0.0002869013987947,0.1081036180257797
Q9WVL2_Q99J95,0.0030396,0.012983,0.016851,0.1358681470155716,0.0121852960437536,0.0324838869273662
P70452_Q91XU0,0.0022932,0.012983,0.015938,0.024907859042286873,0.0004406358930282,0.8308926820755005
Q8BYM5_Q793I8,0.0022073,0.012936,0.016043,0.04841308295726776,0.000479464943055,0.009799619205296
P28076_Q923E4,0.0021666,0.012928,0.015914,0.18005192279815674,0.00030502161826,0.0068432786501944
P60879_P10126,0.0022218,0.013161,0.015971,0.005416172556579113,0.0002367884881095,0.0753043368458747
Q9QYS2_Q9WVR4,0.0021977,0.012975,0.015924,0.43709033727645874,0.0002612493408378,0.3853433430194855
Q8C031_P84228,0.0021794,0.013048,0.015941,0.0033951273653656244,0.0002850911405403,0.0027309018187224
O35613_Q9DAR0,0.0022491,0.012936,0.016016,0.41016241908073425,0.0061800465919077,0.1067726984620094
P26350_Q64339,0.0021651,0.012941,0.015925,0.14604921638965607,0.000505780451931,0.0003872920642606
Q9ERE9_P29752,0.0021977,0.012959,0.015972,0.021446188911795616,0.0025733821094036,0.0081414766609668
O35551_Q99JB6,0.51116,0.84081,0.015983,0.032429277896881104,0.0128461821004748,0.0147537663578987
Q8CDU5_P29352,0.012933,0.012992,0.016532,0.07756967097520828,0.0115139493718743,0.0125109665095806
O88447_Q61180,0.0022517,0.014389,0.017892,0.07160381227731705,0.0009161967318505,0.0475841984152793
P10417_P09542,0.0036175,0.013102,0.015936,0.1192665621638298,0.0015304908156394,0.0001278717973036
O88351_Q60680,0.76252,0.39878,0.23517,0.2898418605327606,0.9988712668418884,0.007436650339514
Q61207_Q91V08,0.0022002,0.014854,0.033784,0.02384013868868351,0.0039394842460751,0.0005259171011857
Q9CWF6_Q9Z0F8,0.0021979,0.012947,0.01601,0.2593199908733368,0.0004873372672591,0.0001688155607553
O70439_P01942,0.0021795,0.012993,0.015886,0.28631845116615295,0.0082527492195367,0.0211552344262599
Q61216_P68134,0.0021969,0.013137,0.028936,0.06199093908071518,0.0056539303623139,0.33352991938591
O70439_P16390,0.0025697,0.012985,0.018161,0.39751267433166504,0.002113684779033,0.0032041748054325
P25118_Q9R0Q1,0.0022119,0.013616,0.016118,0.2250669300556183,0.0010124683612957,0.3455218374729156
Q5U5Q9_Q61884,0.0021907,0.012961,0.016093,0.03211364895105362,0.0030150800012052,0.0201296247541904
Q9JJX7_Q5NCF2,0.0021864,0.013012,0.015903,0.06343463808298111,0.0023809638805687,0.0010959707433357
Q80TG9_P62962,0.0021817,0.012939,0.015907,0.17054130136966705,0.0004184385179542,0.003259957069531
Q60665_Q8R502,0.0029987,0.012997,0.016058,0.013744375668466091,0.0005055798683315,0.0664093866944313
Q8C2B3_Q9WVK0,0.0022093,0.012959,0.015883,0.050448834896087646,0.0102395750582218,0.0013567002024501
Q9CQ75_Q5F201,0.0021962,0.012941,0.016001,0.04605676233768463,0.0004446454404387,0.0053496886976063
P50752_P35980,0.0027025,0.013015,0.018678,0.20589299499988556,0.0004499023780226,0.5376415252685547
P25233_Q61221,0.0028528,0.012971,0.015931,0.09800226241350174,0.0005424783448688,0.0006507445359602
J3QMY9_Q9QUM4,0.0022806,0.012971,0.01676,0.046030282974243164,0.0018843244761228,0.0054687946103513
P70175_Q9WU38,0.0021997,0.012946,0.016,0.10855266451835632,0.0012985260691493,0.0297941770404577
O88952_Q00609,0.0021856,0.012993,0.01598,0.22221925854682922,0.0005546520114876,0.012659303843975
P97318_Q9D2R8,0.0021752,0.012935,0.015923,0.029535481706261635,0.0041147451847791,0.003069304395467
G0YP42_Q9CQP8,0.0022092,0.012984,0.015893,0.05251278728246689,0.0030203519854694,0.8097147941589355
P0CG50_Q3TCJ1,0.0021794,0.013009,0.015895,0.3618740141391754,0.0012137509183958,0.0001358622394036
Q99MH5_P97461,0.0021863,0.012919,0.015903,0.0034126085229218006,0.0003347643068991,0.0061359922401607
P70188_Q9R0T8,0.0022523,0.013787,0.018732,0.003972094040364027,0.0030600181780755,0.0029328118544071
Q06507_P06869,0.0021895,0.013014,0.015975,0.010343077592551708,0.0003074718115385,0.0011404922697693
O09110_Q3TWN3,0.0022027,0.013014,0.020475,0.013844599016010761,0.0007087447447702,0.0024554806295782
Q9DC37_Q5F201,0.0022238,0.01306,0.016013,0.004001585301011801,0.0004059031489305,0.949693202972412
Q8VI24_P01108,0.020331,0.012978,0.015994,0.015790725126862526,0.0027857227250933,0.0045874486677348
P97372_Q811D0,0.0022048,0.012948,0.015967,0.06445342302322388,0.0006463852478191,0.0014172467635944
P15535_P01731,0.0022951,0.035344,0.13576,0.12870848178863525,0.0037391858641058,0.0006942333420738
P54775_P01645,0.0024488,0.014041,0.016371,0.36516258120536804,0.0006867160554975,0.0003991688136011
P11610_O88447,0.0021913,0.015337,0.015947,0.04841887578368187,0.0003497650614008,0.0003807635803241
Q3UYV9_Q8CHU3,0.0022516,0.013609,0.017311,0.001486180117353797,0.0003557684540282,0.0060694366693496
F7BJB9_P98156,0.0022403,0.01304,0.015907,0.32730165123939514,0.0005250758840702,0.0007587618310935
P84099_Q3V0Q6,0.0021792,0.012936,0.015914,0.0975925549864769,0.0003152186400257,0.0009354976937174
O35717_P25916,0.002219,0.01309,0.016027,0.005243244115263224,0.0058017265982925,0.0107964724302291
Q9D4Q1_Q9Z248,0.0021906,0.012935,0.016025,0.12562766671180725,0.0181485675275325,0.1392301619052887
O55029_Q61066,0.0021864,0.013489,0.016019,0.07163965702056885,0.0010987169807776,0.000297296734061
P47753_Q99MH5,0.0021756,0.012956,0.015961,0.011658850125968456,0.000462622498162,0.1094639152288436
P04370_P97792,0.0024573,0.012992,0.015916,0.10287565737962723,0.0011609918437898,0.0006692251190543
P01642_Q9CQP2,0.0022063,0.012996,0.015913,0.0701916515827179,0.0005689423414878,0.0054460009559988
P62881_P27612,0.002418,0.033006,0.026738,0.11019997298717499,0.0101524693891406,0.0005596735863946
Q07763_Q91VR7,0.0021745,0.013106,0.015932,0.004457615315914154,0.0003197246987838,0.0012558377347886
P56391_Q9DAJ2,0.0022267,0.012936,0.015885,0.11521174758672714,0.0004197785456199,0.0495637655258178
A0NA69_O08665,0.002814,0.099505,0.028121,0.12298782914876938,0.0208175349980592,0.0022656905930489
P99028_Q91ZD4,0.0022625,0.01292,0.015946,0.11557134240865707,0.0004894918529316,0.0074881077744066
Q8K4B2_P97767,0.0032145,0.013234,0.017351,0.14934606850147247,0.0084114065393805,0.0005299152107909
P29452_P01646,0.0022005,0.013009,0.015989,0.03981504216790199,0.0012303706025704,0.0002937061653938
Q9DCA2_Q9DCT2,0.0022284,0.01397,0.13303,0.15564660727977753,0.0081711905077099,0.0273741148412227
Q9Z1K6_Q9CQT6,0.0021992,0.01305,0.015939,0.21294927597045898,0.001119335531257,0.327772706747055
Q8CDU5_O88951,0.0021896,0.012944,0.016182,0.06279078871011734,0.0023212579544633,0.0004499248752836
Q99N87_Q60803,0.0021942,0.013031,0.01596,0.16275574266910553,0.0002949388290289,0.0376463793218135
P42225_O88653,0.0022125,0.012929,0.015892,0.012612948194146156,0.0005895014619454,0.0257186070084571
Q9R1S0_P97378,0.0022109,0.014085,0.018563,0.17723704874515533,0.0003523601626511,0.0129532068967819
Q61234_O88939,0.0021832,0.012996,0.016682,0.19982482492923737,0.0061825839802622,0.0002755737514235
P22892_Q91X20,0.0021784,0.013139,0.016214,0.035893745720386505,0.0037408079952001,0.0069433585740625
Q9D7X3_Q8BX10,0.0021919,0.012966,0.016079,0.0673375129699707,0.0002954507945105,0.0006611776771023
P05532_P50538,0.0023608,0.014893,0.017049,0.25672024488449097,0.0005577548872679,0.0014534107176586
Q8C669_P68372,0.0021752,0.012971,0.015968,0.005079520866274834,0.001032814849168,0.0112139219418168
Q8JZM6_P63280,0.0021875,0.013005,0.015888,0.018902337178587914,0.0005167567287571,0.1332906484603881
P27612_P42582,0.053947,0.013558,0.01609,0.0039192442782223225,0.0025922304484993,0.0313805304467678
Q5XJY5_Q811G0,0.0021958,0.013438,0.017522,0.14219436049461365,0.0284985937178134,0.0003919448063243
Q9D439_Q923E4,0.0021946,0.012963,0.01592,0.36932066082954407,0.0109113100916147,0.0004158280207775
P17679_Q8C0J2,0.0023799,0.013143,0.016163,0.07806037366390228,0.0037634540349245,0.005435889121145
Q02067_Q62158,0.0047276,0.01314,0.015942,0.06342513859272003,0.0010062059154734,0.0069915186613798
Q9JKV1_Q9D8C6,0.0021746,0.012941,0.015895,0.20138990879058838,0.0004055790195707,0.1629683524370193
Q61091_O88485,0.0022359,0.012987,0.01668,0.007710116915404797,0.0002576553670223,0.0012861883733421
Q62073_P50752,0.03432,0.054945,0.015926,0.002645591739565134,0.0015964510384947,0.3752298951148987
Q3TCJ1_Q9D485,0.0021923,0.012982,0.016071,0.022169921547174454,0.0022499624174088,0.0206407960504293
P40226_Q9QZL0,0.0023106,0.013156,0.016273,0.15320561826229095,0.0005411970196291,0.006351051852107
P12787_Q8VD72,0.002186,0.015083,0.017732,0.006086383014917374,0.0036384908016771,0.2721583843231201
Q60838_A0A5E3,0.0022059,0.013377,0.01609,0.11560683697462082,0.0013171565951779,0.1597013026475906
Q8BH43_Q61091,0.0021858,0.013281,0.015998,0.0461437925696373,0.0002400008525,0.0197072923183441
Q923E4_Q9WTL8,0.0029141,0.012997,0.017065,0.0391656868159771,0.001166965230368,0.0245760977268219
Q8CBW3_Q00560,0.0025052,0.012987,0.01593,0.0056130108423531055,0.0002680275938473,0.0003647244302555
Q6PHU5_P62911,0.0021861,0.012924,0.015891,0.0888240858912468,0.0003892584354616,0.0217629987746477
P26516_Q80WQ6,0.0022065,0.012928,0.015903,0.009959562681615353,0.0004724358732346,0.000390822358895
P01749_Q9CXU1,0.002196,0.01335,0.015924,0.008951506577432156,0.0008492023334838,0.1055854856967926
Q31099_P18525,0.043458,0.75632,0.33754,0.0026060505770146847,0.9963555335998536,0.0897357687354087
Q9WU78_P00416,0.0022513,0.013153,0.01588,0.0017332779243588448,0.0002176386042265,0.2523628771305084
P01887_Q9CZX0,0.002184,0.013395,0.01589,0.024158809334039688,0.0002928083995357,0.0007032643188722
Q149S1_P61965,0.0022209,0.013136,0.01593,0.06341665238142014,0.0085924603044986,0.0005731242708861
P42669_P33896,0.0022173,0.012959,0.015949,0.12666918337345123,0.0015319735975936,0.0114232972264289
P97318_P68033,0.0021887,0.013546,0.082345,0.007353114429861307,0.0318025946617126,0.2281077802181244
Q9EPU5_Q80W99,0.0026712,0.015185,0.054545,0.21523651480674744,0.0012539930175989,0.0003771148330997
P42669_P70280,0.0022412,0.012943,0.016043,0.09567584842443466,0.0061582173220813,0.0117219146341085
Q9JIK5_Q9JM54,0.0021808,0.012946,0.015929,0.1114860475063324,0.0026961762923747,0.0127866603434085
P28574_Q9CXZ1,0.0021852,0.015838,0.015904,0.1995391547679901,0.0002304370427737,0.003415280720219
Q60680_O08675,0.0022729,0.013115,0.016705,0.04289107397198677,0.0004642442509066,0.0021640141494572
Q61066_Q6PAT0,0.0021735,0.012969,0.015994,0.007349999621510506,0.0030125407502055,0.0218863096088171
Q60925_P41274,0.002202,0.013127,0.016094,0.3854594826698303,0.0003035904082935,0.0004866274830419
Q62108_Q9R0P5,0.0021813,0.012959,0.016653,0.3747970759868622,0.9971729516983032,0.0002246912627015
P15307_P25799,0.018982,0.013087,0.027807,0.05561639368534088,0.9988551139831544,0.0041748136281967
Q9CWH4_Q99LX0,0.0021708,0.012935,0.015876,0.04684210568666458,0.0002691977133508,0.0307557508349418
Q60925_Q8BK72,0.0027992,0.01376,0.017024,0.0016149545554071665,0.0003526187210809,0.0620520785450935
P84244_P01749,0.0021996,0.013368,0.01603,0.17143863439559937,0.000449116108939,0.0259440802037715
Q6DID7_P35438,0.0022954,0.013411,0.018414,0.566656231880188,0.000870936026331,0.1200238093733787
P97784_Q3V3N7,0.002212,0.012939,0.015943,0.24443112313747406,0.000689523818437,0.0005785324028693
P09021_P28652,0.0026511,0.014391,0.02938,0.13831931352615356,0.0071574561297893,0.1812496483325958
P43432_Q04207,0.0021891,0.013038,0.01743,0.22512327134609222,0.0019475223962217,0.8370018005371094
P48432_Q99JB4,0.0021842,0.012985,0.015928,0.045388754457235336,0.0002984448801726,0.0085376678034663
P97333_P35330,0.0024592,0.022789,0.054211,0.022219618782401085,0.996008276939392,0.0005979631096124
Q9Z1K6_P60710,0.0021856,0.013572,0.016777,0.004945138934999704,0.0024595835711807,0.0956048443913459
P23804_O35182,0.0022218,0.013002,0.016353,0.3789415657520294,0.0010141495149582,0.0007455442682839
Q9DB91_Q9JJ59,0.0021967,0.013181,0.015897,0.003345462493598461,0.0002561971195973,0.1660373210906982
Q9D7W5_P60867,0.002175,0.01296,0.0159,0.12348949909210205,0.000994628528133,0.0003845464379992
Q61456_Q8R0W6,0.0022118,0.012924,0.016265,0.01698683761060238,0.0003902517782989,0.0019452605629339
O35593_Q9CQ18,0.0021962,0.012949,0.016076,0.0932568609714508,0.0006009197677485,0.0022623483091592
Q80ZK0_O88811,0.0021863,0.012957,0.015916,0.009626829996705055,0.0002590174262877,0.0019854682032018
Q64261_O70570,0.0022234,0.013011,0.016222,0.03028963692486286,0.0003394478408154,0.0034584910608828
Q9JIH2_O35526,0.0022126,0.012986,0.015926,0.28662171959877014,0.0023414765018969,0.00049106660299
Q8C4V4_P84228,0.0021791,0.01295,0.015967,0.005700134206563234,0.0004584187990985,0.0015029566129669
P29752_P15247,0.0025456,0.40538,0.2391,0.002350473776459694,0.9966025352478028,0.1067199930548667
Q8C5G2_Q9JHD2,0.0021877,0.012936,0.016088,0.03709207847714424,0.0274117086082696,0.000297190475976
Q924Q0_P70343,0.002228,0.013081,0.015971,0.10666101425886154,0.2683088481426239,0.0210333596915006
Q8BG40_P53566,0.0068902,0.013258,0.015976,0.4438866078853607,0.0067037870176136,0.043596114963293
P42208_Q62108,0.0023428,0.013068,0.016207,0.035114586353302,0.0043593137525022,0.0861757695674896
P27512_P97318,0.0022449,0.013163,0.015925,0.15325403213500977,0.0036171523388475,0.0041655716486275
Q6QLQ4_P01592,0.0022253,0.013484,0.016259,0.2675826847553253,0.0010860505281016,0.0005814706091769
Q9D5V5_Q8BG40,0.0021836,0.013231,0.016079,0.05510851368308067,0.0010557811474427,0.012245531193912
P46737_P40336,0.0021809,0.01293,0.01591,0.2054930031299591,0.0005149227799847,0.0005279228207655
O35730_Q9QWH1,0.0022063,0.013352,0.016112,0.1854301244020462,0.0025568024720996,0.0142502095550298
Q9D7W5_Q61387,0.0022442,0.012951,0.015904,0.43844249844551086,0.0004610409669112,0.0021317868959158
P58064_Q3TL44,0.002192,0.012942,0.015941,0.0661761537194252,0.0005631581880152,0.0043360101990401
P24604_D2YW38,0.0022004,0.016339,0.023082,0.024633625522255898,0.0003784258733503,0.0046308347955346
Q9D4G2_Q8C2B3,0.0025623,0.013153,0.016247,0.06760273873806,0.0843788832426071,0.0488735400140285
P01904_Q9CQA6,0.0022317,0.017816,0.021084,0.0057106646709144115,0.0007445747032761,0.0297197457402944
Q9R109_Q91YD9,0.0021745,0.012955,0.015919,0.20976762473583221,0.000549335964024,0.0003861760778818
P18572_P70452,0.0022399,0.012964,0.01601,0.22224044799804688,0.0014980172272771,0.3092927634716034
P0CG50_Q3UI43,0.0022398,0.013248,0.015906,0.018761781975626945,0.0019086337415501,0.1794939339160919
Q9D1R9_P21784,0.0021862,0.012939,0.016291,0.16269396245479584,0.000360075442586,0.0009854664094746
Q99MB1_Q8BUN5,0.0021869,0.012936,0.01602,0.05337890610098839,0.0011905828723683,0.0006508091464638
Q60902_P54818,0.002173,0.0132,0.015921,0.2605631649494171,0.0095467893406748,0.005523641128093
O88811_Q8R4A3,0.0030592,0.013258,0.016412,0.21460269391536713,0.0012182466452941,0.0318255834281444
P35951_Q6R3M4,0.0022188,0.013088,0.016996,0.03966378793120384,0.0003091637336183,0.0003325557336211
P31311_P18181,0.0021939,0.013235,0.01596,0.4877597987651825,0.0004007384704891,0.9104324579238892
A0JLY1_O54786,0.0028545,0.013169,0.015912,0.022353217005729675,0.0010382744949311,0.0291727669537067
P41778_P23772,0.042624,0.01304,0.018198,0.15423402190208435,0.0346707329154014,0.0136047909036278
P08207_B2RSH2,0.0022193,0.01302,0.016414,0.06777360290288925,0.0062845959328114,0.0008915993967093
Q8BGW0_P58801,0.013615,0.012954,0.016069,0.024859968572854996,0.0039439923129975,0.0031280228868126
Q62083_P47713,0.0021902,0.012944,0.015993,0.025938762351870537,0.0025281165726482,0.0051979958079755
P58771_Q91WC1,0.0022666,0.013175,0.015893,0.16237588226795197,0.0041100839152932,0.0001888867554953
P11610_P07356,0.0021767,0.012931,0.01586,0.3693489134311676,0.0003830143541563,0.9804839491844176
Q9D7N3_P43432,0.0022397,0.085793,0.10203,0.13874346017837524,0.0003707701107487,0.0023221469018608
Q9Z0W1_Q9QWV4,0.0021984,0.012978,0.015951,0.2088409960269928,0.0003627713886089,0.000375708710635
Q99KP6_Q9CWY8,0.0022044,0.013027,0.015936,0.11386968940496445,0.0003370639460626,0.001446270616725
Q9D8T2_Q9JIE6,0.0021946,0.012961,0.016881,0.050234973430633545,0.0022358605638146,0.0010496566537767
P41241_Q61686,0.002246,0.013198,0.030846,0.035859301686286926,0.0191540196537971,0.0589489005506038
O08603_P26450,0.0021912,0.013014,0.016047,0.24192042648792267,0.0005603888421319,0.1911689490079879
P01648_P48437,0.0021804,0.01304,0.015931,0.2114047110080719,0.0020415023900568,0.9136496782302856
Q6ZWY9_P35951,0.0022005,0.013346,0.01682,0.011504808440804482,0.0004658432153519,0.0049565508961677
Q91WC1_P48771,0.0024363,0.013126,0.015894,0.1792580932378769,0.0062014800496399,0.0115410406142473
Q2MH31_Q01853,0.0022057,0.012932,0.015908,0.003183824010193348,0.0004463366349227,0.0027353442274034
P27467_Q8CGK7,0.0021816,0.013015,0.01593,0.33655858039855957,0.0004175909270998,0.0062154992483556
Q2MH31_Q5R1C2,0.0023103,0.01306,0.01744,0.022547895088791847,0.0026840358041226,0.000513304839842
O08734_O88634,0.002293,0.012979,0.016841,0.0697806105017662,0.0010512443259358,0.0080487402155995
Q61171_Q14C51,0.0021996,0.013179,0.015914,0.0019097104668617249,0.0003761864791158,0.0016322885639965
P00757_P63330,0.00233,0.013339,0.01593,0.2226855605840683,0.0005930648185312,0.2106824070215225
P51141_Q8R4A3,0.067578,0.013051,0.016776,0.0035018709022551775,0.0020651419181376,0.0087858000770211
Q99N84_Q04207,0.0022256,0.013023,0.016292,0.012809938751161098,0.0010837374720722,0.0008230468374677
P98078_Q8VEA4,0.0021752,0.012966,0.015922,0.0065331123769283295,0.0009619243792258,0.0269077699631452
Q5F201_O88685,0.002418,0.016127,0.019292,0.004479030147194862,0.0016117931809276,0.0010633680503815
O54901_P01723,0.14497,0.64411,0.49259,0.042093340307474136,0.9943029880523682,0.2078741043806076
P29754_Q9CQ20,0.0023471,0.012999,0.015919,0.164698526263237,0.0012405236484482,0.3266902863979339
P98084_P62245,0.0021749,0.01293,0.015889,0.0638035461306572,0.0004198933893349,0.484428733587265
P40338_Q9Z1X4,0.0021775,0.012937,0.015966,0.12678106129169464,0.0010812799446284,0.0002750013081822
P60904_O09108,0.0022951,0.012987,0.017841,0.08858034014701843,0.0007264373125508,0.0016208019806072
Q9CSN1_O54901,0.0021798,0.013007,0.015875,0.13398076593875885,0.0003761893312912,0.003782816696912
Q8C1Z7_Q9CWF6,0.0021895,0.013237,0.016625,0.16984882950782776,0.0027276377659291,0.0085958493873476
P14148_Q61733,0.0021751,0.012944,0.021388,0.27135905623435974,0.001063703908585,0.9747760891914368
Q91WQ5_Q9WVG6,0.0022057,0.014718,0.016462,0.028127018362283707,0.0018198443576693,0.3501010835170746
Q8BYM7_Q920N1,0.002257,0.013216,0.015951,0.30729714035987854,0.0018633778672665,0.2402031570672989
P30658_P18893,0.002195,0.013,0.015944,0.03862495720386505,0.0006402705912478,0.0028170538134872
O70274_Q6IMH0,0.0021786,0.012936,0.015895,0.2089090645313263,0.0055877626873552,0.258785218000412
Q9DAK2_P01867,0.0021935,0.013096,0.015885,0.08686099201440811,0.0003157687606289,0.0007470847922377
Q9WU38_P52633,0.0036028,0.012955,0.016047,0.30601418018341064,0.0002616801066324,0.0004801773175131
Q9DC37_P61080,0.002192,0.013114,0.015876,0.0631713718175888,0.0003749323077499,0.0001571430475451
Q9JJW5_Q65ZI1,0.0022043,0.012988,0.01588,0.25541821122169495,0.0012666735565289,0.1871358603239059
P52795_P42225,0.0021998,0.012931,0.015968,0.03621106222271919,0.0008123345323838,0.0005374587490223
Q60838_Q9CXW4,0.0021772,0.01294,0.015916,0.04155043512582779,0.0002515134110581,0.1884115934371948
Q5EE38_P01756,0.0022117,0.013222,0.016005,0.07708320766687393,0.0010244088480249,0.0021813004277646
Q65ZC0_P70338,0.002183,0.013802,0.015989,0.03231396898627281,0.0017051331233233,0.000399550423026
P97371_Q8R464,0.0021987,0.012963,0.015961,0.35286638140678406,0.0005416036583483,0.0002296638704137
O54901_P22091,0.0021992,0.021027,0.016257,0.001980372704565525,0.0007725018076598,0.0004212109197396
Q9JIK9_P08505,0.0022185,0.012916,0.015934,0.008955707773566246,0.0005331978318281,0.0493744276463985
P51943_Q80WG5,0.0021962,0.012955,0.015968,0.29093363881111145,0.0002329545386601,0.0003207401023246
Q9Z1K6_Q8R464,0.0021946,0.013094,0.015885,0.0011893082410097122,0.0004544358816929,0.0119513859972357
Q3TNS5_Q5EE38,0.0027598,0.012987,0.017147,0.25542739033699036,0.9989315867424012,0.0302602741867303
Q80V24_Q61079,0.47683,0.013236,0.017897,0.03791114315390587,0.0019632007461041,0.1539981365203857
Q9Z0H7_P01898,0.0021774,0.012975,0.016042,0.08082102239131927,0.0010378303704783,0.3686892390251159
Q18PE0_P61161,0.0021839,0.013066,0.018249,0.07621121406555176,0.0077284011058509,0.0002039935498032
P23804_Q9CXW4,0.0021723,0.012958,0.015932,0.030784474685788155,0.0003704515693243,0.0001943811948876
Q9CQ20_Q68EF6,0.0027955,0.012996,0.016199,0.16426074504852295,0.0169350262731313,0.0004207249730825
O35593_P48025,0.0021821,0.012985,0.016654,0.06839357316493988,0.000618893885985,0.0020177557598799
Q8BJ56_P18526,0.0022584,0.013265,0.016019,0.005934190470725298,0.0108752017840743,0.0002173058019252
P00397_P47713,0.002184,0.012957,0.015879,0.03912282735109329,0.0003393480437807,0.000970441440586
Q9JJV2_Q80V24,0.0021763,0.012919,0.015966,0.03515756502747536,0.0043479781597852,0.0105784367769956
Q8BHJ5_P01865,0.0022187,0.01473,0.016035,0.49540501832962036,0.000403269106755,0.000384033715818
Q99M51_P06332,0.0021887,0.012985,0.015989,0.3852306008338928,0.0024266415275633,0.0202231183648109
Q8VEG6_Q99PT1,0.0021944,0.013018,0.016287,0.3536290228366852,0.1647890210151672,0.0003037236165255
Q9Z0F8_P18531,0.0023587,0.020058,0.093345,0.01499133836477995,0.0458479449152946,0.0203240569680929
Q99LM9_Q9EST8,0.0022077,0.013026,0.016202,0.011977207846939564,0.0012977942824363,0.9553011059761048
Q9CQA5_Q04735,0.004402,0.01299,0.016084,0.14362239837646484,0.0080104209482669,0.1238419115543365
P52927_Q9QWF0,0.0022297,0.013005,0.016193,0.11917909234762192,0.0348898507654666,0.0164749585092067
Q9JMA2_Q9JIH2,0.0022003,0.013036,0.015916,0.09848542511463165,0.0008650469826534,0.0025350414216518
Q9R0Q1_Q65ZI1,0.0022144,0.015122,0.016459,0.020721858367323875,0.0080810990184545,0.0192337315529584
P98156_P31041,0.0030006,0.021148,0.05267,0.005604346748441458,0.0061935801059007,0.0005053320201113
P26043_Q60636,0.0022322,0.012986,0.015947,0.16117027401924133,0.0005736912135034,0.0004792684921994
P01865_Q9CQ18,0.0022022,0.013624,0.015885,0.07862438261508942,0.0004380238533485,0.1386341601610183
P18181_Q9D8C6,0.0021964,0.012929,0.015898,0.14848315715789795,0.0002257070882478,0.8398900032043457
P62192_P00757,0.0022133,0.012988,0.01593,0.0071219950914382935,0.0003844873863272,0.0048687527887523
Q9JIF7_O54828,0.0026299,0.013099,0.016605,0.5435705780982971,0.0004087181878276,0.8818411827087402
P63143_P35330,0.0021831,0.014757,0.016629,0.02808135747909546,0.0005592408706434,0.0024250780697911
Q60778_Q6P8Y0,0.0021672,0.013025,0.015923,0.31815505027770996,0.0027996806893497,0.0005954615189693
P70175_P28078,0.002179,0.012985,0.015965,0.26360079646110535,0.0012701983796432,0.0007949841674417
Q9CQP2_Q9R000,0.0021895,0.012942,0.01591,0.007695103995501995,0.0099111897870898,0.0020745173096656
Q6PD24_Q61881,0.0021997,0.013055,0.015961,0.29505839943885803,0.0003274472255725,0.001392999314703
O54828_Q8R502,0.002239,0.01297,0.016069,0.3184772729873657,0.0009477130370214,0.0005010183667764
P15247_Q80XZ4,0.0022643,0.043432,0.028824,0.007542075123637915,0.4142230451107025,0.000777896202635
Q03358_Q9CQY9,0.0022917,0.01341,0.018362,0.02108112722635269,0.0003263757098466,0.0051852217875421
Q3V0Q6_P47941,0.0022089,0.013002,0.01603,0.003788331989198923,0.0006283248658291,0.0225194059312343
Q6SP97_P01665,0.0021909,0.01295,0.015904,0.07675429433584213,0.0004767758073285,0.0186889711767435
O88508_Q9CPX8,0.0024387,0.012964,0.015892,0.059158653020858765,0.0034026899375021,0.0020356276072561
Q8VDS3_Q9CR21,0.0022107,0.013047,0.016087,0.2379925400018692,0.0003647207922767,0.0684989467263221
P56391_Q62232,0.0022009,0.012934,0.015882,0.48692062497138977,0.0003891571541316,0.2328359484672546
Q03526_Q9D855,0.0024742,0.012964,0.015931,0.132622629404068,0.000275214551948,0.00026082873228
Q52L64_P54763,0.0030179,0.038773,0.15657,0.17308036983013153,0.2184474617242813,0.2625106573104858
P50538_P28028,0.0028444,0.013078,0.017266,0.0986735075712204,0.0033254134468734,0.0009539047023281
P26450_Q9QUN7,0.0021788,0.013022,0.015975,0.1623201072216034,0.0006371302297338,0.0112217087298631
P36898_P23204,0.0022301,0.013289,0.018996,0.00304043130017817,0.0016979195643216,0.0021635806187987
P48168_Q9EQ14,0.0022495,0.035817,0.085976,0.17936480045318604,0.0026510856114327,0.000326128443703
P01738_Q9JIK5,0.0022351,0.015264,0.019416,0.007218230050057173,0.0007403983036056,0.0735023021697998
Q9CZ44_Q922G7,0.0021781,0.012927,0.015898,0.010665001347661018,0.0006357139209285,0.0853070095181465
O35730_P01823,0.0022063,0.013619,0.017113,0.2575058937072754,0.0004654321819543,0.0092912651598453
Q8BFU0_P83940,0.0022427,0.012986,0.015898,0.05873342975974083,0.000639573787339,0.0293718893080949
P61957_Q6PHU5,0.0022685,0.01295,0.015929,0.004419830162078142,0.0005561183206737,0.0005429025040939
P49722_Q63932,0.0022254,0.012952,0.015935,0.012254554778337479,0.0002136730909114,0.0045500947162508
Q99M51_P47713,0.0021784,0.012989,0.016053,0.1660062074661255,0.0139997499063611,0.0648033246397972
Q8C031_Q9D8B7,0.0089683,0.42686,0.068757,0.005528220906853676,0.9979653358459472,0.0028746579773724
Q62193_Q80ZV0,0.0021835,0.012939,0.015897,0.01447302382439375,0.0006038771243765,0.0083562210202217
Q9D2R8_P03903,0.0022558,0.012917,0.015883,0.18233707547187805,0.0007995280320756,0.0692015066742897
P19783_P48787,0.0022008,0.012934,0.015939,0.01383323036134243,0.0005783000960946,0.0034841313026845
Q62108_Q9CZY3,0.0021755,0.01307,0.015994,0.4082505404949188,0.0010298652341589,0.0004526154370978
E9Q9F6_P27512,0.0026785,0.014463,0.033327,0.3600063920021057,0.0017134698573499,0.0005457310471683
Q8R464_P07141,0.0055969,0.02947,0.16451,0.0065948148258030415,0.0115707740187644,0.0010862790513783
Q9Z2U0_G0YP42,0.0022146,0.013674,0.015868,0.3051832616329193,0.0002990692446473,0.0024413259234279
P28741_P53566,0.53263,0.079995,0.015995,0.023398835211992264,0.0015384620055556,0.231045201420784
Q9WTM5_G5E8A8,0.0021785,0.012953,0.015906,0.002607281319797039,0.0004918233607895,0.0280411075800657
P22605_Q8C0D7,0.0022575,0.013061,0.05955,0.06231486052274704,0.0004068347916472,0.0005490172188729
P84228_Q8R0L9,0.0023025,0.012943,0.034406,0.013919031247496605,0.9985587000846864,0.0002549650671426
P01108_Q3V0Q6,0.0060606,0.013009,0.016253,0.24806524813175201,0.0026751526165753,0.0016573454486206
P70441_Q9WU39,0.0022493,0.012948,0.016135,0.026706678792834282,0.0010491493158042,0.0449250042438507
Q9CPX8_P27038,0.0033304,0.01297,0.01592,0.04477228596806526,0.0004870491393376,0.0046122204512357
Q80U70_P02088,0.0021611,0.012917,0.015857,0.12029227614402771,0.0003001558361575,0.027849456295371
P00757_P04224,0.0022204,0.048385,0.1997,0.01117704063653946,0.0116782123222947,0.1360647529363632
Q8BGD7_Q00422,0.0022341,0.012981,0.016027,0.03329366445541382,0.0003051949606742,0.000601070059929
O35305_O55013,0.0021963,0.012967,0.015912,0.15240344405174255,0.0007749813958071,0.0004799317975994
Q8VCI5_P68373,0.0022339,0.013,0.015904,0.2616409659385681,0.0212179347872734,0.2247126102447509
P01647_P01590,0.002221,0.015568,0.073627,0.14409014582633972,0.0199539791792631,0.0047520417720079
P24604_Q04207,0.0021919,0.013021,0.018601,0.010730474255979061,0.003182205138728,0.3191711604595184
Q60765_Q62264,0.0024116,0.01362,0.015954,0.053661562502384186,0.0005588729400187,0.0009676504414528
Q04207_Q07440,0.002172,0.01294,0.015929,0.005159691441804171,0.0044864546507596,0.0510415881872177
P21784_Q9CQ18,0.0021843,0.012937,0.015963,0.009014062583446503,0.0010113524040207,0.0005414229817688
P16330_Q62108,0.0021956,0.01296,0.015946,0.4354146420955658,0.0004716889234259,0.1462047547101974
Q60989_Q9JIY5,0.0021996,0.012959,0.015906,0.019480546936392784,0.0004250847268849,0.0158127434551715
Q61207_P35980,0.002189,0.012924,0.015907,0.009679257869720459,0.0003232151502743,0.0003490556846372
P48025_Q6QLQ4,0.0023301,0.013105,0.020136,0.008372393436729908,0.0024248068220913,0.8223171830177307
P97864_P68369,0.0021887,0.013323,0.015991,0.0032859283965080976,0.0099563244730234,0.0344026871025562
Q8K3J1_Q61881,0.0023066,0.012975,0.015916,0.007612574379891157,0.0003220205544494,0.002210738370195
Q9D4G2_Q8R2X8,0.931,0.87476,0.015985,0.03558211773633957,0.9611369371414183,0.0042608375661075
Q07832_P46061,0.0021735,0.013003,0.018192,0.22242069244384766,0.7865326404571533,0.1511058658361435
O88485_O54790,0.002442,0.014465,0.015986,0.03254534304141998,0.0010753896785899,0.0025701625272631
Q9JIE6_P01837,0.0022334,0.013504,0.015948,0.06541033834218979,0.0174393467605114,0.433724045753479
O88566_Q9CXU1,0.0021818,0.012931,0.015894,0.022632744163274765,0.002120352583006,0.0117470026016235
P98084_Q01853,0.0022231,0.012957,0.016067,0.03264347091317177,0.0009108233498409,0.0037026570644229
P05214_P10085,0.0021752,0.013212,0.016008,0.000732492539100349,0.0012253444874659,0.0055362829007208
P53762_Q61079,0.1411,0.017001,0.14257,0.001765733351930976,0.9983123540878296,0.0487160980701446
Q99N87_P47941,0.0021881,0.013037,0.01658,0.0073133730329573154,0.000293174321996,0.0002446222351863
Q9Z1S8_Q8JZM0,0.0021801,0.012968,0.015943,0.10612187534570694,0.0004613184137269,0.092608243227005
Q60972_Q99NC0,0.0025623,0.013019,0.016031,0.06682901084423065,0.018208036199212,0.1942175179719925
P15314_P28078,0.0021974,0.01295,0.01597,0.010324912145733833,0.0004090561706107,0.0002621860767249
Q9CQP2_Q06890,0.0022988,0.012933,0.015906,0.337051659822464,0.0004672623181249,0.9039680361747742
Q9WU39_P98084,0.0022017,0.012933,0.016435,0.29167503118515015,0.0007210224866867,0.0903395265340805
Q8C6E0_Q5NCF2,0.002186,0.012951,0.015948,0.04477117583155632,0.0026169293560087,0.0003929774102289
Q68EF6_Q62170,0.0028977,0.013223,0.016177,0.21632014214992523,0.0011863596737384,0.0060354927554726
P05532_Q60631,0.0021988,0.013135,0.0353,0.08626002073287964,0.0009203241206705,0.0013715284876525
P70196_Q80TQ2,0.0022248,0.013118,0.01623,0.010818259790539742,0.00070114195114,0.016352018341422
P62858_Q9D4K5,0.0022179,0.012934,0.015875,0.09998143464326859,0.0009348717867396,0.0044160736724734
P61092_P51450,0.002184,0.013018,0.16064,0.22218412160873413,0.0006087349611334,0.0002687440428417
P01897_Q9Z138,0.0022347,0.1139,0.051799,0.08724254369735718,0.9976344108581544,0.0004176719812676
P70445_Q6ZWY9,0.0077743,0.012955,0.016124,0.010249888524413109,0.000970369845163,0.0155968135222792
Q64337_Q62424,0.002223,0.013068,0.016009,0.28364813327789307,0.0039290944114327,0.0002378129865974
P48437_P08152,0.27075,0.013083,0.016082,0.4433138370513916,0.0011976617388427,0.0002720093470998
Q9DAK2_Q9CPP6,0.0022024,0.012927,0.015901,0.058055099099874496,0.0022214942146092,0.0006785589503124
Q01887_P10417,0.0022482,0.012954,0.02215,0.6590057611465454,0.0003721912507899,0.0010515713365748
P48787_Q9DBG6,0.0021986,0.012982,0.015892,0.09438728541135788,0.0002613694232422,0.0001347775832982
P23819_Q99JX3,0.002191,0.012954,0.015919,0.47567275166511536,0.0021991145331412,0.002557850908488
Q924T2_O08734,0.0021886,0.013066,0.030436,0.5185709595680237,0.0002257419691886,0.176692247390747
Q9CQT6_P48168,0.0022613,0.012941,0.016653,0.24685433506965637,0.0019294654484838,0.3634470999240875
P84751_Q80XE1,0.0021787,0.014687,0.015961,0.0725606232881546,0.0024599146563559,0.0012397599639371
O70469_P68372,0.0021802,0.013045,0.016165,0.004792025312781334,0.0016359689179807,0.043627593666315
P25446_Q03347,0.002183,0.013101,0.017055,0.04337673261761665,0.0004360763705335,0.1090247333049774
Q9Z2X8_Q9CWE6,0.0021873,0.012954,0.015933,0.36587953567504883,0.0009699783986434,0.0592793859541416
Q8VEG6_P16330,0.0021816,0.012935,0.015909,0.018367769196629524,0.0008692141273058,0.0034931257832795
Q60770_O08915,0.0021754,0.012966,0.015928,0.21714332699775696,0.0008582988521084,0.0372743122279644
O55029_P63325,0.0021981,0.012947,0.015961,0.19858859479427338,0.0010472050635144,0.0033323476091027
P01108_Q69ZK9,0.0022676,0.013099,0.016037,0.1204434260725975,0.0004298523126635,0.00029221130535
P15261_Q01887,0.0024365,0.032458,0.071685,0.025575712323188782,0.9985785484313964,0.0002992463705595
Q99JY1_Q9WVK0,0.0021964,0.012953,0.015893,0.2545517086982727,0.0003114980936516,0.0020088129676878
P70445_Q9D131,0.0022036,0.012922,0.015918,0.2598350942134857,0.0006859268760308,0.0156293008476495
P29452_Q9EPB4,0.0021704,0.012938,0.015953,0.005389079451560974,0.7568848729133606,0.0467705093324184
P53986_Q9JM54,0.0022054,0.012958,0.015892,0.21188293397426605,0.0007101409719325,0.007095172535628
P14753_G5E8A8,0.0027059,0.013189,0.018407,0.11859240382909775,0.0005452745826914,0.4387923181056976
Q6PHU5_P26231,0.0021703,0.012949,0.015898,0.11894557625055313,0.0003461547603365,0.0030384908895939
P63248_Q8VCB2,0.0021745,0.012956,0.01591,0.024073798209428787,0.0263929609209299,0.002546502277255
P42567_P01679,0.0021882,0.013639,0.016041,0.070391446352005,0.0194487981498241,0.0004709561762865
P51667_P70195,0.0021954,0.013025,0.015932,0.004356179852038622,0.0002730824926402,0.0008543886942788
Q60973_Q61188,0.0022173,0.013175,0.091007,0.006009488832205534,0.9958257675170898,0.0091207353398203
A2NUE8_Q9D2N4,0.0021835,0.013131,0.015932,0.05096258223056793,0.0104204667732119,0.3924046158790588
Q9CR61_Q8VI33,0.0021899,0.012948,0.015967,0.0984010323882103,0.006340108346194,0.0004357992147561
P14719_P35438,0.0022305,0.013832,0.021682,0.05521225929260254,0.0064857006072998,0.0004309471987653
Q8CJG0_Q62227,0.0021732,0.013028,0.016601,0.02267267554998398,0.0002648878726176,0.0014484415296465
P0CG50_Q8CHU3,0.002194,0.013054,0.0159,0.04420188069343567,0.0344741456210613,0.0003217738121747
P25446_Q924X6,0.0034455,0.091971,0.33515,0.061278507113456726,0.0105143375694751,0.0006961115286685
Q8BVZ1_P58283,0.0021983,0.013001,0.015944,0.544676661491394,0.0014658084837719,0.0046308012679219
P97371_Q5XJY5,0.0021889,0.012936,0.015937,0.22366906702518463,0.0037808048073202,0.0005909883184358
D3Z338_P61092,0.0022047,0.012984,0.015907,0.00661430275067687,0.0002346330584259,0.0007472356664948
P61979_Q9DC40,0.0021888,0.013172,0.016515,0.3564349412918091,0.0032129224855452,0.002123121637851
O88509_Q9CWR8,0.0023477,0.013244,0.018686,0.26175543665885925,0.1223040223121643,0.1179607808589935
Q8VEA4_Q03347,0.0021776,0.012951,0.016011,0.016729746013879776,0.0244546514004468,0.0011295623844489
P16872_Q9Z2U1,0.0021782,0.012958,0.015895,0.0009501766180619597,0.0002654364798218,0.0068947421386837
Q9CQ75_Q9JIL4,0.0021872,0.012969,0.015915,0.19126740097999573,0.000993242720142,0.0005012731999158
P52795_P29352,0.0024302,0.012987,0.016135,0.011213958263397217,0.0024392388295382,0.0034350077621638
O88508_O88951,0.0021986,0.012951,0.016028,0.29569321870803833,0.000947406864725,0.0063424785621464
P60904_P63017,0.002285,0.013043,0.14143,0.0881987065076828,0.0020948688033968,0.0002138343261322
P55258_P04925,0.0041897,0.013562,0.017789,0.0828520730137825,0.0003238558128941,0.0003298645606264
P29351_Q6PAT0,0.0021729,0.013002,0.015951,0.18226255476474762,0.001113366917707,0.2266341894865036
P18532_Q65ZI1,0.41741,0.75288,0.51716,0.013773280195891857,0.0075028114952147,0.0233040936291217
Q9ERE9_Q63932,0.0022907,0.01299,0.017311,0.22093214094638824,0.2767936587333679,0.0016274157678708
Q8CGN5_P62862,0.002213,0.012944,0.077684,0.005037922412157059,0.0042976406402885,0.0007593057816848
Q04207_Q60769,0.0023977,0.012967,0.016051,0.0939701572060585,0.0049072676338255,0.0112251788377761
P70340_P97471,0.011044,0.012938,0.016017,0.3159591853618622,0.9988977909088136,0.0009844313608482
Q04211_P46737,0.002201,0.012935,0.015954,0.24619857966899872,0.0003434635000303,0.0009103722404688
P11440_P18525,0.0030296,0.017244,0.016741,0.04698874428868294,0.0040023075416684,0.0014912808546796
Q9EQH3_P14432,0.0021826,0.017452,0.015931,0.05137742683291435,0.0002958750119432,0.0001276152615901
O08675_Q61179,0.0022462,0.012985,0.016028,0.07911095768213272,0.0003678829816635,0.0002729133120737
Q62231_Q8BG40,0.038878,0.012977,0.015981,0.052438825368881226,0.1469747871160507,0.0043469732627272
Q925K9_P15105,0.0021824,0.012951,0.01591,0.07698648422956467,0.0002421203826088,0.9298580288887024
O54790_P97302,0.13277,0.53777,0.019232,0.06616152077913284,0.0015305359847843,0.0103537775576114
Q9DAS2_Q04207,0.0022306,0.012964,0.016038,0.0189093966037035,0.0514268018305301,0.0037105339579284
Q08369_Q9CZ82,0.0021682,0.012951,0.015894,0.030190501362085342,0.0006819300469942,0.0331025868654251
Q8K2F0_O88621,0.0022144,0.013123,0.015934,0.008958565071225166,0.0171685144305229,0.0005778617342002
Q9CQ39_P05977,0.002219,0.013032,0.015904,0.02313992939889431,0.0003918628499377,0.0003794426156673
Q7TSN7_Q6DIA7,0.011559,0.013032,0.016875,0.5329689979553223,0.0014981033746153,0.0294847413897514
Q9CQI9_Q9D8T2,0.0022182,0.01293,0.016067,0.005917135160416365,0.0004910178831778,0.0038114513736218
Q811G0_P01139,0.0022471,0.01298,0.016449,0.10668143630027771,0.0005857144133187,0.0016388663789257
Q6IMH0_Q9JHD1,0.0021736,0.012916,0.015924,0.24084393680095673,0.8262407779693604,0.001753140008077
P15535_Q8C2B3,0.0022053,0.013094,0.016279,0.022738860920071602,0.0018190130358561,0.0078902337700128
P60904_P27038,0.0022302,0.012985,0.016433,0.0029621513094753027,0.0004839721950702,0.9354780912399292
Q64028_A2ARP9,0.0023069,0.012971,0.016013,0.047947827726602554,0.001334189902991,0.0006925323978066
Q63810_Q9QZE7,0.0021885,0.013007,0.015894,0.01594051718711853,0.0008576730033382,0.0025091639254242
Q99KP6_Q8BVN3,0.0021984,0.013055,0.016953,0.12316059321165085,0.0006776309455744,0.0081174606457352
P53986_Q8CGN5,0.0021855,0.01305,0.015902,0.16365166008472443,0.0004826362419407,0.0755563750863075
P23772_P18531,0.0022066,0.013122,0.015969,0.3114757239818573,0.0040398803539574,0.003918276168406
O08586_P42582,0.0022647,0.013008,0.01911,0.10579729080200195,0.0004410922701936,0.2489028722047805
P35951_Q03358,0.0023477,0.013174,0.01642,0.019185304641723633,0.0016151053132489,0.0179701801389455
P13297_Q62406,0.002547,0.013078,0.02055,0.14996449649333954,0.0042399759404361,0.0009508147486485
Q80Y75_P98083,0.0021854,0.013061,0.015941,0.10836569964885712,0.0003204265376552,0.0024136260617524
P70217_A0A0M3KL48,0.0022283,0.014379,0.01617,0.0031355884857475758,0.0019664715509861,0.0016170033486559
P09542_Q9CZY3,0.0021844,0.013503,0.016004,0.012541944161057472,0.0004502965020947,0.2870521545410156
Q63943_P11440,0.0028146,0.01302,0.016814,0.6134439706802368,0.2501822113990783,0.0154812829568982
Q61179_Q60902,0.0022111,0.012968,0.016011,0.12286130338907242,0.0028813756071031,0.0654835328459739
P47963_Q61127,0.0021831,0.012921,0.015906,0.005190955940634012,0.0103189349174499,0.0006742217228747
Q61102_Q9WTM5,0.0023404,0.013092,0.016558,0.011317728087306023,0.0005268136737868,0.004228392150253
P70188_Q9D8E6,0.0021822,0.013079,0.016542,0.462767094373703,0.0004307892813812,0.0516096055507659
Q8C031_Q9CZQ9,0.0021999,0.012956,0.016061,0.026263169944286346,0.0010970388539135,0.0048199407756328
O55203_Q9D032,0.58432,0.012941,0.016005,0.005840232130140066,0.0846453383564949,0.9878389835357666
Q9CVD2_Q80ZK0,0.0021829,0.012925,0.01588,0.0980246439576149,0.000390918488847,0.0017476710490882
Q8BG40_O09108,0.0022048,0.013415,0.016033,0.01420180220156908,0.0032174736261367,0.0005228479276411
P58059_P18531,0.0022467,0.012949,0.015867,0.12002444267272949,0.0003164233348798,0.0117209795862436
Q5NCF2_P04224,0.0021918,0.013036,0.015881,0.4639277458190918,0.0002764128730632,0.0036199102178215
P52189_O09108,0.0022621,0.013273,0.019896,0.1971142739057541,0.0012222577352076,0.2758783400058746
Q9D9U9_P47713,0.0021748,0.012959,0.016064,0.04955644905567169,0.0021479413844645,0.0001496696204412
O70469_Q3TTA7,0.065224,0.013022,0.016811,0.11510682851076126,0.0049643153324723,0.0027642536442726
Q8VD72_P20067,0.0021783,0.013406,0.015913,0.17117895185947418,0.0015588826499879,0.0259534511715173
O88384_P70280,0.42548,0.10712,0.020456,0.09581467509269714,0.0018394766375422,0.4424281716346741
O35182_Q8C669,0.0021987,0.012938,0.016004,0.2285793274641037,0.013963165692985,0.0005036600050516
P35396_Q9CZX0,0.0021848,0.012963,0.015907,0.4386897683143616,0.0014223563484847,0.1678262203931808
O35618_Q9EPK5,0.0035596,0.013002,0.01599,0.22736401855945587,0.0007152709295041,0.0002898290695156
P01808_P48346,0.0021764,0.013013,0.015898,0.3202846348285675,0.0473937094211578,0.438645452260971
P01580_Q059U7,0.0021715,0.012921,0.015898,0.3687240481376648,0.0008596865809522,0.0013094085734337
Q2VPU4_P07356,0.0021888,0.012944,0.015897,0.16159777343273163,0.019554067403078,0.6055035591125488
Q8C1B7_O08795,0.0023752,0.013051,0.016055,0.018399959430098534,0.0004386861692182,0.0001958729408215
Q61423_Q62108,0.0022005,0.012979,0.018215,0.2573986053466797,0.0051266876980662,0.1022435501217842
P62309_Q6PHZ2,0.0022122,0.013064,0.015934,0.07951721549034119,0.0002725859230849,0.0005179878789931
Q61188_Q80U70,0.0047476,0.012924,0.023599,0.21002696454524994,0.0408879183232784,0.9437165856361388
Q9ERK7_Q8R4A3,0.0023124,0.012996,0.016282,0.24761763215065002,0.0003806953609455,0.0003400802670512
P51150_P61809,0.0021923,0.013256,0.015937,0.1022394597530365,0.0008226340287365,0.2099647670984268
Q811G0_P22725,0.002175,0.012941,0.016231,0.074647918343544,0.0002636213321238,0.0007931378786452
Q8CDI2_P48168,0.0022502,0.012954,0.016094,0.004591031931340694,0.0004917371552437,0.0002748209808487
Q8CGS2_P04224,0.0043616,0.75354,0.044458,0.07296949625015259,0.9962054491043092,0.0567991062998771
Q8BVM4_Q61091,0.0022006,0.013037,0.015907,0.0038360608741641045,0.0007132772007025,0.0002951841452158
P25446_Q61160,0.002183,0.012945,0.015946,0.32448610663414,0.005040121730417,0.0418636240065097
P62137_Q9EPC1,0.002177,0.012974,0.016544,0.006097651552408934,0.0080360267311334,0.0002481839328538
Q149S1_O55029,0.0022929,0.013481,0.015962,0.025857962667942047,0.0037649238947778,0.0039872736670076
Q60825_Q9JIL4,0.0021978,0.012961,0.016152,0.07551014423370361,0.0005272618145681,0.006769529543817
P62315_Q62170,0.0021964,0.013009,0.01587,0.4059314429759979,0.0002348383131902,0.0017686075298115
Q9D9D9_O88566,0.0022137,0.012929,0.015896,0.048745717853307724,0.0008118999539874,0.0004172141198068
P50538_Q2VPU4,0.03115,0.019429,0.016152,0.03889905661344528,0.0156967230141162,0.0030159873422235
P70338_P70441,0.029825,0.013059,0.01684,0.23644396662712097,0.0161363687366247,0.1863289326429367
P26450_Q9WU38,0.0021907,0.012944,0.015933,0.23123744130134583,0.0003034182591363,0.9725254774093628
P20109_P62754,0.0022064,0.012937,0.015889,0.05338620766997337,0.0004071011207997,0.0230032969266176
Q922G7_P04228,0.0021917,0.013005,0.01588,0.07532207667827606,0.0008066745358519,0.0178692638874053
Q6R891_Q9JJV2,0.0021828,0.012935,0.015967,0.2765563130378723,0.005847149528563,0.0016103519592434
O55029_Q60787,0.0022241,0.013052,0.016076,0.07383143901824951,0.0102359084412455,0.0002277063176734
Q9CQ20_P16951,0.0048612,0.012957,0.015983,0.06133656948804855,0.0012717630015686,0.4262354075908661
P39054_Q7TQF7,0.1223,0.013181,0.016128,0.034588150680065155,0.0041982610709965,0.3680965304374695
Q63934_P98084,0.0022013,0.012974,0.015992,0.4705082178115845,0.0020376248285174,0.3676323890686035
Q9JHD2_O09044,0.0021921,0.01295,0.015925,0.03781094402074814,0.0024325726553797,0.561115026473999
P61161_O88447,0.0022664,0.014242,0.016013,0.3035893440246582,0.0023429305292665,0.1321813315153122
P54728_Q8BVN3,0.0021799,0.012951,0.015931,0.03258460387587547,0.0002830428711604,0.0263197030872106
Q91V27_P22723,0.0021969,0.012969,0.016164,0.15573818981647491,0.0027020752895623,0.0023381663486361
Q62093_Q07832,0.0022313,0.013065,0.030531,0.09127628803253174,0.0009608013788238,0.0034917849116027
Q61881_Q9EQS3,0.0022275,0.012982,0.015921,0.06516674906015396,0.0003554077702574,0.0018150613177567
P01897_Q61083,0.0021887,0.013084,0.016019,0.20395813882350922,0.001010343665257,0.0778025090694427
Q3V0Q6_P97351,0.002187,0.012928,0.015892,0.37834689021110535,0.0002746007230598,0.0006354243378154
P26687_P68372,0.0021809,0.013167,0.015959,0.3540933132171631,0.0007363632321357,0.000221138325287
Q9D0B8_Q9QUQ5,0.0022344,0.013064,0.01602,0.4750632643699646,0.0006593302241526,0.0047453166916966
Q9CXW2_P01823,0.0022148,0.013456,0.098605,0.031079187989234924,0.0003720152890309,0.0006619803607463
P63137_Q9D6J6,0.0022402,0.015774,0.017608,0.09255338460206985,0.0003343815333209,0.0051851850003004
Q99LY9_Q9DC37,0.0022163,0.01297,0.015891,0.0025617408100515604,0.0008592637022957,0.0001982214307645
O70174_Q9ERK7,0.050873,0.8129,0.73895,0.10248832404613495,0.9977845549583436,0.0055262893438339
P09022_Q03358,0.061003,0.013458,0.017198,0.07630528509616852,0.0335610136389732,0.0002927402674686
P27467_P61967,0.0021721,0.012937,0.015915,0.36004558205604553,0.0002831799793057,0.0006104483036324
Q8BUV3_Q91YI4,0.0021954,0.012942,0.015956,0.0214461050927639,0.0016979533247649,0.0002963385486509
O70274_P61982,0.0021941,0.013782,0.01594,0.13060300052165985,0.0124962413683533,0.0005154103855602
Q9WVB3_Q8CII9,0.0023567,0.012974,0.021051,0.24831543862819672,0.0004369387461338,0.0035106055438518
Q9CZ13_Q99K74,0.0021649,0.013554,0.015888,0.08200792223215103,0.0002945313754025,0.6117310523986816
O09108_P49138,0.0022201,0.013083,0.015934,0.19282306730747223,0.0004173728520981,0.0022121451329439
P28078_P09021,0.002188,0.014494,0.015974,0.0032136801164597273,0.0011797363404184,0.0638604313135147
Q9D8C6_P01661,0.0022125,0.013269,0.015877,0.04089166596531868,0.0003315086069051,0.0008731064735911
Q9R1P4_Q69ZK9,0.0021874,0.012943,0.015887,0.005105211399495602,0.0002486775629222,0.0004930019495077
P97484_P61924,0.0022221,0.012957,0.015909,0.004421307239681482,0.000355495722033,0.8716644048690796
I6L958_Q62232,0.0021922,0.014827,0.015979,0.25314006209373474,0.000634059892036,0.0004742408927995
P01108_P14206,0.0023017,0.013045,0.015907,0.19892819225788116,0.0003242701059207,0.0209501963108778
Q61190_O35864,0.0022078,0.012943,0.015929,0.0568309985101223,0.0002675797441042,0.0506935939192771
P24610_Q8BHN3,0.0022057,0.01302,0.015954,0.0059607382863759995,0.0005371911101974,0.0091802207753062
O89100_P17433,0.0025425,0.012996,0.016458,0.006326077040284872,0.0202068891376256,0.0008024287526495
O09110_Q9CZ82,0.0021732,0.012962,0.01592,0.253456175327301,0.0016837165458127,0.0019377365242689
P46096_P35922,0.0022027,0.012974,0.015966,0.1856498122215271,0.0006168246036395,0.2348621785640716
P00757_Q91VN6,0.0022582,0.013446,0.015909,0.20485053956508636,0.0003089362580794,0.0292031895369291
Q91XL9_Q6PAT0,0.0021758,0.013119,0.015942,0.029528163373470306,0.0004548855940811,0.0279629845172166
P48346_Q6ZWV7,0.0021855,0.012914,0.015899,0.5288646817207336,0.0002251431287731,0.0013130378210917
Q99LM9_P19783,0.0022211,0.012972,0.015895,0.03988093137741089,0.0002189058286603,0.0121823521330952
