pair,D-SCRIPT,Topsy-Turvy,TT3D,TUnA,PLM-interact,PLMDA-PPI
Q9UTI8_Q9US45,0.0021984,0.01292,0.015977,0.5541814565658569,0.0034006498754024,0.7655247449874878
Q09882_O94603,0.0024482,0.012932,0.016528,0.5856658816337585,0.0005061746924184,0.7079745531082153
Q09882_Q9USX3,0.0028489,0.01292,0.016496,0.1360791027545929,0.0225210916250944,0.9190348982810974
Q9UT52_P87245,0.090182,0.013126,0.016109,0.3565352261066437,0.9982571005821228,0.2180912047624588
O74531_Q9Y709,0.0021677,0.012942,0.015892,0.21235840022563934,0.0068320035934448,0.0013288168702274
P13681_P87027,0.0062206,0.02378,0.023322,0.7535737156867981,0.003365368116647,0.00038664296153
Q9UUB5_O74465,0.0022657,0.012927,0.01606,0.01941467635333538,0.0059202974662184,0.0002307032700628
O13681_P48011,0.0023316,0.013014,0.021835,0.04518280550837517,0.0033370894379913,0.9896636605262756
Q9UUJ1_Q1MTQ1,0.0022344,0.013483,0.016095,0.22121593356132507,0.0034164928365498,0.0020913162734359
O42991_P52890,0.0021762,0.012952,0.015931,0.2998894453048706,0.0003374641237314,0.0064569585956633
P29458_Q12701,0.030974,0.013036,0.023497,0.3037094473838806,0.0012872208608314,0.0207590721547603
Q12701_P10506,0.0046157,0.019234,0.31544,0.22904612123966217,0.9984717965126038,0.3508784174919128
Q09825_O74825,0.0022126,0.012922,0.015894,0.20455779135227203,0.0003760326653718,0.0105109987780451
Q9URY0_O94705,0.0022408,0.012953,0.015879,0.4383431077003479,0.0002973636437673,0.0143489148467779
O74499_O14010,0.0021932,0.012945,0.015894,0.8434730768203735,0.0010805509518831,0.9789851903915404
P05219_Q9USZ3,0.00219,0.013013,0.015879,0.3184792697429657,0.0003213593154214,0.2019219100475311
Q9Y7R3_O94326,0.031799,0.012915,0.019042,0.5225096344947815,0.99619460105896,0.988904058933258
P17937_Q92352,0.0021855,0.012941,0.015921,0.7920987606048584,0.0073349932208657,0.4517048895359039
P07527_P87323,0.88686,0.01299,0.021398,0.0773438811302185,0.07443568110466,0.0012929929653182
P04551_O94244,0.0022194,0.013815,0.019673,0.27456316351890564,0.0007049287087284,0.0003656220505945
O94238_P87245,0.0021993,0.013086,0.015904,0.23217183351516724,0.0006129391840659,0.9913771152496338
P40377_O13782,0.0021865,0.013253,0.015936,0.13073515892028809,0.0013457752065733,0.0004758407303597
Q09196_Q10366,0.0021726,0.013086,0.015889,0.029167046770453453,0.003889036597684,0.0007124853436835
P32372_Q9P7R9,0.0021897,0.013428,0.016617,0.18670053780078888,0.0419511124491691,0.0040034991689026
O42991_P56286,0.0022431,0.012942,0.015967,0.7686232924461365,0.9987125396728516,0.4730043411254883
P32390_P33520,0.0021971,0.013314,0.015934,0.08341071009635925,0.0470414236187934,0.029925912618637
P87173_Q9USG6,0.0021796,0.012975,0.015895,0.1422719806432724,0.0003778986574616,0.1000905558466911
P10815_P78972,0.70245,0.013084,0.027682,0.03831406682729721,0.0383168011903762,0.0220775473862886
Q9UTA4_P40235,0.0022307,0.01294,0.016113,0.07638567686080933,0.0933509171009063,0.0103990407660603
P0CU09_Q9P7J8,0.0023005,0.012959,0.016195,0.0766313299536705,0.0003442614106461,0.9822876453399658
Q9Y7Z1_P32390,0.0022831,0.01305,0.090185,0.09503643959760666,0.0009984618518501,0.0015724209370091
O14318_O14399,0.0022006,0.012966,0.015875,0.5793028473854065,0.0012684054672718,0.005857000593096
P40996_P50527,0.14913,0.012986,0.023325,0.10255437344312668,0.0479108057916164,0.2089186310768127
Q7LL14_C6Y4D0,0.0024449,0.013223,0.019764,0.07600892335176468,0.0005614188266918,0.0016872140113264
Q96WW3_Q9UTR8,0.0023183,0.012931,0.022393,0.24914610385894775,0.9980667233467102,0.0044957837089896
P09322_O42667,0.0021857,0.013064,0.016291,0.12548643350601196,0.0009920619195327,0.8886592984199524
O94360_O43080,0.0021907,0.012924,0.015906,0.7867807149887085,0.0003116495790891,0.0017750831320881
O42991_Q9US59,0.002215,0.012957,0.015935,0.00815220270305872,0.0003674024774227,0.0008816229528747
O94707_O60164,0.0053393,0.012916,0.017106,0.19745634496212006,0.067048966884613,0.6673202514648438
Q10366_O94244,0.0022162,0.013212,0.021189,0.07660587877035141,0.0005559373530559,0.0019947600085288
P49731_Q09761,0.0024918,0.01297,0.016049,0.5372229814529419,0.0154877621680498,0.989773452281952
O94658_O94620,0.0021957,0.012941,0.015993,0.3884981870651245,0.0016783574828878,0.7237255573272705
A6X980_O42978,0.0021814,0.013257,0.015863,0.20389245450496674,0.0005332237924449,0.0526572465896606
P40380_O74398,0.55843,0.013055,0.021344,0.03364589437842369,0.0107509884983301,0.1382828950881958
O60104_Q10429,0.0024373,0.01317,0.016305,0.13182640075683594,0.0003616541798692,0.0029079830273985
O42975_Q10429,0.014414,0.013311,0.048235,0.16073612868785858,0.9988773465156556,0.0487987250089645
P40381_P06652,0.0023038,0.013176,0.019702,0.3530360758304596,0.9986955523490906,0.0443416982889175
O43071_Q9P6M0,0.0086616,0.012987,0.048094,0.13452333211898804,0.0544576533138752,0.0244121514260768
O14246_P87238,0.0022708,0.012927,0.015972,0.07511693239212036,0.0015898514539003,0.0005394804175011
P41411_O94288,0.0033085,0.013363,0.017107,0.050044357776641846,0.009307756088674,0.3745047748088836
Q10428_P46595,0.0021757,0.013227,0.015896,0.6175678968429565,0.0007479093037545,0.0051914020441472
O13828_O14098,0.009782,0.013018,0.017,0.7499756217002869,0.0103028239682316,0.9693697690963744
O13953_Q09772,0.0022043,0.012945,0.016031,0.41126549243927,0.9418110251426696,0.0258345957845449
O74471_P0CH07,0.0022552,0.013078,0.016133,0.28519362211227417,0.0002833603939507,0.7631008625030518
O74804_Q09933,0.0023471,0.013629,0.017238,0.07912878692150116,0.0296827852725982,0.0068393712863326
O94668_Q07538,0.002384,0.012953,0.016509,0.10510490089654922,0.9975458979606628,0.1499873101711273
O74309_Q53EK2,0.0021708,0.012964,0.015917,0.08513517677783966,0.0169327221810817,0.0560692586004734
Q9US59_Q9P6Q6,0.0021838,0.012925,0.015945,0.5383942127227783,0.0003794232616201,0.9762142300605774
P36592_P40984,0.0021738,0.012957,0.015895,0.4147181510925293,0.0007745022885501,0.0005782694788649
O74309_P40377,0.0022266,0.013044,0.017796,0.1638883799314499,0.0197436790913343,0.7970485687255859
O74991_O59945,0.0021665,0.013084,0.015975,0.05367285758256912,0.0012192955473437,0.1663932055234909
P08647_P28829,0.0027159,0.013582,0.017895,0.015011637471616268,0.0742856860160827,0.9182507395744324
Q10193_P36618,0.0021728,0.012952,0.016241,0.10061022639274597,0.0006579379551112,0.0303562004119157
P40996_Q01112,0.0027968,0.013113,0.016833,0.22369499504566193,0.9983704686164856,0.0012131019029766
Q9P7M1_Q92399,0.0021793,0.012934,0.015913,0.003399790031835437,0.0082326587289571,0.020094446837902
P21135_P17937,0.0021855,0.012924,0.016086,0.04602602869272232,0.0482308529317379,0.0006941261817701
O14097_O94309,0.0022029,0.012941,0.015992,0.5869691371917725,0.0070588211528956,0.0241591334342956
O74736_P32434,0.0021768,0.014006,0.015975,0.11419397592544556,0.0005616614944301,0.0007586530409753
Q92366_P87074,0.0021783,0.012997,0.017141,0.31948497891426086,0.9986016154289246,0.0008873401675373
O13826_O43120,0.0022842,0.012946,0.016167,0.06382185220718384,0.0016367408679798,0.0017115793889388
O60016_P09988,0.0021951,0.012945,0.016841,0.24120832979679108,0.0213394053280353,0.0029986894223839
O74955_P40372,0.0022024,0.01295,0.01591,0.355973482131958,0.0002475399815011,0.0059328633360564
P41887_O94476,0.002182,0.012958,0.015956,0.6615646481513977,0.0006500720628537,0.1569472551345825
O94752_Q09858,0.002181,0.012938,0.015888,0.36864009499549866,0.0004485301906242,0.0019622496329247
Q0E7J7_P21135,0.0021834,0.012931,0.015923,0.3478979170322418,0.9971973896026612,0.1182692125439643
Q10430_Q10169,0.0021748,0.01296,0.015888,0.7820322513580322,0.0003882150340359,0.0244824737310409
O74895_Q12126,0.0021747,0.012974,0.015904,0.15137501060962677,0.0002969859633594,0.000216937114601
Q10429_Q10477,0.0024125,0.013101,0.016979,0.4915720522403717,0.0009394412627443,0.0039578727446496
O13836_P40995,0.0022011,0.012925,0.016018,0.09633727371692657,0.0005034974892623,0.3090420663356781
O74985_O94717,0.0022091,0.013368,0.022772,0.5163619518280029,0.0024734605103731,0.0008274717256426
Q9HDX9_Q9UT46,0.0021803,0.012941,0.015947,0.20107491314411163,0.0004378783633001,0.2368476092815399
Q11120_Q9USJ7,0.0021683,0.012965,0.015913,0.0064992462284862995,0.0239776652306318,0.000617386016529
Q1MTQ1_O14318,0.067571,0.055635,0.015977,0.22670163214206696,0.0465968213975429,0.2763203680515289
O60187_Q10322,0.003067,0.01346,0.015942,0.020953834056854248,0.0103152152150869,0.009586720727384
O74803_Q92366,0.0022159,0.012953,0.015914,0.04074299708008766,0.001441495376639,0.9595409035682678
O42846_Q1MTQ1,0.0021891,0.013076,0.015914,0.10302434116601944,0.0002744525845628,0.0215195603668689
O13978_P87169,0.002194,0.012937,0.015886,0.07206381857395172,0.0017350872512906,0.021619115024805
P78972_O43080,0.0022,0.012991,0.015917,0.4155348539352417,0.0099902600049972,0.0009230214636772
P87324_P87123,0.0021742,0.012936,0.015884,0.24167126417160034,0.0004619377723429,0.0005786221008747
P05764_Q09191,0.0022288,0.012938,0.015937,0.028398580849170685,0.0035574091598391,0.0273835286498069
O13688_O94668,0.0063947,0.013002,0.016065,0.035123810172080994,0.9989234805107116,0.989518105983734
P0CT68_Q7LL14,0.0022017,0.012945,0.015964,0.24718952178955078,0.0059393486008048,0.0081336135044693
P40995_P87324,0.0021927,0.012933,0.015978,0.0973057821393013,0.000495487533044,0.000757340225391
P25457_Q7LL14,0.0022057,0.012985,0.015947,0.21710416674613953,0.0030761081725358,0.420332133769989
Q9USG6_P87306,0.0021732,0.012928,0.016068,0.15653255581855774,0.0010797282448038,0.9088199138641356
O60104_Q9UTS6,0.0021946,0.012933,0.015895,0.15865415334701538,0.0002770357823465,0.0040235328488051
G2TRP5_O74653,0.0022893,0.012942,0.015879,0.004132325295358896,0.0004468828556127,0.0019998946227133
O74398_Q10295,0.014208,0.012952,0.016005,0.02721109427511692,0.0008327806717716,0.0010478242766112
O94534_Q9US59,0.0022561,0.01306,0.016652,0.444491446018219,0.9984583854675292,0.2065989077091217
O94238_O94609,0.0022478,0.012984,0.015984,0.22596478462219238,0.0002532647631596,0.015538009814918
P32434_Q9P7M1,0.0021857,0.012997,0.015938,0.04092251881957054,0.0019718767143785,0.0006141460617072
Q9UT52_Q09176,0.0021815,0.012936,0.015951,0.12904922664165497,0.598887026309967,0.083822451531887
P36618_Q9P7Q8,0.0022124,0.013442,0.016669,0.6433800458908081,0.0015823263674974,0.0459926500916481
P87215_Q12381,0.0022091,0.013103,0.016009,0.09960532933473587,0.173028290271759,0.7921530604362488
Q874R3_O74825,0.0021896,0.012926,0.015897,0.0342511385679245,0.000322219566442,0.5342721343040466
P37382_Q9Y7J4,0.0021947,0.012929,0.01597,0.3872193694114685,0.0004465481615625,0.0009515025303699
Q9UTA4_Q96WV9,0.0028264,0.012962,0.016222,0.4463333189487457,0.996061384677887,0.0024252647999674
Q9USM8_O14036,0.0021839,0.012963,0.015919,0.4718201756477356,0.0004010778502561,0.0426353737711906
O14010_P56523,0.0021844,0.012934,0.015944,0.2082315981388092,0.0024617840535938,0.0009979169117286
O13978_O74511,0.0021736,0.012937,0.015887,0.675504744052887,0.0074578723870217,0.0006412321235984
O94687_P14575,0.0022447,0.012929,0.015901,0.5276407599449158,0.0003514863492455,0.0012816234957426
O94376_P50523,0.0022521,0.012926,0.01589,0.02022048830986023,0.0003064151096623,0.9847412705421448
O94722_O94272,0.002201,0.012985,0.015915,0.030024440959095955,0.0002249231765745,0.9534473419189452
Q9USP0_Q03392,0.0021821,0.012941,0.015897,0.1591864675283432,0.0003882060118485,0.0553611777722835
P46595_Q9Y738,0.0021866,0.013005,0.015879,0.07945350557565689,0.0005643228068947,0.0008711362024769
P0CT70_P21534,0.0031352,0.01312,0.015977,0.699655294418335,0.0002415017952444,0.340323269367218
Q9P805_Q9UT72,0.0021984,0.012948,0.015883,0.4706471264362335,0.0063539356924593,0.0047195963561534
P50530_Q10198,0.22243,0.012976,0.017824,0.23703978955745697,0.0122357122600078,0.044287022203207
Q09116_P04688,0.0021991,0.013133,0.016539,0.377097487449646,0.0012430535862222,0.0823490992188453
P42656_P79005,0.0021904,0.013791,0.019225,0.2048221230506897,0.1054229438304901,0.5304645895957947
O42709_P49731,0.02779,0.012952,0.016661,0.08087634295225143,0.0550758950412273,0.0022495973389595
O94321_Q06182,0.0021799,0.012965,0.015904,0.06289134174585342,0.0003885717887897,0.0086013730615377
Q9UT72_Q07538,0.005026,0.013021,0.016284,0.13583709299564362,0.0237564779818058,0.0688044354319572
O94244_O60104,0.0022301,0.012981,0.016829,0.2701680660247803,0.904664158821106,0.0149573609232902
O14198_O59767,0.0022045,0.012954,0.015933,0.26129844784736633,0.0032520366366952,0.3407831192016601
O59751_P05764,0.002191,0.013016,0.015879,0.13979338109493256,0.0016570329898968,0.0041039185598492
O60104_Q10113,0.28631,0.062339,0.015963,0.21370390057563782,0.0008053649798966,0.0014485007850453
P07334_P05733,0.0021944,0.01294,0.015909,0.34290453791618347,0.008284437470138,0.0014539514668285
O94316_Q9UTI3,0.002179,0.012978,0.015913,0.1987922191619873,0.0092195179313421,0.0005862502730451
O14229_Q9P7P1,0.0022083,0.012933,0.016208,0.3849944770336151,0.9945307374000548,0.0860965698957443
Q9US59_O94707,0.0022129,0.012936,0.015975,0.01652541756629944,0.0029146869201213,0.0005884946440346
Q0E7J7_O94581,0.0021837,0.012927,0.015898,0.5120536088943481,0.0005559953278861,0.1602391451597213
Q10056_O59793,0.0071014,0.013002,0.016266,0.24558787047863007,0.0012305357959121,0.0212052948772907
O14064_O60158,0.0022088,0.01293,0.038944,0.1813596785068512,0.0081539852544665,0.0144584476947784
P41889_P87231,0.002865,0.013172,0.016635,0.1344107687473297,0.4616626501083374,0.0007625158759765
O13370_O14399,0.01256,0.013176,0.030107,0.11073876172304153,0.0003909974766429,0.0087416023015975
O14246_Q09772,0.0022591,0.012964,0.017624,0.16389071941375732,0.9981716871261596,0.00096866406966
O74446_Q10429,0.0021894,0.013039,0.015916,0.33722352981567383,0.018883803859353,0.9085960984230042
P0CG72_O74515,0.0021771,0.013138,0.015903,0.01071920245885849,0.0015374727081507,0.9907658100128174
Q9UTP0_P21534,0.0023504,0.012946,0.016005,0.003356634173542261,0.0004829898825846,0.0012822059215977
O13790_Q9UUC1,0.0021779,0.012908,0.015952,0.07023123651742935,0.0002228204975835,0.0025041897315531
O60150_P87123,0.0021808,0.012927,0.015877,0.27969950437545776,0.0002944109437521,0.0014280960895121
Q9P6Q6_O42995,0.0021921,0.012938,0.015915,0.0183931402862072,0.0152333136647939,0.7763875126838684
O13370_Q9P7M3,0.002201,0.013145,0.016005,0.12558384239673615,0.0117636434733867,0.0089140925556421
Q9P784_P13681,0.0021819,0.012955,0.01589,0.4539516568183899,0.0002352858427911,0.0012082073371857
P36583_Q10192,0.0021922,0.012944,0.015957,0.1254551261663437,0.0010044397786259,0.0054881502874195
Q92462_P56287,0.0025278,0.012935,0.015909,0.3092842996120453,0.0003010410873685,0.0008818956557661
Q92399_Q10316,0.0021905,0.012954,0.015908,0.527883768081665,0.0018257163465023,0.938980758190155
Q09761_O42978,0.0021755,0.012975,0.015873,0.029309192672371864,0.9947454929351808,0.0011143782176077
Q10585_P36601,0.0022004,0.012945,0.015918,0.0678616464138031,0.0011822923552244,0.0447595939040184
Q9P7T4_Q10322,0.0022174,0.013288,0.016034,0.36899566650390625,0.0009816992096602,0.9464496970176696
Q9UTE6_O14269,0.0022177,0.012916,0.016443,0.014515601098537445,0.0020785816013813,0.0074668112210929
O74531_O74825,0.0021859,0.012929,0.015904,0.09511340409517288,0.0003357280802447,0.0019820670131593
O60164_Q9P4W1,0.0025511,0.013204,0.015909,0.1836768090724945,0.0067204451188445,0.0022753411903977
P36585_O59702,0.0021842,0.012971,0.015947,0.11269113421440125,0.0006833297666162,0.0002721857163123
Q9US52_P87123,0.0021841,0.01293,0.015874,0.019185954704880714,0.0014446257846429,0.0018104884075
Q92462_P79005,0.0022088,0.012932,0.015944,0.26600679755210876,0.0029737188015133,0.3212550580501556
O94547_Q10218,0.5131,0.013007,0.016538,0.4389326572418213,0.9655840396881104,0.0080667817965149
P79071_O74796,0.0022431,0.012916,0.0159,0.21019347012043,0.0004783291660714,0.0006521322065964
Q09906_Q9Y7J4,0.0022211,0.012912,0.015889,0.39879894256591797,0.0013033001450821,0.0083598801866173
O94616_Q10430,0.0022126,0.012956,0.015898,0.03214200586080551,0.0003224398824386,0.5575808882713318
Q9URY2_O94722,0.0024257,0.013018,0.021554,0.39514413475990295,0.0002873829216696,0.0015810227487236
Q9Y7Z7_O94705,0.0023769,0.012931,0.015894,0.519841194152832,0.0006447038031183,0.0019145293626934
O94268_P36622,0.0025205,0.01298,0.016102,0.5046744346618652,0.0003579084004741,0.9641592502593994
Q9P784_O14399,0.0021948,0.013009,0.01589,0.2771447002887726,0.000260517350398,0.0106638139113783
Q10432_Q9UT46,0.80423,0.013222,0.018073,0.026731865480542183,0.0008126844768412,0.3566356897354126
P28748_P36585,0.002186,0.012982,0.016151,0.10905725508928299,0.0002068338362732,0.9669314622879028
P04551_P07527,0.0033999,0.013825,0.060824,0.5084415674209595,0.0523315779864788,0.0171196963638067
O00102_P78946,0.002193,0.012946,0.015883,0.1150238960981369,0.000265573937213,0.3191121220588684
O74957_O94687,0.0021839,0.012923,0.016064,0.1319570243358612,0.004493816755712,0.00098682125099
Q9P7B7_Q09906,0.002211,0.012912,0.016081,0.03511660918593407,0.0002244024799438,0.000329953210894
Q10322_O94609,0.0021886,0.013094,0.016188,0.6027697920799255,0.0004822043993044,0.0228674691170454
O14399_Q10432,0.0021988,0.013053,0.015902,0.1435588002204895,0.0003554828290361,0.8084574341773987
O43120_O36019,0.0024732,0.01292,0.016533,0.24763336777687073,0.0069480445235967,0.6895104646682739
O14327_P36601,0.0026434,0.013626,0.016076,0.043526213616132736,0.0004475658060982,0.0008905415306799
O74398_Q10163,0.0052857,0.013037,0.015903,0.05322190746665001,0.0003248688590247,0.9547446370124816
P78761_O94444,0.0022555,0.01295,0.015936,0.012581880204379559,0.0002505102020222,0.0029815814923495
O13826_P36595,0.0021911,0.012978,0.016338,0.3410482406616211,0.0003972626873292,0.2988901436328888
Q9Y709_Q10951,0.0021647,0.012921,0.015905,0.13858312368392944,0.0005010271561332,0.0510458461940288
O13953_Q10109,0.0022865,0.01292,0.015937,0.34384119510650635,0.0009221389191225,0.0157504193484783
Q9UTE6_O94272,0.0021775,0.012943,0.015913,0.26301005482673645,0.00149535771925,0.1552302986383438
O42844_Q09898,0.036247,0.033227,0.24727,0.100453682243824,0.9948341846466064,0.0831867754459381
Q92366_P78761,0.0022542,0.012955,0.015918,0.4262937307357788,0.0046460158191621,0.0076277549378573
P79071_P04688,0.0022376,0.012961,0.015967,0.24104644358158112,0.0002905220899265,0.0048344586975872
P78789_P40995,0.0023521,0.012931,0.016239,0.10402524471282959,0.0077357613481581,0.0081990426406264
Q09822_Q09906,0.0037335,0.012957,0.015968,0.4106408655643463,0.0004393962153699,0.0055755297653377
O94450_P10651,0.0021815,0.012946,0.01594,0.14588840305805206,0.0006712496397085,0.0023838479537516
Q09685_P87310,0.0021819,0.012921,0.015922,0.3054759204387665,0.0082785598933696,0.0387201011180877
O94668_O74774,0.0021732,0.012934,0.015931,0.1821918934583664,0.0177438948303461,0.0147125544026494
P30261_Q10113,0.0045745,0.01294,0.016493,0.10523846000432968,0.0050380965694785,0.0630484521389007
P78814_O13615,0.0043287,0.013029,0.016073,0.531843900680542,0.0095723289996385,0.952489137649536
O42667_Q9UTS6,0.0022079,0.012959,0.015907,0.14767776429653168,0.0093172015622258,0.0897353589534759
O94658_O74653,0.0021778,0.012941,0.015917,0.3348654806613922,0.0003399702545721,0.0012900119181722
P27638_O74184,0.002209,0.014107,0.017375,0.142208993434906,0.0048353788442909,0.4816992282867431
P10506_P27638,0.0059419,0.021828,0.18632,0.07849602401256561,0.9985324144363404,0.0009952167747542
P29458_P40377,0.44144,0.01305,0.045923,0.30023038387298584,0.9987517595291138,0.0141251347959041
P21534_Q09882,0.0022296,0.012944,0.015896,0.6021303534507751,0.0014103087596595,0.0104480143636465
Q10113_P48009,0.024185,0.025876,0.016016,0.32512202858924866,0.0095353424549102,0.5519305467605591
O13877_O94752,0.0021883,0.012943,0.015911,0.6512795090675354,0.0005187853821553,0.004011710640043
Q09892_Q9HFE5,0.0021862,0.012985,0.016265,0.38116952776908875,0.0015115523710846,0.0025980374775826
Q9P6M0_Q09176,0.0022426,0.01294,0.015922,0.2466694712638855,0.5202230215072632,0.0082573750987648
O94376_P28829,0.0022832,0.012997,0.015938,0.0468224473297596,0.0005704904906451,0.3721587359905243
Q9C0Z9_Q09858,0.0022487,0.013009,0.015932,0.1783091425895691,0.001685881987214,0.8020922541618347
O13758_O42975,0.053838,0.013153,0.023372,0.6663476824760437,0.9981404542922974,0.3743704855442047
P21534_P78774,0.0024713,0.012953,0.015987,0.06235378235578537,0.0006500376039184,0.0400753505527973
Q10668_C6Y4D0,0.002202,0.012948,0.015945,0.004332676529884338,0.9316182136535645,0.188822329044342
Q10477_O94326,0.0032766,0.012931,0.01669,0.038090601563453674,0.0247060768306255,0.0004221334238536
Q10113_O14010,0.0026215,0.01295,0.015959,0.10827039182186127,0.000952458998654,0.09572584182024
O13339_O42832,0.0022058,0.012986,0.14071,0.3946188688278198,0.0051786145195364,0.0005638392176479
O74957_Q9P7B8,0.0021753,0.012915,0.015983,0.646338939666748,0.7907440066337585,0.0098879663273692
O94285_O74803,0.0021911,0.013026,0.015912,0.2936445474624634,0.0003961982729379,0.0347388535737991
O42991_Q9P6R1,0.0021792,0.012964,0.016737,0.09740730375051498,0.0003657079942058,0.2548631727695465
Q9P6R1_Q92372,0.016981,0.012941,0.015982,0.1265355348587036,0.2104372084140777,0.0172861330211162
P40381_Q06182,0.0021842,0.013004,0.015937,0.05679217725992203,0.9964095950126648,0.000986530794762
P32390_O74986,0.0021975,0.013089,0.015925,0.28870296478271484,0.0038380837067961,0.0303926579654216
O74515_Q10159,0.0026993,0.01299,0.015985,0.17440931499004364,0.0013092021690681,0.8966377377510071
Q10432_Q9P7E0,0.0022052,0.012939,0.015878,0.18970194458961487,0.0003730827011168,0.0016133622266352
O94360_Q9Y7U4,0.0021934,0.012932,0.015883,0.10011715441942215,0.0017230468802154,0.0007053238805383
O59751_P52822,0.0021763,0.013023,0.015957,0.4655330777168274,0.0003627295664045,0.1700944155454635
Q9UTK6_O13370,0.22924,0.013019,0.016316,0.13411179184913635,0.0092977499589324,0.9626993536949158
Q09142_O94698,0.0022249,0.013103,0.017499,0.3662293553352356,0.1145771816372871,0.9227104783058168
P36618_Q9Y7M6,0.0021776,0.012927,0.015873,0.29255861043930054,0.0007359405863098,0.0088321221992373
O94752_O59734,0.0029228,0.013956,0.015889,0.3577689230442047,0.0003052519750781,0.0082640126347541
Q10322_O14329,0.0021918,0.013056,0.0159,0.33921676874160767,0.0003458367718849,0.0041400557383894
O13877_O59790,0.0022497,0.012943,0.016056,0.4131610095500946,0.0002628127404022,0.0072547169402241
Q9P7M1_O42991,0.0021852,0.012926,0.019273,0.10968230664730072,0.0014418934006243,0.1417980194091797
Q9Y821_P87245,0.012163,0.025323,0.016004,0.6838733553886414,0.0149693442508578,0.0209067557007074
Q10429_Q9P7M3,0.0022095,0.013359,0.016023,0.1272083967924118,0.0038006629329174,0.0013969490537419
Q09772_Q10067,0.0057127,0.013032,0.016704,0.559514045715332,0.9822325706481934,0.008550738915801
O13286_P87051,0.002218,0.013307,0.016162,0.05395940691232681,0.9955090284347534,0.0046219872310757
Q9Y7J4_Q9UU79,0.0021871,0.012918,0.015883,0.029685817658901215,0.0014494087081402,0.1284656822681427
Q9USZ3_Q9UUE5,0.002192,0.012953,0.015887,0.1562953144311905,0.0012598177418112,0.4033422172069549
O74515_Q92372,0.0021828,0.012947,0.016048,0.25093355774879456,0.9989225268363952,0.0004411460831761
O74399_O94668,0.0022421,0.01313,0.016039,0.27251213788986206,0.996009349822998,0.0068295188248157
Q00619_O42846,0.0022026,0.012922,0.015878,0.3480296730995178,0.0003172255819663,0.7139890193939209
Q09822_Q9C0Z9,0.0021864,0.01294,0.015884,0.07537879049777985,0.0019767419435083,0.0012815636582672
Q9UUC6_Q10113,0.0021882,0.013015,0.015892,0.024139849469065666,0.0002662566839717,0.0005069598555564
O14343_Q9Y7Z1,0.0021814,0.013031,0.015954,0.17443004250526428,0.0003962090413551,0.074783980846405
P56286_O42661,0.0037333,0.013089,0.015952,0.7021801471710205,0.0013666383456438,0.003385211341083
O36023_Q9US59,0.0022059,0.012955,0.015941,0.005806612782180309,0.0032574231736361,0.991399884223938
O94408_P36625,0.0021768,0.012984,0.015876,0.012264457531273365,0.0003174676385242,0.0003325899888295
Q9USU3_O74985,0.002197,0.013555,0.015986,0.27228212356567383,0.0006321407854557,0.4545646607875824
Q9Y7J4_O42634,0.0021786,0.012938,0.01588,0.060244034975767136,0.0018948996439576,0.0037566001992672
Q09717_Q9HGL8,0.002188,0.012962,0.015951,0.21497653424739838,0.0002839995140675,0.0593375153839588
Q10477_Q09825,0.002236,0.01292,0.018128,0.46231329441070557,0.0004438583564478,0.0593574531376361
Q92462_Q10103,0.0022557,0.012923,0.016005,0.08447373658418655,0.0014732180861756,0.7578961253166199
O14170_Q9P3B2,0.0022132,0.012944,0.0159,0.016278132796287537,0.000356873468263,0.0566627010703086
P87231_O74511,0.0023616,0.012998,0.01696,0.0020828081760555506,0.0093202339485287,0.006748482119292
P87306_P87173,0.0021853,0.012952,0.015908,0.023647774010896683,0.0035972020123153,0.5854856371879578
Q10428_Q12701,0.0033445,0.013216,0.016928,0.1429072767496109,0.0465534143149852,0.0026955006178468
O43114_Q10067,0.62546,0.013245,0.048939,0.21284444630146027,0.998808979988098,0.0009622263605706
O74736_P34208,0.0030377,0.01305,0.016566,0.21754765510559082,0.0026955734938383,0.0018982114270329
Q92372_Q9HE05,0.0021701,0.01298,0.016271,0.368230402469635,0.997937560081482,0.0007472342695109
Q12126_P05767,0.0022362,0.012974,0.016672,0.023446334525942802,0.0019929355476051,0.7569368481636047
P78953_P87050,0.91526,0.012987,0.017699,0.24389801919460297,0.9985272884368896,0.0062395175918936
P41887_P87324,0.0021686,0.012931,0.01604,0.38315895199775696,0.001704282592982,0.0010520357172936
O14097_Q09823,0.0022083,0.012928,0.021445,0.16794009506702423,0.0074878423474729,0.0012803795980289
P33520_P41412,0.50217,0.024082,0.020361,0.12925148010253906,0.9989922642707824,0.2275977879762649
Q9UT72_O74958,0.24404,0.013032,0.015985,0.22112414240837097,0.0012675878824666,0.2592412531375885
Q10585_O74483,0.0021992,0.012989,0.015887,0.06464637815952301,0.0009002781589515,0.0017397128976881
O74796_Q9Y794,0.0021928,0.012919,0.015887,0.7703791856765747,0.0033721863292157,0.9877175092697144
Q9USP9_P87231,0.0023211,0.012932,0.01598,0.21002380549907684,0.0240585003048181,0.0011923676356673
O14140_P0CT68,0.0021957,0.013155,0.015922,0.47590407729148865,0.0011350158601999,0.0224165394902229
P87169_P10651,0.0021656,0.012995,0.015941,0.07423795759677887,0.0033253233414143,0.0025402843020856
P17937_Q9P6Q6,0.002177,0.012923,0.015982,0.26609113812446594,0.995798885822296,0.003227254608646
P26306_A6X980,0.0021945,0.012923,0.015953,0.20366588234901428,0.5925911664962769,0.0019872277043759
P87314_O00102,0.0021773,0.013309,0.016557,0.10963205248117447,0.0051725357770919,0.0016739952843636
Q9P7W4_Q9Y709,0.0021705,0.012945,0.015909,0.37191542983055115,0.9988610744476318,0.1933336704969406
P56287_O94707,0.0062161,0.012947,0.015985,0.19018085300922394,0.0666767805814743,0.9780462980270386
P25457_O94620,0.0021816,0.013036,0.015977,0.5774831771850586,0.0045648072846233,0.1099788770079612
O94668_Q9UTB6,0.003956,0.012974,0.01591,0.06151711568236351,0.0327084399759769,0.0344048738479614
Q9UT46_Q09698,0.022675,0.014078,0.01832,0.01017750333994627,0.0584208890795707,0.9648640155792236
O74175_O59751,0.0021876,0.013032,0.016079,0.2942483127117157,0.0009238854399882,0.0018095771083608
P40997_Q09825,0.0022065,0.012932,0.015963,0.02843477576971054,0.0040890481323003,0.0074769919738173
O43114_O42932,0.0022005,0.012942,0.015897,0.336488276720047,0.000699067953974,0.9526079893112184
O13836_Q09760,0.0021816,0.012928,0.015944,0.27844932675361633,0.0003648836864158,0.0112766223028302
P36617_O43114,0.0025196,0.013028,0.016105,0.14677013456821442,0.0021443997975438,0.0023607441689819
Q09819_O43120,0.0022373,0.012974,0.016534,0.12799403071403503,0.0146992690861225,0.1396247148513794
Q53EK2_Q9USR7,0.0022088,0.012937,0.015885,0.14406587183475494,0.0004093401075806,0.0004185057478025
O59836_P32390,0.0021844,0.013063,0.020575,0.33654600381851196,0.9016839861869812,0.0406519100069999
O74511_P36614,0.0022359,0.013073,0.027147,0.4151363968849182,0.0076344422996044,0.8543501496315002
P87027_Q09906,0.0022056,0.012968,0.015904,0.1734858602285385,0.0003913963446393,0.0479599311947822
O74991_Q9UUJ1,0.002175,0.014437,0.015948,0.13603606820106506,0.0022415313869714,0.0182718466967344
Q9US45_Q10163,0.0021978,0.012956,0.015898,0.031543124467134476,0.0004051666765008,0.0014856727793812
O75001_O94268,0.0022021,0.012988,0.0171,0.543246865272522,0.9967496395111084,0.9259479641914368
O94542_Q06182,0.0021983,0.012953,0.01602,0.582028329372406,0.0372334010899066,0.0014396685874089
O42905_Q9USV3,0.002195,0.012916,0.015915,0.48877570033073425,0.964250922203064,0.0793792158365249
P04688_Q09933,0.002186,0.013982,0.020238,0.2343771606683731,0.9983211159706116,0.6106677055358887
P78946_O42709,0.0021685,0.012922,0.015948,0.05738188326358795,0.0038147713057696,0.0216699298471212
A6X980_P87238,0.0022032,0.012923,0.015935,0.10885016620159149,0.000294551893603,0.0134223559871315
Q92358_Q9US52,0.0022444,0.012941,0.016024,0.5631203055381775,0.9884873628616332,0.9340149760246276
P30261_P54789,0.0022581,0.012937,0.024552,0.26373159885406494,0.9976319074630736,0.0008578872075304
O94658_P87159,0.0021926,0.012936,0.015968,0.1784484088420868,0.0036865724250674,0.0091093406081199
O94376_O14399,0.0021992,0.013145,0.015896,0.0706273764371872,0.0003987994859926,0.0026003802195191
O74904_Q9P7T4,0.0021904,0.012938,0.016093,0.04069770872592926,0.0092193083837628,0.0002075943048112
Q09191_Q09116,0.0021905,0.013002,0.015963,0.12235565483570099,0.000266278773779,0.0026903871912509
Q92358_O14399,0.0021923,0.013127,0.015866,0.05827859044075012,0.0012490912340581,0.0022520208731293
Q10429_Q9UTK6,0.0023813,0.013506,0.02059,0.11539477854967117,0.0155770946294069,0.1655911058187484
Q10430_Q10272,0.00224,0.013197,0.015926,0.677653968334198,0.0078965667635202,0.0011496148072183
P36595_Q9UTR8,0.002188,0.012932,0.022174,0.19511167705059052,0.998494267463684,0.0063068028539419
Q09822_Q10169,0.0041736,0.013103,0.015987,0.16918660700321198,0.0023210758809,0.0003713840269483
O14230_Q09330,0.0021871,0.012942,0.01593,0.05561235174536705,0.0004490386054385,0.4615217447280884
P08092_P08965,0.89712,0.013009,0.021617,0.08051688969135284,0.5844528079032898,0.0002884119749069
P40381_Q10668,0.0022373,0.012926,0.025493,0.34222209453582764,0.9985572695732116,0.2135990709066391
Q9US59_Q9UTI8,0.0022597,0.012935,0.015956,0.30492502450942993,0.00046117437887,0.0021932933013886
O94309_O13681,0.0021966,0.012922,0.015934,0.1272030770778656,0.0103079890832304,0.9351109266281128
O94717_Q9USL5,0.0021715,0.012981,0.015913,0.4025861918926239,0.0036953401286154,0.983226478099823
Q9Y821_P50530,0.0029983,0.012954,0.016139,0.043700624257326126,0.0006413286319002,0.8289052248001099
O74957_O42995,0.0021733,0.012938,0.01592,0.2705913484096527,0.0086473366245627,0.1497544050216674
O74983_Q9C107,0.0021743,0.013082,0.015933,0.029370926320552826,0.0018214040901511,0.0030222507193684
O13351_O13826,0.0021853,0.012979,0.020747,0.04899438098073006,0.9954938888549804,0.0004568887234199
Q9P7M3_Q9HGQ3,0.0021868,0.01301,0.01593,0.2422277331352234,0.0014123175060376,0.1403272747993469
Q9UST6_Q9Y7Z1,0.0021847,0.012963,0.015928,0.07442780584096909,0.00033774622716,0.0754407867789268
O74311_Q10477,0.0021738,0.01293,0.016204,0.289928674697876,0.0015085521154105,0.0007717559929005
P87310_O14216,0.0022239,0.012928,0.015991,0.12652504444122314,0.9985727071762084,0.1283434778451919
Q9UT52_O14064,0.1268,0.012981,0.043506,0.21472784876823425,0.0127947712317109,0.020665518939495
O14097_Q9UUM2,0.0022232,0.012987,0.018116,0.13395912945270538,0.0118717495352029,0.9605743885040284
P12000_Q9USH1,0.0021839,0.012937,0.015905,0.02402530610561371,0.9958828687667848,0.8719093799591064
Q9HFE5_Q7LL14,0.0022195,0.012949,0.015996,0.4258936047554016,0.001490272115916,0.6724115610122681
O59755_Q9Y7J4,0.0022046,0.012936,0.015894,0.04417863115668297,0.0061468691565096,0.9682796001434326
O36027_O14246,0.0022767,0.013128,0.015948,0.05534908547997475,0.0043857665732502,0.0129573717713356
Q10198_Q10430,0.10223,0.21257,0.01591,0.5040166974067688,0.9989452958106996,0.0091657852753996
Q09892_Q9UT32,0.0021838,0.012957,0.016283,0.1434953212738037,0.000278335151961,0.0004295809194445
O60150_P78946,0.0021897,0.012918,0.015882,0.031175745651125908,0.0003519893507473,0.006520555820316
Q09196_Q07538,0.0023022,0.013457,0.016521,0.1311870664358139,0.0627372190356254,0.0438235215842723
O42844_O94542,0.0051886,0.012966,0.016343,0.1551504284143448,0.2719393372535705,0.6818623542785645
O74465_P36617,0.0021979,0.012955,0.016617,0.030984655022621155,0.0554223656654357,0.6482343673706055
O59755_Q09892,0.0024055,0.012976,0.016312,0.10260171443223953,0.002993777859956,0.6008287072181702
P30261_P34208,0.011949,0.012957,0.01616,0.4340304434299469,0.0024655635934323,0.7025352120399475
Q9Y7R3_P05767,0.0021916,0.012913,0.01602,0.12223849445581436,0.4596262276172638,0.000923614425119
P05219_Q96WV9,0.0025687,0.015114,0.017512,0.18210329115390778,0.001793528907001,0.965154469013214
O74517_Q10322,0.0021875,0.013127,0.015937,0.09543175995349884,0.0005793598829768,0.8721103668212891
P37382_Q9UTK6,0.0022052,0.012921,0.015957,0.04544878005981445,0.0006530405371449,0.0088382773101329
P28829_Q9URX6,0.0021778,0.012943,0.015917,0.1935524195432663,0.0003544956562109,0.2821012735366821
Q10429_Q9US52,0.0021934,0.012981,0.01591,0.008505775593221188,0.6911541223526001,0.0202008057385683
Q9UUA8_O14269,0.0022441,0.012923,0.015894,0.3194323182106018,0.0528037920594215,0.0023479235824197
O74465_O14329,0.0022006,0.012932,0.015904,0.19578297436237335,0.0014280859613791,0.4785509705543518
Q9UT46_O74985,0.0022028,0.013247,0.027823,0.10539780557155609,0.0304910354316234,0.8853142857551575
Q11120_Q9P7Y4,0.0021804,0.012912,0.015909,0.019020911306142807,0.0012844885932281,0.004466526210308
O13681_P40384,0.0021784,0.012922,0.015907,0.30887162685394287,0.0011341831414029,0.0046028974466025
O13685_O74957,0.0021969,0.013023,0.015924,0.39132270216941833,0.0010104274842888,0.9672462940216064
O13988_O74309,0.0023692,0.012977,0.017131,0.14218299090862274,0.0112553751096129,0.0006226451951079
P78814_Q9P7F9,0.0021915,0.012945,0.015908,0.017213357612490654,0.0003647195699159,0.0067244824022054
O14459_O14021,0.0021901,0.012948,0.10941,0.39313316345214844,0.0009187633404508,0.001501117949374
O94547_P06652,0.27543,0.013066,0.016895,0.3389959931373596,0.9858161211013794,0.683580219745636
O74957_O94285,0.0021903,0.01308,0.015932,0.3763065040111542,0.0005784715176559,0.0269694421440362
O59680_P87074,0.0022524,0.012955,0.015896,0.06845260411500931,0.001331053674221,0.6538720726966858
O13790_O13672,0.0021767,0.012938,0.015995,0.087763711810112,0.0003659172507468,0.0018412215868011
O74955_Q9P7V3,0.003816,0.014022,0.016106,0.2806520462036133,0.9990341663360596,0.1222931295633316
Q10232_Q9USP9,0.0021715,0.012942,0.015894,0.30608832836151123,0.000391001754906,0.8662301301956177
O13782_P0CT77,0.0021702,0.012938,0.015899,0.48776042461395264,0.0003685265837702,0.0265426151454448
P56523_O74653,0.0022016,0.013021,0.015983,0.2165069878101349,0.0019670675974339,0.1918483227491378
Q09685_O60158,0.0021894,0.012911,0.016072,0.25254011154174805,0.0073383408598601,0.914713978767395
P32586_Q09892,0.0023672,0.013371,0.016742,0.16624513268470764,0.1365313082933426,0.7160317301750183
Q7LL14_P33886,0.002259,0.012965,0.017873,0.7287634611129761,0.0006593512953259,0.9672556519508362
O14327_P21534,0.0022415,0.012958,0.015931,0.3696487545967102,0.000219587716856,0.9808339476585388
Q09825_Q9HFE5,0.0022144,0.012939,0.015924,0.06868483126163483,0.0088877296075224,0.0197890438139438
Q9Y709_Q9Y7Z7,0.0021793,0.012922,0.015887,0.5826814770698547,0.0010679368861019,0.9700222611427308
O74399_O13782,0.0024182,0.013201,0.015979,0.3171195983886719,0.0003690570883918,0.0172612257301807
O42661_O74985,0.0022229,0.013085,0.016031,0.4290413558483124,0.0025920616462826,0.1232464388012886
Q9UTI8_P30261,0.0021779,0.012953,0.01683,0.1082543283700943,0.0075088650919497,0.0235163606703281
Q9USJ7_Q9Y7Z1,0.0021721,0.012947,0.015936,0.4541857838630676,0.0009155116276815,0.39915332198143
O94288_P48011,0.0021775,0.012999,0.015912,0.007478421088308096,0.5189461708068848,0.1089453473687172
Q09763_Q10428,0.0068063,0.013249,0.015955,0.2213076949119568,0.0833643525838851,0.0039942068979144
P36629_Q10272,0.0021937,0.013059,0.016354,0.41498318314552307,0.0196443852037191,0.0824107155203819
P36601_O74560,0.0021895,0.012928,0.015919,0.09651137888431549,0.0014141639694571,0.9685800075531006
Q09906_O74360,0.0052298,0.012949,0.016068,0.006547602824866772,0.0003694154438562,0.9789936542510986
P04551_P10815,0.0022096,0.012967,0.016416,0.46422329545021057,0.021953921765089,0.0826486870646476
O59790_O74465,0.0022489,0.013012,0.017888,0.2224566787481308,0.0034428713843226,0.0104490499943494
O74718_Q96WW3,0.0021766,0.012987,0.016372,0.04322865232825279,0.0014392979210242,0.003846543142572
O42978_P79015,0.0022689,0.012981,0.015869,0.1069217249751091,0.0004980276571586,0.0006140674231573
O94238_O36023,0.0022042,0.013013,0.016208,0.27457794547080994,0.0003315380017738,0.0018989479867741
P36629_Q96WV9,0.78692,0.013024,0.09341,0.05954509973526001,0.0015736058121547,0.0039118942804634
O60016_P17937,0.0021784,0.012917,0.016132,0.34355252981185913,0.0094327609986066,0.0095806242898106
O74560_P40377,0.0022545,0.012953,0.016081,0.344503790140152,0.0021046544425189,0.932092010974884
P07527_O14459,0.0021844,0.01294,0.016017,0.38328468799591064,0.9806909561157228,0.5390436053276062
Q9USH1_Q9UTR8,0.0023586,0.012935,0.015895,0.7704954147338867,0.9980478286743164,0.0063222413882613
Q9HGL8_P87074,0.0022272,0.01295,0.01622,0.6283746361732483,0.0017290842952206,0.0578985139727592
P36583_Q09914,0.0030008,0.015941,0.020118,0.4751244783401489,0.9983312487602234,0.0028939836192876
P40995_P87126,0.14872,0.012934,0.016022,0.34132593870162964,0.0004667563771363,0.0894435197114944
P87312_O13672,0.0021764,0.013619,0.015963,0.10459188371896744,0.0121573880314826,0.0561003796756267
O13936_Q9P6Q6,0.0021906,0.012927,0.016042,0.14144648611545563,0.0124386772513389,0.0004926926339976
O59793_Q9UTP0,0.0021772,0.012979,0.01589,0.04269327595829964,0.0045759421773254,0.0085030971094965
P36583_Q9UTA4,0.0022619,0.012957,0.016134,0.09218456596136093,0.0041286181658506,0.7460756897926331
P50527_O74518,0.0021718,0.012982,0.015932,0.36766836047172546,0.0008147516055032,0.0006258818903006
P79005_O14229,0.0022895,0.012912,0.016073,0.21074646711349487,0.0009448206983506,0.000707859173417
O74499_Q09819,0.0021765,0.012978,0.015895,0.30106478929519653,0.0007929727435112,0.8274370431900024
O74465_O74518,0.0021929,0.01292,0.015962,0.4652377963066101,0.0146773913875222,0.0044042444787919
O14140_Q53EK2,0.0022125,0.013172,0.01593,0.03448422998189926,0.1134349107742309,0.0150564052164554
Q10113_Q4PIR3,0.0032627,0.013198,0.015939,0.5551018714904785,0.0044949240982532,0.0450923815369606
P56286_P46595,0.0021945,0.012979,0.015884,0.14466919004917145,0.0002773653541225,0.3203860223293304
P12000_P50524,0.0021735,0.012927,0.0159,0.23581930994987488,0.9965043067932128,0.945692241191864
Q9HE05_Q9P6Q0,0.0022538,0.012958,0.015948,0.18386760354042053,0.9987232089042664,0.9184950590133668
Q10585_O59751,0.0023447,0.013185,0.015942,0.3598251938819885,0.0250690355896949,0.5370084047317505
O94659_O43070,0.019037,0.012933,0.017185,0.12394392490386963,0.0005036967340856,0.0089940354228019
O42667_Q9USR7,0.0022187,0.012942,0.015881,0.31251654028892517,0.0088521102443337,0.0008638230501674
O74774_Q9C0Z9,0.0021874,0.012962,0.016147,0.1572258472442627,0.002766913967207,0.1756145656108856
P79015_Q9US59,0.002199,0.012929,0.015928,0.01400063093751669,0.0023830952122807,0.0031226344872266
Q9HDX9_P12000,0.0021982,0.01301,0.016861,0.013683889992535114,0.0035076725762337,0.0072721242904663
Q9Y7M6_O13953,0.0021988,0.012923,0.015918,0.320143461227417,0.0081142978742718,0.9403215646743774
P32434_Q9Y709,0.0021675,0.01294,0.015902,0.07973306626081467,0.0002894979552365,0.0079659847542643
Q9UTK6_P08965,0.13216,0.012969,0.016736,0.4882031977176666,0.010153854265809,0.0091433012858033
P27584_Q10232,0.0021712,0.012985,0.015902,0.023742547258734703,0.000287589879008,0.0003163970832247
O94603_P40381,0.0022191,0.012933,0.019265,0.045770689845085144,0.0075280857272446,0.5711495876312256
O59793_O42846,0.0021814,0.012931,0.01596,0.014439801685512066,0.0026081248652189,0.9751326441764832
P78963_Q9HGL8,0.0022547,0.012926,0.016197,0.02328111045062542,0.0085560325533151,0.2933116853237152
O74533_O74511,0.0021781,0.012947,0.0159,0.3942129909992218,0.0004483327211346,0.0003905634803231
Q06182_Q9UUA8,0.0022005,0.012964,0.015914,0.25354480743408203,0.0013875893782824,0.0002287187671754
P56523_O13836,0.0021783,0.012932,0.01598,0.27749523520469666,0.0044608199968934,0.9856087565422058
P40380_O74910,0.015311,0.012961,0.021005,0.43104761838912964,0.3922179639339447,0.980028748512268
Q09142_P78929,0.0021755,0.012935,0.015929,0.4951150715351105,0.0021748719736933,0.0004819708119612
O60104_P87215,0.002185,0.012952,0.015895,0.5294040441513062,0.0008380456129088,0.9480825662612916
P12000_Q12701,0.002588,0.012959,0.016608,0.5916502475738525,0.0046990788541734,0.0055521759204566
Q09142_Q9Y794,0.41547,0.013024,0.038761,0.2593051791191101,0.0675898492336273,0.0049704406410455
O94244_O14036,0.002189,0.013032,0.017216,0.4970764219760895,0.000473787455121,0.0008465753635391
O59767_O13816,0.0037256,0.013588,0.019286,0.25769612193107605,0.0149662150070071,0.0120614590123295
O59734_Q9P6Q0,0.0024956,0.012971,0.01589,0.27038347721099854,0.0002902322157751,0.1615657657384872
O13684_O94309,0.0022336,0.012933,0.015928,0.15451519191265106,0.0274459179490804,0.1741667240858078
P50523_Q09177,0.0022499,0.012937,0.015932,0.0750785768032074,0.0003518433950375,0.0080150263383984
Q1MTN3_P48009,0.0022322,0.013027,0.016107,0.19412516057491302,0.0093099465593695,0.0179214980453252
O13615_Q9Y7N2,0.0022106,0.012935,0.015926,0.5381683111190796,0.6129858493804932,0.8322769999504089
O13826_Q9USX3,0.0075373,0.012965,0.017482,0.5639742612838745,0.9987162351608276,0.9824519753456116
O13310_Q9UTP0,0.0022465,0.012958,0.015916,0.050765808671712875,0.0003270198358222,0.0010370115051046
O74483_P10815,0.002176,0.012976,0.015892,0.1590433418750763,0.0003426713519729,0.4230803251266479
P79065_P87053,0.005116,0.01315,0.015935,0.736090898513794,0.0052063735201954,0.0047903563827276
Q09170_P05764,0.0021888,0.012938,0.015911,0.5162551999092102,0.0003587054961826,0.6297683715820312
Q9Y7R3_Q9UUI1,0.002177,0.012953,0.015884,0.11706222593784332,0.0205563884228467,0.0011441016104072
Q9HDY7_Q10316,0.0022,0.012927,0.015907,0.02695452608168125,0.0047845155932009,0.0009140588226728
P50527_Q9USV1,0.0022666,0.013026,0.016006,0.19771996140480042,0.0060632289387285,0.0651998743414878
Q9P6M0_O14343,0.70696,0.013375,0.077571,0.3305675685405731,0.0110389348119497,0.9813138246536256
O94450_O74518,0.0022025,0.012924,0.016082,0.16302162408828735,0.0030696312896907,0.9453523755073548
O13728_Q10056,0.0022132,0.013301,0.020485,0.04866241663694382,0.0137493209913373,0.0300899390131235
P04910_O94620,0.0021999,0.012967,0.0165,0.2355550229549408,0.0038905960973352,0.0010995074408128
P36625_Q9P7X1,0.0021876,0.012927,0.015901,0.11775647848844528,0.0003056667046621,0.0082325227558612
Q96WV9_O74791,0.020383,0.012977,0.016988,0.1286400705575943,0.0006002968875691,0.9669586420059204
P40380_Q9UTA4,0.0033743,0.012928,0.016308,0.09120385348796844,0.9977721571922302,0.7983382940292358
Q09906_O14010,0.0022309,0.012921,0.015942,0.0974329262971878,0.0002919826947618,0.9640889167785645
O42978_O74825,0.002192,0.012983,0.015867,0.49899423122406006,0.0011395459296181,0.0595532655715942
Q9P7F9_O13728,0.0021972,0.012952,0.015874,0.010577727109193802,0.0002534466621,0.5685344934463501
O42634_Q6BDR8,0.002177,0.01294,0.015887,0.410881370306015,0.0003273211186751,0.003509433241561
O94326_Q9P7A0,0.0090903,0.012964,0.016799,0.017266137525439262,0.0201490372419357,0.0216258484870195
Q09933_P0CH07,0.0021972,0.013072,0.015906,0.11727159470319748,0.0022217519581317,0.4083426594734192
O94316_Q10272,0.0021977,0.013091,0.016219,0.32200920581817627,0.0030246425885707,0.0080072311684489
O14140_O74531,0.0022122,0.013453,0.015997,0.02146643027663231,0.0014846028061583,0.0058692824095487
Q9UUE5_O42932,0.0021752,0.013062,0.016,0.10691328346729279,0.0116622019559144,0.0045707649551332
O13712_Q9P7B8,0.0021917,0.012922,0.016306,0.07812561094760895,0.998696267604828,0.0020154255907982
P87314_Q9P6M0,0.0056498,0.012965,0.046181,0.3866695761680603,0.9811608195304872,0.9599085450172424
O14329_O75001,0.0022006,0.01294,0.015922,0.4343036115169525,0.0015442182775586,0.4156954288482666
O75011_Q92372,0.0022674,0.012961,0.016025,0.3770192861557007,0.9989606142044068,0.0002161529409931
O74653_P78794,0.020663,0.012952,0.01658,0.2431168258190155,0.0016426193760707,0.7417414784431458
Q9USV3_O74309,0.0021858,0.012962,0.015951,0.15263648331165314,0.0020782372448593,0.0006017335690557
Q9USU3_Q9Y709,0.0021682,0.012923,0.015892,0.0035267886705696583,0.001348498975858,0.9767001271247864
P33520_Q09924,0.0021875,0.013069,0.015943,0.3820670247077942,0.0019978657364845,0.0387694202363491
Q09898_P40381,0.0022216,0.012985,0.017051,0.18441778421401978,0.0186219457536935,0.0694430321455001
P08965_P0CT70,0.0021866,0.012946,0.015909,0.661169707775116,0.0008061812259256,0.0165978409349918
O94288_Q9Y709,0.0021665,0.01295,0.015901,0.2712835371494293,0.0038655058015137,0.0440970137715339
P36618_Q10951,0.0031891,0.012955,0.016045,0.20968656241893768,0.0043154987506568,0.6485194563865662
P41411_Q09142,0.71571,0.013051,0.086553,0.16462518274784088,0.1018870547413826,0.0003845403844024
O13728_P10989,0.0025865,0.013071,0.039364,0.49288737773895264,0.0019442017655819,0.0070313173346221
P36618_O42846,0.0021886,0.012918,0.01588,0.19355371594429016,0.0003514178679324,0.0276259221136569
O14122_Q09916,0.0022546,0.012972,0.016325,0.41334831714630127,0.0005660008173435,0.963110625743866
P87310_P05767,0.0022511,0.012923,0.015888,0.7029291987419128,0.1153914034366607,0.9681982398033142
O14269_Q12126,0.088836,0.012988,0.016172,0.6735886931419373,0.0475887134671211,0.9880627393722534
O74555_Q9USX8,0.0021742,0.012928,0.016065,0.010803165845572948,0.0012928476789966,0.7500905394554138
Q9UTA4_Q9P6Q6,0.0022116,0.012925,0.01624,0.650714635848999,0.9987815022468568,0.0498408265411853
O74985_O74531,0.0021892,0.013758,0.023596,0.591566264629364,0.0031181017402559,0.0029576369561254
P09322_Q92358,0.0021896,0.012944,0.015923,0.03570123761892319,0.000577415281441,0.0156867653131485
Q09176_P01129,0.0022094,0.01299,0.015942,0.15194730460643768,0.0610292702913284,0.8520594835281372
O42932_O74791,0.0021801,0.012948,0.015914,0.28649088740348816,0.0064883832819759,0.8555635213851929
Q10477_O42709,0.0024178,0.012933,0.016251,0.1059315949678421,0.0157238952815532,0.0004342788888607
O94276_Q9P4W1,0.0022137,0.01306,0.015882,0.07964453846216202,0.0003868014900945,0.0001777897123247
Q9URY2_Q9USV1,0.11524,0.075348,0.01626,0.41764870285987854,0.0069283386692404,0.0650453269481659
Q92366_Q10432,0.0021794,0.012995,0.016293,0.2141602635383606,0.0085853151977062,0.0324248559772968
O42978_P87051,0.0054691,0.31885,0.015929,0.20644035935401917,0.0012367117451503,0.9833645224571228
O74736_O74854,0.002221,0.013097,0.015966,0.44055259227752686,0.0011163720628246,0.0025562380906194
P06652_P34208,0.17147,0.013029,0.017054,0.26505520939826965,0.9983622431755066,0.7527358531951904
Q9USH1_Q9URY2,0.0025059,0.012976,0.015886,0.33663156628608704,0.0014081306289881,0.9764316082000732
O74854_O60052,0.0021873,0.013157,0.016544,0.12687666714191437,0.0007903515943326,0.9909475445747375
O94321_O74518,0.0021937,0.012923,0.015892,0.4479701817035675,0.0006515565910376,0.9046708941459656
O14329_Q9HGQ3,0.0082398,0.013003,0.021373,0.20499694347381592,0.992021143436432,0.0005141086294315
O94556_P12000,0.0021806,0.013187,0.016561,0.41840848326683044,0.998089611530304,0.0009545466164126
Q10322_Q9UTS6,0.0021759,0.013088,0.0159,0.12542223930358887,0.00054978125263,0.375869482755661
P40384_P79010,0.0022565,0.012997,0.015992,0.04520594701170921,0.0002921436389442,0.0142305037006735
Q09761_Q9URY2,0.60963,0.013093,0.016378,0.34494447708129883,0.0124402353540062,0.0029455393087118
Q874R3_Q09116,0.0021767,0.013012,0.015928,0.4795348644256592,0.0143175618723034,0.0034000359009951
O74774_O94698,0.0022028,0.013222,0.018696,0.040080223232507706,0.0024291663430631,0.0049147480167448
Q9P784_Q9US45,0.0021835,0.012927,0.015913,0.16128428280353546,0.001222776598297,0.0032941969111561
O14246_O74904,0.0021801,0.012927,0.015925,0.11730512976646423,0.0235683359205722,0.0624652318656444
Q9HGL6_P33520,0.0022188,0.012998,0.01592,0.3421506881713867,0.0009113911073654,0.9057855010032654
Q11120_O74555,0.0021766,0.012935,0.015941,0.1258263885974884,0.0019502686336636,0.0437593571841716
Q1MTN3_Q9P7R9,0.0022029,0.013978,0.01974,0.3638564348220825,0.7391626834869385,0.0139329209923744
O74560_Q9P3B2,0.0022063,0.012917,0.015894,0.030419211834669113,0.002258070744574,0.0094198752194643
O94752_Q09906,0.0022327,0.012923,0.016014,0.34810304641723633,0.0002985342580359,0.0119413798674941
P0CU09_O74433,0.0021924,0.012914,0.015882,0.5448344349861145,0.0004283776215743,0.0019304758170619
Q10322_O13802,0.0021888,0.013165,0.015969,0.01618456281721592,0.0004722134908661,0.0003183951193932
O74175_P87310,0.0021892,0.012941,0.015934,0.06047208234667778,0.9974699020385742,0.2236886322498321
O75001_P87215,0.0022565,0.012955,0.016002,0.1634107232093811,0.0062883137725293,0.100960649549961
Q92366_Q10282,0.0022061,0.013129,0.016778,0.05432870611548424,0.9953392744064332,0.4592328369617462
Q09763_Q9UTI8,0.0021821,0.012934,0.01593,0.08378472179174423,0.0003998274623882,0.3421874642372131
O14064_Q9USH1,0.0022542,0.01294,0.015928,0.0030766420532017946,0.9935128092765808,0.0041584568098187
O42991_O42954,0.0021903,0.012918,0.015934,0.16138716042041779,0.000789790705312,0.1068933382630348
P36614_P48009,0.0027017,0.013232,0.01981,0.18530325591564178,0.0033244467340409,0.0705911815166473
O94609_Q9Y7Z7,0.0021917,0.012924,0.015913,0.5202859044075012,0.0112151382490992,0.0070815533399581
O13852_P50582,0.0021971,0.01294,0.015956,0.17803895473480225,0.0373906008899211,0.943370282649994
Q10113_P56286,0.0021961,0.012951,0.015901,0.14351950585842133,0.0008893792983144,0.7412311434745789
P36616_O42846,0.0021761,0.01295,0.015918,0.19318705797195435,0.0005868954467587,0.1292425990104675
Q9USL5_O13351,0.0029959,0.012953,0.015881,0.2530743479728699,0.0019600975792855,0.0172866266220808
P04688_P09322,0.0022479,0.012994,0.016695,0.530254602432251,0.0007809946546331,0.0004165391728747
O94698_Q9P6Q0,0.0022336,0.012999,0.015949,0.09610689431428909,0.0038590808399021,0.0286759678274393
O94476_O94285,0.002185,0.013042,0.016004,0.6058420538902283,0.0002598193241283,0.3966431617736816
Q10134_Q10099,0.0022131,0.013169,0.016199,0.011626848950982094,0.0378621630370616,0.0767588540911674
O59790_O59734,0.0022205,0.013072,0.015929,0.3412833511829376,0.000249246309977,0.0141657991334795
O36023_Q9P7J8,0.0022727,0.013004,0.016504,0.07704129070043564,0.0224805176258087,0.9079198241233826
P12000_P0CU09,0.0022137,0.012912,0.015971,0.42188170552253723,0.0235674697905778,0.0013577109202742
O74558_Q09717,0.0021759,0.012934,0.015934,0.09138752520084381,0.0089625073596835,0.0224471166729927
P32372_Q10366,0.099619,0.012932,0.016434,0.054905153810977936,0.017277855426073,0.0024116118438541
Q09142_Q10067,0.31862,0.013168,0.023257,0.709713339805603,0.9973324537277222,0.0020248505752533
O94722_Q9Y7L8,0.0021996,0.012935,0.017427,0.05404587462544441,0.0002378608187427,0.1034874096512794
P41410_O74804,0.0022096,0.013004,0.018988,0.04703092202544212,0.0069391871802508,0.0031813974492251
Q9HGL6_Q9USX3,0.0022056,0.012928,0.015916,0.6305874586105347,0.9980385899543762,0.00136366172228
Q9UUJ1_P40848,0.0022385,0.012996,0.037555,0.3573121726512909,0.0047340993769466,0.81974196434021
Q9P805_Q9USY3,0.0021747,0.012931,0.016021,0.3562769591808319,0.0018968920921906,0.0017926149303093
Q9P6Q0_O74465,0.0022594,0.013068,0.015949,0.3685656785964966,0.0138868615031242,0.9258504509925842
P36595_Q9USV3,0.0021807,0.012928,0.015938,0.36852598190307617,0.0992406979203224,0.8297208547592163
O13728_Q9P7B8,0.0021757,0.012948,0.015889,0.021133627742528915,0.0074211680330336,0.002346973400563
O74978_P41889,0.0022091,0.013116,0.019511,0.3033289313316345,0.99795001745224,0.0167209710925817
O13681_O13712,0.0088033,0.012939,0.025081,0.0919928103685379,0.0012438464909791,0.362505704164505
Q9Y738_P41887,0.0021951,0.012941,0.01596,0.3830294907093048,0.0003368172910995,0.1063911095261573
O74533_O94326,0.0021818,0.012914,0.015898,0.2746150493621826,0.0184810366481542,0.1023300662636756
O14229_Q92366,0.0022086,0.013147,0.015979,0.2727491557598114,0.996995210647583,0.977890968322754
O13889_O43036,0.0021859,0.012941,0.015899,0.3700069487094879,0.0022309068590402,0.9385063052177428
O13889_P41889,0.0039205,0.013729,0.018211,0.046944208443164825,0.0240592006593942,0.0015600236365571
Q09760_P08092,0.002211,0.01301,0.015933,0.2020808607339859,0.0021220247726887,0.990691602230072
O14011_P87126,0.0022603,0.013053,0.017787,0.1291716992855072,0.0017722607590258,0.9730594158172609
O60129_Q9UT86,0.0021816,0.013074,0.023482,0.20559704303741455,0.0009906919440254,0.2438147664070129
P41887_Q9P782,0.0021773,0.012936,0.015951,0.29546093940734863,0.0025547940749675,0.0009423963492736
O14339_O14097,0.0021786,0.013136,0.016118,0.23928271234035492,0.0006712618051096,0.7108331322669983
P56287_P87323,0.11142,0.012944,0.016196,0.37470078468322754,0.0004455570306163,0.981760561466217
O13615_P40235,0.0022311,0.013108,0.024746,0.30353933572769165,0.0483671724796295,0.1316262334585189
Q10173_Q10198,0.5654,0.72638,0.015915,0.686127245426178,0.1955858469009399,0.0948690548539161
P40996_P0CT77,0.0021804,0.012936,0.01592,0.45026257634162903,0.0006684777908958,0.0109856575727462
O13985_Q9P7Y4,0.0033352,0.013133,0.023181,0.15882006287574768,0.0024220957420766,0.9207684993743896
O74398_Q9UTS6,0.0021865,0.012939,0.015924,0.09105713665485382,0.0003868116182275,0.0009569428511895
O74955_O74311,0.0021696,0.012937,0.015908,0.4028699994087219,0.0002483044227119,0.0008591445512138
Q9UTF6_O14327,0.0022021,0.012925,0.0159,0.34252476692199707,0.0003020732547156,0.0489456541836261
Q09763_Q10322,0.0022222,0.013618,0.015922,0.5034219622612,0.0032128936145454,0.0012810614425688
Q12701_O13816,0.002843,0.013299,0.016851,0.7002003192901611,0.9885265827178956,0.0004618604725692
O74955_O14343,0.0065571,0.013044,0.015942,0.17295753955841064,0.0003618201881181,0.0009050915832631
O94698_O36023,0.0022484,0.022575,0.01619,0.012787171639502048,0.0117128090932965,0.0037079169414937
P40384_Q9P7G0,0.002175,0.012939,0.015975,0.013832846656441689,0.9986827969551086,0.9904173612594604
P78774_Q9URY0,0.19318,0.058443,0.039696,0.13259181380271912,0.0007782183820381,0.0078718150034546
Q10585_P36614,0.0023477,0.01305,0.016122,0.11832056194543839,0.0073060002177953,0.3562889099121094
Q09760_Q10432,0.0022321,0.013206,0.016815,0.1720646768808365,0.0026099577080458,0.5956496000289917
Q92366_O14343,0.0021755,0.013162,0.016129,0.2573245167732239,0.0062023093923926,0.0216316152364015
Q9USV3_O74718,0.0021762,0.01306,0.015958,0.15046754479408264,0.0014322835486382,0.0350454747676849
Q9UST6_Q10113,0.11004,0.069721,0.015914,0.3558945953845978,0.034872580319643,0.0517488084733486
Q9HDY7_P37382,0.002318,0.012924,0.015998,0.10828988999128342,0.0011938888346776,0.6836245656013489
O14269_Q9Y7Z7,0.0021988,0.01292,0.015915,0.20873641967773438,0.0355989933013916,0.0020696090068668
P48009_O94326,0.0022009,0.012957,0.016114,0.012348039075732231,0.000931347021833,0.0023500532843172
O74991_P39964,0.0021747,0.013006,0.016076,0.08767299354076385,0.0007921449723653,0.0185185112059116
O13681_Q10109,0.028477,0.012933,0.016421,0.709540843963623,0.0006293596234172,0.3892160356044769
Q1MTQ1_Q11120,0.0021788,0.013004,0.015929,0.549187183380127,0.0076677822507917,0.3443537652492523
Q10108_O94722,0.0024247,0.012984,0.017966,0.49421951174736023,0.0003207214758731,0.9846704006195068
O13916_Q9USV3,0.0022558,0.01293,0.015911,0.17960727214813232,0.0086166635155677,0.985885500907898
P36618_P41410,0.0021863,0.012957,0.016007,0.39012840390205383,0.0026054307818412,0.0014995577512308
Q9P7B7_Q9P802,0.0021806,0.012939,0.015914,0.3397614359855652,0.0006348958122543,0.0262858550995588
Q0E7J7_Q9P4W1,0.002713,0.013291,0.015908,0.45892196893692017,0.0002846137213055,0.9851617813110352
O13802_O74499,0.0021802,0.01297,0.0159,0.5025712847709656,0.0164748895913362,0.938741147518158
Q9UT32_Q9HGQ3,0.0021764,0.012934,0.015949,0.32194918394088745,0.000548095384147,0.0010659547988325
Q9P7A0_Q9P802,0.0024474,0.012949,0.015897,0.07107626646757126,0.0047751385718584,0.6488986015319824
Q9HFE5_O13688,0.0021842,0.012932,0.01593,0.021700896322727203,0.0370435416698455,0.0149871641770005
Q9USP0_O94476,0.0029187,0.015312,0.016615,0.31405413150787354,0.0003805803426075,0.0417566075921058
Q9UU79_O74771,0.0021789,0.012988,0.015934,0.17488610744476318,0.0004628573951777,0.0018574700225144
O74560_O94276,0.0035838,0.012936,0.016647,0.07311791181564331,0.4432035386562347,0.6998816132545471
P36595_P37382,0.0021751,0.012918,0.015916,0.6298791170120239,0.9982074499130248,0.6005294322967529
O59680_O75001,0.0022712,0.01375,0.01591,0.4738362729549408,0.0005966611206531,0.0004928160924464
P32586_Q10322,0.0022239,0.013355,0.015987,0.19056940078735352,0.0015649914275854,0.0012562368065118
Q9Y7L8_O74518,0.0021693,0.012921,0.015955,0.08029311150312424,0.0005343797383829,0.0034725232981145
Q01112_Q09142,0.0022519,0.016864,0.072045,0.5301437973976135,0.0010951483855023,0.3427188694477081
O74904_P56523,0.0021921,0.012935,0.015902,0.17234142124652863,0.0003099957539234,0.0119982743635773
P56288_Q9USX8,0.002189,0.013067,0.015886,0.299283891916275,0.0003425968752708,0.0006166690727695
O13953_Q9P3B2,0.002229,0.012924,0.015893,0.10889044404029846,0.0003610714629758,0.0156611781567335
Q09819_P40371,0.00219,0.012985,0.015971,0.599033772945404,0.0022919692564755,0.0035450528375804
P79005_O59702,0.0022562,0.01299,0.015924,0.3069837689399719,0.0018715461483225,0.0712896361947059
O74988_Q92372,0.0022733,0.012979,0.015914,0.019859610125422478,0.0005241682520136,0.1745541989803314
O59793_P78946,0.0021694,0.012925,0.015918,0.3819960951805115,0.0007652365020476,0.0008583613671362
O14229_P36629,0.0021945,0.012932,0.016028,0.07456064224243164,0.0044672451913356,0.0097157908603549
Q09892_P05767,0.0022481,0.01298,0.016762,0.1152019277215004,0.0017667254433035,0.0953143239021301
P01129_O74433,0.0021807,0.01294,0.015891,0.41753724217414856,0.0008752333233132,0.059385772794485
Q10056_O36027,0.0036821,0.013015,0.016031,0.01608867011964321,0.0323730520904064,0.0099779171869158
Q9Y7R3_P04551,0.0022094,0.012965,0.016168,0.26249489188194275,0.0113369952887296,0.000927684130147
O60052_Q10668,0.0021907,0.013145,0.01765,0.6355436444282532,0.0361906476318836,0.0008194501860998
Q09760_P42656,0.0021914,0.014358,0.016219,0.11270507425069809,0.0008758978219702,0.0030878696125
P50582_Q9P7B7,0.0022133,0.012947,0.016038,0.1737482100725174,0.0009716085623949,0.000746602192521
Q09824_Q09127,0.0021795,0.012919,0.01589,0.08894215524196625,0.000484671909362,0.9431008100509644
O14170_Q09933,0.3051,0.01339,0.016958,0.43433818221092224,0.9969887137413024,0.1664875000715255
P40371_Q09892,0.0022623,0.013105,0.016284,0.2702455520629883,0.9950295090675354,0.0023382785730063
O60158_Q9P6M0,0.0021988,0.012917,0.017744,0.08201851695775986,0.000896105193533,0.0040308465249836
P36625_Q06182,0.0021835,0.012953,0.015922,0.48624470829963684,0.0062145832926034,0.0718456730246543
O13615_O42932,0.0021808,0.012954,0.015944,0.12051641941070557,0.007742004469037,0.0027304890099912
Q9P6R1_Q09819,0.0022928,0.013641,0.01598,0.22548697888851166,0.0010097884805873,0.8547232747077942
O74771_O59767,0.0028432,0.01379,0.016246,0.3694608211517334,0.0012990524992346,0.6593546867370605
O94646_Q9P7J8,0.0022014,0.012963,0.016004,0.5652284622192383,0.0002784912358038,0.7031723260879517
P87312_Q9USV1,0.0022082,0.013915,0.016596,0.49874040484428406,0.0060865185223519,0.3222604990005493
P87309_O13916,0.0022542,0.012927,0.015945,0.40959012508392334,0.0024029491469264,0.000542361754924
P27584_P10651,0.002254,0.013072,0.01865,0.3817889094352722,0.0004229604382999,0.0063652894459664
Q10322_P10651,0.0021927,0.013067,0.015997,0.2917318344116211,0.0002910335606429,0.9645739197731018
O60158_P36585,0.0021968,0.012961,0.016014,0.057219795882701874,0.0002866310242097,0.0059874942526221
O13777_Q9HGL6,0.0021791,0.012934,0.01589,0.3254854381084442,0.0795685648918151,0.0143657503649592
O74531_P78761,0.0022065,0.012932,0.015911,0.04750780016183853,0.0003355952794663,0.0006500391755253
Q09196_Q9Y7Z1,0.0023832,0.013057,0.015904,0.15656983852386475,0.0003453198587521,0.16354800760746
P10506_P28829,0.0040022,0.015241,0.18666,0.023046081885695457,0.0639485418796539,0.0120655614882707
Q96WV9_Q9Y7L8,0.0026031,0.012968,0.016061,0.6526555418968201,0.0003680990776047,0.6671708822250366
O14230_P87053,0.0021735,0.012986,0.015996,0.22829371690750122,0.0040897321887314,0.9890152812004088
O13351_P87314,0.0022113,0.012971,0.016165,0.34766504168510437,0.0170515030622482,0.0012340476969256
Q9P782_O94444,0.0021731,0.012927,0.015912,0.12122166156768799,0.0004143170954193,0.9831002950668336
Q53EK2_Q10585,0.0021977,0.012946,0.015888,0.3070947527885437,0.0169827695935964,0.8319471478462219
O14269_P41887,0.0022194,0.01297,0.016175,0.5561428070068359,0.0452419184148311,0.0874551907181739
O14180_P36601,0.0021805,0.012958,0.015933,0.46839991211891174,0.0008071662741713,0.0058363047428429
Q9USP0_O74747,0.002187,0.013068,0.015937,0.14090484380722046,0.0002298288163729,0.6632558703422546
P78761_P36629,0.0021914,0.012958,0.015924,0.3544904589653015,0.0006875378894619,0.8603321313858032
Q9USZ6_Q09858,0.0021927,0.012919,0.015886,0.11403286457061768,0.0029939701780676,0.8460909724235535
O74399_Q10366,0.002939,0.013124,0.033893,0.0855615884065628,0.0006418157136067,0.0011066698934882
A6X980_O14388,0.0022045,0.012924,0.015906,0.08785925805568695,0.0006303134723566,0.9713258743286132
P50530_O14180,0.0021905,0.012947,0.016042,0.003277239389717579,0.0013493751175701,0.0030895320232957
O75001_Q9UTK6,0.0022158,0.012963,0.018778,0.39965733885765076,0.0185814797878265,0.96233469247818
Q9UUC6_O74804,0.002191,0.012992,0.015895,0.02473786287009716,0.0003342607524245,0.1468290984630584
P56286_O74446,0.0022045,0.012962,0.015907,0.02284320630133152,0.0003273548209108,0.0263092927634716
Q9P3B2_Q9USY3,0.0022023,0.012918,0.015898,0.657375156879425,0.0022252695634961,0.0021205947268754
Q09698_P87309,0.0023814,0.013069,0.096172,0.036673612892627716,0.1175883635878562,0.8846874237060547
O94408_Q9UTR8,0.002172,0.012989,0.015883,0.4562762975692749,0.0061147953383624,0.0006616220925934
P27584_O74772,0.002189,0.01294,0.015883,0.011639985255897045,0.0018265263643115,0.0049267397262156
Q9UTP0_Q9USH1,0.0021885,0.012942,0.015879,0.5507463812828064,0.0005010181339457,0.0005011807661503
O14399_Q9URY2,0.0022039,0.012991,0.015904,0.06493247300386429,0.0022085853852331,0.0021273344755172
Q9Y7Z1_O13964,0.0021999,0.012958,0.015961,0.2764469385147095,0.0024068087805062,0.9321826100349426
P87159_P79005,0.11774,0.013021,0.020161,0.02830539271235466,0.9941259622573853,0.8350464105606079
O13953_O74718,0.0021882,0.01295,0.016101,0.2827000617980957,0.0049943090416491,0.0445133559405803
O13852_O14021,0.0021799,0.012994,0.016015,0.261738657951355,0.0042827324941754,0.0076723489910364
Q96WW3_O94722,0.0022006,0.012935,0.016775,0.14856190979480743,0.0002107815380441,0.0001926052500493
Q10103_Q9UTI8,0.0021953,0.012926,0.022222,0.17003117501735687,0.0074667194858193,0.9236798286437988
P78774_P04551,0.0022088,0.013175,0.018577,0.42747166752815247,0.0060561411082744,0.0006356175872497
Q09142_O94326,0.063471,0.012925,0.016452,0.587323009967804,0.0593416430056095,0.0058670789003372
P78789_Q9USL5,0.0021755,0.012917,0.015883,0.45137515664100647,0.0006006797775626,0.0015623047947883
Q9P779_Q10163,0.0021916,0.012963,0.015898,0.19776690006256104,0.000343849620549,0.0023365463130176
P87324_O74910,0.0022319,0.012952,0.016138,0.3942347764968872,0.1477984488010406,0.501714825630188
Q9Y7U4_Q09683,0.0022153,0.012926,0.016403,0.4702496826648712,0.9984149932861328,0.7511940002441406
O74560_O74910,0.0030019,0.012953,0.02395,0.4797387421131134,0.9970236420631408,0.004657887853682
O13684_Q9UUB5,0.0046721,0.013022,0.015903,0.36932340264320374,0.0062809675000607,0.949324369430542
Q9UT76_P40377,0.0023255,0.013038,0.01603,0.44836506247520447,0.0006370719056576,0.5227013826370239
P04910_Q9P7Y4,0.0022428,0.012944,0.015941,0.22375445067882538,0.0004300517612136,0.3786359429359436
Q09916_O13852,0.0022252,0.012932,0.015922,0.3067537248134613,0.0119143314659595,0.9281049370765686
O13615_P10815,0.0023568,0.013015,0.017946,0.1800723373889923,0.0260507613420486,0.9130767583847046
O74555_O42932,0.0021815,0.012974,0.015905,0.02928067557513714,0.0040256888605654,0.465259701013565
P87310_O74398,0.0022003,0.012956,0.015944,0.8032646179199219,0.0003948188968934,0.0002067405876005
P0CT68_O94423,0.0022018,0.012943,0.015968,0.030104510486125946,0.0027012787759304,0.7251651883125305
Q9UST6_O42995,0.0022116,0.012955,0.015892,0.39954739809036255,0.0083775138482451,0.3927632570266723
P17937_P41889,0.0021813,0.01306,0.016993,0.3120385408401489,0.0182617604732513,0.1124158799648284
Q92352_P0CT60,0.0021837,0.012974,0.015908,0.012433751486241817,0.0005381428054533,0.895673930644989
Q9Y7M6_P87053,0.0021887,0.012939,0.015928,0.2621004581451416,0.0028392162639647,0.002552373567596
Q92366_P78774,0.0022272,0.013288,0.017709,0.15484239161014557,0.9981447458267212,0.0013060376513749
O74446_Q09825,0.0022003,0.012925,0.015977,0.38565611839294434,0.2982282340526581,0.0021261596120893
O74536_O42661,0.0022073,0.013032,0.016089,0.1711890697479248,0.0009928619256243,0.000426895043347
P28829_P34208,0.059272,0.01637,0.099176,0.07926743477582932,0.0181864984333515,0.0016814297996461
P27584_P36629,0.002231,0.01397,0.017,0.0814180076122284,0.000660887279082,0.0518539883196353
P78953_O13782,0.002208,0.01314,0.016131,0.5405160784721375,0.0131654376164078,0.9719381928443908
P09988_Q9UUE5,0.0024002,0.012939,0.017856,0.11683487147092819,0.0014976962702348,0.9196173548698424
P41887_P08090,0.0021866,0.012976,0.016043,0.2970203757286072,0.0031445454806089,0.0127741647884249
Q96WV9_Q9UTE6,0.0027876,0.012953,0.016292,0.08938760310411453,0.0027466984465718,0.0122572388499975
O94355_O42991,0.0021814,0.012918,0.015926,0.3112766444683075,0.0021165250800549,0.0008869066368788
O13889_Q09906,0.0023379,0.012931,0.015936,0.042193952947854996,0.0020625335164368,0.3232421875
P87169_Q09717,0.0022006,0.013219,0.015914,0.4608783423900604,0.0537394396960735,0.0002263601199956
O74560_Q9US52,0.0022383,0.012918,0.015971,0.34384575486183167,0.9975563287734984,0.0008819010690785
O59790_Q9UTE6,0.002179,0.012947,0.015931,0.005973239429295063,0.0010883501963689,0.0119878677651286
P41887_Q9USU3,0.0021872,0.012989,0.018145,0.11117517203092575,0.0013139767106622,0.1164533495903015
P40372_Q09685,0.0022208,0.012926,0.016054,0.33350953459739685,0.0003471771487966,0.0031466612126678
O14352_O14011,0.0021895,0.013006,0.015903,0.029168102890253067,0.0003820827696472,0.000617538113147
O59945_Q9P7M3,0.002167,0.012979,0.015945,0.12849748134613037,0.0039078178815543,0.2197807133197784
P04551_Q9USZ3,0.0022916,0.013306,0.015944,0.2977440059185028,0.0002259984757984,0.0038841445930302
P36618_O14129,0.0021999,0.01307,0.015919,0.08085913211107254,0.000310319563141,0.0056378999724984
O74718_P40372,0.0023,0.013182,0.021958,0.01389981061220169,0.0021034760866314,0.0015539060113951
O94684_Q9P805,0.0021996,0.012957,0.015945,0.6220943927764893,0.0023897883947938,0.0005679633468389
O60158_Q09906,0.0022189,0.012912,0.015999,0.07573135197162628,0.0004236260137986,0.0110401166602969
Q9Y7L8_Q10295,0.0021742,0.012923,0.016085,0.017656104639172554,0.0003230925358366,0.0751578211784362
Q9P6Q6_O94620,0.0022047,0.012967,0.01652,0.19452618062496185,0.0020246934145689,0.6943938136100769
Q9UUC6_P36629,0.22766,0.013082,0.015896,0.26341956853866577,0.9913758635520936,0.0006623574299737
O13684_Q9UTR8,0.003937,0.014909,0.016227,0.0181496050208807,0.998407781124115,0.5474956035614014
O14097_P40848,0.002277,0.012948,0.0171,0.5248164534568787,0.0058884830214083,0.0005037389928475
Q53EK2_P54789,0.0044891,0.012972,0.015949,0.1638725847005844,0.0012621346395462,0.0017341682687401
Q9P3B2_O94376,0.0023099,0.012938,0.01589,0.15818214416503906,0.0003438030835241,0.0635102093219757
Q10282_O94355,0.0021977,0.012934,0.01594,0.08894553780555725,0.0485023967921733,0.973487138748169
O14352_P50527,0.0022619,0.013071,0.018904,0.13398736715316772,0.0002645756467245,0.0046732001937925
Q9UUB5_O74309,0.0027419,0.012955,0.019102,0.029997387900948524,0.0005926478770561,0.737888753414154
P87238_O13877,0.0022352,0.012973,0.015886,0.020343581214547157,0.0002415688359178,0.0201314538717269
O36023_Q10477,0.0043541,0.013164,0.015956,0.44512081146240234,0.000516245199833,0.007824539206922
P41411_P40381,0.0021888,0.012945,0.016096,0.1497156023979187,0.0221431441605091,0.0278383381664752
O14036_P04551,0.0022647,0.013226,0.016051,0.015100756660103798,0.0002263018395751,0.3495401442050934
Q9UUB5_P21135,0.020981,0.012925,0.016777,0.05662353336811066,0.9980583786964417,0.0011369761778041
Q96WW3_O74499,0.0022092,0.012989,0.015902,0.2816561460494995,0.0083009470254182,0.0022683828137815
O14350_Q9UUM2,0.0085278,0.012978,0.018967,0.12114100903272629,0.0007224117871373,0.9579452872276306
Q9P7P1_P50524,0.0021985,0.012945,0.015916,0.06460577994585037,0.0059544434770941,0.9752030372619628
O94620_P40377,0.0022276,0.013289,0.018338,0.01641223579645157,0.0318487472832202,0.0006912130629643
P10989_P78929,0.0022058,0.019525,0.18474,0.02409273386001587,0.9974828362464904,0.0008324792142957
Q09191_Q9UST6,0.0021985,0.01295,0.015902,0.10666868835687637,0.0004279229906387,0.2009898424148559
Q9UUE5_O13684,0.0022304,0.012962,0.015964,0.0370413139462471,0.0130174327641725,0.0070307450369
O94717_Q10169,0.0022409,0.012959,0.015959,0.0738648846745491,0.0013199230888858,0.0004442583594936
P87245_Q09825,0.0083159,0.013002,0.016154,0.45835742354393005,0.0196561254560947,0.9079621434211732
O74515_P87169,0.0021848,0.013468,0.015938,0.12302284687757492,0.0025156084448099,0.0227961614727973
Q09150_Q9UTA4,0.0022328,0.013173,0.016171,0.0010604478884488344,0.1448917835950851,0.0063030770979821
P56523_Q10432,0.0022212,0.013044,0.015972,0.5299302339553833,0.996889054775238,0.0202174689620733
Q9P7B7_O13688,0.0022005,0.012927,0.017456,0.14480987191200256,0.9824011921882628,0.945557713508606
Q9UTA4_Q9Y709,0.0021681,0.01292,0.015889,0.1982165426015854,0.0003920317394658,0.0034587427508085
O13688_Q874R3,0.0029622,0.013132,0.016448,0.2572477459907532,0.9986523985862732,0.9557269811630248
O42832_P29458,0.0091944,0.012952,0.023765,0.07170553505420685,0.0005093513755127,0.0006863322923891
O74904_O42975,0.0021794,0.013081,0.015928,0.2790096402168274,0.0053636115044355,0.983786642551422
Q9Y7Z7_Q7LL14,0.002207,0.012929,0.01591,0.0012573135318234563,0.0008850426529534,0.9278531670570374
A6X980_Q10271,0.0021889,0.012944,0.016052,0.5396414995193481,0.0187054350972175,0.0014371564611792
P36601_Q9USV1,0.0022022,0.012984,0.016026,0.1957162618637085,0.0006019710563123,0.0002422002726234
P78789_P13681,0.0022227,0.013008,0.016384,0.43618786334991455,0.9035889506340028,0.0017967800376936
O74360_O13985,0.039271,0.013393,0.021123,0.0463375598192215,0.0042742122896015,0.9892624020576476
P09988_P40381,0.0031854,0.012963,0.026965,0.2796099781990051,0.9988365769386292,0.99440997838974
Q09824_P04551,0.0022528,0.013015,0.016912,0.4032265841960907,0.9768100380897522,0.44463911652565
Q09176_Q9Y794,0.0022108,0.012959,0.016014,0.3708498179912567,0.0076455050148069,0.3436236977577209
Q9P7F9_Q09892,0.0022251,0.012967,0.015956,0.03492080792784691,0.0002839204389601,0.0030390094034373
O59945_P10989,0.0022188,0.013001,0.016338,0.33477073907852173,0.0012812024215236,0.0962987467646598
O13777_Q9P7E0,0.0022837,0.012942,0.015891,0.34618279337882996,0.00109200226143,0.0053737070411443
Q10316_Q9UTS6,0.0021908,0.01293,0.015935,0.14608043432235718,0.0002837407810147,0.0027959877625107
O14122_P25457,0.0021851,0.012945,0.015922,0.3994517922401428,0.0010237894020974,0.1782490313053131
O14269_P42656,0.0022187,0.013699,0.022141,0.6175733804702759,0.0903761088848114,0.0198457147926092
Q09825_P28829,0.11869,0.012949,0.016041,0.0700112134218216,0.0021201516501605,0.0039887814782559
O60052_O94288,0.0021913,0.013153,0.016989,0.19568811357021332,0.00044447183609,0.5540440678596497
A6X980_Q10272,0.0022059,0.012937,0.079507,0.14669756591320038,0.0104358689859509,0.7184966802597046
Q09177_O74499,0.0021938,0.012964,0.015896,0.25594592094421387,0.0002852102334145,0.0009561617625877
Q9UUI1_P79065,0.0021902,0.013156,0.015915,0.15448501706123352,0.0005221596220508,0.0275374706834554
Q09898_Q9P7F9,0.0022014,0.012954,0.015949,0.10187073796987534,0.0006536268047057,0.0078300638124346
Q9USZ3_P0CT70,0.0021978,0.012998,0.015894,0.19517706334590912,0.0002639120211824,0.0008212617831304
P79065_Q10169,0.0023468,0.013012,0.015919,0.5632451772689819,0.0045969653874635,0.0007580463425256
Q9UUE5_O94722,0.0021752,0.013056,0.015912,0.34752896428108215,0.0002804819960147,0.0026893049944192
P87176_O74986,0.023201,0.013071,0.025739,0.19357337057590485,0.0006391847273334,0.3435249328613281
O43036_O42995,0.0021863,0.012934,0.015883,0.09453154355287552,0.012633909471333,0.0055554015561938
Q9USV3_P78929,0.0021832,0.012936,0.015903,0.13995324075222015,0.0004205671721138,0.4404875636100769
P36613_O94423,0.0021871,0.012963,0.015955,0.02222345396876335,0.9977805018424988,0.0016546453116461
O59800_O36027,0.0025307,0.012963,0.015969,0.18690498173236847,0.0005891742766834,0.0558871403336524
Q9P7J8_O13889,0.002615,0.013545,0.085935,0.30294859409332275,0.9947750568389891,0.8834996819496155
Q9USU3_Q7LL14,0.0022212,0.012994,0.017102,0.12290126085281372,0.0009150822297669,0.4305203557014465
Q9Y7J4_P05767,0.002235,0.012947,0.015883,0.49915510416030884,0.0298065785318613,0.673338770866394
P36614_O13953,0.0021939,0.013012,0.01691,0.22710257768630981,0.0084483223035931,0.9032121300697328
P78972_O94285,0.0021919,0.012962,0.044199,0.20922423899173737,0.0034145310055464,0.0005929972976446
Q10109_Q9P802,0.0021884,0.012931,0.015882,0.3352016806602478,0.0005843337858095,0.0025052486453205
A6X980_P36614,0.0022278,0.013014,0.015932,0.012702024541795254,0.0003909322549588,0.001491260016337
O94321_O13790,0.0021754,0.012936,0.015902,0.4419330954551697,0.0004880885535385,0.0191874559968709
O74465_O94658,0.0022475,0.012933,0.016017,0.43342554569244385,0.0033159242011606,0.0200368650257587
Q10192_Q10067,0.0021807,0.012915,0.015895,0.004417553544044495,0.0012061122106388,0.0281186867505311
P08965_P42656,0.0022006,0.013526,0.04287,0.07748594880104065,0.984157383441925,0.0006410261848941
P06652_O94238,0.0021896,0.012927,0.015989,0.21999935805797577,0.0044711232185363,0.0013932647416368
Q9P7M3_O42995,0.0021843,0.012966,0.015929,0.49699920415878296,0.0044780862517654,0.0373697578907012
O94684_O74772,0.0021977,0.012949,0.030505,0.08501511812210083,0.0093783102929592,0.0053011253476142
O42709_P29458,0.63943,0.01296,0.016874,0.42868030071258545,0.997510313987732,0.8519064784049988
P05733_P78761,0.002243,0.012935,0.015936,0.3099832832813263,0.0010525770485401,0.0052291238680481
Q9HGL6_Q09772,0.0021894,0.012944,0.015944,0.05172039195895195,0.0031326939351856,0.003345922101289
Q9Y7U4_O74791,0.0022935,0.012944,0.016081,0.16901814937591553,0.9986454844474792,0.8619445562362671
Q92352_O14036,0.0021917,0.012977,0.015925,0.0993390753865242,0.0006233860040083,0.2963298857212066
P0CH07_Q9P3B2,0.0022388,0.013067,0.015892,0.5003177523612976,0.000486368953716,0.0042123384773731
Q9UTP0_O14198,0.0021796,0.012917,0.015872,0.28023776412010193,0.0003138685715384,0.8973898887634277
P40995_O13351,0.002183,0.012944,0.015922,0.10906077176332474,0.0037572518922388,0.2954565286636352
O13681_Q09825,0.0022452,0.012922,0.017563,0.4655386507511139,0.012493965215981,0.0016598987858742
Q10343_Q9USU3,0.0021791,0.012944,0.016197,0.40448686480522156,0.0007488738629035,0.8830302357673645
P36585_P32390,0.0021939,0.012956,0.016088,0.15432772040367126,0.0004978081560693,0.1104672104120254
O74555_O14198,0.0021802,0.012924,0.015909,0.22930742800235748,0.0037383155431598,0.0003835628449451
Q00619_Q9P7F9,0.0024928,0.012948,0.015951,0.31887513399124146,0.0014529423788189,0.94231915473938
Q9UUJ1_P40984,0.0021855,0.01364,0.033974,0.5486675500869751,0.0008209394291043,0.9076784253120422
P05764_Q9Y7L8,0.002188,0.01295,0.01597,0.1571689397096634,0.0010069463169202,0.311049222946167
O74536_O43080,0.0021851,0.012965,0.015923,0.0702696219086647,0.0010151519672945,0.0256037227809429
O59755_P13681,0.0023056,0.013041,0.016387,0.2110799103975296,0.0008235979476012,0.9241443276405334
O59790_Q09717,0.002185,0.012953,0.016068,0.3962162435054779,0.1941326856613159,0.0078468630090355
O42846_O74910,0.0021907,0.01293,0.017163,0.05268597602844238,0.0069395685568451,0.1816827058792114
P21135_Q9USG6,0.0021801,0.012924,0.016004,0.13770821690559387,0.0026176350656896,0.0670709162950515
O14180_O14079,0.0021781,0.012936,0.01719,0.4435291588306427,0.0332311429083347,0.3664618134498596
P41005_P78972,0.094043,0.012977,0.01675,0.3793383836746216,0.5024905204772949,0.0003872508532367
Q10295_O59755,0.027315,0.012945,0.016278,0.10676458477973938,0.0049271886236965,0.9644110202789308
P87123_O14230,0.0021771,0.012973,0.01589,0.15334674715995789,0.0002175871632061,0.0251194611191749
Q09822_P50523,0.0021978,0.012957,0.015913,0.6195036768913269,0.0030011397320777,0.884807825088501
Q10056_O13339,0.0021892,0.013387,0.015998,0.15570765733718872,0.0475088022649288,0.9726985692977904
Q10173_O94309,0.0022578,0.012926,0.015892,0.09316936135292053,0.0151875931769609,0.0535657778382301
Q09760_Q09176,0.0021725,0.012936,0.015949,0.06783348321914673,0.0005250422982499,0.0222981590777635
A6X980_Q09150,0.0022207,0.012979,0.017121,0.5057238340377808,0.0007002031197771,0.008696342818439
Q9P6R1_P36617,0.0021846,0.013031,0.015976,0.6689572930335999,0.0004196876834612,0.8372135758399963
O14011_P40984,0.00876,0.013518,0.016114,0.06876597553491592,0.0036550958175212,0.8271280527114868
O94423_O74511,0.0022897,0.013712,0.022139,0.3214661478996277,0.0127080120146274,0.9595449566841124
O94321_P78814,0.023406,0.01299,0.015977,0.22895652055740356,0.0005078196991235,0.0140289841219782
P07527_Q09170,0.4811,0.013439,0.074821,0.05955713987350464,0.9975752234458924,0.0196570139378309
P13681_O74433,0.0022013,0.013087,0.015899,0.4452868700027466,0.0002418451331323,0.9657859206199646
C6Y4D0_P0CT77,0.0022059,0.012956,0.016,0.0010816610883921385,0.0015906722983345,0.2715044319629669
O74398_Q09822,0.75497,0.013076,0.0175,0.1985425502061844,0.0128559814766049,0.028312237933278
Q9UTI8_P48011,0.0027016,0.013043,0.44773,0.16909392178058624,0.0075332708656787,0.0053098397329449
P87159_O14352,0.0021955,0.013021,0.015914,0.02112765610218048,0.0145325604826211,0.0021511835511773
P05764_Q9P802,0.0021968,0.012951,0.015957,0.12663501501083374,0.0034473731648176,0.972064197063446
O59703_O74465,0.002545,0.012943,0.015926,0.26652055978775024,0.0014835620531812,0.00391909154132
Q9P6M0_P50527,0.0024274,0.013012,0.016072,0.3814696669578552,0.0062169516459107,0.0061675803735852
Q9UUM2_Q10432,0.15556,0.013548,0.023012,0.03133060783147812,0.004754087422043,0.2430844157934188
Q9UUB7_Q92462,0.0022238,0.012933,0.015952,0.022986574098467827,0.0002518657129257,0.2889482676982879
O94556_Q10322,0.0021805,0.01401,0.016045,0.10113534331321716,0.0012039439752697,0.2668265402317047
P87309_Q09150,0.0021928,0.013062,0.03611,0.1754147708415985,0.0096654454246163,0.4599011540412903
Q10169_P27584,0.0022319,0.013094,0.0161,0.09228723496198654,0.0032688877545297,0.1981292963027954
Q9UUB7_Q09717,0.0021935,0.012951,0.015907,0.4603101909160614,0.0002847200958058,0.0045839445665478
Q9USP9_O74854,0.00219,0.01295,0.015988,0.4497937262058258,0.0013998269569128,0.3719024360179901
Q10330_O74986,0.0021745,0.012957,0.015977,0.21758879721164703,0.0013964987592771,0.0643299967050552
Q9HGL8_P87314,0.0022174,0.012939,0.018483,0.4789447486400604,0.0019141208613291,0.5163631439208984
Q9P7E0_O74825,0.0023433,0.012933,0.015909,0.3886764943599701,0.0003912152023985,0.0004129202861804
O94722_Q9USP0,0.004147,0.012945,0.015976,0.8033260107040405,0.000223751674639,0.0014238179428502
Q12126_P41889,0.0022414,0.013518,0.016351,0.6076771020889282,0.0005063086282461,0.0007857680902816
P36585_Q9UUM2,0.0021719,0.01296,0.015932,0.4172423779964447,0.0004802214680239,0.0565697737038135
P26306_O14352,0.0022102,0.012988,0.015913,0.17607349157333374,0.0056851739063858,0.9766444563865662
O74558_Q874R3,0.0021877,0.012957,0.01595,0.4209819734096527,0.0035663803573697,0.0006362833664752
P05501_O74465,0.0022555,0.012947,0.015869,0.1896837055683136,0.0006326736183837,0.5099058151245117
Q9P6R1_O14036,0.0021792,0.013005,0.015903,0.3281342387199402,0.0002418755902908,0.0013558559585362
P32372_Q9P805,0.0021777,0.012965,0.015955,0.08511491119861603,0.9980229139328004,0.000817677238956
P05219_Q10366,0.0022349,0.013339,0.015977,0.5191831588745117,0.0046379566192626,0.010760186240077
Q9C107_Q9USZ6,0.0021877,0.012924,0.015906,0.13052786886692047,0.7004231214523315,0.8071152567863464
Q9UUM2_Q92352,0.0021866,0.012945,0.016068,0.21979615092277527,0.0553679764270782,0.0013090033316984
Q9P7Q8_Q12701,0.0022598,0.013221,0.016698,0.06524907797574997,0.7921876907348633,0.0034437614958733
P41887_Q10169,0.002242,0.012996,0.016523,0.4970882534980774,0.0006708643049933,0.9858235120773317
O74983_Q9Y7U4,0.0021815,0.012948,0.015896,0.15525153279304504,0.0047547896392643,0.0006984306382946
P87245_O43070,0.16173,0.01302,0.01642,0.2049371302127838,0.0012245039688423,0.0006392919458448
O14343_Q9USJ7,0.0022052,0.013611,0.024563,0.24467043578624725,0.015978654846549,0.0056380070745944
Q10232_O43036,0.0021832,0.012968,0.01594,0.6564202308654785,0.0038608559407293,0.0010545286349952
Q9UST6_Q92462,0.0021981,0.012946,0.015916,0.3949584662914276,0.0003965071809943,0.0004909930867142
O13828_P36582,0.0081733,0.013038,0.017413,0.2599414587020874,0.001543840393424,0.1650802344083786
P10506_P42656,0.002198,0.01408,0.39328,0.27219483256340027,0.0017501652473583,0.0044988049194216
P40381_Q9UUC1,0.0021912,0.012944,0.016732,0.3013179898262024,0.0033306914847344,0.7736285328865051
O14246_P0CH07,0.0021676,0.013,0.015905,0.0033116783015429974,0.0054763881489634,0.9795721173286438
O74774_Q03392,0.0021845,0.012945,0.015978,0.039717767387628555,0.0130883641541004,0.0019951399881392
P0CH07_O94360,0.0022049,0.013061,0.015885,0.5046939253807068,0.0003555125149432,0.0011593457311391
O59734_O14246,0.002182,0.013003,0.01587,0.01916636899113655,0.53968745470047,0.0154410349205136
Q10193_Q9US45,0.0021916,0.013124,0.016,0.10861001163721085,0.0004874143924098,0.1040536537766456
O14235_P36618,0.0021863,0.01308,0.017789,0.019216012209653854,0.0045296247117221,0.9593201279640198
Q09116_P32372,0.0021772,0.012944,0.016454,0.2480420023202896,0.0020396108739078,0.0761892944574356
P87314_P42656,0.0023427,0.014672,0.016167,0.326732337474823,0.0485349297523498,0.0004505109391175
O94687_P05501,0.0021787,0.01294,0.015878,0.23817498981952667,0.0003041556628886,0.0007823704509064
P0CG72_P87306,0.0021646,0.013006,0.01588,0.08336866647005081,0.0003591321874409,0.0033257440663874
O42846_P36582,0.0021838,0.012945,0.015931,0.1287103146314621,0.0003364528238307,0.0088004376739263
O94321_P87323,0.014102,0.012932,0.01597,0.04944229871034622,0.0030553364194929,0.0021575144492089
O75011_P87074,0.81004,0.012984,0.037504,0.13886258006095886,0.0083687119185924,0.2955722510814667
O60164_Q10109,0.0030841,0.012913,0.01615,0.3411206007003784,0.0061019244603812,0.963236927986145
O13985_O13681,0.0025889,0.012949,0.021283,0.39508673548698425,0.0012945153284817,0.0198599286377429
P30261_Q09772,0.0022994,0.012946,0.018921,0.40079641342163086,0.989242136478424,0.0009064556215889
Q10429_O14129,0.0024651,0.013452,0.015908,0.012752612121403217,0.0004584756679832,0.9449284672737122
O14036_O13351,0.10225,0.013528,0.01591,0.2051393985748291,0.0002576101687736,0.128561794757843
P36613_P87050,0.0022038,0.012948,0.015936,0.6967204213142395,0.1830565780401229,0.0044262213632464
O74988_P87312,0.0021809,0.013667,0.015935,0.22949591279029846,0.0042616892606019,0.0009231677977368
O74904_Q9US59,0.0022378,0.012934,0.015927,0.7347883582115173,0.0003074814740102,0.0624310672283172
O94658_O13685,0.0022066,0.012955,0.015877,0.09461730718612671,0.0002358190540689,0.0047669578343629
Q9P4W1_Q9P7P1,0.0022654,0.013068,0.015892,0.150374174118042,0.001951906713657,0.0071301255375146
Q9UUC6_Q9HGL6,0.0022017,0.012974,0.015892,0.10755818337202072,0.0012691565789282,0.0023309725802391
Q03392_O74957,0.0021906,0.012932,0.015973,0.6712170243263245,0.007727222982794,0.0714764073491096
Q874R3_O14417,0.0021917,0.012955,0.015904,0.3851779103279114,0.0006610299460589,0.0395675003528595
O13790_O14170,0.0021875,0.012997,0.015983,0.3945901095867157,0.0151743479073047,0.0131755080074071
Q10163_O94752,0.0033071,0.013289,0.01592,0.395612508058548,0.00158534233924,0.0001980466913664
P07657_O94360,0.002189,0.012947,0.015885,0.053653471171855927,0.0002311295393155,0.0011043614940717
P04910_Q9UUC6,0.0022965,0.013538,0.016016,0.021240852773189545,0.0002648502413649,0.0004477597540244
O42995_Q9P802,0.0021881,0.012941,0.015885,0.15944424271583557,0.0098500521853566,0.0310523323714733
P78929_O59793,0.0021789,0.012924,0.015895,0.6150892972946167,0.0014590666396543,0.0003423993475735
O74465_O74904,0.0022213,0.012943,0.016082,0.04520304501056671,0.0019869513344019,0.0037909389939159
Q96TL7_O94268,0.0047156,0.012937,0.058571,0.14985407888889313,0.9981226325035096,0.0051990789361298
P04551_P40380,0.0023031,0.012988,0.016566,0.3520500361919403,0.0435037314891815,0.0588354915380477
Q09683_Q09142,0.032248,0.012946,0.018423,0.14086923003196716,0.9985814094543456,0.0111354831606149
P36583_O74311,0.0021824,0.012962,0.019273,0.5824530720710754,0.0008564892341382,0.9705190062522888
O94722_P79010,0.0022871,0.014161,0.15484,0.0078115155920386314,0.0002217749424744,0.0273701343685388
P87215_Q12126,0.0023694,0.013146,0.016302,0.16502997279167175,0.0704225823283195,0.8529247641563416
P36614_O94542,0.0022448,0.013004,0.016508,0.08277389407157898,0.0191280711442232,0.01329674012959
Q09154_P40371,0.0022297,0.013692,0.016479,0.03033619001507759,0.0002618892758619,0.0056834244169294
Q9UTK6_O74511,0.0068464,0.013259,0.029326,0.24102148413658142,0.0012053071986883,0.0056712878867983
P87174_O94423,0.0021806,0.012975,0.015934,0.35270676016807556,0.9977391958236694,0.0037821356672793
O74771_Q09170,0.0021851,0.013026,0.017153,0.16164372861385345,0.0183655247092247,0.0025756068062037
O94705_P56288,0.0025315,0.012931,0.015916,0.0047050886787474155,0.0003444410103838,0.0081027466803789
Q09150_P41411,0.0022125,0.014586,0.016303,0.12082228064537048,0.0289903003722429,0.0279450453817844
O13688_O74988,0.0022151,0.012961,0.015891,0.4540718197822571,0.0071390671655535,0.0002824969124048
Q09916_Q9USV3,0.0021932,0.012937,0.015937,0.13011282682418823,0.0056515363976359,0.3574654757976532
Q10218_P42656,0.0021943,0.013562,0.01928,0.40249085426330566,0.9982130527496338,0.0354284681379795
O94376_O94705,0.0022555,0.012942,0.015882,0.06325796246528625,0.0003099552413914,0.004958726465702
O74399_P78929,0.0021908,0.0135,0.015952,0.1406533271074295,0.0260085240006446,0.0136184077709913
Q12701_Q9Y818,0.0021833,0.013077,0.015967,0.21983183920383453,0.0082924887537956,0.0082305846735835
Q10316_O00102,0.0021844,0.013026,0.015888,0.2775910794734955,0.0010612377664074,0.0369135998189449
O74747_Q96WV9,0.14197,0.013212,0.016313,0.33252808451652527,0.0006885916809551,0.0136552676558494
P26306_Q9Y818,0.0021835,0.012991,0.015886,0.12752114236354828,0.0015487691853195,0.3876555860042572
O14343_P14575,0.002229,0.013111,0.015889,0.4384160041809082,0.0002914275682996,0.0144984209910035
O13978_Q10353,0.0021772,0.012913,0.015914,0.5240557193756104,0.001217842916958,0.0070763621479272
P0CU09_P36625,0.0064906,0.012945,0.015922,0.09515845775604248,0.0004113115428481,0.0280577950179576
O59836_O94542,0.0060392,0.012922,0.016815,0.5875309705734253,0.9979742169380188,0.002308078110218
P40996_Q02088,0.0022448,0.01304,0.016149,0.4105357229709625,0.0143087562173604,0.3528255522251129
Q10353_P29458,0.0022071,0.012938,0.017428,0.3559592068195343,0.0006947595393285,0.4364851713180542
Q9UUE5_P41412,0.0022108,0.013638,0.031375,0.5977091789245605,0.0179866608232259,0.0461915656924247
Q9Y7U4_P0CT77,0.0021768,0.012936,0.015917,0.047699879854917526,0.0012954822741448,0.0006208781269378
Q10585_Q01112,0.0021776,0.013099,0.015933,0.5969383120536804,0.0005291851121,0.2142297476530075
P32390_Q9UUC6,0.0023255,0.013357,0.015949,0.12496913224458694,0.0007554131443612,0.0005903592100366
O94476_O74718,0.0021853,0.013076,0.016111,0.028481652960181236,0.000363656115951,0.9236406683921814
O74184_P41889,0.0022786,0.014407,0.016198,0.37115153670310974,0.0365279018878936,0.0009655148023739
O14140_O13684,0.0022686,0.012921,0.015937,0.15746133029460907,0.0036496573593467,0.8730857372283936
P87050_O14140,0.0022997,0.013032,0.016283,0.3389599621295929,0.0057125771418213,0.0136819016188383
Q9Y7J4_O13877,0.002211,0.012938,0.015913,0.11799067258834839,0.0009819316910579,0.0705227851867675
O13889_P56286,0.0021912,0.012987,0.015923,0.21234668791294098,0.0048726419918239,0.0134637840092182
O14417_P87169,0.0022537,0.01299,0.015892,0.11486334353685379,0.0007543021347373,0.0324726961553096
O94444_P50524,0.002178,0.01294,0.016054,0.592656672000885,0.0045625842176377,0.0162725448608398
Q09760_P50528,0.0021897,0.012979,0.015955,0.0266495980322361,0.0245668534189462,0.2679449617862701
Q9USM8_Q9URY2,0.42058,0.013134,0.01616,0.09095404297113419,0.0878838151693344,0.0015104745980352
P87053_P36616,0.0022923,0.013195,0.022824,0.37773650884628296,0.0430870242416858,0.0005097623215988
Q09892_P79015,0.0022019,0.012957,0.015916,0.005672273691743612,0.0003266882558818,0.9918851852416992
O74311_P36614,0.0022009,0.012977,0.016027,0.08892608433961868,0.0051825661212205,0.6224794387817383
P27638_Q9P7B8,0.0021796,0.012953,0.015948,0.0806758925318718,0.0164660736918449,0.773041844367981
Q9P7P1_O42844,0.0022236,0.012948,0.01597,0.28809893131256104,0.1099203079938888,0.9776556491851808
Q10343_Q9P784,0.002193,0.012936,0.015913,0.27744001150131226,0.000243385482463,0.0014495832147076
O13339_O14021,0.0023182,0.014923,0.033839,0.014831670559942722,0.008671429939568,0.0759103447198867
P36613_Q9USY3,0.0022646,0.012932,0.016069,0.5324077606201172,0.9977918863296508,0.0269528813660144
O14241_Q4PIR3,0.0022026,0.013071,0.01592,0.5864308476448059,0.0034484250936657,0.0009188508265651
P40235_Q9P7P1,0.002224,0.012939,0.016023,0.043210823088884354,0.0014379565836861,0.9543592929840088
Q9P7M1_O74978,0.0022609,0.012936,0.019797,0.3218282461166382,0.9980382323265076,0.1015481054782867
P36595_P09322,0.0029459,0.026915,0.83097,0.46650028228759766,0.9985944628715516,0.0023639863356947
O74854_O75011,0.0023117,0.012957,0.016257,0.0022079674527049065,0.00301797199063,0.5907572507858276
P79063_O14246,0.0021735,0.012923,0.015881,0.49448734521865845,0.063809759914875,0.0131606124341487
O74433_O13828,0.0021797,0.012921,0.015899,0.5143179297447205,0.0004632337077055,0.8739624619483948
G2TRP5_Q09698,0.0023224,0.012946,0.015891,0.24168238043785095,0.0058207074180245,0.6613274216651917
P41411_Q9UUA8,0.0022066,0.012927,0.015888,0.7289092540740967,0.0043153413571417,0.054093562066555
Q9UTI3_Q92462,0.0021732,0.012948,0.015929,0.28960686922073364,0.0003060232847929,0.0068770488724112
P87238_P79010,0.0021984,0.013045,0.015917,0.02058779075741768,0.0002447979350108,0.1098309084773063
Q06182_Q9UUJ4,0.0021791,0.012944,0.015929,0.011834799312055111,0.0055903042666614,0.8960860371589661
O94620_O94355,0.0021979,0.01294,0.015932,0.2217874974012375,0.0476139895617961,0.8618606925010681
P41005_Q09154,0.0022477,0.013035,0.016083,0.1257297545671463,0.0002814600302372,0.2726564109325409
P56288_O74854,0.0021767,0.012962,0.015926,0.04400740563869476,0.0009913420071825,0.0943401977419853
O14170_Q9Y709,0.0021717,0.012949,0.01591,0.08482802659273148,0.9986181259155272,0.003186187474057
Q96TL7_O60016,0.044315,0.012914,0.02549,0.45782846212387085,0.069600686430931,0.0004071900330018
O60158_Q96TL7,0.0022594,0.012914,0.022555,0.1386353224515915,0.0138390595093369,0.0063176685944199
Q9UU79_O94376,0.002196,0.012939,0.015918,0.367963582277298,0.0003470310184638,0.0007928442792035
P21135_O94707,0.22553,0.012941,0.02225,0.46643292903900146,0.9986923336982728,0.6331058144569397
P78814_P46595,0.0021803,0.014728,0.015929,0.3183584213256836,0.0003961739130318,0.000563402485568
Q10192_O14246,0.0021753,0.012918,0.015899,0.0787300243973732,0.0056499848142266,0.4022777676582336
P50530_Q9USX8,0.0021864,0.012935,0.026344,0.1300385743379593,0.0350669138133525,0.1949498355388641
Q09116_P87169,0.0022525,0.013003,0.016057,0.49227556586265564,0.009578013792634,0.0007125257980078
Q92372_O94272,0.0021812,0.013181,0.015934,0.14318391680717468,0.9988135099411012,0.0004677380784414
P07334_P78774,0.002257,0.013069,0.016191,0.13341546058654785,0.0026642745360732,0.0178537052124738
P12000_P36622,0.0023372,0.012962,0.015917,0.05374859645962715,0.0011496421648189,0.0372545346617698
Q9Y7M6_Q92462,0.002179,0.012915,0.015885,0.15628357231616974,0.0004458191397134,0.003008633852005
O74465_P10815,0.0030137,0.01293,0.020501,0.5144515037536621,0.0013075561728328,0.0017879402730613
Q09154_O74904,0.0022944,0.013488,0.015948,0.19335876405239105,0.0003775486547965,0.0005596418632194
Q10218_P33520,0.7552,0.017116,0.017485,0.029959823936223984,0.0170817710459232,0.6781764626502991
O13964_P10815,0.0022496,0.012933,0.015913,0.14789339900016785,0.001071015256457,0.0006346853333525
Q9UT32_Q9P3B2,0.002223,0.01292,0.015886,0.27575376629829407,0.0003464429755695,0.0004422034835442
G2TRP5_P87174,0.0023151,0.012949,0.015881,0.262792706489563,0.0003270123561378,0.0232400149106979
P40235_Q9P7M1,0.0031964,0.012938,0.016105,0.3212871253490448,0.0017110628541558,0.1322372555732727
Q53EK2_Q10067,0.0025789,0.013003,0.015908,0.1594080924987793,0.0011141611030325,0.0200372245162725
P05501_P09322,0.0024005,0.013057,0.015906,0.16904397308826447,0.0002326249377802,0.1315490901470184
Q09196_Q9P7F9,0.0022482,0.013034,0.015869,0.10055346041917801,0.0003011254884768,0.0028298574034124
Q09819_P78761,0.0022044,0.012936,0.015924,0.48506131768226624,0.0003549344255588,0.0206620246171951
P0CT68_Q09698,0.002187,0.012975,0.015927,0.1344044953584671,0.0049794903025031,0.0003378521651029
O74560_O14339,0.0021738,0.012922,0.015906,0.39794936776161194,0.0032964369747787,0.0211073774844408
Q9Y709_P50527,0.0021732,0.012959,0.015918,0.4910159707069397,0.0065909144468605,0.0002900538092944
O74957_O94276,0.0021853,0.012927,0.015992,0.45449721813201904,0.0039872131310403,0.0787297263741493
P41887_P78972,0.0021945,0.01318,0.016317,0.08997931331396103,0.0014013288309797,0.0018943324685096
O74718_Q9USL5,0.0021853,0.012976,0.015936,0.1396026313304901,0.0186540093272924,0.0058292257599532
Q10159_Q9P7V3,0.0021905,0.012927,0.015901,0.05236787348985672,0.0002970743225887,0.005670532118529
O13688_P78972,0.0062569,0.013141,0.033727,0.5475667119026184,0.9938556551933287,0.0392268560826778
P12000_Q9UTP0,0.0021687,0.012924,0.015881,0.020752688869833946,0.9977274537086488,0.9712411761283876
O14079_O74175,0.0022042,0.012934,0.016724,0.2141948938369751,0.0016696768580004,0.9662100672721864
P50524_O74895,0.0021733,0.012912,0.015899,0.2539132535457611,0.0007258926634676,0.692825198173523
O13889_O94646,0.0023178,0.01297,0.016075,0.4955920875072479,0.0020700385794043,0.00445371074602
O74736_Q09154,0.002215,0.013047,0.026983,0.3583129048347473,0.0002265360963065,0.3113894760608673
P21534_O74483,0.0023792,0.013028,0.015888,0.6226769685745239,0.0003041344753,0.6734275221824646
P36617_P79065,0.0022433,0.013026,0.015932,0.01052105613052845,0.0004396647564135,0.2511328756809234
P50530_O74515,0.0021867,0.012951,0.016098,0.005131018813699484,0.0117584504187107,0.0178290717303752
Q09823_Q92399,0.0021708,0.01294,0.015915,0.06258401274681091,0.6536146402359009,0.0207839645445346
O94476_O74446,0.0021847,0.012937,0.015889,0.3653372526168823,0.0002769977727439,0.9444170594215392
Q9USM8_Q9UUJ1,0.0021997,0.012932,0.016073,0.19721092283725739,0.0188617557287216,0.5693466663360596
P36622_Q9UUI1,0.0022097,0.013002,0.015883,0.2641829550266266,0.0002212602121289,0.000798909983132
Q09898_P40371,0.0022399,0.013089,0.016552,0.4085642397403717,0.1376845389604568,0.0027985067572444
Q9HDX9_O14459,0.0021927,0.012945,0.015909,0.09261462092399597,0.0027559862937778,0.0280088372528553
P41005_O00102,0.002182,0.012944,0.015894,0.05457315221428871,0.0012322870315983,0.001538383658044
P0CH07_O94263,0.00219,0.013084,0.015913,0.3921159505844116,0.0028519944753497,0.2801623940467834
O74515_O60150,0.0021765,0.012942,0.016019,0.4254225492477417,0.4740592837333679,0.608127772808075
P14575_O13351,0.0023251,0.012982,0.015911,0.1575959026813507,0.0002590554649941,0.0025952390860766
Q9USP9_P0CH07,0.0025201,0.013116,0.015982,0.27315279841423035,0.0004872915160376,0.0594506412744522
Q9HE05_Q09772,0.0022085,0.013055,0.016342,0.21848860383033752,0.0462068207561969,0.0013324400642886
Q09898_Q9Y7J4,0.0021792,0.012958,0.016051,0.003894987516105175,0.2632042467594147,0.0764024779200553
O94684_P28829,0.0026628,0.01304,0.01595,0.4100915491580963,0.0016422573244199,0.0003844811872113
Q10099_O74465,0.0022071,0.014098,0.022773,0.3170015215873718,0.0033621771726757,0.0073102307505905
P05501_Q9UTK6,0.0021903,0.012949,0.015868,0.12444301694631577,0.0003586313105188,0.0813028886914253
Q9P7G0_O13816,0.0086287,0.01342,0.01787,0.4157170355319977,0.9986855387687684,0.912144899368286
Q7LL14_O74958,0.0021868,0.01293,0.015937,0.020557496696710587,0.0540944151580333,0.0016624231357127
O13826_Q9UT46,0.73858,0.013041,0.022061,0.2031712532043457,0.0097607411444187,0.8061470985412598
Q10192_Q9P7B7,0.0022208,0.012965,0.019119,0.06834175437688828,0.9567692279815674,0.0460261330008506
P41887_O94684,0.0021805,0.012983,0.038754,0.17231081426143646,0.001581014599651,0.6767963171005249
Q9Y821_O74985,0.0021942,0.012997,0.015936,0.4133777320384979,0.0075023467652499,0.0006195235764607
Q09898_Q09685,0.0022502,0.012971,0.02015,0.45247188210487366,0.9964174032211304,0.2930196821689605
O94360_O74175,0.0021857,0.012912,0.015909,0.07706032693386078,0.0107587808743119,0.0004288599593564
Q10198_Q9Y709,0.0021761,0.012944,0.01589,0.6565952301025391,0.0004246772732585,0.9813944101333618
O94309_Q10282,0.0021959,0.013011,0.015907,0.22573594748973846,0.0256836675107479,0.000464348035166
O74518_O14180,0.002175,0.012931,0.015914,0.32276248931884766,0.0046203797683119,0.0014315587468445
O60158_O94659,0.0022548,0.012938,0.016265,0.42246201634407043,0.0004890959244221,0.0031795881222933
O14318_O74790,0.0021936,0.012984,0.015901,0.020063072443008423,0.0541409142315387,0.5190169811248779
O94547_O13816,0.0023668,0.013363,0.016704,0.0847792699933052,0.2062849700450897,0.0734037309885025
O94603_Q9US52,0.0022303,0.012926,0.016003,0.04412912204861641,0.9474467039108276,0.0007785339839756
P30261_Q9Y7Z7,0.0022017,0.012946,0.015964,0.021598177030682564,0.0302911568433046,0.0022049387916922
O94244_O94423,0.0046201,0.070036,0.033397,0.6361305117607117,0.1956773996353149,0.0239451061934232
P34208_O74517,0.0099923,0.012964,0.016126,0.4943160116672516,0.0046850382350385,0.1272847056388855
P78946_P09322,0.0023128,0.013118,0.016061,0.06184908375144005,0.0004089738649781,0.2257090806961059
P04551_P87323,0.0029841,0.012994,0.017128,0.09374318271875381,0.0042218137532472,0.7791550755500793
O42954_O94276,0.15482,0.012931,0.019994,0.06304413825273514,0.9502406120300292,0.0072867386043071
O59790_O74515,0.0021967,0.012956,0.016011,0.251520574092865,0.0014247273793444,0.0002885830472223
O74471_P78946,0.0023142,0.013023,0.015938,0.11427392065525055,0.0022539277561008,0.038541056215763
Q9UT52_Q10428,0.0025859,0.013704,0.016287,0.06020231544971466,0.9963042736053468,0.7612360119819641
O14036_O13681,0.0021825,0.012986,0.015934,0.10790181159973145,0.0002941696438938,0.1308294236660003
Q9Y821_O74531,0.0023744,0.013104,0.016069,0.42629632353782654,0.0010257115354761,0.0080408854410052
Q9UTS6_Q9P7G0,0.0021834,0.012939,0.015883,0.007578288204967976,0.0004465432430151,0.1429812610149383
P41412_Q09933,0.2824,0.027183,0.018456,0.07845038920640945,0.0333250015974044,0.1435307711362838
O14350_Q10951,0.14575,0.012933,0.027582,0.3328825831413269,0.9761448502540588,0.7582989931106567
Q12126_Q9HDX9,0.0022199,0.013002,0.016388,0.22050754725933075,0.0002444249985273,0.0056850067339837
O74803_O13826,0.002232,0.012972,0.016307,0.3561280369758606,0.9946235418319702,0.9782242178916932
Q09824_Q09823,0.12773,0.012951,0.030931,0.34950852394104004,0.852931022644043,0.6250184178352356
O94268_P08965,0.0077442,0.013005,0.016619,0.06679105758666992,0.0207473803311586,0.0037448795046657
Q9UUC6_O14343,0.0021851,0.013164,0.015884,0.30479323863983154,0.000272113335086,0.9056764245033264
P78794_O14417,0.0021803,0.012928,0.015892,0.1320745050907135,0.0029781572520732,0.9842332005500792
O74555_P48009,0.0022152,0.013071,0.016096,0.25860339403152466,0.00059005204821,0.0245858114212751
Q9P782_O75001,0.0021833,0.012924,0.015944,0.023893320932984352,0.0013301913859322,0.0027303409297019
Q53EK2_Q9Y7U4,0.020569,0.013,0.015994,0.14287422597408295,0.9988651275634766,0.0014676620485261
O74446_Q9P805,0.0021942,0.012925,0.015919,0.37337273359298706,0.0003037195419892,0.8526226282119751
P48011_O74398,0.002364,0.013043,0.87891,0.5303969979286194,0.0002965341554954,0.894219160079956
P0CT60_O74517,0.0021735,0.012948,0.015911,0.00887707993388176,0.0099618015810847,0.9854015111923218
O74558_P87159,0.0022078,0.012936,0.01629,0.04086219146847725,0.0318288505077362,0.0011920155957341
O43080_O13351,0.0022047,0.01298,0.01589,0.3202544152736664,0.0003398650733288,0.4385566413402557
P40381_P0C5Y7,0.0025353,0.013492,0.015924,0.09055986255407333,0.0170724466443061,0.0003207872214261
P36617_Q9UUA8,0.0022198,0.012923,0.015967,0.6611425280570984,0.970574676990509,0.0029416657052934
O74465_Q09858,0.0022266,0.012944,0.015908,0.2247009128332138,0.0201929174363613,0.0019012873526662
Q9HDX9_Q7LL14,0.0021972,0.013015,0.016484,0.058317553251981735,0.0017262526089325,0.509174644947052
P28748_Q9P6Q6,0.002187,0.012978,0.016012,0.1406087726354599,0.0003113831626251,0.0401703342795372
O14122_O43080,0.0021897,0.012917,0.015885,0.14179882407188416,0.0009317513904534,0.0012692079180851
O74796_O14246,0.0021903,0.012937,0.015901,0.1050017774105072,0.9988456964492798,0.0006287840078584
P41412_P78972,0.014253,0.013877,0.022269,0.6068069934844971,0.0886351019144058,0.7090233564376831
O13916_Q10193,0.0021935,0.012959,0.015889,0.6888132095336914,0.9812455177307128,0.5287107825279236
P87309_Q4PIR3,0.0022279,0.01313,0.016001,0.06755834072828293,0.0027018904220312,0.0355854332447052
Q10198_P50528,0.86591,0.012993,0.016322,0.534768283367157,0.0033587901853024,0.3992228507995605
Q10668_O94722,0.0023623,0.012944,0.017242,0.026340072974562645,0.0002595972036942,0.0115868393331766
O14011_Q9Y7Z1,0.0021751,0.012968,0.015951,0.2744387686252594,0.0003372886567376,0.271770030260086
O74558_A6X980,0.0022596,0.012947,0.016746,0.27441850304603577,0.0005340035422705,0.000704855134245
P87173_Q09825,0.0021943,0.012958,0.015896,0.36334285140037537,0.0002445091377012,0.0086422730237245
P32586_P78946,0.002178,0.012943,0.015901,0.2742389440536499,0.000410168984672,0.1820368021726608
Q9Y7M4_Q10173,0.0021944,0.012954,0.015892,0.1407768726348877,0.0003120381734333,0.0009300378151237
O60104_O94668,0.0071673,0.01297,0.015936,0.3529018461704254,0.0061467606574296,0.0098512563854455
P42656_P41887,0.0022161,0.013698,0.097406,0.04001279175281525,0.0030374510679394,0.6902798414230347
O13712_P05764,0.0022047,0.012951,0.015876,0.4982636868953705,0.0005444216076284,0.0023343628272414
Q10366_O13684,0.0022493,0.012941,0.015916,0.3437531888484955,0.0023922009859234,0.0540322326123714
O74986_O14417,0.0022317,0.012938,0.015907,0.29786011576652527,0.0009906273335218,0.1142556294798851
O74718_Q9USJ7,0.0021887,0.013227,0.01601,0.24460382759571075,0.0604794919490814,0.0011524914298206
Q10173_P09322,0.0021842,0.013,0.015989,0.4793974757194519,0.0005799181526526,0.0031121119391173
Q09824_O14329,0.0022109,0.012936,0.016043,0.46928268671035767,0.0037715700455009,0.9059164524078368
Q9UT52_P36585,0.0021796,0.012932,0.015918,0.09404151886701584,0.0063276533037424,0.052150409668684
O59767_O74499,0.002188,0.012991,0.015926,0.05218173563480377,0.0040086535736918,0.0018681492656469
O14230_O59703,0.59154,0.01669,0.27983,0.11671032756567001,0.9990398287773132,0.0008421976235695
P05733_P56286,0.0022712,0.012957,0.016108,0.5312629342079163,0.0007930936408229,0.0005437111249193
O74772_Q9P7X1,0.0021942,0.012942,0.015902,0.0961744636297226,0.0003124850336462,0.0006069063674658
Q9USZ6_P05219,0.0021705,0.012975,0.015907,0.15282182395458221,0.0006884502945467,0.8069653511047363
Q10169_O94376,0.0021908,0.012999,0.015904,0.35293689370155334,0.0004344407643657,0.1482092142105102
Q92462_Q10099,0.002198,0.01315,0.016012,0.006003612652420998,0.0008833588799461,0.7557570338249207
O13310_O74558,0.0022065,0.012966,0.01629,0.23173236846923828,0.0166589543223381,0.0713831111788749
Q9USH1_P13681,0.002193,0.012998,0.016098,0.3651978075504303,0.0014427326386794,0.0025862245820462
O13964_Q10668,0.0022757,0.012938,0.015981,0.025385765358805656,0.0030011681374162,0.1526953876018524
O42995_O75001,0.0021822,0.012947,0.016397,0.3826916813850403,0.0101691875606775,0.0010815096320584
P32390_O74518,0.0021805,0.013001,0.016,0.09138953685760498,0.0464351885020732,0.978902280330658
O13777_P87027,0.0021879,0.012977,0.015893,0.16748128831386566,0.0003340966941323,0.2089738100767135
P79065_P05501,0.0021908,0.012956,0.015874,0.4755789637565613,0.0002640318416524,0.97329580783844
Q9US45_Q9USZ6,0.0021878,0.012911,0.015902,0.6022698283195496,0.0011934561189264,0.0047612763009965
P87053_G2TRP5,0.0022708,0.013035,0.01589,0.38325658440589905,0.0005318081239238,0.0016216363292187
Q09906_P40996,0.0022975,0.012919,0.015948,0.12440048158168793,0.0056653157807886,0.2458821535110473
Q10103_Q10056,0.0023596,0.01301,0.016224,0.8185598850250244,0.003389470744878,0.9694455862045288
P79005_O74854,0.0026511,0.012943,0.016303,0.7475782632827759,0.1784577965736389,0.1771062463521957
O75011_Q9P7Q8,0.0034842,0.013087,0.016955,0.2673763334751129,0.9837636947631836,0.6435122489929199
P52890_Q09892,0.019408,0.013062,0.016103,0.5848252177238464,0.9975696206092834,0.9849284291267396
O42844_Q9UUC6,0.0021954,0.013054,0.015905,0.2867702543735504,0.0009118454181589,0.4735113680362701
Q10169_Q9HE05,0.0022095,0.013126,0.015953,0.39467543363571167,0.0063536106608808,0.0029850602149963
P37382_Q9UTP0,0.0021676,0.01292,0.015868,0.030300116166472435,0.0056861517950892,0.1216007322072982
P50527_Q10353,0.0023771,0.012969,0.016028,0.17551207542419434,0.0015957162249833,0.2147599160671234
O13339_P36616,0.0021925,0.012952,0.015993,0.10577767342329025,0.0948607549071312,0.0028443401679396
Q10134_O14079,0.031097,0.012966,0.016907,0.13108940422534943,0.0097854509949684,0.0002783136733341
O74958_P36582,0.0074613,0.01303,0.016985,0.09856823086738586,0.0069172517396509,0.0031270149629563
P42656_Q10282,0.0022818,0.015934,0.016053,0.10710962116718292,0.0042706243693828,0.051730565726757
P26306_Q09683,0.0034496,0.013039,0.016133,0.2952408790588379,0.0052232886664569,0.002654634648934
O14343_Q96TL7,0.93312,0.013158,0.070148,0.1965693086385727,0.0113235982134938,0.5338843464851379
P54789_Q9USP0,0.0023655,0.013031,0.015961,0.08090335130691528,0.0038080469239503,0.0164174027740955
O14350_O60104,0.014831,0.012959,0.016661,0.3632228970527649,0.9989789724349976,0.0008057111990638
O13826_O13758,0.2144,0.012967,0.019995,0.39919039607048035,0.0008692895062267,0.3123770952224731
Q9P7X1_P56288,0.0022744,0.012962,0.016063,0.5546253323554993,0.0003987290838267,0.0398132279515266
P05219_A6X980,0.0021802,0.012968,0.015893,0.05700356513261795,0.0015341019025072,0.0002713014837354
A6X980_Q9HGQ3,0.0021835,0.012924,0.015935,0.048552799969911575,0.0016398003790527,0.0034889504313468
Q10366_Q92352,0.0022019,0.012956,0.016069,0.032215800136327744,0.003062687581405,0.0010458704782649
O13877_O14318,0.002206,0.012973,0.015889,0.03299758955836296,0.0004948942223563,0.0007769727963022
O94646_O13978,0.0022155,0.012931,0.015908,0.7222908139228821,0.9989306330680848,0.7503045201301575
Q10585_P41412,0.00238,0.012993,0.015931,0.2692355215549469,0.0560578033328056,0.4955064952373504
Q10134_O74560,0.041344,0.01295,0.016129,0.026214729994535446,0.0121001126244664,0.0074252509512007
P87231_P87238,0.0022435,0.012948,0.015951,0.06493251770734787,0.0113465934991836,0.7406646609306335
O14170_O43071,0.0075824,0.023557,0.024671,0.2829764783382416,0.0178742595016956,0.0428074896335601
P28748_P05767,0.0022122,0.013013,0.015919,0.14465202391147614,0.0003078851150348,0.0736484453082084
O74986_Q9Y821,0.0038741,0.017346,0.016194,0.021196873858571053,0.0338627584278583,0.0061330790631473
Q10343_O14021,0.002204,0.013006,0.016024,0.05027138441801071,0.001158102764748,0.001601485768333
O42832_O13828,0.013196,0.012933,0.023581,0.04162139818072319,0.0006178274634294,0.8589337468147278
Q10099_Q09858,0.0022242,0.012937,0.015926,0.025405000895261765,0.000582828070037,0.0028825604822486
Q09933_O74790,0.0021975,0.013088,0.015917,0.13288462162017822,0.995451033115387,0.0401871241629123
Q9UT32_O14229,0.0021852,0.012929,0.016481,0.3948807418346405,0.0344622358679771,0.0165668297559022
P50527_Q01112,0.0030761,0.014811,0.020463,0.3703595995903015,0.7501021027565002,0.9831021428108216
Q9UT86_P08092,0.0021856,0.013049,0.015973,0.4682524502277374,0.0002893602650146,0.0057083857245743
P50582_O00102,0.0021825,0.013026,0.015938,0.11230222880840302,0.0017586379544809,0.0078960247337818
O74771_P0CT70,0.0021761,0.013005,0.015927,0.4448564946651459,0.0003038771101273,0.0365516543388366
P40235_P52822,0.0021865,0.012938,0.01597,0.029115555807948112,0.0004062976513523,0.0139421019703149
O60052_P78972,0.0022237,0.013792,0.016714,0.006857344880700111,0.0340326316654682,0.9452739953994752
P30261_Q10430,0.0022668,0.012965,0.015912,0.09132540225982666,0.9987459182739258,0.9732304215431212
O13615_P87309,0.0022349,0.013002,0.023709,0.17108172178268433,0.0065252184867858,0.001418765168637
O94609_P26306,0.0021977,0.01301,0.016033,0.04176827892661095,0.0030740469228476,0.0068262820132076
O43120_Q09683,0.0022015,0.012937,0.016274,0.14196360111236572,0.0097499657422304,0.0024087503552436
Q96WV9_P06652,0.85232,0.013039,0.016408,0.1854163408279419,0.8286877274513245,0.0038325597997754
O13758_O94268,0.0034939,0.012943,0.035581,0.16486282646656036,0.7220350503921509,0.0449651814997196
P36622_Q10198,0.46456,0.49448,0.015913,0.0066710105165839195,0.0007388375233858,0.9393383264541626
O14079_P05219,0.0021783,0.013105,0.015961,0.5653582215309143,0.0012630083365365,0.0197322759777307
O36019_P07657,0.0022085,0.012957,0.015886,0.2401784509420395,0.0002354384487261,0.0032755483407527
O74958_O94752,0.039329,0.012992,0.015952,0.3372059166431427,0.0007094012689776,0.0439438447356224
O14246_O14097,0.0022111,0.012934,0.016681,0.2111702859401703,0.997941553592682,0.988358438014984
P26306_Q12381,0.0022026,0.013277,0.016053,0.05570823326706886,0.038486611098051,0.8271403312683105
O13684_P36601,0.0022332,0.013004,0.015933,0.18047191202640533,0.0003480140003375,0.9667179584503174
P40371_Q6BDR8,0.0021774,0.012924,0.015909,0.018598858267068863,0.0002770075225271,0.9700317978858948
Q9HGL8_O74184,0.0022039,0.012929,0.016247,0.23411352932453156,0.0015626068925485,0.0009740075911395
O74796_O94705,0.0023473,0.012926,0.015871,0.33225682377815247,0.0004197493253741,0.0045226360671222
Q9US59_P07334,0.00229,0.012967,0.017618,0.09838094562292099,0.9943066239356996,0.0099676670506596
P0CU09_Q09808,0.0021971,0.012915,0.015909,0.006163658574223518,0.0259035397320985,0.0038243511226028
Q9UU79_P13681,0.0021928,0.013074,0.01599,0.0028255709912627935,0.0002515988016966,0.3815842568874359
P0CT70_P79010,0.0024472,0.012972,0.01598,0.22042329609394073,0.9986925721168518,0.9853721261024476
Q10322_P01129,0.0027487,0.01376,0.016117,0.11464820057153702,0.0010616320651024,0.939454197883606
O94376_Q10099,0.0022464,0.012957,0.015924,0.0626772940158844,0.0010556695051491,0.0011858902871608
Q9UT46_O74791,0.0022064,0.012952,0.015953,0.2378457933664322,0.0006347264861688,0.0093810791149735
Q9HE05_Q4PIR3,0.0023398,0.013719,0.016636,0.1271248608827591,0.8452127575874329,0.0285919625312089
Q9C107_P36618,0.0022194,0.013096,0.015988,0.11678691953420639,0.0465867891907691,0.881531298160553
O94603_Q9P7Q8,0.0022788,0.013025,0.017995,0.05480144917964935,0.0084122093394398,0.4466375112533569
O13988_Q12701,0.0022073,0.012983,0.01604,0.4742790758609772,0.998295247554779,0.3687420785427093
O43080_P87074,0.0021859,0.012916,0.01591,0.3058549463748932,0.0325317494571208,0.4267210662364959
Q92358_Q9P4W1,0.0025148,0.013099,0.015887,0.11951559036970139,0.000886419089511,0.0024561488535255
Q9P7T4_Q10134,0.25709,0.012992,0.01722,0.05381101742386818,0.002143166726455,0.0186308939009904
P01129_P33520,0.8514,0.016177,0.023911,0.033522818237543106,0.998950719833374,0.0002670730173122
Q9UT46_Q10343,0.0021763,0.012997,0.015941,0.26796066761016846,0.0040097297169268,0.9645041227340698
P50524_Q10192,0.0021776,0.012913,0.015907,0.22648188471794128,0.0003650611615739,0.989334523677826
O94285_Q9Y7J4,0.0021766,0.012934,0.015896,0.1395803987979889,0.0025561675429344,0.5662051439285278
O94376_P17937,0.0022122,0.012934,0.015916,0.1127520203590393,0.0010150596499443,0.0006685443222522
Q09824_O42844,0.34768,0.01298,0.016604,0.06418059766292572,0.997554361820221,0.0010523770470172
Q9HGL6_O94408,0.0021928,0.012993,0.015884,0.0891636312007904,0.00089032726828,0.0091690942645072
O94321_O94698,0.0021753,0.012991,0.01609,0.04002559557557106,0.0007831196999177,0.0305862668901681
Q9P782_O94542,0.002186,0.012914,0.016059,0.08459832519292831,0.0156100401654839,0.0007678146939724
Q9USV3_O94659,0.0021778,0.012985,0.015937,0.20621129870414734,0.0022532469592988,0.4288466572761535
P40996_P79010,0.0022158,0.012954,0.015923,0.24331772327423096,0.0002871285250876,0.0077717355452477
O42975_P87312,0.002419,0.014502,0.37943,0.2527456283569336,0.9983029365539552,0.005707855336368
O36019_P40371,0.0023731,0.012937,0.016061,0.006356754340231419,0.0004639593244064,0.9697859883308412
P36625_P26306,0.40141,0.012929,0.020167,0.1958930343389511,0.998637855052948,0.087472453713417
P21135_Q10477,0.0070459,0.012921,0.043209,0.698286771774292,0.9987855553627014,0.0017129698535427
O14011_Q9P779,0.012428,0.087726,0.015997,0.26195472478866577,0.0021323193795979,0.0007320173317566
P05764_Q09127,0.0022059,0.012939,0.015882,0.12269189953804016,0.0080942464992403,0.1085909008979797
Q09763_Q10163,0.0035564,0.012965,0.0159,0.37294355034828186,0.0004889425472356,0.9904109239578248
O59790_O74398,0.0036974,0.013014,0.017198,0.09878022223711014,0.0295144822448492,0.9390943646430968
O74560_Q9UUM2,0.013193,0.013074,0.016745,0.13461904227733612,0.0172532610595226,0.0013337935088202
O42975_Q9P7B7,0.0022058,0.01303,0.017286,0.09548651427030563,0.0177794992923736,0.0003312268236186
O59793_Q9P7R9,0.0022079,0.013516,0.017426,0.004420591983944178,0.011399601586163,0.0463559478521347
O43080_Q9C107,0.0021966,0.012952,0.015942,0.3625096082687378,0.0024686639662832,0.0094171036034822
O94376_O94542,0.0025003,0.012944,0.016001,0.15466907620429993,0.9925918579101562,0.0409092530608177
Q12381_P0C5Y7,0.0022224,0.013165,0.015945,0.2464607208967209,0.0021853079088032,0.0171758141368627
O14036_O13782,0.0021808,0.013074,0.015922,0.051386330276727676,0.0002490427286829,0.2060437053442001
P87314_P26306,0.010182,0.012935,0.016328,0.37457790970802307,0.0144250635057687,0.0029113239143043
O42661_P87159,0.0021868,0.012997,0.015914,0.009569070301949978,0.0008528181933797,0.0002434008201817
P36618_P0CT60,0.0021711,0.012926,0.015887,0.22211818397045135,0.0003293300396762,0.944585919380188
Q4PIR3_Q09761,0.0022322,0.013388,0.016043,0.26004400849342346,0.0289526581764221,0.0015823398716747
P29458_P49731,0.40749,0.013052,0.040581,0.40949586033821106,0.998768985271454,0.0004136560601182
O13816_O13351,0.0021783,0.013014,0.015902,0.04682759568095207,0.0150086488574743,0.0013065956300124
P87245_O14352,0.0021873,0.013124,0.015883,0.24315814673900604,0.0013281602878123,0.0008986921166069
Q09330_P78953,0.0022729,0.012931,0.016295,0.1278064101934433,0.991581380367279,0.4917434453964233
O94476_P0CF96,0.0022035,0.012968,0.015912,0.025397228077054024,0.0002627621288411,0.6984652280807495
Q9UUI1_P28829,0.0022286,0.013052,0.015921,0.1562221497297287,0.0003448592615313,0.0435042046010494
O74533_C6Y4D0,0.002212,0.012952,0.016271,0.3055678904056549,0.9985415935516356,0.0137723069638013
P0CT60_Q9Y7J4,0.0021801,0.012926,0.015893,0.04195203259587288,0.0010220980038866,0.1460142582654953
O74774_P87245,0.0022155,0.012984,0.015988,0.2534473240375519,0.0010544423712417,0.0005327505641616
P32390_P87169,0.0022407,0.013007,0.015912,0.21574124693870544,0.001053177868016,0.0187041070312261
P04688_O13728,0.0021726,0.013051,0.016249,0.05929141491651535,0.0073609701357781,0.0812134370207786
Q09191_P87051,0.0022319,0.012996,0.015903,0.060885511338710785,0.0012298345100134,0.9403238296508788
Q09685_P0CT60,0.0021753,0.01292,0.015913,0.6198393702507019,0.000928545021452,0.931873619556427
Q10193_Q09761,0.088301,0.01295,0.015998,0.0635806992650032,0.0062019298784434,0.6924535632133484
Q9USL5_Q96WW3,0.0021935,0.012983,0.015914,0.054265256971120834,0.0081259151920676,0.2952926158905029
P79071_O94620,0.002215,0.01294,0.016113,0.04970484599471092,0.000690754095558,0.0039893556386232
O74966_O14010,0.0021899,0.012951,0.015876,0.581469714641571,0.0006497455760836,0.4548120498657226
O94244_O14180,0.0021838,0.013089,0.019768,0.672577977180481,0.9975603818893432,0.0015953788533806
P79010_Q96WW3,0.0022169,0.012985,0.016064,0.37232935428619385,0.0026851301081478,0.1122141927480697
Q02088_Q9UT76,0.002173,0.013109,0.015864,0.4955156445503235,0.000206455530133,0.0002407945721643
O13351_O13852,0.002219,0.013105,0.015874,0.05675246939063072,0.0052694585174322,0.0593403354287147
Q9UT46_O14269,0.80322,0.013033,0.019503,0.4392753541469574,0.9982439279556274,0.0006448064814321
O60052_Q10429,0.0022283,0.013229,0.020418,0.006077144760638475,0.0072037284262478,0.0009810989722609
O59751_P56287,0.0025294,0.013188,0.015979,0.06353647261857986,0.0011392191518098,0.0060566924512386
P36617_Q09882,0.0021898,0.012942,0.017241,0.31943169236183167,0.0697709247469902,0.0320494435727596
O14198_Q09330,0.0021808,0.013118,0.015883,0.39891675114631653,0.0039596082642674,0.0003529205569066
P13681_O74511,0.0022402,0.013067,0.020647,0.49798062443733215,0.0016042870702221,0.0007597574731335
O94603_P09322,0.0022019,0.012991,0.025183,0.3503841459751129,0.0027877674438059,0.0299222934991121
P12000_P87245,0.0075523,0.012961,0.01602,0.46263790130615234,0.0029092789627611,0.0244282484054565
Q09685_P56523,0.0021809,0.01295,0.015931,0.21691414713859558,0.0042178984731435,0.0069905426353216
Q09761_Q9P7P1,0.0022297,0.012924,0.015982,0.5526939630508423,0.998768389225006,0.9801728129386902
O13728_Q9URY2,0.0023961,0.013055,0.015894,0.07003384828567505,0.0059580155648291,0.0041527971625328
O74904_O59945,0.0021946,0.012948,0.015896,0.07727771252393723,0.0003167046234011,0.9768601655960084
Q12126_O14129,0.0022935,0.013014,0.01645,0.1438572257757187,0.0004225459124427,0.0073234541341662
O74854_P05734,0.0021842,0.012919,0.016002,0.007940126582980156,0.001491654315032,0.0218016635626554
P46595_O42844,0.0021978,0.013249,0.015934,0.2773021459579468,0.0137973371893167,0.0318703427910804
Q96WV9_O13310,0.19092,0.025166,0.30509,0.3883853554725647,0.9915185570716858,0.6089988350868225
P40235_P40371,0.0022277,0.013092,0.018312,0.1634930968284607,0.067405566573143,0.2613856494426727
Q1MTN3_O59767,0.010309,0.013069,0.024759,0.014199012890458107,0.0155036486685276,0.0050878538750112
Q10432_Q09698,0.014678,0.013475,0.025828,0.039086829870939255,0.9984859824180604,0.001763594802469
P41412_P87051,0.0021791,0.014116,0.016006,0.11729510128498077,0.0076514622196555,0.9837132692337036
Q9UUI1_P78946,0.0023347,0.014229,0.0159,0.17309120297431946,0.0004762418102473,0.9344106316566468
O94272_P79010,0.0022064,0.012989,0.01596,0.528001070022583,0.0002473394270054,0.0082165878266096
O13852_O13916,0.0023937,0.013121,0.015922,0.07352229207754135,0.0700670257210731,0.974118173122406
Q9P7E0_Q10108,0.002195,0.012943,0.0159,0.13380132615566254,0.0019189114682376,0.8379575610160828
O59703_O74988,0.0022777,0.012982,0.015896,0.11557414382696152,0.0003439389693085,0.6550898551940918
O60052_Q9UTI3,0.0021935,0.01307,0.016087,0.2584889233112335,0.0011134259402751,0.0005135246319696
P40984_P79005,0.0021754,0.012951,0.015906,0.1582750827074051,0.0033417106606066,0.0006163389189168
O14098_Q09892,0.015489,0.027356,0.1346,0.1973923146724701,0.9948174357414246,0.0015876778634265
P41889_O94309,0.0022097,0.013167,0.016141,0.16691695153713226,0.997031569480896,0.0006488990620709
Q9UTR8_P21534,0.0022028,0.012933,0.015886,0.39407721161842346,0.0003953861014451,0.9771630764007568
Q10056_P79065,0.0028519,0.013056,0.016579,0.4626799523830414,0.0495741292834281,0.0042560617439448
Q09176_O14269,0.0023134,0.012972,0.015915,0.09147152304649353,0.998445212841034,0.8979122638702393
Q9USP0_Q9P7W4,0.0021749,0.012964,0.015932,0.2315964549779892,0.0002234481071354,0.0016523422673344
P87215_Q9UTR8,0.0021756,0.012948,0.015887,0.09391763806343079,0.6697225570678711,0.0570316724479198
Q9USV3_O74803,0.0021724,0.012938,0.015911,0.10954727232456207,0.0003919575246982,0.9931568503379822
O14246_P40371,0.002228,0.012925,0.015944,0.15831358730793,0.0018781098769977,0.4446174502372741
P78946_P56523,0.0021867,0.012934,0.01588,0.14939378201961517,0.0003477758727967,0.0410421788692474
O59751_O94408,0.0021827,0.013032,0.015882,0.12527509033679962,0.000350289454218,0.0007336098933592
P78774_P01129,0.0022445,0.013483,0.040929,0.3788242042064667,0.21643927693367,0.001325293094851
P21534_P40384,0.0022522,0.012951,0.01589,0.4579409062862396,0.000343275925843,0.1196290999650955
Q9P7G0_Q9Y7U4,0.0027132,0.012977,0.016796,0.06375008076429367,0.9982945322990416,0.084326297044754
Q92366_P41005,0.0022601,0.01298,0.015858,0.06481657177209854,0.0016565124969929,0.0008882893598638
Q09717_Q09116,0.0022338,0.013921,0.016177,0.5040357112884521,0.0036165011115372,0.00983770750463
O13351_O13712,0.0022153,0.012961,0.015916,0.06716308742761612,0.0003115643339697,0.0017833343008533
P28748_P27638,0.031174,0.022181,0.025883,0.4533247649669647,0.0063936924561858,0.1148659363389015
Q9USH1_Q9P7B7,0.0021979,0.012924,0.0159,0.4908919334411621,0.0075226365588605,0.0015876264078542
O74904_P41005,0.0021997,0.012928,0.015869,0.27959224581718445,0.0004583456611726,0.9313797950744628
P79065_Q9P779,0.30783,0.62634,0.015914,0.03149642050266266,0.0279661398380994,0.0014587269397452
Q03392_Q07538,0.0021758,0.012962,0.016268,0.09568186849355698,0.0114887235686182,0.0136596877127885
O14399_Q09761,0.0021638,0.013033,0.015884,0.2513590157032013,0.0014749130932614,0.8922057151794434
Q9HFE5_P56287,0.0021894,0.012972,0.0159,0.01404434721916914,0.0014797096373513,0.0616723299026489
Q9P7B7_O94684,0.0022557,0.014119,0.17169,0.2946348488330841,0.0005340327625162,0.9501099586486816
P41412_O94659,0.0026137,0.013125,0.016016,0.055059272795915604,0.0009068115032278,0.00219640834257
O74533_Q09191,0.0022998,0.01294,0.016039,0.4349706768989563,0.0014775299932807,0.9643425941467284
Q10429_P52890,0.011444,0.013222,0.015962,0.028507020324468613,0.0008129969937726,0.9212744235992432
O60164_Q9C0Z9,0.0021758,0.012917,0.015895,0.11428068578243256,0.0168962273746728,0.0026298235170543
O36027_Q9P6R1,0.18008,0.027513,0.017107,0.052199460566043854,0.0058252620510756,0.87578284740448
P01129_P41412,0.6977,0.019751,0.020767,0.04505109041929245,0.9989431500434875,0.0360748469829559
Q10232_O42844,0.002186,0.012936,0.015932,0.2870139479637146,0.0005356281180866,0.6137703657150269
O14170_Q9Y7Z1,0.0021828,0.01294,0.015924,0.008911496959626675,0.0010897601023316,0.0008318063337355
Q09142_O13688,0.010653,0.012982,0.017809,0.009958927519619465,0.9951670169830322,0.8092567920684814
O74471_Q9Y7L8,0.0022453,0.012986,0.01698,0.07830451428890228,0.0015018135309219,0.9465145468711852
P04551_O74517,0.0022277,0.012968,0.016089,0.05898046866059303,0.0014242329634726,0.0066168406046926
Q10134_P32390,0.0022545,0.013129,0.015923,0.03332896530628204,0.0405245050787925,0.0078298533335328
O74311_O14010,0.002182,0.012961,0.015951,0.5003075003623962,0.0020211727824062,0.0009964329656213
P36613_Q9P7W4,0.0022315,0.01294,0.015969,0.6260506510734558,0.0017931174952536,0.0005890462780371
O14246_O94272,0.0021658,0.012947,0.015904,0.14489604532718658,0.0057963952422142,0.9338465332984924
Q09763_Q0E7J7,0.0021814,0.012932,0.01592,0.25742030143737793,0.001061707502231,0.2633279263973236
P10989_O59767,0.0021785,0.013239,0.015986,0.48772361874580383,0.0217569973319768,0.7456732392311096
Q9USJ7_O14140,0.002179,0.013023,0.017021,0.14297187328338623,0.0248405672609806,0.0003315971116535
Q09116_Q9HGL8,0.002221,0.013008,0.016324,0.17040207982063293,0.000441641343059,0.7284004092216492
P36595_P48009,0.0021829,0.013019,0.015906,0.014810685068368912,0.0004332652024459,0.0444307550787925
O13339_O74804,0.0022569,0.012942,0.016196,0.029069585725665092,0.139305368065834,0.0007312733796425
O74983_Q92366,0.0029132,0.012953,0.015904,0.23971769213676453,0.0012795042712241,0.0066316504962742
P50527_P40235,0.01455,0.017018,0.20119,0.3743320107460022,0.1743695735931396,0.9582294821739196
P87314_Q9USL5,0.0021694,0.012943,0.015904,0.2590382397174835,0.0066242949105799,0.4115471839904785
P79065_P0CT60,0.0021783,0.012975,0.015908,0.031588129699230194,0.0004360603634268,0.0573070831596851
O14064_Q9USV3,0.0022262,0.012921,0.015913,0.11900635808706284,0.0509856678545475,0.0015884180320426
O75011_Q9URX6,0.0021794,0.012942,0.015918,0.12464848905801773,0.0005306132370606,0.0018090602243319
Q12126_O42709,0.013482,0.012967,0.016297,0.15269136428833008,0.0008760122000239,0.9802030324935912
P29458_O74985,0.0021924,0.013607,0.016056,0.24693945050239563,0.0016578946961089,0.0082268640398979
O42995_O14198,0.0021809,0.012937,0.015893,0.03503992035984993,0.0044845510274171,0.00074021180626
Q9P7W4_O13936,0.0022146,0.012994,0.017427,0.2469564825296402,0.0005680645699612,0.0165498554706573
Q09933_Q9Y709,0.0021669,0.013003,0.01592,0.5740119218826294,0.0010558310896158,0.8952668309211731
Q09142_Q9USL5,0.0021719,0.01295,0.015884,0.1094277873635292,0.0156993307173252,0.3680383861064911
P36592_Q09154,0.0022379,0.012986,0.016217,0.31718719005584717,0.0008417968638241,0.3009566366672516
O74790_O00102,0.0021886,0.022066,0.015933,0.4737662672996521,0.0018448636401444,0.0108354426920413
Q9UUM2_O94326,0.016767,0.012963,0.016951,0.33324936032295227,0.0119661651551723,0.1984692811965942
P87324_Q92462,0.002195,0.012924,0.015949,0.3623691499233246,0.0004911873256787,0.9272520542144777
P78794_O13936,0.0025626,0.01298,0.02195,0.21375207602977753,0.966747224330902,0.9533714056015016
O43080_Q9UTE6,0.0021859,0.012914,0.015884,0.08312056213617325,0.0009556299191899,0.0011254856362938
P79071_O94316,0.0022308,0.012939,0.015996,0.32987773418426514,0.0026738462038338,0.0004993570037186
O59751_P87169,0.28485,0.081502,0.01594,0.024262547492980957,0.0107114594429731,0.0156051022931933
O74957_O13978,0.0021802,0.012924,0.01592,0.2931487262248993,0.0025395343545824,0.0127569232136011
O74433_P79063,0.0022168,0.012923,0.015886,0.06602777540683746,0.0003285980492364,0.6001562476158142
O60104_Q10232,0.0021724,0.012976,0.015907,0.2700026035308838,0.004068209324032,0.0002057445526588
O13758_Q9UTK6,0.0041236,0.012978,0.0404,0.013010034337639809,0.9970844388008118,0.561995267868042
O74991_P36616,0.0021804,0.013188,0.037461,0.23048600554466248,0.0113971522077918,0.0268045552074909
P10815_P36595,0.002182,0.012928,0.019707,0.010202898643910885,0.0020200295839458,0.8663567900657654
O42634_O42932,0.0021904,0.013075,0.015944,0.3424902558326721,0.0012702376116067,0.724941611289978
Q09933_P49731,0.046066,0.013372,0.016506,0.2350682020187378,0.0044757039286196,0.0019779612775892
Q9UUI1_Q09127,0.0022081,0.012964,0.015886,0.16223271191120148,0.0004431780835147,0.7869025468826294
P40381_P87245,0.0023167,0.012955,0.016049,0.6856209635734558,0.0020184814929962,0.001396203530021
O94547_P52890,0.5357,0.013114,0.01686,0.41700515151023865,0.0121475988999009,0.8882812261581421
Q09822_Q9USZ6,0.0021781,0.012927,0.015889,0.2439400851726532,0.0007450101547874,0.1336868703365326
Q9UT52_Q10192,0.0021801,0.012916,0.015908,0.16720320284366608,0.0026851464062929,0.9710623025894164
O94244_Q53EK2,0.0021742,0.013273,0.015928,0.015543478541076183,0.0003497507132124,0.0010448740795254
Q9USM8_Q09892,0.0022364,0.01297,0.016365,0.2792520225048065,0.0329515375196933,0.0021545691415667
O94659_O13688,0.0022089,0.012949,0.015998,0.14857830107212067,0.969490885734558,0.0002805943368002
Q9USH1_P87074,0.0022588,0.012932,0.015901,0.2916824221611023,0.9878847002983092,0.0058880224823951
O42709_O94263,0.0021916,0.012941,0.016,0.21270225942134857,0.5341626405715942,0.0382743626832962
Q10134_Q10477,0.013599,0.012994,0.01605,0.13289634883403778,0.4598219990730285,0.0025117620825767
O60187_Q10218,0.76011,0.43284,0.018234,0.05988943576812744,0.9982942938804626,0.0652793496847152
O14327_Q09191,0.002289,0.012943,0.015928,0.02151678316295147,0.0002913961652666,0.1736943274736404
O74772_P87245,0.002234,0.012957,0.015892,0.18781043589115143,0.0504853501915931,0.0004385338106658
P87215_O94355,0.0021805,0.012942,0.015885,0.16257528960704803,0.0231894925236701,0.888247549533844
Q09858_Q10668,0.0027315,0.01293,0.015947,0.03632324934005737,0.0057130348868668,0.781108021736145
Q9P4W1_O94268,0.0025422,0.013179,0.015907,0.1898718774318695,0.000865907932166,0.0007849225075915
O13936_Q9P7G0,0.0022306,0.013261,0.017784,0.028425265103578568,0.9987118244171144,0.001388696487993
P08965_P25457,0.0022006,0.012929,0.015917,0.1266057938337326,0.0111685208976268,0.0952711403369903
Q96WW3_O13988,0.0022313,0.012996,0.016088,0.13557319343090057,0.9691976308822632,0.001485020853579
P87314_P07334,0.62087,0.013026,0.016297,0.35082462430000305,0.037870779633522,0.0002585114270914
P07334_P79063,0.00217,0.012958,0.015922,0.19075952470302582,0.0003925326454918,0.399371474981308
P14575_P41411,0.0022772,0.01295,0.015885,0.39008957147598267,0.0006004902534186,0.0024518906138837
Q10432_O74175,0.0021971,0.01298,0.015933,0.19187621772289276,0.9966026544570924,0.0002086137974401
Q9UT76_Q10316,0.0021817,0.012934,0.015904,0.5313616991043091,0.0002943550935015,0.0566751956939697
O74988_Q96TL7,0.0022131,0.012943,0.015888,0.1491972953081131,0.0016313485102728,0.0076173916459083
O13688_Q10585,0.0025248,0.012921,0.015926,0.1002633348107338,0.998799443244934,0.0040528462268412
P10815_P40380,0.59571,0.012965,0.019875,0.23553676903247833,0.9321773648262024,0.0021844783332198
Q9UT32_P32372,0.0022235,0.012937,0.019585,0.07232364267110825,0.0012771640904247,0.7884072065353394
O74790_Q9USG6,0.0021817,0.012939,0.015893,0.3018818497657776,0.0003116784209851,0.0762818753719329
P87176_Q09819,0.020908,0.013314,0.06957,0.09509135782718658,0.0013447016244754,0.0040830583311617
O59793_Q09906,0.0036048,0.012925,0.016491,0.5215065479278564,0.0003783984866458,0.9905362725257874
O94707_O74465,0.002483,0.012931,0.016833,0.034304726868867874,0.9954845905303956,0.0025229526218026
P33886_P78794,0.0054145,0.012974,0.016039,0.05520695820450783,0.0037744916044175,0.0077882399782538
Q09924_O14241,0.00218,0.012947,0.015912,0.11957700550556183,0.0012982010375708,0.0741295590996742
P05501_Q9USZ6,0.0021952,0.012927,0.015868,0.04412674158811569,0.0002550915523897,0.9711596369743348
O13826_O74747,0.040503,0.013177,0.019799,0.308866411447525,0.9988425970077516,0.0006285862764343
P40371_Q9US59,0.0021966,0.012954,0.016114,0.15120042860507965,0.0262844394892454,0.9185599088668824
P78972_O94707,0.014146,0.012985,0.016777,0.19207216799259186,0.9860607385635376,0.0018957593711093
Q10282_O75011,0.0021867,0.013198,0.017979,0.5051087141036987,0.0347896702587604,0.0114331487566232
P40372_P78814,0.002237,0.012955,0.016166,0.008015844970941544,0.0004126985732,0.1615332663059234
O14327_O14241,0.0021962,0.012929,0.015903,0.02145029790699482,0.0022722701542079,0.0515475571155548
P04551_Q09142,0.002253,0.012982,0.018564,0.059704579412937164,0.0073998933658003,0.0074889273382723
Q9UTK6_O94752,0.0046868,0.012953,0.03127,0.014166884124279022,0.0050116321071982,0.316301167011261
Q4PIR3_Q12381,0.0022075,0.015412,0.015965,0.017655162140727043,0.00066014949698,0.060517244040966
P50582_Q9P7T4,0.34886,0.012957,0.017467,0.150045245885849,0.0682476982474327,0.0100581822916865
Q10477_Q9P7E0,0.0022044,0.01292,0.0159,0.12813325226306915,0.000358556950232,0.0002466444857418
Q9UTE6_Q9USP0,0.002178,0.012937,0.015964,0.010476977564394474,0.0004269853816367,0.0019202140392735
O74531_P27584,0.0021985,0.013102,0.016061,0.2756253480911255,0.0072970413602888,0.0260102450847625
Q10272_O94238,0.002195,0.012937,0.015934,0.18207791447639465,0.000815903476905,0.0470260828733444
O94687_Q9UUC1,0.0021967,0.012913,0.01716,0.15198113024234772,0.0008105511078611,0.002037136349827
O36019_O14339,0.002177,0.012952,0.015907,0.4152453541755676,0.0020362923387438,0.0483497567474842
O74966_P40372,0.002545,0.01298,0.015903,0.24321502447128296,0.0012069650692865,0.0102012669667601
Q9UT52_O14229,0.0022513,0.012913,0.01654,0.25055888295173645,0.0369183905422687,0.0002775640168692
P09322_Q9P7B8,0.0022039,0.012947,0.016005,0.4121771454811096,0.0045321690849959,0.1122196614742279
O74736_O13681,0.0024228,0.013142,0.016165,0.29960331320762634,0.0008011829922907,0.8491351008415222
O59702_P87050,0.002254,0.013326,0.016614,0.467056006193161,0.0013449206016957,0.5016517043113708
P28829_O74747,0.13552,0.013208,0.016061,0.6509568095207214,0.0013657276285812,0.947179079055786
O13712_Q09825,0.0032289,0.012937,0.043662,0.40729764103889465,0.9892334938049316,0.000649245455861
P40995_O13988,0.0021969,0.012947,0.016012,0.11765355616807938,0.0090344846248626,0.0072356886230409
O74983_Q10430,0.0021823,0.012975,0.015905,0.06207894906401634,0.0008024582057259,0.000790354271885
O13782_O13985,0.0023279,0.013323,0.015933,0.09436459839344025,0.0197544433176517,0.9852993488311768
Q96TL7_O13953,0.0023686,0.012919,0.017113,0.6082448959350586,0.9988080263137816,0.9008170366287231
Q9Y794_O94646,0.0022938,0.01294,0.015932,0.02349086105823517,0.0054605253972113,0.0023655206896364
P87169_Q9HGL8,0.0021761,0.012953,0.015943,0.20697054266929626,0.0037161204963922,0.000963027938269
P0CT70_O14170,0.0021992,0.012941,0.015951,0.12073326110839844,0.0004069847054779,0.4857982695102691
O43114_O13889,0.0030388,0.013001,0.016693,0.06169993057847023,0.0018493508687242,0.135463073849678
O74825_P10506,0.0021852,0.012946,0.015924,0.6871811747550964,0.0002536025422159,0.0140570839866995
O75001_O94717,0.0022202,0.012959,0.01614,0.0020872370805591345,0.0076068057678639,0.7504066228866577
Q9USY3_Q9URY2,0.0022592,0.013088,0.015926,0.27124759554862976,0.1440108865499496,0.415340781211853
Q09150_Q9Y738,0.0021998,0.012943,0.015917,0.29445502161979675,0.0003725618298631,0.0034413139801472
P32434_O74957,0.0021688,0.013031,0.015921,0.15239544212818146,0.0006593776633962,0.0009105573990382
P78814_Q10343,0.0022463,0.012979,0.49105,0.008402836509048939,0.0061413971707224,0.6489235162734985
Q10282_O74904,0.0021754,0.013004,0.015917,0.11095964908599854,0.000342513929354,0.0082770884037017
P0CG72_P36622,0.0021822,0.013025,0.015904,0.07593303918838501,0.0010266751050949,0.1158298999071121
O74796_O74175,0.0021888,0.012917,0.015886,0.2366149127483368,0.0035520771052688,0.0134030347689986
P32390_P05734,0.0023453,0.01301,0.34901,0.3279576003551483,0.0009584187646396,0.7587200403213501
P79015_O14216,0.0021754,0.012996,0.015936,0.13969843089580536,0.0243273954838514,0.009257772937417
Q9HE05_Q9UUJ4,0.0022394,0.013061,0.016003,0.09831099212169647,0.9987909197807312,0.0872747823596
Q9P7J8_O74957,0.0021952,0.012968,0.01607,0.12093031406402588,0.0017594677628949,0.0005183173343539
O42954_P04688,0.0021968,0.013075,0.015996,0.17908944189548492,0.0083890845999121,0.000461147777969
Q9P6M0_O74471,0.0022277,0.01296,0.01591,0.5939263701438904,0.0004747153725475,0.9413781762123108
P04688_P36625,0.0021776,0.013134,0.015952,0.5938321948051453,0.0460893064737319,0.0051669711247086
Q9P7P2_Q9USP0,0.0021952,0.013031,0.015934,0.08595310896635056,0.0003544289211276,0.0025341841392219
Q9UT72_O74175,0.002227,0.012953,0.016002,0.27551984786987305,0.0009136908920481,0.1675325781106948
O42975_O43120,0.0022212,0.013023,0.017645,0.09905706346035004,0.998519241809845,0.2550718188285827
Q92372_P32390,0.0021775,0.012973,0.015957,0.2258973866701126,0.991909921169281,0.000449084007414
P50528_P50530,0.328,0.028937,0.19615,0.11816847324371338,0.9978395700454712,0.0014926829608157
O42995_O94616,0.0022204,0.012944,0.015894,0.07962074130773544,0.0065983841195702,0.0064140390604734
O59945_Q10477,0.0021654,0.012938,0.015937,0.23731489479541779,0.0003422433219384,0.0003236042393837
P09988_Q10169,0.0022506,0.013141,0.083339,0.2671556770801544,0.0003034992550965,0.9735455513000488
Q09177_P54789,0.0021824,0.013042,0.015878,0.24282541871070862,0.0008824268588796,0.0007492557633668
O13816_P40381,0.0021881,0.013048,0.018338,0.22593967616558075,0.998242735862732,0.1560330986976623
O43114_O74796,0.0022993,0.012929,0.015881,0.5495823621749878,0.0034632966853678,0.0579079836606979
O94326_P87174,0.0022006,0.012927,0.016122,0.08445842564105988,0.9961626529693604,0.0217445287853479
Q1MTQ9_O42978,0.0021954,0.012991,0.015876,0.05991708114743233,0.0026976948138326,0.935839593410492
O94620_O13985,0.0048438,0.12708,0.035133,0.1828811764717102,0.9961549639701844,0.0699918121099472
Q10282_P05734,0.002181,0.012969,0.016771,0.0036918881814926863,0.0030256260652095,0.0023369984701275
P87050_Q9UT76,0.0021863,0.013029,0.01593,0.09004270285367966,0.0002354153111809,0.0023326200898736
P36583_O74958,0.016137,0.013026,0.016915,0.1439627856016159,0.0014539402909576,0.9919142723083496
O13828_Q9UT52,0.10318,0.012989,0.025079,0.09550266712903976,0.0031248023733496,0.0003880591248162
O42709_P32372,0.61323,0.012928,0.017079,0.021966006606817245,0.0274955239146947,0.0074065751396119
Q9USV1_Q92366,0.0021886,0.012957,0.01603,0.1329566240310669,0.0118888393044471,0.0005939509137533
P42656_Q09127,0.0021753,0.013057,0.015924,0.20088563859462738,0.0003961901529692,0.0003833584487438
O14352_P04688,0.0021976,0.01314,0.016233,0.5557608008384705,0.0002460537943989,0.0007158058579079
O42709_Q09127,0.0021803,0.012922,0.015917,0.018850725144147873,0.0057432120665907,0.0011559239355847
P30261_O60187,0.042988,0.012952,0.022331,0.38600045442581177,0.0006361879059113,0.0008616376435384
Q9USZ6_P08090,0.0021944,0.012926,0.015903,0.06639356166124344,0.0014520521508529,0.1414295434951782
Q09683_O74718,0.0022591,0.012993,0.016072,0.23469224572181702,0.9960952401161194,0.0023124711588025
O59751_Q9P6R1,0.0022466,0.015958,0.015937,0.44532695412635803,0.0007989019504748,0.000406950188335
Q09914_O94268,0.0033164,0.015814,0.018864,0.48496150970458984,0.0003666987759061,0.0207520648837089
Q9UUB5_O94542,0.0060712,0.01292,0.016371,0.30077555775642395,0.0737557113170623,0.0383446589112281
O94687_P87027,0.0021882,0.013025,0.015971,0.38459712266921997,0.005454306025058,0.944082498550415
Q53EK2_P78946,0.0021831,0.012936,0.015892,0.32101982831954956,0.000268386589596,0.0193918049335479
Q9UUB7_O74560,0.0023041,0.012926,0.015962,0.4205321967601776,0.1362992078065872,0.0088437683880329
O13688_O94244,0.0023022,0.013296,0.053166,0.20635469257831573,0.1143456324934959,0.0057201110757887
P32390_P40997,0.0021796,0.012989,0.021382,0.45487499237060547,0.003502772655338,0.9771317839622498
O74499_O94272,0.0050909,0.016471,0.0204,0.022210801020264626,0.0002529119956307,0.1457462161779403
O13936_O14399,0.0021896,0.013543,0.015936,0.27175572514533997,0.0004446025704964,0.0074807158671319
Q874R3_P40377,0.0081798,0.013082,0.016027,0.0649448037147522,0.000788846402429,0.6233368515968323
O13685_Q09177,0.0021827,0.013051,0.015927,0.3577195703983307,0.0002625517954584,0.1198979616165161
Q9Y7J4_O94268,0.0021812,0.012929,0.015905,0.4164350628852844,0.0155322542414069,0.0001470449642511
Q9Y7L8_P36617,0.0021707,0.012937,0.016034,0.3774418830871582,0.0003357267705723,0.0081426622346043
Q9USZ6_O74854,0.002183,0.012913,0.015884,0.36896848678588867,0.0005455071805045,0.0337829515337944
O60164_O74560,0.0023423,0.012911,0.016631,0.2722305357456207,0.99812513589859,0.0035533043555915
Q9USU3_P50523,0.0022664,0.012969,0.015867,0.1724991500377655,0.0004408883396536,0.0015560085885226
O42991_Q10668,0.0021861,0.012924,0.015929,0.17786723375320435,0.00076832115883,0.7717106938362122
Q9HGL8_O74360,0.0021985,0.012954,0.018324,0.14673112332820892,0.0008342491928488,0.0051574036478996
Q9UT52_P87238,0.0021989,0.012964,0.015909,0.6457654237747192,0.0305135697126388,0.0005507601308636
O14399_O94603,0.0021788,0.013745,0.015889,0.08532211184501648,0.0112292021512985,0.728114128112793
P87309_Q09924,0.0021938,0.012985,0.018418,0.030993696302175522,0.0055394181981682,0.009436784312129
O36019_O94285,0.0021734,0.012943,0.016295,0.4516648054122925,0.0342524163424968,0.0008147718035615
Q92372_Q09772,0.0021908,0.012954,0.016088,0.29877933859825134,0.9981095790863036,0.0073523209430277
O59702_O74966,0.0022113,0.01314,0.015885,0.40201348066329956,0.0004038432962261,0.9698240756988524
P87306_O14098,0.0022066,0.01299,0.016121,0.6681106686592102,0.0066565405577421,0.012533089146018
Q09914_O13672,0.0022208,0.013125,0.016166,0.24264341592788696,0.0003077459987252,0.0003569845866877
O94556_P50528,0.0021918,0.013358,0.016373,0.059861693531274796,0.0015191812999546,0.0002607290516607
O94752_O74747,0.0025511,0.013168,0.01721,0.1830943375825882,0.0002759944472927,0.0097486255690455
O60158_O42846,0.0021848,0.012935,0.015981,0.3704354763031006,0.0002407822030363,0.8624474406242371
Q6BDR8_P07334,0.0022464,0.012961,0.015957,0.10665794461965561,0.0015366516308858,0.0439307428896427
P39964_O13826,0.010235,0.012972,0.016283,0.008129213936626911,0.0018415212398394,0.0730415061116218
O94668_Q10109,0.0032738,0.012955,0.015938,0.6059156060218811,0.002189187798649,0.0009441394940949
Q10330_O13826,0.0021811,0.012953,0.016004,0.06341928988695145,0.0007761705783195,0.0166321732103824
Q09683_O94268,0.002277,0.012954,0.020727,0.33210694789886475,0.975699543952942,0.0055615296587347
O13790_O42844,0.0021797,0.012964,0.015988,0.0827527791261673,0.0060246577486395,0.3963498473167419
Q09898_Q00619,0.0022917,0.013021,0.015991,0.1509290635585785,0.0054778922349214,0.0010159589583054
P10815_P36622,0.015425,0.012977,0.015952,0.2740667164325714,0.0003592499706428,0.0017902529798448
Q96WV9_P36622,0.002376,0.013006,0.016176,0.1324528157711029,0.0006068676011636,0.0228296760469675
P50527_Q9P4W1,0.0023292,0.013102,0.01592,0.39940086007118225,0.0028807686176151,0.001080386689864
Q09761_Q9P7E0,0.0022231,0.012945,0.015879,0.007746548391878605,0.0142658511176705,0.9748149514198304
Q9P7P1_P0C5Y7,0.0022062,0.012941,0.015888,0.21957696974277496,0.0003052752872463,0.1068757250905036
Q10272_O94276,0.0021911,0.013029,0.018026,0.6468067169189453,0.068893551826477,0.1023165360093116
P26306_P36613,0.0021804,0.012941,0.015922,0.23503373563289642,0.0056861145421862,0.0065245637670159
Q10218_Q96WW3,0.0022861,0.012949,0.018169,0.06757043302059174,0.9982944130897522,0.0063249827362596
P40235_Q10316,0.0022014,0.012943,0.016014,0.15259411931037903,0.0003665146068669,0.1266920417547226
P30261_P04910,0.0021901,0.01295,0.016262,0.10084295272827148,0.9987622499465942,0.9747530817985536
P56288_Q6BDR8,0.0021805,0.01294,0.015932,0.01018214039504528,0.0011183395981788,0.6660974621772766
Q10317_Q9USP0,0.002173,0.012935,0.015904,0.0690041333436966,0.0006812392384745,0.972622811794281
Q9USZ6_O74986,0.0021824,0.012914,0.015892,0.44352635741233826,0.0003447080962359,0.3443573713302612
Q9USR7_Q9Y709,0.0021786,0.012938,0.015936,0.6362602710723877,0.0002200183807872,0.0004743984609376
Q9UUA8_Q9Y7M4,0.0021912,0.012975,0.015898,0.12206429243087769,0.0003003264428116,0.5338017344474792
Q10169_Q9P6Q6,0.0021879,0.012933,0.015969,0.060618773102760315,0.0004119193181395,0.0202586576342582
P78774_Q9URX6,0.0022277,0.013009,0.027022,0.16160140931606293,0.0002450360916554,0.000390256056562
Q10232_P41887,0.0023811,0.013084,0.016025,0.07446319609880447,0.0004118737997487,0.0024947170168161
Q09924_P79065,0.0021885,0.013043,0.015922,0.6640978455543518,0.0008324490045197,0.9287698864936828
P78814_O94684,0.0021939,0.013002,0.015953,0.1717933863401413,0.0006035221158526,0.9295539259910583
P36617_Q9UUM2,0.0022992,0.01311,0.016189,0.3812989890575409,0.0006059076404199,0.1203959062695503
O59702_O14198,0.0021782,0.012941,0.015904,0.08901631087064743,0.0007944196113385,0.0424548760056495
O74175_Q9P7J8,0.0022264,0.01295,0.015966,0.07695682346820831,0.0018632935825735,0.0157595351338386
O74790_Q10134,0.0022242,0.013022,0.01595,0.11483060568571091,0.2714932858943939,0.0040422026067972
Q9P7W4_Q9US59,0.0022048,0.012993,0.016016,0.34009262919425964,0.0081062531098723,0.0015177209861576
P78946_P0CU09,0.0021714,0.012915,0.015881,0.1576722413301468,0.0032801597844809,0.0501933209598064
P27638_P87310,0.0021941,0.012953,0.015998,0.4888152778148651,0.0002879305975511,0.9942775368690492
O42709_Q9P7Y4,0.0021967,0.012941,0.015979,0.4816197454929352,0.0054342085495591,0.0015508499927818
Q9Y7M6_Q9USY3,0.0021914,0.012917,0.015914,0.2511636018753052,0.0399174615740776,0.0112342275679111
O74465_O74957,0.002187,0.012928,0.01605,0.19729623198509216,0.0710836052894592,0.5718588829040527
O60104_P40384,0.0021782,0.01295,0.01591,0.10065878182649612,0.0034394946414977,0.9905303120613098
O94360_O74774,0.0021697,0.012921,0.015892,0.02335120551288128,0.0023220940493047,0.5529283881187439
P87173_O94450,0.0021848,0.01295,0.015899,0.0815478265285492,0.0002684787323232,0.0007889365660957
P40848_Q9UTI8,0.0022047,0.012941,0.01683,0.2426472008228302,0.0059906542301177,0.0514352805912494
O13758_P40384,0.0021823,0.012935,0.01594,0.098541259765625,0.0129385776817798,0.000885269138962
Q9USY3_O13889,0.0023134,0.013016,0.016093,0.0058869868516922,0.9976556301116944,0.0008883875561878
Q10668_P87310,0.0022486,0.012931,0.015992,0.11517349630594254,0.9980083107948304,0.0031363531015813
P87159_Q9US59,0.0022494,0.012937,0.016102,0.028364049270749092,0.0687682926654815,0.0003225723921786
O13370_Q9Y7N2,0.0022121,0.012944,0.015909,0.015243753790855408,0.9950001239776612,0.0013204758288338
P87309_P0CF96,0.0022456,0.012961,0.015929,0.12958894670009613,0.2983196079730987,0.008681671693921
P36616_P36629,0.0075162,0.012982,0.041561,0.4417985677719116,0.0133258625864982,0.9857264757156372
Q09808_Q09761,0.0021976,0.012928,0.015926,0.04829233139753342,0.0656284391880035,0.0017552460776641
O74772_Q09898,0.002182,0.012955,0.015967,0.17183908820152283,0.097901739180088,0.0033436394296586
Q9P779_Q9USM8,0.2884,0.013337,0.016148,0.5929994583129883,0.9985265731811525,0.0005171570810489
Q09116_Q10218,0.0022983,0.01297,0.016189,0.08279241621494293,0.0059219333343207,0.0031396704725921
P50527_O13615,0.00263,0.013087,0.016381,0.5261104702949524,0.0137678068131208,0.0024084672331809
P26306_P32372,0.010832,0.012957,0.017097,0.03955613076686859,0.0385179780423641,0.5034593939781189
O94658_O74718,0.002203,0.01353,0.016535,0.024449149146676064,0.0004884985974058,0.951443374156952
P41005_O74791,0.002217,0.012961,0.015952,0.2658766806125641,0.0063083148561418,0.0106693180277943
Q9USZ3_O14079,0.002177,0.013031,0.01587,0.5862298607826233,0.8748579025268555,0.0088204834610223
O74399_Q92358,0.0021875,0.012944,0.015915,0.6332746148109436,0.0049434634856879,0.1531707942485809
O74957_Q10271,0.002177,0.012917,0.015942,0.4799429476261139,0.0108680641278624,0.0004607044684235
O13672_Q9P805,0.0021753,0.012958,0.015977,0.12777288258075714,0.0004015156882815,0.0010895986342802
P87169_Q09683,0.0025547,0.013003,0.015924,0.010136380791664124,0.0011300380574539,0.1058774888515472
Q9USP0_Q10193,0.0022171,0.012968,0.015943,0.10261566191911697,0.0002831794263329,0.1838325262069702
Q9Y7L8_Q10282,0.0022055,0.013016,0.015921,0.01387554407119751,0.0004178288509137,0.0004136201750952
O74804_O74311,0.0021824,0.012998,0.016223,0.21336649358272552,0.0005747919203713,0.0018662232905626
O74555_P36629,0.22575,0.013007,0.028684,0.28017497062683105,0.9989627599716188,0.000937724194955
O13370_O14352,0.0097199,0.013067,0.028975,0.27506518363952637,0.0021076889242976,0.044189978390932
O14170_Q9UTA4,0.0025788,0.013045,0.016324,0.01195785216987133,0.011833956465125,0.5060209035873413
O60187_O13339,0.0022005,0.012933,0.016217,0.11079929769039154,0.0745117664337158,0.004589160438627
Q92399_P36583,0.0021895,0.012967,0.015959,0.00530232721939683,0.0003800223930738,0.0005936054512858
O13936_O74483,0.0021952,0.013033,0.015903,0.38877174258232117,0.9259954690933228,0.5728329420089722
Q12126_O74747,0.0072393,0.013039,0.016097,0.3257816433906555,0.0003564431972336,0.6001430749893188
O94684_Q874R3,0.0021828,0.013069,0.01594,0.2504074275493622,0.0053241034038364,0.2246164381504058
O94423_P05764,0.0022383,0.012949,0.015894,0.47694116830825806,0.0034234263002872,0.0007907400140538
O13828_Q09924,0.0021866,0.012997,0.016337,0.0005319169140420854,0.0237906295806169,0.8299716114997864
O75001_O94450,0.13375,0.012961,0.019328,0.5227562785148621,0.9990119934082032,0.9165393710136414
O43120_Q10366,0.0022878,0.012935,0.016124,0.6928917765617371,0.0003815400996245,0.6289902329444885
Q10271_O14198,0.0021842,0.012917,0.016019,0.36134710907936096,0.0005515237571671,0.0017780801281332
Q09825_Q10109,0.032756,0.012926,0.017166,0.009818662889301777,0.0068873870186507,0.0013471896527335
O59734_P50524,0.0022001,0.012997,0.015874,0.14468255639076233,0.0006043185130693,0.7958559393882751
P04551_P41411,0.0024226,0.012991,0.022691,0.008468414656817913,0.0056029469706118,0.9626137614250184
O74825_P39964,0.0021803,0.012919,0.01589,0.33677178621292114,0.0042906762100756,0.0125403320416808
Q09822_P87176,0.3858,0.013647,0.018738,0.036074090749025345,0.0075652343221008,0.0072402763180434
O42905_P87126,0.37532,0.012921,0.016704,0.3394137918949127,0.9932374954223632,0.001191594870761
P09322_P34208,0.0022155,0.013029,0.016375,0.020618673413991928,0.000597454374656,0.0109770596027374
O43080_Q9USL5,0.0022263,0.012929,0.015887,0.009856709279119968,0.0003801040875259,0.0005016503273509
P42656_Q09824,0.0021981,0.01357,0.10711,0.06136539950966835,0.997618854045868,0.0060731573030352
P36617_P30261,0.0022202,0.01293,0.017796,0.12299490720033646,0.9973419308662416,0.6761388182640076
Q10192_O94752,0.0021899,0.012919,0.015926,0.07548375427722931,0.0018928427016362,0.0003672811435535
O74895_Q09898,0.0021776,0.01296,0.01598,0.009128306061029434,0.0025038749445229,0.0538645051419734
Q92358_Q10366,0.0021959,0.012928,0.015928,0.28805333375930786,0.0081911515444517,0.0026781414635479
Q0E7J7_P12000,0.00217,0.012925,0.015926,0.5988638997077942,0.0819333493709564,0.988647997379303
P79071_Q09177,0.0022077,0.012952,0.015893,0.4753905236721039,0.0009824417065829,0.0442677028477191
Q09698_Q10477,0.0023248,0.013016,0.023332,0.27621960639953613,0.030868861824274,0.0251925569027662
O13828_O75011,0.70759,0.012993,0.021174,0.01874963566660881,0.0103613631799817,0.0005952768260613
Q09760_O13758,0.0021946,0.012964,0.016253,0.18252171576023102,0.0008980463026091,0.5664405822753906
Q9URY2_P48009,0.65624,0.593,0.016033,0.6387340426445007,0.026907779276371,0.0021989913657307
P13681_P01129,0.0022496,0.013149,0.023882,0.47170016169548035,0.006528097204864,0.0094049274921417
O94687_P05219,0.0021867,0.013102,0.016089,0.3647020757198334,0.0025947059039026,0.0028442903421819
O14350_Q10134,0.12858,0.012962,0.016076,0.3775288462638855,0.0008602368179708,0.0145981144160032
Q9P805_O13310,0.0021888,0.012957,0.01607,0.5717216730117798,0.0032035796903073,0.793339729309082
O94309_P34208,0.0025636,0.012989,0.016025,0.5153084993362427,0.0601019859313964,0.0009605564409866
O74790_P87074,0.0021791,0.01299,0.015902,0.08530561625957489,0.0098837791010737,0.014322037808597
Q9HFE5_Q9Y7R3,0.0021831,0.012924,0.015926,0.1193523183465004,0.0060346233658492,0.0053059249185025
Q10134_P01129,0.84564,0.01314,0.017925,0.0732666403055191,0.9986833930015564,0.0031887353397905
Q9P3B2_O74399,0.00221,0.012928,0.015902,0.49889233708381653,0.0008544416050426,0.0550901144742965
Q09154_O74804,0.002197,0.013285,0.015924,0.03419702500104904,0.0002488165337126,0.0478094145655632
P04688_P10815,0.0021726,0.013129,0.016026,0.34571611881256104,0.0011526709422469,0.0047922097146511
Q9P7M3_O94476,0.0021798,0.01294,0.015894,0.3075152337551117,0.0002356828190386,0.147582858800888
O13936_Q96WV9,0.45576,0.013054,0.016591,0.2249372899532318,0.0005892335320822,0.4761045575141907
Q09906_O13286,0.0024696,0.012947,0.016245,0.05430718883872032,0.003180215600878,0.0027951700612902
Q7LL14_O13964,0.0022037,0.012931,0.015906,0.7734331488609314,0.0076991831883788,0.9209538102149964
O36027_O74483,0.0021759,0.013,0.015889,0.14071834087371826,0.0015977328876033,0.4422030746936798
P87173_O13985,0.0021962,0.012988,0.015937,0.5173851847648621,0.0003515962744131,0.1056659892201423
O74772_Q10173,0.0022247,0.012933,0.015883,0.2761135995388031,0.0059655718505382,0.0062096640467643
Q10322_P17937,0.0021852,0.013146,0.01593,0.15717273950576782,0.0003663813404273,0.0055138505995273
P10989_O94360,0.0021783,0.01298,0.015946,0.12102236598730087,0.0004845178336836,0.9718828797340392
O74958_Q10272,0.0034319,0.012992,0.016556,0.3257508873939514,0.0908151045441627,0.0007989823352545
Q10159_P48009,0.0022129,0.012966,0.015934,0.11458386480808258,0.0004837240849155,0.7251963019371033
P36625_Q9UUJ4,0.002222,0.012939,0.015912,0.16807256639003754,0.9945384860038756,0.6489269137382507
O74558_Q10193,0.0022014,0.012926,0.015936,0.11884469538927078,0.0003147105744574,0.0116161471232771
P33520_P40372,0.0021945,0.012989,0.015935,0.21815282106399536,0.0002994044916704,0.0735751390457153
O36027_P10989,0.0021931,0.013054,0.018984,0.16377376019954681,0.0369440428912639,0.9920405745506288
O43070_P40380,0.21928,0.012927,0.019302,0.11396908760070801,0.9974736571311952,0.0020890673622488
O43114_Q09142,0.70123,0.013072,0.31748,0.27056822180747986,0.0906011685729026,0.0050309551879763
Q9USP9_O74803,0.00245,0.012993,0.015989,0.07118213921785355,0.0007366566569544,0.0014921593246981
O94476_P13681,0.0021709,0.012936,0.015914,0.26470786333084106,0.0002146512269973,0.0288172326982021
Q92352_P33886,0.0021734,0.01297,0.015903,0.5003721714019775,0.0015118869487196,0.9394277930259703
P26306_O94244,0.0021809,0.013081,0.01609,0.26094499230384827,0.0017116437666118,0.2018498331308365
O74465_Q9P7G0,0.0022032,0.013023,0.017815,0.14766624569892883,0.9797691106796264,0.0079038580879569
Q9P7E0_P09322,0.0023905,0.012959,0.015908,0.3446241319179535,0.000235316590988,0.0033198709134012
O74986_P50524,0.0022207,0.012941,0.015967,0.08034034073352814,0.0041852337308228,0.0071508856490254
O94668_Q9UTR8,0.013352,0.012962,0.01595,0.09679874777793884,0.9988507032394408,0.0014828098937869
P40997_O14388,0.0022502,0.012914,0.015954,0.3172537386417389,0.0011985923629254,0.0045441375114023
O59793_O13978,0.0021865,0.012913,0.015882,0.08650922030210495,0.0037738035898655,0.0631978139281272
O59755_O94272,0.0021674,0.012968,0.015915,0.3982011079788208,0.0088591706007719,0.0006511394749395
Q9Y7R3_Q09154,0.0022187,0.012948,0.015955,0.08529461175203323,0.0002784015086945,0.2863513231277466
O13777_O59767,0.0021835,0.012947,0.016006,0.09114958345890045,0.0092602055519819,0.0182615295052528
Q7LL14_O13339,0.0021798,0.01294,0.015961,0.7841508984565735,0.1381290405988693,0.0019313734956085
O13936_Q10109,0.0022711,0.013068,0.016139,0.01288637612015009,0.0007507080445066,0.0012590033002197
Q9Y821_P28748,0.0022036,0.016698,0.016018,0.0453404001891613,0.0002803838870022,0.1232208311557769
P40235_O42905,0.10121,0.012942,0.016293,0.359060674905777,0.001028771395795,0.0649157539010047
O42709_O94285,0.0021826,0.012935,0.016409,0.3707283139228821,0.9351595044136048,0.9822028875350952
O94376_Q10272,0.0022661,0.01294,0.015914,0.3195514380931854,0.0041717099957168,0.9886616468429564
P36617_P08965,0.0025024,0.012969,0.016097,0.05839637294411659,0.9781060218811036,0.0024095408152788
P48011_O94547,0.0022344,0.012965,0.015985,0.42551466822624207,0.0012071742676198,0.0003090105019509
P56286_P56287,0.0022332,0.013899,0.015939,0.11061318963766098,0.0004623236018233,0.0478428043425083
O74895_Q10585,0.0022044,0.012977,0.01591,0.11181145906448364,0.0075627542100846,0.0005415803752839
Q9P805_O59793,0.0021887,0.012943,0.01589,0.30810368061065674,0.0006348647293634,0.5919230580329895
P09322_O14180,0.0022169,0.012955,0.016133,0.2123008519411087,0.9988916516304016,0.3823752105236053
O13988_P79065,0.0022159,0.013022,0.015932,0.48496025800704956,0.0029076817445456,0.0026607848703861
O00102_P33886,0.0021756,0.013007,0.015937,0.042466286569833755,0.00210029957816,0.0151060195639729
P36592_Q10429,0.0044472,0.013041,0.016082,0.0058281016536056995,0.0128869228065013,0.8251789808273315
O94423_P10815,0.0096322,0.013086,0.020846,0.38217106461524963,0.037936832755804,0.3697876632213592
O13286_P36614,0.0023381,0.013388,0.016205,0.22513559460639954,0.9482048153877258,0.8323234915733337
Q9USZ6_O94707,0.002191,0.012914,0.015896,0.307329922914505,0.0120077915489673,0.1455523818731308
Q9USX8_Q9USR7,0.0021872,0.012913,0.015885,0.0883769765496254,0.0003487397334538,0.1762667596340179
P56286_P40372,0.0024838,0.013621,0.020367,0.20517626404762268,0.9990253448486328,0.1237120926380157
O13877_P32586,0.0022272,0.012943,0.015915,0.10663627088069916,0.0004358741862233,0.6629760265350342
Q10163_Q09823,0.0022283,0.012978,0.015897,0.3131901025772095,0.0007954539614729,0.3955811262130737
P36582_O94542,0.0025825,0.012968,0.016496,0.06577295064926147,0.0155298560857772,0.0039705536328256
O94408_P21135,0.0021741,0.012998,0.015878,0.613305389881134,0.004560159984976,0.0021241917274892
O74958_Q1MTQ9,0.0021739,0.01292,0.015876,0.5950702428817749,0.0036618604790419,0.0015215447638183
O42844_O13953,0.0031753,0.012946,0.016088,0.3515773117542267,0.002517603803426,0.9504024982452391
Q10272_Q10585,0.0023388,0.01298,0.015937,0.32172802090644836,0.0886514857411384,0.0667784661054611
O14417_Q9UTI8,0.0021974,0.012921,0.015908,0.27604246139526367,0.0007454224396497,0.0183711554855108
Q9P7V3_O14011,0.040101,0.047415,0.015925,0.0337856262922287,0.0049216626212,0.38314288854599
Q9P7G0_Q09170,0.0022231,0.013017,0.01654,0.0036717220209538937,0.002038097474724,0.9837279319763184
Q03392_Q10159,0.0021747,0.012932,0.015904,0.23225535452365875,0.0042580813169479,0.0014495074283331
P13681_Q10322,0.0021764,0.013139,0.017529,0.22072537243366241,0.0027048781048506,0.9740381240844728
P36614_O94376,0.0022384,0.012958,0.015956,0.37707215547561646,0.0006937439320608,0.0042338380590081
P40995_Q10159,0.0021731,0.012925,0.015916,0.1951763927936554,0.0003594250592868,0.0049471035599708
Q9UT32_O14399,0.0021678,0.013193,0.015881,0.1413082480430603,0.0004341977473814,0.0003548227832652
Q9P6M0_P78789,0.002422,0.012924,0.018172,0.21856461465358734,0.0013300640275701,0.8883606791496277
O74796_Q10067,0.0021892,0.012926,0.015975,0.5494602918624878,0.9947344064712524,0.2018048912286758
P87314_P79063,0.0021698,0.012931,0.015906,0.1442115306854248,0.0163016226142644,0.8585337400436401
O74772_P87323,0.0021871,0.012928,0.015882,0.3137555420398712,0.0066762445494532,0.0004690306377597
P41887_O94603,0.0021833,0.012933,0.016174,0.5370619297027588,0.0008362585213035,0.2050699293613433
P36595_O74796,0.0021826,0.012919,0.01589,0.0644209086894989,0.9814541935920716,0.0031169918365776
Q9P6R1_P87309,0.0022716,0.01298,0.015929,0.02174529992043972,0.000598998973146,0.468746930360794
P87174_Q9Y7M6,0.0021875,0.012926,0.015888,0.31957846879959106,0.0200902856886386,0.1804166585206985
P25457_O14269,0.0022019,0.012957,0.01601,0.19565251469612122,0.0047769332304596,0.7093236446380615
Q07538_Q9UUA8,0.0021954,0.012958,0.015961,0.43581512570381165,0.0011997992405667,0.0132463853806257
P33886_P87238,0.015271,0.012973,0.017289,0.536687433719635,0.0050945975817739,0.4776476323604584
O74471_P36622,0.0022091,0.012956,0.015892,0.09190575033426285,0.0002893047931138,0.0006329628522507
Q7LL14_Q09892,0.0023279,0.013333,0.023198,0.054918404668569565,0.0020129822660237,0.1446693986654281
Q9UTK6_P04551,0.0022075,0.01296,0.016095,0.4461916387081146,0.0014018394285812,0.0029448114801198
Q9HFE5_Q9US45,0.0022004,0.012921,0.015942,0.4916779398918152,0.0008882317924872,0.0020725370850414
Q9UUE5_Q9Y7Z7,0.0021815,0.012943,0.015903,0.6117244362831116,0.0104122003540396,0.0122194029390811
Q06182_Q09906,0.0021781,0.012931,0.015922,0.36027467250823975,0.00033997267019,0.0057781231589615
O74653_Q09196,0.0021905,0.013264,0.0162,0.1659858673810959,0.0567138195037841,0.4917730689048767
O13816_Q9Y7U4,0.0022046,0.013061,0.016993,0.16615766286849976,0.998488187789917,0.3577033877372741
O74985_O74184,0.0022205,0.013542,0.016199,0.07776115834712982,0.0092653911560773,0.008635270409286
P46595_P36614,0.0022045,0.013888,0.015929,0.2580774128437042,0.0027192533016204,0.7401872277259827
O94423_P41005,0.0026467,0.012977,0.016297,0.6379638314247131,0.1141094490885734,0.0023426699917763
O94668_Q09116,0.0021747,0.012982,0.015911,0.6910281777381897,0.0029455800540745,0.0050118509680032
O74796_Q1MTQ9,0.0021743,0.012921,0.015887,0.13422587513923645,0.0006697445060126,0.0011210204102098
P32434_Q09808,0.0021919,0.01293,0.015889,0.2709863483905792,0.0025185330305248,0.0047155888751149
O74791_O94423,0.0022036,0.014557,0.021025,0.09319759905338287,0.0879820957779884,0.0064458511769771
Q9UUB7_Q09176,0.0022156,0.012977,0.015993,0.2355642318725586,0.0045337295159697,0.0002718719188123
Q9URY2_Q9HGQ3,0.0022059,0.012991,0.015903,0.2821935713291168,0.0029633515514433,0.3959513902664184
P33520_O74796,0.002201,0.012965,0.015896,0.12618428468704224,0.0023906878195703,0.9321238994598388
P40995_P40996,0.063942,0.012944,0.016099,0.11314278841018677,0.8881030678749084,0.985396921634674
P54789_Q09142,0.32922,0.013065,0.051515,0.1545967161655426,0.9977344274520874,0.0604219138622283
Q9Y7Z1_Q9UUC6,0.0022285,0.012989,0.015909,0.22032134234905243,0.0017213065875694,0.0657911077141761
Q09819_Q9Y818,0.0021964,0.013062,0.015896,0.15539050102233887,0.0035887449048459,0.0051958807744085
Q4PIR3_P50524,0.0022201,0.013176,0.015954,0.10584685206413269,0.0031948785763233,0.002404878148809
P52890_C6Y4D0,0.002186,0.012985,0.015889,0.06747186928987503,0.0023363726213574,0.0010524146491661
P40848_P87324,0.0022072,0.012927,0.016002,0.22616562247276306,0.0006249844445846,0.0006615625461563
Q9P779_P56287,0.002395,0.012964,0.01589,0.43630775809288025,0.0005464660353027,0.0579618252813816
P56287_P05733,0.0023224,0.012934,0.016003,0.06328119337558746,0.0034384140744805,0.0182122774422168
P54789_O94408,0.0021865,0.013041,0.01588,0.08592539280653,0.002222703769803,0.9692493677139282
Q9P7J8_O59734,0.002205,0.01303,0.015921,0.3930947780609131,0.0006115923752076,0.3775200843811035
O13351_P30261,0.0021775,0.012938,0.015907,0.6531254649162292,0.0173346623778343,0.0021259412169456
Q9USH1_Q03392,0.0021811,0.012957,0.015895,0.27729085087776184,0.0578485429286956,0.0009762429399415
P87309_Q9UUE5,0.0027997,0.012963,0.025412,0.27493804693222046,0.0111423749476671,0.7495989799499512
P87312_O14269,0.0022087,0.014454,0.016107,0.38679832220077515,0.049416746944189,0.0258412491530179
Q9P7W4_O74518,0.0022284,0.01293,0.01596,0.05369754508137703,0.0009281770908273,0.0055563687346875
P40848_Q09170,0.0022339,0.012973,0.015985,0.01084551215171814,0.0008052913472056,0.1208476424217224
Q9UUC6_P87215,0.0022473,0.013825,0.015882,0.2206374555826187,0.0009000890422612,0.2178260833024978
O42954_P50528,0.89988,0.012995,0.016298,0.7650352120399475,0.9973541498184204,0.9516620635986328
Q9Y7R3_P87231,0.013642,0.012932,0.019583,0.10936532914638519,0.0209072977304458,0.0014260304160416
P10651_P87245,0.0021799,0.013002,0.015946,0.15426573157310486,0.0037196318153291,0.0100209666416049
O60016_Q09330,0.0021912,0.012986,0.016178,0.1297587752342224,0.0176524072885513,0.5124093890190125
P21135_Q9P7F9,0.0022,0.012926,0.015902,0.18265828490257263,0.0004129037552047,0.3883660733699798
P07527_O74175,0.0023136,0.012925,0.016133,0.6300699710845947,0.0033991795498877,0.0036870925687253
O59703_O74803,0.0021771,0.013034,0.015909,0.34623074531555176,0.0010409742826595,0.9930986762046814
O74398_Q09150,0.0021853,0.013565,0.017728,0.439628005027771,0.0090168146416544,0.0028211958706378
P87215_Q9P802,0.0022327,0.012939,0.016085,0.08623393625020981,0.0823316425085067,0.003802022896707
P78774_Q09127,0.0021975,0.012942,0.015919,0.30396926403045654,0.0003110309771727,0.9698110818862916
O43036_P40377,0.0021947,0.012939,0.015926,0.24612756073474884,0.9978210926055908,0.0218359809368848
P87050_O42634,0.002188,0.012989,0.015916,0.030420493334531784,0.0005154653917998,0.7205985188484192
Q9P4W1_P87074,0.0026479,0.013168,0.015901,0.5116033554077148,0.0146822482347488,0.0003334290522616
O42978_Q09822,0.0021875,0.01308,0.015884,0.24888791143894196,0.0002855185011867,0.0007321627344936
P04551_Q9UUJ4,0.0021764,0.012961,0.016224,0.0742311105132103,0.0119497422128915,0.0360914655029773
O94722_Q9P7F9,0.0025006,0.012957,0.04556,0.014387440867722034,0.0023794872686266,0.0036790191661566
P87231_Q09170,0.0022817,0.01296,0.016029,0.0935133770108223,0.0192259363830089,0.0401405356824398
O42995_P10989,0.0021833,0.013118,0.025649,0.144062802195549,0.0074625606648623,0.00634455261752
Q10343_Q9UUC1,0.0021811,0.012947,0.015906,0.11762385815382004,0.0002264600625494,0.0034944606013596
O74771_O13310,0.0021951,0.013077,0.027009,0.604887843132019,0.0226252544671297,0.0838009491562843
P40984_Q9UTE6,0.0021813,0.012938,0.015915,0.041117772459983826,0.0024172500707209,0.0124290278181433
Q12381_G2TRP5,0.0022473,0.012964,0.015936,0.5573009252548218,0.0165923219174146,0.0244044512510299
O13310_O13916,0.0022147,0.012965,0.016076,0.07258417457342148,0.0011212170356884,0.135757565498352
O94268_P79010,0.0021985,0.012969,0.01609,0.1676490157842636,0.0023409207351505,0.0025329284835606
O74904_O42844,0.0021808,0.012953,0.015971,0.07768624275922775,0.0015726591227576,0.0138312065973877
Q9P7J8_O13836,0.0022039,0.012966,0.016194,0.10418971627950668,0.0023847282864153,0.0143552152439951
P50582_P0CF96,0.0022326,0.012953,0.015914,0.6132692098617554,0.0049053076654672,0.0881711170077323
Q10366_P05734,0.002178,0.012924,0.01605,0.15564483404159546,0.0005705101066268,0.0537515878677368
O42634_Q9P7T4,0.0021724,0.012974,0.015914,0.5316992402076721,0.0081553887575864,0.1572005748748779
Q9P4W1_Q09772,0.0025384,0.013111,0.015911,0.2539500892162323,0.0009282411192543,0.9902453422546388
P87238_O74774,0.0021847,0.012959,0.016046,0.15822449326515198,0.0009718904038891,0.0198711641132831
O74511_Q9C0Z9,0.0021742,0.012956,0.015978,0.6589469313621521,0.0005628757062368,0.7702910900115967
O42846_P32372,0.0021977,0.012909,0.01591,0.15940235555171967,0.001955963904038,0.910814881324768
O13916_O74483,0.0022133,0.012979,0.01589,0.2814593017101288,0.0003082419571001,0.3388371467590332
P34208_P87074,0.061319,0.012981,0.016401,0.13950952887535095,0.0347885340452194,0.7584975361824036
O75001_P29458,0.61379,0.013054,0.057654,0.40065187215805054,0.9988090991973876,0.0014377129264175
O42844_Q09892,0.0089792,0.034708,0.10151,0.007400512229651213,0.9971206784248352,0.9698784947395324
O60016_Q07538,0.0023167,0.012953,0.016292,0.12494676560163498,0.0016008568927645,0.0014724727952852
O13936_O60164,0.0022052,0.012942,0.020459,0.0877673551440239,0.0053801513276994,0.596968948841095
Q9Y794_O94276,0.0035617,0.01294,0.019701,0.07724509388208389,0.0020031339954584,0.0003688552242238
O94616_P56288,0.0022915,0.013091,0.015946,0.4557437002658844,0.00208131223917,0.1481467634439468
P48011_O74515,0.0022112,0.013037,0.015912,0.32926666736602783,0.0005680488538928,0.6633732318878174
Q96TL7_Q9P784,0.0021896,0.012922,0.016016,0.1610947996377945,0.0008068687166087,0.9187881350517272
G2TRP5_Q9UTK6,0.0023405,0.012944,0.015884,0.08030504733324051,0.0018182641360908,0.7949730157852173
O94707_Q09924,0.0021809,0.012963,0.016056,0.5842752456665039,0.0092903561890125,0.0012907393975183
Q9UST6_P33886,0.0021937,0.012981,0.015915,0.13134415447711945,0.0010616416111588,0.0045619760639965
O42905_O94444,0.0021819,0.012924,0.015904,0.10097279399633408,0.022485239431262,0.0004130632441956
Q9P805_Q09116,0.0021895,0.014407,0.016037,0.05754555016756058,0.0004750267544295,0.0003350021142978
O14216_P40848,0.008978,0.012944,0.018731,0.06342479586601257,0.0019172893371433,0.001929830876179
O94285_Q9P4W1,0.0026606,0.01325,0.015924,0.02718110755085945,0.0003140026819892,0.0186080485582351
Q09177_O94360,0.0021891,0.012936,0.015875,0.16975679993629456,0.0002158372226404,0.8981440663337708
O94752_Q9UUB7,0.0021853,0.01294,0.015921,0.06568274646997452,0.000367919972632,0.0008159905555658
Q9UT52_P0CT68,0.0021831,0.012911,0.01592,0.020971395075321198,0.0255254805088043,0.108761228621006
O42995_O59800,0.0022848,0.013032,0.016233,0.43006470799446106,0.0082669677212834,0.2764298319816589
Q09683_O13351,0.0022549,0.012977,0.015907,0.04253191128373146,0.9986358284950256,0.1348071545362472
Q92399_P40377,0.002205,0.012974,0.016038,0.03983916714787483,0.0028650776948779,0.0647344961762428
O60052_O14241,0.0021885,0.012988,0.0159,0.3003252148628235,0.0013569799484685,0.7761105298995972
P78953_Q10316,0.0021939,0.012926,0.015899,0.14712977409362793,0.0168321654200553,0.0247656553983688
Q9USH1_O59790,0.0022472,0.01296,0.016095,0.6060392260551453,0.0032527821604162,0.0003960141912102
P06652_O14230,0.0021715,0.012931,0.015909,0.23188847303390503,0.0299669727683067,0.0085593899711966
O94276_Q9P779,0.0050809,0.012948,0.015956,0.018285926431417465,0.0212091337889432,0.0022492955904453
Q10067_O94355,0.0021854,0.012918,0.01594,0.31241583824157715,0.998290717601776,0.0953794941306114
O74904_Q12381,0.0022365,0.013273,0.015964,0.19546455144882202,0.0157884582877159,0.0003735868667718
Q10668_O74804,0.10696,0.013025,0.031702,0.10668081790208817,0.0308208316564559,0.0173331350088119
O74433_Q9C0Z9,0.0022325,0.012917,0.015887,0.23138386011123657,0.0002886818256229,0.0019388921791687
O43036_Q9UTI3,0.0021788,0.012972,0.015942,0.323708713054657,0.0005903898854739,0.9871116280555724
Q09763_O59800,0.016789,0.012921,0.01595,0.02736625075340271,0.0008895344217307,0.7377899885177612
Q9P7A0_P34208,0.0025683,0.012997,0.016159,0.02749498188495636,0.0053493743762373,0.0180697422474622
P36592_P36601,0.0021917,0.012968,0.015964,0.22546927630901337,0.0054891756735742,0.978948414325714
P05501_O74184,0.0024376,0.012958,0.015863,0.025278598070144653,0.000266383140115,0.96882563829422
O94263_Q10218,0.0022363,0.012956,0.016025,0.4064384400844574,0.0479114465415477,0.982265830039978
O94321_Q9P7M1,0.0022882,0.012931,0.016305,0.5165079236030579,0.0014055013889446,0.7532187700271606
O14318_P79063,0.0021773,0.012925,0.015889,0.07807087153196335,0.003624610370025,0.9676616191864014
O75001_P49731,0.53705,0.013029,0.050599,0.009911798872053623,0.9989803433418274,0.0005352170555852
O13370_Q9P6Q0,0.002239,0.012979,0.015901,0.10308218747377396,0.0066286171786487,0.000896779471077
Q09685_Q9Y7M4,0.0021835,0.012979,0.015905,0.43042466044425964,0.0017455749912187,0.3582295477390289
P79005_Q9UUE5,0.0030804,0.013018,0.019059,0.23477457463741302,0.2401797920465469,0.0002091232017846
Q09772_O74910,0.0023936,0.014305,0.027045,0.273770272731781,0.9971381425857544,0.0245663672685623
O74983_P87174,0.002183,0.013051,0.015918,0.37736213207244873,0.0004952016170136,0.0742995366454124
Q10353_P46595,0.0021939,0.01296,0.01588,0.05100233107805252,0.0005176327540539,0.0013718486297875
Q9UUJ1_P17937,0.0025153,0.0134,0.71592,0.07415435463190079,0.0184792000800371,0.3847783505916595
Q10428_Q9P7A0,0.0026336,0.013131,0.016193,0.011776438914239407,0.0064688045531511,0.0005404474795795
P46595_Q9USX3,0.0021963,0.013883,0.015895,0.49156996607780457,0.9968131184577942,0.9719180464744568
P21135_Q96WV9,0.65728,0.013001,0.016434,0.06796460598707199,0.996325433254242,0.0044030593708157
O74804_Q9Y7J4,0.0021846,0.012968,0.015967,0.3395484387874603,0.0055206818506121,0.695162296295166
O74825_Q09116,0.0021806,0.012988,0.015904,0.013388331979513168,0.0002470514446031,0.0506409220397472
O74360_Q10668,0.79527,0.034544,0.02693,0.037204865366220474,0.00393996713683,0.188755601644516
O42978_P01129,0.0021824,0.012991,0.015879,0.25460392236709595,0.0007821893086656,0.9931057095527648
Q9UTA4_P05733,0.0021921,0.012918,0.016015,0.09015823900699615,0.9958688020706176,0.0597889460623264
P87126_P36582,0.0029634,0.012978,0.024589,0.6000936627388,0.0011560324346646,0.0004620625986717
O74854_Q9US59,0.0021767,0.012923,0.01596,0.3695150315761566,0.0062012658454477,0.9806095957756042
O94668_O94268,0.0022476,0.012942,0.016006,0.05886492505669594,0.9977721571922302,0.0747293829917907
O13370_Q9US52,0.0022187,0.012965,0.01593,0.4688744843006134,0.0021968286018818,0.0577465407550334
O13836_O94376,0.0022763,0.012949,0.015987,0.4031755328178406,0.0023435014300048,0.0015000798739492
Q09142_Q12126,0.013699,0.012998,0.018252,0.5626628398895264,0.0018009988125413,0.0003168495604768
P10989_Q09858,0.002213,0.013044,0.01765,0.6414311528205872,0.0007344969199039,0.9924996495246888
Q1MTQ1_O60158,0.0022232,0.013138,0.015964,0.08311021327972412,0.0045985775068402,0.6572069525718689
Q9US59_P87231,0.0021989,0.012934,0.015943,0.021773993968963623,0.0069300904870033,0.0005050503532402
O74804_Q10432,0.10792,0.01347,0.035191,0.02388743869960308,0.3676952421665191,0.0047876792959868
O94668_Q9UUA8,0.0022097,0.01292,0.01591,0.4457395076751709,0.1304811090230941,0.0165834166109561
Q09892_O94316,0.0022504,0.013128,0.017309,0.6597718596458435,0.000810376543086,0.9906008243560792
O13790_O94376,0.0022099,0.012942,0.015909,0.32834291458129883,0.0004727151826955,0.8813344240188599
Q9Y7Z7_Q9USV3,0.002188,0.012922,0.01591,0.11813809722661972,0.0012579958420246,0.8960462212562561
Q9P779_P40984,0.0021784,0.012962,0.015907,0.1231115311384201,0.0005440859240479,0.9827468395233154
P09322_O94321,0.0021942,0.012938,0.01599,0.4503885805606842,0.0005272810813039,0.0174817461520433
P50582_P41412,0.11299,0.013161,0.021894,0.1542510837316513,0.0687116086483001,0.0025662258267402
Q10317_Q10163,0.0021984,0.012959,0.0159,0.15919488668441772,0.0008657945436425,0.9227368235588074
O74854_Q9Y709,0.0021648,0.012913,0.015892,0.06591462343931198,0.0123078087344765,0.0005709314136765
Q9Y709_O94534,0.0021699,0.013011,0.01593,0.10804944485425949,0.0013048110995441,0.0006469988729804
Q10668_Q1MTN3,0.42753,0.012955,0.081235,0.007659979164600372,0.9968344569206238,0.9334919452667236
Q01112_P09322,0.006843,0.01431,0.1666,0.15398280322551727,0.0002650179667398,0.7482584118843079
P78761_P87306,0.0021807,0.012933,0.015905,0.09022700041532516,0.0004789754748344,0.9823432564735411
O59751_Q9UUC6,0.0021865,0.013207,0.015885,0.02913321927189827,0.0003714110935106,0.0216786172240972
O14399_O43114,0.00247,0.013289,0.83206,0.1226620152592659,0.0002252513368148,0.5495560169219971
Q9Y7Z1_O14140,0.0021956,0.012922,0.015989,0.2291567176580429,0.9987419247627258,0.0039576888084411
O74774_P04688,0.0021935,0.013121,0.016105,0.15763814747333527,0.0043021137826144,0.6972741484642029
Q9Y818_O42905,0.0021753,0.012963,0.015891,0.3114185035228729,0.0013456278247758,0.4779669046401977
Q1MTN3_Q10108,0.46155,0.012977,0.018016,0.6607872247695923,0.0147483190521597,0.0012720719678327
O94316_Q9Y7J4,0.0021678,0.012929,0.015918,0.021902041509747505,0.1002451851963996,0.0032309901434928
Q9USZ6_P40380,0.0021808,0.012915,0.015883,0.03337769955396652,0.0059156683273613,0.0087581500411033
O74771_P87027,0.0021903,0.013051,0.015908,0.1519753485918045,0.0128748454153537,0.0012743463739752
P08090_Q09127,0.0021978,0.01294,0.015897,0.12973590195178986,0.0025004632771015,0.0480887368321418
O13790_P36617,0.0021862,0.012969,0.015979,0.009798466227948666,0.0002768100530374,0.002262317109853
Q10428_O14339,0.0021734,0.012982,0.015904,0.1088031604886055,0.0003899889998137,0.0529379844665527
O14230_Q9UTI8,0.0021867,0.01293,0.015905,0.39665526151657104,0.0004103469545952,0.0003161151835229
P40995_O74515,0.0021731,0.012933,0.015957,0.3119294345378876,0.0014708882663398,0.0962594449520111
P79005_O60187,0.41703,0.012969,0.018186,0.46723562479019165,0.0544695332646369,0.7677688598632812
P32372_O94476,0.0021773,0.01302,0.015884,0.217391237616539,0.0015381199773401,0.0231551956385374
O14343_O14399,0.0023771,0.013066,0.016032,0.1019398644566536,0.0010624572169035,0.0051496438682079
Q09898_O74991,0.0021814,0.013144,0.040311,0.15864232182502747,0.011634238064289,0.0106854271143674
O42634_Q10430,0.0022146,0.012998,0.015896,0.011544385924935341,0.0006883176974952,0.0794005095958709
P10651_P30261,0.0021901,0.012962,0.02158,0.27875906229019165,0.9980612397193908,0.0116918133571743
P56286_O36019,0.0022028,0.012947,0.015894,0.07189562171697617,0.0003769951581489,0.0050108307041227
P54789_P41887,0.0022085,0.01305,0.016158,0.4489123225212097,0.0081582935526967,0.0022688533645123
Q03392_Q09191,0.0021913,0.012939,0.015901,0.38660165667533875,0.0064895758405327,0.0008292520069517
Q9US52_P41410,0.0022158,0.012938,0.015919,0.42394447326660156,0.0049399770796298,0.4686207175254822
O74796_P54789,0.0021959,0.012919,0.015892,0.6723718047142029,0.8123133182525635,0.985767126083374
P33520_P40381,0.0023936,0.012999,0.01717,0.14824753999710083,0.0218709260225296,0.945620059967041
P50527_O14229,0.002229,0.012975,0.015977,0.0022182981483638287,0.0005210196832194,0.1198729053139686
Q09196_Q1MTQ1,0.0021833,0.013402,0.016421,0.00888923741877079,0.0027048832271248,0.0016314557287842
O60129_Q10169,0.0025368,0.013033,0.015976,0.39707207679748535,0.0007329544168896,0.0356219857931137
P33886_Q09892,0.0060282,0.024684,0.077358,0.08834728598594666,0.9971032738685608,0.0264672897756099
P37382_Q09191,0.0021845,0.012918,0.015901,0.6951397657394409,0.0003224945976398,0.4153409600257873
O59790_Q09683,0.0023268,0.012966,0.016256,0.16061851382255554,0.000612789124716,0.000352725823177
P79063_O74978,0.0021794,0.012933,0.015912,0.30917149782180786,0.0003239654179196,0.0004272604128345
P87309_P36622,0.0023412,0.013035,0.016219,0.5045585036277771,0.0010235835798084,0.9349756240844728
P33886_Q9Y7R3,0.0025247,0.012964,0.016207,0.05391234904527664,0.0101912124082446,0.0157067459076643
P34208_Q09683,0.0042128,0.012959,0.016081,0.28701579570770264,0.0008027951116673,0.8777969479560852
Q9P4W1_Q02088,0.0022633,0.012955,0.015861,0.3455924987792969,0.0003964266506955,0.9530183672904968
O94450_P49731,0.11953,0.012965,0.01931,0.17691490054130554,0.0119080012664198,0.0006373248761519
Q10428_P87123,0.0021776,0.012987,0.015879,0.037168893963098526,0.0008206550846807,0.2196032702922821
O94658_P14575,0.0024384,0.012937,0.015901,0.004785609897226095,0.0010188362793996,0.5016634464263916
Q09933_Q09761,0.75857,0.013181,0.017623,0.0464177243411541,0.0185587555170059,0.3991361260414123
Q09170_Q9P7T4,0.0034241,0.012958,0.015944,0.05804726481437683,0.0480894371867179,0.0019096477190032
P79063_O13684,0.0021812,0.012942,0.015901,0.467157244682312,0.0008613892714492,0.0759044364094734
P13681_O14098,0.0032092,0.013199,0.019894,0.1949162632226944,0.0065052928403019,0.7391147613525391
P40377_Q01112,0.0023816,0.015118,0.10283,0.03295857459306717,0.0009310649475082,0.0004510945291258
O14036_P40984,0.0022017,0.013044,0.016006,0.13983212411403656,0.0002762598160188,0.0449561141431331
P78774_Q09916,0.0034448,0.015634,0.027928,0.0852348580956459,0.9964500665664672,0.0063338540494441
O13889_O94556,0.0022017,0.013652,0.018059,0.05525306612253189,0.0165429264307022,0.9831480979919434
O14122_P56523,0.0021734,0.013013,0.015941,0.31610026955604553,0.0004788227961398,0.0005413509788922
O74991_Q9Y709,0.0021671,0.012984,0.015925,0.10231509059667587,0.0095872599631547,0.3672791719436645
Q10099_P79071,0.0021997,0.012932,0.017172,0.11080829054117203,0.0006920896703377,0.8577235341072083
O13684_O94263,0.0022154,0.012932,0.015915,0.33780720829963684,0.0015934942057356,0.0077488794922828
P36601_Q03392,0.0021821,0.012943,0.016093,0.46697118878364563,0.000803412287496,0.0039448672905564
Q9UTB6_Q09177,0.00222,0.012962,0.015873,0.02284330315887928,0.0005093581858091,0.0007545404369011
P56288_Q9USP0,0.0030494,0.020169,0.020429,0.015037457458674908,0.0282091815024614,0.9927462935447692
P40384_Q09176,0.0021697,0.012921,0.015903,0.05266231670975685,0.0028465345967561,0.4543837308883667
Q09819_O74803,0.0021948,0.013049,0.01611,0.5056241154670715,0.0093396846204996,0.0035667449701577
O13852_P87074,0.0021867,0.012923,0.015952,0.2754063904285431,0.2968524098396301,0.1625416427850723
O94376_P79005,0.0027117,0.012952,0.015945,0.043375641107559204,0.982839047908783,0.0127068338915705
Q10193_P40995,0.06784,0.012973,0.01607,0.2987084686756134,0.0003292666224297,0.4720056056976318
Q09772_O94326,0.0022946,0.012935,0.016765,0.025114428251981735,0.0198400784283876,0.0205647218972444
O13684_Q9UTI3,0.0021849,0.012951,0.01592,0.2608320713043213,0.0005720608751289,0.9565896391868592
O60052_P32434,0.0022727,0.013211,0.52049,0.49561095237731934,0.9989919066429138,0.0007264615269377
O14064_O59790,0.0022995,0.012971,0.016234,0.4250856041908264,0.9963292479515076,0.004730321932584
P07334_O94444,0.0021824,0.01297,0.015932,0.38490575551986694,0.0222235433757305,0.0002541088906582
O74311_P09322,0.0022132,0.013099,0.016044,0.12029332667589188,0.0004400580364745,0.000353737239493
Q02088_O74986,0.49908,0.25765,0.016564,0.27519139647483826,0.0015974012203514,0.7422052621841431
O13777_P79071,0.0022037,0.012921,0.015935,0.24132756888866425,0.0008524549775756,0.033155158162117
P54789_Q09116,0.002309,0.015945,0.01791,0.031899746507406235,0.0009725156123749,0.0112960645928978
O74446_Q92399,0.0021923,0.012943,0.015888,0.02039767988026142,0.0003712889447342,0.7844635248184204
P0C5Y7_Q9UTI3,0.0024228,0.013151,0.015963,0.15501739084720612,0.000343050021911,0.9028420448303224
O74796_P40371,0.0021717,0.012919,0.015889,0.5499296188354492,0.0004752195090986,0.0039733019657433
Q53EK2_O74985,0.0021774,0.013046,0.015962,0.2605414390563965,0.0005755144520662,0.9386862516403198
Q9USV1_Q53EK2,0.0021901,0.012985,0.015896,0.05823931843042374,0.0005414129118435,0.9570201635360718
Q9P7P1_O74360,0.002259,0.013036,0.015989,0.028681403025984764,0.0010502712102606,0.0025405040942132
P14575_Q9P6R1,0.0022196,0.01293,0.015916,0.013704229146242142,0.0003228145069442,0.0112974857911467
P08090_O94360,0.0022166,0.012922,0.015908,0.023733625188469887,0.0090668322518467,0.0010826466605067
O14011_O14329,0.0022157,0.012959,0.015901,0.15341298282146454,0.0010692088399082,0.9464573860168456
O43080_P40381,0.0021855,0.012928,0.015893,0.2477027177810669,0.0052313175983726,0.8734236359596252
O14036_P78814,0.86663,0.013265,0.015931,0.10260140895843506,0.0004394491843413,0.0006616826285608
Q09858_Q10113,0.0028074,0.012976,0.015905,0.07834707945585251,0.0008307702373713,0.0445128679275512
O13777_O13953,0.0021787,0.012921,0.01592,0.2596528232097626,0.0157926827669143,0.0001966193522093
Q9P6Q6_Q09825,0.0022019,0.012918,0.016116,0.26247528195381165,0.0006501073366962,0.0021623803768306
O43036_Q9HDY7,0.0022001,0.012929,0.015899,0.1546912044286728,0.0771633237600326,0.0036016022786498
O94444_Q9Y7M6,0.0021823,0.01293,0.015892,0.15984180569648743,0.0025986160617321,0.0114027932286262
O74309_P87314,0.28992,0.07829,0.35245,0.031572867184877396,0.998621702194214,0.3353030681610107
Q7LL14_Q9UT86,0.0022044,0.013019,0.016325,0.3731841444969177,0.0003033945395145,0.0002914439537562
O13310_P78963,0.0021971,0.012977,0.016478,0.1903524398803711,0.0009938253788277,0.9714222550392152
O42634_P05734,0.0022136,0.012995,0.015972,0.009462166577577591,0.000357194134267,0.0116613898426294
Q9UTR8_O60187,0.69885,0.015148,0.019882,0.17572712898254395,0.9969782829284668,0.9861078858375548
Q96WW3_Q09819,0.0021962,0.013054,0.026461,0.019496235996484756,0.0231244545429945,0.0393638722598552
P05219_Q9UUE5,0.0021765,0.013073,0.015991,0.3362342417240143,0.0244215056300163,0.1511781066656112
P36613_Q9P7R9,0.0021839,0.01308,0.016081,0.1434980034828186,0.9985843896865844,0.0082222474738955
P40384_Q09150,0.0021765,0.013693,0.015908,0.04297661408782005,0.0003709690936375,0.6896281242370605
P56523_O94603,0.0022173,0.012943,0.016109,0.04961083456873894,0.002232038648799,0.0017538268584758
O14010_O13688,0.0022484,0.01293,0.015988,0.0624016597867012,0.998970866203308,0.0288818664848804
P10815_Q9UT86,0.0021822,0.013058,0.015862,0.42566972970962524,0.00020997817046,0.5133031010627747
O94408_Q9P7V3,0.002216,0.012989,0.015884,0.26239627599716187,0.0002000283420784,0.0190326701849699
Q9UT46_P78774,0.0024879,0.013196,0.016137,0.24117247760295868,0.0181815661489963,0.0037702859845012
O14399_O59790,0.0027225,0.013428,0.020388,0.10530374199151993,0.0044082775712013,0.002997113391757
O94542_P07334,0.2988,0.012988,0.016518,0.2964627146720886,0.9970905780792236,0.0042322059161961
O94687_O94717,0.0052478,0.012923,0.022051,0.4550711512565613,0.0034181526862084,0.0010679704137146
O74184_P30261,0.002179,0.013006,0.018912,0.5692083835601807,0.0017031067982316,0.0057544540613889
O13681_P32390,0.0021798,0.013031,0.015934,0.07387920469045639,0.0009444750612601,0.0008235089480876
P78774_O14327,0.0022145,0.013086,0.015996,0.607410728931427,0.0009462115704081,0.2723649740219116
P36614_Q9UTI3,0.0021986,0.01299,0.015951,0.15864117443561554,0.0013739648275077,0.0004741136508528
Q9USL5_O74471,0.0022869,0.012973,0.015906,0.04063247889280319,0.0002449870225973,0.0005134188686497
P87306_Q9UT72,0.0022851,0.013025,0.016319,0.17932100594043732,0.0025827863719314,0.0019007390365004
Q92372_O74560,0.0021783,0.012934,0.015981,0.06444337218999863,0.9987622499465942,0.8738557696342468
O14329_Q10317,0.002195,0.012929,0.015894,0.307016521692276,0.0004923167871311,0.0011901101097464
P78953_O59790,0.0031875,0.012978,0.017264,0.4734119474887848,0.9981321692466736,0.4687711000442505
O42954_Q9UUB5,0.1174,0.012927,0.016033,0.0634383037686348,0.9070664048194884,0.134652778506279
Q09170_Q9P782,0.0021724,0.012945,0.015967,0.48370805382728577,0.0003617896873038,0.0027178209275007
O94450_P0CT60,0.0021726,0.012924,0.015887,0.0701359435915947,0.0003765743458643,0.0009403742733411
Q1MTQ1_O13684,0.0086047,0.02851,0.015929,0.1303594410419464,0.0288267266005277,0.0025668751914054
O60164_Q9P6Q6,0.0021959,0.012917,0.016278,0.28310611844062805,0.0587725192308425,0.7483187913894653
Q874R3_Q9UT86,0.0021714,0.013097,0.01594,0.027273617684841156,0.0016898174071684,0.4588742256164551
P32372_Q10272,0.0027421,0.012985,0.018081,0.31803664565086365,0.0856146216392517,0.9625091552734376
O59790_Q02088,0.0022361,0.013041,0.016186,0.5912220478057861,0.0070522124879062,0.7701431512832642
P40377_Q9USZ3,0.0021888,0.012979,0.015879,0.4817044734954834,0.0005301124765537,0.0296191480010747
Q9UST6_P07527,0.0022455,0.012979,0.015976,0.4812842905521393,0.1740293949842453,0.8872190117835999
O94272_O42844,0.0022126,0.013157,0.016416,0.36594924330711365,0.0097096413373947,0.8467162847518921
O42932_P41410,0.0021824,0.012943,0.015965,0.04767817258834839,0.0034575595054775,0.0030111293308436
Q9UUJ1_Q09822,0.0024274,0.012965,0.015986,0.31976279616355896,0.00095962890191,0.0014711049152538
Q09142_P10506,0.0023548,0.013027,0.018631,0.04578482732176781,0.0069499006494879,0.0010783723555505
O94276_O36027,0.0025361,0.012962,0.016306,0.14027121663093567,0.0004238011024426,0.0996786952018737
P41005_Q9UST6,0.0023109,0.012944,0.01593,0.033722106367349625,0.1881546527147293,0.6484645009040833
Q12126_Q9Y7M6,0.0021807,0.012971,0.01591,0.018873240798711777,0.0005744496593251,0.0057268515229225
Q96WV9_O13782,0.0021898,0.013124,0.018087,0.10010864585638046,0.0002921820560004,0.9645865559577942
Q9UT76_O14417,0.0021691,0.012926,0.015878,0.14358305931091309,0.0002022021071752,0.0005366085097193
O94542_O13790,0.0022269,0.012934,0.016126,0.22006240487098694,0.0019119214266538,0.336590975522995
O74988_Q9Y709,0.0022639,0.012944,0.015883,0.011150641366839409,0.0002600532607175,0.9921442270278932
P87314_O14388,0.0021961,0.012938,0.015926,0.022908998653292656,0.0940499305725097,0.0079751191660761
P0CH07_P0CG72,0.086775,0.75321,0.80183,0.44341596961021423,0.0006363810389302,0.014857024885714
O74747_P12000,0.0023143,0.013145,0.017215,0.47955235838890076,0.0032584639266133,0.7049923539161682
P48009_O59680,0.0022479,0.01295,0.015967,0.14853478968143463,0.0002573480014689,0.0393332317471504
Q09808_P05764,0.002197,0.012928,0.015894,0.1154465451836586,0.0012421362334862,0.0023191077634692
O74985_O14170,0.0022102,0.013381,0.019296,0.03456343710422516,0.0015645743114873,0.1283594667911529
O74398_O42667,0.23265,0.013051,0.021095,0.07069919258356094,0.0016246151644736,0.8990938663482666
P87173_P27638,0.002229,0.013065,0.015963,0.12224336713552475,0.0002559366112109,0.0095299491658806
Q10430_Q9UST6,0.54438,0.64434,0.01594,0.03269045054912567,0.9989093542099,0.9023781418800354
C6Y4D0_O74825,0.0021858,0.012954,0.015959,0.5856195092201233,0.0017084399005398,0.9367045760154724
P79063_P87238,0.0021759,0.012929,0.01588,0.08726481348276138,0.0003999429463874,0.9784650802612304
P0CT70_O94316,0.0021992,0.013016,0.01612,0.012403552420437336,0.0015875833341851,0.0012975155841559
O42832_P0CH07,0.0022718,0.013156,0.0163,0.10044325888156891,0.0005009856540709,0.0016118531348183
O13988_P78963,0.0021908,0.012946,0.015978,0.09145636111497879,0.0028365203179419,0.1703290790319442
P28748_Q9UST6,0.0022415,0.013079,0.015931,0.3880770802497864,0.0002868461306206,0.0638868510723114
O59945_Q09760,0.0021862,0.013092,0.015918,0.19088521599769592,0.0039935279637575,0.0004385795909911
P79065_Q1MTQ1,0.90948,0.82816,0.015949,0.1364777684211731,0.0144102117046713,0.6358792185783386
O43080_Q9UT46,0.0021948,0.01293,0.015921,0.238384410738945,0.0015345432329922,0.8020799160003662
O13684_O13370,0.0021923,0.012961,0.015926,0.203105628490448,0.0005333518492989,0.7753211259841919
P87173_Q09898,0.0022003,0.013033,0.015941,0.4224832355976105,0.0004280965949874,0.473604291677475
P32586_Q09761,0.95967,0.012957,0.024005,0.14244210720062256,0.539994478225708,0.993463397026062
Q9P3B2_P87324,0.0022613,0.012921,0.015907,0.7301248908042908,0.0003609069390222,0.9433127045631408
Q10134_P56523,0.0022406,0.012981,0.016049,0.3208859860897064,0.0141675164923071,0.0012034613173455
O74985_Q9P6Q6,0.0021832,0.012971,0.016477,0.5234759449958801,0.0240430403500795,0.8961421251296997
Q9USY3_P56288,0.0021725,0.012988,0.015933,0.181149423122406,0.0236234683543443,0.0184193979948759
O74986_Q9Y818,0.0021789,0.012962,0.015887,0.22226165235042572,0.000335669319611,0.9824320673942566
Q10067_Q9Y794,0.38452,0.013182,0.022079,0.27822110056877136,0.0008106279419735,0.0032461022492498
P21135_P78972,0.58665,0.013043,0.024825,0.5253705382347107,0.9977065324783324,0.0012458439450711
Q9US52_Q9HGL8,0.0022059,0.012939,0.015956,0.8098317384719849,0.012528633698821,0.0005697305314242
Q10317_Q10067,0.0021903,0.012941,0.015983,0.07851278781890869,0.0079686529934406,0.0004381522885523
O59702_P41412,0.0022283,0.013309,0.016017,0.029662562534213066,0.0019723910372704,0.5653883218765259
Q01112_Q10056,0.010601,0.050192,0.02132,0.2866855263710022,0.9966787099838256,0.027941346168518
O94684_P87323,0.0026672,0.013001,0.015995,0.2539394199848175,0.0023505399003624,0.0048586670309305
Q10282_P41410,0.0023578,0.021953,0.042921,0.08248335868120193,0.0858740806579589,0.000748524616938
Q9USV1_O94276,0.0026902,0.012943,0.018598,0.004721736069768667,0.0079152211546897,0.0052934871055185
Q10295_O14011,0.0022057,0.012996,0.016015,0.650773823261261,0.0011928781168535,0.0040669534355401
P07657_P87126,0.0022095,0.012955,0.015901,0.5277569890022278,0.0003128701355308,0.1720551550388336
Q10163_Q6BDR8,0.0021891,0.012955,0.015901,0.6388756036758423,0.0002804592659231,0.1014099940657615
O60187_Q9P4W1,0.002254,0.01305,0.015885,0.01328777801245451,0.0018821347039192,0.0209916066378355
P87174_O13685,0.0021797,0.013115,0.015929,0.07788104563951492,0.0004763633187394,0.0022969236597418
O74533_Q10429,0.0021757,0.013,0.015893,0.15279997885227203,0.0008189408108592,0.0023383831139653
P0CT60_P87173,0.0021999,0.012979,0.015913,0.5630115866661072,0.0014571248320862,0.0011436516651883
O74558_P49731,0.002204,0.012941,0.015941,0.007405187003314495,0.0006252147722989,0.252568781375885
Q10668_O59793,0.49004,0.012957,0.02998,0.44681745767593384,0.9986088871955872,0.0019846502691507
P87215_Q9P7M3,0.0021779,0.012964,0.015888,0.2167450189590454,0.0543875358998775,0.4949698150157928
O14021_P40997,0.0022032,0.012945,0.016168,0.6139605045318604,0.0016097427578642,0.0116141056641936
P56523_Q9USG6,0.002183,0.012938,0.015896,0.3549750745296478,0.0006048955838195,0.0056880614720284
O74958_O94309,0.0022596,0.012967,0.015951,0.20739243924617767,0.0672732591629028,0.0031952050048857
P05501_Q9P779,0.0021846,0.012935,0.015861,0.4681430160999298,0.0002826857962645,0.0011004211846739
Q9Y738_Q09330,0.0021846,0.012923,0.015878,0.5587121248245239,0.0017657551215961,0.4181563556194305
P32586_P32390,0.0021889,0.01302,0.015989,0.22826409339904785,0.0080867279320955,0.0003592957218643
O94534_Q09196,0.0021721,0.013607,0.015909,0.07728292793035507,0.0136894518509507,0.0060045118443667
O74446_Q09760,0.0021826,0.012931,0.015906,0.0044793616980314255,0.0138316042721271,0.0005459771491587
Q9HDY7_O14140,0.0022098,0.012934,0.016831,0.34914812445640564,0.0030158555600792,0.0395447462797164
Q10193_Q12381,0.002205,0.013448,0.016186,0.04983660951256752,0.0301928557455539,0.0008242958574555
Q92462_O74804,0.0021933,0.012984,0.015933,0.40807029604911804,0.000868962786626,0.0046698302030563
Q09824_O74983,0.0021772,0.012938,0.015904,0.48912179470062256,0.000676127616316,0.9701799750328064
Q9HE05_O74518,0.0021924,0.012977,0.015954,0.5239743590354919,0.99751615524292,0.7784519791603088
P06652_Q09170,0.077629,0.013013,0.017008,0.07905692607164383,0.9981860518455504,0.5884650945663452
Q9P7P2_Q10271,0.0021864,0.012933,0.016052,0.17793609201908112,0.0100931311026215,0.9692944884300232
Q10428_Q10067,0.0023407,0.013407,0.016194,0.02881990745663643,0.0659670084714889,0.0421059466898441
Q9US52_O94620,0.0022227,0.013309,0.015902,0.18186715245246887,0.0580908954143524,0.1662694662809372
P28748_O74531,0.0022122,0.013897,0.016166,0.6602710485458374,0.0022136338520795,0.0098118735477328
Q02088_O94658,0.0022231,0.013089,0.015874,0.326069712638855,0.0004027673858217,0.9807046055793762
O74399_O74311,0.002227,0.013192,0.015986,0.012173857539892197,0.1774992197751999,0.0005765867535956
Q9Y794_Q7LL14,0.0022101,0.012925,0.018484,0.44718360900878906,0.0204021148383617,0.0259168520569801
O60052_O14097,0.0021761,0.012996,0.016114,0.3645155429840088,0.003449588548392,0.0005920645780861
Q9P7B8_O42709,0.0021803,0.012915,0.01611,0.0700090080499649,0.9602999687194824,0.0007299594581127
O14216_O74483,0.0021715,0.012981,0.015891,0.1065433919429779,0.0087794866412878,0.0575290620326995
A6X980_Q9P7J8,0.002261,0.012967,0.016196,0.21170450747013092,0.0003774493234232,0.015824370086193
Q9Y7M6_Q9P7J8,0.0021829,0.012955,0.015908,0.02473427541553974,0.0006608986295759,0.0004349583177827
O94444_P0CH07,0.0024069,0.013337,0.015895,0.2117149382829666,0.9974741339683532,0.0168251432478427
Q9USG6_P04910,0.0021849,0.012958,0.015969,0.17887403070926666,0.000257576291915,0.0018951054662466
Q12381_Q9Y7J4,0.0021866,0.013286,0.015919,0.27686554193496704,0.0081960335373878,0.1207295507192611
O74957_O00102,0.0022064,0.012978,0.015912,0.06894205510616302,0.0005848538712598,0.982702374458313
P40381_O59945,0.002181,0.012978,0.015934,0.34062302112579346,0.0011742919450625,0.1014210805296897
O60052_O74796,0.0021936,0.012969,0.01676,0.6787092685699463,0.0136738084256649,0.0009158157045021
P79065_Q10113,0.75595,0.62155,0.015929,0.07916216552257538,0.997506320476532,0.000979799660854
P0CF96_Q09858,0.0025711,0.012979,0.015976,0.25271305441856384,0.0061588501557707,0.0086489226669073
P30261_P87324,0.0021885,0.012949,0.016113,0.5597150325775146,0.4009251296520233,0.0017770377453416
Q9UTK6_P40848,0.16225,0.012944,0.024951,0.23185577988624573,0.0028404856566339,0.0924196764826774
Q9P7Y4_P78946,0.0021871,0.012915,0.015879,0.16156025230884552,0.0005192650132812,0.8914889693260193
P48009_Q09116,0.020379,0.021642,0.049831,0.11863117665052414,0.9955737590789796,0.893528938293457
Q6BDR8_O13286,0.0021874,0.012946,0.01599,0.49183905124664307,0.0165178161114454,0.0024349400773644
P10506_Q09127,0.0021869,0.012956,0.015923,0.021123314276337624,0.0002640791644807,0.4188408255577087
Q9P7M1_O94326,0.010887,0.012919,0.017509,0.6829947233200073,0.0196834187954664,0.9527007341384888
Q10432_O74747,0.13904,0.013269,0.019062,0.0644754096865654,0.0019601506646722,0.0005900441901758
P50524_O74774,0.0021784,0.012943,0.015947,0.5089102983474731,0.9986439347267152,0.7645266652107239
Q9P4W1_Q09933,0.0022094,0.013535,0.015987,0.03789844363927841,0.0014584256568923,0.0044732354581356
P28748_Q9UTA4,0.0021921,0.013229,0.016286,0.10798019170761108,0.0056167570874094,0.0005326520767994
O74986_Q9UTR8,0.13969,0.018676,0.021323,0.23590438067913055,0.9980635046958924,0.5509063601493835
P78953_O14097,0.0022998,0.012934,0.016827,0.10484354943037033,0.9117084741592408,0.0004566183197312
P36582_P33520,0.030896,0.013319,0.037669,0.024495767429471016,0.0004600244865287,0.0025276560336351
O13688_O13826,0.077461,0.013031,0.017469,0.06431759893894196,0.1206983104348182,0.0011525187874212
P36582_P40984,0.0021874,0.013154,0.015949,0.18505491316318512,0.0025520531926304,0.5644083023071289
O94244_Q10056,0.002188,0.039951,0.017923,0.1385907232761383,0.0035835751332342,0.983683943748474
P07334_P87159,0.91314,0.01309,0.01943,0.022901050746440887,0.9964205026626588,0.971611261367798
P87238_P56523,0.0021894,0.012965,0.015908,0.08541709929704666,0.000468592683319,0.1974551826715469
Q9P782_O13684,0.0021941,0.012917,0.015892,0.04028525948524475,0.0005207633948884,0.0171082504093647
O14170_O74560,0.20764,0.012989,0.019761,0.09772664308547974,0.011379106901586,0.0016888605896383
Q10343_O14122,0.0021739,0.012953,0.01594,0.06736740469932556,0.0004350920789875,0.008413984440267
O00102_O13790,0.0021819,0.01295,0.015899,0.05258864164352417,0.0037162106018513,0.8127680420875549
O74854_Q09933,0.0022409,0.013335,0.016069,0.11262691766023636,0.0050330562517046,0.0389613658189773
O94238_Q9UT52,0.0022008,0.012944,0.015937,0.027223464101552963,0.0016274785157293,0.0134533699601888
O13777_Q9USL5,0.0021664,0.01292,0.015884,0.09914282709360123,0.0013036837335675,0.9089817404747008
Q10343_O14269,0.0021731,0.012979,0.015987,0.023878423497080803,0.0135233988985419,0.0034829410724341
O94534_P78929,0.0022014,0.01304,0.016221,0.22645898163318634,0.9985030889511108,0.0015280857915058
O43114_Q10282,0.002217,0.013727,0.015952,0.002838596934452653,0.0009506580536253,0.0702458545565605
P50528_P87126,0.24998,0.012965,0.01715,0.4524940848350525,0.0076978136785328,0.0008201899472624
O74471_Q9HE05,0.0022087,0.013201,0.015905,0.47795569896698,0.0057731750421226,0.0009414716623723
Q09882_Q9Y7L8,0.0022921,0.012931,0.016265,0.4158767759799957,0.008029282093048,0.9788016080856324
Q10271_Q9UTI3,0.0021827,0.012972,0.015912,0.1101253479719162,0.0014681030297651,0.9601652026176452
O59702_P21534,0.0022599,0.012977,0.0159,0.2351389080286026,0.0002542909060139,0.0009318162337876
Q9Y7M4_O36019,0.0021758,0.012991,0.015896,0.07725559175014496,0.0019361528102308,0.0167524460703134
O13782_O94752,0.0021745,0.013161,0.015915,0.3919256031513214,0.0013170469319447,0.5513573884963989
P09322_Q9P7T4,0.012534,0.012946,0.18938,0.06701412051916122,0.9984397292137146,0.0012569160899147
O59755_O74184,0.0022018,0.013013,0.019388,0.5811315178871155,0.0097915614023804,0.73576819896698
Q09177_Q9P7M1,0.0022128,0.012945,0.015878,0.05707251653075218,0.00738669000566,0.0005030632019042
O94534_O13889,0.1604,0.013408,0.017371,0.35649651288986206,0.0433667674660682,0.611098051071167
Q9HDX9_Q4PIR3,0.002187,0.01302,0.015939,0.5506389141082764,0.0006580909830518,0.8767392039299011
O42667_Q09933,0.37523,0.61261,0.016892,0.05992961302399635,0.002832272555679,0.9817715883255004
P07527_O14198,0.0021723,0.012928,0.015918,0.022913340479135513,0.107034146785736,0.6284699440002441
O74991_Q9C107,0.0022175,0.013379,0.018073,0.008702576160430908,0.0091562625020742,0.987360954284668
P05767_O43120,0.0022403,0.013036,0.016018,0.006749418098479509,0.9898914098739624,0.9371563196182252
Q10056_Q10585,0.0022446,0.012981,0.015988,0.191242516040802,0.0579826645553112,0.0388525016605854
Q9UUA8_Q10163,0.0021999,0.012964,0.015899,0.2795490622520447,0.0003646521072369,0.0348147079348564
O74555_P27584,0.0021999,0.013233,0.016093,0.37205466628074646,0.0011755587765946,0.0004864234360866
Q10282_P87314,0.0055324,0.059104,0.078023,0.11510124057531357,0.9975101947784424,0.6048953533172607
O13953_O14021,0.0022083,0.01309,0.016412,0.15195207297801971,0.01148965023458,0.022384462878108
P87324_O14388,0.0022049,0.012921,0.015911,0.008417445234954357,0.0005553113296627,0.0004667897883336
O94616_O42978,0.0022114,0.013013,0.01589,0.5620574355125427,0.0020490714814513,0.0013041234342381
P10651_O13339,0.0024958,0.012961,0.027264,0.014776796102523804,0.0019587043207138,0.0008102255524136
Q10366_Q10343,0.0021762,0.012947,0.015949,0.06142936274409294,0.002450933214277,0.1161709278821945
O94476_O14140,0.0022011,0.012931,0.015906,0.12891170382499695,0.0002903158019762,0.0067017707042396
Q10282_P78814,0.0021995,0.013039,0.016023,0.0236835777759552,0.014449406415224,0.0002846831921488
Q09191_O13615,0.0021915,0.012951,0.015941,0.3379439413547516,0.0009853823576122,0.0058462126180529
Q10432_O13286,0.04423,0.013342,0.026521,0.1638709157705307,0.9981130361557008,0.0003890948137268
O94316_O94276,0.0021913,0.01294,0.01612,0.012109018862247467,0.0038838987238705,0.0066875051707029
O60150_Q6BDR8,0.0021958,0.012911,0.01596,0.34149375557899475,0.0009943338809534,0.1312170177698135
Q9UUI1_Q7LL14,0.92821,0.016368,0.015963,0.38783028721809387,0.0005804164102301,0.0002741949283517
O42978_Q9P7R9,0.002246,0.013086,0.015911,0.3293938934803009,0.0003680132795125,0.0031599381472915
O14036_O94263,0.0021782,0.012985,0.015901,0.4580792784690857,0.0003701461828313,0.762149453163147
Q09772_P07657,0.0023948,0.012994,0.016198,0.32134366035461426,0.0004167488659732,0.010041981935501
Q10430_Q9HDY7,0.0023649,0.01295,0.01592,0.32689377665519714,0.1320119500160217,0.135068878531456
P41887_O14036,0.0022216,0.013025,0.01591,0.6697722673416138,0.0003088414377998,0.0051939710974693
Q9P6Q6_P50524,0.0021933,0.012921,0.015906,0.1423862874507904,0.998893678188324,0.973714292049408
O74465_P78929,0.0021803,0.012947,0.016188,0.7049379944801331,0.0332890450954437,0.0183658860623836
O74985_O14327,0.0021942,0.013067,0.016039,0.40638530254364014,0.0042837187647819,0.0015100295422598
P40235_Q6BDR8,0.0022374,0.012937,0.016032,0.19159440696239471,0.0003360391710884,0.5546460151672363
P04551_O13985,0.0022073,0.013088,0.0174,0.09774548560380936,0.0028320783749222,0.1891038119792938
O74184_P36629,0.0022083,0.013378,0.016263,0.011505594477057457,0.0880703553557396,0.9838560819625854
O94272_O74955,0.0021731,0.012948,0.0159,0.3291211426258087,0.0002902103587985,0.0047402302734553
P10989_Q1MTQ1,0.002214,0.013882,0.016094,0.02121580019593239,0.0039786365814507,0.4855409860610962
O36027_P32390,0.0021917,0.013077,0.016613,0.5181900262832642,0.0990776866674423,0.2051246911287307
Q10477_O14129,0.0025004,0.012959,0.016264,0.3367331326007843,0.0005195984849706,0.0755926668643951
O43070_P21135,0.55226,0.01292,0.045576,0.4020347595214844,0.9972609281539916,0.0013335631228983
Q9HE05_Q9USR7,0.0021797,0.012939,0.015884,0.14297647774219513,0.0375989638268947,0.1340891122817993
O13782_Q6BDR8,0.0022,0.012925,0.0159,0.039962708950042725,0.0003775959776248,0.9922459721565248
O94684_Q9Y709,0.0021698,0.013003,0.015905,0.1684867888689041,0.0008725338266231,0.002683067228645
O94684_O60158,0.0021904,0.01298,0.016128,0.045511577278375626,0.00153068092186,0.0013108509592711
Q9USP0_O14129,0.0021939,0.013213,0.015924,0.602567732334137,0.0019415416754782,0.7945129871368408
P04551_Q9US52,0.0021755,0.013011,0.015962,0.4489438831806183,0.0263128094375133,0.9245842695236206
Q10067_P78814,0.0021759,0.01328,0.016553,0.2747648358345032,0.001447053742595,0.913508415222168
P21135_Q10322,0.0025659,0.013664,0.015966,0.4582805931568146,0.0027897937688976,0.0164150688797235
P08092_O13685,0.0021857,0.013127,0.01591,0.07977236807346344,0.0007338119321502,0.4913587272167206
Q6BDR8_P05501,0.0021884,0.012925,0.015869,0.5474465489387512,0.0002149813954019,0.9065533876419068
Q96WV9_P36625,0.88529,0.012979,0.020688,0.17135615646839142,0.000742434640415,0.0101949078962206
P0CT60_O94581,0.0021982,0.01294,0.015906,0.48648664355278015,0.0003085627395194,0.0164634250104427
P30261_O13688,0.0034267,0.012935,0.037191,0.0994972363114357,0.9986696243286132,0.2550674974918365
Q9UST6_P87306,0.0026097,0.013079,0.016183,0.3656139671802521,0.9989603757858276,0.0005702105117961
O14140_P0CG72,0.0021712,0.012966,0.015891,0.3935592770576477,0.0003625288954935,0.0005491561605595
O74517_Q09685,0.002242,0.012916,0.016251,0.060684558004140854,0.0900431051850318,0.0123747996985912
Q09898_O43071,0.0031527,0.013415,0.01679,0.6611593961715698,0.1123639866709709,0.9451446533203124
O74803_O74560,0.0021738,0.012938,0.015954,0.38613107800483704,0.0040022390894591,0.7158458828926086
Q09882_O13728,0.0021912,0.012967,0.015969,0.3039685785770416,0.0004448512627277,0.0041015748865902
O13985_P10989,0.0021968,0.014502,0.01608,0.2634144723415375,0.0499248430132865,0.0024226671084761
P52822_P10506,0.0021856,0.012943,0.015911,0.05238983780145645,0.0003341957344673,0.0006946959765627
Q96WV9_O94272,0.0022495,0.013284,0.016351,0.14190417528152466,0.0014885979471728,0.0545074306428432
Q9USZ6_Q9UT72,0.0021821,0.012927,0.015901,0.16099098324775696,0.0006020398577675,0.966305673122406
O14216_P32372,0.70833,0.012941,0.01976,0.25027579069137573,0.9975495934486388,0.096336729824543
Q53EK2_Q6BDR8,0.002267,0.012972,0.015895,0.07211938500404358,0.0039006634615361,0.8117108345031738
P40848_Q09330,0.0024596,0.012931,0.016285,0.28707876801490784,0.9961133003234864,0.0030667956452816
P04688_Q9USM8,0.0021884,0.013152,0.015966,0.034684114158153534,0.576805591583252,0.5665637254714966
O74511_Q9USU3,0.0021813,0.013104,0.016089,0.2790234684944153,0.0018905944889411,0.1078040227293968
O94687_O13758,0.0075428,0.012925,0.024982,0.6457449793815613,0.1972169280052185,0.9481868147850036
P40381_Q9US59,0.0022271,0.013041,0.016047,0.004771903622895479,0.9984340071678162,0.0002537723630666
P28829_O94687,0.086983,0.01297,0.016133,0.32905322313308716,0.0024199385661631,0.0198906660079956
P41005_Q9P6Q0,0.002269,0.012956,0.015952,0.009733167476952076,0.0215446203947067,0.6767827868461609
Q09330_Q9UUE5,0.0021889,0.012946,0.016264,0.5757941007614136,0.96099191904068,0.0059302900917828
O13936_O74433,0.0021966,0.013101,0.016593,0.23248594999313354,0.0004789455852005,0.9896990656852722
Q10477_P32390,0.002205,0.013139,0.015939,0.1759815812110901,0.0007656559464521,0.911048948764801
P42656_Q10134,0.0021796,0.013469,0.017266,0.3083410859107971,0.1334797888994217,0.974353551864624
Q09761_P10989,0.0021935,0.012975,0.016887,0.22387245297431946,0.0212549325078725,0.3944148123264313
P50530_Q9P782,0.0021846,0.01295,0.016031,0.19409428536891937,0.0008193706162273,0.016346275806427
Q10103_P50528,0.16277,0.01296,0.016316,0.0431191511452198,0.0060649532824754,0.0008242747280746
O59836_O74511,0.0087148,0.013007,0.017161,0.05369112640619278,0.0083146262913942,0.0034989318810403
P87314_C6Y4D0,0.0021787,0.012946,0.015919,0.4024815857410431,0.5660508871078491,0.964443027973175
P78929_O42667,0.0021822,0.012938,0.015899,0.16965340077877045,0.0177780669182539,0.0014388962881639
Q9UTI3_P87238,0.0021729,0.012953,0.015921,0.3879462480545044,0.0002699744654819,0.1212995871901512
O74465_O94687,0.002213,0.01293,0.018487,0.4463087320327759,0.0028974351007491,0.0127628156915307
O74517_P40372,0.0022596,0.012974,0.018865,0.15552003681659698,0.0111738992854952,0.0088139288127422
P28829_P36601,0.0022137,0.013048,0.016008,0.17216528952121735,0.0005501979612745,0.9139256477355956
O13782_Q9UUC6,0.0021816,0.013097,0.015876,0.550137460231781,0.000324248772813,0.0022532274015247
Q09683_Q09698,0.0042492,0.013072,0.019641,0.009630195796489716,0.9968810081481934,0.9827969074249268
Q02088_O94376,0.021165,0.51555,0.016574,0.13901326060295105,0.0016321898438036,0.0172253400087356
Q0E7J7_Q10322,0.0021801,0.01323,0.015928,0.2154887318611145,0.0005820930819027,0.0004335066769272
O13964_Q09760,0.0022013,0.012936,0.015888,0.4290640354156494,0.0003698225773405,0.31891068816185
Q09823_O14064,0.69502,0.013105,0.32117,0.06208927556872368,0.0067333364859223,0.0036364533007144
O94238_O14352,0.0022296,0.013332,0.01591,0.5247762203216553,0.0004568238509818,0.0069679417647421
Q9P7V3_P36595,0.0021921,0.012929,0.015894,0.15133599936962128,0.0004481141513679,0.0866140127182006
Q09822_O75011,0.86927,0.013031,0.019643,0.37227776646614075,0.9922480583190918,0.6562001705169678
P52822_P39964,0.0022028,0.01293,0.023104,0.023311365395784378,0.0133101912215352,0.0924340188503265
Q6BDR8_Q9Y7U4,0.0022085,0.012918,0.015925,0.33018940687179565,0.0417432263493537,0.0002833385078702
P40235_Q9US45,0.0024811,0.013007,0.016236,0.07532276958227158,0.00094203784829,0.4913922250270843
O13681_P50528,0.0039075,0.012946,0.016041,0.023347903043031693,0.0004998556105419,0.0008316328166984
P07334_O60187,0.88553,0.013019,0.016741,0.08056692034006119,0.9892701506614684,0.9113441109657288
Q10198_Q09127,0.0021898,0.012932,0.015905,0.012612372636795044,0.0005222298204898,0.6571120023727417
O42954_P01129,0.91907,0.013002,0.033273,0.06801415234804153,0.997883141040802,0.0005490276380442
P39964_P87306,0.0022751,0.012952,0.015996,0.39210474491119385,0.0031957319006323,0.0031921747140586
Q9USX8_P0CT68,0.0021829,0.012916,0.015891,0.6372268199920654,0.0009556463337503,0.0037482774350792
Q10232_Q9P7R9,0.0021841,0.013017,0.015936,0.2815392017364502,0.0003228043497074,0.0131747405976057
Q10430_Q9USL5,0.0021783,0.012948,0.01589,0.3583219051361084,0.0011981837451457,0.0009752189507707
O14269_O74399,0.052535,0.012993,0.01856,0.3867148160934448,0.0069265239872038,0.9022104144096376
P32586_P41410,0.83633,0.013027,0.018507,0.6500316858291626,0.0792429521679878,0.012942548841238
O94547_O74360,0.51562,0.013018,0.016322,0.094633549451828,0.009728099219501,0.0024976260028779
O13758_P26306,0.0037735,0.01292,0.01759,0.08551640808582306,0.0015111672692,0.0245394315570592
Q9URY2_P17937,0.0022203,0.01325,0.015935,0.05319806560873985,0.0014715034049004,0.983735978603363
O74433_Q9Y7R3,0.0021777,0.012913,0.015887,0.6830750703811646,0.0005821887752972,0.2543035745620727
Q10353_O74446,0.0021997,0.012931,0.015928,0.3011011779308319,0.0004488120321184,0.0109766200184822
Q09717_Q9UTF6,0.0021893,0.013006,0.015885,0.33415621519088745,0.0002173337707063,0.0600395053625106
Q10668_Q9Y7J4,0.002207,0.012923,0.015916,0.17655077576637268,0.0341559015214443,0.010203524492681
Q10330_Q09760,0.0021925,0.012941,0.016121,0.023475930094718933,0.0003904706100001,0.3344030082225799
Q10330_Q10366,0.0021881,0.012938,0.016045,0.20027610659599304,0.0006545403739437,0.5856789946556091
P0CT68_Q6BDR8,0.0021804,0.012913,0.015962,0.022858574986457825,0.000333780189976,0.0074711232446134
O36019_Q10232,0.0021715,0.01296,0.015893,0.20748527348041534,0.0327400006353855,0.0007874224102124
O74499_P50528,0.0021979,0.012986,0.015894,0.19309325516223907,0.0002644331834744,0.0010278368135914
O14327_Q9USP9,0.0069904,0.014451,0.016917,0.08997870236635208,0.8665947914123535,0.004165809135884
O14079_P0CU09,0.0023428,0.012915,0.016017,0.08567972481250763,0.0022322840522974,0.0037459738086909
O60158_P41887,0.0021886,0.012949,0.01892,0.15116284787654877,0.0020428551360964,0.0024304282851517
O74790_O59751,0.0021983,0.013156,0.015929,0.02882840484380722,0.0130329178646206,0.0803544223308563
O59767_P05501,0.002186,0.013467,0.015872,0.5657060742378235,0.0002175130939576,0.0061102150939404
Q12381_O14235,0.0022003,0.013204,0.018455,0.03720516711473465,0.0006248117424547,0.0269614122807979
Q9P7E0_P32390,0.0022688,0.013122,0.015885,0.07611504197120667,0.0029684107284992,0.1807634681463241
Q9P6R1_O43071,0.002542,0.013023,0.015924,0.01381878461688757,0.0009131643455475,0.0946899428963661
Q10099_Q9UUE5,0.015818,0.013634,0.017228,0.5717447996139526,0.9907953143119812,0.9593296647071838
Q00619_P0CT60,0.0021754,0.01293,0.01589,0.023606497794389725,0.000350916176103,0.013155267573893
P56286_P48009,0.0021954,0.012997,0.015934,0.03592199832201004,0.0002910679613705,0.0077954959124326
P0CF96_O43071,0.0021966,0.012942,0.015896,0.263578325510025,0.0186801720410585,0.0015705280238762
P78963_Q9Y7J4,0.0021864,0.012921,0.01595,0.11402788013219833,0.0510863661766052,0.0011308607645332
Q10103_Q10173,0.002214,0.013011,0.015914,0.042184822261333466,0.0014751470880582,0.0236742179840803
O74958_Q09898,0.06364,0.013028,0.016954,0.14868640899658203,0.0605482757091522,0.0033102745655924
P40380_O94542,0.05085,0.01292,0.019098,0.1816379874944687,0.9980575442314148,0.9424682259559632
O14343_Q7LL14,0.0021949,0.013129,0.01608,0.3296279013156891,0.001779964310117,0.7153379321098328
O59702_O14079,0.0021859,0.012952,0.01592,0.08657058328390121,0.0008642515167593,0.9805909991264344
Q9UTI3_P0CT60,0.0023326,0.012939,0.01591,0.3164997100830078,0.0002538827247917,0.002689384156838
P78789_P34208,0.002455,0.01296,0.016192,0.43765753507614136,0.5613605976104736,0.026290213689208
O13351_O14010,0.0022104,0.013042,0.015893,0.2632141411304474,0.0005270607653073,0.007861346937716
O94556_P87309,0.0022212,0.013196,0.10491,0.633363664150238,0.0446491092443466,0.9558150768280028
Q9UUJ4_O94603,0.0022418,0.012921,0.016107,0.20162433385849,0.033036034554243,0.6994221806526184
O14122_O74560,0.0037257,0.012997,0.016187,0.19221550226211548,0.0011503108544275,0.7789846062660217
P56523_P26306,0.0021804,0.01297,0.015962,0.04103667289018631,0.003242008620873,0.0042222449555993
A6X980_P87050,0.0035244,0.012953,0.015997,0.08949733525514603,0.0005505956360138,0.8135179877281189
Q92399_O36019,0.0021748,0.012942,0.015897,0.02348816581070423,0.0068257488310337,0.038633219897747
O59945_P27584,0.002207,0.013392,0.019181,0.269681841135025,0.0275403317064046,0.0009660835494287
O42954_Q9HE05,0.16631,0.013076,0.016168,0.10317134857177734,0.9952734112739564,0.8352218866348267
Q9HDX9_Q09142,0.070096,0.012931,0.015989,0.062124885618686676,0.0133084366098046,0.007412701845169
P40384_Q10099,0.0021741,0.013001,0.015963,0.37447217106819153,0.0005855659255757,0.0247241612523794
O74398_O94238,0.0021718,0.012961,0.015937,0.21278923749923706,0.0002891250478569,0.9715285897254944
Q9HGL8_Q9P782,0.0022102,0.012938,0.015969,0.12900154292583466,0.0009690135484561,0.7257851958274841
O94752_O74558,0.0021818,0.01292,0.015901,0.2959485352039337,0.0002181087329518,0.0044898781925439
O74465_Q92372,0.0021917,0.012941,0.016089,0.11119093745946884,0.0274834595620632,0.0033787472639232
O00102_O74555,0.0021814,0.013035,0.015918,0.007337781134992838,0.0005307093379087,0.0287854727357625
Q9P7T4_P79065,0.14214,0.013136,0.0168,0.1707485020160675,0.0101371901109814,0.0460248999297618
Q9P7F9_P08092,0.0022224,0.012947,0.016115,0.24001121520996094,0.0003402416186872,0.3223775625228882
O43120_P36629,0.0030994,0.016077,0.016593,0.025762658566236496,0.9989246726036072,0.5621326565742493
O13790_O13777,0.0021699,0.012919,0.015935,0.042624033987522125,0.0006201149080879,0.4902756214141845
P09322_P28748,0.0033518,0.015034,0.029404,0.024399295449256897,0.0002294736768817,0.0014148961054161
O74986_Q03392,0.0021671,0.012933,0.01589,0.04616575688123703,0.0007632962660863,0.0004940375802107
O74184_O13685,0.0021734,0.015465,0.016233,0.08872424811124802,0.0004286738403607,0.9567121267318726
O60016_Q9Y7M6,0.0021849,0.012912,0.015903,0.44091227650642395,0.0096056051552295,0.0029903543181717
Q09330_P46595,0.0021985,0.015105,0.01589,0.32863953709602356,0.0016356870764866,0.8924949169158936
O94722_P21534,0.002645,0.013119,0.016007,0.02464338392019272,0.0004012998833786,0.1108253598213195
Q9Y7M6_O74983,0.0021816,0.012951,0.01589,0.3275272846221924,0.0003427321207709,0.0235482677817344
O43080_P40384,0.0022095,0.012938,0.015893,0.2030593603849411,0.0010970680741593,0.90401291847229
P41889_O74533,0.0021862,0.013033,0.015921,0.10919486731290817,0.0136192720383405,0.9642943739891052
Q10056_Q9Y7N2,0.0021838,0.012973,0.015935,0.6379766464233398,0.0094891097396612,0.0003597198519855
Q9P7R9_O74955,0.0021907,0.013069,0.015935,0.2564748227596283,0.0006908234790898,0.9903340935707092
P17937_O74517,0.0021774,0.012989,0.046195,0.1492200344800949,0.998538851737976,0.1811740696430206
Q874R3_P04688,0.0021669,0.013218,0.01637,0.4116014242172241,0.0317145474255085,0.0203739404678344
P40235_P40381,0.0022077,0.012953,0.016604,0.06340281665325165,0.0037764108274132,0.0013048440450802
P40995_P0CU09,0.002356,0.012928,0.015953,0.20091280341148376,0.0004116618074476,0.0587405413389205
P33886_Q9UUE5,0.0021764,0.013042,0.016014,0.2922233045101166,0.8520241379737854,0.0002624967310111
Q9USZ6_Q9P802,0.0021787,0.012923,0.015911,0.13634230196475983,0.0016522328369319,0.3668241500854492
Q9P7T4_Q9UUM2,0.27293,0.01302,0.092026,0.29932156205177307,0.0455585978925228,0.0021471288055181
Q9URY0_O42905,0.0021908,0.012963,0.016067,0.010988684371113777,0.0026805992238223,0.0006269230507314
O94268_Q9US59,0.0023271,0.012998,0.016078,0.04041159525513649,0.0011748289689421,0.0464940145611763
O60150_P50530,0.0022424,0.012976,0.016547,0.11168521642684937,0.0166105926036834,0.0027105037588626
O94238_O74531,0.002212,0.012946,0.015899,0.2275950014591217,0.0006161514902487,0.2479052543640136
Q10109_Q9UT72,0.10705,0.013031,0.016044,0.1758711338043213,0.0004591460747178,0.005685459356755
O14229_P36617,0.0021842,0.012918,0.016364,0.17005127668380737,0.0017720204778015,0.1952360421419143
P10815_P32390,0.0021793,0.012968,0.015938,0.10314027965068817,0.0020494987256824,0.0034081388730555
P26306_O74718,0.0027324,0.012947,0.0234,0.04475045204162598,0.0126892887055873,0.000691854278557
P0C5Y7_P12000,0.0021836,0.012957,0.015884,0.524880051612854,0.0801541283726692,0.0469366908073425
P52822_P10651,0.0023697,0.012952,0.017153,0.6075279116630554,0.0869639739394187,0.8443732261657715
Q9UT52_O14399,0.0021624,0.013081,0.015889,0.1911608874797821,0.2687700688838959,0.0018078390276059
O74803_P40984,0.0021955,0.013134,0.015943,0.06746865808963776,0.998378038406372,0.7608863711357117
P36618_Q09683,0.0021816,0.012934,0.01595,0.4400879144668579,0.0004656993551179,0.1044495776295661
Q0E7J7_O94408,0.0035284,0.013159,0.015921,0.3448186218738556,0.0003906593483407,0.0158101171255111
P87126_P08647,0.0026137,0.015042,0.019264,0.16605325043201447,0.0010084261884912,0.0019827359355986
Q9HGQ3_Q09823,0.0021881,0.012945,0.016152,0.017243172973394394,0.0346303842961788,0.9198843240737916
P56286_O14064,0.0021841,0.012952,0.015907,0.06968992948532104,0.0003460227744653,0.0093434434384107
O13782_Q9HGL8,0.0022183,0.012932,0.015908,0.03367984667420387,0.0006146854138933,0.0008091277559287
O59734_Q10366,0.0022116,0.012962,0.015881,0.6383422017097473,0.0005778053309768,0.0087534859776496
O74895_O42667,0.0021726,0.012945,0.015939,0.006861528847366571,0.0005100432317703,0.9268211126327516
P09322_P79063,0.0022251,0.012968,0.015983,0.6846470832824707,0.0004936494515277,0.0443189553916454
Q1MTQ9_P36592,0.0021744,0.012919,0.015883,0.5759418606758118,0.0014514357317239,0.9253209233283995
Q11120_O14170,0.0021995,0.012976,0.01595,0.5428842902183533,0.0046765878796577,0.0009201505454257
Q10192_O94263,0.0021842,0.012909,0.015892,0.03068949282169342,0.0008685121429152,0.2587782442569732
O94687_Q09914,0.0021946,0.01313,0.016083,0.27395233511924744,0.0065834783017635,0.0018579980824142
P79005_P40235,0.003564,0.012951,0.016177,0.09009375423192978,0.362101674079895,0.0105297369882464
P41410_P05501,0.0022075,0.013045,0.015873,0.035055529326200485,0.0003213148738723,0.0075344047509133
O60150_Q92462,0.0022391,0.012926,0.015968,0.2918212115764618,0.0072336331941187,0.457914799451828
O42832_Q09142,0.0027673,0.012932,0.017823,0.30425018072128296,0.0498837456107139,0.0008164844475686
O94423_O74895,0.0021999,0.012937,0.016125,0.14719034731388092,0.0009610989363864,0.0005771464784629
P87051_Q06182,0.0021859,0.01297,0.044595,0.4849676787853241,0.4914693832397461,0.0008965693414211
P04910_Q9US52,0.0021799,0.012963,0.015916,0.39870959520339966,0.0013638922246173,0.0004810747632291
O94285_Q10163,0.068674,0.013292,0.015948,0.0982150137424469,0.0018068116623908,0.0002011468168348
O74958_Q9UTR8,0.54492,0.013012,0.016312,0.1762782782316208,0.0291180741041898,0.027949871495366
Q9USP0_O13978,0.0021765,0.012947,0.015904,0.1771397441625595,0.0002068312751362,0.958784818649292
O13728_Q09933,0.0022002,0.013329,0.016439,0.4005242884159088,0.0027820239774882,0.0028134246822446
O13712_Q9UT72,0.0063338,0.013006,0.016938,0.18626166880130768,0.0006188573315739,0.9649598002433776
Q9UUB5_O13681,0.0025976,0.012921,0.01594,0.6200836896896362,0.0005396126070991,0.1249393224716186
P05764_Q12381,0.0021993,0.013057,0.015926,0.12203000485897064,0.0022719556000083,0.0009426253964193
Q9Y7M6_O13936,0.0021699,0.012924,0.015953,0.22411194443702698,0.0018219340126961,0.1413673460483551
O43114_P50523,0.0022648,0.012955,0.015869,0.1323583722114563,0.0002423675177851,0.1009437590837478
P48011_Q9URY2,0.0022089,0.013024,0.015916,0.12783534824848175,0.0005040257237851,0.0203090533614158
O42995_O74471,0.0022528,0.012969,0.015881,0.16812200844287872,0.0012831569183617,0.0013165484415367
O74433_P78963,0.0021967,0.01292,0.015918,0.06789790093898773,0.0003463521425146,0.0051137921400368
O59945_O94603,0.0021667,0.01294,0.015959,0.10619635134935379,0.0037993306759744,0.986518919467926
P79005_Q96TL7,0.48044,0.01294,0.025106,0.07681316882371902,0.9986842274665833,0.0024282245431095
O42991_O74747,0.0021808,0.013087,0.016087,0.2627478539943695,0.0003324333811178,0.0029443057719618
P49731_P36625,0.14801,0.012965,0.017194,0.21617643535137177,0.0005013367626816,0.1091780364513397
O13339_O14388,0.0022395,0.012926,0.015937,0.20527417957782745,0.0029670970980077,0.0181819200515747
O14350_O94646,0.0022585,0.012948,0.015913,0.7175011038780212,0.998804211616516,0.0437739677727222
O36027_O42634,0.0021756,0.013176,0.015897,0.3372619152069092,0.000301099353237,0.2509487271308899
O59767_O42634,0.0021886,0.013008,0.015938,0.002304085763171315,0.000575321377255,0.0075877862982451
Q9UTA4_O74988,0.0022553,0.01298,0.015922,0.29232949018478394,0.0146544110029935,0.0063079590909183
P36617_Q06182,0.0021868,0.012949,0.015956,0.044072993099689484,0.0075841289944946,0.4225298166275024
Q9P802_Q9USV3,0.0021973,0.01295,0.015899,0.048425767570734024,0.0049366406165063,0.7985268235206604
P40384_P78789,0.0021845,0.012938,0.015901,0.12285225093364716,0.0003137788444291,0.0031609160359948
O14229_Q9P7P2,0.0022203,0.012926,0.016315,0.3061509430408478,0.9980777502059937,0.6728544235229492
O94556_O94609,0.0021833,0.013062,0.015969,0.6166879534721375,0.0163218043744564,0.1416982859373092
O14230_Q0E7J7,0.0021854,0.012961,0.015938,0.3053033947944641,0.0012736255303025,0.0090566975995898
O43114_O14327,0.0022613,0.012938,0.015951,0.013380523771047592,0.0002853372425306,0.0854034572839737
Q9UTF6_P50527,0.0021723,0.012953,0.015902,0.03608553484082222,0.0010928800329566,0.0404993146657943
O60129_P87309,0.19382,0.012927,0.047057,0.4307566285133362,0.0144709814339876,0.8374523520469666
O59800_P40996,0.0062781,0.012941,0.016232,0.5427114367485046,0.0022632332984358,0.0081733055412769
O13339_P13681,0.0021809,0.012952,0.015928,0.17383436858654022,0.0108372839167714,0.0123986955732107
O60187_P40371,0.0023546,0.012949,0.015958,0.09498527646064758,0.0084234979003667,0.9155353307724
Q9USV1_Q9HDY7,0.086483,0.012953,0.18765,0.2526451051235199,0.9984267950057985,0.0041607460007071
P09322_O94707,0.0021908,0.012954,0.015941,0.024517403915524483,0.033409234136343,0.864622950553894
Q9HDY7_O74958,0.53958,0.012995,0.016395,0.4186128079891205,0.0009657227201387,0.8229503631591797
O43114_P87173,0.0021868,0.012971,0.015898,0.013213081285357475,0.0002267683885293,0.9908559322357178
Q9HE05_P10815,0.040868,0.013165,0.016922,0.0022786580957472324,0.3300662040710449,0.5666850209236145
P79010_P41410,0.0022505,0.012969,0.016021,0.4094572365283966,0.0033059318084269,0.5371860265731812
Q9P7M3_O94326,0.002317,0.013028,0.016126,0.46278324723243713,0.0191520638763904,0.0010448915418237
Q9UT86_Q9URY0,0.0021926,0.013145,0.015991,0.08178282529115677,0.0004042750806547,0.9597471952438354
Q09717_Q10192,0.0021869,0.012924,0.015904,0.22736302018165588,0.0002673884737305,0.0014108642935752
Q9UTR8_P32372,0.53736,0.012934,0.021605,0.4259697496891022,0.998077154159546,0.5782667994499207
P87053_Q9Y709,0.0021719,0.012933,0.015919,0.20425549149513245,0.998872697353363,0.087935984134674
Q10428_Q9P7B7,0.0022032,0.013056,0.016888,0.4117180109024048,0.002266060328111,0.009806441143155
Q4PIR3_O94238,0.0022135,0.013095,0.015943,0.05352839082479477,0.000367621978512,0.6056649684906006
O14021_O59702,0.0022187,0.013456,0.015969,0.17812876403331757,0.0046756980009377,0.1188772469758987
Q9UUJ1_O60129,0.0022012,0.013058,0.031313,0.02115543559193611,0.0077384812757372,0.9884528517723083
O14235_Q9Y709,0.00217,0.012926,0.015911,0.47522708773612976,0.9989006519317628,0.0095992106944322
P87314_O59702,0.0021893,0.013011,0.015922,0.4754767417907715,0.0090993950143456,0.0044654561206698
P10506_Q09858,0.0022235,0.012982,0.015944,0.05502332001924515,0.0002896760124713,0.0008933260687626
P56287_Q9Y7M4,0.0022186,0.013051,0.015903,0.0475459061563015,0.9974613189697266,0.3733070194721222
P87053_Q9P6M0,0.10078,0.013053,0.017123,0.06662514805793762,0.0148528460413217,0.4891275465488434
O94542_Q00619,0.0060371,0.01292,0.015988,0.39584603905677795,0.0038325330242514,0.0026744834613054
Q09760_O42975,0.0023138,0.013188,0.027566,0.283579021692276,0.0052482681348919,0.0008859809022396
Q09906_Q9UTA4,0.0022322,0.012908,0.016102,0.1264777034521103,0.0019528833217918,0.4496546685695648
Q9C107_O74446,0.0022037,0.01293,0.015952,0.10800912231206894,0.021669091656804,0.2192063480615615
O42905_P36601,0.0021894,0.012944,0.01591,0.20555733144283295,0.0076530305668711,0.0020157911349087
O74465_O43036,0.0021963,0.012939,0.015893,0.5760701298713684,0.0128250773996114,0.7884394526481628
P08965_P50523,0.0022431,0.012949,0.015903,0.0018654267769306898,0.0123812714591622,0.0035270964726805
O94684_P05219,0.0021802,0.013096,0.016019,0.013463069684803486,0.0018892571097239,0.0086466213688254
Q9USM8_O14388,0.0022033,0.012928,0.015905,0.5202339291572571,0.0005573134985752,0.2089899182319641
O14216_O14459,0.002171,0.01293,0.02007,0.17024469375610352,0.9983443021774292,0.0288691073656082
O42995_O74518,0.0021768,0.012947,0.015882,0.0021039415150880814,0.0147928148508071,0.0054495302028954
O94547_P41889,0.0023694,0.013771,0.016479,0.0037657662760466337,0.0155442329123616,0.002640253631398
P50530_O74555,0.039815,0.012993,0.028124,0.01919553242623806,0.0014577459078282,0.0174745805561542
O94752_P36601,0.0021859,0.013007,0.015925,0.07666955143213272,0.0005722868954762,0.9427478313446044
P87173_Q9HE05,0.0021742,0.013,0.015916,0.1930270791053772,0.0009349514730274,0.004650320392102
O59836_P78946,0.0021727,0.012917,0.015899,0.0693732351064682,0.0007939144852571,0.0033348680008202
O74904_P87323,0.0021783,0.012948,0.015933,0.16332177817821503,0.0004348582297097,0.0010700800921767
Q09906_O13681,0.0023566,0.012928,0.016639,0.37036651372909546,0.0004002074419986,0.6706564426422119
O60129_Q10477,0.017095,0.012935,0.018374,0.15407441556453705,0.011982056312263,0.001354900188744
O74560_P87174,0.0022089,0.012922,0.016018,0.10195444524288177,0.9658187627792358,0.0016870324034243
O42634_Q10951,0.0021733,0.012988,0.015914,0.4057166874408722,0.0011992765357717,0.9422324895858764
P09988_O42954,0.0022189,0.012998,0.016032,0.3308126628398895,0.0198419969528913,0.0011868298752233
O74904_O94285,0.0021938,0.012935,0.015949,0.015308812260627747,0.0008645962225273,0.7656979560852051
O14241_O36019,0.0021976,0.012914,0.015919,0.2949010133743286,0.0430017337203025,0.0011365998070687
P01129_P0CT70,0.0021811,0.01307,0.015948,0.003895496018230915,0.0002910477342084,0.291907399892807
O13728_O13852,0.0021861,0.012948,0.01591,0.34829697012901306,0.0030511633958667,0.9837724566459656
P36616_Q10193,0.010711,0.013012,0.14499,0.1795632541179657,0.0306528322398662,0.0005696331500075
P36625_Q9P7Q8,0.0047352,0.013108,0.015977,0.029877178370952606,0.0049286829307675,0.5065485239028931
O94534_P04688,0.002181,0.013658,0.019974,0.47046372294425964,0.9984793066978456,0.0004391700786072
Q9Y7N2_Q09882,0.0022311,0.012917,0.015918,0.046750057488679886,0.9982956051826476,0.5927022695541382
Q9UTA4_Q10343,0.0021786,0.012933,0.015954,0.2233649641275406,0.0181818976998329,0.0269961580634117
P87050_Q7LL14,0.0022276,0.012971,0.018166,0.050956107676029205,0.985750675201416,0.941623866558075
O94705_O94658,0.0025376,0.012932,0.015895,0.19792719185352325,0.0016492827562615,0.0669753849506378
Q10173_Q9US52,0.0022117,0.012911,0.015873,0.43520185351371765,0.0045808991417288,0.715888500213623
P52822_O59836,0.0021907,0.012908,0.016027,0.3762773275375366,0.0013502718647941,0.0036752421874552
P0CF96_O60164,0.0022027,0.012929,0.015914,0.1731281280517578,0.0798300951719284,0.0277166329324245
P07527_O42661,0.0022027,0.013008,0.015921,0.07817333191633224,0.211343303322792,0.0007519151549786
O74983_O74433,0.0023488,0.012934,0.015889,0.03399400785565376,0.0002295526646776,0.0017224072944372
Q10193_Q9HGL6,0.0021805,0.012933,0.015959,0.15763407945632935,0.0010899278568103,0.0032282422762364
O94534_P36613,0.0022411,0.013041,0.01591,0.10882159322500229,0.9983518123626708,0.0098579293116927
O94717_O74558,0.0022028,0.012922,0.016438,0.46738195419311523,0.0024749799631536,0.812501847743988
Q9USR7_O94309,0.0023304,0.012931,0.016013,0.20710620284080505,0.0012731277383863,0.071317009627819
Q92399_O60016,0.0022159,0.012964,0.015904,0.29115524888038635,0.0028887882363051,0.0519369840621948
Q9USV3_P26306,0.0021829,0.012925,0.015905,0.0258164219558239,0.0041521312668919,0.0486439689993858
Q9UTS6_O14246,0.0021855,0.012916,0.015921,0.23600932955741882,0.0018209136324003,0.000302922562696
Q10316_Q9UUM2,0.002193,0.012938,0.015906,0.14793679118156433,0.0013000321341678,0.0004133693000767
Q9Y738_Q10322,0.0021876,0.013145,0.015901,0.22055412828922272,0.0003401420835871,0.2405414879322052
P27638_Q9USP9,0.0032449,0.013048,0.019505,0.12499275803565979,0.0006608101539313,0.0008690344402566
P79015_Q10317,0.0021848,0.012918,0.015898,0.15304595232009888,0.0012447431217879,0.3941370546817779
Q9USP0_O74511,0.0021751,0.013024,0.015954,0.1909150630235672,0.0002148254570784,0.9785845875740052
Q9P4W1_P87050,0.0024196,0.013207,0.015919,0.10567060112953186,0.0004957705386914,0.0129329394549131
O14343_O59751,0.93236,0.024789,0.036159,0.3039165437221527,0.9989921450614928,0.4441807866096496
O14417_O94698,0.0024181,0.012953,0.016129,0.5948119759559631,0.0025309077464044,0.9760377407073976
O13777_Q9UUC6,0.0021903,0.012984,0.015886,0.08301322162151337,0.9981101751327516,0.005718101747334
P12000_Q9USL5,0.0021898,0.01293,0.015892,0.13933981955051422,0.8446530699729919,0.0026105374563485
O94668_P87074,0.019136,0.012962,0.016039,0.04102350398898125,0.9989058971405028,0.3827235102653503
Q9UT76_Q9Y709,0.0021771,0.012935,0.015904,0.05525074899196625,0.0002091337955789,0.0469593331217765
Q10103_O14129,0.0027247,0.012996,0.016261,0.1064741462469101,0.0127673773095011,0.0219811014831066
O60187_Q10951,0.4738,0.01297,0.041027,0.01803682930767536,0.0149149093776941,0.4750513732433319
O74531_P78963,0.0022067,0.012957,0.016813,0.1402553915977478,0.0011586629552766,0.001541921752505
P05733_O59755,0.0021864,0.012953,0.016304,0.04424183443188667,0.0020069908350706,0.1329648941755294
Q10103_O60150,0.0022512,0.012935,0.016348,0.48153388500213623,0.0007026375969871,0.0191781017929315
O74555_O74747,0.0027462,0.013161,0.016682,0.3958092927932739,0.0013866460649296,0.0069934464991092
O74175_O14241,0.0021915,0.012923,0.016565,0.7311210632324219,0.0793798640370369,0.9804714918136596
O94244_Q9HDY7,0.0056091,0.01324,0.052239,0.011244762688875198,0.426248162984848,0.0008862180984579
P78972_P78929,0.0021926,0.013371,0.015979,0.5337026715278625,0.4092673063278198,0.4965933561325073
O43070_Q09717,0.0021725,0.012931,0.016027,0.13134236633777618,0.0343945175409317,0.968733251094818
Q96WW3_O13286,0.0022413,0.012956,0.018863,0.04279942810535431,0.6920982003211975,0.0010462352074682
O74184_P78774,0.0076539,0.035106,0.026829,0.004396168980747461,0.017830591648817,0.9738513231277466
P10815_Q09892,0.0022466,0.012957,0.016523,0.6014919877052307,0.5809060335159302,0.0045888382010161
Q9USV1_O94722,0.0023108,0.012957,0.016022,0.6500717997550964,0.0002164959587389,0.009334148839116
Q9P7J8_P87173,0.0021942,0.012994,0.015941,0.10220295935869217,0.0005343708908185,0.0013603902189061
O14010_O14036,0.0022039,0.012957,0.015923,0.5301182270050049,0.001013285247609,0.0002434567431919
Q9USR7_O14198,0.0021942,0.012913,0.015921,0.33822494745254517,0.0002200798771809,0.0292496643960475
P87245_O74499,0.0021779,0.015627,0.015891,0.08607559651136398,0.0009311634930782,0.7689496874809265
P78814_Q10366,0.0055828,0.013036,0.016084,0.5496814250946045,0.0004467195249162,0.0053168963640928
Q10366_O14010,0.002223,0.012936,0.016016,0.20056217908859253,0.0010369181400164,0.00069519598037
Q09683_Q09177,0.0021762,0.013012,0.01588,0.09421584755182266,0.0009604370570741,0.0059032728895545
P54789_Q9Y794,0.60515,0.013277,0.034064,0.4104602038860321,0.0187104884535074,0.0007423959905281
P41005_O13802,0.0023328,0.012929,0.016083,0.005571065936237574,0.002670417772606,0.006789568811655
O00102_O13936,0.002206,0.012979,0.015909,0.31706565618515015,0.0005354020395316,0.0015260463114827
Q96WW3_P06652,0.0026656,0.012939,0.0267,0.6646692752838135,0.3720090687274933,0.0012769969180226
Q10198_Q9P7B8,0.0021861,0.01295,0.015894,0.022519787773489952,0.0374509990215301,0.0075425072573125
P87323_O13988,0.0021892,0.012943,0.015952,0.3635927140712738,0.9989532232284546,0.0676650181412696
O13877_Q9USR7,0.0022773,0.012994,0.015952,0.12045489251613617,0.0003635836474131,0.2172262370586395
O13816_Q9P7W4,0.0071843,0.013634,0.029624,0.4014388620853424,0.0042636790312826,0.183559387922287
Q09924_Q9P3B2,0.0022901,0.012936,0.015888,0.07862528413534164,0.0002770381688605,0.1475919187068939
Q09760_O14318,0.0022061,0.012977,0.015963,0.14603887498378754,0.000901642080862,0.175003319978714
P36629_O75011,0.095461,0.012988,0.028094,0.21315497159957886,0.0008940464467741,0.0255621261894702
P36595_Q09882,0.0021959,0.012923,0.016533,0.027523569762706757,0.9984657764434814,0.0006312596960924
O14170_O74653,0.038744,0.014167,0.016635,0.14021985232830048,0.1125104874372482,0.0138185117393732
P08092_P0CT60,0.0021828,0.012948,0.015889,0.2983931005001068,0.0006130361580289,0.1512027084827423
P29458_P27638,0.0023345,0.013009,0.020293,0.05337466299533844,0.0023279208689928,0.0340528152883052
Q09858_P87231,0.0022356,0.012975,0.0159,0.5020118355751038,0.0011504594003781,0.0006596397724933
O42832_P49731,0.0024776,0.012956,0.02627,0.4099986255168915,0.0012008299818262,0.0017932719783857
Q09924_O94316,0.0021783,0.02557,0.016393,0.07160888612270355,0.0048391735181212,0.0117303738370537
Q10067_P87215,0.0021738,0.01294,0.015902,0.15371838212013245,0.0049335495568811,0.6626881957054138
P07527_O74955,0.00247,0.012929,0.015947,0.5017251372337341,0.0019717388786375,0.0296238977462053
O94722_O94408,0.0021812,0.012991,0.015876,0.6156461834907532,0.0002313030272489,0.6869471073150635
Q10134_G2TRP5,0.0022173,0.012943,0.015903,0.49168312549591064,0.0033576278947293,0.9615052342414856
O94444_P87173,0.002204,0.012997,0.015904,0.6175949573516846,0.0003101745969615,0.0005971330101601
O94376_P54789,0.0022322,0.012963,0.015926,0.555095374584198,0.0037427968345582,0.0135345673188567
P78774_P41005,0.0070784,0.01297,0.017412,0.33981969952583313,0.0588858462870121,0.842496931552887
O94668_O94646,0.0022103,0.012957,0.015936,0.18332505226135254,0.7006378173828125,0.1482215970754623
O94285_O94658,0.0022066,0.012931,0.015983,0.7036826610565186,0.998571515083313,0.9914293885231018
Q9USX3_Q92366,0.0022109,0.012936,0.016016,0.6114916801452637,0.994506061077118,0.0850834175944328
P40997_O74772,0.0021897,0.012998,0.015915,0.039738912135362625,0.0211118701845407,0.2784108221530914
O59734_P06652,0.0021844,0.013041,0.01587,0.3482248783111572,0.0019929932896047,0.1012080982327461
P78953_Q9P802,0.0021808,0.01293,0.01589,0.0521295927464962,0.7760924696922302,0.9851959943771362
O13370_P34208,0.0028621,0.014305,0.024118,0.20470748841762543,0.0114983022212982,0.0038597462698817
Q9UUM2_O13889,0.0047533,0.013144,0.016304,0.017287947237491608,0.5461756587028503,0.0127149242907762
O74465_O14180,0.0021911,0.012932,0.01855,0.16921336948871613,0.0409925319254398,0.1493599861860275
O74736_P12000,0.0022494,0.013051,0.015967,0.09973964840173721,0.0156261101365089,0.0532901883125305
P50524_P13681,0.0021753,0.012986,0.015921,0.21008923649787903,0.0011776176979765,0.0009943371405825
O42975_Q9UTK6,0.0033128,0.013337,0.027687,0.07848384976387024,0.9973706007003784,0.0014802902005612
Q9URY2_Q874R3,0.0022025,0.013167,0.015896,0.10708290338516235,0.5883466005325317,0.0020393410231918
Q9P7Y4_Q02088,0.0022913,0.013022,0.015877,0.12586872279644012,0.0004577158833853,0.3894446492195129
O13852_Q53EK2,0.1149,0.013223,0.015893,0.4942959249019623,0.0073687369003891,0.9780864119529724
Q9UT46_Q9UU79,0.0021764,0.012928,0.015908,0.18481777608394623,0.0005367210251279,0.0044168829917907
O00102_Q9Y709,0.0021794,0.022629,0.01589,0.10239747911691666,0.0023588882759213,0.0007043327786959
O94476_P36614,0.0021746,0.012936,0.015917,0.004447361454367638,0.0002338357589906,0.0019810597877949
O60158_P40371,0.0021802,0.012936,0.01591,0.48621663451194763,0.0003500013845041,0.0554675608873367
P0C5Y7_O13728,0.0021835,0.012978,0.015881,0.07921908795833588,0.0005371568258851,0.0041319914162158
Q9P7A0_P08090,0.0023417,0.012941,0.016112,0.3780854642391205,0.0024319456424564,0.0032184342853724
O74555_Q09330,0.0027574,0.013017,0.01609,0.2111082226037979,0.9989609718322754,0.90922349691391
P87176_Q9UT72,0.039962,0.013183,0.031306,0.2776920199394226,0.9975022673606871,0.0003690894518513
O94609_P05767,0.0022684,0.01314,0.015899,0.08795460313558578,0.7380860447883606,0.4257314801216125
O94616_O94326,0.0022018,0.012921,0.015962,0.5635740160942078,0.9948380589485168,0.0702760517597198
P50523_P28829,0.0022727,0.012951,0.015914,0.24151480197906494,0.0002975431270897,0.0003676191845443
Q10193_P25457,0.0021761,0.012934,0.015907,0.05692296475172043,0.0027150975074619,0.004930421244353
Q9P7M1_Q9P7Q8,0.0022666,0.013029,0.016595,0.4636591076850891,0.0008473456837236,0.000333812989993
P34208_P0CT77,0.0021762,0.012946,0.015914,0.5169374346733093,0.0009259179932996,0.0278741288930177
Q10271_O60052,0.0021824,0.013053,0.016044,0.5126848816871643,0.0009584118961356,0.0248779375106096
O13978_P78929,0.0021821,0.012927,0.015883,0.3908006548881531,0.0012609094846993,0.0064728762954473
P10989_O43120,0.0023336,0.013211,0.021334,0.17821776866912842,0.0154566075652837,0.4034106135368347
P36582_Q09914,0.003852,0.014859,0.019172,0.25711381435394287,0.9983988404273988,0.1349501609802246
Q9HE05_Q9C0Z9,0.0021725,0.012953,0.015914,0.23249320685863495,0.0464835651218891,0.142441838979721
O13286_O14064,0.16604,0.013014,0.041229,0.13389000296592712,0.028778513893485,0.0010579136433079
O74558_Q9P7B7,0.002189,0.012916,0.015895,0.2084503024816513,0.0005342860240489,0.2167210578918457
P36613_O42991,0.0021799,0.012905,0.015963,0.3213965594768524,0.0003229320864193,0.0008564105373807
O13889_P36613,0.002259,0.01295,0.015999,0.4005047380924225,0.9967641830444336,0.0004341298481449
P87238_P40984,0.0021808,0.012966,0.015886,0.3568548858165741,0.0003902253811247,0.0343212075531482
P87231_P04688,0.0021787,0.012993,0.015972,0.37548500299453735,0.011194460093975,0.0029465451370924
P56287_P87310,0.0021915,0.012947,0.015909,0.3759021759033203,0.9947208166122437,0.9869199991226196
P36595_Q92372,0.0021861,0.012934,0.018006,0.09213627129793167,0.9989941716194152,0.0061109359376132
O74433_Q92366,0.0032431,0.012924,0.015876,0.012743178755044937,0.0007739622378721,0.0234757773578166
P48009_O14216,0.0023072,0.012999,0.016013,0.11369627714157104,0.0005662530311383,0.0003138458414468
O14241_O94616,0.0022235,0.012949,0.016009,0.01593964919447899,0.0046715992502868,0.0353752002120018
P28829_O13286,0.82414,0.013082,0.016631,0.09338360279798508,0.0017226542113348,0.0076098404824733
O94444_Q9P6R1,0.0021785,0.013078,0.015903,0.35559582710266113,0.0010336997220292,0.0008747685351409
P01129_O13978,0.0021842,0.012938,0.015897,0.012158802710473537,0.0047386442311108,0.2795423865318298
P32434_Q9UUA8,0.0021754,0.012942,0.015932,0.2349664270877838,0.0059948917478322,0.0005214533302932
O94668_O94684,0.0022676,0.013029,0.015917,0.17181535065174103,0.0037286933511495,0.0414247289299964
P40381_O74790,0.0021936,0.013039,0.015934,0.23997762799263,0.0670350492000579,0.993640124797821
Q9UUB7_P78963,0.0022203,0.012923,0.015934,0.23111025989055634,0.0016506486572325,0.0029804871883243
O94244_Q9HE05,0.0023607,0.014108,0.018745,0.18749955296516418,0.0112592875957489,0.0272814743220806
Q09127_P87231,0.0021925,0.01292,0.015893,0.0565674751996994,0.0009203320951201,0.0004333005053922
P10815_Q09685,0.0022374,0.012916,0.016787,0.3956143260002136,0.0011210370576009,0.8522981405258179
Q9UT32_Q9UUM2,0.003408,0.012968,0.020474,0.06885787844657898,0.0013944116653874,0.2264894694089889
O94534_Q09154,0.0022074,0.014456,0.016114,0.013817211613059044,0.0029685080517083,0.7239557504653931
Q9P7P2_Q92462,0.0022711,0.012939,0.016083,0.13970644772052765,0.0004092318413313,0.0013702646829187
O13782_O60052,0.0023951,0.013425,0.49243,0.19176362454891205,0.9989713430404664,0.9689109325408936
O59793_O60150,0.0022503,0.012929,0.015978,0.029454315081238747,0.000472263462143,0.3802998661994934
Q96WV9_Q9USH1,0.0022327,0.012976,0.016298,0.06387754529714584,0.0065372609533369,0.7206159830093384
P78774_P40381,0.0022101,0.014465,0.024147,0.34208449721336365,0.0254589784890413,0.00430269818753
Q96TL7_Q9US52,0.0022107,0.012922,0.015899,0.3809575140476227,0.9982312321662904,0.0018717856146395
O94687_O59755,0.1305,0.012961,0.026502,0.118636853992939,0.1164926514029502,0.0030472264625132
Q12126_O14010,0.0022197,0.012956,0.016154,0.3676312267780304,0.0002356363111175,0.0085207559168338
P78972_P48009,0.0022257,0.016509,0.016173,0.4126010239124298,0.0036592117976397,0.0467580296099185
Q09808_P29458,0.002196,0.01294,0.015949,0.02355179935693741,0.0041267187334597,0.8643879890441895
Q9US52_Q9USV1,0.0022126,0.012922,0.015943,0.11841187626123428,0.0031983761582523,0.2937915921211242
O59836_P0CU09,0.0034363,0.012922,0.015952,0.32540613412857056,0.0142542151734232,0.976439356803894
Q9P7G0_O14343,0.063943,0.013541,0.018431,0.06902452558279037,0.0025015324354171,0.0046015209518373
O60187_O94542,0.086807,0.012937,0.018566,0.2560136020183563,0.2229739725589752,0.8836491107940674
Q1MTQ1_P56288,0.0022177,0.013288,0.015956,0.04039466008543968,0.0021296781487762,0.4474067091941833
O74790_O14235,0.0021757,0.012951,0.015907,0.4811287224292755,0.055526003241539,0.6010990738868713
Q9US52_O36027,0.002191,0.012921,0.015903,0.3352864980697632,0.0008026831201277,0.0003626749094109
O74518_O60129,0.0025048,0.012931,0.015931,0.069853276014328,0.0316042490303516,0.8460545539855957
P36622_O13339,0.0022191,0.01298,0.016055,0.17342333495616913,0.0009571721311658,0.0002999759162776
Q9P7M1_O43036,0.0021951,0.01292,0.015915,0.12732471525669098,0.0311029274016618,0.0014970232732594
P48011_O94321,0.0021969,0.012969,0.015896,0.7450072169303894,0.0003586873644962,0.0006480909069068
Q9US52_P40848,0.0022148,0.012915,0.015923,0.16735635697841644,0.0293268822133541,0.8937479853630066
O13681_P05219,0.0021772,0.013112,0.015923,0.030104123055934906,0.0003315977519378,0.0032311929389834
Q09176_P50523,0.0022706,0.012946,0.015905,0.16341570019721985,0.0006130177644081,0.9919005632400512
O13826_Q10108,0.20791,0.013034,0.017517,0.11027181148529053,0.0054687792435288,0.1133118420839309
O14064_Q06182,0.00218,0.012956,0.016083,0.11736834049224854,0.0173451118171215,0.0011350492713972
Q09898_O60187,0.17328,0.013014,0.016288,0.061579350382089615,0.0366578698158264,0.8138490915298462
Q10193_Q10113,0.0023802,0.012966,0.01611,0.11309132725000381,0.0004066892142873,0.4225193560123443
P0CT77_Q09717,0.0021847,0.012936,0.015936,0.49859586358070374,0.0002706050290726,0.000198227688088
P32586_Q09933,0.91514,0.013205,0.017532,0.19669130444526672,0.0830125287175178,0.2122004479169845
Q09330_O74958,0.0027846,0.012946,0.015917,0.24689732491970062,0.998836100101471,0.0072038411162793
Q9P7V3_Q09717,0.0021941,0.012925,0.015901,0.16645777225494385,0.0003422173904255,0.5643101930618286
O94355_P13681,0.0021889,0.012995,0.015947,0.08441232144832611,0.0022490399423986,0.0017280565807595
Q10198_Q9UST6,0.56628,0.35599,0.015922,0.24937838315963745,0.998984396457672,0.0018276575719937
Q06182_Q9Y7L8,0.0021781,0.012945,0.01594,0.04136631265282631,0.0005766961257904,0.0039915293455123
Q10322_Q9USR7,0.0021877,0.013064,0.015935,0.2695077061653137,0.0003349788021296,0.8875041007995605
O59680_O13684,0.0022532,0.01294,0.015901,0.06873194873332977,0.0003408458142075,0.9520387649536132
P41887_Q10432,0.0021743,0.012988,0.016042,0.008175705559551716,0.0010974699398502,0.0015197072643786
Q0E7J7_O74736,0.0021904,0.012991,0.015926,0.4850706458091736,0.0057661179453134,0.0005356082110665
P56287_O42667,0.0023326,0.013046,0.015953,0.6463229060173035,0.0005321471253409,0.0011493038618937
O74653_Q01112,0.01667,0.16355,0.017505,0.08055298775434494,0.0105432337149977,0.8789883852005005
P50582_P40371,0.0022432,0.012992,0.016074,0.12536711990833282,0.0351709388196468,0.0018813897622749
O94687_P87306,0.0022911,0.012942,0.017188,0.1682891696691513,0.8882170915603638,0.0012366045266389
P41887_O36023,0.0021855,0.013171,0.018219,0.1022040918469429,0.0076109389774501,0.1253298074007034
O74555_Q9P7F9,0.0021904,0.012936,0.016449,0.33120399713516235,0.0003224076062906,0.500702440738678
Q10322_O14318,0.0022232,0.013124,0.015946,0.29704520106315613,0.0027381994295865,0.321736216545105
Q9UTI8_O59703,0.0021892,0.012932,0.015914,0.41123199462890625,0.0003241084632463,0.9877580404281616
P50523_O94603,0.0022767,0.012937,0.015899,0.2432045042514801,0.0005267513915896,0.0066451872698962
Q9P7M3_Q92352,0.002198,0.013137,0.01602,0.10292688757181168,0.0038525243289768,0.0360906347632408
Q9Y7J4_Q09196,0.0021836,0.013025,0.015896,0.2770313620567322,0.0090752681717276,0.0004729842476081
P49731_P56288,0.0022019,0.012993,0.016093,0.6105027198791504,0.0003826601896435,0.0002951275673694
Q9P7Y4_O74471,0.0022571,0.013034,0.015887,0.27908504009246826,0.0012395301600918,0.0008692783303558
Q11120_P49731,0.0021824,0.012928,0.015957,0.12586353719234467,0.0103970188647508,0.0122837014496326
O74175_O60158,0.0021883,0.01293,0.016556,0.24892160296440125,0.0010905992239713,0.8265302181243896
O13852_P87027,0.0021904,0.012994,0.015888,0.3963063955307007,0.0036585512571036,0.0107399439439177
O94360_Q09898,0.0021735,0.012965,0.015927,0.4378265142440796,0.0278726536780595,0.0211143437772989
O74309_O74986,0.0034813,0.013054,0.021492,0.25404101610183716,0.0056135673075914,0.9717976450920104
P78761_P04551,0.0022077,0.012991,0.015914,0.04653749614953995,0.000255441002082,0.7329026460647583
O14327_Q10192,0.0022031,0.012924,0.015914,0.1887950599193573,0.0004417703894432,0.815730094909668
O60129_Q09772,0.0028593,0.013008,0.016725,0.26702967286109924,0.0191324241459369,0.1459103673696518
Q09822_P0CT77,0.0021747,0.012944,0.015944,0.37578579783439636,0.0028061419725418,0.0217059068381786
P87123_Q9UU79,0.0022051,0.013812,0.015902,0.03848465532064438,0.998849391937256,0.2434827238321304
Q9UT52_Q10173,0.0022221,0.013037,0.015896,0.2332121580839157,0.9959405660629272,0.1279081553220749
Q10232_P50524,0.0021818,0.012924,0.015912,0.5416465401649475,0.000326755514834,0.0010914369486272
Q92358_O13370,0.0021878,0.012951,0.015895,0.016807641834020615,0.0006363618886098,0.103167176246643
Q6BDR8_O59800,0.0021839,0.012917,0.016062,0.23387187719345093,0.0007468914845958,0.0222576204687356
O13988_P87309,0.0022115,0.012946,0.018044,0.21816158294677734,0.9989386200904846,0.8329902291297913
Q09761_P79015,0.0021686,0.012977,0.015931,0.1819526106119156,0.998740017414093,0.0726712122559547
O14329_P87312,0.0021855,0.013413,0.015919,0.6726188063621521,0.0004306574701331,0.0014834045432507
Q9UUM2_Q9P6Q6,0.0022017,0.012942,0.016259,0.4403049945831299,0.0028777800034731,0.0161978118121624
O74988_Q09825,0.002349,0.013069,0.016015,0.058380089700222015,0.0003900124575011,0.0840606912970542
Q09823_O74433,0.0021801,0.012914,0.015899,0.414081871509552,0.0054498561657965,0.8047664165496826
O36019_O74796,0.0021942,0.012925,0.01589,0.07649271190166473,0.0161017719656229,0.4807939827442169
Q9US59_O94609,0.0022051,0.012959,0.015951,0.028008103370666504,0.0197973512113094,0.0058276345953345
Q01112_Q10353,0.0021918,0.013134,0.016298,0.1724054515361786,0.0010393763659521,0.001005174475722
P10651_Q09177,0.0022725,0.012967,0.015923,0.0704590305685997,0.001586535363458,0.9853402972221376
O59767_P79065,0.0024327,0.013214,0.015987,0.1654123216867447,0.0006343521527014,0.0009459150605835
Q09170_O94620,0.0021915,0.013436,0.016908,0.13994883000850677,0.0195361208170652,0.9762369394302368
Q9UTE6_P08965,0.0022311,0.012916,0.016014,0.37154456973075867,0.0050884811207652,0.0243079792708158
O60187_P41887,0.0021828,0.012957,0.016102,0.10119082033634186,0.013647936284542,0.9791863560676576
Q09196_O94609,0.0021918,0.013062,0.015907,0.10601076483726501,0.0004829993413295,0.0030421996489167
Q09808_P87174,0.0021792,0.01293,0.015969,0.2599187195301056,0.9986063838005066,0.0002697284799069
Q9P7X1_Q96WW3,0.0022118,0.012929,0.015906,0.5449920892715454,0.0014759717741981,0.0021137935109436
O74985_P21534,0.0022466,0.014922,0.016085,0.08915577083826065,0.0008273901767097,0.2062601000070572
Q9UUB7_O94687,0.002254,0.012932,0.015928,0.05825607478618622,0.0246957316994667,0.0105851264670491
Q9UUE5_O74398,0.0022217,0.013182,0.017404,0.1042669266462326,0.0058245244435966,0.0219747815281152
Q09176_O14021,0.0022126,0.012987,0.015967,0.3501753509044647,0.998429000377655,0.0005752426804974
Q92352_P52890,0.0022217,0.012937,0.015946,0.18366724252700806,0.002790224738419,0.0040828390046954
Q12381_P87053,0.0022699,0.013965,0.01607,0.031580980867147446,0.001039341208525,0.1250446289777755
Q1MTN3_O94687,0.36885,0.012944,0.044588,0.6400372385978699,0.0459575429558754,0.0021266818512231
P01129_O59790,0.003142,0.013087,0.016693,0.06401004642248154,0.6048117876052856,0.971791446208954
O36023_Q09116,0.048251,0.031616,0.052729,0.36227211356163025,0.998865008354187,0.018533419817686
Q10430_Q9UUB7,0.010304,0.078513,0.015962,0.13507267832756042,0.0126056633889675,0.9955306649208068
O74465_P50523,0.0022905,0.012986,0.015871,0.3432178497314453,0.0018143092747777,0.000507268239744
O13728_O74515,0.0021818,0.013001,0.015938,0.011721362359821796,0.0020068609155714,0.877253532409668
P87051_O14399,0.0031175,0.020121,0.14964,0.45691388845443726,0.0139270834624767,0.0055549354292452
Q9P805_O74531,0.002192,0.012953,0.016081,0.5711119771003723,0.0007594400667585,0.883446216583252
P87159_Q9P7G0,0.025309,0.013027,0.016976,0.013837303034961224,0.996619701385498,0.0087974676862359
Q10295_Q1MTN3,0.14058,0.012926,0.016505,0.07009103149175644,0.4047602415084839,0.0028381664305925
O74518_P34208,0.0021956,0.01295,0.015986,0.013206878677010536,0.0042653330601751,0.0194726530462503
O94687_Q92366,0.0021813,0.012933,0.016243,0.4067399501800537,0.0248673111200332,0.0227481666952371
O14129_P36585,0.002193,0.012951,0.015966,0.06937310099601746,0.0004372516705188,0.0047239800915122
O74774_O94376,0.0022066,0.013015,0.015933,0.011482720263302326,0.0011099386028945,0.0090836118906736
P0CT70_P10651,0.017839,0.01317,0.7117,0.24690885841846466,0.0019347961060702,0.0065283384174108
Q9UTI3_O94687,0.0021704,0.012952,0.015922,0.005325689446181059,0.0086894603446125,0.9671524167060852
P36601_O94620,0.0021996,0.014409,0.01606,0.01193113811314106,0.0003641746006906,0.5532050132751465
P79063_Q10428,0.002168,0.012988,0.015897,0.053302232176065445,0.0020900319796055,0.0156786553561687
P39964_O94309,0.0026135,0.012932,0.016483,0.004915091209113598,0.0099875107407569,0.93964821100235
O42661_Q09760,0.0022153,0.012972,0.015901,0.5200497508049011,0.0002188434300478,0.0017095991643145
P0CT68_O94450,0.0021847,0.012908,0.015886,0.6419252157211304,0.0014489035820588,0.0105987731367349
O74515_O59680,0.0022036,0.012947,0.015918,0.07436635345220566,0.0007878438336774,0.5587210059165955
P49731_Q9P7B7,0.0021996,0.012959,0.017732,0.018398722633719444,0.0008344301022589,0.0098020480945706
P28748_Q09717,0.0024245,0.018072,0.017227,0.07775364816188812,0.9979985356330872,0.0753723457455635
Q0E7J7_O42905,0.0021779,0.012945,0.015921,0.514352560043335,0.9960105419158936,0.0010562821989879
Q9USV3_Q09683,0.0021811,0.012921,0.015896,0.42935189604759216,0.0006477778078988,0.9216590523719788
P78953_Q02088,0.0022522,0.013096,0.015871,0.11293916404247284,0.0080490177497267,0.0012324854033067
O74991_P05501,0.0021926,0.013112,0.015843,0.0028585405088961124,0.0002494424115866,0.0011835632612928
O42995_O60187,0.0021925,0.01297,0.015926,0.29422006011009216,0.0043605393730103,0.0283134113997221
O42978_O74958,0.0021793,0.012974,0.015865,0.34339556097984314,0.0006390433991327,0.0097531015053391
Q10951_P25457,0.0021948,0.012922,0.016702,0.4721108376979828,0.9421585202217102,0.0499348193407058
O14021_P87310,0.0021991,0.01294,0.015912,0.0923488438129425,0.0020745913498103,0.0030117249116301
P07527_P87050,0.91585,0.013236,0.056574,0.15029290318489075,0.998565137386322,0.0021814436186105
O74803_P0CG72,0.0028454,0.014179,0.025013,0.28454747796058655,0.0271544959396123,0.9185508489608764
O74790_O14129,0.0022613,0.013023,0.015959,0.06947243213653564,0.0007465007947757,0.0026236122939735
O74471_O13684,0.0022107,0.012946,0.015935,0.03507394716143608,0.0007182805566117,0.0835970714688301
Q9P7B7_P06652,0.0022314,0.012932,0.022332,0.0927186831831932,0.0018847361207008,0.0012884186580777
Q9P782_P27638,0.0021766,0.012987,0.016116,0.1625104397535324,0.0005470781470648,0.9218483567237854
O42905_O13681,0.0055604,0.012918,0.016173,0.5195343494415283,0.0077625378035008,0.9933498501777648
O14230_Q1MTQ9,0.0021686,0.012924,0.015898,0.005900111980736256,0.0003463264147285,0.9836773872375488
Q9UU79_Q92358,0.0021787,0.012912,0.015864,0.3947618901729584,0.0018712939927354,0.0037143433000892
Q10477_O36019,0.09015,0.01293,0.022443,0.3516572415828705,0.0114917950704693,0.0023992538917809
P36595_P05734,0.0022,0.012962,0.017792,0.21885687112808228,0.991951823234558,0.9894146919250488
Q10428_P36617,0.0021913,0.013215,0.016031,0.2838953137397766,0.0014009679434821,0.0006481989985331
P40377_P50582,0.002759,0.012996,0.017219,0.09704528003931046,0.0010957906488329,0.8788613677024841
P36595_O13684,0.0021779,0.012944,0.016012,0.03276572376489639,0.0039707496762275,0.7958775758743286
O14021_O74804,0.0089382,0.013383,0.025905,0.33572259545326233,0.001413497608155,0.6559519171714783
Q9HE05_Q9Y7N2,0.0027242,0.012951,0.015931,0.1892106831073761,0.9984392523765564,0.0149504840373992
P52822_O74771,0.0021683,0.012931,0.015895,0.23037798702716827,0.0002920745464507,0.0002612142416182
Q9URY2_O94620,0.0023304,0.013286,0.015939,0.49232417345046997,0.0272966176271438,0.0058227302506566
Q10113_Q9UUE5,0.0022188,0.013017,0.015938,0.049395713955163956,0.0017394471215084,0.4740692973136902
Q92352_Q09914,0.0021935,0.013551,0.015938,0.00846308283507824,0.0004742700257338,0.1750492453575134
O42991_Q09761,0.0021861,0.01292,0.015954,0.31458404660224915,0.0064933127723634,0.0017191423103213
O42932_Q9USX8,0.0021949,0.012939,0.015917,0.5122469663619995,0.0008354535675607,0.9559731483459472
Q10113_P79005,0.051055,0.012961,0.015943,0.44230136275291443,0.0076489183120429,0.9558520317077636
O60164_P87176,0.010014,0.013138,0.028847,0.29248160123825073,0.0061009936034679,0.9799601435661316
P78789_Q10067,0.0022549,0.012959,0.016004,0.06462527811527252,0.0007112666498869,0.008016743697226
Q9P6Q6_O74978,0.0021986,0.012918,0.016074,0.26248982548713684,0.2277102321386337,0.8929218649864197
O94276_Q9Y7R3,0.01272,0.012938,0.020877,0.2112666517496109,0.0015976508148014,0.0015588543610647
P87051_O74560,0.0021816,0.012956,0.015909,0.3415151536464691,0.2658517360687256,0.0004418760945554
P07657_P79005,0.0021993,0.01295,0.015896,0.08836882561445236,0.0006569858524017,0.0020910236053168
O43120_O60150,0.0022046,0.012923,0.016022,0.5411227345466614,0.0006416597170755,0.0036521172150969
O42932_P87215,0.0022072,0.01295,0.015883,0.3305427134037018,0.0047550192102789,0.0809210166335105
P36614_O59945,0.0021679,0.01306,0.01977,0.04018331319093704,0.0048918058164417,0.0088605899363756
O13758_O74978,0.002364,0.012935,0.018504,0.2187516838312149,0.9977643489837646,0.1604581028223037
O13816_Q9P802,0.0021742,0.013005,0.015885,0.015715667977929115,0.0061205644160509,0.0047014369629323
Q9P784_O43120,0.0022094,0.012933,0.016061,0.3047028183937073,0.037404540926218,0.8083060383796692
P32434_O94603,0.0022021,0.013031,0.016079,0.11565297096967697,0.0013079870259389,0.5962855219841003
P87306_O74774,0.0021867,0.012947,0.017569,0.28940239548683167,0.9982563853263856,0.0557173155248165
P40995_Q9Y738,0.0021895,0.012921,0.015902,0.8324945569038391,0.0002979717974085,0.8492405414581299
P87245_O74517,0.003316,0.013095,0.015968,0.11026991158723831,0.0020971577614545,0.6091819405555725
Q9Y7L8_Q09933,0.0022056,0.013082,0.016015,0.3772489130496979,0.0004109682049602,0.0004947768175043
P36616_Q9P7P2,0.0031244,0.012975,0.016085,0.5255714058876038,0.0074739810079336,0.7605717778205872
O94603_Q10113,0.20909,0.012938,0.016054,0.22839932143688202,0.0455952174961566,0.0009094952256418
Q9Y794_Q9P7V3,0.0024495,0.01293,0.015902,0.11126343905925751,0.0007192477933131,0.0015395787777379
O14339_Q9P4W1,0.0025028,0.013085,0.015922,0.021704748272895813,0.0005750483833253,0.0208204798400402
O13826_P87176,0.33959,0.013251,0.023223,0.0045378846116364,0.998823583126068,0.0012271093437448
Q9Y7M4_Q9Y7N2,0.0022247,0.01298,0.015898,0.1321832686662674,0.0054402318783104,0.005734197795391
O94360_Q9USY3,0.002182,0.012915,0.015935,0.15353593230247498,0.0442246496677398,0.0009403286385349
P40996_P78953,0.53977,0.012935,0.016377,0.036467939615249634,0.993228018283844,0.0580821819603443
P36592_Q92372,0.0045841,0.012921,0.016454,0.17498105764389038,0.9990034699440002,0.4462733864784241
P78794_O74446,0.0022095,0.012923,0.015948,0.8010401129722595,0.0006905691116116,0.4989846646785736
G2TRP5_P36618,0.0023357,0.012965,0.015902,0.06227559223771095,0.000256029627053,0.0239145383238792
P33886_Q11120,0.0021752,0.01295,0.015917,0.13452868163585663,0.0036936830729246,0.9793230295181274
Q9P7M1_Q09150,0.002184,0.013263,0.017324,0.6565039753913879,0.0065416162833571,0.0074862549081444
O14235_Q9P7Y4,0.0021757,0.012926,0.015977,0.2494385689496994,0.0004414039431139,0.0006226635887287
P10651_Q10103,0.0022079,0.012944,0.02486,0.4307401776313782,0.0125035280361771,0.0202947873622179
O14170_P41411,0.0072897,0.013153,0.019723,0.17777583003044128,0.003577692201361,0.966297447681427
P10651_P40381,0.0031219,0.012966,0.030547,0.013799179345369339,0.9988442659378052,0.0002536855172365
P87215_O74747,0.0021748,0.013094,0.015895,0.4099043607711792,0.0089330310001969,0.4937198162078857
O59945_Q10067,0.0021814,0.013094,0.015946,0.47980964183807373,0.0017082886770367,0.093353271484375
P41412_O74791,0.0022086,0.013186,0.016532,0.4012138545513153,0.0109820673242211,0.3275001645088196
P40996_O74904,0.0021904,0.01293,0.015914,0.39842212200164795,0.0003768453316297,0.0293253604322671
O42634_Q09906,0.0021807,0.012923,0.015878,0.2568306028842926,0.000226300995564,0.0171355586498975
Q9USV1_Q9P7J8,0.0022947,0.012972,0.016193,0.014983518980443478,0.0004486819379962,0.0013434982392936
O94321_O94581,0.0021826,0.012934,0.015871,0.011750800535082817,0.0002867520961444,0.2118846029043197
O43080_O74360,0.0021794,0.012926,0.015892,0.29266342520713806,0.0003787245659623,0.0005087104509584
Q01112_O42832,0.0024396,0.014363,0.016504,0.2509293258190155,0.0004660430713556,0.1688284575939178
P78963_O13728,0.0021674,0.012992,0.015933,0.06446780264377594,0.0005370526341721,0.0020144914742559
O42846_P34208,0.0021983,0.012943,0.015913,0.08741018176078796,0.0004376864235382,0.8792933225631714
O74560_Q09760,0.0023729,0.012993,0.016121,0.11659428477287292,0.0103683667257428,0.0012532531982287
Q9HE05_Q09892,0.0022057,0.013099,0.017364,0.45502588152885437,0.0201118327677249,0.3281538486480713
P39964_Q09808,0.0021838,0.012924,0.015995,0.13480597734451294,0.0063209710642695,0.3515786826610565
O74433_O74517,0.002191,0.012915,0.015903,0.5082736015319824,0.0023157109972089,0.1207996681332588
O94542_Q9HGQ3,0.0021901,0.012935,0.015964,0.1775003969669342,0.049589067697525,0.2983920276165008
P36617_Q9URY0,0.0022719,0.013175,0.016063,0.5169586539268494,0.0004104645340703,0.2086594253778457
O74804_O74958,0.0022258,0.013072,0.016131,0.25340214371681213,0.0386822633445262,0.7774856090545654
C6Y4D0_O74796,0.0021858,0.012939,0.015981,0.04978543892502785,0.0173798184841871,0.0065911174751818
P78761_P04910,0.0023068,0.013015,0.015944,0.04930403083562851,0.0004414338327478,0.9854355454444884
O43071_O13684,0.0022544,0.013028,0.01597,0.018865851685404778,0.020059572532773,0.0075600673444569
P36582_P36601,0.0021948,0.013058,0.016103,0.1548420637845993,0.000745934783481,0.0003287913859821
O74184_O74774,0.0022182,0.014765,0.0165,0.09640338271856308,0.0046348739415407,0.0528284795582294
O13816_Q9Y7J4,0.0021738,0.013065,0.015923,0.4903136193752289,0.0056121302768588,0.0554805062711238
P0CT70_Q09914,0.0021878,0.012963,0.016275,0.11700629442930222,0.0002901569823734,0.0019134379690513
P41411_Q9UTA4,0.0022296,0.012936,0.016041,0.07251577079296112,0.0095044365152716,0.0045337891206145
O14241_O94288,0.0021872,0.012954,0.01592,0.059793341904878616,0.0061648013070225,0.0128479544073343
O74398_Q10271,0.002183,0.012949,0.015963,0.041125427931547165,0.0010448461398482,0.0007384992204606
P17937_P08965,0.0021885,0.012922,0.015934,0.4291611611843109,0.0017484424170106,0.1263556033372879
O94534_Q9URY2,0.88603,0.096,0.016212,0.004006030969321728,0.0237001664936542,0.0029184822924435
Q9P7B7_P52890,0.0022459,0.013104,0.01602,0.16762249171733856,0.0005095038795843,0.0002734091831371
O74311_Q09760,0.0021696,0.012987,0.015951,0.03727421909570694,0.0006103310734033,0.0015020916471257
O13688_Q09760,0.0026124,0.013058,0.017625,0.5278799533843994,0.0208065062761306,0.0010609617456793
Q09685_O13852,0.0021817,0.01293,0.015923,0.09494975954294205,0.0501261129975318,0.8877962231636047
Q9USJ7_P0C5Y7,0.0022398,0.013,0.015948,0.28960171341896057,0.0020603400189429,0.0003858700802084
O42991_Q9UTA4,0.0021944,0.012911,0.016655,0.038048893213272095,0.0185428019613027,0.2621193528175354
P29458_O94288,0.0056044,0.013182,0.016922,0.3494341969490051,0.0016709896735846,0.0008799012866802
Q10316_Q92372,0.0021788,0.012936,0.015927,0.5273424983024597,0.9989487528800964,0.0014292118139564
Q10316_Q9Y7L8,0.0021764,0.012938,0.015917,0.014689458534121513,0.0016815459821373,0.0554205030202865
O14011_O59767,0.0025071,0.013453,0.01936,0.051511842757463455,0.0028497469611465,0.0013670535990968
O13681_Q9Y7R3,0.0067703,0.012916,0.017365,0.3341471552848816,0.0005159168504178,0.0162140652537345
P41005_Q9URY0,0.034663,0.01296,0.018945,0.4364805519580841,0.0140857342630624,0.0022041648626327
O14064_O74774,0.0021921,0.012999,0.12786,0.03831280767917633,0.0021797502413392,0.0350898392498493
Q9P7Y4_P87245,0.0022166,0.01298,0.016163,0.35884132981300354,0.0026671497616916,0.8318130373954773
O14235_P08647,0.0022084,0.016503,0.017175,0.17353087663650513,0.0040300250984728,0.9355812072753906
O74499_P41411,0.0022017,0.012969,0.015882,0.06237736716866493,0.0005951171624474,0.0057220915332436
O13685_O74983,0.002213,0.56842,0.06843,0.03657159581780434,0.99537992477417,0.0934209749102592
O94288_O94547,0.03767,0.013136,0.016376,0.5082724094390869,0.0018338905647397,0.0005232008988969
O74790_Q9UST6,0.0021979,0.012987,0.015906,0.32913634181022644,0.0045652966946363,0.0163174122571945
Q09154_P32372,0.0022805,0.012991,0.015983,0.14370252192020416,0.0002748684200923,0.1139481589198112
O14064_Q10271,0.0021918,0.012929,0.015966,0.16223777830600739,0.0185507535934448,0.0010215315269306
O14399_O74718,0.0023815,0.013182,0.022336,0.3091159760951996,0.0003731636388693,0.0012606070376932
P40995_P41410,0.072084,0.01387,0.016535,0.010274114087224007,0.0081947082653641,0.1709297448396682
O94687_O74558,0.0022025,0.012917,0.01592,0.556399941444397,0.0024418102111667,0.3556045591831207
P87238_Q09150,0.0021846,0.012992,0.015942,0.10491008311510086,0.0005460747051984,0.0008400048245675
Q9UUB5_O13826,0.014183,0.012973,0.016036,0.2914482653141022,0.0005040552932769,0.9641110897064208
O13286_P10815,0.86628,0.013032,0.025632,0.15964461863040924,0.0313679687678813,0.0011405211407691
P40371_Q9UTF6,0.002175,0.012928,0.015881,0.5612822771072388,0.0002736407914198,0.7480220198631287
O59734_O14399,0.052374,0.25253,0.015983,0.34414026141166687,0.0002260344481328,0.0003775277582462
O59751_Q9URY0,0.002761,0.013926,0.028844,0.17598824203014374,0.0017270944081246,0.0004037780163343
Q9C0Z9_P87309,0.0021953,0.012925,0.015969,0.19649218022823334,0.001289518084377,0.2210908979177475
Q10428_O13916,0.0022174,0.012974,0.015892,0.3074326813220978,0.0020984553266316,0.9858437776565552
O43036_O13672,0.0021861,0.012946,0.015898,0.10476963222026825,0.9983593821525574,0.0078853936865925
O42954_O94707,0.39187,0.012936,0.018781,0.3394795358181,0.9964020252227784,0.0023083910346031
O94658_Q9UT76,0.0022475,0.012962,0.015912,0.2698064148426056,0.0003446541959419,0.0024383303243666
G2TRP5_O14229,0.0023663,0.013054,0.0159,0.029292022809386253,0.0013219051761552,0.3263856768608093
O14246_P04551,0.0022116,0.01297,0.016098,0.5356495380401611,0.9968920350074768,0.0166549477726221
O94542_Q9UUA8,0.0022212,0.012923,0.015939,0.27713024616241455,0.9976552724838256,0.981806755065918
Q96TL7_Q9UUB5,0.018749,0.012924,0.017136,0.020531948655843735,0.887370765209198,0.0139947272837162
O14459_O14036,0.0048955,0.013264,0.016015,0.3083043098449707,0.0005788156413473,0.0013386281207203
Q9Y794_Q10429,0.0046885,0.013415,0.019617,0.15399178862571716,0.0041329474188387,0.0108341863378882
O14329_Q10951,0.0022195,0.012926,0.016029,0.24929280579090118,0.0012790996115654,0.9672850966453552
P56288_O43071,0.002231,0.013097,0.015947,0.22643806040287018,0.9976639747619628,0.0008582673617638
P04910_P78929,0.0022703,0.013044,0.01629,0.1859540045261383,0.0003053544496651,0.5907586216926575
Q9HE05_Q10429,0.0050095,0.013767,0.016666,0.01604985073208809,0.9977230429649352,0.5477397441864014
O13964_Q9UT86,0.0022296,0.013022,0.015857,0.5310736298561096,0.0002611798408906,0.6388246417045593
Q1MTN3_O74483,0.0021657,0.012971,0.01589,0.062445539981126785,0.0197194460779428,0.9529197812080384
O74515_Q9URX6,0.0022056,0.012938,0.017048,0.19635096192359924,0.0016948056872934,0.41648730635643
O13681_O59680,0.0025571,0.012955,0.015948,0.15177182853221893,0.0010939685162156,0.0006678616045974
O74175_O59836,0.0022129,0.012917,0.016323,0.02227497287094593,0.0040906723588705,0.0159280076622962
Q9USR7_O94684,0.0022066,0.012971,0.016093,0.002738534240052104,0.0006526016513817,0.4605742394924164
Q92352_Q9HDY7,0.0022125,0.012926,0.016195,0.2595526874065399,0.0074256658554077,0.994552195072174
O74978_Q09717,0.0021974,0.012937,0.016018,0.28782662749290466,0.0004121114034205,0.4670677483081817
P52822_P87323,0.0021827,0.012921,0.015933,0.007676150184124708,0.0003421365108806,0.9284279346466064
P50524_Q9P7X1,0.0021799,0.012928,0.015916,0.40796369314193726,0.0002466675359755,0.0017990504857152
Q9P7W4_Q9URY2,0.019028,0.013559,0.015975,0.40886253118515015,0.0038158840034157,0.7689193487167358
O60187_Q9HGQ3,0.0022212,0.012957,0.015935,0.05074664205312729,0.0019430270185694,0.0008126805769279
P78946_P46595,0.0021882,0.012971,0.015882,0.0929848924279213,0.000232974300161,0.2986998260021209
O74991_O13978,0.0021694,0.012948,0.015895,0.002051740186288953,0.0009922718163579,0.0010769889922812
O14036_O74531,0.0022066,0.013045,0.015922,0.29370394349098206,0.0002681413316167,0.0004211926425341
P36595_P87126,0.0022088,0.013016,0.017066,0.04074931517243385,0.9983605742454528,0.0046923733316361
O74895_P10815,0.0021703,0.012909,0.015973,0.7019659280776978,0.001326011493802,0.0005752245779149
O74653_P10989,0.0021813,0.013058,0.016026,0.049972668290138245,0.0316159799695014,0.024168150499463
O14122_P04551,0.0021834,0.01298,0.017459,0.08238140493631363,0.0014978459803387,0.5764144062995911
O74772_P87074,0.0021931,0.012921,0.015967,0.6230718493461609,0.0439065173268318,0.9578205943107604
Q09170_P40372,0.0022108,0.012961,0.015943,0.011956854723393917,0.000453444343293,0.9627729654312134
O75011_O36027,0.11907,0.013544,0.016022,0.12476474046707153,0.9983304142951964,0.0006849577766843
O60158_P12000,0.0021968,0.012931,0.017882,0.15183298289775848,0.0010581046808511,0.96546071767807
O13712_O60016,0.0038233,0.012929,0.02388,0.5494789481163025,0.0029282490722835,0.00478380266577
Q9URX6_Q10316,0.0021841,0.012929,0.015903,0.24785473942756653,0.0005031034233979,0.7780610918998718
O14036_P05764,0.0022243,0.01303,0.015919,0.01307221781462431,0.0002554261591285,0.3658233284950256
Q9UT72_P56287,0.0090921,0.012988,0.015972,0.34401461482048035,0.0005973507650196,0.9929699301719666
Q09772_O13985,0.0024938,0.014959,0.037822,0.2212764322757721,0.9957259893417358,0.065970093011856
Q06182_Q9UTA4,0.0021883,0.012943,0.016045,0.1031838059425354,0.0368259884417057,0.9349559545516968
Q10056_O14180,0.0021824,0.012976,0.015981,0.13648205995559692,0.0067599592730402,0.001091934624128
O59790_Q1MTN3,0.003014,0.01298,0.016324,0.7215108275413513,0.0523352771997451,0.9511156678199768
P52890_Q12701,0.61446,0.013086,0.020874,0.10183138400316238,0.9957793951034546,0.7381273508071899
O43080_Q9UTI3,0.0022117,0.012997,0.015904,0.2351788580417633,0.0004468449333216,0.0925289839506149
O13758_Q9P779,0.090466,0.022336,0.015964,0.22767002880573273,0.0016323406016454,0.1009058952331543
P46595_P36613,0.0021811,0.012992,0.01588,0.799938976764679,0.0006098682642914,0.9655538201332092
P78963_Q09825,0.0022047,0.012941,0.016004,0.14396604895591736,0.0022745348978787,0.0496124364435672
Q10366_Q9UUJ4,0.0022119,0.012936,0.016016,0.3832237422466278,0.0152411768212914,0.0818988978862762
O43070_Q9UUJ4,0.0022058,0.012922,0.016087,0.04926462098956108,0.9978431463241576,0.0037701262626796
P10815_P40848,0.16619,0.012927,0.021074,0.09184718877077103,0.0005503993597812,0.0005232215626165
Q9P7X1_Q7LL14,0.0021866,0.012938,0.015935,0.25915443897247314,0.0003368142060935,0.0013787242351099
P41410_O13828,0.04357,0.012978,0.023193,0.14124815165996552,0.012412691488862,0.0017182538285851
O14230_Q9P7P2,0.0021861,0.012949,0.015925,0.18340657651424408,0.048965897411108,0.0022250812035053
Q9P7F9_P40372,0.0022305,0.012932,0.015971,0.29319441318511963,0.0002221029280917,0.0035966788418591
Q9P7A0_Q9P7J8,0.0022559,0.012966,0.016234,0.19111396372318268,0.000514494953677,0.0125380996614694
O36023_Q9P7Q8,0.002193,0.013242,0.01593,0.028642665594816208,0.0143901510164141,0.0045224796049296
O43070_Q12126,0.0032479,0.012965,0.016263,0.1840827465057373,0.0012079115258529,0.0088987164199352
P87169_P79063,0.0021787,0.012952,0.015887,0.29880964756011963,0.0005216751014813,0.0004102776874788
P41889_Q6BDR8,0.002209,0.013033,0.015971,0.3164500296115875,0.0156918689608573,0.9845206141471864
Q10173_O13889,0.0022499,0.01297,0.015896,0.3482683598995209,0.235651209950447,0.0677040517330169
O94646_O60052,0.0022286,0.012974,0.015925,0.4610457718372345,0.000286744965706,0.0025075387675315
P48009_Q9C107,0.0022369,0.015742,0.016105,0.028145387768745422,0.0015479848952963,0.0074121300131082
O59793_P40984,0.0021768,0.012957,0.015901,0.12767377495765686,0.0011627227067947,0.9671616554260254
Q09819_O74957,0.0021885,0.01298,0.016026,0.11047030985355377,0.009775523096323,0.0347229391336441
Q9UUB5_Q9P3B2,0.0022009,0.012917,0.015876,0.3846897482872009,0.0005301940836943,0.0085090696811676
O14010_Q02088,0.0024154,0.059919,0.015922,0.08787966519594193,0.0003780216793529,0.0009763955604285
Q09882_O59680,0.0022376,0.012966,0.01593,0.05767730996012688,0.0037748934701085,0.0016029922990128
O94705_P08965,0.0022221,0.012922,0.015872,0.4151052236557007,0.0014451912138611,0.0077666295692324
O14350_O94244,0.0022146,0.013828,0.029879,0.4373931884765625,0.918471336364746,0.0318939164280891
O94326_O42978,0.0021828,0.012977,0.015878,0.1085456982254982,0.0064896745607256,0.0051408987492322
Q9Y7M6_P40380,0.0022412,0.012917,0.015881,0.2639884054660797,0.0104164509102702,0.0011397250927984
Q9USM8_O94238,0.0022239,0.012941,0.015933,0.35491105914115906,0.0004502118972595,0.2811458706855774
Q09685_Q96WW3,0.0022053,0.012916,0.016436,0.17093217372894287,0.0518658086657524,0.0004367711371742
O60129_O74446,0.0022481,0.012927,0.015935,0.14551042020320892,0.0147438514977693,0.0043985191732645
P32372_O60129,0.93207,0.012937,0.018895,0.060806453227996826,0.0531952418386936,0.0151756098493933
O14011_P50524,0.0022061,0.01307,0.016049,0.026456737890839577,0.0012496088165789,0.004921328742057
O74791_P40371,0.0021943,0.012962,0.015942,0.09119873493909836,0.0009445372852496,0.0292171258479356
O43071_O94326,0.0091527,0.012942,0.018367,0.024319030344486237,0.1059969216585159,0.1350581645965576
Q9P6R1_Q9Y794,0.0023068,0.013201,0.015987,0.11369440704584122,0.0004003835201729,0.9845404028892516
O74483_Q10272,0.0021863,0.012984,0.016006,0.01700603775680065,0.0003098382730968,0.1825828850269317
Q10113_Q9P7X1,0.0021759,0.012951,0.015919,0.11620347201824188,0.0002770975988823,0.0024343102704733
O42995_P12000,0.0021693,0.012986,0.015925,0.5863410830497742,0.0528747737407684,0.0753036811947822
Q09763_P41411,0.13801,0.01303,0.01706,0.1588059812784195,0.0312624536454677,0.0004285335016902
O59703_O59734,0.00275,0.012996,0.015878,0.05335816740989685,0.0003111888072453,0.8843390941619873
O94609_Q9HE05,0.0021715,0.012986,0.016,0.07276482880115509,0.0741041973233223,0.00058475357946
P78794_P79071,0.0022379,0.01292,0.016551,0.05023675784468651,0.0406097657978534,0.0811877846717834
P04551_O74533,0.0021849,0.012973,0.01594,0.29282814264297485,0.0002419364755041,0.0226844288408756
O14140_O74825,0.0022398,0.012977,0.015924,0.13378430902957916,0.0016989178257063,0.4544066190719604
Q9USZ6_Q12126,0.0021782,0.012976,0.015917,0.6796236038208008,0.0003724318812601,0.4696088433265686
Q9US52_Q10366,0.0022045,0.012925,0.01599,0.41577407717704773,0.0106187341734766,0.940730631351471
O74360_Q01112,0.002294,0.013981,0.016513,0.05067147687077522,0.0196269918233156,0.8874458074569702
Q9UTP0_P87306,0.0021654,0.012971,0.015877,0.1046733409166336,0.0011158734560012,0.9418368339538574
P0CT68_P50582,0.0021822,0.012937,0.015923,0.03824783116579056,0.0037401148583739,0.4825177788734436
Q9UU79_O43120,0.002205,0.012944,0.01905,0.46515092253685,0.9986661672592164,0.0009092084364965
Q9P7G0_Q9Y709,0.0021674,0.012935,0.015901,0.496165007352829,0.0019249208271503,0.9152919054031372
O74309_O74985,0.0022514,0.013766,0.045538,0.18041446805000305,0.0076715280301868,0.0050708530470728
P36582_Q12701,0.0045269,0.018952,0.22309,0.2569578289985657,0.9979743361473083,0.0005947423633188
Q874R3_P87238,0.0021774,0.012978,0.01589,0.3799843192100525,0.0021002036519348,0.0698248818516731
Q53EK2_P87309,0.0021823,0.012981,0.015901,0.1454228013753891,0.0032861158251762,0.0011521576670929
Q92352_Q9UT86,0.0021895,0.013049,0.015856,0.19795647263526917,0.0003329748287796,0.0158213302493095
O74966_Q9UT46,0.0022119,0.012988,0.015882,0.7895102500915527,0.0016101818764582,0.8492615222930908
O42975_Q10322,0.0022045,0.01415,0.016094,0.0489666610956192,0.0020335093140602,0.0100588044151663
Q9UST6_Q4PIR3,0.39506,0.020866,0.015967,0.592227041721344,0.9984487295150756,0.0672231614589691
O94752_O13964,0.0021915,0.012944,0.015896,0.030874548479914665,0.0004018018953502,0.0021433981601148
O59702_O13936,0.0021762,0.012989,0.015959,0.08932829648256302,0.9838111996650696,0.0206915754824876
O13877_O59702,0.0021958,0.012984,0.015903,0.4669288396835327,0.0003637032641563,0.0043403762392699
O60150_Q09763,0.0022274,0.012933,0.015949,0.4914260804653168,0.0147591801360249,0.0103717288002371
O74957_Q10103,0.0021864,0.012932,0.016169,0.5062668323516846,0.0046264915727078,0.011624252423644
O60104_Q9Y7R3,0.025003,0.012956,0.020095,0.021521853283047676,0.998855710029602,0.0053652701899409
Q9P779_O42846,0.0022139,0.012927,0.015903,0.04995571821928024,0.0003691728634294,0.0590410307049751
P27584_Q00619,0.002222,0.013078,0.021794,0.017979996278882027,0.0019333426607772,0.0021710754372179
Q9UT86_Q9UT46,0.0021841,0.013095,0.42942,0.21622201800346375,0.000833771598991,0.3017794787883758
O94534_Q09698,0.19662,0.014865,0.030277,0.21636196970939636,0.0346814803779125,0.0183279011398553
O74747_O94476,0.002177,0.013018,0.015897,0.36056816577911377,0.0002765842364169,0.0111458208411932
O14230_O42991,0.0021706,0.01292,0.015905,0.038776032626628876,0.0003057797730434,0.9729260206222534
P34208_O94646,0.0022292,0.012968,0.015981,0.5245695114135742,0.000477753666928,0.9841408729553224
P78794_O14246,0.0029895,0.012923,0.01829,0.04495326429605484,0.9975743889808656,0.9598923921585084
Q10477_P36582,0.0076348,0.013333,0.016082,0.00800271425396204,0.0007904329686425,0.0018386791925877
C6Y4D0_Q9USG6,0.0021865,0.012942,0.015893,0.1952192783355713,0.0002869804447982,0.0228031445294618
Q92366_Q9C0Z9,0.0023035,0.012948,0.016163,0.29344600439071655,0.0019248586613684,0.0026175314560532
P87027_P36601,0.0042671,0.019699,0.031364,0.07604064792394638,0.0002512325299903,0.4147549569606781
O59767_Q9UT32,0.002201,0.012973,0.018932,0.029165633022785187,0.0021877142135053,0.041518110781908
O74465_P05764,0.0021982,0.012928,0.015925,0.24810181558132172,0.0252241287380456,0.0006473668036051
O94285_O74560,0.0021753,0.012963,0.016022,0.007250356487929821,0.0034475978463888,0.8682443499565125
Q9UT52_O74555,0.0021973,0.013005,0.01598,0.3174827992916107,0.0034875546116381,0.9396323561668396
Q9P4W1_Q03392,0.0024781,0.013144,0.015881,0.14023755490779877,0.0020871884189546,0.8540523648262024
P79065_O94272,0.0021831,0.013023,0.015939,0.21859778463840485,0.0077791810035705,0.9836980104446412
O94321_O94444,0.0021748,0.012937,0.015881,0.18190018832683563,0.0007946789264678,0.0012703230604529
O13877_P36622,0.0022209,0.012955,0.015914,0.24003547430038452,0.000237603104324,0.976965308189392
Q10198_Q10109,0.82569,0.01296,0.015992,0.1669866293668747,0.0017809938872233,0.9741432666778564
P33886_P79010,0.0021979,0.012981,0.01594,0.1345270276069641,0.0009923498146235,0.644891619682312
Q1MTN3_O94272,0.0021624,0.012963,0.015915,0.13458946347236633,0.8851779103279114,0.9171659350395204
P87053_Q10218,0.064034,0.013123,0.016113,0.06526513397693634,0.0210161507129669,0.9522761106491088
O13688_A6X980,0.0033182,0.012921,0.016281,0.2702612578868866,0.9988521337509156,0.0007571200840175
O74803_O74499,0.002738,0.013108,0.01605,0.20129311084747314,0.0002488049212843,0.5086175799369812
O14064_P36616,0.010862,0.012974,0.016311,0.3716365396976471,0.9972937703132628,0.0198512151837348
O60052_P50530,0.002195,0.013155,0.016314,0.13374559581279755,0.0044368770904839,0.0796786621212959
Q96WW3_P40377,0.0021928,0.012971,0.017124,0.003887595608830452,0.0065678292885422,0.0054887202568352
Q10113_Q1MTQ1,0.23847,0.071998,0.016041,0.44578996300697327,0.0012831013882532,0.0005771965370513
Q09177_O59751,0.0021906,0.013008,0.01589,0.23445330560207367,0.0002747141115833,0.0021907777991145
P10815_Q96TL7,0.87229,0.012927,0.065543,0.44209590554237366,0.236696571111679,0.0113828526809811
P79010_Q09822,0.0021868,0.012992,0.015979,0.07599180191755295,0.0003560523327905,0.0027609840035438
P0CT60_Q92358,0.0021788,0.012916,0.01588,0.11386419832706451,0.000826261122711,0.7889845371246338
P40235_Q10113,0.020072,0.012994,0.017885,0.05564624443650246,0.0147747844457626,0.2747553884983063
P12000_Q10163,0.0022063,0.012958,0.015942,0.19091883301734924,0.0005384129472076,0.6923631429672241
O13782_O13964,0.0022252,0.012959,0.015944,0.23786666989326477,0.0007607681327499,0.020439313724637
O13615_Q9US45,0.0022049,0.013033,0.015965,0.18089742958545685,0.0025522254873067,0.0006059489096514
O74988_P56523,0.0022684,0.012996,0.015904,0.5300254821777344,0.0006010588840581,0.0448396280407905
P87323_Q96WV9,0.82002,0.01299,0.01678,0.5998712182044983,0.3664095997810364,0.0024086174089461
O74804_P12000,0.0021833,0.012994,0.016021,0.42862841486930847,0.0021156982984393,0.773221492767334
O74558_Q6BDR8,0.0022378,0.012916,0.016047,0.6728237271308899,0.0005301766796037,0.0099423034116625
Q9Y7M6_O74988,0.0022488,0.012951,0.015893,0.5281526446342468,0.000376945012249,0.0018042309675365
P0CT70_O14269,0.0021723,0.012937,0.015936,0.128490149974823,0.0012344497954472,0.944029986858368
P07334_P07527,0.90987,0.013375,0.062842,0.13320858776569366,0.97198224067688,0.0105192298069596
P10506_Q96WV9,0.006408,0.017787,0.21031,0.14939327538013458,0.9980679154396056,0.7135462164878845
O59945_Q09933,0.0021638,0.013865,0.015928,0.02425794117152691,0.0106754656881093,0.0050058672204613
P50528_P78953,0.88744,0.012967,0.016694,0.03698224946856499,0.9970723390579224,0.1786328852176666
Q10366_Q9HGQ3,0.0021992,0.01297,0.015941,0.00558085972443223,0.0011451652972027,0.1368015259504318
P41889_O59703,0.002181,0.013221,0.018841,0.08608086407184601,0.0014068686868995,0.8728291392326355
O74774_Q10477,0.0021919,0.012947,0.017201,0.06993669271469116,0.0016739522106945,0.0019097287440672
O13681_Q92366,0.0021965,0.012934,0.015943,0.29003649950027466,0.0082812570035457,0.0076337591744959
O74471_O43071,0.0021903,0.013093,0.015911,0.10582391917705536,0.8811495304107666,0.979377269744873
P36585_Q9P7V3,0.0022043,0.012964,0.015985,0.19335661828517914,0.0003125228686258,0.0012796334922313
Q10428_O13852,0.0021883,0.01298,0.015898,0.41850292682647705,0.0203667804598808,0.1104946732521057
Q00619_Q9USV1,0.0046875,0.012924,0.016069,0.0375404879450798,0.0005228621303103,0.0059145274572074
P28748_O14229,0.0022011,0.01303,0.016218,0.3752647042274475,0.0002772246953099,0.000560172018595
P41410_Q9UT32,0.0022399,0.012949,0.020857,0.05653548240661621,0.0100990729406476,0.0062400996685028
P09988_Q12701,0.0021913,0.013047,0.016422,0.3299151659011841,0.0005373688181862,0.0014903985429555
P28748_Q09772,0.0064702,0.026023,0.042267,0.16749119758605957,0.000619422935415,0.7727457284927368
P05501_O14235,0.0021869,0.012935,0.015853,0.053047772496938705,0.0002576020779088,0.9839088320732116
P36617_Q10282,0.002214,0.01318,0.015974,0.04607134684920311,0.0011147386394441,0.5893685817718506
Q9Y7M6_O74958,0.0021795,0.012915,0.015871,0.3483932912349701,0.018397195264697,0.6868385076522827
O74398_P49731,0.25064,0.013014,0.017637,0.47183477878570557,0.0008216922869905,0.0011317958123981
Q10317_O14097,0.0021867,0.012943,0.015914,0.029030360281467438,0.0048362370580434,0.1183997616171836
O59751_P33520,0.66313,0.013806,0.019034,0.04302426427602768,0.0012588306562975,0.9011797308921814
P0CU09_P41005,0.003243,0.012915,0.015951,0.6641674637794495,0.0209298860281705,0.012149030342698
O60158_O13964,0.0022045,0.012972,0.01591,0.23658037185668945,0.000409143482102,0.0015518891159445
P40997_O74483,0.0021852,0.012972,0.0159,0.012410255149006844,0.0004426436207722,0.0014880301896482
O59702_O74771,0.0021668,0.013219,0.015931,0.1519225686788559,0.0004284773312974,0.990839660167694
P36595_Q9Y7J4,0.0021844,0.012925,0.015912,0.5410702228546143,0.005460481159389,0.9410372972488404
O74536_O94285,0.0021904,0.013247,0.016003,0.0358477383852005,0.0018656229367479,0.0010003757197409
P87306_P50582,0.0033978,0.012981,0.016473,0.1891210824251175,0.0017293961718678,0.4008426070213318
O75001_O60164,0.0021976,0.012928,0.018695,0.3237377405166626,0.0101071475073695,0.2391842305660247
Q96WV9_Q9Y7J4,0.0021793,0.012963,0.016247,0.04971686005592346,0.0089471880346536,0.0032033084426075
P28829_P36622,0.0036176,0.012985,0.016159,0.04131472483277321,0.0088647445663809,0.51349937915802
P40848_P87027,0.0024567,0.013155,0.016013,0.04926269128918648,0.0005653761909343,0.994985818862915
A6X980_O42975,0.0028799,0.013006,0.018662,0.09098783880472183,0.7332714200019836,0.0004720622964669
P01129_P05734,0.0021746,0.013036,0.016072,0.3111981451511383,0.0022110203281044,0.4110307693481445
Q09823_Q9P7P2,0.16543,0.0131,0.14089,0.059957947582006454,0.997878909111023,0.0054412405006587
O94609_P07657,0.0022112,0.012985,0.015903,0.3039499521255493,0.0003080845053773,0.4100501835346222
O14129_P36592,0.0022148,0.012977,0.01644,0.09060627222061157,0.0018852594075724,0.001736914506182
Q10316_P50582,0.0021852,0.012937,0.015914,0.0898449644446373,0.0021880068816244,0.0038248179480433
P40995_O60164,0.0023089,0.012934,0.016033,0.2711960971355438,0.0096844928339123,0.9620901942253112
P78929_P05764,0.0021966,0.012941,0.015877,0.042610689997673035,0.0006445081671699,0.3946689069271087
O14010_O42832,0.0022024,0.012924,0.015891,0.3272300958633423,0.0065316795371472,0.0014797652838751
Q9URY2_O13782,0.0022503,0.013684,0.015992,0.24879945814609528,0.0048543964512646,0.0087770763784646
O74517_P09322,0.0022586,0.012938,0.01693,0.2521528899669647,0.9985924363136292,0.0029082598630338
P0CH07_Q03392,0.0021814,0.013014,0.015898,0.26701268553733826,0.0014463189290836,0.9885290265083312
P30261_Q03392,0.0021706,0.012921,0.015882,0.44922906160354614,0.9987609386444092,0.0027039006818085
O36027_Q874R3,0.0021745,0.013177,0.01591,0.21731393039226532,0.0101584177464246,0.0027027707546949
O59767_Q9Y7M6,0.0021904,0.012945,0.015892,0.22209113836288452,0.0041223764419555,0.0223147608339786
P05733_Q09914,0.0031195,0.013002,0.015951,0.18375790119171143,0.0003692930622491,0.1844659447669983
P87314_Q10343,0.0021907,0.012976,0.015993,0.5277038812637329,0.027742862701416,0.0843680202960968
P36585_O94244,0.0021876,0.012959,0.015937,0.529785692691803,0.0008746160310693,0.0001882870710687
O13681_P87323,0.004008,0.012941,0.016048,0.4759511649608612,0.0005292817368172,0.0002979238051921
Q96TL7_Q10668,0.74613,0.012929,0.093763,0.34908169507980347,0.9988914132118224,0.0005349232815206
Q10159_P87312,0.0021741,0.013138,0.015962,0.2753864526748657,0.0020751068368554,0.0009836348472163
O14318_Q9P7V3,0.010238,0.044046,0.01592,0.22231093049049377,0.9972355961799622,0.4181663393974304
O43071_Q09177,0.0021985,0.012952,0.015885,0.5554594397544861,0.0049576209858059,0.3089992105960846
Q1MTN3_P01129,0.91368,0.013047,0.072347,0.039107538759708405,0.9987008571624756,0.0391221232712268
O14021_Q9USJ7,0.0028148,0.013858,0.016408,0.08642840385437012,0.0046990364789962,0.0041067493148148
Q9USL5_P42656,0.0021712,0.013241,0.015921,0.08230379223823547,0.0002523587027098,0.0190789904445409
P79071_P50582,0.002224,0.012946,0.015939,0.279852032661438,0.0005362620577216,0.872635006904602
O14235_O14064,0.0022032,0.012927,0.015926,0.016270840540528297,0.0170099530369043,0.8721827268600464
P79063_O14352,0.0022156,0.013002,0.015965,0.037015292793512344,0.0003819742414634,0.0039521884173154
Q9P6M0_O94321,0.0022688,0.012924,0.016233,0.4272216856479645,0.0056657344102859,0.4197129607200622
Q9HGQ3_Q0E7J7,0.0021955,0.013183,0.01593,0.32023030519485474,0.0046800072304904,0.0037331725470721
O42975_O74531,0.0025464,0.013789,0.068038,0.21571852266788483,0.0026350589469075,0.5921666622161865
O94355_O13615,0.0021895,0.012925,0.015941,0.2717168629169464,0.0129692573100328,0.0035234570968896
Q9UUA8_O74747,0.0022021,0.013168,0.015896,0.40377405285835266,0.0005386940320022,0.0082687344402074
O94616_Q10113,0.0022075,0.012958,0.015913,0.23487339913845062,0.0003217397606931,0.3643230199813843
O59793_Q9USP9,0.31556,0.012958,0.016504,0.17188690602779388,0.001409952295944,0.4165162146091461
O94687_O94542,0.0034233,0.012918,0.018954,0.21910914778709412,0.3321831822395324,0.0021221924107521
P10989_Q02088,0.002871,0.013057,0.015889,0.043553974479436874,0.0033936465624719,0.9705373644828796
O13310_O75011,0.037469,0.026902,0.25847,0.4611056447029114,0.9952882528305054,0.0093872407451272
Q01112_Q09763,0.0021972,0.013546,0.015977,0.2475304752588272,0.986135721206665,0.0022635497152805
O74511_O60129,0.27263,0.012991,0.019233,0.020274529233574867,0.0086063928902149,0.0008152685477398
O74955_P09988,0.0021813,0.012933,0.016064,0.23646965622901917,0.0002409831649856,0.8399847745895386
O13672_P08965,0.0021765,0.012948,0.01592,0.023761577904224396,0.0116287395358085,0.0376669503748416
P50524_O94668,0.0022052,0.012984,0.016381,0.36130771040916443,0.9986218214035034,0.0250023733824491
P87027_Q10951,0.0021787,0.015375,0.015962,0.6233097910881042,0.0010277775581926,0.3154011964797973
O60016_Q9P805,0.0021775,0.01293,0.015979,0.029685955494642258,0.0045484062284231,0.0263035036623477
O14352_O14216,0.0022121,0.013032,0.015878,0.24723467230796814,0.0005723504582419,0.0032359939068555
P09322_P17937,0.0022639,0.012963,0.016155,0.11484505236148834,0.997655749320984,0.9794898629188538
Q9UTR8_O74515,0.0021766,0.012948,0.016126,0.03933368995785713,0.4602241218090057,0.0025640798266977
P41005_Q9URY2,0.0066903,0.013025,0.015974,0.17370553314685822,0.017849750816822,0.968633234500885
P56287_Q9UTP0,0.002211,0.013581,0.015888,0.804470419883728,0.0054583167657256,0.9662200212478638
O74518_O94687,0.0021945,0.01292,0.015919,0.2041853368282318,0.9971286654472352,0.0048248884268105
O60129_Q9P7J8,0.008992,0.013018,0.024036,0.1792297214269638,0.0047552925534546,0.305056095123291
O74471_Q9UTK6,0.0022177,0.012997,0.015976,0.2558506429195404,0.0008848588331602,0.9043675661087036
Q10108_Q09763,0.76028,0.012979,0.023068,0.03489809110760689,0.0138811487704515,0.4166183173656463
Q9USG6_P33520,0.0021724,0.01296,0.015974,0.5315293073654175,0.0004777363792527,0.0919251814484596
O14140_Q11120,0.0021994,0.013747,0.015954,0.09544079750776291,0.0020801331847906,0.1404579281806945
O74796_Q09142,0.002191,0.01293,0.015883,0.1792352944612503,0.9391352534294128,0.988813579082489
P36625_O74736,0.10824,0.014173,0.017686,0.11477543413639069,0.9937697052955629,0.0203865300863981
O94609_Q9UTS6,0.0021831,0.01292,0.015908,0.7609058618545532,0.9984813332557678,0.0068721524439752
O94687_Q10103,0.013658,0.012927,0.028093,0.464893639087677,0.0165078435093164,0.1338340044021606
Q10193_Q9Y709,0.0021815,0.012958,0.015893,0.21430851519107819,0.0003460270818322,0.0423676446080207
Q10282_O74772,0.0022026,0.012942,0.016046,0.02667079120874405,0.0187455229461193,0.0698987394571304
P0CT60_P32434,0.0021787,0.012961,0.015897,0.7449597716331482,0.0002494583895895,0.003141182474792
P87231_P05767,0.0021908,0.0132,0.015934,0.2888144552707672,0.0264122188091278,0.0342646278440952
P09988_O59836,0.0021842,0.012949,0.017924,0.05176679417490959,0.0034239972010254,0.0092670898884534
O42975_Q10428,0.0031272,0.013626,0.018768,0.15084415674209595,0.0230727698653936,0.1322152465581894
P12000_Q03392,0.0021741,0.012923,0.015929,0.5782209038734436,0.9982795715332032,0.003843885846436
O94450_Q10271,0.0021833,0.01292,0.015938,0.6178950071334839,0.0015131004620343,0.8904609680175781
P32434_O14388,0.0021959,0.012922,0.01589,0.031153790652751923,0.0003270494344178,0.9480934739112854
O59793_Q9USM8,0.46807,0.012943,0.01614,0.00289613613858819,0.0010480053024366,0.0094276284798979
O13836_O74555,0.0021822,0.012926,0.015939,0.1824675351381302,0.0012966989306733,0.0326571241021156
P87306_Q09906,0.0022351,0.012916,0.016035,0.28167253732681274,0.0002297617756994,0.0237502306699752
P08090_P08092,0.0082679,0.012969,0.016746,0.6333854794502258,0.0503135882318019,0.6800680160522461
Q9P7R9_Q9P7A0,0.0022113,0.0132,0.016639,0.06596114486455917,0.0053560817614197,0.9900804162025452
O94646_O74560,0.0023057,0.012946,0.016084,0.2246047854423523,0.9589477181434632,0.0143811320886015
P79015_Q9P7M1,0.0021733,0.013018,0.015972,0.014597366563975811,0.1366425603628158,0.2110078334808349
O42991_Q10134,0.0021756,0.012933,0.015923,0.15436163544654846,0.0004954856703989,0.0602460727095603
O94285_P48011,0.0022547,0.012988,0.015915,0.2050270140171051,0.9989880919456482,0.299433171749115
P78814_Q10193,0.92449,0.013631,0.75581,0.1411799192428589,0.9989805817604064,0.1544058173894882
O43070_O74790,0.0021834,0.012955,0.015917,0.3442491888999939,0.0651265010237693,0.5155156254768372
P04551_P13681,0.012324,0.013376,0.022016,0.05672192946076393,0.0029146550223231,0.0053243534639477
Q9P7R9_Q01112,0.0022186,0.014797,0.02017,0.026570750400424004,0.0024297949858009,0.0019125036196783
O74774_P41410,0.0022475,0.013693,0.022455,0.7133769392967224,0.0082279695197939,0.960981786251068
P40996_Q9UT46,0.11371,0.012969,0.016105,0.3244780898094177,0.9960632920265198,0.0005409123259596
P40377_Q9P7E0,0.0022671,0.01294,0.0159,0.5986380577087402,0.0020438965875655,0.043197926133871
P52822_O60150,0.0022105,0.012909,0.015916,0.01260296255350113,0.0003213847521692,0.8889773488044739
O94542_P36617,0.0023541,0.012942,0.016415,0.28308799862861633,0.0138908335939049,0.0036849982570856
O94717_P40381,0.0022112,0.012922,0.018527,0.22855673730373383,0.0862145274877548,0.0327478609979152
O94687_Q9UUJ4,0.0021961,0.012921,0.016072,0.11975761502981186,0.0125016802921891,0.0599376447498798
O14246_O74983,0.002172,0.012936,0.015911,0.4356423020362854,0.0038284403271973,0.0052590612322092
O14098_Q11120,0.0021726,0.012989,0.015962,0.6291715502738953,0.0009979374008253,0.0757284015417099
O36019_Q9USR7,0.0021968,0.012929,0.015901,0.02056032046675682,0.0023731049150228,0.0065416907891631
P56287_P0CU09,0.0023494,0.01293,0.015895,0.7202485203742981,0.0104982163757085,0.8312681913375854
O75011_Q9P7A0,0.024627,0.012986,0.019238,0.3757474720478058,0.0008278369205072,0.0050276243127882
O13836_O14352,0.0021877,0.012978,0.015948,0.17408114671707153,0.0002607436908874,0.0009198989719152
Q10295_Q92366,0.0021825,0.013185,0.015958,0.1489018350839615,0.9968596696853638,0.0577274411916732
O74533_Q9P6Q0,0.0022352,0.013046,0.015893,0.25022560358047485,0.0012178777251392,0.0079682609066367
O14064_Q9Y7R3,0.49423,0.012924,0.092853,0.2523443400859833,0.0042284922674298,0.0515174455940723
P36616_P78814,0.23535,0.01306,0.054628,0.16806714236736298,0.0137838665395975,0.005025444086641
O13758_Q92358,0.0021973,0.012915,0.015881,0.2044163942337036,0.0071896174922585,0.0005430554156191
Q9UT86_P37382,0.0021856,0.013046,0.015858,0.33904317021369934,0.0002278944157296,0.9513653516769408
O60150_C6Y4D0,0.0021752,0.012936,0.015966,0.2996353805065155,0.0013826135545969,0.3952915370464325
Q9C0Z9_O74910,0.0021845,0.012988,0.016321,0.38849517703056335,0.0009046713821589,0.9753153324127196
Q9USM8_Q9P6Q0,0.0025647,0.012976,0.016004,0.44964367151260376,0.0012321807444095,0.0088963275775313
P36592_O13953,0.0097349,0.012917,0.016285,0.19214309751987457,0.998282551765442,0.0013596494682133
Q9UUB7_Q10366,0.0023293,0.012953,0.015935,0.18873198330402374,0.0026885401457548,0.0020470621529966
Q06182_O43036,0.0021854,0.012956,0.01591,0.46215730905532837,0.0090907737612724,0.0338728688657283
P28748_Q10067,0.0022637,0.014914,0.022105,0.5417172908782959,0.0004755917179863,0.0111587569117546
Q09683_C6Y4D0,0.0021781,0.012976,0.015932,0.42048704624176025,0.9988034963607788,0.0002830207522492
P36582_O74825,0.0021829,0.012943,0.015935,0.32064151763916016,0.000481217430206,0.0165827013552188
P87215_Q09772,0.002212,0.01302,0.016168,0.5925851464271545,0.0955714732408523,0.0013924728846177
P21534_O59793,0.0022059,0.012935,0.015893,0.45059576630592346,0.0006703080143779,0.1377593576908111
O36023_Q9US45,0.0023284,0.01301,0.015917,0.16097788512706757,0.0008602524758316,0.0775029808282852
P07657_Q9UUC1,0.0022147,0.012947,0.015903,0.04600215703248978,0.0002153898967662,0.4159706830978393
P36614_Q09822,0.0023186,0.013038,0.01797,0.014363097958266735,0.0028730020858347,0.0110946912318468
Q9UUC1_O14079,0.002188,0.012915,0.016018,0.6542831659317017,0.0011577184777706,0.0004534123872872
Q10428_A6X980,0.0022643,0.012984,0.015932,0.08448272198438644,0.0032125117722898,0.0004250713682267
P0CH07_Q10169,0.0055267,0.01402,0.026059,0.25571247935295105,0.9979756474494934,0.002211051993072
O13877_Q09763,0.0021944,0.012931,0.015907,0.33753204345703125,0.0002738926268648,0.0003289067826699
P40381_Q9UTI8,0.0021881,0.012958,0.017665,0.11582960933446884,0.9985632300376892,0.0171397440135478
Q09196_Q09825,0.0021948,0.013104,0.015886,0.1515357494354248,0.0005737344617955,0.0560932382941246
Q92462_Q9UUE5,0.0022016,0.012961,0.015934,0.304643452167511,0.0013970023719593,0.0586560741066932
O94687_Q9USH1,0.0022091,0.012926,0.015896,0.5447801351547241,0.9512670636177064,0.0006779058603569
Q9Y7U4_P41410,0.0023339,0.012943,0.016366,0.024501720443367958,0.9951081871986388,0.0097384536638855
O94659_Q09683,0.011789,0.012958,0.016028,0.0035111412871629,0.0006784496945329,0.1497399359941482
O14129_P01129,0.019359,0.013366,0.016239,0.4235175848007202,0.0072071738541126,0.9564427137374878
P87176_O60150,0.0022456,0.013102,0.016036,0.1384027600288391,0.0006306919967755,0.5391888618469238
O94646_P56287,0.0022064,0.012954,0.015893,0.15827633440494537,0.8998189568519592,0.0117353778332471
O36027_Q12381,0.0022912,0.013579,0.015946,0.08833927661180496,0.000836637802422,0.2071926444768905
P01129_P56288,0.0021974,0.013161,0.015951,0.11425251513719559,0.9985540509223938,0.0516452193260192
Q9USR7_Q9USP9,0.0021809,0.012925,0.015917,0.10992058366537094,0.0005491689662449,0.01602353900671
Q9UUB5_O59751,0.005127,0.013159,0.01606,0.2992943525314331,0.00040908443043,0.2337486743927002
O94658_O13351,0.0021964,0.012942,0.015886,0.4402332603931427,0.0004066770197823,0.003377745160833
P87245_Q9P782,0.0021811,0.012942,0.015941,0.27263447642326355,0.0006134181166999,0.8746723532676697
O94476_Q9USU3,0.0021888,0.01315,0.015907,0.11211846023797989,0.0003013719106093,0.987651824951172
Q10322_P87159,0.0023163,0.013989,0.015985,0.19204117357730865,0.0009795153746381,0.0236246045678854
Q09685_O74774,0.0021788,0.012926,0.016472,0.10103482007980347,0.4223092794418335,0.0028534226585179
Q9UTP0_O94376,0.002203,0.012964,0.015893,0.10571605712175369,0.0005284313228912,0.992867946624756
O13978_Q92462,0.0021861,0.012914,0.015908,0.3574916124343872,0.0002637958386912,0.007808718830347
Q9Y818_P30261,0.0021776,0.012958,0.015886,0.13708141446113586,0.0062439660541713,0.0403776578605175
Q9Y7J4_P87215,0.0021842,0.012945,0.015892,0.4229327142238617,0.0816684141755104,0.002939771162346
P56286_Q10316,0.0021912,0.012939,0.015944,0.02911273017525673,0.998082995414734,0.9723281860351562
Q09763_P56286,0.0021854,0.012943,0.015897,0.05868906155228615,0.0004792255349457,0.0200920663774013
P08092_Q09176,0.0022572,0.012976,0.02176,0.09611837565898895,0.0174805093556642,0.0024581931065768
P07657_O14235,0.0021748,0.012944,0.015874,0.23186662793159485,0.000250446901191,0.411052405834198
P34208_P42656,0.0021819,0.014753,0.32258,0.18374085426330566,0.0131336012855172,0.030523968860507
P0CT70_Q9P7B8,0.0021986,0.012923,0.015913,0.5355257987976074,0.0027034983504563,0.0076684402301907
P79063_P0CT60,0.0021977,0.012986,0.015956,0.06778711080551147,0.0005343405646272,0.9697478413581848
O42846_P36592,0.0021828,0.012919,0.015953,0.40733376145362854,0.0009392756037414,0.405242919921875
Q09772_P21534,0.0024416,0.013016,0.015965,0.2918834090232849,0.0003679164510685,0.1080885604023933
Q9P7G0_O14198,0.0021794,0.012949,0.015902,0.16302934288978577,0.9989306330680848,0.9630067348480223
P0CF96_Q9UUC6,0.0022334,0.013062,0.015901,0.3943983316421509,0.0004456283932086,0.204590618610382
O75011_Q10232,0.0021874,0.01297,0.015916,0.023862170055508614,0.0005725031951442,0.0016408882802352
O59734_Q10429,0.0021997,0.013031,0.01589,0.3620069921016693,0.0004193103814031,0.0345049165189266
P78946_Q9UUB5,0.002167,0.01292,0.01589,0.06751343607902527,0.0038023206871002,0.0035839106421917
Q9UU79_Q96TL7,0.002185,0.012915,0.016483,0.08687375485897064,0.0026798625476658,0.8792482018470764
Q9Y818_O74895,0.002191,0.013017,0.015878,0.29956674575805664,0.0002969749330077,0.008578467182815
Q4PIR3_Q9Y7U4,0.0022079,0.013113,0.015978,0.4435853958129883,0.0402954518795013,0.001790203503333
P42656_O42975,0.0024129,0.013558,0.32765,0.06176869571208954,0.9978333115577698,0.0004529965226538
Q09685_O59734,0.0021896,0.012984,0.015892,0.35922956466674805,0.0032199397683143,0.0002448616432957
Q9US45_P36618,0.0022032,0.012961,0.016007,0.42202314734458923,0.000505932548549,0.0008011272875592
Q9UTR8_P05767,0.0021834,0.012925,0.015926,0.11843704432249069,0.9983372688293456,0.0036727953702211
A6X980_Q9P6Q0,0.0023127,0.01295,0.016028,0.00039855868089944124,0.0028089601546525,0.9854918122291564
P0CT77_Q9P7M1,0.0021752,0.012945,0.015952,0.20982933044433594,0.1013302952051162,0.0019959984347224
O74471_Q9UTE6,0.0022295,0.013004,0.016002,0.22667253017425537,0.0013539604842662,0.9274035692214966
P79071_Q9P7E0,0.0024171,0.012963,0.015914,0.032960448414087296,0.0015442682197317,0.0036322448868304
Q09127_O60158,0.0021946,0.012932,0.015938,0.09619968384504318,0.000348474481143,0.9590652585029602
P32434_Q9USJ7,0.003051,0.013198,0.51442,0.2523009181022644,0.0164446122944355,0.01654052734375
P40995_O13877,0.0021847,0.012923,0.015897,0.5575351715087891,0.0005629708757624,0.9504033923149108
Q9USV1_P52890,0.050134,0.013211,0.016371,0.35779374837875366,0.0005061561241745,0.0003918196889571
O14036_Q0E7J7,0.0023478,0.013268,0.015902,0.2097426801919937,0.0002787629782687,0.3408769369125366
P34208_O74895,0.0021737,0.012943,0.015934,0.32463574409484863,0.0005485829897224,0.001240549609065
Q09127_Q9P782,0.0021888,0.012925,0.015909,0.024291004985570908,0.0003392810758668,0.0086519699543714
O94668_Q9HE05,0.0037172,0.013325,0.016025,0.25640082359313965,0.998874008655548,0.0008957454119808
O94581_Q9UUE5,0.0021708,0.012934,0.01591,0.4745193421840668,0.0009116403525695,0.4978426098823547
O94450_P29458,0.11984,0.01298,0.02313,0.3637818992137909,0.009457591921091,0.0023882759269326
O14399_Q09760,0.0021895,0.013421,0.015999,0.08763934671878815,0.00649832515046,0.0003246923733968
O94355_C6Y4D0,0.0021819,0.012929,0.015921,0.47584179043769836,0.9982478618621826,0.005730811972171
O00102_Q9C107,0.0021765,0.013253,0.016357,0.1784287989139557,0.0015365573344752,0.6499583125114441
O42709_Q09892,0.0023274,0.012957,0.016542,0.3273269236087799,0.0022623622789978,0.0038569972384721
O43120_Q09142,0.0022365,0.012919,0.016266,0.16564194858074188,0.0741521269083023,0.0013774852268397
P41005_O13777,0.0021935,0.012927,0.015945,0.2264593541622162,0.9479914903640748,0.0082820989191532
P08090_O94668,0.002296,0.012947,0.015914,0.09269972145557404,0.998248815536499,0.004173697438091
O59790_Q9P3B2,0.0022229,0.01294,0.015963,0.18002165853977203,0.0002996097900904,0.1498385369777679
O74772_O13681,0.0021907,0.01292,0.016078,0.09590805321931839,0.0053222505375742,0.0034704350400716
O75001_O74804,0.0022332,0.013075,0.015962,0.10699616372585297,0.0007269570487551,0.0734122917056083
P36616_Q0E7J7,0.0022012,0.012974,0.015937,0.2775239944458008,0.0055014030076563,0.6760919690132141
O94285_P33886,0.0022006,0.013069,0.015974,0.09919190406799316,0.0004042519431095,0.9477624893188475
P08647_O36023,0.12647,0.048183,0.040386,0.19576020538806915,0.0084697036072611,0.986294686794281
O43114_Q9Y794,0.67288,0.013122,0.26721,0.3772980868816376,0.0020657728891819,0.005536122713238
Q10330_Q9UTK6,0.0021768,0.012935,0.023084,0.481996089220047,0.0177314057946205,0.9842402935028076
P0CU09_O13836,0.0023056,0.012918,0.015993,0.124625064432621,0.0005018674419261,0.0048884088173508
O36027_Q10108,0.069293,0.013842,0.016012,0.10439443588256836,0.017333323135972,0.0008772317087277
P05219_O94646,0.0021897,0.012975,0.015911,0.2821812927722931,0.000601444276981,0.0023152690846472
O42975_Q09170,0.0022262,0.013108,0.016641,0.35920944809913635,0.0117053426802158,0.042129848152399
P87245_P50530,0.27821,0.013005,0.016483,0.1591128259897232,0.0397585518658161,0.0045445109717547
P0CG72_O14064,0.0021832,0.01301,0.015961,0.022319713607430458,0.0098428139463067,0.7228936553001404
O43114_P54789,0.76855,0.013925,0.16444,0.44544029235839844,0.0112172905355691,0.0007175653008744
O00102_Q9Y7Z1,0.0022109,0.012959,0.015884,0.6823791265487671,0.0002996434923261,0.0044919098727405
O42709_O74446,0.002207,0.012918,0.015924,0.006629336159676313,0.9911575317382812,0.1201362386345863
P01129_Q9P6Q6,0.0022353,0.012941,0.016693,0.05567599833011627,0.9979065656661988,0.7821713089942932
Q9UST6_Q09150,0.0021883,0.013097,0.015952,0.4799202084541321,0.0006227238336578,0.0004072482697665
O94268_Q03392,0.0021722,0.012932,0.015967,0.1457384079694748,0.0130733735859394,0.0034309113398194
O42978_Q10272,0.0021891,0.012999,0.01589,0.1820996105670929,0.0005947680911049,0.0040933536365628
O74791_P06652,0.0022324,0.012998,0.017324,0.7671714425086975,0.9978888630867004,0.002802601782605
P40235_Q10218,0.69718,0.012979,0.016362,0.5563814640045166,0.0277434531599283,0.0028686670120805
O94321_O14343,0.0032489,0.013242,0.016009,0.09695351868867874,0.001274624839425,0.0009372932254336
P87173_P50528,0.0021923,0.012977,0.015913,0.09858474880456924,0.0002623911132104,0.0336987450718879
O94244_P78789,0.0022368,0.013213,0.017381,0.10031642764806747,0.002815295709297,0.1001229956746101
O94355_Q6BDR8,0.0022175,0.01292,0.015971,0.006284882314503193,0.0033044049050658,0.0202752742916345
O94668_O42846,0.002185,0.01292,0.015878,0.5511156916618347,0.0018651827704161,0.0020135466475039
P87027_O94309,0.0021863,0.013028,0.015934,0.004713910631835461,0.0025037880986928,0.0009142151102423
P06652_P42656,0.0022007,0.013266,0.12682,0.4292193353176117,0.99876070022583,0.0010677730897441
P41887_P36614,0.002199,0.013059,0.016069,0.2541114389896393,0.0012662368826568,0.7092193365097046
O43114_Q10366,0.0029114,0.013017,0.015962,0.34521564841270447,0.0003795102529693,0.9798293113708496
Q9P7Y4_O94687,0.0021936,0.01292,0.016079,0.16233500838279724,0.9988725781440736,0.0004936910700052
P87231_O13816,0.0023211,0.013091,0.016222,0.1304500848054886,0.1837971657514572,0.7884202003479004
O13684_O59793,0.0023608,0.012933,0.016427,0.8125438690185547,0.0168211851269006,0.797505795955658
Q9UT72_Q10295,0.0036781,0.012969,0.015969,0.35425859689712524,0.0004533656465355,0.0022740608546882
P50524_O42995,0.0021877,0.012938,0.01594,0.005101117305457592,0.0049382778815925,0.983061134815216
P36601_P41410,0.0022152,0.013726,0.01711,0.20506972074508667,0.0022097227629274,0.0010107855778187
O60150_Q09822,0.0022401,0.012949,0.015958,0.04475754126906395,0.0010787870269268,0.0151493642479181
O13802_P87173,0.002188,0.012952,0.015913,0.5670473575592041,0.3351047039031982,0.7813734412193298
O59751_P05734,0.0021799,0.013164,0.016165,0.2157164365053177,0.0004327632777858,0.0084908409044146
Q09154_Q9HDY7,0.0022494,0.013006,0.016065,0.18302734196186066,0.0004210130427964,0.0097832987084984
P27638_O13684,0.0022043,0.012953,0.015977,0.20315977931022644,0.0003329570754431,0.0001921738003147
P41412_Q09824,0.1014,0.01312,0.018104,0.40999963879585266,0.3015602529048919,0.0004801013565156
Q92462_Q10272,0.0021977,0.013032,0.01595,0.002073597628623247,0.0023903648834675,0.3041885197162628
Q4PIR3_P10651,0.0021819,0.013045,0.015993,0.055586714297533035,0.0005440078675746,0.9538209438323976
Q10343_O60164,0.0021727,0.01294,0.015916,0.5479816198348999,0.0313121639192104,0.9936988353729248
P78953_P0C5Y7,0.0021831,0.01308,0.015896,0.04815059155225754,0.9926041960716248,0.000474700180348
O14170_O74983,0.0021744,0.013647,0.016047,0.5163196325302124,0.0049443314783275,0.0009936719434335
P33886_Q9USU3,0.0021906,0.013027,0.017769,0.4806165397167206,0.0196093134582042,0.0191923454403877
P87231_Q09823,0.010033,0.012943,0.03304,0.2650579512119293,0.9048511385917664,0.0020297232549637
P56288_O59767,0.0021898,0.012983,0.015949,0.15725696086883545,0.0032260089647024,0.0089604873210191
Q9UUJ1_P41887,0.099648,0.015486,0.037499,0.6358802318572998,0.0081922821700572,0.9115030169487
P49731_P40995,0.0026666,0.012979,0.01599,0.13449101150035858,0.0006216810434125,0.4696816504001617
O74517_Q9Y7N2,0.0024972,0.012919,0.015908,0.6190183758735657,0.9961338043212892,0.0195084493607282
P79063_O43114,0.002299,0.012997,0.015931,0.1734277456998825,0.000776604108978,0.0002805852273013
Q9P6R1_Q9P7F9,0.0022032,0.012935,0.016186,0.2549564242362976,0.0003114407882094,0.96733820438385
Q10134_Q9USG6,0.0021794,0.012932,0.015911,0.2601686120033264,0.0033582551404833,0.0940477773547172
O13688_P41887,0.0021727,0.012954,0.016266,0.07032769173383713,0.0743544250726699,0.0017562119755893
P50528_O74558,0.0022067,0.01295,0.016024,0.04361552745103836,0.9943962097167968,0.9645991921424866
O74499_P33520,0.0021778,0.013059,0.015992,0.1660321056842804,0.000356874166755,0.0005908838356845
O42634_Q09772,0.0022208,0.013581,0.017099,0.2013220191001892,0.0007396363653242,0.9569432139396667
P36629_P87314,0.045671,0.013037,0.016411,0.08396000415086746,0.9985264539718628,0.0004221837734803
O74958_O74653,0.78341,0.013144,0.016303,0.11012966930866241,0.006429580040276,0.4043484330177307
O74988_P26306,0.0022368,0.012952,0.015894,0.18136636912822723,0.0007889211992733,0.0045506646856665
Q10316_Q09763,0.0021849,0.012921,0.015902,0.004777214489877224,0.0006207621190696,0.0076333591714501
O94316_Q9C0Z9,0.0021739,0.012937,0.015942,0.14609257876873016,0.0021317636128515,0.0713098421692848
O94717_Q10056,0.0022883,0.013018,0.016346,0.6074380874633789,0.0058930180966854,0.6696223020553589
O60158_O42932,0.002203,0.012947,0.016165,0.110719233751297,0.000489929690957,0.0374679267406463
P27584_O94603,0.0021898,0.012984,0.016055,0.36423811316490173,0.0142004946246743,0.9691563248634338
P40848_Q12381,0.0022267,0.013622,0.01807,0.12368334084749222,0.0428055487573146,0.005332380067557
Q09808_Q9P7F9,0.0022408,0.01292,0.015892,0.034539174288511276,0.0002666862856131,0.8795933723449707
O94263_O59680,0.0022401,0.012963,0.015889,0.21378830075263977,0.0020156991668045,0.3702774047851562
Q10193_Q9UUB7,0.0021974,0.012946,0.015917,0.06812109053134918,0.0021911822259426,0.700069010257721
Q9Y818_Q92462,0.0021787,0.012987,0.015916,0.08302367478609085,0.0012092313263565,0.0015766968717798
O42846_O36023,0.0021896,0.012945,0.015917,0.0813254565000534,0.0004590064927469,0.930470883846283
Q9Y738_O13852,0.0022119,0.012932,0.015918,0.4322134554386139,0.0675832331180572,0.003670603968203
P78774_Q9P7M1,0.0022099,0.013169,0.021027,0.026905423030257225,0.0053522195667028,0.987975537776947
Q9UTE6_Q9P805,0.0021747,0.012948,0.015933,0.575295090675354,0.0011337094474583,0.0034693134948611
O94238_Q9US45,0.002188,0.012921,0.015925,0.0301982294768095,0.0030408822931349,0.2913459837436676
P36585_Q10134,0.0021771,0.012949,0.015931,0.3261321187019348,0.0012710145674645,0.0086965030059218
Q9UUB5_O14021,0.0022462,0.012992,0.023193,0.44503486156463623,0.0025441450998187,0.0228075198829174
O74771_O94717,0.0022452,0.013016,0.016093,0.05846862122416496,0.0082539087161421,0.980714738368988
P79015_O74517,0.0021743,0.01296,0.015968,0.630840539932251,0.9952793121337892,0.8629388809204102
O74895_Q10343,0.0021768,0.01293,0.0159,0.22599659860134125,0.0002217855071648,0.960561215877533
P78761_Q9P7J8,0.0021994,0.012965,0.015906,0.006247132550925016,0.0005238683079369,0.7100821733474731
P36616_Q09819,0.0040392,0.013054,0.016678,0.044142838567495346,0.1242685467004776,0.0012588497484102
P78794_Q9P805,0.0021802,0.01297,0.015894,0.11682102084159851,0.0015581873012706,0.1079750880599021
Q10159_Q09717,0.0021793,0.012956,0.015904,0.5627392530441284,0.000304151297314,0.0683851391077041
P13681_Q9P779,0.0022231,0.012951,0.016071,0.09435837715864182,0.0025172061286866,0.01494961977005
O60016_P10651,0.0021917,0.012944,0.017223,0.2857666313648224,0.0278203468769788,0.0002231877006124
P05764_P48009,0.0021931,0.013014,0.01588,0.2960033416748047,0.0002645373169798,0.7155487537384033
O14417_O74736,0.0022237,0.012994,0.015958,0.26285600662231445,0.0044520469382405,0.2292085140943527
Q09177_Q09116,0.0021777,0.012991,0.015888,0.12062273919582367,0.0002332383301109,0.001590647152625
O42978_O60187,0.0021806,0.012975,0.015865,0.04753033444285393,0.0004998086951673,0.9477142095565796
P40381_Q10366,0.0022198,0.012937,0.016188,0.13165442645549774,0.0007632915512658,0.0108630154281854
P41889_P40381,0.0021971,0.013086,0.019025,0.12544657289981842,0.9989815354347228,0.0064273537136614
O42978_O94355,0.0022002,0.012977,0.015869,0.12195662409067154,0.0007140294183045,0.0015835734084248
O13964_Q9USP0,0.0021811,0.013005,0.015894,0.5813605189323425,0.0002387203130638,0.0004702393489424
O36023_Q09822,0.37066,0.56109,0.016024,0.598013699054718,0.0186632517725229,0.0191981550306081
O74747_O94658,0.0021989,0.013114,0.015964,0.07671643793582916,0.0005708707030862,0.0123876817524433
P33886_O94752,0.0098343,0.013,0.015965,0.055752068758010864,0.0025546993128955,0.0001966619165614
P32372_P34208,0.016535,0.012958,0.016118,0.45087748765945435,0.0249529127031564,0.0011502298293635
Q9P7X1_O59703,0.0022175,0.013132,0.01593,0.5705451369285583,0.0015575998695567,0.0228068772703409
Q9P802_O59945,0.0021741,0.012929,0.015879,0.21447758376598358,0.0015329520683735,0.000863570778165
Q09154_O94684,0.0022347,0.012959,0.018849,0.03413459658622742,0.0002912375784944,0.9819228053092957
Q10134_O13688,0.053933,0.013007,0.016042,0.2856035828590393,0.9987115859985352,0.0667954087257385
P36613_Q9UUE5,0.0022108,0.012959,0.016097,0.1552746742963791,0.1640448719263076,0.9117486476898192
P34208_P07657,0.0022027,0.014552,0.015976,0.014944039285182953,0.0003629139100667,0.3434430658817291
Q53EK2_O74518,0.0021893,0.012979,0.015893,0.02150835655629635,0.0023209587670862,0.9834805130958556
Q10585_P78929,0.0021871,0.012928,0.015882,0.04373456537723541,0.003575281240046,0.1033097207546234
O74309_O75011,0.053819,0.013011,0.019126,0.036365460604429245,0.0107335159555077,0.8166335225105286
O42978_P05767,0.0023329,0.012951,0.015882,0.004856205079704523,0.0003086933866143,0.6766489744186401
Q12126_Q9P6Q6,0.0021938,0.01297,0.016036,0.33811840415000916,0.0007505800458602,0.2206273376941681
O94423_Q92462,0.0021947,0.013114,0.015967,0.19996438920497894,0.0028652600012719,0.0044265114702284
O74175_P87123,0.0021869,0.012953,0.015889,0.5108537077903748,0.0057299965992569,0.0007844476494938
O74955_P21534,0.0022194,0.012939,0.015878,0.0031676304060965776,0.0002359638601774,0.0003498294099699
Q09933_Q874R3,0.0022139,0.013684,0.016488,0.06074036657810211,0.998518407344818,0.1251762807369232
Q10067_Q9P7J8,0.0021915,0.012994,0.016814,0.10815148055553436,0.0012222751975059,0.960357427597046
P50527_Q9US59,0.0023918,0.012977,0.019589,0.039044685661792755,0.9261904358863832,0.2284920364618301
O94752_P17937,0.0021827,0.012924,0.017469,0.016745550557971,0.0007952997111715,0.0009782819543033
Q9P7B8_Q9UTK6,0.0021799,0.012919,0.016991,0.005639249924570322,0.9969876408576964,0.0141350133344531
P36613_Q12126,0.0021919,0.012957,0.016073,0.10807418078184128,0.9984777569770812,0.0008153826929628
Q9P3B2_P40235,0.0022583,0.012944,0.015946,0.24202346801757812,0.0007453939761035,0.0385408103466033
O74771_O74983,0.0021694,0.013,0.015938,0.18924185633659363,0.0007255793898366,0.9864778518676758
O59793_P79065,0.51579,0.013058,0.016215,0.30906960368156433,0.00127285416238,0.0040987399406731
O74184_Q10113,0.0021946,0.013133,0.016013,0.1622302383184433,0.0044570541940629,0.9350898861885072
Q9URY0_O60158,0.0021882,0.012958,0.016123,0.6120510697364807,0.0015126034850254,0.0050010620616376
O94355_O59755,0.0021937,0.012923,0.015973,0.45510587096214294,0.9988301396369934,0.0127102015540003
O14229_Q09772,0.0021941,0.012938,0.016149,0.4023950397968292,0.0039752498269081,0.9220883250236512
O13916_O60129,0.0022482,0.012946,0.015927,0.07766802608966827,0.0104097044095397,0.0008436116040684
P50582_Q9P7X1,0.0021879,0.012962,0.015922,0.1883569210767746,0.0003031487576663,0.8670780062675476
O14459_O14417,0.0021692,0.012926,0.015902,0.04141689091920853,0.0003918786824215,0.0007825330249033
P50530_Q9HGL6,0.0021968,0.012946,0.016016,0.05241710692644119,0.0004701705183833,0.0008276073494926
Q9Y7L8_Q09825,0.0022075,0.012933,0.015992,0.3086533844470978,0.0003555628354661,0.0213041771203279
O13790_Q9Y709,0.0021673,0.012914,0.015895,0.11022377014160156,0.0014979145489633,0.0049897138960659
Q10218_O94722,0.0025027,0.012968,0.016289,0.022038642317056656,0.0003363380092196,0.8878200650215149
O13684_P0CT60,0.0021783,0.013008,0.016054,0.024283505976200104,0.0002951402275357,0.0004723197198472
Q9P802_P87126,0.0021787,0.012929,0.015916,0.313395619392395,0.0596515275537967,0.916988968849182
P87176_O13877,0.0022763,0.013055,0.015927,0.19249413907527924,0.0002980698482133,0.0003062693576794
P32586_O14339,0.0021774,0.012931,0.015926,0.012695485725998878,0.0012160664191469,0.5350840091705322
O74966_Q10198,0.0021948,0.012984,0.015877,0.24331054091453552,0.0006512688123621,0.878953218460083
Q9P3B2_O42954,0.0022239,0.012934,0.015909,0.24708159267902374,0.0007613109773956,0.003469287417829
Q92372_Q9UUJ1,0.0021795,0.012961,0.015949,0.035124488174915314,0.4023655652999878,0.0026888456195592
Q9USX8_Q0E7J7,0.0021784,0.012924,0.015897,0.25157231092453003,0.0006328400340862,0.1818138211965561
Q09170_P56523,0.0022191,0.013089,0.016018,0.39595386385917664,0.0028634488116949,0.0021140379831194
O60164_Q9UUI1,0.0021856,0.01297,0.015884,0.032905057072639465,0.9617636203765868,0.0109764551743865
Q9URY0_O13777,0.0021853,0.013016,0.019208,0.4759286046028137,0.0015995542053133,0.0280266683548688
Q9USV3_Q10316,0.0021985,0.012945,0.01591,0.05204300954937935,0.0024480565916746,0.0027762968093156
Q09150_O13877,0.0022027,0.013054,0.015956,0.09951034933328629,0.0003451619122643,0.3072409033775329
P33886_Q9USX3,0.0027024,0.012978,0.016123,0.3270079493522644,0.9980039000511168,0.009777401573956
Q02088_O59755,0.19279,0.21243,0.015899,0.1647101640701294,0.0020285181235522,0.0015109868254512
P87050_Q12381,0.0023467,0.014295,0.016202,0.053653061389923096,0.0007022272911854,0.8122886419296265
Q9UTA4_Q9P7V3,0.0022049,0.012919,0.015964,0.004436243325471878,0.0023757210001349,0.0220960136502981
O13777_O42661,0.0021883,0.012974,0.015887,0.7017855644226074,0.99631530046463,0.0008350552525371
Q07538_Q12381,0.0022272,0.013571,0.016422,0.023042356595396996,0.0346076413989067,0.589073896408081
O94450_Q10134,0.0021951,0.012963,0.015924,0.1364000290632248,0.0065225395374,0.1894001066684723
Q9UTA4_Q10193,0.0021822,0.012935,0.015987,0.561832070350647,0.0748241916298866,0.9069395065307616
O13978_Q92352,0.0021956,0.012921,0.015943,0.3316594064235687,0.0023334624711424,0.9546990990638732
Q09683_Q09330,0.0021974,0.012943,0.015995,0.2682742774486542,0.0307793822139501,0.0100985160097479
O74465_O94717,0.0023736,0.012952,0.025228,0.22566480934619904,0.0214728098362684,0.0025310558266937
O94476_O94408,0.0022093,0.013003,0.015886,0.3362567722797394,0.0002197733119828,0.009632415138185
O13782_P09322,0.0021885,0.012981,0.015931,0.1472911834716797,0.0005902486736886,0.9607595801353456
Q92399_Q9UUE5,0.0021754,0.012942,0.01592,0.08546100556850433,0.0018698357744142,0.7928543090820312
O59836_P50582,0.066605,0.01294,0.016088,0.6441560387611389,0.0256767887622118,0.5373745560646057
Q09116_Q9UTR8,0.0021943,0.012972,0.016134,0.41339826583862305,0.001912314328365,0.000672775262501
Q09170_Q9USX3,0.0023858,0.012963,0.0161,0.13806208968162537,0.9978553652763368,0.862688422203064
O74803_O74536,0.00221,0.012992,0.015988,0.5750828385353088,0.9913261532783508,0.0058609773404896
O13826_O43036,0.0021896,0.012926,0.015896,0.02497190609574318,0.0019017916638404,0.3673813343048095
O74966_O74471,0.0022138,0.012996,0.015892,0.14956137537956238,0.0002299360057804,0.987956702709198
O74517_Q09698,0.0026164,0.013019,0.017646,0.2289496213197708,0.0213714148849248,0.5467774271965027
O94244_Q9P802,0.0022054,0.012934,0.015934,0.6340026259422302,0.0043330630287528,0.2899159491062164
O59751_O74791,0.0022089,0.01324,0.017828,0.21333234012126923,0.9976220726966858,0.0125775802880525
P41889_Q9US59,0.0022145,0.013035,0.01616,0.09070201218128204,0.9919742941856384,0.0461282320320606
Q9C107_O14140,0.0022004,0.013302,0.020144,0.4260830879211426,0.9987066984176636,0.016480915248394
Q10477_O14327,0.0029304,0.014086,0.015934,0.30268844962120056,0.0007599291275255,0.0026536916848272
O43080_O14010,0.0022159,0.012924,0.015928,0.35561156272888184,0.0005344928358681,0.0012929264921694
P32372_Q10428,0.0051557,0.013043,0.01615,0.20913435518741608,0.0195824261754751,0.7373024225234985
O74985_O74536,0.0021829,0.01357,0.015986,0.11082421988248825,0.0011657237773761,0.0050759394653141
O13790_O13889,0.0022022,0.012988,0.015972,0.22756461799144745,0.0287304017692804,0.0878728777170181
O13688_Q9Y818,0.0021771,0.012971,0.015897,0.6074916124343872,0.0040425788611173,0.1535599678754806
O74991_P05219,0.0021695,0.013197,0.016903,0.5503364205360413,0.002488164929673,0.0838973596692085
Q9USU3_O74533,0.0022135,0.012927,0.015892,0.2498456835746765,0.0003736709186341,0.3872736096382141
P50527_P78963,0.0021815,0.012995,0.016011,0.2684938907623291,0.0010005750227719,0.0003234811883885
O14097_Q09685,0.0022628,0.012924,0.016261,0.10780808329582214,0.0659365504980087,0.0046743093989789
O13802_O36023,0.0022395,0.013209,0.022967,0.02191939391195774,0.0016858691815286,0.1035467907786369
Q10099_Q09882,0.0021876,0.013048,0.020876,0.006711326073855162,0.8054280281066895,0.0110834604129195
O94476_P26306,0.0021919,0.013065,0.015904,0.07824402302503586,0.0005599350552074,0.0058385846205055
Q10428_O36019,0.036107,0.013059,0.016241,0.06802788376808167,0.0071129775606095,0.0358142554759979
O43114_O94309,0.0021794,0.012972,0.015998,0.710084855556488,0.0029513766057789,0.092823326587677
Q09924_O74957,0.0021774,0.013049,0.015957,0.22182156145572662,0.0040069064125418,0.0005149779608473
O74471_O94542,0.0022103,0.012979,0.015912,0.13071243464946747,0.0045631802640855,0.0185949597507715
P09988_O13936,0.69831,0.012995,0.71253,0.3446904718875885,0.998745322227478,0.0050247320905327
O42978_Q10343,0.0023654,0.013564,0.015883,0.06858555972576141,0.0002184473414672,0.0047009508125483
Q9Y7U4_O59755,0.0032776,0.012935,0.018773,0.6213465929031372,0.9923319816589355,0.003148193238303
Q09819_O59680,0.0022607,0.012956,0.015938,0.2698090076446533,0.000653997529298,0.0247058290988206
P28748_O94288,0.0022338,0.013309,0.016187,0.0393853522837162,0.0012343121925368,0.9906467199325562
Q9P7X1_Q10330,0.0022649,0.012948,0.015996,0.159303218126297,0.0009704279946163,0.0778231471776962
Q09761_O14229,0.0022718,0.012911,0.016209,0.09628182649612427,0.0663815960288047,0.3922768533229828
Q9UT76_O14021,0.0021711,0.012954,0.015898,0.3607273995876312,0.0005096456734463,0.6808040142059326
P26306_Q1MTQ1,0.0024276,0.013091,0.016004,0.10636117309331894,0.1576086729764938,0.0825443044304847
