pair,D-SCRIPT,Topsy-Turvy,TT3D,TUnA,PLM-interact,PLMDA-PPI
2ES4(3):B_1OFH(1):G,0.012959,0.0021811,0.015931,0.09532347321510315,0.0002781187067739,0.000244256312726
2YC4(1):B_6HPB(1):A,0.012929,0.0022424,0.015892,0.03672270476818085,0.0003726261202245,0.0003559413016773
6X0A(15):O_2HZS(5):H,0.012944,0.0021886,0.015935,0.09073029458522797,0.0002290661941515,0.0003524727362673
7VD7(1):A_7VD7(1):B,0.013091,0.0023692,0.015987,0.004642848391085863,0.622973620891571,0.0006476484704762
1TY4(1):B_1TY4(1):D,0.013693,0.024327,0.033693,0.057023949921131134,0.9988870024681092,0.5314525365829468
5WRV(1):A_6B12(2):B,0.012988,0.0021955,0.015925,0.12538230419158936,0.0034783626906573,0.0004443079524207
6U3W(1):B_2PTT(1):A,0.013179,0.0022022,0.015978,0.19793947041034698,0.0002791276201605,0.0004745244223158
3A5Z(1):C_3A5Z(1):D,0.013064,0.0045975,0.016103,0.019175801426172256,0.998333752155304,0.1498045921325683
7MWR(1):A_7MWR(1):B,0.038743,0.0036105,0.016095,0.04367988556623459,0.9944039583206176,0.9430097341537476
3GQI(1):B_2Y3N(1):C,0.012971,0.002186,0.015993,0.07421662658452988,0.0002793853345792,0.0002195730485254
6KPD(1):B_6RCX(1):B,0.013034,0.0022142,0.015973,0.008759971708059311,0.0003107372904196,0.0001525801053503
6TUN(2):B_7MWR(1):B,0.012962,0.0022651,0.015929,0.15720409154891968,0.0007112184539437,0.0025260960683226
3AMJ(1):B_3AMJ(1):A,0.51935,0.59018,0.56638,0.1021619513630867,0.8192786574363708,0.973929524421692
5CFF(1):A_4CC4(3):E,0.012987,0.0022229,0.016223,0.0733078271150589,0.0040787076577544,0.0005807027337141
3M6M(1):E_3AV0(1):A,0.013098,0.0022758,0.016016,0.3297309875488281,0.0002356677578063,0.0002930055488832
6TPI(1):C_6U08(2):C,0.012936,0.0022703,0.015916,0.018746083602309227,0.0057060914114117,0.055131945759058
3LKX(1):A_6YJP(1):C,0.01302,0.0021903,0.015886,0.11248273402452469,0.0004663089930545,0.000154987690621
5OW5(1):B_2J9U(1):A,0.050374,0.0022766,0.020902,0.08202767372131348,0.0024467364419251,0.0368153639137744
6XZ6(1):A_5CTR(1):C,0.012935,0.0021724,0.015898,0.027092691510915756,0.0038228270132094,0.0110149104148149
5YXY(1):D_3F1I(1):S,0.013004,0.0022429,0.015887,0.015025894157588482,0.0002162535383831,0.0002222649782197
2IYB(2):B_2IYB(2):F,0.013025,0.0021925,0.016621,0.03365381062030792,0.0056546055711805,0.0013613306218758
6LBU(1):A_5Y9W(1):B,0.01292,0.0021766,0.015887,0.09057251363992691,0.0003329821047373,0.0002867717703338
2J9U(1):B_4CYJ(2):F,0.013302,0.0021602,0.015885,0.2036331295967102,0.0005383906536735,0.0013759545981884
3EXE(2):E_3EXE(2):H,0.016508,0.11091,0.5504,0.1213497593998909,0.999019980430603,0.0081701939925551
5HY3(1):A_2Y3N(1):D,0.012953,0.0021909,0.015892,0.01714634709060192,0.0007226024754345,0.006554293911904
6IB8(1):A_6B12(2):D,0.012981,0.0021757,0.015922,0.4305232763290405,0.0004757762944791,0.0009618129115551
3TND(1):A_1N2D(1):A,0.013039,0.0021766,0.015893,0.0689404085278511,0.0002385414700256,0.0004301476292312
6AKM(1):B_4Y66(2):D,0.031863,0.0048511,0.016548,0.08604320883750916,0.0008975963573902,0.0029876970220357
4ZK7(1):W_2BUY(1):A,0.013003,0.0022197,0.016057,0.006573210470378399,0.0004200881812721,0.0003953633131459
6R3S(1):B_5IBW(1):C,0.013169,0.0022874,0.015939,0.00605681911110878,0.0002755414461717,0.0071356436237692
3TND(1):A_3TND(1):B,0.013011,0.0021957,0.01643,0.03353334963321686,0.9987433552742004,0.9602578282356262
5MPO(1):B_7V5Z(1):B,0.012947,0.0021882,0.015966,0.06452853977680206,0.0023162078578025,0.0004215821099933
6COJ(1):B_5ZB2(1):B,0.012938,0.0022129,0.015927,0.17521661520004272,0.0002925221051555,0.0001539233198855
4DGW(1):A_4BFI(1):B,0.012976,0.0021816,0.015888,0.06086791679263115,0.0004891574499197,0.000207909848541
6LBT(1):C_3M6M(1):B,0.012951,0.0021829,0.015891,0.3897789418697357,0.0007098032510839,0.0010843203635886
5MU7(1):A_5NUP(1):A,0.013014,0.0021774,0.01588,0.014730737544596195,0.0003290224994998,0.0003479845181573
7ENH(1):A_3PUF(3):I,0.01292,0.0021784,0.015868,0.13230296969413757,0.0006338874227367,0.0021877672988921
6DRH(4):H_2QAG(1):B,0.012988,0.0021826,0.015884,0.025665394961833954,0.0005361432558856,0.0023739857133477
5YK7(1):D_6HUL(1):A,0.012932,0.0021781,0.015888,0.20085716247558594,0.0002319447958143,0.0002910052717197
1Z6O(1):C_6GND(2):C,0.012966,0.0023007,0.019638,0.03448237478733063,0.0002479419927112,0.0008427337743341
6WEG(1):A_5CTR(1):A,0.013005,0.0021915,0.015972,0.025119852274656296,0.0003468132053967,0.0004503649543039
7P99(1):A_4FXE(1):E,0.012939,0.0021714,0.015962,0.21574728190898895,0.0003311690525151,0.000271627883194
6OK1(1):B_2FOI(1):B,0.013008,0.0023019,0.015955,0.16043616831302643,0.0003286860883235,0.0003764510329347
3R84(19):U_3R84(19):V,0.57442,0.0079376,0.032517,0.08683767169713974,0.9989633560180664,0.9710457921028136
4BFI(1):A_2XQN(1):T,0.013123,0.002203,0.015986,0.03991854563355446,0.0005545843159779,0.0006431606598198
3PUF(3):G_3PUF(3):H,0.012934,0.002172,0.018549,0.012765069492161274,0.0013705668970942,0.005867276340723
6RCX(1):A_6D0H(1):B,0.012965,0.0022963,0.01607,0.6110456585884094,0.9989492297172546,0.0711311623454094
3OEI(1):D_2VUS(2):J,0.012941,0.0021724,0.015885,0.11046131700277328,0.0005990923382341,0.0003777682723011
1N2D(1):C_6U08(2):D,0.012962,0.0021691,0.015866,0.41078245639801025,0.0003172591677866,0.0005905432626605
6NKL(1):C_4NWR(4):AS,0.012927,0.0021814,0.015872,0.00784865953028202,0.0016553221503272,0.0346440896391868
2ZQK(2):B_1SV0(2):D,0.012996,0.0022,0.015911,0.04507358744740486,0.000360018806532,0.0002486763696651
1R6O(3):D_6X0A(15):O,0.012943,0.0022132,0.015964,0.024990903213620186,0.0007272525690495,0.0047114053741097
2Y9X(2):F_4NWO(1):A,0.012918,0.0021841,0.015857,0.3859166204929352,0.000256750266999,0.0003345693403389
1GKA(1):B_3LBX(1):B,0.013266,0.0021828,0.015955,0.11566253006458282,0.0006397798424586,0.000266444083536
6LBU(1):B_4C4K(1):O,0.012943,0.002193,0.015857,0.18886230885982513,0.000749961589463,0.0007427743403241
6M2I(1):A_2ES4(3):E,0.01354,0.0023209,0.016274,0.00870650913566351,0.0036842455156147,0.0019234768114984
6WEG(1):C_5JNO(1):B,0.013045,0.0022429,0.015914,0.03543873131275177,0.0018374273786321,0.0013128650607541
6JCK(1):A_6POL(2):C,0.013097,0.0023378,0.016004,0.12796548008918762,0.000448686274467,0.0292815640568733
4C4K(1):T_3OEI(1):B,0.013023,0.0022052,0.015885,0.14196324348449707,0.0002245839568786,0.0003937891160603
2VUS(2):B_5CFF(1):F,0.012946,0.0021983,0.015898,0.12037969380617142,0.001432834775187,0.0004133619950152
7BY3(1):C_4V02(1):C,0.013121,0.0022883,0.015894,0.18774041533470154,0.0006737085059285,0.0236015636473894
6B12(2):B_5ZB2(1):B,0.012939,0.0021946,0.015898,0.03565148636698723,0.0003514279087539,0.0014006916899234
2QAG(1):A_3M6M(1):B,0.013021,0.0021862,0.015933,0.030823295935988426,0.0002581725129857,0.0003977329470217
2PTT(1):B_7UM4(1):A,0.035886,0.0022496,0.01688,0.09059302508831024,0.0046997969038784,0.0065134582109749
2XQN(1):A_2XTS(1):D,0.013036,0.0022078,0.016268,0.19409681856632233,0.0005537106771953,0.0004202580021228
5YXY(1):D_3LBX(1):A,0.012942,0.0021858,0.015871,0.03175494819879532,0.00020807069086,0.000201463320991
4QX8(2):C_5NUP(1):A,0.013105,0.0022762,0.015904,0.06856603920459747,0.0005185265908949,0.0004672126378864
5E3E(1):A_2CG5(1):A,0.013079,0.0024218,0.015932,0.009609297849237919,0.0009450898505747,0.0032343638595193
4CXF(1):A_5JW9(1):A,0.012973,0.0022189,0.015914,0.027339788153767586,0.0002887024893425,0.0004073747841175
4NWO(1):B_6IB8(1):A,0.012977,0.0022041,0.016462,0.05043084919452667,0.0143095767125487,0.0011664195917546
6BZF(2):D_4TMA(2):J,0.01298,0.0021805,0.016055,0.12504985928535461,0.0006911501404829,0.0005389017169363
7LA5(1):A_3WXX(4):G,0.013199,0.0021733,0.015905,0.1585237979888916,0.0003000159340444,0.0002219481830252
2XQN(1):T_6XOD(1):B,0.012989,0.0021689,0.015851,0.005742691457271576,0.0003380987909622,0.0005939098773524
6X0A(15):O_6X0A(15):o,0.013336,0.0024936,0.016061,0.06573119759559631,0.999010443687439,0.9729639291763306
7BY3(1):C_6LBU(1):B,0.012949,0.002178,0.015927,0.3624560236930847,0.0003188377013429,0.007808041293174
4C4K(1):O_2R6A(1):C,0.012961,0.0021911,0.015865,0.004104267340153456,0.0003200681239832,0.0012676233891397
5YK7(1):C_5YK7(1):D,0.013,0.0022288,0.016289,0.013690712861716747,0.998849868774414,0.9866288900375366
1H3O(2):C_5J1L(1):A,0.013245,0.0022231,0.015958,0.03936855494976044,0.0002723573124967,0.0002586955961305
2XZ0(2):B_4QX8(2):C,0.013099,0.0021979,0.015995,0.014952043071389198,0.0004952337476424,0.0020785320084542
6WEG(1):C_6WEG(1):A,0.059149,0.59095,0.52724,0.022942189127206802,0.9990116357803344,0.9532518982887268
3X37(1):A_3X37(1):B,0.012956,0.002182,0.015973,0.06459936499595642,0.024996280670166,0.536315381526947
1TY4(1):B_6PNQ(1):B,0.012937,0.0022581,0.016623,0.5374133586883545,0.0005968397017568,0.0011959926923736
1GKA(1):A_3IEY(1):B,0.012923,0.0021845,0.015922,0.10598596185445786,0.0004934904864057,0.0020312063861638
1R6O(3):D_6U08(2):C,0.012926,0.0022195,0.015929,0.0682029128074646,0.0032572529744356,0.0019701190758496
7EXZ(2):A_2IYB(2):B,0.012938,0.0021673,0.015878,0.05356532707810402,0.000250362616498,0.0002180328301619
1XG2(1):B_7ETR(1):A,0.012949,0.0021899,0.015882,0.2230331152677536,0.0002413397887721,0.0004376550787128
3A0R(1):B_5CK3(1):A,0.013099,0.0021963,0.015906,0.006542143411934376,0.0002964091836474,0.0003592619614209
3FGC(2):D_4NL9(2):B,0.012993,0.0022104,0.015941,0.014794544316828251,0.0002410019951639,0.0002546033938415
4ZIR(1):A_4ZIR(1):B,0.4795,0.83887,0.52803,0.10617834329605103,0.9985756874084472,0.9645541906356812
4BFI(1):A_4BFI(1):B,0.63937,0.048663,0.048533,0.05145055428147316,0.9988200068473816,0.6277680993080139
7BY3(1):D_2Y0N(1):E,0.013168,0.0023923,0.015878,0.2568608522415161,0.0004135827184654,0.0009289627196267
3LKX(1):A_5YXY(1):D,0.012998,0.0021961,0.015889,0.027336763218045235,0.0002268538228236,0.0002006059366976
4X33(1):A_6WEG(1):C,0.012957,0.0030381,0.016204,0.11875072121620178,0.0005086018354631,0.0506546795368194
7RAG(1):B_1RP3(4):H,0.013173,0.0022433,0.016,0.10542993992567062,0.0011455210624262,0.1596775203943252
5IBW(1):A_5IBW(1):C,0.013087,0.42161,0.26694,0.2741842567920685,0.9989878535270692,0.0035226985346525
6F4J(2):B_2VUS(2):B,0.012926,0.002179,0.015883,0.00733140716329217,0.0007203741697594,0.0006005915929563
6ZT0(1):AAAA_4C4K(1):O,0.065633,0.0028936,0.016075,0.043027013540267944,0.0020865807309746,0.0004316683043725
5WRV(1):B_2VUS(2):B,0.013122,0.0021825,0.015951,0.009474792517721653,0.0143752666190266,0.0004828368255402
6F4J(2):B_2R6A(1):B,0.012942,0.0021855,0.015889,0.2291824072599411,0.0002210584207205,0.0005806072149425
1OFH(1):G_3WXX(4):G,0.013116,0.0022004,0.015895,0.1508866548538208,0.0003381657006684,0.0016976745100691
2VUS(2):B_2PMS(2):D,0.012936,0.0021853,0.015895,0.005295955576002598,0.0003534616553224,0.0027268594130873
2IYB(2):F_7VKB(1):B,0.01307,0.0022164,0.015861,0.009728582575917244,0.0002388587163295,0.0005675772554241
1QDL(1):B_3HUG(6):J,0.013278,0.0022376,0.016079,0.016419267281889915,0.0002266490919282,0.0003622687363531
5YXY(1):D_7ENH(1):A,0.01294,0.0021894,0.015937,0.15833255648612976,0.0002445872523821,0.0005228588706813
5OF3(1):D_7P99(1):C,0.012999,0.002229,0.015898,0.017798077315092087,0.0002970901841763,0.0005000011879019
5XKJ(1):C_5XKJ(1):E,0.015644,0.002691,0.065043,0.030147628858685493,0.044203232973814,0.2686442136764526
6R3S(1):A_4NL9(2):B,0.013248,0.0022464,0.016239,0.3735840916633606,0.1139552369713783,0.0305298268795013
4QX8(2):D_3AMJ(1):B,0.012968,0.0022058,0.015899,0.05861717462539673,0.0005688054370693,0.0015065717743709
2XTS(1):D_5HY3(1):B,0.013016,0.002188,0.015897,0.023524092510342598,0.0005947862518951,0.0003693805483635
7C96(1):B_5CK3(1):B,0.013179,0.0021898,0.017975,0.02226468361914158,0.0003128665557596,0.0007163962000049
1XG2(1):B_3NQZ(1):B,0.012958,0.0022557,0.015939,0.03489409014582634,0.0134790884330868,0.700092077255249
3AV0(1):A_4WWR(3):C,0.012946,0.0022035,0.015881,0.002843492431566119,0.0003464446344878,0.000848141266033
3V6I(1):A_3V6I(1):B,0.296,0.013187,0.58427,0.4203733801841736,0.9989012479782104,0.9648566842079164
6KPD(1):B_2XZ0(2):D,0.013011,0.0023244,0.015972,0.022215597331523895,0.0004267426265869,0.0011575425742194
7DMA(1):B_2ZP9(1):G,0.012935,0.0021715,0.015879,0.016809044405817986,0.0036176955327391,0.1850077956914901
7ENH(1):B_2BUY(1):A,0.012995,0.0022127,0.015907,0.29565465450286865,0.0135452412068843,0.0009268434369005
3MB2(2):I_4TMA(2):J,0.013019,0.002199,0.015924,0.2951571047306061,0.0003641636576503,0.0186623372137546
1T3E(1):B_3A5Z(1):C,0.013487,0.13253,0.017376,0.201904758810997,0.0002619959122966,0.001145031186752
6YJP(1):A_4QMF(2):B,0.012956,0.0021856,0.015908,0.053223758935928345,0.0003919879673048,0.0001797539007384
3MB2(2):I_5XE3(1):A,0.012959,0.002208,0.015927,0.0286367479711771,0.0140946637839078,0.0264035873115062
6GND(2):D_4FXE(1):E,0.013045,0.0033217,0.015877,0.006239558570086956,0.0112262899056077,0.0032608916517347
6KM7(1):A_7FAD(2):C,0.012936,0.0021964,0.015936,0.14685291051864624,0.0178791489452123,0.004392301198095
4V02(1):C_5OW5(1):B,0.012995,0.002206,0.01589,0.002974990289658308,0.0002492222993168,0.0008204964105971
3A0R(1):B_6VW9(1):B,0.012958,0.0021897,0.015883,0.3045138120651245,0.0005739401094615,0.0008285076473839
6IB8(1):A_6HPB(1):B,0.012965,0.0021934,0.015939,0.0032001722138375044,0.0010264135198667,0.0045860377140343
1T3E(1):B_5OF3(1):E,0.013051,0.0021857,0.015965,0.48092740774154663,0.0002556008403189,0.0005830922746099
6KM7(1):A_5MW9(2):F,0.014003,0.0026362,0.016088,0.19671866297721863,0.0091168666258454,0.0021536229178309
1GKA(1):B_4WWR(3):D,0.012939,0.0021997,0.01586,0.009511814452707767,0.0021590946707874,0.0002082137652905
3AV0(1):B_7P99(1):C,0.013305,0.0024987,0.016089,0.031693074852228165,0.0003029228537343,0.0003004114842042
5ERG(1):A_3EXE(2):H,0.012974,0.0021684,0.015911,0.6437875032424927,0.0006443064194172,0.0007581030367873
6D0H(1):A_6NXF(1):B,0.012925,0.0021765,0.016068,0.027624020352959633,0.0003957055159844,0.0001975968189071
6TPI(1):A_2BUY(1):A,0.012937,0.0022422,0.015942,0.16342687606811523,0.0044863461516797,0.0006862901500426
7P99(1):C_6XOD(1):A,0.4413,0.0043155,0.016514,0.3356316387653351,0.8555063605308533,0.2400922179222107
3AMJ(1):B_5ERG(1):A,0.012937,0.0021708,0.015946,0.13219772279262543,0.0002288633841089,0.0001883136428659
2PT7(1):H_1H3O(2):C,0.012998,0.0022,0.015919,0.012962653301656246,0.0006004886236041,0.0004884473746642
5NT7(1):D_4C4K(1):O,0.013304,0.0022076,0.016104,0.037095312029123306,0.0005281513440422,0.0013801818713545
5E3E(1):A_6XF1(2):D,0.012943,0.0021689,0.015889,0.01015325915068388,0.0002381281228736,0.0005122369038872
3EXE(2):E_6CP9(4):G,0.012942,0.0021893,0.015921,0.023930994793772697,0.0002450346946716,0.0016848447266966
6F45(1):D_3X37(1):B,0.012951,0.0021967,0.015911,0.17594699561595917,0.0024974797852337,0.0008450416498817
5ERG(1):B_4QMF(2):B,0.013038,0.0021772,0.015898,0.003888801671564579,0.0110696293413639,0.8846973180770874
7BY3(1):C_2PT7(1):H,0.013004,0.0022366,0.015929,0.002673042705282569,0.0009798966348171,0.001813750481233
6GW6(1):A_3Q4H(2):A,0.012911,0.002215,0.016267,0.016993241384625435,0.0003579452750273,0.0094179213047027
3OEI(1):D_3TVT(1):B,0.012976,0.0021724,0.016081,0.009203641675412655,0.0008724191575311,0.0003630577120929
6BSC(1):B_6TI2(1):B,0.012931,0.0021773,0.0159,0.1505553424358368,0.0012493066024035,0.0012205784441903
6XF1(2):D_4ZK7(1):W,0.012963,0.0021735,0.015921,0.0866558700799942,0.0002412236062809,0.0002681086189113
7C96(1):A_6CP9(4):G,0.012941,0.0021786,0.015982,0.026810508221387863,0.0419791564345359,0.0037468068767338
6LBU(1):A_5XKJ(1):C,0.012919,0.0021744,0.015902,0.257076621055603,0.0002554821840021,0.0002919186663348
3F1I(1):S_2XZ0(2):D,0.01317,0.0022739,0.016021,0.028634246438741684,0.000276630918961,0.0016646872973069
1TY4(1):B_4XA9(8):H,0.012932,0.0021968,0.016039,0.010965621098876,0.0026863778475672,0.0045425659045577
5IBW(1):A_6XRW(1):B,0.013081,0.0021994,0.016437,0.017028341069817543,0.0002313590521225,0.0002671685360837
1XG2(1):A_3CDK(1):D,0.013156,0.0021901,0.016181,0.44644448161125183,0.0003060869057662,0.000266078277491
6XF1(2):C_6XF1(2):D,0.013073,0.0021913,0.0161,0.11556026339530945,0.0003484436019789,0.0016068583354353
5MU7(1):B_6Y4L(1):A,0.013541,0.0021977,0.015909,0.05147409811615944,0.0094662746414542,0.3381521999835968
6WEG(1):C_2ZQK(2):B,0.012952,0.0021916,0.01589,0.008092129603028297,0.0004635331861209,0.0005162639426998
4ZQU(1):A_4ZQU(1):B,0.012935,0.0021843,0.015908,0.021656904369592667,0.6843810677528381,0.3906148970127105
5NUS(1):B_6L5K(1):B,0.013012,0.0022015,0.015939,0.12540675699710846,0.0081416880711913,0.043430533260107
3IEY(1):B_2ZP9(1):J,0.01296,0.0023549,0.015975,0.005197441205382347,0.7359474301338196,0.0008997846161946
3M7F(1):A_3EXE(2):E,0.012998,0.0021823,0.015914,0.004884527064859867,0.0002437156945234,0.0006925034103915
7MWR(1):B_1N2D(1):A,0.013022,0.0021898,0.015902,0.04345962032675743,0.0006649360293522,0.0006710197776556
4KBQ(1):C_6WEG(1):A,0.013023,0.0022708,0.01605,0.02293860912322998,0.0067502176389098,0.0007701074937358
6NXF(1):B_6PNQ(1):A,0.012929,0.0021858,0.015936,0.09395945072174072,0.0009811251657083,0.0012957680737599
5YK7(1):D_4X33(1):A,0.012942,0.0022009,0.015873,0.6113196015357971,0.0003501096798572,0.0004090421134606
3LBX(1):B_6U08(2):D,0.012947,0.0021871,0.015871,0.10887197405099869,0.0002828410943038,0.0004959045327268
5JNO(1):A_4ZK7(1):E,0.012957,0.002183,0.015885,0.06645719707012177,0.0002907448797486,0.0014396831393241
2QAG(1):A_6IB8(1):A,0.013385,0.0022104,0.015956,0.5005106329917908,0.000229282741202,0.0001783763727871
1XG2(1):B_7DG5(1):B,0.013007,0.0021919,0.015881,0.024815360084176064,0.0003103500057477,0.0003056302666664
5AUP(1):A_5AUP(1):I,0.013658,0.0037664,0.016941,0.009074903093278408,0.3048494756221771,0.8698592782020569
1QDL(1):A_4Y66(2):D,0.012933,0.0021849,0.015911,0.11862634867429733,0.000587006448768,0.0003825839376077
6PNQ(1):A_6PNQ(1):B,0.015197,0.0026067,0.016814,0.008308475837111473,0.0031014124397188,0.3326396346092224
1H3O(2):C_1H3O(2):D,0.46076,0.067396,0.67541,0.09245655685663223,0.8452820777893066,0.2420915514230728
6XAW(1):A_6XAW(1):B,0.012953,0.0021764,0.015888,0.46261802315711975,0.9988173842430116,0.0150318024680018
6LBT(1):A_6LBT(1):C,0.013023,0.0021793,0.015997,0.046395689249038696,0.998764991760254,0.6511024832725525
6BZF(2):D_6RCX(1):A,0.012928,0.0022245,0.015905,0.07424021512269974,0.0002386249689152,0.0003317330847494
6KPD(1):B_5ERG(1):A,0.014413,0.002194,0.015922,0.0039234645664691925,0.9941667318344116,0.0059166001155972
7KBJ(2):J_3NQZ(1):B,0.013548,0.0025942,0.016018,0.00952916219830513,0.0176602303981781,0.0010131814051419
6DRH(4):G_6YJP(1):A,0.012958,0.0021822,0.015929,0.059646639972925186,0.0003333537606522,0.0008699168683961
6JCK(1):B_5NUP(1):D,0.012955,0.00218,0.015949,0.01825970970094204,0.0002302477369084,0.0002776444889605
1G73(2):B_6XF1(2):D,0.012964,0.0022091,0.015983,0.014644038863480091,0.0006004016031511,0.00125535170082
7LA5(1):A_5MW9(2):G,0.01293,0.0021736,0.015898,0.008355703204870224,0.0002319830527994,0.0001999011874431
3R84(19):U_2ES4(3):B,0.012921,0.0021972,0.015965,0.041150085628032684,0.0002463810087647,0.000198158522835
6R3S(1):A_5YK7(1):D,0.012966,0.002173,0.015988,0.1052563339471817,0.0008101491839624,0.0084385219961404
3AMJ(1):A_5YK7(1):D,0.012934,0.002178,0.015928,0.012674140743911266,0.0002370570873608,0.0003189930866938
7LA5(1):B_4NWO(1):B,0.013024,0.002175,0.017307,0.5023288130760193,0.0002546995237935,0.000259861437371
5CTR(1):C_6BSC(1):B,0.01294,0.0021698,0.015881,0.011368400417268276,0.0105107501149177,0.0001963261747732
1TY4(1):D_3R84(19):V,0.018823,0.0022767,0.017321,0.07343637943267822,0.003819391131401,0.0066940868273377
6YJP(1):A_1RP3(4):H,0.012993,0.002194,0.015877,0.02878137305378914,0.0004531068552751,0.0002224138152087
6U3W(1):A_3A0R(1):A,0.012979,0.0021947,0.016069,0.01861712336540222,0.0002937316312454,0.0003661934460978
5XE3(1):A_6PNQ(1):B,0.012959,0.0021853,0.015901,0.30865177512168884,0.0002834041661117,0.0004847786040045
6LBU(1):A_4CXF(1):A,0.012976,0.0021747,0.015971,0.05108080804347992,0.0002334732998861,0.0001545940467622
4UDM(1):A_4UDM(1):B,0.013136,0.0021812,0.015945,0.18593639135360718,0.0274766981601715,0.8520348072052002
5B64(1):A_3H0W(1):B,0.01295,0.0021919,0.015909,0.15253381431102753,0.003401183290407,0.0013905041851103
6B12(2):B_5UIW(1):A,0.012967,0.0022681,0.015903,0.22891923785209656,0.0003392322105355,0.0002865156857296
3A5Z(1):C_6XZ6(1):B,0.013418,0.0022047,0.015972,0.121592678129673,0.0003285623388364,0.0002125814644386
7UM4(1):B_7DG5(1):A,0.012985,0.0021737,0.015943,0.051395583897829056,0.0005299152107909,0.000446922640549
5MW9(2):F_6F45(1):A,0.014202,0.0028112,0.016291,0.05710269510746002,0.0002737454196903,0.0003072001854889
5AUP(1):I_5XE3(1):E,0.013066,0.0022322,0.015976,0.15008066594600677,0.0011098323157057,0.0004919625935144
7VKB(1):A_4BFI(1):A,0.012933,0.0021789,0.015883,0.14522598683834076,0.0002829484001267,0.0001540513621876
1H3O(2):D_3WXX(4):H,0.01296,0.0022164,0.015933,0.33249005675315857,0.0002896462101489,0.0003772752243094
6PNQ(1):A_3R84(19):U,0.013159,0.0022012,0.015896,0.11029069870710373,0.0002548885240685,0.0006779649411328
6KPD(1):C_7P99(1):A,0.012999,0.002177,0.017198,0.29701197147369385,0.0003522360348142,0.0195935796946287
7ENH(1):A_7ENH(1):B,0.012921,0.0022926,0.016276,0.45061707496643066,0.998189389705658,0.9302963614463806
6CP9(4):G_2FOI(1):B,0.013038,0.0022809,0.015956,0.04534408450126648,0.0006079679005779,0.0033405453432351
6GW6(1):A_6GW6(1):B,0.013877,0.0029818,0.018005,0.02694896049797535,0.9989240765571594,0.5800673961639404
2BUY(1):A_5WB5(1):A,0.012951,0.0021951,0.015949,0.07712762802839279,0.0010823532938957,0.0001557316572871
3OEI(1):D_6RCX(1):A,0.012961,0.0022289,0.016144,0.18746761977672577,0.0113442502915859,0.0039950171485543
1Q7L(3):B_2PMS(2):D,0.012921,0.0022021,0.015904,0.025758184492588043,0.0005893980851396,0.0019696978852152
3AMJ(1):A_6WEG(1):A,0.01299,0.0021937,0.015902,0.10508883744478226,0.0002978490956593,0.0002324898960068
2Y0N(1):E_3AMJ(1):B,0.012943,0.0022374,0.015884,0.005259035620838404,0.0004726730694528,0.0019757139962166
3FGC(2):C_7UM4(1):B,0.013177,0.0022216,0.016014,0.30671364068984985,0.0009302022517658,0.0002407117426628
3EXE(2):E_6HUL(1):B,0.01496,0.16279,0.056543,0.3355240821838379,0.0038768874946981,0.0002541401481721
6VW9(1):B_6GW6(1):A,0.012954,0.0022238,0.015911,0.06956776976585388,0.0004416379670146,0.0002272614510729
2CZV(1):B_6D0H(1):A,0.012923,0.0021648,0.015892,0.05846705660223961,0.0041984063573181,0.0002962083381135
1T3E(1):P_4NWR(4):AT,0.013003,0.002184,0.015901,0.0038139796815812588,0.0017759460024535,0.0004264242306817
1OFH(1):A_1OFH(1):G,0.013448,0.0049933,0.20844,0.3484996259212494,0.0013790905941277,0.0032371922861784
5UIW(1):B_4DGW(1):A,0.012933,0.0021755,0.015885,0.516182541847229,0.0012056654086336,0.0002462593838572
3TND(1):B_1TY4(1):B,0.013012,0.0021953,0.0159,0.02866997756063938,0.0003537419834174,0.0003153794677928
1TFO(1):B_1T3E(1):B,0.013178,0.0022117,0.015992,0.5766855478286743,0.0003553957503754,0.0022165258415043
7DG5(1):B_3EXE(2):H,0.012942,0.0021708,0.015897,0.1487586349248886,0.0002533599326852,0.0002844357513822
1TQY(4):G_4CYJ(2):F,0.012965,0.0022138,0.016018,0.00795471016317606,0.0002286747476318,0.0004816653090529
5MPO(1):B_6X0A(15):O,0.013032,0.0053869,0.016242,0.23940244317054749,0.0082548772916197,0.0001802676124498
4BY6(2):C_6CP9(4):G,0.012922,0.0021834,0.016042,0.3319588601589203,0.0007635444053448,0.0025217253714799
2IDO(2):C_6ZT0(1):A,0.012935,0.0021852,0.015888,0.0704570934176445,0.0002276904706377,0.0002831284364219
6TI2(1):E_5Y9W(1):B,0.012973,0.0022875,0.018119,0.16637000441551208,0.0059302900917828,0.2463456094264984
5JW9(1):B_5OW5(1):A,0.013542,0.0023287,0.016014,0.1356743425130844,0.0044249319471418,0.0055126189254224
4C4K(1):T_7MWR(1):B,0.012997,0.0021859,0.015881,0.011201581917703152,0.0009027579217217,0.0017043743282556
4QX8(2):D_2ZP9(1):J,0.01325,0.0036438,0.015861,0.027557536959648132,0.0012307551223784,0.0165992565453052
6GJE(1):A_1G73(2):D,0.012958,0.0023101,0.015887,0.1745973527431488,0.0004020885098725,0.0002042629348579
4Y66(2):D_5JNO(1):B,0.012931,0.0022359,0.015905,0.16334612667560577,0.0017567947506904,0.3057569563388824
2J9U(1):A_2J9U(1):B,0.013213,0.0022091,0.015927,0.022022470831871033,0.0003074369160458,0.0004352577961981
3IEY(1):A_6BSC(1):B,0.012929,0.0021788,0.015888,0.05106911435723305,0.0004777871654368,0.0002943250583484
5OF3(1):D_2PMS(2):B,0.012931,0.0021825,0.015894,0.08251303434371948,0.0003869881329592,0.0001919663191074
4CC4(3):E_1TY4(1):B,0.012925,0.0022879,0.015954,0.02087986283004284,0.0034766625612974,0.0007875079172663
3FGC(2):C_5Y26(1):A,0.012981,0.0021884,0.015922,0.2702552080154419,0.0004222884017508,0.0005639604059979
7RAG(1):A_7RAG(1):B,0.015146,0.0022963,0.016327,0.01695280894637108,0.9987897276878356,0.8515965938568115
6COJ(1):A_1RP3(4):H,0.013013,0.0021833,0.015997,0.19783951342105865,0.0002122762234648,0.000178320260602
2BUY(1):B_2PMS(2):B,0.012959,0.0022511,0.01594,0.09998340904712677,0.002899897750467,0.0002939229598268
5K8J(1):B_7MWR(1):B,0.012946,0.0021938,0.01596,0.01056692935526371,0.0005726554663851,0.0013581564417108
4DGW(1):A_6XOD(1):A,0.013011,0.0022577,0.015903,0.4116099774837494,0.0013287625042721,0.0059637115336954
5UIW(1):A_5OW5(1):B,0.013122,0.002208,0.016032,0.026513461023569107,0.0003434032551012,0.0004505340766627
3M7F(1):A_3AMJ(1):B,0.013001,0.0021703,0.015944,0.2780040502548218,0.0002280872286064,0.0002504932053852
5CFF(1):F_4QX8(2):C,0.012943,0.0021829,0.015903,0.07704178243875504,0.0081258881837129,0.0018780106911435
1N2D(1):C_4ZIR(1):A,0.014813,0.0021833,0.015867,0.008513692766427994,0.0002516734239179,0.0003585678641684
5XKJ(1):C_6TPI(1):A,0.01298,0.0021929,0.015897,0.015659114345908165,0.0004069302522111,0.0009919051080942
3Q4H(2):A_4NWR(4):AT,0.036607,0.0022086,0.020477,0.01938028261065483,0.0003878296120092,0.0209476556628942
2Y3N(1):C_2Y3N(1):D,0.014183,0.004871,0.64084,0.09655213356018066,0.9989963173866272,0.982591986656189
4Y66(2):C_4CXF(1):A,0.013036,0.0031461,0.019268,0.006076620426028967,0.000214574902202,0.0003572351415641
3MB2(2):I_7EXZ(2):B,0.012974,0.0021906,0.016009,0.10551610589027405,0.0006017478881403,0.0005094186635687
4Y66(2):C_1G73(2):D,0.012968,0.0021894,0.016143,0.05554940551519394,0.0002706060768105,0.0036417213268578
2ES4(3):E_5K8J(1):B,0.013004,0.0026996,0.016549,0.33923518657684326,0.0009795397054404,0.2204005718231201
3M6M(1):E_2YC4(1):B,0.012972,0.0022122,0.015928,0.1103329285979271,0.0002528179320506,0.0003233517054468
5J4A(1):A_7LA5(1):B,0.012979,0.0021712,0.015994,0.2096194624900818,0.0003499313315842,0.0005801387596875
4CXF(1):B_2FOI(1):B,0.012956,0.0022159,0.015924,0.08755480498075485,0.0007459621992893,0.0002479469694662
4CC4(3):E_4QMF(2):B,0.012929,0.0021817,0.015876,0.03795301914215088,0.0002733130240812,0.0005844566039741
4QMF(2):A_4V02(1):C,0.013278,0.0022163,0.01595,0.027341052889823914,0.0150087401270866,0.0004017214814666
5K8J(1):B_5KEV(1):A,0.012923,0.0021897,0.016012,0.15637584030628204,0.0004472079453989,0.0004731871886178
7VKB(1):A_7MWR(1):B,0.012945,0.0021759,0.015916,0.5442535877227783,0.0005601325538009,0.0007447716780006
3QVG(2):A_5K8J(1):A,0.012952,0.0021695,0.023615,0.45763880014419556,0.0006542010814882,0.0002649060625117
6AKM(1):A_3EXE(2):H,0.012986,0.0022071,0.015903,0.6586876511573792,0.0002362396480748,0.0010902970097959
5OW5(1):B_2WP0(1):C,0.012946,0.0022114,0.015905,0.011494253762066364,0.0019292432116344,0.0009501663735136
7VD7(1):A_7FAD(2):D,0.013085,0.0021653,0.015891,0.11400539427995682,0.0006337840459309,0.0002343013038625
6XZ6(1):A_6XZ6(1):B,0.012988,0.0022953,0.016064,0.3136714994907379,0.1145998463034629,0.0331509187817573
7LA5(1):A_6WEG(1):A,0.012994,0.0021789,0.015888,0.02261810190975666,0.0002610586234368,0.0003828619956038
6TUN(2):B_7FAD(2):D,0.012939,0.0021885,0.015914,0.21005651354789734,0.0294034108519554,0.0555741935968399
1Q7L(3):B_5YK7(1):D,0.012918,0.0021776,0.015925,0.0018930076621472836,0.0004346978093963,0.0005786620313301
5NUS(1):A_6HPB(1):A,0.012962,0.0021947,0.015894,0.013476037420332432,0.0002871230535674,0.0003837762633338
2PTT(1):A_2PTT(1):B,0.68746,0.0060677,0.01619,0.11231503635644913,0.9989147186279296,0.4534423351287842
6M2I(1):B_6NKL(1):C,0.01293,0.0021889,0.016128,0.15122468769550323,0.0130707845091819,0.5189322829246521
2ZP9(1):G_6KM7(1):A,0.013407,0.0021861,0.015897,0.006344952620565891,0.003063199808821,0.0055831386707723
5J1L(1):B_3ZDM(1):F,0.014133,0.0021923,0.016039,0.07011770457029343,0.0003555074217729,0.0006322770495899
7P99(1):C_5MC9(1):B,0.013004,0.0021977,0.015905,0.031057728454470634,0.0003135144943371,0.0009241848019883
4NWO(1):B_4QX8(2):D,0.012972,0.0021943,0.01589,0.15987855195999146,0.0015693263849243,0.0007533355965279
5B64(1):B_6TI2(1):E,0.012937,0.0021775,0.015878,0.03391000255942345,0.0003288835578132,0.0004929627175442
3ZDM(1):E_7V5Z(1):B,0.012932,0.0022362,0.0159,0.0012403941946104169,0.0004616830556187,0.0024943798780441
2Y0N(1):E_2VUS(2):B,0.012981,0.0022135,0.015948,0.016883637756109238,0.0057719573378562,0.0143783828243613
1T3E(1):P_5NT7(1):C,0.012953,0.0021783,0.015874,0.028892338275909424,0.0008338271873071,0.0033587114885449
1OFH(1):A_2Y0N(1):E,0.012992,0.0021852,0.015892,0.052701033651828766,0.0009987311204895,0.0028923670761287
5ERG(1):A_5ERG(1):B,0.013081,0.00219,0.016645,0.3805534839630127,0.4576818943023681,0.991943359375
4XA9(8):h_2PT7(1):H,0.012921,0.0021845,0.015903,0.003955198917537928,0.0008369906572625,0.0005867992294952
1TY4(1):D_5IBW(1):C,0.013156,0.002795,0.017853,0.24560725688934326,0.0010382812470197,0.0008269747486338
3F1I(1):S_1Z6O(1):O,0.013975,0.0022741,0.016045,0.0929175615310669,0.0005626876372843,0.0008605602197349
1RP3(4):H_3PUF(3):G,0.012954,0.0021681,0.015911,0.034146618098020554,0.0004266544128768,0.0002010231401072
7FAD(2):D_4NWR(4):AT,0.012975,0.0021699,0.015962,0.02002718858420849,0.0017400052165612,0.0003919420414604
2QAG(1):B_3Q4H(2):B,0.012989,0.0022032,0.015923,0.04924429953098297,0.0003081878821831,0.0003173580626025
7KBJ(2):J_6X0A(15):o,0.012931,0.0021783,0.015935,0.24525333940982819,0.0002947710163425,0.0005208239890635
7KBJ(2):J_4Y66(2):C,0.012917,0.0021783,0.015884,0.013432689011096954,0.0004119179502595,0.000399737706175
6XAW(1):B_6MAF(1):C,0.013143,0.0021934,0.015889,0.07797467708587646,0.0028633740730583,0.087735041975975
3M7F(1):A_3M7F(1):B,0.013199,0.0021774,0.016014,0.18020567297935486,0.0216918997466564,0.009503242559731
4ZIR(1):B_2PT7(1):H,0.013123,0.0023138,0.015955,0.7237079739570618,0.0010035129962489,0.0015826156595721
4NWR(4):AT_5K8J(1):B,0.012927,0.0021743,0.015997,0.04721872881054878,0.0074639520607888,0.0050759147852659
4BFI(1):B_6TUN(2):B,0.013041,0.0021826,0.015931,0.002128113992512226,0.0031200826633721,0.0011133240768685
5IBW(1):C_3LKX(1):B,0.013278,0.0021668,0.015878,0.043921466916799545,0.0009238427155651,0.0023594654630869
6XF1(2):D_4WWR(3):D,0.012977,0.0022474,0.015875,0.09695161134004593,0.0087409950792789,0.0018638542387634
4V02(1):C_5Y9W(1):B,0.012937,0.0021893,0.015896,0.01768963225185871,0.0002423920232104,0.0001963817776413
5WB5(1):A_7ETR(1):A,0.012945,0.0021721,0.015912,0.06610126048326492,0.0002670279936864,0.0005102382274344
6GW6(1):B_5NT7(1):D,0.012937,0.002188,0.015926,0.1378607600927353,0.0006498831207863,0.0005214039119891
2VDW(4):G_3TVT(1):B,0.013249,0.0021741,0.015921,0.030062522739171982,0.1648025810718536,0.0035429107956588
1RP3(4):H_6GW6(1):B,0.012982,0.0022056,0.016026,0.02111627534031868,0.0137592051178216,0.0006575847510248
6XF1(2):D_7KBJ(2):I,0.013444,0.0021913,0.015982,0.09885959327220917,0.0004713060334324,0.0006462199380621
7EXZ(2):B_6TUN(2):B,0.012925,0.002194,0.015969,0.38691940903663635,0.0011394356843084,0.0004679032717831
2ZQK(2):D_2WP0(1):C,0.013045,0.0021943,0.0159,0.029767481610178947,0.0012717304052785,0.0036718461196869
6POL(2):C_5ZB2(1):A,0.012944,0.0023803,0.016001,0.018613139167428017,0.0003917808353435,0.000629031274002
3A0R(1):B_1N2D(1):A,0.013043,0.002221,0.016146,0.14487966895103455,0.0003406108007766,0.000470793020213
5OW5(1):A_3M6M(1):E,0.013154,0.0022083,0.015984,0.02690775878727436,0.0003624157106969,0.0005577157717198
2WP0(1):A_3F1I(1):S,0.012994,0.0023314,0.01587,0.21497173607349396,0.3110262751579284,0.0009177571046166
4CYJ(2):D_2CZV(1):D,0.01295,0.0021815,0.01631,0.10895997285842896,0.0003530493122525,0.0004116312484256
7UM4(1):A_1Q7L(3):B,0.01296,0.0022202,0.015894,0.030470112338662148,0.0014394423924386,0.0031272987835109
5MC9(1):C_4V02(1):C,0.012972,0.0021936,0.015981,0.10269039124250412,0.0002370256843278,0.0003256788768339
6COJ(1):A_2PT7(1):D,0.013265,0.0022883,0.015984,0.12806390225887299,0.0002187818899983,0.0006406609318219
2BUY(1):B_2IDO(2):C,0.012977,0.0022166,0.015967,0.04439182206988335,0.0021131166722625,0.0004519699723459
3H0W(1):A_6XAW(1):A,0.01299,0.0021721,0.015873,0.045048926025629044,0.000288260198431,0.0003555528528522
5CFF(1):F_2XTS(1):C,0.012955,0.0021964,0.015916,0.0764843225479126,0.0004326749767642,0.0001821580517571
2CG5(1):B_6AKM(1):B,0.012989,0.002192,0.016001,0.6480388045310974,0.0002506635501049,0.0025888348463922
6B12(2):B_6B12(2):D,0.015115,0.0022001,0.015992,0.09350539743900299,0.9973905682563782,0.002636888064444
5WB5(1):A_3LBX(1):A,0.025113,0.0021997,0.016317,0.6115221977233887,0.0003514655982144,0.0004343152686487
6X0A(15):O_5IBW(1):C,0.012996,0.0022869,0.01592,0.13868840038776398,0.0002280065818922,0.0003957992303185
5OF3(1):D_5OF3(1):E,0.012935,0.0025573,0.016156,0.09052741527557373,0.9982026815414428,0.932353675365448
1TFO(1):B_5KEV(1):B,0.012941,0.002353,0.015958,0.04874751716852188,0.0008726235828362,0.0005676940781995
5B64(1):B_4EXP(1):X,0.012943,0.0021822,0.015872,0.03165397793054581,0.0005634927074424,0.0002250991237815
1TFO(1):A_6LBT(1):C,0.012933,0.0021736,0.015925,0.24632477760314941,0.0145958364009857,0.0059958463534712
6PNQ(1):B_2XTS(1):D,0.01299,0.0022231,0.016238,0.026161974295973778,0.0004871677083428,0.0010262643918395
6WEG(1):A_3L4B(1):D,0.012979,0.0023896,0.016009,0.09668149054050446,0.0025745830498635,0.0020076623186469
5MW9(2):G_7DMA(1):B,0.012953,0.0021837,0.015915,0.017343714833259583,0.000322081032209,0.0002366889675613
6TI2(1):E_3NQZ(1):A,0.013773,0.0021959,0.016815,0.5293869972229004,0.0006663202657364,0.0013882706407457
5NUS(1):A_2ZQK(2):D,0.013008,0.0026692,0.015942,0.38016995787620544,0.0022068310063332,0.007876050658524
6R3S(1):A_6R3S(1):B,0.013087,0.0021966,0.042843,0.0018206752138212323,0.998854637145996,0.5065485239028931
4NL9(2):D_3WXX(4):H,0.012972,0.0022105,0.015876,0.06799529492855072,0.0004619566898327,0.0007735319668427
6LBT(1):A_3F1I(1):H,0.012939,0.0021971,0.015866,0.14371739327907562,0.0028959545306861,0.0006296011270023
6XOD(1):A_6XF1(2):D,0.013238,0.0021727,0.015935,0.11623812466859818,0.0017396557377651,0.0025902402121573
6TPI(1):A_3FGC(2):C,0.013016,0.0022213,0.01597,0.13981211185455322,0.000288916984573,0.0003364690637681
6TRI(1):B_5Y26(1):A,0.013011,0.0022322,0.015972,0.006537084002047777,0.0003051839012186,0.0010108347050845
1G73(2):B_1G73(2):D,0.014473,0.0021967,0.015927,0.012789959087967873,0.0018099447479471,0.0039273481816053
4ZIR(1):B_5KEV(1):A,0.013191,0.0022338,0.015984,0.14459434151649475,0.0003029170911759,0.0004266444593667
3ZDM(1):F_6COJ(1):B,0.012942,0.0021817,0.015953,0.03541405498981476,0.0002309491246705,0.0002279881009599
7V5Z(1):B_5JW9(1):A,0.012935,0.0028722,0.015862,0.21097134053707123,0.0002190757659263,0.0001574853667989
5Y9W(1):C_6IB8(1):C,0.012994,0.0021927,0.015908,0.06685956567525864,0.0003419309214223,0.0004910501884296
5ERG(1):B_1Z6O(1):C,0.012943,0.0022065,0.015922,0.0036097567062824965,0.000290923169814,0.0021715776529163
6CP9(4):H_3A5Z(1):D,0.012938,0.0022115,0.015914,0.05422385409474373,0.0002679253811948,0.0006736147333867
4C4K(1):O_1TFO(1):A,0.012953,0.0021845,0.015864,0.008540946058928967,0.0005100366543047,0.0004727341001853
3A0R(1):B_6GND(2):C,0.013288,0.006579,0.045767,0.25357329845428467,0.0004324917099438,0.5298198461532593
2IDO(2):D_3A5Z(1):D,0.013014,0.0021992,0.015922,0.07429322600364685,0.0006340033723972,0.0009570965776219
1OFH(1):A_2CG5(1):B,0.01325,0.01234,0.067862,0.11404715478420258,0.0028821288142353,0.0954149439930915
3NQZ(1):B_6JCK(1):A,0.012972,0.0022059,0.015934,0.37080118060112,0.0004506689729169,0.0004887081449851
7KBJ(2):J_4BFI(1):B,0.012975,0.0021849,0.015954,0.07561544328927994,0.0026224909815937,0.0003451108641456
4BFI(1):B_6MAF(1):C,0.012951,0.0021761,0.015888,0.46783941984176636,0.0004357063444331,0.0007514173630625
6U08(2):C_3NYB(1):B,0.012938,0.0021691,0.015973,0.04157416895031929,0.0008062753477133,0.0004330368537921
2CZV(1):B_3R84(19):V,0.013041,0.0021987,0.015923,0.018362274393439293,0.0003706361458171,0.0004062019579578
3LBX(1):A_4V02(1):C,0.012942,0.0021955,0.01589,0.4146004617214203,0.000261799636064,0.000399670418119
6GJE(1):D_5HY3(1):B,0.012936,0.0021687,0.015896,0.2514680027961731,0.0014177137054502,0.0002591023803688
6B12(2):D_1R6O(3):B,0.012961,0.0022462,0.015989,0.01999988779425621,0.0006287702708505,0.0012721876846626
7DMA(1):A_7DMA(1):B,0.012923,0.0021655,0.015979,0.04095761477947235,0.0219535119831562,0.0058220899663865
3M6M(1):E_6L5K(1):B,0.012945,0.0022056,0.015884,0.004663426894694567,0.0003182230575475,0.0002580159925855
6LBT(1):A_1LGH(2):J,0.013243,0.0025241,0.015881,0.06638593971729279,0.0024575360585004,0.0004370739043224
7VD7(1):B_4CXF(1):B,0.012949,0.0025249,0.015919,0.019731653854250908,0.0009462657035328,0.000507018296048
7FAD(2):C_7MWR(1):A,0.012997,0.002186,0.015893,0.02291364036500454,0.000552802637685,0.0019101194338873
4X33(1):A_5MU7(1):B,0.012996,0.0022233,0.015873,0.010200895369052887,0.0007054576417431,0.0002364654210396
6IB8(1):C_3A5Z(1):C,0.013094,0.0029954,0.022971,0.008933811448514462,0.0033496739342808,0.0058783842250704
4CYJ(2):D_3QVG(2):A,0.012933,0.0021716,0.015943,0.06410558521747589,0.0022268474567681,0.0009137518354691
2CG5(1):B_7BY3(1):C,0.013303,0.0025143,0.016173,0.12218006700277328,0.0015047324122861,0.0008441438549198
2ZQK(2):D_6KPD(1):C,0.012945,0.0021807,0.015895,0.02607656456530094,0.0007225229637697,0.0022985162213444
6YJP(1):C_5NT7(1):C,0.01303,0.0021831,0.015923,0.30230098962783813,0.0011977221583947,0.0001600376126589
5XKJ(1):E_6GND(2):D,0.01315,0.0023605,0.015901,0.06418688595294952,0.0003977493033744,0.0007024006918072
5MW9(2):F_5MW9(2):G,0.59048,0.36561,0.53718,0.1572130024433136,0.99858957529068,0.1334806978702545
1H3O(2):C_5C6D(1):C,0.013027,0.010317,0.58889,0.012190119363367558,0.00063440320082,0.0025216832291334
5Y26(1):A_6HPB(1):B,0.012974,0.0024104,0.016104,0.03973076120018959,0.0002914083888754,0.0003204112872481
1GKA(1):B_4EXP(1):A,0.012981,0.0022345,0.016,0.0015864621382206678,0.0009958322625607,0.0010065899696201
3EXE(2):H_6TPI(1):C,0.013116,0.0022702,0.016139,0.01505732350051403,0.0003353155916556,0.1491880714893341
4C4K(1):O_4PJ2(2):C,0.013188,0.0022726,0.016244,0.5859583616256714,0.0128177274018526,0.0020016771741211
6U08(2):C_6YJP(1):A,0.019068,0.0022938,0.016015,0.7101523876190186,0.0009646570542827,0.0023393922019749
6U3W(1):B_6HUL(1):A,0.013376,0.002624,0.016278,0.5066614151000977,0.0006423980230465,0.0017754228319972
5XKJ(1):E_5NUP(1):D,0.012962,0.0033032,0.016083,0.3187209963798523,0.0012025044998154,0.0018443308072164
2BUY(1):A_4C4K(1):O,0.013148,0.0022017,0.015921,0.1395951360464096,0.0011049802415072,0.0003176595491822
5XE3(1):E_3CJH(2):I,0.012943,0.0022387,0.015907,0.5808426737785339,0.000492273888085,0.0001822692574933
2XZ0(2):B_4TPS(2):C,0.01294,0.0021884,0.015901,0.05980196222662926,0.0043358579277992,0.0142655633389949
5ERG(1):B_2Y0N(1):A,0.01292,0.002186,0.01592,0.014870340935885906,0.0022892055567353,0.0005009653395973
1XG2(1):B_4QMF(2):B,0.012947,0.0021904,0.015872,0.0885900929570198,0.0002399916847934,0.0003184075758326
7FAD(2):D_6IB8(1):C,0.013004,0.0022148,0.015909,0.15861758589744568,0.0009129577665589,0.0010407170047983
6IB8(1):A_3A5Z(1):C,0.013006,0.0031567,0.016314,0.04196256399154663,0.0010587989818304,0.0049074725247919
5ZB2(1):A_5XKJ(1):E,0.013008,0.0024178,0.016419,0.060595910996198654,0.0003817103279288,0.004128023982048
5J1L(1):B_2Y9X(2):B,0.012992,0.0021865,0.016078,0.008538802154362202,0.0008392299641855,0.0004343488544691
1H3O(2):C_5YK7(1):C,0.012919,0.0022025,0.015991,0.033540643751621246,0.0012704614782705,0.3276911377906799
7KBJ(2):J_2PMS(2):B,0.013006,0.0021831,0.016083,0.029978789389133453,0.0042969086207449,0.0017089352477341
6IB8(1):C_2PTT(1):B,0.012974,0.0021905,0.015896,0.025260284543037415,0.0002659976307768,0.0001595699723111
4TMA(2):F_6AKM(1):A,0.012952,0.0022364,0.01595,0.007254860829561949,0.0019617893267422,0.0073407827876508
5J1L(1):A_7ENH(1):A,0.012944,0.0022117,0.015929,0.34992343187332153,0.0034692890476435,0.0007222688873298
5OF3(1):D_2FOI(1):D,0.012974,0.0022197,0.015893,0.059924423694610596,0.0060675698332488,0.0022148895077407
5MC9(1):B_7C96(1):A,0.012996,0.0022098,0.015858,0.24206849932670593,0.0009252931922674,0.0011851489543914
3Q4H(2):B_3TVT(1):A,0.01294,0.0021923,0.015959,0.03716046363115311,0.0002316641184734,0.0003308963787276
6U08(2):C_6XRW(1):A,0.013029,0.0022206,0.016007,0.055082954466342926,0.0009390321210958,0.0010512191802263
5YXY(1):A_5YXY(1):D,0.013203,0.025363,0.018776,0.35732781887054443,0.9988892674446106,0.4902313947677612
3H0W(1):A_5AUP(1):I,0.012927,0.0021777,0.015892,0.017726922407746315,0.0004843910282943,0.0003448314964771
7VD7(1):A_3EXE(2):E,0.012972,0.0021799,0.0159,0.023291924968361855,0.0005521849379874,0.0003557922318577
5ZB2(1):B_1SV0(2):D,0.012989,0.0022514,0.015954,0.023342328146100044,0.0007030224660411,0.1570669561624527
4ZQU(1):B_5NUS(1):B,0.013064,0.0021971,0.01592,0.1653943806886673,0.0019060539780184,0.0021677818149328
6JCK(1):B_6GW6(1):B,0.012937,0.00217,0.01596,0.0963267907500267,0.000248089316301,0.0006405757740139
1SV0(2):D_4X33(1):A,0.013186,0.002279,0.015952,0.02888447232544422,0.0002852899197023,0.0007808814989402
3PUF(3):G_5OW5(1):B,0.013098,0.0021789,0.015874,0.07966561615467072,0.0003260317607782,0.0027834796346724
2ZP9(1):J_6R3S(1):B,0.012941,0.0022931,0.015874,0.022668244317173958,0.0003170169657096,0.0005632502725347
6JCK(1):A_6JCK(1):B,0.012952,0.0025738,0.016002,0.09753980487585068,0.998778998851776,0.8877626657485962
1RP3(4):H_7C96(1):A,0.012925,0.0022129,0.015938,0.05515172332525253,0.0025431362446397,0.0004475082096178
6XOD(1):B_2PTT(1):A,0.012948,0.0021768,0.015869,0.03979550674557686,0.0005225337808951,0.0003068910446017
5MU7(1):A_4UDM(1):A,0.012973,0.002188,0.015919,0.012528126128017902,0.0008006781572476,0.0007729244534857
5J1L(1):A_5XKJ(1):C,0.012956,0.0021804,0.015908,0.058904070407152176,0.0031163622625172,0.0019979502540081
3CDK(1):D_7VKB(1):B,0.013063,0.0021985,0.015966,0.12986357510089874,0.0003659604990389,0.003207728266716
3MB2(2):L_3F1I(1):S,0.012986,0.0021979,0.015885,0.009630504995584488,0.0004831393016502,0.000277129583992
5Y9W(1):B_2DS2(2):D,0.014347,0.0022967,0.015938,0.3675612509250641,0.0184338875114917,0.0020639579743146
6F4J(2):B_7UM4(1):A,0.013089,0.00224,0.015885,0.4366815984249115,0.0022899308241903,0.0002656891592778
5J1L(1):B_2HZS(5):H,0.012922,0.0021897,0.015933,0.01986369490623474,0.0002966053725685,0.0010178840020671
2YC4(1):B_6DRH(4):G,0.012931,0.0021634,0.015895,0.06814952194690704,0.0003344574070069,0.0004541462112683
7BY3(1):C_3TND(1):A,0.01297,0.0021949,0.015987,0.01324167475104332,0.9833153486251832,0.3858556449413299
5XE3(1):E_5OW5(1):A,0.012974,0.0022203,0.015951,0.1792905628681183,0.0002253596030641,0.000171202365891
5NUP(1):A_3F1I(1):H,0.012931,0.0022252,0.01593,0.01210850477218628,0.000316471880069,0.0004568832518998
7RAG(1):B_5YXY(1):A,0.012926,0.0022216,0.015975,0.008950263261795044,0.0002071863564196,0.0006874251994304
2YC4(1):D_2ZP9(1):G,0.012985,0.0021809,0.015874,0.14075645804405212,0.0004514519823715,0.0024627491366118
1G73(2):D_6POL(2):C,0.013418,0.0021805,0.016069,0.015691030770540237,0.003753803204745,0.0044420319609344
3L4B(1):D_5NUS(1):A,0.012976,0.0022031,0.015983,0.03977108746767044,0.000256725033978,0.0002978232514578
5IBW(1):A_6TRI(1):A,0.013007,0.0022191,0.015953,0.24509306252002716,0.0003630866121966,0.0003045418707188
3CDK(1):D_2J9U(1):B,0.01314,0.0021785,0.015963,0.2556164562702179,0.0003340562107041,0.0008521564886905
2Y0N(1):E_6YJP(1):A,0.012997,0.0022167,0.015941,0.07956192642450333,0.0008188128704205,0.000562053581234
7KBJ(2):I_5MU7(1):A,0.014725,0.0021648,0.015875,0.035823311656713486,0.0002762303047347,0.0012089480878785
5NUS(1):A_5K8J(1):B,0.012933,0.0021942,0.015988,0.03405031934380531,0.0002269011747557,0.0004761971067637
6YJP(1):A_4V02(1):B,0.0133,0.0025927,0.015941,0.03473475202918053,0.0006788610480725,0.0005500661209225
6F45(1):D_6F45(1):A,0.01301,0.0023021,0.016508,0.004835424944758415,0.0016142174135893,0.2488050609827041
6ZT0(1):AAAA_6YJP(1):A,0.015306,0.0025015,0.016097,0.5961702466011047,0.0052431100048124,0.0021323368418961
3TVT(1):A_3TVT(1):B,0.013197,0.0022567,0.016195,0.185321643948555,0.0111535023897886,0.0136729357764124
6IB8(1):A_6IB8(1):C,0.013056,0.0022713,0.015889,0.0036749260034412146,0.0003883927129209,0.0019156319322064
3LBX(1):A_4C4K(1):T,0.013161,0.002183,0.015999,0.022262727841734886,0.0021845970768481,0.0337063036859035
3GQI(1):B_5KEV(1):A,0.01302,0.0021802,0.015884,0.028414858505129814,0.0012283823452889,0.0004986399435438
5E3E(1):B_2CZV(1):D,0.012922,0.0021899,0.015931,0.016318658366799355,0.0002636075078044,0.0010775825940072
4KBQ(1):C_3AV0(1):B,0.013736,0.0023598,0.015899,0.1503058671951294,0.0047164061106741,0.0004315842234063
5OF3(1):E_2PT7(1):D,0.013086,0.0025713,0.022748,0.08531387150287628,0.0040585394017398,0.0003776800294872
2PTT(1):A_3F1I(1):H,0.013023,0.0022763,0.01588,0.2916731536388397,0.0009283481049351,0.0002302795910509
6XAW(1):A_7VD7(1):A,0.012952,0.0021789,0.015871,0.09146851301193237,0.0003169057599734,0.0002497994282748
4PJ2(2):B_6M2I(1):A,0.012962,0.0021754,0.016015,0.14062604308128357,0.0298215560615062,0.0609646290540695
4KBQ(1):C_6LBU(1):A,0.012923,0.0021766,0.015887,0.022988211363554,0.0017014851327985,0.000244175287662
5ZB2(1):B_7BY3(1):C,0.012959,0.0021921,0.015926,0.004506321623921394,0.0003162481007166,0.0004932040465064
7V5Z(1):B_3BEG(1):B,0.012939,0.0021838,0.015874,0.026804788038134575,0.0002334782038815,0.000324880646076
5ERG(1):A_5OF3(1):D,0.012928,0.0021898,0.01593,0.03961123898625374,0.0006825994350947,0.0002040260442299
4EXP(1):A_2VUS(2):B,0.012934,0.0021939,0.015907,0.033581048250198364,0.0037813417147845,0.0018635260639712
2Y0N(1):E_7LA5(1):A,0.012967,0.0021942,0.015877,0.02236008457839489,0.0002943413564935,0.0006952960393391
7BY3(1):C_7BY3(1):D,0.012961,0.0022285,0.016056,0.04819757863879204,0.9980461597442628,0.3380839824676513
4CYJ(2):D_6F4J(2):D,0.012959,0.0021823,0.016296,0.1212262436747551,0.0009575188742019,0.2094963043928146
3IEY(1):A_6M2I(1):B,0.012969,0.0021746,0.015957,0.6878315806388855,0.0005432503530755,0.0001514077594038
4X33(1):A_3H0W(1):B,0.012976,0.0023081,0.015876,0.012251650914549828,0.0005594338872469,0.0004995476338081
3QVG(2):A_6JCK(1):A,0.012946,0.0024245,0.015917,0.008345500566065311,0.0008980034617707,0.002384360646829
4WWR(3):C_4UDM(1):A,0.012974,0.00252,0.015913,0.024785958230495453,0.0019686175510287,0.0001918025518534
2XZ0(2):B_5AUP(1):I,0.012964,0.0022445,0.015924,0.21612833440303802,0.0003151339187752,0.0003762648557312
2CG5(1):B_6XAW(1):B,0.012995,0.0021721,0.016072,0.029038485139608383,0.000369968562154,0.0028572839219123
2J9U(1):B_2VUS(2):B,0.013046,0.002209,0.017018,0.3614770174026489,0.0101499930024147,0.030439767986536
4V02(1):C_1TQY(4):H,0.014176,0.0023106,0.016579,0.02348470874130726,0.0003169683332089,0.0006749282474629
4Y66(2):D_3Q4H(2):A,0.013674,0.0024215,0.015972,0.3581550121307373,0.0002623020845931,0.0017579676350578
6OD1(1):A_4XA9(8):H,0.012952,0.0021894,0.01588,0.03307448327541351,0.0002976921095978,0.0003311308391857
5OF3(1):D_1Q5R(1):H,0.012936,0.0021935,0.015993,0.009095912799239159,0.0003795285592786,0.0002373744209762
6TRI(1):A_6RCX(1):B,0.013192,0.0026456,0.016376,0.016780901700258255,0.0004340676241554,0.0016346509801223
3HUG(6):J_3L4B(1):D,0.013107,0.00688,0.016235,0.1613888442516327,0.0002290736301802,0.0004089167923666
6TUN(2):C_5J1L(1):B,0.012979,0.0025621,0.01593,0.03578388690948486,0.0019572002347558,0.0665147975087165
6F45(1):A_1Q5R(1):H,0.01294,0.0022544,0.016422,0.15099377930164337,0.0002088215551339,0.0001616606023162
1T3E(1):B_1T3E(1):P,0.012939,0.0021844,0.015888,0.2504872679710388,0.000334918469889,0.0018285573460161
2PMS(2):B_4EXP(1):X,0.012983,0.002176,0.01604,0.32477763295173645,0.0090431412681937,0.0279377549886703
4CC4(3):E_1LGH(2):J,0.013118,0.0028573,0.015889,0.17225681245326996,0.0004261932335793,0.0004219994880259
3LKX(1):A_2WP0(1):A,0.012921,0.0021834,0.015911,0.22301629185676575,0.0047014192678034,0.004619579296559
4V02(1):C_6YJP(1):A,0.012974,0.0022164,0.015967,0.0484396331012249,0.0003584288060665,0.0002210063685197
4WW9(1):B_3A5Z(1):D,0.012933,0.0021873,0.015915,0.5334992408752441,0.0003187778056599,0.001632286934182
6TI2(1):B_6HPB(1):A,0.012929,0.0022145,0.01591,0.0032950148452073336,0.0010645189322531,0.0025057028979063
6XAW(1):B_4X33(1):B,0.012971,0.0022285,0.015945,0.012726307846605778,0.0107489610090851,0.043031271547079
3AMJ(1):B_3TVT(1):B,0.012931,0.0023466,0.015978,0.02186252735555172,0.0003166490641888,0.0004556513158604
6D0H(1):B_7VKB(1):B,0.012949,0.0022113,0.016006,0.007250257767736912,0.9986887574195862,0.0007503703818656
6GND(2):D_6TUN(2):B,0.012952,0.0021832,0.015857,0.040774907916784286,0.0005898712552152,0.0013073600130155
5KEV(1):B_6U08(2):D,0.012951,0.0023166,0.016289,0.07196764647960663,0.0029252991080284,0.0052918531000614
1QDL(1):B_6XAW(1):B,0.012941,0.0021648,0.015886,0.15415258705615997,0.0002745999372564,0.0007354946574196
3LKX(1):B_4Y66(2):C,0.012933,0.0021765,0.015878,0.09813323616981506,0.0012535946443676,0.0031079414766281
6KPD(1):C_1TFO(1):A,0.012964,0.0021767,0.01591,0.0747041329741478,0.0002725017548073,0.000601619714871
5XKJ(1):C_3QVG(2):A,0.012949,0.002176,0.015959,0.012356968596577644,0.0019825217314064,0.0003052764222957
7EXZ(2):A_2ES4(3):E,0.012951,0.002207,0.015994,0.06730787456035614,0.000627469678875,0.00139319174923
3ZDM(1):F_4ZK7(1):E,0.012975,0.0021895,0.015913,0.05803278088569641,0.0002168851933674,0.0002899421087931
3BEG(1):A_3BEG(1):B,0.018088,0.0022227,0.3405,0.14592982828617096,0.0007950644940137,0.0373781844973564
4NWO(1):A_6LBU(1):B,0.012954,0.0021824,0.015892,0.12220845371484756,0.0003765305737033,0.0148121658712625
6BSC(1):A_5YK7(1):D,0.012942,0.0022546,0.016339,0.004754660651087761,0.0186938699334859,0.0002633485128171
3A0R(1):B_6IB8(1):A,0.012999,0.0023663,0.016082,0.011788597330451012,0.0003511524409987,0.0014174613170325
4ZQU(1):B_3TND(1):A,0.01293,0.0021851,0.015939,0.1831834316253662,0.0009562688064761,0.003694828832522
6TRI(1):B_4FXE(1):E,0.013021,0.0057299,0.015964,0.6276567578315735,0.9989979863166808,0.6093955039978027
3PUF(3):I_4CXF(1):B,0.013035,0.0033368,0.015977,0.07623158395290375,0.004470641259104,0.0010726214386522
5ZB2(1):A_7ENH(1):A,0.012919,0.00217,0.015881,0.09171504527330399,0.0011881866957992,0.0007671772618778
5XE3(1):A_6LBT(1):A,0.012918,0.0022018,0.015889,0.211265429854393,0.0011113128857687,0.0009658395429141
2IYB(2):F_3R84(19):U,0.012973,0.0022037,0.015895,0.004153895657509565,0.0004061065556015,0.0004423006612341
6NKL(1):C_3QVG(2):B,0.012928,0.0022252,0.015932,0.07462331652641296,0.0013759355060756,0.0004652968782465
3OEI(1):B_5MC9(1):B,0.012978,0.0023164,0.015873,0.09412933886051178,0.0002152841479983,0.0002695225703064
5JW9(1):B_3QVG(2):A,0.012935,0.002212,0.015886,0.015263744629919529,0.0018628829857334,0.0009282804676331
5NUS(1):A_5NUS(1):B,0.013372,0.0021812,0.018154,0.011197559535503387,0.232341930270195,0.0355679355561733
3CDK(1):C_1LGH(2):J,0.012947,0.0040723,0.016013,0.09141318500041962,0.000219640074647,0.0004105568514205
4ZK7(1):E_3ZDM(1):E,0.013059,0.0022052,0.015975,0.23492960631847382,0.0006492504035122,0.001659458852373
3TND(1):A_2VUS(2):B,0.012948,0.0021691,0.015908,0.018565643578767776,0.0006838635890744,0.0006669336580671
1RP3(4):G_3BEG(1):B,0.013164,0.0022498,0.016134,0.08817313611507416,0.0002761044597718,0.0006517164874821
3AMJ(1):B_7VKB(1):B,0.012952,0.0021827,0.015937,0.5638093948364258,0.0002870266907848,0.0010797930881381
3A5Z(1):D_1SV0(2):B,0.013045,0.002222,0.015946,0.013517344370484352,0.0002170395018765,0.0002813306928146
4UDM(1):B_3NQZ(1):B,0.014375,0.0028005,0.016341,0.38053080439567566,0.0130646154284477,0.0102242771536111
2ZP9(1):G_6COJ(1):A,0.012986,0.0021865,0.015923,0.02208767458796501,0.0003037485003005,0.0150439282879233
6PNQ(1):B_2VUS(2):J,0.012989,0.0022813,0.015849,0.027156738564372063,0.0011946076992899,0.0004928262205794
6XF1(2):C_1T3E(1):B,0.012959,0.0022613,0.015903,0.006637439597398043,0.0002371531736571,0.0048263883218169
7V5Z(1):D_6X0A(15):O,0.01299,0.0025318,0.016129,0.002680819947272539,0.0022348058409988,0.7557605504989624
3EXE(2):H_1SV0(2):D,0.013015,0.0022044,0.015905,0.051219724118709564,0.0002090827474603,0.0004132008762098
4QMF(2):B_6R3S(1):B,0.012938,0.0021721,0.01594,0.029140746220946312,0.0003421653527766,0.0010773552348837
5AUP(1):A_5OW5(1):A,0.012928,0.0022073,0.015889,0.061470724642276764,0.0002255808212794,0.0002723695361055
3AV0(1):A_6KML(1):C,0.012992,0.0084881,0.015938,0.06050673872232437,0.9988442659378052,0.0014470289461314
3LKX(1):B_2Y3N(1):D,0.012981,0.002175,0.015993,0.053652435541152954,0.0005688997916877,0.0002022121479967
4KBQ(1):A_1N2D(1):C,0.013207,0.002176,0.015898,0.024298295378684998,0.0025915547739714,0.0008815511246211
5C6D(1):C_6MAF(1):C,0.013091,0.0023237,0.015865,0.07040976732969284,0.0029773516580462,0.0134503580629825
2YC4(1):B_2YC4(1):D,0.020917,0.02423,0.020033,0.07397934794425964,0.9989011287689208,0.0061049559153616
3MB2(2):I_4NL9(2):D,0.012976,0.0022364,0.015893,0.22322618961334229,0.0002641481696628,0.0003788431640714
6R3S(1):B_4NWR(4):AS,0.012934,0.0021812,0.015897,0.24608510732650757,0.0003199799393769,0.0069481958635151
1R6O(3):D_6AKM(1):A,0.012952,0.0022707,0.015874,0.09991133213043213,0.0003475949051789,0.0018268992425873
5K8J(1):A_3A0R(1):B,0.013014,0.0022487,0.01593,0.01311898697167635,0.0009090828243643,0.0006410937057808
5ERG(1):A_2ZP9(1):J,0.012944,0.0021853,0.015871,0.02619892917573452,0.0100227072834968,0.0005099328700453
6HPB(1):A_5KEV(1):B,0.012945,0.0022287,0.015944,0.06350025534629822,0.000271455181064,0.0003997634339611
3CDK(1):D_6IB8(1):C,0.013018,0.0022096,0.015973,0.012935776263475418,0.0002259764878544,0.0009583611390553
6D0H(1):A_6D0H(1):B,0.012963,0.0022076,0.016187,0.407659649848938,0.998872935771942,0.3185573518276214
2Y9X(2):B_2Y9X(2):F,0.013038,0.0021769,0.015986,0.30957236886024475,0.0074039427563548,0.0022573326714336
3BEG(1):B_6GJE(1):D,0.012945,0.0021731,0.015901,0.018209533765912056,0.000541272573173,0.000471438106615
3LBX(1):B_3AMJ(1):B,0.013364,0.0022452,0.015914,0.37180230021476746,0.0002509526966605,0.0002917884266935
4EXP(1):X_1T3E(1):B,0.012951,0.0021755,0.015875,0.025589147582650185,0.0003586924867704,0.0006088118534535
3HUG(6):J_6L5K(1):A,0.013068,0.0021726,0.016011,0.26609233021736145,0.0002640839666128,0.0003636162437032
1RP3(4):H_4NL9(2):D,0.013053,0.0024872,0.015905,0.010037106461822987,0.0003896402486134,0.0007475455058738
5B64(1):A_3R84(19):U,0.013478,0.0022002,0.015997,0.012632839381694794,0.0003812099457718,0.0015421897405758
5JNO(1):B_3TND(1):B,0.012971,0.0021727,0.015883,0.030358077958226204,0.002019576029852,0.0007080349023453
7DG5(1):A_6KML(1):D,0.012977,0.0022077,0.016125,0.16847333312034607,0.0006042813183739,0.0005523436120711
1QDL(1):A_6XRW(1):A,0.013006,0.0022019,0.01594,0.1902557611465454,0.0003490726812742,0.0010346175404265
6COJ(1):B_4V02(1):B,0.013066,0.0027267,0.016037,0.0034702748525887728,0.0002236539876321,0.0002269602700835
6LBT(1):A_7C96(1):A,0.013114,0.002215,0.015898,0.02946377731859684,0.9982888102531432,0.0855407938361167
3ZDM(1):F_2FOI(1):D,0.012949,0.0022129,0.015898,0.617117702960968,0.0005924078286625,0.0003203226951882
1SV0(2):B_5OF3(1):E,0.012991,0.0021881,0.015907,0.002446843544021249,0.0002607096685096,0.0002097760589094
4BY6(2):C_6GW6(1):A,0.01292,0.0022037,0.015928,0.356869637966156,0.0010298819979652,0.0004473963927011
1G73(2):B_4DGW(1):B,0.01297,0.0022153,0.015918,0.04998045787215233,0.0026888456195592,0.0204901434481143
2J9U(1):B_6HUL(1):A,0.013036,0.0023678,0.01591,0.003665963187813759,0.0007763662724755,0.0003857972333207
4BFI(1):A_4DGW(1):A,0.012942,0.002189,0.015885,0.027261843904852867,0.0009930288651958,0.000181941781193
6M2I(1):A_6BSC(1):A,0.012946,0.0021673,0.015878,0.03634799271821976,0.0004789080994669,8.646410424262285e-05
6GW6(1):A_2FOI(1):B,0.012968,0.0023201,0.01592,0.028819961473345757,0.0004680902056861,0.0002777514164336
3MB2(2):L_6GW6(1):A,0.012977,0.0022404,0.015998,0.014675592072308064,0.0145953362807631,0.0005118689150549
3OEI(1):D_3M6M(1):E,0.012961,0.0022291,0.016134,0.004088331945240498,0.0046938969753682,0.0104699060320854
3A5Z(1):C_4Y66(2):D,0.012943,0.0022097,0.01594,0.01201041042804718,0.0004496054898481,0.0005178903811611
6KM7(1):A_6KZA(2):D,0.012952,0.0021871,0.015948,0.004410224501043558,0.9882491827011108,0.0080809649080038
2HZS(5):G_5E3E(1):B,0.012954,0.0021739,0.016045,0.09047957509756088,0.000365614745533,0.0846756398677825
7ENH(1):B_6F4J(2):D,0.012925,0.0021832,0.015886,0.22482159733772278,0.9986668825149536,0.0149190481752157
4XA9(8):H_4FXE(1):E,0.013315,0.0021719,0.015908,0.12707354128360748,0.0003505540371406,0.0003478878061287
1OFH(1):G_1G73(2):B,0.01319,0.0021832,0.01591,0.03380333259701729,0.0004001473716925,0.0015209435950964
4X33(1):B_1TQY(4):G,0.012948,0.0023782,0.016041,0.03909450024366379,0.0002373913885094,0.0006964396452531
6TUN(2):B_6XAW(1):B,0.012966,0.0022219,0.01609,0.012459957972168922,0.0172960255295038,0.0337706506252288
7UM4(1):A_6KM7(1):C,0.013033,0.002259,0.015895,0.019943665713071823,0.0018148792441934,0.0003529606328811
2VUS(2):B_2VUS(2):J,0.012974,0.0067477,0.023504,0.010011046193540096,0.0020601882133632,0.0022557117044925
5OF3(1):D_6OD1(1):B,0.012929,0.0022094,0.015909,0.313247412443161,0.0007462376379407,0.0002424765989417
6X0A(15):o_3F1I(1):H,0.013025,0.0022357,0.01595,0.035810038447380066,0.0002546645409893,0.0004673707589972
3M6M(1):B_1Z6O(1):O,0.012947,0.00221,0.015913,0.26190483570098877,0.0004921101499348,0.0025732535868883
3ZDM(1):E_2DS2(2):D,0.012998,0.0022136,0.015897,0.12200606614351273,0.0004953042953275,0.0003167185059282
5NUS(1):A_6D0H(1):B,0.012972,0.002348,0.015955,0.007349714636802673,0.0002733198052737,0.0002839334192685
3LKX(1):B_3FGC(2):C,0.012959,0.0022064,0.015883,0.008691887371242046,0.0007845456129871,0.0002109214692609
6F4J(2):B_7KBJ(2):I,0.012915,0.0021893,0.015889,0.42045074701309204,0.0026504842098802,0.0008668156806379
6CP9(4):G_6BZF(2):C,0.012929,0.002186,0.016003,0.03499678522348404,0.0218113623559474,0.0043986989185214
6OK1(1):A_3QVG(2):A,0.012967,0.0021767,0.016016,0.02109992317855358,0.0002183356991736,0.0004497417830862
7BY3(1):D_5CFF(1):F,0.012959,0.0022094,0.015887,0.02088555134832859,0.0003776001394726,0.0002469518221914
6VW9(1):A_3TVT(1):A,0.01294,0.0021657,0.015896,0.15681466460227966,0.0055222422815859,0.0003311381151434
6AKM(1):A_4NWR(4):AT,0.01297,0.002214,0.015921,0.02822093293070793,0.0005129959899932,0.0013583544641733
2R6A(1):C_3F1I(1):S,0.013023,0.0022479,0.01593,0.008068102411925793,0.0002521924907341,0.0005942567368037
6XOD(1):B_1TFO(1):B,0.012926,0.0021767,0.015897,0.039528895169496536,0.0029596933163702,0.3130448758602142
3Q4H(2):A_6TI2(1):B,0.013174,0.0022103,0.01591,0.2309623807668686,0.000746841658838,0.001505012391135
7DG5(1):B_6TUN(2):C,0.013272,0.0022429,0.015908,0.009818296879529953,0.0076769199222326,0.0035785185173153
5XE3(1):E_6NXF(1):B,0.012937,0.0022037,0.015929,0.003886633785441518,0.0003307913430035,0.0002072234929073
4CXF(1):A_4CXF(1):B,0.016765,0.02377,0.06529,0.024974588304758072,0.992803156375885,0.1251822263002395
2ES4(3):E_4FXE(1):E,0.01295,0.0021776,0.016057,0.01656852290034294,0.0003837608674075,0.0017122126882895
3MB2(2):I_2XTS(1):C,0.012972,0.00224,0.016093,0.03449353575706482,0.0011643220204859,0.0007795710698701
7VKB(1):B_4ZQU(1):A,0.01304,0.0021843,0.016001,0.15801717340946198,0.9985872507095336,0.8638747930526733
3WXX(4):G_2R6A(1):C,0.01309,0.0021822,0.016107,0.021936887875199318,0.0055022062733769,0.083692729473114
6GJE(1):A_5YK7(1):C,0.012921,0.0021826,0.015983,0.05033913254737854,0.0002641952887643,0.000308508897433
4CXF(1):A_5OW5(1):A,0.013029,0.002185,0.016401,0.4714353680610657,0.0002192266547353,0.0001970622834051
3EXE(2):E_4NL9(2):B,0.012955,0.0022067,0.015975,0.11723164469003677,0.00021598834428,0.0029643813613802
4KBQ(1):A_3TVT(1):B,0.013017,0.0021888,0.015972,0.2902267873287201,0.0399177707731723,0.0105336867272853
7ETR(1):A_7P99(1):A,0.012936,0.0021769,0.015906,0.14136454463005066,0.0002204102056566,0.0003422170411795
3LKX(1):B_2IDO(2):C,0.012972,0.0021832,0.015973,0.021242192015051842,0.0056321849115192,0.0003056445566471
3PUF(3):H_3PUF(3):I,0.012943,0.0021789,0.016048,0.06801683455705643,0.0393291711807251,0.0161259863525629
6NKL(1):A_5YXY(1):D,0.012929,0.0022365,0.015938,0.004555265884846449,0.0002904713910538,0.0014802281511947
6TUN(2):C_1Q5R(1):A,0.012943,0.0021938,0.015895,0.0033172699622809887,0.0002599722065497,0.0005098349647596
4C4K(1):O_5Y9W(1):C,0.71046,0.16648,0.030811,0.06816248595714569,0.0053513282909989,0.0002929530164692
2CZV(1):B_2XQN(1):T,0.012973,0.0021634,0.015882,0.1396186649799347,0.0002531718055251,0.0004066004185006
4WWR(3):C_5ZB2(1):B,0.012971,0.0028084,0.015891,0.0025122901424765587,0.0005042448756285,0.0013257518876343
7DG5(1):B_3TVT(1):A,0.012963,0.0021678,0.015901,0.02889609895646572,0.0030944277532398,0.1310934722423553
6IB8(1):C_5CTR(1):A,0.012974,0.0033714,0.015919,0.02764185518026352,0.000588122580666,0.0005072355852462
5YXY(1):D_5MPO(1):C,0.013664,0.038182,0.015966,0.16899609565734863,0.2023525834083557,0.0004975344636477
3V6I(1):B_7EXZ(2):A,0.012962,0.0021816,0.015871,0.1897069811820984,0.0003481414460111,0.0004384459753055
4WW9(1):A_3V6I(1):B,0.012974,0.0021796,0.01588,0.07871869206428528,0.0016171756433323,0.0020134737715125
4CC4(3):F_6VW9(1):A,0.012956,0.0021699,0.015867,0.08822792023420334,0.0021096977870911,0.0003964924253523
2PT7(1):D_6PNQ(1):B,0.012939,0.0022104,0.015902,0.028925925493240356,0.0002346408728044,0.0003459671861492
1TFO(1):B_3EXE(2):E,0.013008,0.0022424,0.015896,0.08035153150558472,0.0004652567440643,0.0021245637908577
5CK3(1):A_6AKM(1):B,0.012965,0.0024876,0.016105,0.3061032295227051,0.0003156763850711,0.0012263462413102
6B12(2):D_3F1I(1):S,0.012982,0.0022215,0.015896,0.0057757399044930935,0.0004589340824168,0.0003162059001624
2CZV(1):B_2CZV(1):D,0.012949,0.0021849,0.015903,0.6490896344184875,0.99776291847229,0.945525884628296
6RCX(1):B_5IBW(1):C,0.013018,0.00223,0.015929,0.005819016136229038,0.0002315991732757,0.0001989295560633
6KPD(1):B_6U08(2):D,0.012946,0.0022008,0.015889,0.2860826551914215,0.0177831295877695,0.0002282839122926
6COJ(1):B_6KPD(1):B,0.012947,0.0023065,0.015901,0.027336720377206802,0.0003663481329567,0.0002165277255699
1LGH(2):J_1LGH(2):K,0.87323,0.023017,0.73068,0.0039330413565039635,0.998741090297699,0.9337546229362488
1RP3(4):H_6XOD(1):B,0.01294,0.002178,0.015895,0.07225894927978516,0.0004929563147015,0.0010474793380126
3NYB(1):B_2IYB(2):F,0.013031,0.002552,0.75729,0.12579692900180817,0.0012101663742214,0.0053132278844714
4CYJ(2):D_7C96(1):B,0.013042,0.0021806,0.015897,0.002979125827550888,0.0014950764598324,0.0009603295475244
6XAW(1):A_1RP3(4):G,0.013162,0.0022361,0.016239,0.01613938994705677,0.0003156797029078,0.000479013135191
6XRW(1):B_2Y0N(1):A,0.01293,0.0021761,0.015976,0.05676360800862312,0.0003990118566434,0.0002420594391878
2FOI(1):D_6XZ6(1):B,0.012957,0.0022249,0.015866,0.28375667333602905,0.00434774113819,0.0001710599171929
6POL(2):C_6POL(2):D,0.015028,0.0022073,0.016907,0.18235281109809875,0.0093336636200547,0.0116045353934168
6GJE(1):D_4FXE(1):E,0.012961,0.0021726,0.016011,0.07946377247571945,0.0004877650353591,0.0004787955840583
3QVG(2):A_4CYJ(2):F,0.012935,0.0021923,0.015929,0.10126648098230362,0.0709176734089851,0.0173085518181324
2R6A(1):C_7DG5(1):B,0.012974,0.0021723,0.015908,0.029658295214176178,0.0011568729532882,0.00566166639328
5Y26(1):B_3A0R(1):A,0.013081,0.0022945,0.015947,0.009819979779422283,0.000220521382289,0.0002253812999697
3FGC(2):D_5XE3(1):E,0.012965,0.0021902,0.015935,0.062241893261671066,0.0009610151755623,0.0024340089876204
1GKA(1):A_1GKA(1):B,0.042237,0.0023333,0.54501,0.5324788093566895,0.998961329460144,0.9670894145965576
7LA5(1):A_7DG5(1):A,0.012983,0.0021679,0.015933,0.043968044221401215,0.0002543774608056,0.0004922957159578
1QDL(1):A_3AMJ(1):A,0.013044,0.0027755,0.015962,0.5363292098045349,0.0002302231441717,0.0002887880837079
4TPS(2):C_3MB2(2):I,0.012965,0.0021923,0.015946,0.01702762208878994,0.0019598139915615,0.0005769886192865
2XTS(1):C_6KM7(1):C,0.013034,0.0021901,0.015987,0.1414351761341095,0.00677285855636,0.0006097363075241
6KM7(1):C_5CK3(1):B,0.012965,0.0022209,0.015943,0.6141909956932068,0.0165391396731138,0.0047285011969506
3H0W(1):B_5CK3(1):A,0.012932,0.0021873,0.015904,0.023494238033890724,0.001182367792353,0.0237741135060787
3BEG(1):B_4CC4(3):F,0.01295,0.0022746,0.070276,0.010187212377786636,0.003543333383277,0.0095046749338507
2DS2(2):D_6GW6(1):B,0.012922,0.0021683,0.01589,0.0008781896904110909,0.0002453535562381,0.0003890579100698
2FOI(1):D_2Y0N(1):E,0.012944,0.0021818,0.016003,0.0027587779331952333,0.0009489576332271,0.0003850770299322
6KZA(2):D_3HUG(6):J,0.013248,0.0022714,0.015982,0.02664925530552864,0.0002746680111158,0.0004290585347916
5CFF(1):F_5WB5(1):A,0.01315,0.0023273,0.015965,0.06701759248971939,0.0009389664628542,0.000335851451382
1TFO(1):B_4CC4(3):E,0.012933,0.0021963,0.015894,0.15685351192951202,0.0003541195183061,0.0009765741415321
2ZP9(1):J_6CP9(4):G,0.013039,0.0023041,0.015869,0.07508064806461334,0.0027343637775629,0.3337607681751251
5CFF(1):A_4CXF(1):B,0.012943,0.0022515,0.015875,0.022752078250050545,0.0004356701974757,0.0002508191973902
5Y26(1):B_4V02(1):C,0.013087,0.0021874,0.015934,0.009123736061155796,0.0002665693464223,0.0006821452407166
6OD1(1):A_6OD1(1):B,0.012952,0.0021999,0.0179,0.02302468568086624,0.0011333039728924,0.1587548851966858
6YJP(1):A_6F45(1):A,0.030705,0.0023495,0.015954,0.07185187190771103,0.0022126599214971,0.0045509412884712
5MW9(2):G_7V5Z(1):B,0.012963,0.002271,0.015924,0.2532688081264496,0.0002515901869628,0.0002129039785359
4ZQU(1):A_3M7F(1):B,0.012959,0.0021812,0.01587,0.20197072625160217,0.0003768052556551,0.0007880822522565
6DRH(4):H_7FAD(2):D,0.012941,0.0021728,0.015993,0.07638099789619446,0.0004041317442897,0.0005889129242859
6KM7(1):C_3F1I(1):H,0.012981,0.0023328,0.015863,0.21959255635738373,0.0031616135966032,0.0007006349624134
6BSC(1):A_7MWR(1):B,0.012923,0.0021736,0.015899,0.006661511957645416,0.0003686377895064,0.0020698239095509
6XF1(2):D_3A0R(1):A,0.013038,0.0021862,0.015945,0.0023973886854946613,0.0002721924975048,0.0001663301954977
4QMF(2):A_7KBJ(2):I,0.013012,0.0022324,0.015883,0.015223216265439987,0.0004250610072631,0.000596068566665
6F4J(2):B_4NWR(4):AT,0.012939,0.0021792,0.015938,0.27743229269981384,0.0004473454901017,0.0003222401428502
2XZ0(2):B_2XZ0(2):D,0.014955,0.0024586,0.019278,0.09789872169494629,0.0007392191910184,0.0031837224960327
4DGW(1):A_1GKA(1):B,0.012947,0.0021828,0.015886,0.04572513327002525,0.0004772188549395,0.0002555747632868
2HZS(5):H_2DS2(2):D,0.012914,0.0021602,0.015881,0.43080955743789673,0.000277342100162,0.0002829443546943
4C4K(1):T_5C6D(1):A,0.013404,0.0021815,0.016024,0.006421443074941635,0.0085677746683359,0.0268488954752683
3M7F(1):A_5ZB2(1):A,0.012986,0.0021668,0.015995,0.22971214354038239,0.0034259045496582,0.0006126593798398
4ZQU(1):A_7V5Z(1):D,0.013092,0.0022044,0.016419,0.009494122117757797,0.0035995529033243,0.0032828347757458
6BSC(1):B_4NWR(4):AT,0.012987,0.0021829,0.01593,0.011036576703190804,0.0429782643914222,0.0014179979916661
5OF3(1):D_4CXF(1):A,0.012974,0.0022369,0.016019,0.08015845715999603,0.0002266879746457,0.0001810736575862
4WW9(1):B_5OW5(1):A,0.012951,0.0021856,0.015881,0.1331658661365509,0.0009758575470186,0.0015961058670654
1H3O(2):C_5NT7(1):C,0.012995,0.0023105,0.01592,0.325158029794693,0.001170803210698,0.004306199029088
6HUL(1):A_4TPS(2):D,0.012967,0.0022051,0.015921,0.008463558740913868,0.000417971459683,0.0008640592568553
6F4J(2):B_7BY3(1):C,0.012931,0.0022033,0.015889,0.1339804232120514,0.0003133289283141,0.0003970474936068
6IB8(1):C_6KML(1):D,0.013024,0.0024262,0.016198,0.10686101764440536,0.998802900314331,0.0046878745779395
5HY3(1):A_4Y66(2):D,0.012938,0.0021917,0.015896,0.3479662239551544,0.0071155685000121,0.0020201432052999
5MPO(1):B_1Q5R(1):A,0.01309,0.0026791,0.017058,0.004371738526970148,0.0005956863169558,0.0003241579106543
4PJ2(2):C_7V5Z(1):B,0.012939,0.0022339,0.015876,0.15470151603221893,0.0007748809293843,0.0005688258097507
2Y0N(1):A_6Y4L(1):A,0.012971,0.0021789,0.015916,0.23207128047943115,0.00374142290093,0.0072362162172794
6XZ6(1):A_6XOD(1):A,0.012964,0.0021773,0.015886,0.07355757057666779,0.0012512571411207,0.0096065029501914
7FAD(2):D_6JCK(1):B,0.012959,0.0022718,0.015897,0.0021942753810435534,0.0007404540665447,0.0041988808661699
6NKL(1):C_5J1L(1):B,0.013019,0.0022139,0.015988,0.027539029717445374,0.0022092033177614,0.0020366383250802
5CTR(1):C_1SV0(2):D,0.013073,0.0023362,0.01596,0.006119967438280582,0.0013562499079853,0.0134088499471545
2HZS(5):G_2HZS(5):H,0.012927,0.0021803,0.016151,0.03969214856624603,0.9981244206428528,0.085433579981327
3HUG(6):J_7DG5(1):A,0.012959,0.0022696,0.015989,0.10937271267175674,0.0002255842555314,0.0003882093296851
6OD1(1):A_3QVG(2):A,0.012956,0.0021816,0.016036,0.043596506118774414,0.0004317882994655,0.0010408939560875
6TI2(1):E_5Y26(1):A,0.012969,0.002192,0.015914,0.06252260506153107,0.0002407025458524,0.0002930002228822
6KM7(1):C_2HZS(5):G,0.013134,0.0021912,0.015897,0.09120885282754898,0.034615259617567,0.0017988114850595
3V6I(1):A_1XG2(1):A,0.012961,0.0022463,0.016197,0.06462006270885468,0.0002876277139876,0.0011036667274311
4TMA(2):J_7ENH(1):B,0.013036,0.0022611,0.016007,0.11178648471832275,0.0010634023929014,0.0010831227991729
2PTT(1):B_6LBT(1):C,0.012944,0.0022036,0.015875,0.013042966835200787,0.0042050499469041,0.0013865041546523
3WXX(4):G_5J1L(1):B,0.013,0.0021947,0.015936,0.024288827553391457,0.0011968343751505,0.0005856122006662
5CFF(1):F_6F4J(2):D,0.94921,0.0021832,0.015985,0.29306474328041077,0.0094923954457044,0.0205879118293523
5OW5(1):B_6KML(1):C,0.012972,0.0022474,0.015938,0.03566894680261612,0.0004228721081744,0.0004058828344568
7ETR(1):C_6KPD(1):C,0.012928,0.0021702,0.01591,0.009995912201702595,0.0003903589386027,0.0002297070168424
3X37(1):A_3M7F(1):B,0.012965,0.002187,0.015921,0.03981751948595047,0.0007076689507812,0.0023858177009969
5YXY(1):D_7VKB(1):A,0.012967,0.0022489,0.015953,0.005586231593042612,0.0003382764698471,0.000467396195745
4QMF(2):A_2BUY(1):A,0.013017,0.0022407,0.015905,0.24983105063438416,0.0030890353955328,0.000403870420996
5J1L(1):A_4ZQU(1):A,0.013011,0.0021982,0.016005,0.007955082692205906,0.004619741346687,0.0013285713503137
5OF3(1):D_4CC4(3):E,0.012938,0.0022024,0.015874,0.24275930225849152,0.0003439770080149,0.0003659076755866
3OEI(1):B_2QAG(1):B,0.012973,0.0022025,0.015893,0.035834554582834244,0.000224508185056,0.000209274192457
6TI2(1):B_2IDO(2):C,0.012943,0.0021761,0.015977,0.09261161088943481,0.000934753275942,0.0016873400891199
6U3W(1):A_6KPD(1):C,0.013045,0.0021702,0.015962,0.026724297553300858,0.0002901093685068,0.0010862547205761
6XRW(1):B_3M6M(1):B,0.012976,0.0021823,0.01601,0.1646878570318222,0.0285438932478427,0.0026373069267719
4CC4(3):F_2PT7(1):H,0.012968,0.0021819,0.015856,0.030930062755942345,0.0003372385108377,0.0003592782304622
1G73(2):D_7UM4(1):A,0.013514,0.0021955,0.016798,0.03669288754463196,0.0009325640858151,0.000165652760188
2HZS(5):G_1OFH(1):A,0.01295,0.0021835,0.015926,0.12476646155118942,0.0017209951765835,0.0096512883901596
1Q7L(3):A_6YJP(1):C,0.012954,0.0022,0.015892,0.040060676634311676,0.0006306875147856,0.0005741972709074
6GND(2):D_6Y4L(1):B,0.012942,0.0047538,0.015947,0.033443305641412735,0.0006386854220181,0.0005901890108361
4QX8(2):C_7LA5(1):B,0.012942,0.0021686,0.015943,0.12445491552352905,0.0005281427875161,0.0004847418167628
6LBT(1):A_4WW9(1):B,0.013015,0.0022035,0.016015,0.055265821516513824,0.9985631108283995,0.7088828682899475
6M2I(1):A_6M2I(1):B,0.021069,0.0023855,0.019643,0.09836052358150482,0.9989909529685974,0.9885529279708862
2WP0(1):C_2CZV(1):B,0.012938,0.0038211,0.015917,0.010481947101652622,0.0006406300817616,0.00066487013828
3L4B(1):D_4ZK7(1):E,0.016662,0.0026015,0.01603,0.04229350388050079,0.0005084332078695,0.0178330205380916
7P99(1):A_3V6I(1):A,0.012949,0.0021772,0.01591,0.18375711143016815,0.0002253567945444,0.0003544716455508
2CZV(1):B_3NQZ(1):B,0.01295,0.0022507,0.015896,0.001639805966988206,0.000267826806521,0.0002896920486818
6DRH(4):H_7RAG(1):A,0.013075,0.0025033,0.016109,0.19258002936840057,0.0003999160835519,0.0039698518812656
1SV0(2):D_3AV0(1):A,0.013044,0.0021813,0.016447,0.07614004611968994,0.0002619200095068,0.0005014129565097
1QDL(1):B_3IEY(1):B,0.012941,0.0022374,0.0159,0.17488741874694824,0.996857523918152,0.1009945943951606
5XE3(1):A_6PNQ(1):A,0.013101,0.0021874,0.015958,0.038019079715013504,0.0002425633283564,0.0003666860284283
2HZS(5):H_1XG2(1):A,0.012932,0.0021728,0.015897,0.020744284614920616,0.0002500999544281,0.0006415322422981
3LBX(1):A_5K8J(1):A,0.012952,0.0021819,0.015876,0.2551617920398712,0.0004315212427172,0.0003110031539108
2IDO(2):C_5C6D(1):A,0.012957,0.0021811,0.030137,0.01572854444384575,0.0007503451197408,0.0011465881252661
5C6D(1):C_6JCK(1):B,0.01299,0.0023207,0.015956,0.18173062801361084,0.0019995074253529,0.0056921751238405
6JCK(1):A_4ZQU(1):A,0.012961,0.0021842,0.015908,0.05563756451010704,0.0003534483548719,0.0010419551981613
6TI2(1):B_3H0W(1):B,0.012926,0.0022057,0.015876,0.2177335023880005,0.0020859821233898,0.0561168752610683
1G73(2):D_1OFH(1):A,0.013009,0.0021982,0.015965,0.15328249335289001,0.0002560257271397,0.0005058713140897
5Y9W(1):B_7DMA(1):B,0.012916,0.0021873,0.015872,0.0017669700318947434,0.0003247016575187,0.0002679241006262
2PTT(1):A_6LBT(1):C,0.012954,0.0021886,0.015869,0.22444815933704376,0.0031009230297058,0.0041084308177232
1TFO(1):B_4FXE(1):E,0.013007,0.0036007,0.041572,0.03383797034621239,0.026099169626832,0.0024811779148876
7V5Z(1):B_7BY3(1):D,0.012942,0.0021957,0.015891,0.027341030538082123,0.0039060995914041,0.0102517269551754
6R3S(1):A_4PJ2(2):C,0.012982,0.0021883,0.016187,0.009295663796365261,0.0016544177196919,0.000773333304096
4X33(1):B_3R84(19):V,0.012943,0.0021813,0.01593,0.0650070533156395,0.0003706168499775,0.0014063335256651
6KPD(1):B_7VD7(1):A,0.013607,0.00646,0.015901,0.07218485325574875,0.0074896924197673,0.0002853062178473
4CC4(3):E_7ENH(1):B,0.012924,0.0021816,0.015877,0.014199099503457546,0.0007904306985437,0.0019731253851205
6LBU(1):A_4DGW(1):B,0.012979,0.0022096,0.016012,0.1286425143480301,0.1835579872131347,0.1307449042797088
2CZV(1):B_6WEG(1):C,0.012954,0.0022559,0.0159,0.1319592446088791,0.0003272197209298,0.0004286014882382
7DG5(1):B_3AV0(1):B,0.012972,0.0021866,0.015983,0.13307678699493408,0.015170102007687,0.000321823201375
6AKM(1):B_6HPB(1):A,0.012976,0.0033226,0.015871,0.04012244567275047,0.000343995692674,0.0056978948414325
1GKA(1):B_5OW5(1):B,0.012931,0.0022244,0.015869,0.06932205706834793,0.0010238859103992,0.000505672651343
7MWR(1):A_5OF3(1):E,0.012926,0.0021845,0.015973,0.026041613891720772,0.0005196472629904,0.7036282420158386
3NQZ(1):A_3NQZ(1):B,0.022621,0.0053417,0.018234,0.02638080157339573,0.9989989399909972,0.8138792514801025
1TY4(1):D_5OF3(1):D,0.013352,0.0021985,0.015896,0.12756603956222534,0.000365086045349,0.0003745254070963
6KML(1):C_2CZV(1):D,0.012998,0.0029609,0.015942,0.20411799848079681,0.0004699420242104,0.0006576809100806
5MC9(1):B_2FOI(1):D,0.012965,0.002205,0.016092,0.026524152606725693,0.0004269481287337,0.0004030577256344
6F45(1):D_5J4A(1):A,0.012964,0.0022519,0.016189,0.09757687151432037,0.4418194591999054,0.355342298746109
6Y4L(1):A_2HZS(5):H,0.01305,0.0021704,0.015979,0.02956315129995346,0.0005468477029353,0.0009986102813854
2XQN(1):A_5HY3(1):A,0.013557,0.0021831,0.015884,0.008419109508395195,0.0014570076018571,0.0126726850867271
2XZ0(2):D_5MU7(1):B,0.013291,0.0022295,0.016067,0.009843366220593452,0.0002347200934309,0.0004375852295197
4BY6(2):C_6RCX(1):A,0.012928,0.0022048,0.015907,0.09257545322179794,0.0003458599967416,0.0002854052581824
6CP9(4):G_1GKA(1):A,0.01299,0.0021917,0.015963,0.047245074063539505,0.0005044352146796,0.0016335190739482
1RP3(4):H_5ERG(1):B,0.012982,0.0021886,0.016166,0.11946903169155121,0.0007481359643861,0.0004266192554496
5ZB2(1):B_4XA9(8):h,0.012945,0.0022084,0.015911,0.053014323115348816,0.0015831611817702,0.0010369082447141
1Z6O(1):C_6KML(1):D,0.01303,0.0024035,0.016051,0.5958848595619202,0.0004978067008778,0.0004175748326815
3TVT(1):A_6KM7(1):A,0.013132,0.0021987,0.016071,0.13957276940345764,0.0016555058537051,0.196087971329689
5OF3(1):E_2XZ0(2):B,0.012942,0.0021991,0.015915,0.03882782906293869,0.0003682338574435,0.0004261694557499
6COJ(1):B_4ZK7(1):E,0.012994,0.0023056,0.016041,0.11805028468370438,0.9985830783843994,0.0015492795500904
3H0W(1):B_5Y26(1):A,0.012946,0.0022003,0.01594,0.21916984021663666,0.0008199496660381,0.0013394297566264
6WEG(1):A_6POL(2):D,0.012955,0.0021944,0.01586,0.1288727968931198,0.0009534272830933,0.0003369116748217
7C96(1):A_2PMS(2):B,0.012941,0.0021851,0.015888,0.015588857233524323,0.001256453921087,0.00057822157396
6TPI(1):C_6NXF(1):B,0.012928,0.0021729,0.015904,0.0736018493771553,0.0003461808082647,0.0007365937926806
4XA9(8):H_5WB5(1):A,0.028,0.0021816,0.015981,0.018163202330470085,0.0004744839097838,0.0021868932526558
1T3E(1):B_4BFI(1):A,0.012954,0.0021772,0.015905,0.02908891811966896,0.0002369560825172,0.0016365383053198
2XTS(1):D_3IEY(1):A,0.012984,0.0021962,0.015938,0.07776221632957458,0.0003803766448982,0.0001909685961436
6BZF(2):D_7UM4(1):A,0.012991,0.0021928,0.01589,0.04906813055276871,0.0002550341305322,0.0001087982018361
6B12(2):D_4WW9(1):B,0.012943,0.0022397,0.015896,0.05415875092148781,0.0141946543008089,0.0089999791234731
2IYB(2):B_6F4J(2):B,0.013082,0.0022102,0.015902,0.07833878695964813,0.0053331516683101,0.0071060606278479
3F1I(1):S_3GQI(1):B,0.012985,0.0021918,0.015885,0.006232765503227711,0.0003842714068014,0.0016455820295959
1Z6O(1):C_5NUP(1):D,0.013051,0.0026351,0.016073,0.03258649632334709,0.0002697781310416,0.000558333529625
7P99(1):C_1Q7L(3):B,0.01305,0.0021881,0.015929,0.06190246343612671,0.0003946117358282,0.0003563966893125
7EXZ(2):B_3M6M(1):E,0.012941,0.0022055,0.015905,0.28490468859672546,0.0004259428242221,0.001565478160046
6AKM(1):B_6HUL(1):A,0.012977,0.00219,0.015894,0.26161113381385803,0.0002466988225933,0.0002586983318906
7LA5(1):A_3Q4H(2):A,0.013108,0.0021997,0.016298,0.03395887464284897,0.0002494662185199,0.0001842005294747
1GKA(1):B_6COJ(1):A,0.012933,0.0021843,0.015957,0.03101431205868721,0.0003906878700945,0.0002421891986159
4BFI(1):B_6TI2(1):B,0.012945,0.002183,0.015978,0.07508771866559982,0.0051486399024724,0.0009891706285998
6XRW(1):B_7UM4(1):B,0.012998,0.0021802,0.016005,0.09789051860570908,0.0002469075552653,0.0003798791440203
3TVT(1):B_6MAF(1):C,0.013363,0.0021989,0.015898,0.02680727280676365,0.0014388202689588,0.01897276006639
5XKJ(1):E_4C4K(1):T,0.01362,0.0022408,0.016115,0.009949807077646255,0.0019054010044783,0.0004579486558213
2ZQK(2):B_4ZIR(1):B,0.013087,0.0021985,0.015954,0.4144990146160126,0.0003371203783899,0.0002446887083351
4NWO(1):A_4NL9(2):B,0.012979,0.0022401,0.01591,0.021098073571920395,0.0002266365481773,0.0002798054774757
3MB2(2):I_6L5K(1):B,0.013009,0.0021827,0.015969,0.005728682037442923,0.0002859674277715,0.0001279069110751
6JCK(1):B_6MAF(1):C,0.012943,0.0021743,0.015968,0.017440499737858772,0.0004951107548549,0.0012216019676998
7ENH(1):B_5YK7(1):D,0.012927,0.0021888,0.015976,0.6456586122512817,0.0012100350577384,0.0013758057029917
1SV0(2):B_1SV0(2):D,0.040731,0.74489,0.047089,0.085360586643219,0.99898499250412,0.9760324954986572
5KEV(1):A_6GJE(1):D,0.012932,0.0022447,0.015902,0.021225478500127792,0.0009913562098518,0.002275881357491
6MAF(1):A_3LKX(1):A,0.012923,0.0021868,0.015895,0.06663595885038376,0.0137155838310718,0.0008848793804645
6U08(2):C_2HZS(5):G,0.012981,0.0021822,0.016021,0.044538844376802444,0.000320883875247,0.1403257250785827
6U3W(1):B_4EXP(1):A,0.012945,0.0021961,0.015906,0.05622410774230957,0.0035582408308982,0.0006420919089578
6COJ(1):A_4CXF(1):A,0.013102,0.095904,0.017022,0.1731586903333664,0.0003509175148792,0.0006497920840047
5OF3(1):D_3FGC(2):D,0.012969,0.0021726,0.015936,0.2299095094203949,0.0009157816530205,0.0001725042675388
2ES4(3):E_5K8J(1):A,0.012979,0.0044348,0.016046,0.003010496264323592,0.0016546304104849,0.0076457438990473
5C6D(1):A_5C6D(1):C,0.012968,0.002289,0.019722,0.06197969615459442,0.0172906946390867,0.0069878622889518
4V02(1):B_3L4B(1):B,0.017258,0.0027915,0.017555,0.057218678295612335,0.0098638692870736,0.0038571348413825
2PT7(1):H_4QX8(2):D,0.01298,0.0021933,0.015881,0.0998511090874672,0.0077783199958503,0.0024431077763438
2R6A(1):B_2R6A(1):C,0.013826,0.0022753,0.017021,0.029450662434101105,0.0202992036938667,0.2134370505809784
1XG2(1):A_4NWO(1):B,0.013341,0.0021829,0.015998,0.528714120388031,0.0003200079663656,0.0001902857475215
4EXP(1):X_6BSC(1):A,0.012938,0.0021872,0.015912,0.07331175357103348,0.004728777334094,0.0502211786806583
5MPO(1):C_5C6D(1):A,0.012945,0.0021731,0.015899,0.10640842467546463,0.0003072854306083,0.0003387395408935
1R6O(3):B_6HUL(1):A,0.012966,0.0022002,0.01596,0.042138248682022095,0.0002302187785971,0.0003662871895357
6HPB(1):B_6TI2(1):E,0.012954,0.0026449,0.015888,0.008962896652519703,0.0003741526743397,0.0001446796086383
7DMA(1):A_3AV0(1):A,0.013018,0.0021691,0.015879,0.13912039995193481,0.0002930653281509,0.001347942976281
2IDO(2):C_3V6I(1):B,0.012975,0.0022288,0.015949,0.16778996586799622,0.0003139874024782,0.0011304089566692
6B12(2):D_6R3S(1):B,0.012962,0.0021769,0.015919,0.47942736744880676,0.0002169524232158,0.0031982210930436
7V5Z(1):D_6HUL(1):B,0.013049,0.0021964,0.0159,0.018106969073414803,0.00028796409606,0.0010467725805938
5JNO(1):A_6XAW(1):B,0.012979,0.0021761,0.016065,0.0930447056889534,0.0026402848307043,0.0216281283646821
4BY6(2):C_1GKA(1):A,0.012935,0.0021812,0.0159,0.18863309919834137,0.0006638222257606,0.0008377314661629
3CJH(2):I_3CJH(2):J,0.72298,0.81849,0.75173,0.5022474527359009,0.9990113973617554,0.9382492899894714
3MB2(2):I_6AKM(1):B,0.012935,0.0021961,0.015898,0.4177936613559723,0.0003063090844079,0.0049292277544736
4DGW(1):B_6XRW(1):B,0.01293,0.0021817,0.015987,0.003456821897998452,0.000354222866008,0.0002116727118846
3TVT(1):B_6U08(2):C,0.01297,0.0022054,0.015955,0.19725343585014343,0.0005971361533738,0.0003428886702749
3PUF(3):G_6IB8(1):A,0.012966,0.0021756,0.015932,0.01820949837565422,0.0011359076015651,0.0001806406362447
4Y66(2):D_2Y3N(1):D,0.012929,0.0021998,0.015929,0.4280525743961334,0.0002261405170429,0.0010620326502248
5CFF(1):F_3AV0(1):B,0.012972,0.0021886,0.015921,0.1624712496995926,0.0014942531706765,0.0004009748226962
3Q4H(2):A_5C6D(1):C,0.013044,0.0024388,0.015865,0.0938740149140358,0.0003211483126506,0.0011513787321746
4NWR(4):AT_6NXF(1):V,0.012951,0.0021751,0.015935,0.21780765056610107,0.0022030628751963,0.0007301974110305
7MWR(1):B_5Y26(1):B,0.012984,0.0022009,0.016017,0.1247946247458458,0.0003651314764283,0.000890364521183
3Q4H(2):A_6F4J(2):D,0.012936,0.0021982,0.01588,0.018282614648342133,0.0002304542140336,0.0004978781798854
3LBX(1):B_1Q5R(1):A,0.012957,0.0021894,0.015902,0.1997537910938263,0.0002367507986491,0.0001935052132466
6TI2(1):E_4XA9(8):h,0.012982,0.0021965,0.015952,0.08558811992406845,0.0016295935492962,0.0022472932469099
2VDW(4):G_5XE3(1):A,0.012928,0.0021812,0.015893,0.006093754433095455,0.0003654964675661,0.0002802732342388
6HUL(1):B_6AKM(1):B,0.012956,0.002206,0.015926,0.02477305568754673,0.0002444035490043,0.0002396519121248
6OD1(1):B_2J9U(1):B,0.012984,0.0022138,0.015898,0.10884908586740494,0.0023278964217752,0.0004133630136493
1GKA(1):A_1T3E(1):B,0.01296,0.0021792,0.015907,0.01734805479645729,0.0003677074855659,0.0003462767344899
5ERG(1):A_5C6D(1):C,0.013171,0.0022109,0.015896,0.015310279093682766,0.0038459822535514,0.0050006471574306
2PMS(2):D_3LKX(1):B,0.012933,0.0021994,0.01588,0.17341867089271545,0.0007508306880481,0.0030182537157088
2VUS(2):B_7RAG(1):A,0.012992,0.0021805,0.015927,0.0878734141588211,0.0003655351465567,0.0005520491395145
6DRH(4):H_2ZP9(1):J,0.013017,0.0021727,0.015997,0.6483728289604187,0.0003260149969719,0.0157853830605745
3A5Z(1):D_4TPS(2):D,0.012997,0.0022149,0.015904,0.002498422982171178,0.0007848622626625,0.0117286331951618
4NL9(2):B_3AV0(1):B,0.013014,0.0023679,0.016065,0.035453442484140396,0.0002875580685213,0.0002666199288796
5CTR(1):A_5CTR(1):C,0.013045,0.0021853,0.016118,0.009909444488584995,0.9969691634178162,0.0225302930921316
3R84(19):V_2XZ0(2):D,0.013163,0.0022064,0.016017,0.10341065376996994,0.0003014690591953,0.0018842761637642
7UM4(1):B_2XZ0(2):B,0.012949,0.002192,0.015928,0.0029790420085191727,0.0007928779814392,0.0002805370895657
2XQN(1):A_5ERG(1):A,0.014023,0.0021859,0.015924,0.013047179207205772,0.0057725482620298,0.0021393673960119
4DGW(1):B_5AUP(1):A,0.012929,0.0021934,0.015942,0.36862438917160034,0.0002326322573935,0.000147097845911
4CXF(1):B_6B12(2):B,0.012936,0.0022727,0.015984,0.040939755737781525,0.0014355423627421,0.4939436316490173
5YK7(1):D_4ZK7(1):W,0.012944,0.0021789,0.0159,0.0953708067536354,0.0002395847259322,0.0002899926912505
5XKJ(1):E_2J9U(1):A,0.013039,0.002227,0.01587,0.7859227061271667,0.0003471445234026,0.0008148809429258
6GJE(1):A_6GJE(1):D,0.012919,0.0021808,0.016739,0.44563525915145874,0.0003590873384382,0.0002451546024531
4NWO(1):A_6ZT0(1):AAAA,0.012926,0.0021764,0.015871,0.34457406401634216,0.0002450657775625,0.0001988290459848
3H0W(1):B_3H0W(1):A,0.012943,0.0022243,0.015884,0.00840719137340784,0.9944257736206056,0.2270603626966476
6HUL(1):A_5J1L(1):A,0.013071,0.0028284,0.015924,0.008491515181958675,0.0004411288537085,0.0013873851858079
5AUP(1):I_6GND(2):D,0.013934,0.0037525,0.016055,0.036551009863615036,0.0010290747741237,0.0016776338452473
3NQZ(1):B_5MU7(1):B,0.01295,0.0021731,0.015893,0.017381861805915833,0.0003003152669407,0.0002358001511311
3NYB(1):B_2R6A(1):C,0.01296,0.0021855,0.015933,0.09082994610071182,0.0003584974620025,0.0005011673201806
2VDW(4):H_3CJH(2):I,0.012933,0.0023081,0.015936,0.02955547161400318,0.0009354232461191,0.0010479469783604
2PT7(1):H_5ERG(1):A,0.012925,0.0021775,0.015892,0.5155907869338989,0.0114475386217236,0.0050737215206027
7C96(1):A_5UIW(1):B,0.012939,0.0022211,0.015866,0.03525208309292793,0.000480016664369,0.0012656414182856
6U3W(1):B_6IB8(1):A,0.013275,0.0021875,0.015994,0.04564530402421951,0.0005870590684935,0.0009323547710664
3A5Z(1):C_3ZDM(1):E,0.012994,0.0021992,0.016041,0.0828065350651741,0.0006515581044368,0.00228664977476
3MB2(2):I_6GW6(1):A,0.012975,0.002213,0.015998,0.009456050582230091,0.0115313557907938,0.0009175835875794
5UIW(1):A_5UIW(1):B,0.073169,0.0022562,0.021664,0.008786585181951523,0.0053492551669478,0.1527012437582016
6BSC(1):A_4ZK7(1):E,0.012925,0.002173,0.015883,0.0026269135996699333,0.000355629454134,0.0001300233852816
6F4J(2):D_6PNQ(1):A,0.012973,0.0021872,0.015876,0.08293628692626953,0.0003939085290767,0.0013456315500661
5Y9W(1):B_3NYB(1):B,0.01297,0.0021814,0.01604,0.0101277781650424,0.0016283713048323,0.0017827393021434
4ZQU(1):A_5E3E(1):B,0.01321,0.0021754,0.016249,0.02466094307601452,0.9983181953430176,0.7103245258331299
6VW9(1):B_3NQZ(1):B,0.012942,0.0021953,0.015871,0.2629052400588989,0.0014756991295143,0.0004672859213314
5ERG(1):B_6COJ(1):B,0.012933,0.0022051,0.016001,0.2461627721786499,0.0005004329723306,0.0001847503735916
7P99(1):A_2VUS(2):J,0.012978,0.0021969,0.53847,0.10308711975812912,0.0008872877806425,0.0048175966367125
6TPI(1):C_2PTT(1):A,0.012962,0.0021845,0.015975,0.0220926646143198,0.0003165497619193,0.0004083281382918
3H0W(1):A_3LBX(1):B,0.012965,0.0021838,0.015887,0.4149453043937683,0.0002560757566243,0.0001958172942977
6IB8(1):A_3PUF(3):I,0.013307,0.0021822,0.015957,0.4382288455963135,0.0003030167426913,0.0022161945234984
7C96(1):A_6NKL(1):A,0.01305,0.0021838,0.015883,0.005935493391007185,0.0005882386467419,0.0010345707414671
6MAF(1):C_5JNO(1):A,0.012976,0.0021816,0.015897,0.28806179761886597,0.0006491891108453,0.2018824368715286
5XKJ(1):E_6BZF(2):C,0.012925,0.0022902,0.015876,0.043579526245594025,0.0006770632462576,0.0003754715144168
5UIW(1):B_6RCX(1):A,0.012933,0.0022107,0.016077,0.13978734612464905,0.0002593223471194,0.0002560806460678
2ES4(3):B_4CC4(3):E,0.012933,0.0022005,0.016004,0.009292401373386383,0.0015231863362714,0.0034663258120417
1RP3(4):G_1RP3(4):H,0.013306,0.0026032,0.017725,0.040338385850191116,0.9967175126075744,0.5621469020843506
3IEY(1):B_5MC9(1):B,0.012981,0.0021845,0.015879,0.024940786883234978,0.0002937019162345,0.0007208414608612
5UIW(1):A_2Y3N(1):D,0.013013,0.002182,0.015881,0.01300082728266716,0.0003221393853891,0.0003137372550554
3AMJ(1):A_2DS2(2):C,0.01295,0.0022304,0.01588,0.024546151980757713,0.0006886287592351,0.0122267948463559
5MC9(1):B_6B12(2):D,0.012983,0.0021783,0.015874,0.1092318668961525,0.0004124304978176,0.0005398510256782
4WW9(1):A_5MPO(1):C,0.012948,0.002189,0.015897,0.28028738498687744,0.0003416933759581,0.0068727061152458
3HUG(6):I_1GKA(1):A,0.012942,0.0021909,0.015895,0.02782781422138214,0.0004191063926555,0.0001923571253428
7DMA(1):A_6L5K(1):B,0.012946,0.0021658,0.015899,0.1230693832039833,0.0097100073471665,0.0021707727573812
5J4A(1):A_1RP3(4):H,0.01297,0.0021903,0.015915,0.006196013651788235,0.0005983490846119,0.0007034232257865
3QVG(2):A_6X0A(15):o,0.012935,0.0021784,0.015947,0.0045423866249620914,0.0002534137747716,0.000187884477782
6X0A(15):o_2CG5(1):B,0.013197,0.0024765,0.016879,0.28969892859458923,0.0035863006487488,0.0006732213078066
4TMA(2):F_5NUP(1):A,0.013297,0.0022261,0.016084,0.13363371789455414,0.0003756150545086,0.0005639534210786
3A0R(1):B_2ES4(3):B,0.012984,0.0022256,0.016222,0.032752081751823425,0.0003022351302206,0.0005312119028531
3V6I(1):A_2XQN(1):A,0.012941,0.0021787,0.01591,0.6372230648994446,0.0007794541306793,0.0023678850848227
4C4K(1):O_4C4K(1):T,0.63014,0.0032711,0.033569,0.05602779611945152,0.0292082447558641,0.2264747321605682
5CFF(1):F_1TY4(1):B,0.012924,0.0021919,0.015927,0.015786925330758095,0.0029626991599798,0.0016511989524587
7UM4(1):B_4FXE(1):E,0.013019,0.0022095,0.01592,0.19157248735427856,0.0015262499218806,0.0032113515771925
2DS2(2):D_5IBW(1):C,0.013105,0.0038226,0.016287,0.03185191750526428,0.0005127647309564,0.0008799268398433
4UDM(1):A_4V02(1):C,0.013052,0.0021808,0.015912,0.004962673876434565,0.4021005928516388,0.0004701460711658
4Y66(2):D_5JNO(1):A,0.012962,0.0022147,0.015953,0.03148768097162247,0.0005166075425222,0.0041085183620452
4NWR(4):AT_4NWR(4):AS,0.012961,0.0021834,0.016252,0.023252805694937706,0.0248039476573467,0.0025036775041371
4WWR(3):C_4ZIR(1):A,0.013044,0.0021908,0.015876,0.05896848067641258,0.0005774848978035,0.0006487735081464
6KZA(2):B_5AUP(1):A,0.013063,0.0025176,0.016058,0.2244989275932312,0.0037322966381907,0.0003532504779286
4NWR(4):AT_7KBJ(2):I,0.012947,0.0022031,0.015924,0.20735906064510345,0.0006016695988364,0.0005187334609217
4ZK7(1):E_3CJH(2):J,0.012929,0.002185,0.015905,0.03144126385450363,0.0002302231441717,0.0001214542935485
4CC4(3):F_5HY3(1):A,0.012956,0.0021782,0.015852,0.06900648027658463,0.0003663287789095,0.0028676795773208
5UIW(1):A_6TPI(1):A,0.01298,0.0022465,0.015898,0.014138069935142994,0.0002635406563058,0.0006917514256201
6TI2(1):B_1SV0(2):B,0.012981,0.0022004,0.015908,0.004227619152516127,0.001680024783127,0.0020030948799103
7VKB(1):A_6XOD(1):A,0.013083,0.00218,0.015883,0.0064882077276706696,0.0006057794089429,0.0003379559202585
4WWR(3):D_6KPD(1):C,0.01295,0.0021801,0.015891,0.06363830715417862,0.0021498133428394,0.0013885992811992
5OF3(1):D_3WXX(4):G,0.012946,0.0021827,0.01589,0.03248823434114456,0.0012330865720286,0.0003768716997001
6PNQ(1):A_5Y26(1):A,0.012962,0.0021795,0.01593,0.23942936956882477,0.0002708494721446,0.0003186730027664
6OD1(1):A_5AUP(1):A,0.013012,0.0022713,0.016037,0.387850821018219,0.0003124397189822,0.0002490522165317
4Y66(2):C_4Y66(2):D,0.10119,0.0037069,0.01654,0.1218891441822052,0.997986912727356,0.9944288730621338
7ENH(1):B_6BZF(2):D,0.012955,0.0023653,0.016216,0.12291783094406128,0.0099786836653947,0.0060816826298832
2VDW(4):H_3IEY(1):A,0.012923,0.0021866,0.015949,0.0219806507229805,0.0011225582566112,0.0023828707635402
2Y9X(2):F_7VD7(1):A,0.012956,0.0021798,0.015911,0.13423575460910797,0.0005459628300741,0.0003977375163231
7FAD(2):D_3BEG(1):A,0.012997,0.002207,0.01606,0.05622962489724159,0.000324128253851,0.0070261629298329
1LGH(2):K_3QVG(2):A,0.012948,0.0022833,0.015862,0.08623138070106506,0.0002831367892213,0.0002002502733375
5YXY(1):D_2CG5(1):A,0.01294,0.0022827,0.015914,0.011895271949470043,0.0002789834106806,0.0002169848739868
2XZ0(2):D_6TI2(1):B,0.012978,0.0022004,0.016063,0.008929198607802391,0.0005528502515517,0.0044666198082268
6RCX(1):A_6F45(1):D,0.013332,0.0023608,0.015977,0.06440111249685287,0.0003474080585874,0.0016645287396386
5OF3(1):D_4QMF(2):A,0.013527,0.0021847,0.015912,0.36125054955482483,0.0307101216167211,0.0004830649413634
4X33(1):B_6VW9(1):A,0.012922,0.002171,0.0159,0.0067316810600459576,0.0007574463379569,0.0004053059383295
6U08(2):D_1TFO(1):B,0.012932,0.0022599,0.015972,0.6614779233932495,0.9963333606719972,0.8243958950042725
6OD1(1):A_6DRH(4):G,0.013213,0.002196,0.015907,0.018011799082159996,0.0022470301482826,0.0009099164744839
3TND(1):A_7P99(1):A,0.012941,0.0021703,0.015891,0.18573357164859772,0.0002703154459595,0.0003001664299517
1TQY(4):H_3NQZ(1):A,0.01298,0.0021801,0.016008,0.01439726259559393,0.0002361243532504,0.0004013123107142
2IDO(2):C_4C4K(1):T,0.013059,0.0021934,0.015914,0.07272210717201233,0.0002553112572059,0.0009650089778006
6U3W(1):A_2Y3N(1):D,0.012936,0.0021981,0.015878,0.08396051824092865,0.0003101258189417,0.0006062389584258
5IBW(1):A_3TVT(1):B,0.013074,0.0021814,0.015965,0.05260968208312988,0.0243082046508789,0.0008706855587661
6F45(1):D_4TPS(2):D,0.01294,0.0021739,0.015943,0.03006039559841156,0.0004358253499958,0.0007174278143793
3TND(1):B_3A5Z(1):D,0.012993,0.0022026,0.015906,0.0359044224023819,0.0006291919853538,0.0598463341593742
5MPO(1):B_3BEG(1):B,0.013873,0.0033026,0.015984,0.05949956178665161,0.0002748500846792,0.0016184158157557
2ZQK(2):B_2ZQK(2):D,0.013166,0.0024221,0.016644,0.47706836462020874,0.0016771061345934,0.0030008144676685
6GJE(1):A_5CFF(1):A,0.012958,0.0021888,0.01586,0.06328591704368591,0.0002754413580987,0.0003210521826986
3TND(1):B_1H3O(2):C,0.012971,0.0022534,0.015909,0.3957166373729706,0.0003921057214029,0.0001898109621834
7ENH(1):B_6IB8(1):C,0.012984,0.0024511,0.015897,0.2835911214351654,0.001799727207981,0.0009220720967277
3PUF(3):H_6WEG(1):A,0.012989,0.0021807,0.015904,0.2600719928741455,0.0062853409908711,0.000887629459612
4WW9(1):B_3L4B(1):D,0.012965,0.0021976,0.015948,0.33356958627700806,0.0008517729002051,0.0009606608655303
6NKL(1):A_6NKL(1):C,0.01296,0.0021806,0.016003,0.09905574470758438,0.0084857679903507,0.8167517185211182
5KEV(1):A_5WB5(1):B,0.01296,0.0021695,0.015884,0.18927569687366486,0.0002620613668113,0.0002562929003033
3X37(1):B_7UM4(1):A,0.012989,0.0022323,0.015876,0.37557274103164673,0.0006843281444162,0.0003342266136314
3M7F(1):A_3LBX(1):A,0.013178,0.00218,0.016314,0.10610724985599518,0.0004689997585956,0.00267930701375
3M7F(1):A_4CYJ(2):F,0.012958,0.002179,0.015925,0.2889707684516907,0.0004789117956534,0.0054952283389866
6R3S(1):B_6L5K(1):A,0.012954,0.0021739,0.015954,0.07162335515022278,0.0003390474594198,0.0036992533132433
6BZF(2):C_6BZF(2):D,0.01299,0.0025026,0.016108,0.03494672849774361,0.0154180731624364,0.1870594769716262
2Y0N(1):A_2Y0N(1):E,0.013199,0.0022919,0.015957,0.02716216631233692,0.8327481150627136,0.0115260360762476
2VDW(4):G_5OF3(1):D,0.012954,0.002196,0.015944,0.00513427471742034,0.0009706356795504,0.0005742040812037
6U08(2):D_2CG5(1):A,0.012934,0.0022692,0.015897,0.7274771928787231,0.0049888906069099,0.0018753453623503
5KEV(1):B_6KM7(1):A,0.013017,0.0021899,0.016133,0.2592930197715759,0.0062575582414865,0.0008607054478488
2Y0N(1):A_7VKB(1):A,0.012924,0.002186,0.015908,0.0702441856265068,0.0028062409255653,0.0003109882818534
3WXX(4):G_4NL9(2):D,0.012988,0.0022686,0.015924,0.025154806673526764,0.0008183261379599,0.0008661732426844
6CP9(4):G_6CP9(4):H,0.013099,0.0021845,0.016109,0.5897038578987122,0.99840646982193,0.0834423601627349
1TY4(1):D_7P99(1):A,0.013239,0.0021913,0.016011,0.2169775664806366,0.001090281875804,0.0010887049138545
4TPS(2):D_7UM4(1):B,0.012967,0.0022029,0.015883,0.5215974450111389,0.0003751613257918,0.0006410628557205
1Q5R(1):H_6GW6(1):B,0.012955,0.0027213,0.015973,0.04946225509047508,0.0211563035845756,0.0026313022244721
7RAG(1):B_5JW9(1):B,0.013004,0.0021976,0.0159,0.028874443843960762,0.0002555165265221,0.0002654716372489
6NKL(1):A_3LBX(1):A,0.012942,0.0021755,0.015869,0.04789072275161743,0.0002339622151339,0.000772857107222
2J9U(1):B_1R6O(3):B,0.013144,0.0021991,0.015923,0.014403427951037884,0.0003692874452099,0.0005948662292212
6U3W(1):A_4QMF(2):B,0.012919,0.0021691,0.015886,0.0425606407225132,0.0003933931002393,0.2400777339935302
6VW9(1):B_2ZQK(2):D,0.012957,0.0023053,0.015888,0.16722820699214935,0.0015969093656167,0.0005026164581067
2PMS(2):B_7ENH(1):A,0.012924,0.0021725,0.0159,0.12441637367010117,0.000868699979037,0.0001730009098537
4QMF(2):A_6XRW(1):A,0.013051,0.0022475,0.015903,0.14545026421546936,0.0009572255075909,0.0003370845224708
6OK1(1):B_7LA5(1):A,0.013024,0.0026951,0.015953,0.02761121466755867,0.0002452569897286,0.0001742486783768
1RP3(4):G_3IEY(1):A,0.012948,0.0022354,0.016116,0.021806875243782997,0.0023789124097675,0.432434469461441
3F1I(1):S_5MW9(2):F,0.63105,0.22148,0.080115,0.03082648292183876,0.0043308357708156,0.0096665043383836
3R84(19):U_7DMA(1):A,0.012987,0.0022075,0.015939,0.24709559977054596,0.0006931967218406,0.2585620880126953
6XF1(2):D_3OEI(1):D,0.012962,0.0021687,0.01593,0.11892127990722656,0.0002847659925464,0.0002761492214631
4X33(1):A_6BZF(2):D,0.012934,0.002224,0.015895,0.18546812236309052,0.0003312536573503,0.0006094556301832
7P99(1):C_4DGW(1):A,0.012973,0.0022199,0.015978,0.00185172981582582,0.0013040439225733,0.0009309465531259
3CDK(1):C_5IBW(1):A,0.013146,0.0021721,0.015925,0.03277545049786568,0.0002057163219433,0.0003002425655722
4ZIR(1):B_4CC4(3):E,0.013143,0.0021827,0.015879,0.05709366127848625,0.0002919397957157,0.000777366803959
2PT7(1):H_6XOD(1):B,0.012936,0.0021686,0.015902,0.2819296717643738,0.0006272532627917,0.0014564193552359
5J1L(1):A_2VDW(4):H,0.012948,0.0026691,0.01594,0.04105491563677788,0.0010438308818265,0.0017257515573874
3GQI(1):A_3GQI(1):B,0.016554,0.0026036,0.022341,0.045386359095573425,0.998582363128662,0.5205408334732056
6DRH(4):H_6F4J(2):B,0.012926,0.0021736,0.015888,0.03105001524090767,0.0040678977966308,0.0009319488308392
6POL(2):C_7P99(1):A,0.013033,0.0027258,0.016207,0.07217211276292801,0.0008941984851844,0.0042464113794267
1H3O(2):D_6MAF(1):C,0.012923,0.0022129,0.015907,0.023468755185604095,0.0010361039312556,0.0003923292970284
2J9U(1):A_2CZV(1):D,0.013024,0.0022149,0.015902,0.019322719424962997,0.0002492310886736,0.0018714471952989
3F1I(1):S_4ZQU(1):B,0.013008,0.0022442,0.015881,0.02100711688399315,0.0009768648305907,0.0009440022986382
7BY3(1):D_2ES4(3):B,0.012916,0.0021929,0.015935,0.3114660978317261,0.000390215718653,0.0004544023540802
1TFO(1):B_1Q7L(3):B,0.01293,0.0021933,0.015961,0.053751345723867416,0.0011168852215632,0.0005246726213954
5XE3(1):E_7ENH(1):A,0.012937,0.0021995,0.01593,0.26122644543647766,0.0041155675426125,0.0006060015293769
6KM7(1):A_6X0A(15):o,0.012936,0.0021877,0.015924,0.030586780980229378,0.0003879115101881,0.0007540703518316
6KZA(2):B_6KZA(2):D,0.01412,0.0022108,0.015937,0.07364877313375473,0.0041470960713922,0.0076195984147489
7UM4(1):A_7UM4(1):B,0.013028,0.002385,0.016599,0.012747391127049923,0.0006930622621439,0.0002105041785398
7ETR(1):C_1TQY(4):G,0.013034,0.0022066,0.016444,0.10063520073890686,0.0004325596964918,0.0008261127513833
6TUN(2):B_1R6O(3):B,0.012951,0.002191,0.01597,0.08154185861349106,0.001153610064648,0.0047378572635352
4XA9(8):H_1OFH(1):G,0.012929,0.0021698,0.015875,0.14709168672561646,0.0003408125194255,0.0003405702009331
4CC4(3):E_4XA9(8):h,0.012947,0.0022063,0.015902,0.02494056522846222,0.0034128311090171,0.0013158144429326
3CJH(2):I_6BSC(1):B,0.012994,0.0022247,0.015914,0.4907515048980713,0.0007353941327892,0.0003663800889626
1XG2(1):A_1XG2(1):B,0.025785,0.0024348,0.016023,0.013436861336231232,0.0020469811279326,0.1339008510112762
6POL(2):C_2XQN(1):T,0.015214,0.0021902,0.019058,0.06951368600130081,0.0068991254083812,0.0027458223048597
3IEY(1):B_2IYB(2):F,0.012939,0.0022076,0.01586,0.015929464250802994,0.0002851729805115,0.0004785902856383
3IEY(1):A_3F1I(1):H,0.012933,0.0021985,0.015878,0.12584573030471802,0.0003221719525754,0.0002500288828741
7UM4(1):A_6M2I(1):A,0.01308,0.0022312,0.015911,0.03427688032388687,0.0006560788606293,0.0001340996968792
7DMA(1):B_2XTS(1):C,0.012944,0.0021751,0.01592,0.01899220608174801,0.0016876404406502,0.1429985016584396
4FXE(1):B_4FXE(1):E,0.027719,0.0043639,0.015985,0.3240116834640503,0.9989915490150452,0.94410902261734
5ZB2(1):A_1TQY(4):H,0.012986,0.0021717,0.015974,0.024089550599455833,0.0002252496196888,0.0002356830373173
6COJ(1):B_1R6O(3):D,0.012935,0.0021831,0.015888,0.03873462602496147,0.0002305306843481,0.0010744623141363
6LBT(1):A_5XKJ(1):C,0.012921,0.0021687,0.015872,0.01655258797109127,0.0003981027984991,0.0004274370439816
4V02(1):C_5YK7(1):D,0.012921,0.0021764,0.015877,0.03114663064479828,0.0002258524327771,0.0003107360971625
2QAG(1):A_7BY3(1):C,0.013009,0.0021838,0.015901,0.2874768078327179,0.000247612450039,0.0002963357255794
2DS2(2):C_2DS2(2):D,0.013124,0.53302,0.016003,0.017361139878630638,0.9983929991722108,0.0040294048376381
7ETR(1):A_3F1I(1):S,0.012981,0.0023108,0.015887,0.25938349962234497,0.000234970866586,0.0003187091497238
1TFO(1):A_2XQN(1):A,0.01299,0.0022457,0.015966,0.10772671550512314,0.0024493786040693,0.0100955748930573
5MU7(1):A_3QVG(2):B,0.012993,0.0021726,0.015885,0.02075331099331379,0.0026035914197564,0.0005990483332425
5NUP(1):A_5NUP(1):D,0.02144,0.0028437,0.027544,0.06379681080579758,0.1259945482015609,0.0013305499451234
5CK3(1):B_3ZDM(1):E,0.013014,0.0021889,0.015893,0.16169556975364685,0.000853823905345,0.0030282351654022
4ZIR(1):B_4NL9(2):B,0.013069,0.0022767,0.016055,0.021343566477298737,0.0002290646662004,0.0001770214003045
3M7F(1):B_7P99(1):A,0.012956,0.0021837,0.016061,0.166502445936203,0.0003601549542509,0.0142740411683917
5NUP(1):D_6KML(1):C,0.012941,0.0021928,0.015914,0.6753226518630981,0.0006900306907482,0.0002157771377824
3PUF(3):I_3AMJ(1):A,0.012946,0.0022389,0.015935,0.017172515392303467,0.0002241257898276,0.0026701069436967
4XA9(8):h_6XRW(1):A,0.013037,0.002196,0.015983,0.012310296297073364,0.001212220522575,0.0009728877339512
5XE3(1):A_7C96(1):A,0.01294,0.0022415,0.015912,0.46438172459602356,0.0048573850654065,0.0007228194735944
1LGH(2):J_5ZB2(1):A,0.013222,0.0025946,0.015868,0.1869688183069229,0.0003081050235778,0.0003525833017192
2WP0(1):A_6TUN(2):C,0.012963,0.0023081,0.016006,0.01190741267055273,0.0313340686261653,0.0043301694095134
5OW5(1):A_5OW5(1):B,0.014705,0.0023493,0.016729,0.016964303329586983,0.0015155813889577,0.0601998008787632
4ZIR(1):A_5CFF(1):F,0.013126,0.0022021,0.015893,0.09673722833395004,0.0003913735854439,0.0003865736653096
4ZK7(1):W_4ZQU(1):B,0.01296,0.0022409,0.01627,0.1230454072356224,0.002497270470485,0.0059131537564098
1TFO(1):A_1TFO(1):B,0.012965,0.003149,0.016028,0.039306458085775375,0.9978759288787842,0.9042210578918456
5CTR(1):A_4CC4(3):F,0.01304,0.0021998,0.016317,0.08129003643989563,0.0010474808514118,0.0041120396926999
6L5K(1):B_6OD1(1):A,0.012948,0.0021862,0.015908,0.7757405638694763,0.0004845141083933,0.0002028768649324
4ZK7(1):E_4ZK7(1):W,0.014223,0.0023281,0.016758,0.025746745988726616,0.9984833598136902,0.7925183176994324
2FOI(1):B_3BEG(1):A,0.013004,0.0023839,0.016028,0.018699035048484802,0.000412854948081,0.0004476295725908
6XAW(1):B_4BY6(2):B,0.013002,0.0022123,0.015964,0.44990092515945435,0.0728205367922782,0.0059643583372235
5J4A(1):A_3OEI(1):B,0.012952,0.0021986,0.01599,0.02248399332165718,0.0004811809631064,0.0005627929931506
4ZK7(1):E_2CZV(1):B,0.013102,0.0022317,0.016037,0.11442489176988602,0.0031365945469588,0.0084349000826478
6TRI(1):B_7BY3(1):C,0.013094,0.0039223,0.016069,0.07910382002592087,0.9989657402038574,0.5495641827583313
6XAW(1):A_4Y66(2):C,0.012952,0.0022463,0.015944,0.07570162415504456,0.0005727493553422,0.0046187485568225
5OF3(1):E_5Y26(1):B,0.012935,0.0021779,0.015911,0.062056850641965866,0.000382279860787,0.0009797067614272
7RAG(1):B_4Y66(2):C,0.012946,0.0021892,0.015981,0.015035665594041348,0.0002498456451576,0.0009162307833321
5XE3(1):A_5XE3(1):E,0.012962,0.0022507,0.01646,0.07840129733085632,0.998976230621338,0.1257648020982742
6OD1(1):B_3OEI(1):B,0.012936,0.0022108,0.015939,0.23511162400245667,0.0010302593000233,0.1764346212148666
6MAF(1):C_7EXZ(2):A,0.013011,0.0021795,0.01592,0.447659432888031,0.0005434395861811,0.0487398840487003
5HY3(1):B_5OF3(1):E,0.012937,0.0021845,0.015886,0.011294739320874214,0.0404855571687221,0.0003588593972381
7VD7(1):A_6U08(2):D,0.012952,0.0021835,0.015943,0.015563477762043476,0.0116271674633026,0.210980474948883
6M2I(1):A_3MB2(2):I,0.012959,0.0021884,0.016163,0.08708718419075012,0.0031942194327712,0.0071492879651486
7DG5(1):B_2Y9X(2):F,0.012916,0.0021696,0.015876,0.04916088283061981,0.0003478969447314,0.0003717233485076
5MW9(2):F_6WEG(1):A,0.013009,0.0021866,0.015997,0.035309117287397385,0.0004267077019903,0.0007374813430942
2J9U(1):A_6HPB(1):B,0.012962,0.0022263,0.016146,0.0282380860298872,0.0004241656279191,0.0027845492586493
4UDM(1):A_3L4B(1):B,0.012953,0.0021908,0.015907,0.08484059572219849,0.0013822950422763,0.0031549732666462
6NXF(1):B_7VD7(1):A,0.012931,0.0021674,0.015951,0.02786439284682274,0.0004112133174203,0.0002572133380454
2CZV(1):D_5E3E(1):A,0.012944,0.0021985,0.015928,0.11889012902975082,0.0002672775881364,0.0008657879661768
7ENH(1):B_7BY3(1):D,0.012931,0.002199,0.016024,0.5132762789726257,0.0060021136887371,0.0006113749695941
6XZ6(1):A_1XG2(1):A,0.013718,0.0022065,0.015931,0.019068710505962372,0.0085007296875119,0.0264359470456838
5ERG(1):B_5AUP(1):A,0.012993,0.0023063,0.016565,0.2873665392398834,0.0075861318036913,0.0001404726062901
5Y26(1):B_4CYJ(2):D,0.012945,0.0021734,0.016186,0.026122836396098137,0.0003087257791776,0.0024158922024071
6XAW(1):B_4NL9(2):D,0.013017,0.0024009,0.015908,0.31918850541114807,0.0038845320232212,0.0008849435253068
4Y66(2):D_6AKM(1):A,0.013176,0.0043809,0.015975,0.022973719984292984,0.0007954092579893,0.0128182079643011
4CXF(1):A_5Y26(1):B,0.013125,0.0022058,0.019659,0.036119285970926285,0.0002177467395085,0.0001947874989127
2PTT(1):B_6Y4L(1):A,0.013,0.0022104,0.015966,0.256192684173584,0.0003548324166331,0.000216041895328
1R6O(3):D_4X33(1):B,0.012954,0.0022006,0.015905,0.05351035296916962,0.0003091926046181,0.0024570825044065
6BZF(2):C_6TUN(2):B,0.012944,0.0022289,0.015971,0.05971977114677429,0.0016189443413168,0.0051824678666889
5Y9W(1):B_5Y26(1):B,0.012943,0.0021869,0.015957,0.005706561729311943,0.000363911880413,0.0001878894981928
2IDO(2):C_1G73(2):D,0.013021,0.0021893,0.015927,0.07080326974391937,0.0002982540463563,0.0006318673258647
6MAF(1):C_5NUS(1):B,0.013046,0.0021939,0.015948,0.6610954403877258,0.001362229231745,0.0008474991191178
3MB2(2):I_2QAG(1):B,0.012985,0.0021854,0.015945,0.29756301641464233,0.0003290582681074,0.0002794647007249
4UDM(1):B_5JW9(1):B,0.01293,0.0022409,0.015893,0.26698535680770874,0.0003489974769763,0.0004409888351801
4KBQ(1):A_3LBX(1):B,0.014602,0.0022263,0.015984,0.0028033533599227667,0.0009602174395695,0.0208814200013875
4QMF(2):A_3EXE(2):H,0.012966,0.0022077,0.0159,0.0453544445335865,0.000265516951913,0.001523413346149
3ZDM(1):E_4Y66(2):C,0.012995,0.0022353,0.016104,0.013229629956185818,0.0016024108044803,0.0079748863354325
5WRV(1):B_4ZIR(1):B,0.013301,0.0021975,0.016168,0.024239948019385338,0.0007160709355957,0.0001900012721307
5Y9W(1):C_3CJH(2):J,0.73927,0.90819,0.51612,0.025550303980708122,0.0008500414551235,0.0005414487677626
1RP3(4):H_6GND(2):D,0.013128,0.011935,0.015868,0.003582550212740898,0.0008147396147251,0.0019664978608489
2WP0(1):A_2WP0(1):C,0.012929,0.002269,0.016062,0.008221648633480072,0.1349256783723831,0.1009851172566413
4NL9(2):B_4NL9(2):D,0.013763,0.59875,0.046067,0.02127380110323429,0.9990031123161316,0.1294348239898681
3CDK(1):C_3CDK(1):D,0.27453,0.54288,0.26272,0.004629997070878744,0.998996913433075,0.9820958375930786
6LBU(1):B_4UDM(1):B,0.012927,0.0021862,0.015923,0.003019876778125763,0.0012379650725051,0.3617327809333801
6Y4L(1):A_6BZF(2):D,0.013014,0.0021759,0.016164,0.040526628494262695,0.0007848577806726,0.0003229650319553
3QVG(2):B_6KM7(1):A,0.012939,0.0022131,0.015924,0.09930053353309631,0.0041883452795445,0.205265462398529
3AV0(1):A_3AV0(1):B,0.013123,0.0033458,0.028079,0.08977407962083817,0.997655987739563,0.9315054416656494
7RAG(1):A_5J1L(1):A,0.012963,0.0024716,0.01602,0.015973033383488655,0.0085836919024586,0.5635135173797607
3GQI(1):A_2PMS(2):D,0.012949,0.0022226,0.015968,0.17608769237995148,0.0007141576497815,0.0395621173083782
1T3E(1):B_6MAF(1):C,0.01297,0.0022022,0.01591,0.12023259699344635,0.0009871075162664,0.0015453596133738
1LGH(2):K_4NWR(4):AT,0.013,0.0022922,0.015868,0.09816529601812363,0.000840799533762,0.0001242725120391
6TPI(1):A_6TPI(1):C,0.014621,0.00242,0.015932,0.005814364179968834,0.0026673260144889,0.0396367907524108
6TI2(1):B_3IEY(1):A,0.012919,0.0021751,0.015894,0.06841025501489639,0.0014463850529864,0.0011213526595383
6DRH(4):G_6DRH(4):H,0.012957,0.0021842,0.015952,0.012535816058516502,0.0003235240583308,0.0009451732621528
6XF1(2):C_6XZ6(1):A,0.013288,0.0022311,0.016061,0.20813032984733582,0.0015736372442916,0.0079080434516072
1G73(2):D_6BZF(2):D,0.01294,0.0021669,0.015868,0.33801692724227905,0.0002884067653212,0.0227493643760681
1GKA(1):A_3TND(1):A,0.012928,0.0021821,0.016027,0.004644159693270922,0.0007621485856361,0.0002907360030803
3M6M(1):B_3M6M(1):E,0.013589,0.050473,0.021365,0.005372591316699982,0.0010022115893661,0.5722190141677856
6COJ(1):A_3PUF(3):G,0.012946,0.0022379,0.015982,0.0757102444767952,0.0002584503090474,0.0002680002362467
7BY3(1):D_3AMJ(1):B,0.01293,0.0022506,0.015904,0.11348394304513931,0.0007690862403251,0.0012117408914491
6GW6(1):B_5CFF(1):A,0.013011,0.0022036,0.015865,0.10400134325027466,0.0003663303505163,0.000363079161616
6CP9(4):H_6LBU(1):A,0.012933,0.0021732,0.016021,0.40386971831321716,0.0061284797266125,0.0132776293903589
6OK1(1):A_6OK1(1):B,0.018807,0.41678,0.017533,0.11567619442939758,0.9988353848457336,0.839442789554596
4ZQU(1):B_3A0R(1):B,0.012986,0.0021967,0.016102,0.08594337105751038,0.0024462323635816,0.0038655512034893
6Y4L(1):A_6Y4L(1):B,0.01306,0.0022026,0.020344,0.053397759795188904,0.0225257724523544,0.0191400032490491
5XE3(1):A_7VD7(1):B,0.012969,0.0023241,0.015912,0.271193265914917,0.99795663356781,0.0040320199914276
3EXE(2):E_3R84(19):U,0.012981,0.002185,0.015911,0.3289358913898468,0.0002411778405075,0.0007732356898486
7EXZ(2):B_4X33(1):B,0.012927,0.0022765,0.016136,0.40323275327682495,0.0006997068412601,0.0461639389395713
1R6O(3):B_3LBX(1):A,0.012943,0.0021924,0.015909,0.01078501995652914,0.0002684782375581,0.0009807246970012
7C96(1):A_7C96(1):B,0.013125,0.0021927,0.015842,0.0061734458431601524,0.0011124706361442,0.0013872741255909
3V6I(1):A_5MC9(1):B,0.013778,0.0028178,0.016177,0.12120567262172699,0.0004337532445788,0.0009274689364247
3L4B(1):D_3LKX(1):A,0.012999,0.0021893,0.015918,0.056594450026750565,0.0003442284360062,0.000170790037373
3M6M(1):E_3Q4H(2):B,0.013387,0.0022919,0.017,0.030029308050870895,0.0004656586970668,0.668627142906189
3NQZ(1):A_5ZB2(1):B,0.012928,0.0021822,0.015886,0.07776917517185211,0.0003374607185833,0.0004104281251784
6HUL(1):A_3LBX(1):B,0.012978,0.0021978,0.015876,0.040649112313985825,0.0002256520238006,0.000230986988754
2IYB(2):F_6F45(1):A,0.012939,0.0021857,0.015878,0.006650679279118776,0.0002294132718816,0.0001321576128248
3Q4H(2):B_6XRW(1):A,0.012979,0.0022302,0.016031,0.12925143539905548,0.0009129938553087,0.0248393677175045
2J9U(1):A_6HUL(1):A,0.01299,0.0022808,0.015997,0.0448245108127594,0.0002545041206758,0.0035039312206208
5MW9(2):G_2ZQK(2):B,0.013019,0.0021987,0.015918,0.040514733642339706,0.0005039464449509,0.0001455444144085
5E3E(1):A_4X33(1):B,0.012945,0.0021762,0.015903,0.022018343210220337,0.0004760308074764,0.0061704101972281
2XQN(1):A_3A0R(1):A,0.012996,0.0021862,0.016075,0.03770581632852554,0.0006260658847168,0.0011314598377794
3LKX(1):B_2HZS(5):G,0.012974,0.0021905,0.015975,0.5197334885597229,0.002924557775259,0.0014947931049391
4EXP(1):X_1Z6O(1):O,0.012954,0.0022087,0.015878,0.111481674015522,0.0004551096062641,0.000445298210252
5AUP(1):I_4TMA(2):J,0.013796,0.0022893,0.02172,0.2947162091732025,0.002157712355256,0.0008138340781442
6XOD(1):A_7UM4(1):A,0.013165,0.0021907,0.016788,0.04358953610062599,0.0002956776297651,0.0002419604570604
3M7F(1):B_5MU7(1):A,0.013039,0.0021956,0.016028,0.007381367031484842,0.0007011907873675,0.0019444228382781
5ZB2(1):A_1TY4(1):D,0.013043,0.0021953,0.015889,0.008271457627415657,0.0601234473288059,0.0033320577349513
6XF1(2):D_2BUY(1):B,0.012933,0.0021912,0.016098,0.36479803919792175,0.0007960681687109,0.0002124667807947
4BY6(2):B_2HZS(5):H,0.012914,0.0022765,0.016383,0.39550653100013733,0.0004050639690831,0.711602509021759
1H3O(2):C_1R6O(3):B,0.013418,0.0024783,0.49144,0.4595354497432709,0.9986963868141174,0.0009539252496324
2R6A(1):C_5KEV(1):A,0.012944,0.0022109,0.015908,0.0693511813879013,0.0002843020774889,0.0001947512937476
6M2I(1):A_2DS2(2):C,0.012937,0.002262,0.015947,0.6075168251991272,0.0020825397223234,0.0028042413759976
1OFH(1):A_7BY3(1):C,0.013105,0.0025658,0.015931,0.1510511040687561,0.0041127214208245,0.0051494068466126
6U08(2):D_3Q4H(2):A,0.012988,0.002215,0.015897,0.23894822597503662,0.0004294831014703,0.0011910552857443
5NT7(1):C_7FAD(2):C,0.01932,0.0022035,0.015923,0.0026646205224096775,0.9985787868499756,0.0325603149831295
5CFF(1):A_7UM4(1):A,0.015285,0.0031868,0.015939,0.04281100630760193,0.000368933804566,0.0002844127011485
2CZV(1):B_2CG5(1):B,0.013546,0.0026465,0.016044,0.3954585790634155,0.0018959364388138,0.0009962364565581
1Z6O(1):C_5ERG(1):A,0.012936,0.0022043,0.01591,0.672484278678894,0.0002937565441243,0.0027316603809595
6TI2(1):E_6TUN(2):B,0.013122,0.002193,0.016009,0.042165357619524,0.0016642950940877,0.0008390916045755
4BY6(2):C_1H3O(2):C,0.012942,0.0022061,0.015968,0.03593906760215759,0.0022182697430253,0.0026938822120428
2IDO(2):D_6PNQ(1):A,0.012946,0.0021911,0.015903,0.03573963791131973,0.0003904296318069,0.0006733951740898
5Y26(1):B_5NUS(1):A,0.01295,0.0021897,0.016029,0.004269776865839958,0.0002495961089152,0.00079592858674
3TVT(1):A_4NWO(1):A,0.012946,0.0021856,0.016558,0.008943810127675533,0.0002985410683322,0.0002043934655375
6COJ(1):B_5MW9(2):F,0.012961,0.0022099,0.015891,0.06724042445421219,0.0002176384004997,0.0001820005854824
4CYJ(2):D_6VW9(1):A,0.012932,0.0021653,0.01591,0.06087878718972206,0.0017112251371145,0.0005215122364461
5WB5(1):A_5WB5(1):B,0.013153,0.0022965,0.016279,0.006850247271358967,0.9987825751304626,0.3889842927455902
5CK3(1):B_5J1L(1):B,0.012938,0.0021816,0.015939,0.17498256266117096,0.0003009418142028,0.000335388147505
4C4K(1):O_5UIW(1):A,0.021861,0.0022408,0.017956,0.006953096948564053,0.0076244492083787,0.0005618435679934
6LBU(1):A_6LBU(1):B,0.012928,0.0021701,0.015999,0.0696866512298584,0.9989653825759888,0.1272978782653808
7C96(1):B_4TPS(2):C,0.013015,0.0021815,0.015841,0.04891831800341606,0.0006669024587608,0.0023057470098137
2WP0(1):A_4Y66(2):C,0.01296,0.0022763,0.015917,0.06777540594339371,0.0049256272614002,0.0089610209688544
5ERG(1):A_5MU7(1):A,0.013007,0.0021644,0.016102,0.019041117280721664,0.0003248477878514,0.028304262086749
3A0R(1):A_6GND(2):D,0.013986,0.022024,0.015943,0.029492318630218506,0.9988456964492798,0.0012127842055633
7FAD(2):D_2J9U(1):A,0.012972,0.0021863,0.016157,0.283017098903656,0.0851305276155471,0.0012622296344488
4PJ2(2):B_6TRI(1):A,0.012937,0.0022448,0.0159,0.30524665117263794,0.0053564170375466,0.0105915647000074
2BUY(1):A_3M6M(1):E,0.012937,0.0022348,0.015952,0.08382169902324677,0.0004469109990168,0.0003809162590187
1R6O(3):B_2J9U(1):A,0.013263,0.0022198,0.017334,0.24459634721279144,0.000617767625954,0.0371160246431827
6DRH(4):G_4WWR(3):D,0.012929,0.0021872,0.015884,0.037813451141119,0.0029434380121529,0.0020503220148384
2XQN(1):T_3NQZ(1):B,0.012954,0.0021867,0.015865,0.2047594040632248,0.000695610535331,0.000173734530108
6TRI(1):B_2Y3N(1):D,0.01304,0.0023255,0.015885,0.11914192885160446,0.0010158369550481,0.0008592603262513
7FAD(2):D_7VKB(1):B,0.012937,0.0021769,0.015906,0.014361484907567501,0.002255986444652,0.0014971607597544
3X37(1):B_5UIW(1):B,0.012928,0.0021922,0.015885,0.47288402915000916,0.0006460413569584,0.0012830395717173
5WRV(1):A_4ZK7(1):E,0.012955,0.0021794,0.015878,0.2062026411294937,0.0006393236108124,0.000354390242137
6U3W(1):A_6KM7(1):A,0.013003,0.0022051,0.015927,0.01134416926652193,0.0049504372291266,0.0018645782256498
3LKX(1):B_7VKB(1):B,0.012944,0.0021899,0.015912,0.18970035016536713,0.007526165805757,0.0004887922550551
1TFO(1):B_3BEG(1):A,0.013017,0.0021871,0.016012,0.05264241620898247,0.0004842506896238,0.0017405826365575
4QMF(2):A_5Y9W(1):B,0.012964,0.0024337,0.015903,0.02448243834078312,0.0008557648397982,0.0002322523941984
1Z6O(1):O_7UM4(1):B,0.012933,0.0022088,0.015903,0.002893896773457527,0.0005118540138937,0.0004551087331492
3CJH(2):J_4NWO(1):B,0.012929,0.0021838,0.015903,0.028442608192563057,0.0002704134094528,0.0002280235057696
1H3O(2):D_2ZQK(2):D,0.013015,0.0023796,0.016029,0.1751803606748581,0.0004272869555279,0.0012749941088259
7RAG(1):A_5B64(1):A,0.013264,0.002185,0.015917,0.16856418550014496,0.0002588912611827,0.000527866941411
2Y9X(2):B_6RCX(1):B,0.012963,0.0021959,0.01658,0.04710841178894043,0.0008920968975871,0.0001381968759233
2ES4(3):E_6B12(2):D,0.012944,0.0031485,0.016148,0.0056055160239338875,0.0018854844383895,0.0005423108232207
6TUN(2):B_5CTR(1):A,0.013001,0.0021908,0.016002,0.2159387767314911,0.0006615971797145,0.0033967848867177
5K8J(1):A_5K8J(1):B,0.012945,0.0022659,0.017052,0.09618598222732544,0.9978713989257812,0.8146188259124756
2J9U(1):B_4DGW(1):A,0.012989,0.0021811,0.016437,0.034558769315481186,0.0020075982902199,0.0007187130395323
4QX8(2):D_3TVT(1):B,0.012981,0.0038994,0.01593,0.009781746193766594,0.001121777924709,0.0004055355093441
6TUN(2):B_1Q5R(1):A,0.01293,0.0021746,0.015925,0.05448157712817192,0.00031243081321,0.0017983030993491
5Y9W(1):B_5Y9W(1):C,0.12321,0.0056044,0.06919,0.052635785192251205,0.0116294855251908,0.061248954385519
4PJ2(2):B_7UM4(1):B,0.012954,0.0022375,0.015891,0.0972931906580925,0.0027554058469831,0.000551238656044
4V02(1):C_3MB2(2):L,0.013616,0.0021958,0.015959,0.10912217944860458,0.0005010940367355,0.000997158116661
6KPD(1):C_1T3E(1):P,0.013072,0.0021754,0.015881,0.0978960245847702,0.0015731705352663,0.0039899544790387
5CK3(1):B_6X0A(15):O,0.013054,0.0022291,0.016022,0.05578240379691124,0.000443983648438,0.0004920545616187
5IBW(1):A_2XZ0(2):B,0.013087,0.0021858,0.015928,0.14965547621250153,0.0011081394040957,0.0005071964114904
6COJ(1):A_6B12(2):D,0.013046,0.0025815,0.016125,0.0263980645686388,0.0003627136757131,0.0011461868416517
6TRI(1):B_4DGW(1):B,0.012932,0.0023897,0.015953,0.13880661129951477,0.0008066741866059,0.0007277368567883
2WP0(1):A_3AMJ(1):B,0.012932,0.0021842,0.01591,0.005793324206024408,0.0002375430776737,0.0008669457165524
4NWR(4):AS_1T3E(1):B,0.013194,0.0021902,0.016865,0.03907867521047592,0.0039827502332627,0.0031726825982332
7LA5(1):B_3H0W(1):B,0.012935,0.0021712,0.015894,0.5295552611351013,0.0003636698238551,0.0020193723030388
5MU7(1):B_6KPD(1):B,0.013241,0.0022217,0.016028,0.1772538125514984,0.0163182597607374,0.2423453480005264
2IYB(2):B_3BEG(1):B,0.012962,0.0022332,0.01607,0.32471704483032227,0.0005469097523018,0.0248939171433448
1TQY(4):H_2CZV(1):B,0.013534,0.0022189,0.016049,0.013018811121582985,0.000296468817396,0.000327031040797
6MAF(1):C_3A5Z(1):D,0.012937,0.0021891,0.015914,0.3612368404865265,0.0005837336648255,0.0017908179434016
7RAG(1):B_6IB8(1):C,0.013034,0.0022257,0.015895,0.04774302616715431,0.0004871744895353,0.0019049530383199
5MU7(1):B_1LGH(2):J,0.013004,0.0025286,0.015891,0.014284216798841953,0.0003915349661838,0.0004840848268941
5NUS(1):B_5XKJ(1):E,0.013069,0.0040145,0.01589,0.16948366165161133,0.0004107533895876,0.0002162560122087
2Y0N(1):E_4FXE(1):E,0.013213,0.0022475,0.016016,0.11919285356998444,0.0017652610549703,0.0006616113823838
5MU7(1):A_7LA5(1):A,0.013459,0.0021625,0.015881,0.4825005531311035,0.0002399152726866,0.0001792105467757
2Y0N(1):A_3F1I(1):S,0.013005,0.0022528,0.015885,0.03564326465129852,0.0509040057659149,0.0034525881055742
5Y26(1):B_1XG2(1):B,0.021229,0.0022038,0.016131,0.14915482699871063,0.0002445089048705,0.0003485796623863
5Y9W(1):B_6HPB(1):B,0.012941,0.0022757,0.015877,0.06433749198913574,0.0003210151335224,0.0001440804626327
5OW5(1):A_4QX8(2):D,0.013086,0.0022014,0.019296,0.07218281179666519,0.0083982767537236,0.0009045161423273
2IYB(2):F_6KZA(2):B,0.013005,0.0021926,0.02332,0.03305402770638466,0.0002221893373643,0.0003797299577854
4DGW(1):A_5C6D(1):A,0.012958,0.0021844,0.015926,0.009193715639412403,0.0016898738685995,0.0015680768992751
6PNQ(1):A_4ZQU(1):A,0.012941,0.0022029,0.015929,0.0045878952369093895,0.0005064230062998,0.0010996792698279
1GKA(1):A_5XKJ(1):C,0.013704,0.0021934,0.01598,0.21597115695476532,0.0133007327094674,0.0758290514349937
3CJH(2):I_2PTT(1):A,0.013117,0.0024103,0.016097,0.01311672106385231,0.0007462888606823,0.0002201296010753
2PT7(1):H_2XQN(1):T,0.013014,0.0021791,0.015848,0.1471211314201355,0.0002755217428784,0.0004307249910198
6GW6(1):A_6TUN(2):C,0.012957,0.0022432,0.015919,0.2923055589199066,0.0003296919167041,0.0002687297237571
4CYJ(2):F_5WB5(1):B,0.012938,0.0021616,0.016241,0.15104995667934418,0.0006686924607492,0.0010011099511757
3NQZ(1):B_2CG5(1):B,0.013054,0.0022037,0.016097,0.2745286822319031,0.0005899120587855,0.0002855835482478
3F1I(1):S_7DMA(1):B,0.012974,0.0021936,0.015876,0.12121858447790146,0.0006496251444332,0.000335889897542
1H3O(2):D_5WB5(1):A,0.013004,0.0022461,0.015948,0.010973592288792133,0.000322383333696,0.0002700395707506
5WRV(1):A_7VKB(1):B,0.01295,0.0022043,0.016003,0.19786027073860168,0.0202762261033058,0.0003872848465107
4CXF(1):A_4QMF(2):B,0.01298,0.0021971,0.015994,0.06552458554506302,0.0002213775442214,0.0002039754763245
6LBT(1):C_6KM7(1):C,0.012989,0.0022452,0.015896,0.009801630862057209,0.0134708732366561,0.0027919565327465
6DRH(4):H_5J1L(1):A,0.012981,0.11135,0.016146,0.024691781029105186,0.0004342989413999,0.0015407974133267
2CZV(1):B_2XQN(1):A,0.013243,0.0021859,0.015866,0.028392953798174858,0.0004729407664854,0.001024569501169
3EXE(2):E_6DRH(4):H,0.012975,0.0026414,0.015988,0.03234029561281204,0.000285788642941,0.0008745118393562
5HY3(1):A_5Y26(1):B,0.012938,0.0021722,0.015915,0.029070936143398285,0.0003341103729326,0.0005213753320276
1G73(2):D_5UIW(1):B,0.01315,0.0021938,0.016158,0.0444059818983078,0.0004892605356872,0.0002391501911915
2Y3N(1):C_6LBU(1):B,0.012926,0.0021901,0.015903,0.22218407690525055,0.0004264541494194,0.0010013788705691
6TPI(1):A_5WB5(1):A,0.012943,0.0021899,0.015905,0.06569141149520874,0.0002552377409301,0.0002406889980193
3LKX(1):B_2XQN(1):A,0.013014,0.0021661,0.016125,0.008259687572717667,0.0028353123925626,0.0021618723403662
2YC4(1):D_5ZB2(1):A,0.013054,0.0022163,0.0172,0.23208920657634735,0.0023453840985894,0.0078434143215417
4DGW(1):B_2BUY(1):B,0.012944,0.0022093,0.015917,0.013165878131985664,0.0046224566176533,0.0001845591759774
4EXP(1):A_1SV0(2):B,0.013018,0.0022325,0.01596,0.052479133009910583,0.0016739561688154,0.0032755737192928
3Q4H(2):A_5IBW(1):A,0.013062,0.0022104,0.015967,0.05274379253387451,0.0002395566552877,0.00024514310644
1GKA(1):B_4QX8(2):C,0.013079,0.0021886,0.015923,0.08951815962791443,0.0011112239444628,0.0005656944704242
2ZQK(2):D_6JCK(1):B,0.012962,0.0023163,0.015929,0.17467236518859863,0.0003651586011983,0.0008672381518408
3IEY(1):B_1RP3(4):H,0.012961,0.0024596,0.01621,0.05675053969025612,0.0185916572809219,0.164703369140625
1RP3(4):G_5MC9(1):C,0.012961,0.0023754,0.015902,0.023399149999022484,0.0003784289583563,0.0006849957280792
7LA5(1):A_7LA5(1):B,0.013183,0.51081,0.14023,0.045911237597465515,0.99900084733963,0.8603875041007996
6X0A(15):o_6XAW(1):A,0.01296,0.0021946,0.015935,0.13574130833148956,0.0002073549258057,0.0002614434342831
3M6M(1):B_6DRH(4):H,0.012974,0.0027193,0.015942,0.49500346183776855,0.0015479590510949,0.0004917537444271
5OW5(1):A_4QMF(2):B,0.012932,0.0021714,0.015907,0.0019882821943610907,0.0004508653655648,0.0949092954397201
2PT7(1):H_6COJ(1):A,0.01303,0.0023208,0.015983,0.012316577136516571,0.0002721255586948,0.0003475226694718
3PUF(3):G_6AKM(1):B,0.012967,0.002207,0.015944,0.7097956538200378,0.000322793610394,0.0004488064732868
6U08(2):C_2ZQK(2):B,0.019573,0.0022959,0.017509,0.09717464447021484,0.0100057460367679,0.0334970280528068
2XQN(1):A_6KPD(1):B,0.013046,0.0084363,0.016116,0.056090567260980606,0.0010498116025701,0.0006815691594965
3IEY(1):A_3A5Z(1):D,0.013007,0.0022195,0.015917,0.01673644594848156,0.8724945783615112,0.0001931564329424
6NXF(1):B_2Y0N(1):A,0.012965,0.0021869,0.015963,0.16147813200950623,0.0580935552716255,0.0053558247163891
6TUN(2):B_3AMJ(1):A,0.012948,0.0021766,0.015928,0.03713631629943848,0.0002556349500082,0.0007532943272963
3M7F(1):B_4UDM(1):A,0.012954,0.0021842,0.01589,0.04120717942714691,0.0010949606075882,0.0004953595926053
3M6M(1):B_5HY3(1):B,0.01295,0.002184,0.015904,0.07811697572469711,0.0013010113034397,0.0012053335085511
3X37(1):B_3TVT(1):A,0.012944,0.0021703,0.015882,0.019841577857732773,0.0030559364240616,0.0009644676465541
6POL(2):C_1TQY(4):G,0.013071,0.0022997,0.016294,0.10376133024692535,0.000260794913629,0.000275797676295
2IDO(2):C_1T3E(1):P,0.012939,0.0021821,0.01599,0.023987799882888794,0.0004804866330232,0.0007928058039397
3NQZ(1):B_7FAD(2):C,0.012936,0.0021761,0.015881,0.05040499567985535,0.0003701516834553,0.0005285841762088
6WEG(1):C_1SV0(2):D,0.013044,0.0022153,0.016026,0.013989635743200779,0.0011539452243596,0.0005761986249126
1RP3(4):G_3AMJ(1):B,0.012985,0.0021969,0.015989,0.02412710338830948,0.0002306010283064,0.0005003435071557
1OFH(1):A_2QAG(1):B,0.013179,0.0022192,0.016129,0.2721762955188751,0.0011833006283268,0.0003964988572988
6TUN(2):C_4CC4(3):E,0.012953,0.0022044,0.015878,0.03472838178277016,0.0029468182474374,0.0014208874199539
6TI2(1):E_5JW9(1):A,0.012986,0.0022515,0.016759,0.12613867223262787,0.0005580096039921,0.0002941879210993
6BZF(2):D_6KM7(1):C,0.013033,0.0021861,0.015874,0.45042532682418823,0.0219903644174337,0.0004293565871194
5NT7(1):D_4EXP(1):A,0.01293,0.0021942,0.015919,0.22909198701381683,0.0019839308224618,0.0026778394822031
6VW9(1):A_6VW9(1):B,0.013063,0.002181,0.015909,0.7612642645835876,0.99887877702713,0.0066351513378322
5JNO(1):A_5JNO(1):B,0.012958,0.0021954,0.015888,0.013787024654448032,0.0047293161042034,0.0036007326561957
4EXP(1):X_3M6M(1):B,0.012948,0.0021791,0.015904,0.02153526246547699,0.0004306568298488,0.0001981320674531
3WXX(4):G_6POL(2):D,0.013035,0.0022035,0.015886,0.2312796711921692,0.0003239638754166,0.0002245208015665
1R6O(3):B_4FXE(1):E,0.01303,0.0021941,0.015986,0.05198540538549423,0.0007202608976513,0.0167314652353525
6XOD(1):A_7BY3(1):C,0.014,0.0021977,0.015905,0.014134649187326431,0.0002622105530463,0.0002779808710329
3FGC(2):C_3CJH(2):J,0.01297,0.0022569,0.015895,0.13940469920635223,0.0003150825505144,0.0002399399818386
2QAG(1):B_3PUF(3):G,0.012964,0.002196,0.01603,0.006474314257502556,0.000257122592302,0.0022768180351704
3F1I(1):H_6OK1(1):B,0.012939,0.0022033,0.015896,0.005928772501647472,0.000240590336034,0.0004346387577243
5WRV(1):B_5NUS(1):B,0.013032,0.0021948,0.01594,0.0849059522151947,0.0214770138263702,0.0031862296164035
1Z6O(1):O_3PUF(3):H,0.012926,0.0021931,0.015924,0.018314093351364136,0.0022893843706697,0.0012302276445552
1R6O(3):B_1R6O(3):D,0.01299,0.002206,0.015951,0.013964512385427952,0.0004968501161783,0.6015148162841797
4V02(1):C_2Y0N(1):E,0.013014,0.0022134,0.01604,0.006505527533590794,0.0002736898313742,0.0007130012381821
3AV0(1):B_5NT7(1):D,0.014326,0.0023066,0.022196,0.013268472626805305,0.0067219636403024,0.0002285382943227
4X33(1):A_4X33(1):B,0.043841,0.0023308,0.01938,0.032847810536623,0.0002915309451054,0.0007128092693164
3AMJ(1):A_6XZ6(1):B,0.013017,0.0030318,0.015882,0.5590697526931763,0.0026866970583796,0.0017774394946172
4WWR(3):C_6MAF(1):A,0.012929,0.0022098,0.015868,0.022403832525014877,0.0154842417687177,0.0041296435520052
4CXF(1):A_4KBQ(1):A,0.013095,0.0021901,0.016596,0.15041176974773407,0.0002813121827784,0.0004444686928763
3LBX(1):A_3F1I(1):H,0.17494,0.0034481,0.016559,0.21812881529331207,0.0101771242916584,0.3367175757884979
6WEG(1):C_1XG2(1):B,0.012958,0.0021992,0.016501,0.009623721241950989,0.0003482837055344,0.0004186015285085
3ZDM(1):E_7BY3(1):C,0.012979,0.0022757,0.015959,0.020874731242656708,0.0004281096626073,0.0020928762387484
3M7F(1):B_5MU7(1):B,0.012949,0.0022357,0.015907,0.05572245270013809,0.0021330236922949,0.0010321631561964
6OD1(1):A_5B64(1):A,0.013075,0.0022289,0.016202,0.1496887356042862,0.0002506798191461,0.0003184042288921
3LKX(1):A_4QX8(2):C,0.012957,0.0021829,0.016053,0.19782669842243195,0.0046109114773571,0.0040010628290474
3GQI(1):A_6GJE(1):A,0.012963,0.0021719,0.015905,0.037221916019916534,0.0002237713051727,0.0013702353462576
5CTR(1):C_1TFO(1):A,0.012935,0.0021777,0.015902,0.004921970888972282,0.0004506879195105,0.0006805747398175
6XOD(1):A_3ZDM(1):F,0.2765,0.0022154,0.01623,0.019808277487754822,0.9903928637504578,0.9856258034706116
5NUP(1):D_6LBU(1):B,0.012982,0.0021925,0.015916,0.0099173029884696,0.0004180475661996,0.0009521351312287
7EXZ(2):A_3MB2(2):L,0.012949,0.0021756,0.016021,0.03149614483118057,0.0004438465402927,0.0013185907155275
4KBQ(1):A_3LKX(1):A,0.013004,0.0021776,0.015876,0.023783674463629723,0.0070906216278672,0.0111843524500727
3H0W(1):A_6M2I(1):A,0.012919,0.0021663,0.015933,0.04533427953720093,0.0017870108131319,0.0002326697431271
3HUG(6):J_7ETR(1):A,0.013125,0.0022913,0.016154,0.07175315171480179,0.0014221720630303,0.3644803166389465
4WWR(3):D_6WEG(1):A,0.013006,0.002198,0.017111,0.005068700294941664,0.0018086925847455,0.0004540483932942
5B64(1):A_5NT7(1):C,0.012975,0.0021929,0.015984,0.046859364956617355,0.0008025863207876,0.0028262238483875
6GND(2):D_1T3E(1):B,0.013215,0.004341,0.015937,0.09970574080944061,0.0006755901267752,0.0004801111936103
6COJ(1):A_4XA9(8):H,0.01295,0.0021781,0.015891,0.045520905405282974,0.0002377495111431,0.0002757232869043
3X37(1):A_1TQY(4):H,0.013032,0.0021943,0.016004,0.029400520026683807,0.000220175992581,0.0010457668686285
7MWR(1):A_3R84(19):U,0.014285,0.0022798,0.016029,0.008229058235883713,0.0004464274388737,0.0010766284540295
2DS2(2):D_2XTS(1):C,0.01293,0.0022533,0.015994,0.016974851489067078,0.0003460097359493,0.0005187410861253
6L5K(1):A_3A5Z(1):C,0.012964,0.0021801,0.015942,0.01951529271900654,0.0002835362975019,0.0002819367218762
4TMA(2):J_3HUG(6):J,0.013319,0.0024305,0.017255,0.08139307796955109,0.0002701503108255,0.0021172645501792
6RCX(1):A_6KZA(2):B,0.012955,0.00223,0.015892,0.09150350838899612,0.0018842867575585,0.0012908107601106
6XAW(1):A_5CFF(1):F,0.012962,0.0021776,0.015951,0.29487019777297974,0.0629696995019912,0.0078108650632202
4XA9(8):h_6RCX(1):A,0.014198,0.0022785,0.016155,0.018335113301873207,0.0008142405422404,0.00063126697205
4DGW(1):A_4DGW(1):B,0.012952,0.00225,0.015948,0.5368442535400391,0.998129427433014,0.9759209752082824
6YJP(1):A_5C6D(1):C,0.013058,0.0023091,0.016951,0.310001015663147,0.0060876379720866,0.0016269029583781
4CYJ(2):D_5MW9(2):G,0.012977,0.0021924,0.015947,0.07776642590761185,0.0018469968345016,0.0009957507718354
6Y4L(1):B_5YK7(1):D,0.012931,0.0021878,0.015905,0.012727380730211735,0.0003356845118105,0.0007655687513761
2BUY(1):A_4FXE(1):E,0.012936,0.0022043,0.015931,0.019678626209497452,0.0008299964247271,0.000524413655512
2IYB(2):B_6BZF(2):D,0.012946,0.002175,0.015901,0.0013738698326051235,0.0002515753149054,0.000570215168409
3FGC(2):D_4EXP(1):X,0.012969,0.0021914,0.01588,0.0683080330491066,0.0003787979949265,0.000176084897248
6LBT(1):A_7LA5(1):A,0.012962,0.0021665,0.015891,0.12549704313278198,0.0004677037359215,0.0005134932580403
4WW9(1):A_1R6O(3):B,0.01296,0.0021792,0.015982,0.019939221441745758,0.0008764383383095,0.001207031076774
5C6D(1):C_5Y9W(1):C,0.013075,0.9559,0.016368,0.03756901994347572,0.0006491189706139,0.0002681745681911
4QX8(2):C_4XA9(8):H,0.013097,0.0021824,0.015918,0.010308081284165382,0.0051781330257654,0.0133460909128189
4ZIR(1):B_4EXP(1):X,0.013212,0.0021941,0.015928,0.006790735758841038,0.0004661821003537,0.0001881029893411
3A5Z(1):D_3CDK(1):C,0.01383,0.11299,0.01628,0.025205565616488457,0.0125802876427769,0.868553876876831
3ZDM(1):E_4FXE(1):B,0.013027,0.0023115,0.016176,0.062274038791656494,0.0008338486077263,0.0024213951546698
2IDO(2):C_4X33(1):A,0.013031,0.0022829,0.0159,0.033343877643346786,0.0019594165496528,0.6908293962478638
4ZIR(1):B_5YK7(1):D,0.013083,0.0022089,0.01592,0.004095208831131458,0.0002573435776866,0.0002968636690638
1TY4(1):D_1OFH(1):G,0.013017,0.0021937,0.015927,0.2512846887111664,0.0003473401884548,0.0006260718801058
3F1I(1):H_6MAF(1):C,0.012933,0.0022058,0.015867,0.045231979340314865,0.0009553969139233,0.0010136651108041
4NWO(1):B_6XAW(1):B,0.012937,0.0021634,0.01588,0.01019805483520031,0.0002946951426565,0.0014085799921303
1LGH(2):J_1G73(2):D,0.012957,0.0022627,0.016414,0.21263661980628967,0.0002654939307831,0.0001438263861928
4NWO(1):A_4NWO(1):B,0.039135,0.0023345,0.023592,0.026976045221090317,0.0088115539401769,0.0890405997633934
5JNO(1):A_1TFO(1):A,0.012935,0.0021872,0.015956,0.03002159483730793,0.001617023255676,0.006743258330971
3R84(19):V_5WRV(1):B,0.013017,0.002196,0.016055,0.13225014507770538,0.0020029586739838,0.0020673994440585
2ZQK(2):D_3IEY(1):A,0.012983,0.0021961,0.015893,0.01620832271873951,0.0072426898404955,0.0010262805735692
5HY3(1):B_5UIW(1):A,0.012993,0.0023723,0.015856,0.10658422112464905,0.000341785053024,0.0004735793336294
4ZIR(1):B_5CFF(1):F,0.01321,0.0021917,0.015897,0.0188592541962862,0.0003116846492048,0.000299944425933
4QMF(2):B_4QMF(2):A,0.013249,0.0021868,0.015908,0.06124958395957947,0.0020436700433492,0.0042077326215803
6OD1(1):B_5K8J(1):B,0.012924,0.0021782,0.01593,0.01883292756974697,0.0004789040249306,0.0131492102518677
6XAW(1):B_5CTR(1):C,0.012975,0.0021726,0.015924,0.0162424985319376,0.0144980112090706,0.0020289092790335
3NQZ(1):B_5Y26(1):A,0.012964,0.0021833,0.015927,0.3873414099216461,0.0003935140557587,0.000277286831988
5HY3(1):A_5HY3(1):B,0.013027,0.0021756,0.015881,0.09581054747104645,0.9985187649726868,0.9144965410232544
5MU7(1):A_3OEI(1):D,0.013051,0.0021832,0.015954,0.052262406796216965,0.0004292005032766,0.0002658140438143
7C96(1):A_3F1I(1):S,0.012978,0.0023049,0.01586,0.009407966397702694,0.0098862899467349,0.0003953864797949
6U3W(1):A_5MW9(2):G,0.012965,0.0022228,0.015925,0.08820641785860062,0.0004354580596555,0.0005775385070592
4X33(1):A_7P99(1):A,0.012948,0.002395,0.029667,0.2716476619243622,0.0005255677970126,0.0005653931293636
6PNQ(1):B_2Y3N(1):D,0.012946,0.0031603,0.016188,0.21219070255756378,0.0003656539483927,0.0003376850509084
4ZIR(1):B_6DRH(4):G,0.013118,0.0021961,0.015892,0.32875192165374756,0.000914535659831,0.0095604825764894
5MPO(1):C_1H3O(2):C,0.01302,0.0022073,0.015933,0.022912006825208664,0.0002603432512842,0.0002670653921086
3CJH(2):I_5IBW(1):A,0.012982,0.02977,0.016058,0.008890309371054173,0.0004728934145532,0.0036991918459534
6BZF(2):C_1RP3(4):H,0.012943,0.0022154,0.015894,0.023436902090907097,0.0010877039749175,0.0009013831731863
6NKL(1):A_2PMS(2):D,0.012928,0.0021849,0.01588,0.2450987845659256,0.0002542746660765,0.0028282513376325
2Y3N(1):C_6L5K(1):A,0.012947,0.0021882,0.015919,0.02785361558198929,0.0002289703406859,0.0006434918032027
6NKL(1):C_3LKX(1):B,0.012942,0.0021723,0.015896,0.07046515494585037,0.0007383357151411,0.000444854638772
6DRH(4):H_6GND(2):C,0.013013,0.0021915,0.016055,0.028577666729688644,0.0002588663192,0.0008535420056432
3HUG(6):I_6B12(2):B,0.012956,0.0022114,0.016068,0.011602474376559258,0.0009711282327771,0.0030693158041685
4NL9(2):D_3TVT(1):B,0.012981,0.0053779,0.015904,0.014849573373794556,0.0008153505041263,0.001934632891789
5ERG(1):B_4Y66(2):D,0.012938,0.0021866,0.015949,0.02424032986164093,0.0014559833798557,0.2120829373598098
4CC4(3):E_6U3W(1):A,0.012928,0.0021832,0.015869,0.5865434408187866,0.0004127084102947,0.0005563693703152
6MAF(1):A_6MAF(1):C,0.01296,0.0021883,0.015909,0.2445681095123291,0.9989620447158812,0.9858231544494628
5OF3(1):E_5YK7(1):D,0.012929,0.0021868,0.015916,0.12213601171970367,0.0015979353338479,0.0004558589716907
6KML(1):C_2ES4(3):E,0.012942,0.0095634,0.015957,0.01801077276468277,0.000521651469171,0.0005091914790682
6LBT(1):C_3TND(1):A,0.012933,0.0021728,0.0159,0.15769146382808685,0.000489646801725,0.000581219093874
6B12(2):D_4TPS(2):D,0.012959,0.002175,0.015918,0.014088516123592854,0.001924529671669,0.0020407235715538
6R3S(1):B_3NYB(1):A,0.012933,0.0021729,0.015889,0.008184638805687428,0.0006495715933851,0.0047350320965051
4CC4(3):F_1OFH(1):G,0.012949,0.0022042,0.015873,0.015098345465958118,0.0002187105565099,0.0002993667731061
1XG2(1):A_6XF1(2):D,0.013014,0.0021696,0.015943,0.19598251581192017,0.0003586441162042,0.0002306562091689
7ENH(1):B_6U08(2):C,0.012933,0.0024653,0.016177,0.013935036025941372,0.0593370050191879,0.0110776228830218
3MB2(2):L_3IEY(1):A,0.012977,0.0021809,0.015933,0.02870762348175049,0.0025969061534851,0.000241687244852
2BUY(1):A_2HZS(5):H,0.012916,0.0021771,0.015934,0.1621154248714447,0.0003479891456663,0.0003113621205557
3TND(1):A_6F4J(2):B,0.012955,0.0021811,0.015884,0.03427654132246971,0.0002150754880858,0.0004040134663227
1TQY(4):H_4QX8(2):D,0.012996,0.0022138,0.016093,0.03834696486592293,0.0002547376498114,0.0012244450626894
7FAD(2):D_3FGC(2):C,0.01299,0.0021804,0.015886,0.12260814756155014,0.0003405414754524,0.0002368155983276
6PNQ(1):A_6F45(1):D,0.013012,0.0022623,0.018549,0.1437302827835083,0.0026025415863841,0.0018911383813247
1G73(2):B_4XA9(8):h,0.012933,0.002209,0.015929,0.030002418905496597,0.0237325150519609,0.0074220714159309
3ZDM(1):E_3ZDM(1):F,0.012967,0.0021789,0.015902,0.22696799039840698,0.0006576689775101,0.0030545927584171
4NL9(2):B_5UIW(1):B,0.013343,0.0023,0.016051,0.1282467395067215,0.0003275330818723,0.0006236635381355
1Z6O(1):C_6KM7(1):A,0.012925,0.0022257,0.016005,0.04739827290177345,0.0004750059451907,0.0011535722296684
5MPO(1):B_5MPO(1):C,0.013318,0.0070435,0.01641,0.07162416726350784,0.00309663801454,0.8535341620445251
3AV0(1):B_6KPD(1):B,0.01417,0.0022016,0.015964,0.10904537886381149,0.3287856578826904,0.0009005586034618
1N2D(1):C_6HUL(1):A,0.013359,0.002181,0.015863,0.30913129448890686,0.0002480015682522,0.0003849760687444
7V5Z(1):B_4Y66(2):C,0.01293,0.0022471,0.015906,0.1049831211566925,0.0003489994851406,0.0004673328949138
5MPO(1):B_5B64(1):B,0.012956,0.0022617,0.015953,0.26537927985191345,0.000510316051077,0.0007227485766634
5CFF(1):A_5CFF(1):F,0.013336,0.0024599,0.015913,0.04177610203623772,0.0023014785256236,0.0024021342396736
2WP0(1):C_4EXP(1):X,0.012946,0.0021834,0.015866,0.240549236536026,0.0003469549701549,0.000215446576476
4NWR(4):AS_5ERG(1):B,0.013791,0.002211,0.015898,0.12001573294401169,0.0398903265595436,0.0080873891711235
6BSC(1):B_2PMS(2):D,0.012958,0.0021864,0.015905,0.007935823872685432,0.0006325796130113,0.0004382890765555
4X33(1):B_2IDO(2):C,0.012931,0.0021809,0.015917,0.56656414270401,0.0003775364311877,0.0012250901199877
3Q4H(2):A_3Q4H(2):B,0.59053,0.40135,0.46943,0.06442217528820038,0.9989867806434632,0.9945321083068848
3L4B(1):D_5IBW(1):C,0.013076,0.0022142,0.015872,0.14021600782871246,0.0002622058091219,0.00097849778831
4BFI(1):A_4NL9(2):D,0.012998,0.0022071,0.015925,0.0033219209872186184,0.0006594301667064,0.000771717459429
2CG5(1):B_1R6O(3):B,0.013273,0.0023072,0.016738,0.16726736724376678,0.995257556438446,0.5896390676498413
6Y4L(1):B_5ERG(1):A,0.012914,0.0021906,0.015898,0.04145839810371399,0.0004835230938624,0.0005251221591606
2IDO(2):C_3WXX(4):H,0.012996,0.0022755,0.016003,0.026148075237870216,0.0011051938636228,0.0003266001294832
3CJH(2):J_1Q7L(3):B,0.012923,0.0021968,0.016023,0.32080525159835815,0.0002955845848191,0.0004029150004498
6MAF(1):C_5CK3(1):B,0.012931,0.0021788,0.015904,0.025395216420292854,0.0004142035322729,0.004693551454693
3QVG(2):A_6R3S(1):B,0.012931,0.0021692,0.015944,0.1730377972126007,0.0022681744303554,0.0054839015938341
5C6D(1):A_6TUN(2):B,0.013097,0.0021855,0.016022,0.3514867424964905,0.0042267218232154,0.0027056410908699
6NKL(1):C_3OEI(1):B,0.012944,0.0022259,0.015888,0.19884814321994781,0.998524248600006,0.7755345106124878
5AUP(1):I_3M7F(1):B,0.012966,0.0022095,0.015892,0.058967869728803635,0.0002327340916963,0.0002345308457734
3EXE(2):H_7DMA(1):B,0.012973,0.0021749,0.015895,0.08653850853443146,0.0021812370978295,0.0036635450087487
4KBQ(1):C_1SV0(2):D,0.013029,0.0022875,0.016212,0.14523674547672272,0.0028653908520936,0.0012198809999972
3H0W(1):B_5NUS(1):A,0.012945,0.0021921,0.015883,0.031156085431575775,0.001500507700257,0.0079715140163898
2IYB(2):B_5MW9(2):F,0.012982,0.0022137,0.016189,0.011328453198075294,0.0008642552420496,0.001837947871536
2Y0N(1):A_6D0H(1):B,0.012936,0.0021942,0.015907,0.3040056824684143,0.0012941430322825,0.000219980647671
6Y4L(1):B_6TUN(2):B,0.012927,0.0021954,0.01598,0.3943483233451843,0.0009868630440905,0.0363340340554714
2CG5(1):B_2Y9X(2):F,0.012939,0.0021998,0.01591,0.030988089740276337,0.0002590979565866,0.0005202377797104
5J1L(1):A_5ZB2(1):B,0.012977,0.0086792,0.01674,0.020184626802802086,0.0004488415434025,0.0004930238355882
6GJE(1):A_3TND(1):A,0.012921,0.0021712,0.015905,0.054219525307416916,0.0002841996611095,0.0004372652038
6JCK(1):A_3V6I(1):B,0.012949,0.0021872,0.015868,0.05756812542676926,0.0002646321663632,0.0007697190158069
5Y26(1):A_7VKB(1):B,0.012946,0.0021769,0.015915,0.013440356589853764,0.000341287406627,0.0005683377967216
3TVT(1):B_5WB5(1):B,0.012985,0.0021741,0.017153,0.19237515330314636,0.0006138035096228,0.0009595731971785
5NUP(1):D_3R84(19):V,0.012972,0.002305,0.016016,0.02723030559718609,0.000481564347865,0.0003737576480489
5AUP(1):I_5JW9(1):B,0.012948,0.0022298,0.015899,0.016323918476700783,0.0002389227593084,0.0004145118291489
6BSC(1):A_6LBU(1):B,0.012923,0.0021825,0.015942,0.06558484584093094,0.0142045868560671,0.0002907969756051
3AV0(1):B_5JNO(1):A,0.012976,0.0021935,0.015992,0.10724585503339767,0.0002795651962514,0.0009336934890598
5HY3(1):A_7LA5(1):A,0.012958,0.002166,0.015899,0.1432184875011444,0.0002322645595995,0.0003529586247168
3M7F(1):B_3LBX(1):A,0.01374,0.0022628,0.019461,0.19041822850704193,0.0068529625423252,0.2673835158348083
2Y0N(1):E_4WW9(1):A,0.013422,0.0023113,0.01592,0.11475715041160583,0.0771400704979896,0.0090629728510975
1XG2(1):B_3CDK(1):C,0.013059,0.0021855,0.015942,0.22153811156749725,0.0002618772850837,0.0002852915495168
6F4J(2):B_6BSC(1):B,0.01294,0.0021854,0.015876,0.21525274217128754,0.0018694130703806,0.0004008431860711
2J9U(1):B_5CFF(1):A,0.012948,0.0022288,0.015937,0.32749155163764954,0.0003284408303443,0.0001626833545742
4Y66(2):D_2ZP9(1):G,0.012956,0.0021817,0.015879,0.027600305154919624,0.0007401066250167,0.013894067145884
7EXZ(2):B_6M2I(1):A,0.012977,0.002215,0.016106,0.008002483285963535,0.9012519717216492,0.2423449009656906
3Q4H(2):A_5XKJ(1):E,0.013027,0.0024861,0.015862,0.06783289462327957,0.0002716677263379,0.0001563838595757
1Q7L(3):A_2VDW(4):G,0.012968,0.0021731,0.015934,0.21409769356250763,0.0006661062943749,0.00027279756614
1SV0(2):B_6HUL(1):B,0.013005,0.0023714,0.01594,0.14475785195827484,0.0002868133306037,0.0001889162958832
4PJ2(2):C_3TND(1):B,0.013009,0.0022372,0.015894,0.010787664912641048,0.0029887936543673,0.0007650280022062
1XG2(1):A_6IB8(1):C,0.013012,0.0021836,0.015955,0.6582238674163818,0.0007080008508637,0.0007493939483538
5B64(1):B_2R6A(1):C,0.012938,0.0021873,0.015898,0.02692200243473053,0.0032029189169406,0.0015092778485268
3A0R(1):B_6F4J(2):B,0.012945,0.0022433,0.015899,0.1617976427078247,0.0003809031622949,0.0004435509035829
5NUS(1):A_3CJH(2):I,0.012955,0.0027648,0.016171,0.0503615103662014,0.0002369904104853,0.0073787923902273
3MB2(2):I_6TI2(1):B,0.012973,0.0021776,0.015966,0.017556196078658104,0.0015060725854709,0.0010116574121639
5CK3(1):A_5CK3(1):B,0.013984,0.0022241,0.016351,0.045005254447460175,0.0167960543185472,0.9825093746185304
6YJP(1):A_5MW9(2):F,0.013108,0.0022536,0.015896,0.18503063917160034,0.0021307575516402,0.0001863277138909
3HUG(6):I_3NQZ(1):B,0.013344,0.0022243,0.015939,0.02401065267622471,0.0005032753688283,0.0004246535827405
1SV0(2):B_3WXX(4):H,0.012981,0.0021803,0.015897,0.13599883019924164,0.0003021285519935,0.0002142067387467
6F4J(2):B_6LBU(1):B,0.013716,0.0021701,0.015876,0.6584768295288086,0.0008406738634221,0.0008402149542234
2ZQK(2):B_3M6M(1):B,0.012945,0.0022003,0.015884,0.14369922876358032,0.0003361490380484,0.000203947070986
6PNQ(1):B_6R3S(1):A,0.013003,0.0021979,0.01621,0.00643073208630085,0.0011771157151088,0.0204502791166305
4UDM(1):A_6MAF(1):C,0.012933,0.0021776,0.0159,0.05620867758989334,0.0212362334132194,0.7399497628211975
5NUP(1):A_6XAW(1):A,0.012938,0.0021909,0.015872,0.09847414493560791,0.0002291520358994,0.0004229325568303
5MPO(1):C_6IB8(1):C,0.013085,0.0024725,0.015879,0.05333131551742554,0.00033385847928,0.0003903686010744
6Y4L(1):A_3LKX(1):B,0.012961,0.0022056,0.015929,0.020393740385770798,0.0045966072939336,0.0079318080097436
6XF1(2):D_5CK3(1):A,0.013071,0.0021965,0.016208,0.03613145649433136,0.0004980255616828,0.0007278061821125
5XE3(1):E_6XF1(2):D,0.012947,0.0021746,0.015932,0.00652586854994297,0.0002228366502095,0.0002227013319497
5IBW(1):A_3BEG(1):A,0.076481,0.0022276,0.016193,0.1136266216635704,0.015619708225131,0.0006775631336495
2R6A(1):C_1R6O(3):B,0.013016,0.0021973,0.016305,0.21965543925762177,0.0012613955186679,0.0333245396614074
2BUY(1):B_2Y3N(1):C,0.01395,0.0022659,0.10771,0.10095628350973129,0.000511405582074,0.0077256700024008
1QDL(1):B_2J9U(1):B,0.013099,0.0023412,0.015907,0.4112764298915863,0.001276156050153,0.0009604466613382
7LA5(1):A_2WP0(1):C,0.012964,0.0021723,0.015907,0.23602351546287537,0.0002765436365734,0.0002407907013548
6HUL(1):B_7RAG(1):A,0.012957,0.0021869,0.015892,0.21577399969100952,0.0002817193453665,0.0004846949595957
4CC4(3):F_2CG5(1):A,0.012954,0.0021924,0.015957,0.022290660068392754,0.0002542046131566,0.0169725995510816
4EXP(1):A_4EXP(1):X,0.013105,0.0023071,0.016017,0.01936827413737774,0.0007313820533454,0.0017204602481797
3EXE(2):E_5NUS(1):B,0.013005,0.0021822,0.015914,0.012491422705352306,0.0002368567074881,0.0010873563587665
5OF3(1):E_2ZP9(1):J,0.012935,0.0025338,0.015936,0.007426801137626171,0.2381695508956909,0.0012498724972829
5CK3(1):B_4UDM(1):A,0.012944,0.0021813,0.015889,0.0422368049621582,0.0025633054319769,0.0009065968333743
6HUL(1):A_6HUL(1):B,0.015687,0.006059,0.017443,0.11658370494842529,0.999016523361206,0.7888156771659851
5J4A(1):B_5K8J(1):B,0.012924,0.0022014,0.015941,0.06624449044466019,0.0007548431749455,0.0003380345297046
2Y3N(1):D_3WXX(4):H,0.01294,0.0029208,0.016366,0.06936939060688019,0.0004781978786922,0.0255922097712755
1TY4(1):B_4BY6(2):B,0.012942,0.0021716,0.015924,0.06833642721176147,0.0016056991880759,0.0036467751488089
4UDM(1):B_2ES4(3):B,0.013003,0.0022052,0.016129,0.05536757409572601,0.0066215749830007,0.001910718739964
7RAG(1):B_6VW9(1):A,0.012948,0.0021808,0.015943,0.08523611724376678,0.0002941811690106,0.0006019914289936
7KBJ(2):J_3QVG(2):B,0.012925,0.0021884,0.015923,0.4385295510292053,0.0065549304708838,0.0006310148746706
6L5K(1):A_6L5K(1):B,0.01293,0.0021885,0.015921,0.010123136453330517,0.9990131855010986,0.9560700058937072
6F4J(2):B_6JCK(1):A,0.012948,0.002358,0.015919,0.02177446335554123,0.0027619830798357,0.021891975775361
2ES4(3):E_2XZ0(2):D,0.013084,0.0022305,0.01807,0.01836649514734745,0.0002600817824713,0.0010547849815338
3IEY(1):A_6LBT(1):C,0.012921,0.0021721,0.015912,0.12454109638929367,0.0047188191674649,0.0011432748287916
2ES4(3):B_6JCK(1):B,0.012941,0.0022225,0.015972,0.11361999809741974,0.0003171444986946,0.000165474062669
6M2I(1):A_5JW9(1):A,0.013026,0.0023135,0.015963,0.13636501133441925,0.0005278969183564,0.0001647740573389
5Y9W(1):B_4QX8(2):C,0.012942,0.0021843,0.015944,0.19467218220233917,0.0022033813875168,0.0008871947648003
1TQY(4):G_1TQY(4):H,0.65391,0.015305,0.34856,0.2840426564216614,0.998303771018982,0.979099452495575
1XG2(1):B_6XZ6(1):B,0.013577,0.0022874,0.017601,0.33920079469680786,0.0201847422868013,0.0207080710679292
2QAG(1):B_3QVG(2):A,0.012946,0.0021807,0.015907,0.32917556166648865,0.0007598074735142,0.0016716071404516
1R6O(3):D_3IEY(1):B,0.012936,0.0021877,0.015879,0.07757919281721115,0.0139992088079452,0.0026547291781753
4WW9(1):A_4WW9(1):B,0.012941,0.0022324,0.015966,0.003516515949741006,0.6729064583778381,0.0053669293411076
5IBW(1):A_5CFF(1):F,0.012995,0.0021822,0.01599,0.04521046578884125,0.0027817739173769,0.0010743247112259
4V02(1):C_4C4K(1):T,0.01303,0.0021768,0.015991,0.02127811312675476,0.0002501044655218,0.0004715698014479
5HY3(1):A_6RCX(1):B,0.012963,0.0022103,0.015968,0.01015078742057085,0.0007077802438288,0.0006233497406356
6X0A(15):o_2ZQK(2):B,0.012948,0.002196,0.015882,0.20860600471496582,0.0002605227637104,0.0002360925864195
5WB5(1):A_7BY3(1):C,0.012973,0.0021797,0.015931,0.047685656696558,0.0002846861607395,0.0006805533776059
4ZK7(1):E_7DG5(1):A,0.013187,0.0022303,0.015944,0.02592204511165619,0.0002855119528248,0.0003362493880558
4KBQ(1):A_4KBQ(1):C,0.014452,0.0023064,0.017612,0.04685182496905327,0.0103021627292037,0.0046670073643326
5B64(1):A_4KBQ(1):A,0.013106,0.0021728,0.026139,0.21643853187561035,0.0003288672596681,0.0623993501067161
1N2D(1):A_7V5Z(1):B,0.013027,0.0022029,0.015905,0.258379191160202,0.0002972734801005,0.0005962432478554
3PUF(3):G_2Y3N(1):D,0.01296,0.0021939,0.015873,0.06238294765353203,0.0002155550610041,0.0001687676121946
6U3W(1):A_5OF3(1):D,0.012924,0.0021868,0.015888,0.37565693259239197,0.000314692268148,0.0008048110757954
1H3O(2):C_5WB5(1):B,0.013082,0.0025173,0.015957,0.4907717704772949,0.000501730653923,0.0006537373992614
7FAD(2):C_6MAF(1):C,0.012916,0.0021785,0.015875,0.30196231603622437,0.0028313286602497,0.0285917837172746
6B12(2):B_7VD7(1):A,0.012978,0.0021768,0.015999,0.012883222661912441,0.0280222985893487,0.0419635586440563
6GND(2):C_7UM4(1):B,0.013717,0.0028516,0.1701,0.12004711478948593,0.0019150594016537,0.0641012191772461
3GQI(1):A_5Y26(1):A,0.013009,0.0021915,0.016145,0.055999770760536194,0.0003045714693143,0.0003047632053494
4QX8(2):D_6KZA(2):D,0.012983,0.0023789,0.015868,0.050269678235054016,0.0018217415781691,0.0007940510404296
6XF1(2):D_3AMJ(1):B,0.012941,0.0021673,0.015929,0.34174177050590515,0.0002306274109287,0.0002305814559804
3ZDM(1):E_6MAF(1):A,0.012992,0.0021961,0.015918,0.017722131684422493,0.9981898665428162,0.8192522525787354
2R6A(1):C_6VW9(1):B,0.012942,0.0022681,0.01589,0.00175780791323632,0.0002821354428306,0.0017852749442681
6DRH(4):H_3LBX(1):A,0.012938,0.0021816,0.01599,0.28297820687294006,0.0004770021187141,0.00096411438426
3M7F(1):A_6D0H(1):A,0.012967,0.0021807,0.015878,0.04326541721820831,0.0002423467376502,0.0001301097072428
7VKB(1):B_5WB5(1):B,0.012952,0.0021716,0.015884,0.2394094169139862,0.0002852404140867,0.0023328519891947
7ETR(1):A_6KPD(1):C,0.012922,0.0021682,0.015916,0.03522229194641113,0.0002454284403938,0.0004132087051402
2XTS(1):C_6WEG(1):A,0.012963,0.0021929,0.015896,0.28968048095703125,0.0003585435915738,0.0002524881856516
6NKL(1):C_5NUS(1):B,0.013107,0.0022197,0.015911,0.043997008353471756,0.0010034379083663,0.000644874991849
4UDM(1):A_5CTR(1):A,0.013003,0.0021965,0.015945,0.07279566675424576,0.0028540401253849,0.0006662164232693
2VDW(4):H_6Y4L(1):B,0.012924,0.0021973,0.015888,0.30749642848968506,0.0008900770917534,0.0018022200092673
4KBQ(1):C_5K8J(1):A,0.012943,0.0021976,0.015874,0.014225153252482414,0.0006073076510801,0.0001682163856457
6ZT0(1):AAAA_3M7F(1):A,0.012978,0.0021919,0.016154,0.03038969077169895,0.0005121555877849,0.0004532481543719
5Y9W(1):B_5IBW(1):C,0.01296,0.002318,0.015939,0.005862872581928968,0.0011891496833413,0.0005335272871889
7VD7(1):A_4UDM(1):B,0.012936,0.0021908,0.015955,0.019898833706974983,0.0048641711473464,0.0717830061912536
3AV0(1):A_6YJP(1):C,0.016455,0.0022546,0.015962,0.01401361171156168,0.0002320458734175,0.0004545593692455
3LBX(1):B_5OF3(1):E,0.012972,0.0022121,0.015885,0.0856596902012825,0.0003348705940879,0.0002908959577325
1H3O(2):D_3CDK(1):C,0.012954,0.0021797,0.015936,0.055611684918403625,0.0002165134937968,0.000151111948071
2IDO(2):C_4NWR(4):AT,0.013,0.0021801,0.016421,0.45401814579963684,0.0016468921676278,0.0091771557927131
6TRI(1):A_6TRI(1):B,0.01318,0.0064693,0.067873,0.06800618767738342,0.998935043811798,0.9863809943199158
6X0A(15):O_5NUP(1):D,0.012946,0.0022335,0.016161,0.034497927874326706,0.000449164683232,0.001936750835739
6HPB(1):A_6HPB(1):B,0.013033,0.0029131,0.016455,0.008431379683315754,0.997606873512268,0.2807298898696899
6NXF(1):B_2QAG(1):B,0.012952,0.0022053,0.015923,0.2189413458108902,0.0016874517314136,0.0261600650846958
5ERG(1):A_6DRH(4):G,0.012912,0.0021656,0.015894,0.13611207902431488,0.0018708354327827,0.0004443977668415
3LBX(1):B_5MC9(1):B,0.41182,0.046376,0.033142,0.08208147436380386,0.008488449268043,0.0111586786806583
6GW6(1):B_6TRI(1):A,0.012956,0.0022275,0.016268,0.6251214742660522,0.9989443421363832,0.0205345917493104
7LA5(1):A_2FOI(1):D,0.013029,0.002808,0.015918,0.010071933269500732,0.0013213368365541,0.0002010902244364
4TMA(2):J_7DG5(1):A,0.012962,0.0023188,0.01598,0.20363019406795502,0.0007891347049735,0.0004197917587589
3TND(1):A_5NUP(1):D,0.012927,0.0022329,0.015908,0.011254526674747467,0.0003523592895362,0.0013625458814203
4WW9(1):A_6LBT(1):C,0.012949,0.0021836,0.015898,0.15517283976078033,0.084208458662033,0.0061222533695399
6KPD(1):B_4XA9(8):h,0.013458,0.0023377,0.015905,0.005448447074741125,0.0383760742843151,0.0009027506457641
4CYJ(2):D_4CYJ(2):F,0.013056,0.0022788,0.016101,0.03177478536963463,0.9045006632804872,0.1400197148323059
3CJH(2):J_3OEI(1):D,0.012932,0.0021894,0.015956,0.1294105499982834,0.0014371146680787,0.0002079266996588
1TFO(1):A_6GW6(1):B,0.012934,0.0021804,0.015953,0.03574881702661514,0.9977405071258544,0.0011887691216543
5YXY(1):A_5MC9(1):B,0.012992,0.0021928,0.015887,0.0143844373524189,0.0002218077279394,0.0002263309725094
3MB2(2):I_7EXZ(2):A,0.012958,0.0021823,0.016399,0.008144550025463104,0.0005487074377015,0.0009722117101773
3TND(1):B_1G73(2):D,0.013055,0.0021727,0.015877,0.01296370942145586,0.0002916571684181,0.0003236962074879
6KPD(1):C_6OD1(1):B,0.012931,0.0022007,0.015905,0.025741301476955414,0.000251697434578,0.0003731371252797
2Y0N(1):E_5CTR(1):C,0.01302,0.0023594,0.016188,0.20481687784194946,0.0399738065898418,0.0021155443973839
7P99(1):A_5IBW(1):C,0.013033,0.0022554,0.015888,0.14639486372470856,0.0002891594776883,0.0075048287399113
6KM7(1):A_5ZB2(1):A,0.02558,0.0021676,0.015921,0.020602189004421234,0.0326417796313762,0.0093695828691124
3TVT(1):A_5CTR(1):A,0.013033,0.0021811,0.016505,0.057784900069236755,0.0007337867864407,0.0253061540424823
5MU7(1):B_6KML(1):C,0.013567,0.0021781,0.01591,0.07697789371013641,0.0005485310102812,0.0001707276533124
6DRH(4):G_5HY3(1):A,0.012916,0.0021773,0.015871,0.005151919089257717,0.0004795170389115,0.0079394886270165
5ZB2(1):A_3OEI(1):B,0.012919,0.0021878,0.015877,0.3199160695075989,0.0002649216912686,0.0002420054370304
6BSC(1):A_6BSC(1):B,0.012973,0.011744,0.015991,0.08309289813041687,0.0080455001443624,0.0059893992729485
2IDO(2):C_1SV0(2):D,0.013057,0.0022204,0.016076,0.015353254973888397,0.0004010032862424,0.0015361330006271
2Y9X(2):B_6AKM(1):B,0.012951,0.0022494,0.015892,0.3380466103553772,0.0004189551982562,0.000139011273859
6NXF(1):B_6NXF(1):V,0.012947,0.0022513,0.016,0.18214444816112518,0.012650235556066,0.8920292258262634
7MWR(1):A_2IYB(2):F,0.012963,0.0022195,0.015856,0.015715675428509712,0.0004448118270374,0.0013470542617142
2CG5(1):A_2CG5(1):B,0.013169,0.0025067,0.016253,0.012316460721194744,0.0006013711681589,0.6111629605293274
6TUN(2):C_4BFI(1):B,0.012956,0.0021882,0.015884,0.19920533895492554,0.0005927552119828,0.0013660235563293
7BY3(1):C_7ENH(1):B,0.012971,0.0022422,0.015919,0.09219231456518173,0.0009032901725731,0.0005576038965955
5KEV(1):A_5KEV(1):B,0.013102,0.0058389,0.016378,0.07438930124044418,0.0008371932199224,0.0936140790581703
4V02(1):B_3OEI(1):D,0.013043,0.0058098,0.016001,0.03166448324918747,0.0036457774695008,0.0006912440294399
7C96(1):B_1Q5R(1):A,0.013273,0.0021857,0.015876,0.055144693702459335,0.0002184750337619,0.0002193318068748
4DGW(1):A_4QX8(2):D,0.012961,0.0022853,0.01593,0.3040136396884918,0.0055936742573976,0.0002936350356321
1TQY(4):H_4CC4(3):F,0.012966,0.0023031,0.015965,0.05254508927464485,0.0002211574901593,0.0002837348147295
6GJE(1):A_6D0H(1):A,0.01507,0.0026215,0.023782,0.03716104477643967,0.0002713700523599,0.0003356309316586
6GJE(1):A_3NQZ(1):A,0.012979,0.0022284,0.016217,0.23574455082416534,0.000339144753525,0.0002973092196043
4NWR(4):AT_3QVG(2):A,0.013266,0.0021737,0.015934,0.06392469257116318,0.0008382772793993,0.0005104563897475
5NUP(1):D_5YK7(1):C,0.012935,0.0021976,0.015897,0.07422825694084167,0.0003003527817782,0.0002863630361389
3WXX(4):G_5ERG(1):A,0.012952,0.0021812,0.015979,0.1363762617111206,0.0004070735885761,0.000485301046865
6AKM(1):A_7MWR(1):A,0.013561,0.0022523,0.015964,0.060155995190143585,0.0004281514557078,0.0016884030774235
6GW6(1):A_5C6D(1):A,0.012941,0.0021752,0.015886,0.274231493473053,0.000457416230347,0.0003669906291179
3NYB(1):B_6MAF(1):A,0.012971,0.0021884,0.015939,0.041818518191576004,0.0022716461680829,0.0032463723327964
6KM7(1):A_6KM7(1):C,0.013126,0.003486,0.021808,0.0713638886809349,0.8961552381515503,0.0657264217734336
3PUF(3):G_3PUF(3):I,0.013108,0.0021768,0.019447,0.01890057884156704,0.000749222934246,0.0684174820780754
2J9U(1):A_6XZ6(1):B,0.013125,0.0021837,0.015968,0.010309765115380287,0.0137435616925358,0.0010996463242918
5WB5(1):A_5YXY(1):D,0.012939,0.002205,0.01591,0.07627764344215393,0.0002360174112254,0.0003330646723043
4FXE(1):B_6F45(1):D,0.012917,0.0021824,0.015979,0.006831563543528318,0.0002991311484947,0.0002919075195677
2VDW(4):H_5OW5(1):A,0.01292,0.002214,0.015871,0.007847407832741737,0.000933684699703,0.0016481446800753
1G73(2):B_3MB2(2):L,0.013048,0.0021933,0.015913,0.09899913519620895,0.0023649525828659,0.0015578557504341
5NUS(1):A_2WP0(1):A,0.012941,0.0021943,0.015948,0.018828222528100014,0.0007530485163442,0.0068398020230233
1QDL(1):A_1H3O(2):C,0.012963,0.0021859,0.015925,0.07364188879728317,0.0002865066635422,0.0003697510110214
7KBJ(2):I_4DGW(1):A,0.012946,0.0021977,0.015891,0.07977035641670227,0.0017877877689898,0.0003025112964678
2YC4(1):D_3HUG(6):I,0.013287,0.0029653,0.21057,0.02090805396437645,0.0002345833927392,0.0002644429914653
7ENH(1):B_1Z6O(1):C,0.012944,0.0022081,0.015947,0.4401978850364685,0.0019018024904653,0.0009186739334836
6ZT0(1):AAAA_4XA9(8):h,0.012923,0.0022443,0.015903,0.005262195132672787,0.0082807010039687,0.0006350459880195
5MC9(1):C_5WRV(1):A,0.01299,0.0023905,0.015924,0.012174619361758232,0.0010072590084746,0.0007419455214403
5Y26(1):A_5Y26(1):B,0.92712,0.46039,0.93182,0.00503656268119812,0.9989043474197388,0.9695144891738892
7ETR(1):A_7ETR(1):C,0.012969,0.0022457,0.015977,0.01617850549519062,0.9990043044090272,0.9199453592300416
7DG5(1):A_7DG5(1):B,0.012936,0.0022404,0.01635,0.15730895102024078,0.998990833759308,0.9466990232467652
5YK7(1):C_7ENH(1):A,0.012945,0.0021966,0.016063,0.2823379635810852,0.0020002212841063,0.001276807161048
7DG5(1):A_6IB8(1):A,0.01298,0.0021754,0.015927,0.7162991762161255,0.0003009033680427,0.0002553068625275
5NUP(1):D_4Y66(2):D,0.012925,0.0022262,0.015888,0.06695830076932907,0.0005866088322363,0.0001827302330639
2ES4(3):E_4XA9(8):H,0.012933,0.0021802,0.015901,0.06086786091327667,0.0005326573736965,0.0003301090036984
6Y4L(1):A_6MAF(1):C,0.012979,0.00218,0.015991,0.0242931991815567,0.0024244333617389,0.0004220857517793
4V02(1):C_6OD1(1):A,0.013043,0.0022463,0.015923,0.2924591600894928,0.0003713254409376,0.0008036963990889
6GJE(1):D_6X0A(15):o,0.012954,0.0021808,0.015923,0.06031719222664833,0.000266712217126,0.0003731100878212
1TFO(1):A_3M7F(1):A,0.012951,0.0021725,0.015908,0.03194885700941086,0.0002999696007464,0.000435371272033
6ZT0(1):A_6HPB(1):A,0.01294,0.0022915,0.015879,0.23012174665927887,0.0002632001705933,0.0003551573317963
5MU7(1):B_7RAG(1):B,0.01304,0.0021997,0.015906,0.05880853906273842,0.0002560420543886,0.0001236488751601
6TPI(1):C_3TVT(1):A,0.012948,0.0021856,0.016033,0.000644070387352258,0.0002405573031865,0.0008886157302185
1R6O(3):D_7P99(1):C,0.013077,0.0023256,0.016036,0.17427916824817657,0.0004516557964961,0.000507018296048
7ENH(1):A_1TFO(1):B,0.012922,0.0022092,0.016009,0.011119412258267403,0.9904773235321044,0.9139267206192015
7EXZ(2):A_7EXZ(2):B,0.013123,0.0021809,0.016025,0.03501049056649208,0.0093550281599164,0.972825050354004
4FXE(1):B_2IDO(2):C,0.012963,0.0023503,0.017392,0.09006407111883163,0.9986886382102966,0.0051952325738966
4NWO(1):B_6R3S(1):B,0.012936,0.002177,0.01589,0.12347248196601868,0.0002293328143423,0.0003343875869177
3IEY(1):A_5C6D(1):A,0.012937,0.0021754,0.015899,0.19205671548843384,0.0007755170809105,0.0001498559722676
6U3W(1):B_5CTR(1):C,0.01302,0.0021883,0.015977,0.23209652304649353,0.0006756815128028,0.0004757327551487
3A5Z(1):D_4UDM(1):A,0.012986,0.0021936,0.015919,0.26325535774230957,0.00044758542208,0.0012951942626386
1Q7L(3):A_1Q7L(3):B,0.016193,0.0050707,0.016276,0.019098922610282898,0.0048038992099463,0.939910054206848
3TVT(1):B_5NUS(1):A,0.013082,0.0025132,0.015939,0.47218072414398193,0.0008030716562643,0.0176204293966293
7VD7(1):A_6NXF(1):V,0.012946,0.0021718,0.015906,0.2820124328136444,0.0010035545565187,0.0007038285839371
5ERG(1):B_4BFI(1):A,0.013012,0.0021941,0.015918,0.0018752766773104668,0.000262333342107,0.0001453587028663
6TI2(1):E_2PMS(2):D,0.013024,0.0022369,0.015896,0.08242050558328629,0.0005394421168603,0.004563660826534
3M6M(1):B_6OD1(1):B,0.012944,0.0022215,0.016091,0.0189345795661211,0.0032364968210458,0.0181448478251695
2CZV(1):B_6XRW(1):B,0.013051,0.002177,0.015938,0.02510613575577736,0.0003522493061609,0.0005384375690482
6R3S(1):B_7C96(1):A,0.012932,0.0021814,0.015935,0.14360660314559937,0.0035127331502735,0.0020643488969653
1TY4(1):B_4CYJ(2):D,0.012947,0.0022862,0.015933,0.06782041490077972,0.0017202236922457,0.0007195186335593
3R84(19):V_1SV0(2):D,0.013096,0.0022507,0.015942,0.05772201716899872,0.0004310542135499,0.0008874729392118
1QDL(1):A_3Q4H(2):B,0.012942,0.002194,0.016,0.0150147695094347,0.0002534406085032,0.0008094677468761
6VW9(1):A_5XKJ(1):E,0.012934,0.002285,0.015919,0.01734260842204094,0.0002817473141476,0.0002322705695405
6BZF(2):D_4UDM(1):B,0.012919,0.0021804,0.015962,0.02140120044350624,0.0003459366853348,0.00071953877341
7VKB(1):A_6BZF(2):C,0.012939,0.0022677,0.016017,0.06942164897918701,0.4935893416404724,0.0216102767735719
2ZQK(2):D_4XA9(8):h,0.012975,0.0022081,0.015928,0.02104952558875084,0.0392843075096607,0.0031907595694065
5CTR(1):C_5Y26(1):A,0.012965,0.0021775,0.015965,0.10417792201042175,0.0003630061401054,0.0002486787561792
5E3E(1):A_2YC4(1):D,0.013109,0.0021829,0.015884,0.01468187477439642,0.0005889803287573,0.0009466413175687
6HPB(1):B_2J9U(1):B,0.013449,0.0029201,0.015919,0.30617421865463257,0.0838106200098991,0.0006041583255864
6X0A(15):O_4X33(1):A,0.013001,0.0026877,0.016011,0.002467372687533498,0.0005691276164725,0.0133770937100052
6B12(2):D_4CYJ(2):D,0.012968,0.002179,0.015927,0.003141988767310977,0.0003656419285107,0.0023261429741978
6YJP(1):A_3PUF(3):H,0.012966,0.0021913,0.015907,0.05571591109037399,0.0033621115144342,0.0012522246688604
3Q4H(2):B_1TY4(1):D,0.10043,0.0022192,0.029444,0.045189354568719864,0.0005277338786982,0.000296436890494
4TPS(2):C_6LBU(1):B,0.01293,0.0021859,0.015964,0.28451231122016907,0.0216824989765882,0.8434790372848511
6BZF(2):C_7KBJ(2):J,0.012911,0.0021808,0.015959,0.008924039080739021,0.0025446657091379,0.004386328626424
3NYB(1):A_3NYB(1):B,0.013029,0.0021778,0.015926,0.02250976674258709,0.0047990554012358,0.0174382124096155
1Z6O(1):C_1Z6O(1):O,0.019785,0.0041139,0.75007,0.0986943170428276,0.9986810088157654,0.9676066637039183
4DGW(1):B_6COJ(1):A,0.012939,0.0021818,0.015947,0.06784897297620773,0.0002180960291298,0.0001802865299396
6GJE(1):D_5KEV(1):B,0.012938,0.0022172,0.015944,0.16174545884132385,0.0007134563056752,0.0007229307084344
4TPS(2):D_6YJP(1):A,0.012994,0.0021806,0.015896,0.014620120637118816,0.0002975488023366,0.0002366099943174
4ZQU(1):B_3CDK(1):D,0.012967,0.0021842,0.016065,0.18263979256153107,0.0004786856297869,0.0042514060623943
3CDK(1):C_2XTS(1):C,0.013042,0.0022075,0.016032,0.03070610761642456,0.0003459264989942,0.0018771779723465
5ZB2(1):A_7KBJ(2):I,0.012923,0.0021876,0.015898,0.007137637119740248,0.0010885315714403,0.0006802074494771
7LA5(1):B_4FXE(1):E,0.012957,0.0021733,0.015956,0.09733173251152039,0.0002342910011066,0.0002430914464639
5UIW(1):A_5CK3(1):A,0.013031,0.0022257,0.016426,0.09477688372135162,0.0003208624548278,0.0001015626985463
3M6M(1):B_5Y26(1):B,0.012952,0.00218,0.016224,0.00527473958209157,0.0003521459293551,0.0002761252399068
7ENH(1):A_1XG2(1):B,0.01293,0.0021978,0.01586,0.05286062881350517,0.0002793083840515,0.0003674573090393
1TY4(1):D_6COJ(1):A,0.012942,0.0021975,0.015908,0.7267889380455017,0.0002097414399031,0.0006365193403325
4QMF(2):B_7MWR(1):B,0.012954,0.0022085,0.015888,0.1850709617137909,0.0005614715628325,0.0006271411548368
1G73(2):D_3AV0(1):B,0.01299,0.002202,0.015878,0.13936689496040344,0.0003252754977438,0.0001643953728489
5MC9(1):C_3R84(19):V,0.064139,0.0085972,0.017366,0.11401747912168503,0.0010251337662339,0.0412803553044796
5WB5(1):A_5JW9(1):A,0.013048,0.0024151,0.017482,0.007924547418951988,0.998101532459259,0.0006484066252596
6U08(2):C_3X37(1):B,0.013001,0.0022165,0.015943,0.02473919466137886,0.0039305109530687,0.0033968267962336
1Q5R(1):A_1Q5R(1):H,0.087421,0.059852,0.79686,0.20757922530174255,0.998991072177887,0.9853863716125488
6XAW(1):A_1GKA(1):B,0.012949,0.0021845,0.015873,0.058801040053367615,0.0003501612518448,0.0002814863400999
4X33(1):B_1G73(2):D,0.013015,0.0024298,0.015942,0.196880042552948,0.0020777084864676,0.3000565469264984
5KEV(1):B_4BY6(2):C,0.012929,0.0022023,0.016083,0.20841851830482483,0.0019525653915479,0.0140688912943005
2VDW(4):G_2VDW(4):H,0.013152,0.0021962,0.016205,0.045066796243190765,0.1993774622678756,0.9336110353469848
6COJ(1):B_2CG5(1):B,0.013158,0.0022088,0.01809,0.16041825711727142,0.0003402987495064,0.000530514109414
6CP9(4):G_4EXP(1):X,0.012934,0.0021898,0.015868,0.030731922015547752,0.0003440504369791,0.000947943306528
6XZ6(1):A_2ZQK(2):B,0.01293,0.0021863,0.015887,0.28399208188056946,0.0041653285734355,0.0017959764227271
4EXP(1):X_5MPO(1):B,0.012994,0.0021825,0.016004,0.0056254323571920395,0.0003950914833694,0.0001171771655208
6KZA(2):D_6TUN(2):B,0.012938,0.0022185,0.015897,0.0694851279258728,0.0017441547242924,0.001053002430126
5CK3(1):A_6KML(1):C,0.013092,0.038667,0.015921,0.019919807091355324,0.0004220417467877,0.0002673754643183
6AKM(1):A_3M7F(1):B,0.012981,0.0021967,0.015952,0.33900558948516846,0.0007803630433045,0.0004970305599272
3NQZ(1):B_2XZ0(2):B,0.013026,0.002575,0.015938,0.08574812859296799,0.0006460413569584,0.0002051944466074
5JW9(1):B_3CDK(1):D,0.01296,0.0021982,0.01592,0.005086316727101803,0.0002071659982902,0.0001092585735023
3A5Z(1):D_1N2D(1):A,0.013222,0.0021963,0.015947,0.15447072684764862,0.0002568197960499,0.0002679450553841
5OF3(1):D_5YXY(1):A,0.012987,0.0026718,0.016039,0.029190145432949066,0.0011009564623236,0.5761659741401672
5UIW(1):B_5C6D(1):C,0.012968,0.0023949,0.01592,0.02074218913912773,0.0007199479732662,0.0010303220478817
6KML(1):C_1T3E(1):B,0.013103,0.0023367,0.015949,0.07488606125116348,0.0002273117279401,0.0003404536982998
2XQN(1):A_6NKL(1):A,0.013095,0.0021729,0.015904,0.058680109679698944,0.000385786377592,0.0008394234464503
2WP0(1):C_6U3W(1):B,0.012959,0.0023231,0.01593,0.5262176990509033,0.0154660148546099,0.0877700522541999
7FAD(2):D_5NUP(1):A,0.012928,0.0021905,0.015871,0.08764417469501495,0.0002519481058698,0.0002440291282255
2VUS(2):J_7BY3(1):D,0.012933,0.0022159,0.015849,0.11162262409925461,0.0002226036885986,0.0002839090884663
6POL(2):D_3Q4H(2):B,0.013011,0.0023032,0.015901,0.4119388461112976,0.000399998971261,0.0001844486832851
2Y0N(1):E_2ZP9(1):G,0.012976,0.0021678,0.015912,0.08204569667577744,0.0008265241631306,0.0140107320621609
1R6O(3):D_2Y3N(1):D,0.01297,0.0022233,0.015882,0.06733623147010803,0.0002713141730055,0.0005287686362862
5NT7(1):D_3LBX(1):B,0.013022,0.0022259,0.016421,0.012598881497979164,0.0002642930485308,0.0025798880960792
6F45(1):D_7P99(1):A,0.012926,0.0021817,0.015906,0.3269084095954895,0.000345692387782,0.0003499261511024
1TQY(4):H_5CTR(1):A,0.02241,0.0021775,0.016443,0.05814912170171738,0.0002254556602565,0.0003441772423684
6IB8(1):A_6XRW(1):A,0.013016,0.0021848,0.015924,0.14349821209907532,0.0003901866439264,0.0012443028390407
2XQN(1):A_2PTT(1):A,0.013056,0.002225,0.015863,0.04778648540377617,0.0009860515128821,0.0038159005343914
6XRW(1):A_3NQZ(1):B,0.013005,0.003044,0.015955,0.039689406752586365,0.0006113819545134,0.000235946761677
1Q7L(3):A_5OF3(1):E,0.013007,0.0021807,0.015908,0.011489558033645153,0.0017743136268109,0.0002610949450172
6OD1(1):A_5JW9(1):A,0.012956,0.0021925,0.015903,0.046921178698539734,0.0003234269097447,0.0002899456885643
4DGW(1):B_5KEV(1):B,0.012935,0.0022583,0.015967,0.07232337445020676,0.000418126292061,0.0006885256734676
6GJE(1):A_6KML(1):D,0.012931,0.002188,0.015988,0.0060272254049777985,0.0002216922584921,0.0003873671812471
5MC9(1):B_3AMJ(1):B,0.012986,0.002174,0.015882,0.0108873900026083,0.0002119245473295,0.0004135393828619
7ENH(1):B_5IBW(1):C,0.012982,0.0023564,0.015881,0.030201638117432594,0.0005378366913646,0.002564238384366
4QX8(2):C_4QX8(2):D,0.01317,0.0022169,0.017286,0.03450380638241768,0.0831557437777519,0.0018413407960906
1T3E(1):P_6HUL(1):B,0.012936,0.0021828,0.015878,0.009851843118667603,0.0003421166038606,0.0005379325593821
7UM4(1):A_7VD7(1):A,0.012947,0.002247,0.015886,0.05801776796579361,0.000492172781378,0.0001640625996515
4BY6(2):B_5UIW(1):A,0.012981,0.0022098,0.015926,0.013098827563226223,0.0002814895415212,0.0001875283051049
5UIW(1):A_6WEG(1):A,0.013018,0.0022083,0.016446,0.0892549380660057,0.0003836081596091,0.0002198022266384
3ZDM(1):F_6F45(1):A,0.012972,0.0021876,0.01594,0.034510500729084015,0.000237537184148,0.000264774513198
6ZT0(1):A_6ZT0(1):AAAA,0.090805,0.039472,0.03736,0.09617109596729279,0.008172295987606,0.1789552122354507
6NXF(1):B_5HY3(1):B,0.012923,0.0021796,0.015875,0.01202227734029293,0.0028068330138921,0.0002883831039071
5C6D(1):A_7ETR(1):C,0.012937,0.0021703,0.015912,0.014258169569075108,0.0008556499378755,0.0002252848644275
3H0W(1):B_5MC9(1):C,0.012942,0.0023905,0.015872,0.13945186138153076,0.0009936038404703,0.0041889259591698
2ZP9(1):G_5Y26(1):A,0.012971,0.0021739,0.01591,0.020760897547006607,0.0003450722142588,0.0012868996709585
6MAF(1):C_6BSC(1):B,0.012923,0.0021787,0.015882,0.04464110732078552,0.0148612260818481,0.0017960977274924
3OEI(1):B_3L4B(1):D,0.013088,0.0022227,0.016052,0.12705451250076294,0.0006134447176009,0.0005559585406444
4V02(1):B_3V6I(1):A,0.020145,0.0023117,0.016149,0.0038947633001953363,0.0004160417302045,0.5147024989128113
6R3S(1):A_7ETR(1):A,0.012966,0.0021884,0.016058,0.00803662370890379,0.0002810500154737,0.000271441967925
6F45(1):D_5ERG(1):B,0.012927,0.0021792,0.015912,0.12304266542196274,0.0004302233282942,0.0002378435892751
2BUY(1):A_5ERG(1):A,0.012927,0.0021904,0.015906,0.05062957853078842,0.0005357649642974,0.0002315369056304
1TQY(4):G_4NWO(1):B,0.016863,0.0023485,0.016339,0.023112544789910316,0.9989558458328248,0.0080461204051971
2IDO(2):D_7MWR(1):B,0.013099,0.0021923,0.016003,0.2913692593574524,0.0011027918662875,0.0007303742459043
7ETR(1):C_4X33(1):B,0.012926,0.0022423,0.01596,0.027303682640194893,0.0003785972658079,0.0003474360564723
7C96(1):B_5Y9W(1):B,0.013047,0.0021859,0.015917,0.0453423410654068,0.0004589063173625,0.0003749482275452
7EXZ(2):A_4FXE(1):E,0.01297,0.0025164,0.015938,0.11899955570697784,0.0004543204559013,0.0017529997276142
4NWR(4):AS_6KPD(1):C,0.012933,0.0021966,0.015886,0.06389299780130386,0.0009279435616917,0.0035457520280033
5Y9W(1):B_5NUS(1):B,0.013167,0.0022199,0.015927,0.15745891630649567,0.0033662558998912,0.0002016547514358
6XRW(1):A_6XRW(1):B,0.014305,0.0021855,0.01603,0.039428774267435074,0.9990041851997375,0.9512537121772766
1R6O(3):B_6TI2(1):E,0.012961,0.0022034,0.015925,0.01765464060008526,0.0003134245343971,0.0006869860808365
6TPI(1):A_5NUP(1):A,0.012989,0.0022835,0.016834,0.004175395704805851,0.0118539752438664,0.0071629076264798
4NL9(2):B_2FOI(1):B,0.012961,0.0022875,0.015906,0.0874163806438446,0.0002893304626923,0.0003807401517406
6TUN(2):C_5KEV(1):A,0.01294,0.0022437,0.01596,0.009425063617527485,0.0061500039882957,0.0163361132144927
1G73(2):B_6L5K(1):A,0.012975,0.0021878,0.015918,0.38224461674690247,0.0009370172629132,0.0045328363776206
3NQZ(1):B_2ZQK(2):B,0.028928,0.0023146,0.063895,0.023532485589385033,0.9989211559295654,0.2638589441776275
6U3W(1):B_3A0R(1):A,0.014303,0.0022005,0.018718,0.029935335740447044,0.9947673082351683,0.0008365521789528
7MWR(1):A_6U3W(1):B,0.01312,0.0022006,0.015992,0.021776655688881874,0.0005015621427446,0.0008239178569056
2VDW(4):G_4XA9(8):h,0.012984,0.0021744,0.015911,0.27001655101776123,0.0020818777848035,0.0010033269645646
6KPD(1):B_2XTS(1):C,0.013455,0.0022248,0.015904,0.06096316874027252,0.0018442070577293,0.0002245023933937
3M7F(1):B_3LKX(1):B,0.012954,0.0021799,0.015882,0.0046858107671141624,0.0017062559491023,0.0049419230781495
6XZ6(1):A_4ZIR(1):A,0.01303,0.0021917,0.016049,0.01769341714680195,0.00071079027839,0.0028733448125422
5ERG(1):B_7FAD(2):D,0.013152,0.0021732,0.015928,0.0049119433388113976,0.0007096348563209,0.0003293190675321
3A0R(1):A_3A0R(1):B,0.018667,0.028067,0.69727,0.09718944877386093,0.9990087747573853,0.9694804549217224
7KBJ(2):I_6U3W(1):B,0.015595,0.0021782,0.016021,0.09312020987272263,0.0003915237903129,0.0007932622102089
4XA9(8):H_6HUL(1):B,0.012973,0.0021768,0.015893,0.008338131941854954,0.0004381541511975,0.0002818354405462
7KBJ(2):J_4X33(1):B,0.012939,0.0024448,0.016426,0.023627491667866707,0.007427570875734,0.000834425271023
4NWO(1):B_7VKB(1):B,0.013049,0.0022216,0.015911,0.02451847866177559,0.0017450382001698,0.000985596794635
4ZIR(1):B_4QX8(2):D,0.013104,0.0021908,0.015874,0.007195719517767429,0.0005971487262286,0.0007404135540127
7KBJ(2):I_7KBJ(2):J,0.013065,0.0023101,0.016566,0.024794915691018105,0.0062430957332253,0.0168634429574012
5J1L(1):A_6KML(1):C,0.013381,0.037525,0.016071,0.03275730088353157,0.2870449423789978,0.0005295683513395
2PT7(1):D_2ZQK(2):B,0.013057,0.0021969,0.015891,0.09506195783615112,0.0002608284994494,0.0012544814962893
5HY3(1):A_5UIW(1):B,0.01294,0.0021752,0.015873,0.10921593010425568,0.0002750170533545,0.0004713271337095
3HUG(6):I_6XAW(1):B,0.013811,0.002175,0.015978,0.03459533303976059,0.0004162940604146,0.000779410591349
6Y4L(1):A_6U08(2):C,0.013063,0.0022055,0.015933,0.25217023491859436,0.000673325615935,0.0002353071758989
3OEI(1):B_3OEI(1):D,0.013093,0.0044519,0.021539,0.07621493935585022,0.9990129470825196,0.9813600778579712
5NT7(1):C_3M6M(1):E,0.012963,0.0022597,0.01595,0.05771617963910103,0.0003734497877303,0.0003108053933829
2ES4(3):E_5B64(1):B,0.012942,0.0021924,0.015956,0.5049954056739807,0.0004387627122923,0.0002753536682575
2ZQK(2):D_4ZIR(1):B,0.013264,0.0023081,0.015946,0.07293619960546494,0.0004215031513012,0.000836850667838
5YK7(1):C_2VDW(4):H,0.012989,0.0021962,0.016103,0.03970598429441452,0.0014752509305253,0.0042206752113997
5IBW(1):C_7DG5(1):A,0.013021,0.0022849,0.015884,0.2703048288822174,0.0003035015834029,0.00222091935575
6VW9(1):A_2QAG(1):A,0.012955,0.0021739,0.015942,0.21561725437641144,0.0007484972011297,0.0003677264030557
6BZF(2):D_2R6A(1):C,0.012964,0.0021754,0.015919,0.13252820074558258,0.0005052068154327,0.0014732489362359
7UM4(1):A_3EXE(2):E,0.013182,0.0022067,0.016496,0.2967020273208618,0.0003573453286662,0.0002858387888409
6B12(2):D_2PMS(2):D,0.01293,0.0022199,0.015926,0.04353083297610283,0.0003432050871197,0.0017962763085961
5CFF(1):F_3F1I(1):S,0.012979,0.0024049,0.015966,0.2561732232570648,0.0143418358638882,0.0057258065789937
2XZ0(2):B_6KML(1):C,0.012953,0.0022189,0.015964,0.06738624721765518,0.0005229591042734,0.0006184725789353
6MAF(1):A_7DMA(1):A,0.012937,0.0021705,0.015892,0.1657247245311737,0.0060786511749029,0.026864418759942
2QAG(1):A_6OD1(1):A,0.013085,0.0022392,0.01615,0.07103349268436432,0.0002981056459248,0.0002767644182313
7VD7(1):A_5WRV(1):A,0.013036,0.0022208,0.015961,0.0371408611536026,0.0012657365296036,0.0003480115265119
4BY6(2):C_2BUY(1):B,0.012929,0.002196,0.015899,0.016499429941177368,0.0012728857109323,0.0002997146220877
5KEV(1):A_2QAG(1):B,0.013032,0.0021857,0.015883,0.07244295626878738,0.0011352347210049,0.0007668710313737
6TUN(2):B_3X37(1):B,0.012932,0.0021846,0.015894,0.07319028675556183,0.0033431372139602,0.0055380393750965
2XTS(1):C_5YK7(1):C,0.012942,0.0021753,0.015905,0.05408571660518646,0.0003513826814014,0.000257104227785
6PNQ(1):A_6MAF(1):A,0.012913,0.0022064,0.015882,0.07446303218603134,0.0003041878517251,0.0009302872931584
4ZQU(1):B_7FAD(2):C,0.012941,0.0021796,0.015895,0.016416193917393684,0.0058268969878554,0.029771089553833
4CC4(3):E_4CC4(3):F,0.01295,0.0021905,0.019341,0.4471655786037445,0.0046691317111253,0.0393656231462955
3A0R(1):A_4EXP(1):X,0.013057,0.0021833,0.015903,0.5574285387992859,0.0002527625183574,0.0004886555252596
4ZQU(1):B_6NKL(1):C,0.012947,0.0021936,0.015886,0.13076747953891754,0.0109026106074452,0.0263162367045879
5MC9(1):C_5ZB2(1):A,0.012953,0.0022971,0.015889,0.014139911159873009,0.0003505184722598,0.0011911160545423
5WRV(1):A_5JNO(1):B,0.01298,0.0023317,0.015904,0.042630791664123535,0.0140658691525459,0.0056637041270732
5J1L(1):A_6HUL(1):B,0.014603,0.0028768,0.015935,0.013017169199883938,0.0003057509311474,0.0010451214620843
4BY6(2):B_7EXZ(2):A,0.012971,0.0021765,0.015931,0.4264530539512634,0.0003528795496094,0.000348071422195
6TUN(2):B_6TUN(2):C,0.013023,0.0022886,0.016025,0.19926655292510986,0.0026864749379456,0.0003077330766245
6JCK(1):B_1RP3(4):G,0.013437,0.0022026,0.015927,0.29105043411254883,0.0002828189753927,0.000378038996132
5Y9W(1):B_6CP9(4):H,0.012921,0.0021778,0.015878,0.004197353962808847,0.0075489198789,0.000423116463935
1N2D(1):A_6VW9(1):A,0.013057,0.0021782,0.01589,0.01613231934607029,0.0026033029425889,0.0003679768124129
2J9U(1):B_5YXY(1):D,0.013486,0.0051129,0.24117,0.04700685292482376,0.0003311503969598,0.0002318506158189
7V5Z(1):B_1T3E(1):P,0.012951,0.0021793,0.01586,0.23658870160579681,0.0002864673733711,0.0007133165490813
2Y9X(2):F_7C96(1):A,0.012967,0.0022052,0.015922,0.057042282074689865,0.0024128498043864,0.0090466765686869
6VW9(1):B_3NQZ(1):A,0.012934,0.0021861,0.015882,0.08080624043941498,0.000469737307867,0.0005006736610084
2Y0N(1):E_5ERG(1):A,0.014324,0.002281,0.015921,0.0053315176628530025,0.0373836196959018,0.0028872683178633
5AUP(1):A_7LA5(1):A,0.013202,0.0022,0.01607,0.04214157164096832,0.0002153401874238,0.0002072720963042
4CYJ(2):D_7RAG(1):B,0.012932,0.0021766,0.015932,0.02163243293762207,0.0002661132602952,0.0005067305755801
4DGW(1):A_6F45(1):A,0.012934,0.0022514,0.015894,0.09662643074989319,0.0003637381305452,0.000206983386306
7BY3(1):C_7ENH(1):A,0.012924,0.0022004,0.015916,0.03233955800533295,0.0091500654816627,0.001051151077263
4NL9(2):D_4QMF(2):A,0.0133,0.0088958,0.016097,0.7541646361351013,0.0009653060114942,0.0010017777094617
3NQZ(1):B_4QX8(2):D,0.012978,0.0023145,0.015886,0.004676308017224073,0.0021129758097231,0.0009887664346024
6Y4L(1):A_4KBQ(1):C,0.013009,0.0023166,0.015928,0.16845107078552246,0.0020850501023232,0.0112932417541742
2CG5(1):B_7EXZ(2):B,0.012953,0.0022259,0.016038,0.07844673097133636,0.0004052076255902,0.0004915102617815
7RAG(1):A_4Y66(2):D,0.012927,0.0021827,0.015894,0.04323727265000343,0.0005954036605544,0.0005907072918489
3H0W(1):A_5CK3(1):A,0.013007,0.0021722,0.015972,0.3908931016921997,0.0006667436100542,0.0069839125499129
3MB2(2):L_6CP9(4):G,0.012973,0.0021846,0.015984,0.13614118099212646,0.0009308298467658,0.0014662914909422
6TRI(1):B_3M7F(1):B,0.012987,0.0021938,0.015886,0.061740580946207047,0.0003286700812168,0.000464747659862
6YJP(1):C_5JW9(1):A,0.013106,0.0022035,0.016115,0.011046407744288445,0.0019242000998929,0.0003518680459819
2IYB(2):B_3OEI(1):B,0.013001,0.0022047,0.015881,0.4030861556529999,0.0002125986939063,0.0002525688323657
5NT7(1):D_6GW6(1):A,0.012929,0.0021972,0.016059,0.08911672234535217,0.0005863737897016,0.0002659200399648
2QAG(1):A_6JCK(1):B,0.013019,0.0029189,0.015922,0.2540271282196045,0.0005307740648277,0.0088450293987989
4CC4(3):F_5K8J(1):B,0.012966,0.0021891,0.015856,0.13422152400016785,0.0002338952908758,0.0002598363789729
6JCK(1):B_6TRI(1):B,0.012977,0.0021997,0.015917,0.12688042223453522,0.0003818768600467,0.0004883237998001
3PUF(3):H_2PTT(1):A,0.012962,0.0021934,0.015871,0.06791528314352036,0.0019549839198589,0.0020428346469998
6L5K(1):A_6M2I(1):A,0.012946,0.0021745,0.015945,0.015014564618468285,0.0004465889942366,0.0001422381756128
7P99(1):A_7P99(1):C,0.013799,0.0045763,0.016418,0.22112149000167847,0.9988873600959778,0.2510605156421661
6BZF(2):C_6CP9(4):H,0.012945,0.0022108,0.015957,0.038840264081954956,0.0127479545772075,0.1303232163190841
6MAF(1):A_7MWR(1):B,0.012937,0.0021836,0.015998,0.4197894036769867,0.0019938517361879,0.0020117938984185
2Y9X(2):F_5YK7(1):D,0.012929,0.0021758,0.015862,0.035202641040086746,0.0003342489362694,0.0007110222941264
2XZ0(2):D_6GW6(1):A,0.013045,0.0022213,0.016829,0.03772540017962456,0.0004624404245987,0.0007660577539354
5AUP(1):I_7UM4(1):B,0.013416,0.0024157,0.016433,0.011105981655418873,0.0007600025855936,0.7220488786697388
6GW6(1):B_3M6M(1):B,0.013013,0.002209,0.016054,0.2973264157772064,0.9985083937644958,0.0028582159429788
3M7F(1):A_5C6D(1):C,0.013004,0.0021995,0.016367,0.16489434242248535,0.0010494061280041,0.0039760922081768
6D0H(1):A_6Y4L(1):B,0.012942,0.00218,0.016101,0.157170832157135,0.0005645694909617,0.0003688207070808
4BY6(2):B_4BFI(1):A,0.012925,0.0021695,0.015902,0.1320306658744812,0.0003192653821315,0.0002014268247876
7DMA(1):B_6F45(1):A,0.012935,0.0021773,0.015942,0.24176716804504395,0.0002515520318411,0.001729367300868
2Y3N(1):D_6TUN(2):B,0.012925,0.0021947,0.015908,0.04182897135615349,0.0003534451534505,0.0003643319068942
4BFI(1):B_5Y9W(1):C,0.087394,0.0025437,0.022623,0.22710037231445312,0.0069920518435537,0.1324779391288757
6XF1(2):D_6XRW(1):A,0.012928,0.0021707,0.015894,0.011065255850553513,0.0002706189407035,0.0002636042481753
5XKJ(1):C_4EXP(1):X,0.013087,0.0021948,0.015951,0.05209629610180855,0.9980430603027344,0.0173607487231493
2XZ0(2):D_3L4B(1):D,0.013823,0.0038396,0.01656,0.0340457409620285,0.0201144181191921,0.0010423428611829
2XZ0(2):B_7EXZ(2):B,0.013017,0.0022074,0.016047,0.040454644709825516,0.0029051764868199,0.0145410317927598
2DS2(2):C_6IB8(1):C,0.012938,0.0026905,0.015916,0.006803106516599655,0.0003751811455003,0.0022980407811701
6XOD(1):A_3TVT(1):A,0.013461,0.0021794,0.015913,0.28358733654022217,0.0005581749719567,0.0036968514323234
5ZB2(1):A_4ZQU(1):B,0.012932,0.0021698,0.015907,0.034840673208236694,0.000714881462045,0.0119290249422192
7P99(1):A_2PMS(2):B,0.012942,0.0021741,0.015993,0.6307626962661743,0.0002977063122671,0.0004550681333057
2QAG(1):A_2ZP9(1):G,0.012985,0.0021808,0.01588,0.07888388633728027,0.0003578379401005,0.0009757575462572
2PT7(1):H_1G73(2):D,0.012978,0.0021742,0.015866,0.23481865227222443,0.0002874292258638,0.0005002550315111
1LGH(2):K_6D0H(1):B,0.012981,0.0022719,0.015876,0.09695591777563095,0.0004851651028729,0.0002880390675272
4NL9(2):D_1Q5R(1):A,0.013025,0.0022076,0.015897,0.035731490701436996,0.0002309209521627,0.0003316862566862
3V6I(1):A_3OEI(1):D,0.012997,0.002534,0.017108,0.04110819846391678,0.9985923171043396,0.0022924020886421
6DRH(4):H_6KM7(1):A,0.012984,0.00223,0.015957,0.01295542623847723,0.0021612264681607,0.0013902850914746
3X37(1):B_4XA9(8):H,0.012929,0.002176,0.015863,0.11642175167798996,0.0024268620181828,0.0335700996220111
4QX8(2):D_5J4A(1):B,0.012986,0.0021916,0.015922,0.06895507127046585,0.0304565597325563,0.0053358105942606
6RCX(1):B_7ETR(1):A,0.013036,0.002257,0.016333,0.32870081067085266,0.0010555631015449,0.3128105700016022
3BEG(1):B_3TND(1):B,0.012993,0.002239,0.015938,0.011639749631285667,0.0007033196743577,0.0196838695555925
6JCK(1):B_1G73(2):D,0.013049,0.0021828,0.015915,0.03731810674071312,0.0005349413841031,0.0071342154406011
1Z6O(1):O_7P99(1):C,0.012987,0.0023837,0.015939,0.027531348168849945,0.0003457111888565,0.0004071974253747
7P99(1):A_2XTS(1):D,0.012967,0.0021944,0.01592,0.0439734123647213,0.0002472149499226,0.0003608789411373
5B64(1):A_6BZF(2):D,0.013022,0.0021899,0.015986,0.001758343423716724,0.0002463817363604,0.0002953704970423
4BY6(2):B_4BY6(2):C,0.012932,0.0082793,0.016476,0.004483395256102085,0.0777884870767593,0.9871583580970764
6U3W(1):A_3M6M(1):B,0.012983,0.0021758,0.015908,0.02000054344534874,0.0004773125692736,0.0004349790688138
4BY6(2):B_6F45(1):A,0.012917,0.0021859,0.015905,0.009916698560118675,0.0002434846101095,0.0002327609399799
3NYB(1):B_2Y0N(1):E,0.01308,0.0022596,0.016007,0.014867511577904224,0.0095916837453842,0.0033838134258985
7C96(1):B_1Z6O(1):O,0.013023,0.0022,0.015959,0.020425084978342056,0.0002369960857322,0.0003947385412175
2BUY(1):A_5Y9W(1):C,0.013031,0.0022381,0.015916,0.05683749169111252,0.0024660653434693,0.0004291262303013
6BSC(1):B_7DG5(1):A,0.012923,0.0021986,0.015891,0.008604029193520546,0.0006849049241282,0.0003014581452589
4ZQU(1):A_4X33(1):B,0.012917,0.0021769,0.015903,0.008929595351219177,0.0005278083262965,0.0011266769142821
2XQN(1):T_3EXE(2):E,0.013001,0.0021959,0.015959,0.004312885459512472,0.0002761394716799,0.0087100053206086
6YJP(1):A_3R84(19):U,0.01308,0.002202,0.015886,0.044066719710826874,0.0005488084279932,0.0004368358931969
4NWR(4):AS_5WB5(1):B,0.013034,0.0021949,0.015874,0.4823886752128601,0.0004531654121819,0.0086757559329271
7V5Z(1):D_2VDW(4):H,0.012952,0.0022551,0.016206,0.22980135679244995,0.0005576490657404,0.0046548270620405
7P99(1):C_2YC4(1):B,0.013183,0.0021971,0.015984,0.07562976330518723,0.0007869115797802,0.0136260511353611
7P99(1):C_7DMA(1):B,0.012954,0.0021827,0.015889,0.06399880349636078,0.0002944482839666,0.0006555917207151
6U3W(1):A_5Y26(1):A,0.012927,0.0021743,0.015922,0.04382089525461197,0.0010051452554762,0.0765793547034263
6OD1(1):A_3L4B(1):D,0.01339,0.0023221,0.016199,0.06625004857778549,0.0003305930586066,0.0001712010707706
6F45(1):A_5MU7(1):B,0.013195,0.0021869,0.015892,0.025360481813549995,0.0002372737362748,0.0001517394557595
3PUF(3):I_2J9U(1):A,0.013005,0.0021953,0.015941,0.09899423271417618,0.0005044835852459,0.0008179203723557
3CJH(2):I_6XZ6(1):B,0.012948,0.0022221,0.019756,0.1808437705039978,0.0040165013633668,0.0002994798414874
6KPD(1):C_6KPD(1):B,0.013041,0.0021884,0.016284,0.0412309505045414,0.0162728056311607,0.0138389039784669
1SV0(2):D_2R6A(1):C,0.012989,0.0021973,0.015908,0.006939995568245649,0.0002740430936682,0.0042026271112263
2IYB(2):F_7BY3(1):D,0.012936,0.0021718,0.015884,0.00863631907850504,0.0003038666618522,0.0002793810563161
2IYB(2):F_7ETR(1):C,0.012949,0.0022199,0.01586,0.13339246809482574,0.0003126304072793,0.0002061699196929
3OEI(1):B_6KM7(1):A,0.012945,0.0022053,0.015938,0.00806667935103178,0.0002752851578406,0.0004312395467422
5JW9(1):A_2XQN(1):A,0.012989,0.0064072,0.016762,0.005906383041292429,0.0028100262861698,0.0016651421319693
3NQZ(1):A_6KZA(2):B,0.01298,0.0021913,0.015878,0.07708517462015152,0.0004134668270125,0.0007159788510762
3M6M(1):E_3WXX(4):G,0.013989,0.0022223,0.017174,0.10899809002876282,0.0030527100898325,0.7952909469604492
1Q7L(3):A_6KPD(1):B,0.012983,0.0023091,0.015934,0.009411909617483616,0.0013624952407553,0.0006634632591158
3AMJ(1):B_6RCX(1):B,0.012975,0.004723,0.016569,0.02066829241812229,0.998161256313324,0.0600264780223369
1T3E(1):B_5UIW(1):B,0.012937,0.002202,0.015928,0.13888724148273468,0.0002649623784236,0.0010685465531423
6ZT0(1):A_1Q7L(3):B,0.012943,0.0021798,0.016173,0.002332964213564992,0.0005239065503701,0.0035403596702963
5Y9W(1):C_3ZDM(1):F,0.012985,0.0021822,0.015889,0.017118237912654877,0.0007222307613119,0.0003819536941591
5WRV(1):A_3X37(1):B,0.013111,0.002203,0.01616,0.00403659138828516,0.0969908833503723,0.0065651107579469
6BZF(2):D_1Z6O(1):O,0.012924,0.0021827,0.015923,0.2450963258743286,0.0003657242050394,0.0010630104225128
3F1I(1):S_6COJ(1):A,0.012979,0.002181,0.015879,0.029692579060792923,0.000220213580178,0.0001416326558683
2IDO(2):D_7ETR(1):C,0.012961,0.0021902,0.016066,0.04460647702217102,0.0037607855629175,0.0005943148280493
5NT7(1):D_3A0R(1):B,0.016121,0.0025463,0.42824,0.01773659884929657,0.0003478150174487,0.0004718105192296
4CC4(3):F_5Y9W(1):C,0.012957,0.0021751,0.015949,0.14006580412387848,0.0007628113380633,0.0041783438064157
7ENH(1):B_4X33(1):A,0.012997,0.0022941,0.015949,0.43953728675842285,0.0102264583110809,0.0008631039527244
3M7F(1):A_6NKL(1):A,0.012957,0.0021735,0.015881,0.20947101712226868,0.0002545720781199,0.0002263609785586
4BFI(1):B_4QMF(2):B,0.012963,0.0021831,0.015894,0.13909702003002167,0.0003219201753381,0.0001275031245313
3F1I(1):H_2IDO(2):D,0.013018,0.0023515,0.016018,0.25079914927482605,0.0036879279650747,0.003035437548533
6LBT(1):C_5WRV(1):A,0.013126,0.0024881,0.017887,0.07440302520990372,0.096639335155487,0.0631591975688934
2PMS(2):B_5OW5(1):B,0.01296,0.002185,0.015866,0.0018982168985530734,0.0009154187282547,0.0011744876392185
6RCX(1):A_6RCX(1):B,0.012991,0.0022839,0.016194,0.18528029322624207,0.9983972907066344,0.9264849424362184
6ZT0(1):AAAA_5JNO(1):B,0.012966,0.0024276,0.015862,0.0597098134458065,0.0004563470138236,0.0004177281225565
4CC4(3):E_3M7F(1):B,0.012972,0.002192,0.016067,0.13648682832717896,0.010708624497056,0.0023829864803701
3V6I(1):A_7KBJ(2):I,0.012948,0.002279,0.016069,0.048247259110212326,0.0003027158672921,0.0022400878369808
4NL9(2):B_5MU7(1):A,0.013044,0.0022041,0.01593,0.030730919912457466,0.000561466673389,0.0009616438765078
5E3E(1):A_5E3E(1):B,0.012958,0.0023129,0.015905,0.10656590759754181,0.0286744274199008,0.8630246520042419
3MB2(2):I_5C6D(1):C,0.012964,0.0021651,0.015935,0.01995627023279667,0.0006645232788287,0.0007361685857176
4CC4(3):E_1N2D(1):A,0.013144,0.0022049,0.015896,0.007666411809623241,0.0017990231281146,0.0008220646413974
1SV0(2):B_3NYB(1):A,0.012987,0.0021785,0.015898,0.057182278484106064,0.0003615162859205,0.0066707008518278
2R6A(1):B_4CC4(3):F,0.012971,0.0022022,0.015872,0.09880513697862625,0.0002077748940791,0.0003000714350491
4C4K(1):O_3A5Z(1):C,0.013546,0.0021934,0.015925,0.6957255601882935,0.0002413071051705,0.000489700702019
6L5K(1):A_3IEY(1):B,0.012926,0.0021735,0.015918,0.030941840261220932,0.0003999122418463,0.0016649076715111
6TRI(1):B_7C96(1):A,0.012951,0.0022661,0.015928,0.02453581430017948,0.0296640302985906,0.0009340926771983
6XOD(1):A_5MU7(1):B,0.015012,0.0021752,0.015892,0.00908009335398674,0.0004175039648544,0.0014594758395105
2QAG(1):A_2QAG(1):B,0.024017,0.016164,0.15967,0.008060069754719734,0.9976946711540222,0.4931554794311523
3FGC(2):D_7DMA(1):B,0.012947,0.0021735,0.015887,0.005559926386922598,0.0007143472321331,0.0012636261526495
2BUY(1):B_3HUG(6):I,0.013156,0.0022257,0.016034,0.018483836203813553,0.0012805393198505,0.0008637332939542
5JW9(1):B_6F45(1):D,0.012926,0.0021886,0.015884,0.04872077330946922,0.0003251691232435,0.0002963470178656
5ERG(1):B_4CYJ(2):F,0.013122,0.0021921,0.016053,0.29747211933135986,0.7078282833099365,0.0342855416238307
6GND(2):C_6GND(2):D,0.017216,0.4111,0.020431,0.2393946349620819,0.0085638668388128,0.7727726697921753
4FXE(1):E_3BEG(1):B,0.012945,0.0022013,0.015917,0.00834662839770317,0.0002742095675785,0.0044208141043782
7P99(1):A_5Y9W(1):C,0.012963,0.0022296,0.016095,0.03733203932642937,0.0011487221345305,0.0009072017273865
7ETR(1):A_3F1I(1):H,0.012942,0.0022091,0.015892,0.10915214568376541,0.0002366431581322,0.0004178453818894
4QX8(2):C_6R3S(1):A,0.012983,0.0021933,0.016491,0.018980078399181366,0.0352808982133865,0.2917574048042297
3IEY(1):A_2Y3N(1):C,0.012923,0.0021851,0.015899,0.024490082636475563,0.0002845412818714,0.00034006536589
5NT7(1):C_4WWR(3):D,0.012968,0.0022357,0.015927,0.566627562046051,0.0018992046825587,0.0006287561845965
5YXY(1):D_4CYJ(2):F,0.01295,0.0022073,0.015888,0.5097217559814453,0.0002598331775516,0.0002774597669485
6XRW(1):A_6D0H(1):A,0.013023,0.0021854,0.016089,0.32070475816726685,0.0019273189827799,0.0013791754608973
2FOI(1):B_2FOI(1):D,0.013023,0.0049859,0.017057,0.09759444743394852,0.9982736110687256,0.0808217003941536
1LGH(2):J_6IB8(1):A,0.013108,0.0023096,0.015911,0.0027345416601747274,0.0007279886049218,0.0004426824161782
6L5K(1):A_5Y9W(1):C,0.012964,0.0021826,0.015882,0.12992985546588898,0.0004179656971246,0.0061937794089317
5XKJ(1):C_3V6I(1):B,0.012951,0.0021838,0.015945,0.6713370680809021,0.0004078097990714,0.0006518578738905
6GND(2):C_5C6D(1):C,0.012992,0.002208,0.015897,0.04401083663105965,0.0003804140142165,0.0009184792288579
6KPD(1):B_3NYB(1):A,0.015101,0.0022302,0.015893,0.0516701340675354,0.9987626075744628,0.0052927588112652
6LBT(1):A_3OEI(1):D,0.01296,0.002168,0.016037,0.017084958031773567,0.0009947365615516,0.0006631772848777
3BEG(1):A_1T3E(1):P,0.012984,0.0021938,0.015927,0.2640158236026764,0.0119998566806316,0.0020288454834371
5MW9(2):G_5WRV(1):B,0.012984,0.0022517,0.016088,0.05833444371819496,0.0015392320929095,0.0027369577437639
5NUS(1):A_2J9U(1):A,0.012987,0.0021993,0.016046,0.6059279441833496,0.0004974533803761,0.0023878556676208
6PNQ(1):B_6DRH(4):H,0.012975,0.00219,0.016146,0.011792592704296112,0.0006359496619552,0.003546577412635
7EXZ(2):B_4WWR(3):D,0.012923,0.0022108,0.015879,0.48534584045410156,0.0016892367275431,0.0002442334953229
4CC4(3):F_6LBU(1):A,0.012954,0.0021912,0.015867,0.06225830316543579,0.0007867765962146,0.00065734970849
5J1L(1):B_1RP3(4):H,0.013352,0.0026206,0.01594,0.016969744116067886,0.0006083864136599,0.0034355791285634
1G73(2):D_4KBQ(1):C,0.013196,0.0021893,0.015993,0.22954605519771576,0.0037442322354763,0.0005853190086781
2PTT(1):A_6NXF(1):V,0.012957,0.0022429,0.015863,0.033615753054618835,0.0013371768873184,0.002708279993385
6HPB(1):B_1Q7L(3):B,0.012933,0.0021835,0.015982,0.01591598615050316,0.9936413168907166,0.0002303406363353
2ZQK(2):B_6HPB(1):B,0.012954,0.0021976,0.015886,0.060067638754844666,0.0003525990759953,0.0002741170756053
1QDL(1):A_1QDL(1):B,0.014338,0.0049149,0.022025,0.005657973699271679,0.998816967010498,0.7103376984596252
1R6O(3):B_6TPI(1):C,0.012971,0.0022409,0.015961,0.01815294474363327,0.0008248376543633,0.0742644667625427
6OK1(1):B_3AV0(1):B,0.012976,0.0022573,0.015997,0.07199164479970932,0.0011370893334969,0.0004841256304644
3PUF(3):G_1XG2(1):A,0.01306,0.0021701,0.015879,0.023982884362339973,0.0002792897576,0.0002649840898811
2BUY(1):A_2BUY(1):B,0.023933,0.0030402,0.036953,0.005863020196557045,0.998430073261261,0.973935842514038
3NYB(1):A_6JCK(1):B,0.012974,0.0021672,0.015953,0.20953771471977234,0.000482259580167,0.0024901882279664
3A5Z(1):D_6HUL(1):A,0.013021,0.00238,0.016004,0.19570527970790863,0.3148727118968963,0.0005600567092187
3TND(1):B_2PTT(1):A,0.013011,0.0022095,0.015902,0.10140285640954971,0.000339203106705,0.0002188924700021
7RAG(1):A_3M6M(1):B,0.012952,0.0022213,0.015901,0.3987598717212677,0.0003490470407996,0.0003990228578913
3H0W(1):A_6OK1(1):A,0.012964,0.0021698,0.015937,0.42105457186698914,0.0004921000800095,0.0002888233575504
5XE3(1):E_2WP0(1):C,0.012961,0.0022089,0.015923,0.004243500996381044,0.0007651737541891,0.0003210579743608
3ZDM(1):E_6WEG(1):C,0.013149,0.002245,0.016215,0.04172377660870552,0.0018370627658441,0.0044037885963916
4ZIR(1):B_6PNQ(1):B,0.013137,0.0021942,0.015892,0.10282491892576218,0.0003207116678822,0.000227800788707
7MWR(1):B_2XZ0(2):D,0.013581,0.0028931,0.016093,0.1648230105638504,0.0003635136235971,0.0009744123090058
3A5Z(1):D_6CP9(4):G,0.012954,0.0022176,0.015918,0.25211119651794434,0.0019474073778837,0.0024947964120656
1TY4(1):D_6XZ6(1):B,0.012983,0.0022432,0.015939,0.8207676410675049,0.0010396200232207,0.0002559310232754
5JW9(1):A_1TY4(1):D,0.013727,0.0026208,0.017775,0.02239047922194004,0.0014573697699233,0.0001969369914149
4NL9(2):D_4C4K(1):T,0.013057,0.0022419,0.015987,0.024809107184410095,0.0004031048156321,0.0281150136142969
3MB2(2):I_3MB2(2):L,0.01349,0.0023044,0.016866,0.010857263579964638,0.9990328550338744,0.9398162364959716
5B64(1):A_3TVT(1):A,0.013042,0.0021858,0.018006,0.010410666465759277,0.9988627433776855,0.8801602721214294
2IYB(2):B_4BY6(2):C,0.012934,0.0021726,0.015928,0.05787641182541847,0.0010031521087512,0.0030993963591754
3EXE(2):E_3H0W(1):A,0.012948,0.0021781,0.015915,0.07163198292255402,0.0012947631767019,0.0380947850644588
6OD1(1):A_5E3E(1):A,0.012965,0.0022033,0.015905,0.015328224748373032,0.0052725155837833,0.0009373400826007
3IEY(1):A_6DRH(4):H,0.012982,0.0022164,0.015904,0.18009494245052338,0.0004562941903714,0.0003172028809785
5MW9(2):F_1Q7L(3):A,0.012976,0.0022229,0.015886,0.17125609517097473,0.0006034433026798,0.0002616264682728
5ZB2(1):A_5ZB2(1):B,0.012939,0.0027961,0.016151,0.01456519216299057,0.0011342845391482,0.8144515156745911
5K8J(1):B_4KBQ(1):A,0.013015,0.0021763,0.016385,0.10431655496358871,0.0003155680315103,0.0004828815290238
3LKX(1):A_3LKX(1):B,0.012978,0.0021707,0.019191,0.025168614462018013,0.9968761205673218,0.384257048368454
2XTS(1):D_3EXE(2):E,0.013042,0.0027168,0.01599,0.09756749123334885,0.0004091208684258,0.0001949653378687
1QDL(1):B_6KM7(1):A,0.012946,0.0022033,0.015923,0.019139019772410393,0.0003936009015887,0.0004896554746665
5CK3(1):B_3ZDM(1):F,0.01301,0.0022103,0.018818,0.014718148857355118,0.0006973492563702,0.0022533454466611
1TY4(1):D_4ZK7(1):W,0.01298,0.0021859,0.015919,0.1183355450630188,0.0002490358601789,0.0003508626541588
1N2D(1):A_1TFO(1):A,0.012978,0.0021945,0.015907,0.026933984830975533,0.0008721771882846,0.0022464669309556
4ZIR(1):B_1TFO(1):B,0.013248,0.0022215,0.015939,0.25793716311454773,0.0006352039636112,0.0033554972615092
6RCX(1):B_7KBJ(2):J,0.012935,0.0021905,0.016167,0.09646418690681458,0.0003235179174225,0.0003402865550015
4ZK7(1):W_6LBU(1):B,0.01296,0.002183,0.015902,0.009340403601527214,0.0003567338571883,0.0022090876009315
5YK7(1):D_5Y26(1):B,0.012937,0.0021732,0.01592,0.004181540571153164,0.0005623511970043,0.002140816533938
6POL(2):D_1TQY(4):H,0.013043,0.0021938,0.016218,0.008748240768909454,0.0003717240761034,0.0002556659164838
5Y26(1):A_5UIW(1):B,0.012955,0.0021995,0.016068,0.029741855338215828,0.0003564175567589,0.0003143309731967
2ZQK(2):D_5MW9(2):G,0.012944,0.0023049,0.01606,0.12055882066488266,0.0007290741777978,0.0004169739841017
6VW9(1):A_6OK1(1):A,0.01301,0.0021668,0.015914,0.05916917324066162,0.0002477574162185,0.000310493283905
4V02(1):B_4V02(1):C,0.017235,0.0031263,0.020025,0.280894935131073,0.0017053863266482,0.04036495834589
3LBX(1):B_6RCX(1):A,0.012937,0.0022068,0.015881,0.15161606669425964,0.0002393872127868,0.0001496194017818
6HPB(1):B_2IDO(2):D,0.013053,0.0022244,0.016224,0.028170691803097725,0.0061013577505946,0.0004855333245359
3GQI(1):B_3A0R(1):B,0.01304,0.0021876,0.015904,0.22002772986888885,0.0004384422209113,0.0004185141006018
5MW9(2):G_6OD1(1):B,0.012959,0.0023406,0.015942,0.024342333897948265,0.0005032763583585,0.0005274105351418
1GKA(1):B_6X0A(15):o,0.012927,0.0021895,0.015907,0.15802520513534546,0.0004562143876682,0.0002404598635621
7EXZ(2):A_5YK7(1):D,0.012935,0.0021731,0.015889,0.015261737629771233,0.0002535019884817,0.0003368715406395
6AKM(1):B_6IB8(1):A,0.01299,0.0021873,0.015953,0.0050348639488220215,0.0002706297964323,0.0009053749381564
4FXE(1):B_4XA9(8):H,0.012927,0.0021858,0.015901,0.587115466594696,0.0002990090870298,0.0002224059717264
3Q4H(2):A_7UM4(1):A,0.012958,0.0024015,0.015933,0.23349565267562866,0.0003428484778851,0.0001588338782312
4BY6(2):B_4KBQ(1):A,0.013061,0.002181,0.015916,0.018364010378718376,0.0079851644113659,0.0019731214269995
4EXP(1):A_3GQI(1):B,0.013087,0.0022382,0.016077,0.1388455480337143,0.0019873457495123,0.0034155647736042
6WEG(1):C_3Q4H(2):A,0.01298,0.0021983,0.01721,0.2473004162311554,0.000227943965001,0.0032816396560519
3IEY(1):A_3IEY(1):B,0.012991,0.020094,0.016018,0.034964658319950104,0.9990129470825196,0.9477111101150512
5ERG(1):B_4BY6(2):C,0.012928,0.0021906,0.016228,0.036185942590236664,0.0086494218558073,0.828257143497467
2QAG(1):A_6TUN(2):B,0.012957,0.0022508,0.015932,0.13345758616924286,0.0003889711224474,0.004095974843949
6NKL(1):A_1TFO(1):B,0.012993,0.0025673,0.015894,0.020740745589137077,0.0033265550155192,0.0036838005762547
5OF3(1):D_6TI2(1):B,0.012921,0.0021778,0.015901,0.08145682513713837,0.0058665592223405,0.0009201965294778
2XTS(1):C_6XRW(1):A,0.013039,0.0022043,0.016132,0.5161643624305725,0.0004083128005731,0.0004488342674449
4C4K(1):T_6XOD(1):B,0.01294,0.0021678,0.015861,0.012792645022273064,0.000758783891797,0.0006150514236651
7UM4(1):A_2IDO(2):C,0.013025,0.0022802,0.01599,0.004730222746729851,0.0003754113859031,0.0002391419839113
6F45(1):D_7ENH(1):A,0.012913,0.0021756,0.015871,0.20009250938892365,0.0006477716378867,0.0007308793719857
5XE3(1):E_4V02(1):C,0.01313,0.00222,0.015911,0.017700280994176865,0.0008704395731911,0.0018477505072951
2ES4(3):E_7VKB(1):B,0.012942,0.0021763,0.016086,0.07381650805473328,0.0009001597645692,0.0003368333273101
6MAF(1):C_1RP3(4):G,0.012946,0.0022095,0.015963,0.24889476597309113,0.0007467534160241,0.001060128211975
6F45(1):A_3F1I(1):H,0.018635,0.0027343,0.015944,0.028042687103152275,0.0002703997597564,0.0002378100325586
6MAF(1):C_4TPS(2):D,0.012919,0.0021694,0.015883,0.22969982028007507,0.0021705136168748,0.0023032047320157
3A5Z(1):D_4TMA(2):J,0.013833,0.0024712,0.015919,0.12481405586004257,0.0021023913286626,0.5808151960372925
6GJE(1):D_2IYB(2):B,0.012941,0.0021709,0.015879,0.1501300036907196,0.0008572636870667,0.0014535498339682
4CYJ(2):F_4TMA(2):F,0.012964,0.0021781,0.015912,0.025536341592669487,0.027289755642414,0.0007251736242324
6TRI(1):B_3LKX(1):B,0.012972,0.0021766,0.015897,0.05025554075837135,0.0075543522834777,0.0002537271066103
6XRW(1):B_3V6I(1):A,0.01339,0.0025752,0.016752,0.2706037759780884,0.2080638408660888,0.0019508833065629
5C6D(1):C_7V5Z(1):D,0.012933,0.0030197,0.015886,0.1380208283662796,0.0003432040684856,0.0007253529620356
3V6I(1):B_3A0R(1):A,0.017471,0.0023704,0.016087,0.1557735949754715,0.0021161143667995,0.0981069803237915
2XTS(1):D_3Q4H(2):A,0.014017,0.0023224,0.019055,0.03359534963965416,0.0002615907869767,0.0010078859049826
6TUN(2):B_3CDK(1):C,0.012959,0.0021674,0.015923,0.020196888595819473,0.0002358336641918,0.0008070574258454
4BFI(1):A_6IB8(1):A,0.012998,0.0021862,0.015899,0.0203892532736063,0.000405992323067,0.0001782935578376
7KBJ(2):I_7FAD(2):C,0.012917,0.0021826,0.015874,0.014641163870692253,0.004643811378628,0.0025714258663356
4WW9(1):B_7RAG(1):B,0.012946,0.0022277,0.015906,0.022406287491321564,0.0022267594467848,0.030744669958949
2XQN(1):A_4BFI(1):A,0.013018,0.0021726,0.015891,0.02497682347893715,0.0010539346840232,0.0015733233885839
5B64(1):B_7BY3(1):D,0.012922,0.0021696,0.015889,0.027861058712005615,0.0004290524229872,0.0003960345929954
7VD7(1):B_6B12(2):B,0.01298,0.002274,0.015927,0.26463353633880615,0.0004901464562863,0.0015942528843879
1TY4(1):D_6PNQ(1):A,0.013012,0.0021861,0.015898,0.05524645745754242,0.0007057292968966,0.000394207338104
4TMA(2):F_6XRW(1):B,0.012994,0.0022134,0.016066,0.08913641422986984,0.0015965240309014,0.0017503299750387
3AV0(1):B_3WXX(4):G,0.013203,0.0021907,0.01632,0.031497567892074585,0.0030305883847177,0.0005935409571975
2ZP9(1):G_2ZP9(1):J,0.014201,0.0022281,0.015859,0.02285642921924591,0.0022723423317074,0.1317644566297531
6GJE(1):A_2QAG(1):B,0.012941,0.0021752,0.015911,0.020162217319011688,0.0002726405218709,0.0004247898177709
5XE3(1):E_1G73(2):D,0.013021,0.002198,0.015939,0.04729895666241646,0.0002485943550709,0.0002062857383862
3A0R(1):B_2IYB(2):B,0.012945,0.0021964,0.015944,0.06100176274776459,0.0002639895537868,0.0003178088809363
6IB8(1):C_4CXF(1):A,0.01305,0.0022617,0.018827,0.08008883148431778,0.0086711188778281,0.0178411081433296
5CTR(1):C_5E3E(1):A,0.01294,0.0021741,0.0159,0.080586738884449,0.000719227886293,0.0011715195141732
2YC4(1):D_4QX8(2):D,0.01303,0.0022017,0.015896,0.00996898952871561,0.0005714189028367,0.0010340213775634
6TPI(1):A_1N2D(1):C,0.013148,0.0022109,0.015874,0.042407214641571045,0.0003405470051802,0.000648430082947
5B64(1):B_5UIW(1):A,0.013014,0.0022324,0.015889,0.10356687009334564,0.0002582049928605,0.0003293570189271
6NXF(1):B_5CK3(1):A,0.012972,0.0021991,0.016181,0.01570979878306389,0.0029215824324637,0.0294136200100183
6AKM(1):A_6AKM(1):B,0.18349,0.0094032,0.016662,0.12559542059898376,0.009718176908791,0.6122428178787231
2IDO(2):C_2IDO(2):D,0.013078,0.0022065,0.037304,0.23674803972244263,0.0032618928235024,0.0010966005502268
6NXF(1):B_5NT7(1):D,0.012927,0.0021741,0.015955,0.04615342989563942,0.0007045029778964,0.0174797307699918
5E3E(1):B_1Q7L(3):A,0.012933,0.002194,0.015964,0.09512686729431152,0.0002635162963997,0.0004858425527345
5CK3(1):B_6KPD(1):C,0.014358,0.0022454,0.016218,0.02918902412056923,0.0008744398364797,0.0008250569808296
1LGH(2):K_2FOI(1):B,0.012942,0.0022214,0.015869,0.009147610515356064,0.0003239892248529,0.0002723445941228
4PJ2(2):B_4PJ2(2):C,0.01317,0.0026926,0.026414,0.01701396517455578,0.0221147369593381,0.5204595923423767
3HUG(6):I_3HUG(6):J,0.013876,0.0025221,0.32752,0.16663537919521332,0.9989307522773744,0.9809601306915284
2PMS(2):D_4CYJ(2):F,0.013017,0.0022304,0.015931,0.05703152343630791,0.0009999502217397,0.000745803292375
5ZB2(1):A_5YK7(1):C,0.012923,0.002185,0.015894,0.015984706580638885,0.0022316339891403,0.0821584463119506
2CG5(1):B_3TND(1):B,0.013154,0.0027444,0.016034,0.08397133648395538,0.0026642275042831,0.0007992495084181
7V5Z(1):D_7EXZ(2):B,0.012966,0.0023548,0.016023,0.004679796285927296,0.000446512363851,0.0229052249342203
3R84(19):V_5Y26(1):B,0.013521,0.0021968,0.016048,0.08780205249786377,0.0026197074912488,0.0249643456190824
6CP9(4):H_7V5Z(1):D,0.013144,0.02562,0.017078,0.005490688141435385,0.0011720268521457,0.0219718720763921
3PUF(3):I_1OFH(1):G,0.012963,0.0021915,0.015876,0.22488310933113098,0.0003056984569411,0.0028497618623077
2IDO(2):D_6YJP(1):C,0.012973,0.002183,0.015881,0.03105803020298481,0.0003879754804074,0.0003067684883717
6TPI(1):A_5B64(1):B,0.012939,0.0022001,0.015907,0.017253421247005463,0.0005933435168117,0.0009210263960994
7VD7(1):B_5C6D(1):C,0.013006,0.98184,0.015854,0.04203910380601883,0.0007719682180322,0.0017345215892419
6KML(1):C_6KML(1):D,0.012971,0.36899,0.016006,0.2860701382160187,0.9982303977012634,0.0090475222095847
2Y9X(2):F_3X37(1):A,0.013002,0.0021859,0.016046,0.04746576398611069,0.001417851424776,0.0075286235660314
3OEI(1):B_3A0R(1):B,0.012973,0.0022094,0.015965,0.019799208268523216,0.0002887489972636,0.0006100842147134
3F1I(1):S_1QDL(1):B,0.012993,0.0022223,0.015873,0.0539722703397274,0.0002660237369127,0.0004068931739311
5K8J(1):B_4ZK7(1):W,0.012939,0.0021703,0.017603,0.04541685804724693,0.002785266842693,0.0046364115551114
6KZA(2):D_2Y9X(2):B,0.012938,0.0021997,0.015904,0.031878236681222916,0.0043338448740541,0.0001971085148397
3MB2(2):I_4DGW(1):A,0.012969,0.0021749,0.015956,0.014834457077085972,0.0008365139365196,0.0002338977501494
7VKB(1):B_6X0A(15):O,0.012965,0.0022307,0.016065,0.05630559101700783,0.0018621500348672,0.0010688396869227
3M7F(1):A_2XTS(1):D,0.012961,0.0021794,0.015925,0.17505286633968353,0.0002566183393355,0.0002000149834202
3NQZ(1):B_3LBX(1):A,0.012968,0.0022017,0.015924,0.08637438714504242,0.0003691540332511,0.0004104064137209
6U08(2):D_2Y9X(2):F,0.013128,0.0021916,0.016139,0.17676052451133728,0.0012147178640589,0.003762760432437
5MC9(1):B_3A0R(1):A,0.014018,0.0023923,0.016118,0.013132828287780285,0.0042762751691043,0.0006728704320266
4XA9(8):H_4XA9(8):h,0.01471,0.0021867,0.015881,0.00957033596932888,0.998066246509552,0.0022987273987382
2ZP9(1):J_5J4A(1):B,0.013001,0.0024127,0.015888,0.048028506338596344,0.0007424657233059,0.0007412006380036
2PTT(1):A_6TI2(1):E,0.013216,0.002275,0.017243,0.4308011829853058,0.0044259526766836,0.0015346623258665
6F4J(2):B_2XZ0(2):D,0.01296,0.0022092,0.016016,0.12358234077692032,0.0003000082215294,0.0027371176984161
6TI2(1):B_6TI2(1):E,0.012935,0.0021962,0.015911,0.030559178441762924,0.0012593234423547,0.0017156931571662
5J4A(1):A_3NQZ(1):A,0.012987,0.0022068,0.016234,0.00258266762830317,0.005387466866523,0.1164346858859062
5CK3(1):B_7ENH(1):B,0.01295,0.0021791,0.015891,0.2589642107486725,0.0029705734923481,0.0029581713024526
4PJ2(2):B_2DS2(2):D,0.012953,0.0021817,0.015974,0.008502583019435406,0.0017582989530637,0.0013484366936609
4CXF(1):B_3MB2(2):L,0.012966,0.0022826,0.015971,0.27424442768096924,0.0027415740769356,0.0638637840747833
6U08(2):D_2PMS(2):D,0.012921,0.0022034,0.015874,0.033770788460969925,0.0004104760300833,0.0013171070022508
2HZS(5):H_6KPD(1):B,0.012976,0.0021872,0.015922,0.16755402088165283,0.9964334964752196,0.0090938154608011
1Z6O(1):O_3CDK(1):D,0.013007,0.0021844,0.016223,0.04131477326154709,0.0002115746610797,0.0005481881089508
3ZDM(1):F_6M2I(1):A,0.012987,0.0021769,0.015926,0.02642839588224888,0.0003592736029531,0.0003293306799605
6F4J(2):B_7BY3(1):D,0.012923,0.0021822,0.015871,0.07255083322525024,0.000281144370092,0.0002844214031938
3QVG(2):A_2PTT(1):A,0.013179,0.0022185,0.015877,0.021542759612202644,0.000352391245542,0.0001356860302621
4CC4(3):F_5XE3(1):E,0.012954,0.0022114,0.015897,0.03398774191737175,0.0003142842033412,0.0002465253055561
6BSC(1):A_1SV0(2):B,0.012998,0.0021821,0.015898,0.18498174846172333,0.0010724830208346,0.000323463929817
2ES4(3):B_2ES4(3):E,0.013,0.0065137,0.019971,0.008604574017226696,0.0123854763805866,0.017286043614149
4UDM(1):B_2DS2(2):C,0.012939,0.010737,0.015978,0.009390362538397312,0.0072912201285362,0.0502930246293544
1QDL(1):A_4KBQ(1):C,0.012938,0.0021992,0.0159,0.008721824735403061,0.000493673433084,0.0005241790204308
1SV0(2):D_4WW9(1):B,0.012997,0.0021959,0.015908,0.014048870652914047,0.0005209195660427,0.0009658561903052
4WWR(3):D_1Q7L(3):A,0.012944,0.0022058,0.015916,0.3113146424293518,0.0015566102229058,0.0007419830071739
7VKB(1):B_2XTS(1):C,0.013799,0.0021926,0.016029,0.011703825555741787,0.0064020194113254,0.0233843680471181
2YC4(1):B_3CJH(2):I,0.01304,0.0024163,0.019812,0.22480332851409912,0.0004849817196372,0.0001759301812853
5YK7(1):D_5KEV(1):B,0.012933,0.0021848,0.016019,0.06554137170314789,0.0004983437247574,0.0006298015359789
5CFF(1):A_3H0W(1):A,0.013274,0.0021986,0.015873,0.2890104353427887,0.0002592642558738,0.0005951421335339
3HUG(6):J_3H0W(1):B,0.012986,0.0022373,0.015901,0.014416022226214409,0.0002960742276627,0.0008236822905018
6M2I(1):B_5MU7(1):B,0.012925,0.0021668,0.015884,0.27338072657585144,0.0006170950946398,0.0002200106391683
6TRI(1):A_2R6A(1):B,0.013194,0.0028494,0.018696,0.017838995903730392,0.0012850024504587,0.0020401768852025
4QMF(2):B_6F45(1):A,0.012957,0.0021722,0.015885,0.036798641085624695,0.000205868971534,0.0001717041013762
3A5Z(1):C_1OFH(1):G,0.013151,0.0023313,0.018248,0.16688647866249084,0.0003286729042883,0.002103520091623
5CTR(1):C_2XZ0(2):D,0.013018,0.0023418,0.016052,0.020992210134863853,0.000326139939716,0.0005974158993922
4QX8(2):C_7P99(1):C,0.01334,0.0022151,0.0159,0.016581930220127106,0.04407973960042,0.018072061240673
5WRV(1):A_2XTS(1):C,0.012958,0.0021978,0.015947,0.5298395752906799,0.0024368274025619,0.0005334289162419
5WRV(1):B_6HPB(1):B,0.012973,0.0021742,0.01597,0.03120614029467106,0.0044828141108155,0.0002313936856808
1XG2(1):A_2J9U(1):B,0.012966,0.0021694,0.015889,0.09469891339540482,0.0003936592547688,0.000396817777073
1Q7L(3):A_4EXP(1):X,0.012933,0.002183,0.015874,0.021819572895765305,0.0009262630483135,0.0017943494021892
1TFO(1):A_4NWR(4):AT,0.012951,0.0021856,0.015947,0.04616127163171768,0.0008114192751236,0.0007805129280313
4TPS(2):C_3F1I(1):S,0.012994,0.0023031,0.015875,0.004956754855811596,0.0092838015407323,0.0007415302679874
6D0H(1):A_5JNO(1):A,0.012953,0.0021873,0.015957,0.13380780816078186,0.0005681095062755,0.0039771627634763
2ZQK(2):B_5E3E(1):B,0.013619,0.0022002,0.017228,0.20411810278892517,0.9096252918243408,0.0403350926935672
2Y9X(2):B_6GJE(1):A,0.013008,0.0022476,0.016277,0.15319135785102844,0.0004902768414467,0.0002293185825692
4QX8(2):D_2PMS(2):D,0.013034,0.0022611,0.016071,0.005054978653788567,0.0007697322289459,0.000654898234643
4NL9(2):D_4Y66(2):C,0.01297,0.002244,0.015918,0.22427111864089966,0.0004784083284903,0.0008251187391579
1TQY(4):H_5OW5(1):A,0.013317,0.0021865,0.015991,0.03252505138516426,0.0002034545323112,0.0002640351303853
5K8J(1):A_6F45(1):D,0.01294,0.0022456,0.016059,0.1913718432188034,0.0005302016506902,0.0017470987513661
5MC9(1):C_5NUS(1):A,0.012956,0.0023746,0.015942,0.0049345772713422775,0.0003032551612704,0.0008450094610452
6TRI(1):A_4BFI(1):A,0.012995,0.0022085,0.015929,0.004576253239065409,0.0004682876751758,0.0002191840176237
6KZA(2):D_3WXX(4):G,0.012952,0.0022161,0.015916,0.05129767209291458,0.0086194705218076,0.0044945674017071
1Q5R(1):H_2PTT(1):A,0.012993,0.0021952,0.015878,0.09615226089954376,0.0002494645596016,0.0001228848559549
5E3E(1):B_6F45(1):A,0.014258,0.006768,0.01679,0.140145406126976,0.0007979585207067,0.2450813800096511
6MAF(1):C_3EXE(2):H,0.012956,0.0021776,0.015899,0.007234307937324047,0.0003466059861239,0.0006804881850257
6KML(1):D_2FOI(1):D,0.012952,0.0022794,0.016178,0.026062501594424248,0.998977780342102,0.0007031333516351
5MC9(1):B_6IB8(1):C,0.012944,0.0022075,0.015871,0.035619184374809265,0.000358236109605,0.000551973877009
6BZF(2):D_5HY3(1):B,0.012934,0.0021816,0.015881,0.03993382304906845,0.000847668678034,0.0187190361320972
3EXE(2):E_1GKA(1):B,0.012948,0.0021901,0.015891,0.14154361188411713,0.0002485789591446,0.0002131969085894
4WWR(3):D_4KBQ(1):A,0.013182,0.0022079,0.016275,0.06591015309095383,0.012246829457581,0.0035568245220929
5CTR(1):C_5OF3(1):D,0.012932,0.0021748,0.015903,0.07293954491615295,0.0003804247244261,0.0002155569090973
6X0A(15):O_2Y9X(2):B,0.012948,0.0021893,0.016205,0.13956347107887268,0.000730934436433,0.0002487091114744
3BEG(1):A_6BZF(2):D,0.012978,0.0021743,0.016045,0.022612743079662323,0.0002673734270501,0.000775811553467
6GW6(1):B_4WWR(3):D,0.012927,0.002184,0.015931,0.1773241013288498,0.9983006119728088,0.6942273378372192
1Q5R(1):A_7ETR(1):A,0.012969,0.002198,0.015932,0.3291463553905487,0.0002558027044869,0.0005879126838408
4V02(1):C_4BFI(1):A,0.012966,0.0021851,0.015908,0.01262593548744917,0.0003402362635824,0.0001681546418694
1TY4(1):D_2YC4(1):B,0.012933,0.0022024,0.015913,0.09424358606338501,0.0018052866216748,0.0014845089754089
4EXP(1):A_5MPO(1):C,0.012935,0.0021904,0.015919,0.026679890230298042,0.0005067270249128,0.0046778200194239
2R6A(1):B_6XOD(1):B,0.012952,0.0021777,0.015931,0.12683863937854767,0.0002178100839955,0.0012874177191406
3IEY(1):B_2DS2(2):D,0.012915,0.0021628,0.015864,0.03520723432302475,0.0002624994667712,0.0005034054047428
3CJH(2):J_2CG5(1):A,0.012936,0.0021928,0.015968,0.16529709100723267,0.000528163393028,0.0003233023453503
3PUF(3):H_5KEV(1):B,0.012931,0.0021993,0.015961,0.009251913987100124,0.0021132102701812,0.0002937103563454
5J1L(1):A_4TPS(2):C,0.012958,0.0023324,0.015962,0.014117294922471046,0.0038452642038464,0.0045112529769539
3PUF(3):I_6U3W(1):B,0.012992,0.0021827,0.015953,0.0836353451013565,0.0012488282518461,0.0012814885703846
6U08(2):D_2IYB(2):F,0.01299,0.0021757,0.015853,0.010453927330672741,0.0002698709722608,0.000268756353762
7MWR(1):A_1QDL(1):B,0.013,0.0023688,0.015907,0.014202930964529514,0.0005037361406721,0.0131273120641708
3TND(1):A_6AKM(1):B,0.012966,0.0021898,0.015913,0.25569868087768555,0.0002335300523554,0.0039277714677155
6L5K(1):A_7LA5(1):B,0.012941,0.0021768,0.01592,0.007992930710315704,0.0002881456457544,0.0002320007624803
4WWR(3):D_4WWR(3):C,0.57127,0.0050697,0.12926,0.6365197896957397,0.0024868538603186,0.0181525629013776
3QVG(2):A_5NT7(1):C,0.012939,0.0021767,0.015902,0.32365769147872925,0.0041863587684929,0.0110971042886376
5J1L(1):A_5J1L(1):B,0.11683,0.18703,0.020622,0.01694018580019474,0.9983141422271729,0.9747870564460754
6XRW(1):B_5YXY(1):D,0.013432,0.0021919,0.016048,0.20629073679447174,0.0002534002414904,0.0007585504208691
5CTR(1):C_6WEG(1):C,0.012983,0.0021868,0.0159,0.07863427698612213,0.0003754722420126,0.0003324933059047
4BFI(1):A_2XTS(1):D,0.012955,0.0021919,0.015935,0.023728445172309875,0.0005152556695975,0.0003164725203532
1N2D(1):A_1N2D(1):C,0.012977,0.20315,0.31873,0.01762235164642334,0.9990547299385072,0.983796775341034
3NQZ(1):A_4QX8(2):D,0.012941,0.0021886,0.015946,0.04021653160452843,0.0013236330123618,0.000336146185873
7FAD(2):C_7FAD(2):D,0.012978,0.0021724,0.015919,0.19659270346164703,0.998095691204071,0.0190368574112653
6GJE(1):D_6F45(1):A,0.027486,0.016613,0.015957,0.01727692410349846,0.0007815462886355,0.0021740184165537
3EXE(2):H_4PJ2(2):C,0.012937,0.0021805,0.015895,0.05458030104637146,0.0003407507902011,0.0003659554640762
1SV0(2):D_5CK3(1):B,0.013116,0.0022103,0.015943,0.10144472867250443,0.0006572313141077,0.0005624463665299
6M2I(1):A_6NXF(1):B,0.012921,0.0021647,0.015932,0.00912551674991846,0.0003862787561956,0.0001536810450488
6JCK(1):B_5NUS(1):A,0.013539,0.0021842,0.01593,0.08145201206207275,0.0005947239696979,0.0006385530577972
3CJH(2):I_6D0H(1):B,0.012932,0.0021916,0.015906,0.08315233141183853,0.0019644736312329,0.0001991538883885
5K8J(1):B_3NYB(1):A,0.012919,0.0021783,0.015935,0.04541721194982529,0.000255405466305,0.0004594723286572
3IEY(1):A_1H3O(2):D,0.01293,0.0021998,0.015901,0.11048080772161484,0.0006225185352377,0.0001706503535388
4TPS(2):C_4TPS(2):D,0.012926,0.0021845,0.016045,0.5512179732322693,0.0057532540522515,0.0076380707323551
3TVT(1):B_3PUF(3):G,0.013295,0.0022279,0.015987,0.015491112135350704,0.0025871228426694,0.0025456654839217
5J4A(1):A_5J4A(1):B,0.012986,0.0024804,0.015927,0.015181804075837135,0.1570215076208114,0.0004571962927002
3CJH(2):J_4Y66(2):D,0.012929,0.0022432,0.015894,0.04654437303543091,0.0004577939980663,0.000577729078941
4PJ2(2):C_6B12(2):B,0.012927,0.0022393,0.015912,0.032960738986730576,0.04380414634943,0.0122040500864386
6LBU(1):B_3V6I(1):A,0.01294,0.0021772,0.015946,0.027877021580934525,0.0002996774564962,0.0014176786644384
2ZP9(1):G_6R3S(1):A,0.012959,0.0023409,0.01599,0.042574118822813034,0.0004199966788291,0.0011401621159166
6JCK(1):A_5AUP(1):I,0.013013,0.0022511,0.015921,0.28878235816955566,0.0002745420788414,0.0002637299185153
4CYJ(2):D_2R6A(1):C,0.012933,0.0021732,0.015928,0.06790846586227417,0.0004808467347174,0.0012951282551512
4ZQU(1):A_6BSC(1):B,0.013115,0.0021787,0.015896,0.013275173492729664,0.0832875147461891,0.0523507334291935
2PT7(1):D_3L4B(1):B,0.016508,0.0023271,0.016459,0.6435608863830566,0.0007950538420118,0.9815067052841188
2VUS(2):J_5XE3(1):A,0.012963,0.0022436,0.015879,0.09374645352363586,0.0003537109587341,0.0003930121019948
5ZB2(1):A_5B64(1):A,0.01298,0.0021681,0.015942,0.18224427103996277,0.0004767591599375,0.0013284106971696
3H0W(1):A_2XTS(1):C,0.012932,0.0021706,0.01597,0.01101252157241106,0.0007439034525305,0.0003480174927972
5JNO(1):B_3LBX(1):A,0.013476,0.0022876,0.016192,0.0515352338552475,0.0010101122315973,0.0015117962611839
3H0W(1):B_7P99(1):A,0.012947,0.0022049,0.015889,0.027367273345589638,0.0024087973870337,0.0022139563225209
5XKJ(1):C_4KBQ(1):A,0.013178,0.0021758,0.015881,0.07246905565261841,0.0006372134084813,0.0007054102607071
7DG5(1):B_5NUS(1):B,0.013011,0.0021817,0.015931,0.02485661767423153,0.0007919294876046,0.0012348126620054
4WWR(3):C_1H3O(2):D,0.62613,0.0044121,0.049006,0.022047927603125572,0.0018964679911732,0.0024200147017836
3ZDM(1):F_3A0R(1):A,0.013269,0.0022912,0.016168,0.10370803624391556,0.0002477104426361,0.0005400401423685
3FGC(2):C_5J4A(1):A,0.012962,0.0021958,0.015906,0.15487590432167053,0.0002925134613178,0.0005014536436647
2CG5(1):B_6R3S(1):A,0.013172,0.0022514,0.021045,0.010387906804680824,0.0002634137927088,0.0031628098804503
6MAF(1):A_2YC4(1):B,0.012924,0.0021646,0.015872,0.2373773753643036,0.0003966825897805,0.0005821459926664
5MW9(2):F_4Y66(2):D,0.050878,0.0035564,0.018237,0.3881072700023651,0.0015823104185983,0.0068334531970322
6B12(2):B_4DGW(1):B,0.012924,0.0021967,0.015896,0.6501972675323486,0.0005382284871302,0.0008516564848832
2Y3N(1):C_3GQI(1):A,0.012964,0.0022028,0.015919,0.006519935093820095,0.0002481988631188,0.0003108421515207
4TPS(2):C_6F45(1):A,0.01294,0.0022849,0.015923,0.12819455564022064,0.0004175262874923,0.0131232533603906
4TMA(2):F_7DG5(1):B,0.012937,0.002179,0.015982,0.15693365037441254,0.0107293659821152,0.0006466780323535
6COJ(1):B_4ZQU(1):A,0.012928,0.0022763,0.015949,0.025301961228251457,0.000270690448815,0.0009062686585821
7ETR(1):A_6KM7(1):C,0.012945,0.0022572,0.041424,0.027226274833083153,0.0002497646783012,0.00028191684396
5NT7(1):C_5NT7(1):D,0.013255,0.0026852,0.016087,0.294376015663147,0.0007353681721724,0.0261851716786623
6KPD(1):B_5HY3(1):A,0.014145,0.0022089,0.0159,0.052543167024850845,0.6469473838806152,0.0006168907275423
1GKA(1):B_5IBW(1):A,0.013051,0.0021887,0.015912,0.16913510859012604,0.0015781515976414,0.0013138032518327
3FGC(2):C_3FGC(2):D,0.019358,0.0057572,0.37602,0.0059737260453403,0.9990262985229492,0.9901723861694336
7DG5(1):B_6GW6(1):B,0.012922,0.0021806,0.015928,0.07998842000961304,0.0006417477852664,0.0005263674538582
4Y66(2):C_2CG5(1):A,0.012931,0.0021931,0.015895,0.44697609543800354,0.0004902044311165,0.0007959566428326
6U08(2):C_6LBU(1):B,0.012992,0.0021843,0.015939,0.017875365912914276,0.0009750838507898,0.2178586274385452
2XZ0(2):D_4UDM(1):A,0.012993,0.0021974,0.016011,0.6102896332740784,0.0002612450916785,0.0011200950248166
3QVG(2):B_2IYB(2):B,0.012929,0.0022056,0.015867,0.011455024592578411,0.000829406955745,0.0142140844836831
6VW9(1):A_3LBX(1):A,0.01295,0.0021677,0.015895,0.08638351410627365,0.0005074384971521,0.0010575599735602
5CK3(1):B_5MU7(1):A,0.014004,0.0021826,0.015947,0.3312363922595978,0.0013401678297668,0.0397087410092353
3AMJ(1):B_5AUP(1):A,0.013087,0.0022877,0.016008,0.06697292625904083,0.0003216048353351,0.0003410009958315
3V6I(1):A_6TPI(1):A,0.027545,0.0039003,0.016461,0.08980249613523483,0.0005604748148471,0.0016151621239259
6KML(1):C_6BZF(2):C,0.013052,0.022169,0.01607,0.18115636706352234,0.012500331737101,0.0011126518948003
6POL(2):D_4ZQU(1):B,0.012962,0.0022524,0.015871,0.05843188241124153,0.0028643093537539,0.001227683853358
6CP9(4):G_4FXE(1):B,0.012949,0.0022055,0.015937,0.01640867255628109,0.059564996510744,0.0017711451509967
5ERG(1):A_2IYB(2):B,0.012933,0.0021735,0.015901,0.23181836307048798,0.0003628993872553,0.0004611522017512
6XOD(1):A_6XOD(1):B,0.013008,0.0021753,0.015883,0.14900906383991241,0.0005500739789567,0.0006297141662798
6KZA(2):D_5OF3(1):D,0.013007,0.0022178,0.015937,0.029283033683896065,0.0003763100248761,0.0004584306152537
5HY3(1):B_4FXE(1):B,0.012943,0.0023435,0.015912,0.45872586965560913,0.0004326902562752,0.0038386560045182
6D0H(1):A_5J1L(1):A,0.012953,0.0021764,0.01598,0.06544621288776398,0.0003635119355749,0.0003071138053201
4BY6(2):C_4TMA(2):F,0.012931,0.0021764,0.015919,0.022715093567967415,0.0013283981243148,0.0005901656695641
3EXE(2):H_6TPI(1):A,0.01396,0.0089226,0.015927,0.08815663307905197,0.0002219136949861,0.0002449125458952
6YJP(1):A_2VDW(4):H,0.012963,0.0022193,0.015899,0.11553008109331131,0.0056093288585543,0.0012899719877168
7EXZ(2):B_2PTT(1):A,0.012936,0.002222,0.01587,0.003983429633080959,0.0009042963501997,0.0008388202404603
3PUF(3):H_6D0H(1):B,0.012962,0.0021794,0.015882,0.019225630909204483,0.0098875742405653,0.0004273472295608
6B12(2):D_2CG5(1):A,0.012965,0.0057782,0.015929,0.04016612097620964,0.0011697058798745,0.0023863804526627
6U08(2):C_6U08(2):D,0.013001,0.0022673,0.016166,0.02551502361893654,0.1126462817192077,0.8978350162506104
4PJ2(2):B_7V5Z(1):D,0.012969,0.0021779,0.015961,0.21063284575939178,0.0008469719323329,0.0006823701551184
6JCK(1):B_5K8J(1):A,0.012963,0.0021909,0.015923,0.019134964793920517,0.0002834198530763,0.0002270931727252
7FAD(2):C_3PUF(3):H,0.013074,0.0021885,0.015989,0.25318092107772827,0.9977916479110718,0.1689977794885635
5CTR(1):A_7ETR(1):A,0.012962,0.0021761,0.015953,0.45756086707115173,0.0007775274571031,0.0005807965644635
6F4J(2):B_6F4J(2):D,0.012932,0.0021986,0.016062,0.08185938000679016,0.0019915122538805,0.2653075158596039
5MU7(1):A_5MU7(1):B,0.013305,0.0022942,0.016477,0.034761443734169006,0.0197071488946676,0.398887038230896
4EXP(1):A_3NQZ(1):A,0.01293,0.0021962,0.015907,0.10120304673910141,0.0004472961882129,0.000356118340278
6GJE(1):D_6NXF(1):B,0.01293,0.0022778,0.016037,0.00793335773050785,0.0156074604019522,0.0030717579647898
5MW9(2):F_3BEG(1):B,0.012959,0.002245,0.016613,0.017443809658288956,0.0006340318359434,0.0004709462518803
3PUF(3):I_5IBW(1):C,0.013167,0.0022367,0.015869,0.13017120957374573,0.0003101775655522,0.0025099290069192
5ERG(1):B_3FGC(2):C,0.012971,0.0021774,0.015905,0.00635607959702611,0.0003952809493057,0.0008739770273678
6B12(2):D_6TUN(2):B,0.012934,0.00218,0.015931,0.017424367368221283,0.0006314329802989,0.0005269874236546
4FXE(1):B_2ES4(3):B,0.012916,0.0021818,0.016035,0.036263465881347656,0.0004938838537782,0.0004511656588874
5ERG(1):A_5NUP(1):A,0.012917,0.0021957,0.0159,0.005080822389572859,0.0002855122147593,0.0002877182269003
5NUP(1):D_5XE3(1):E,0.012937,0.0022091,0.016017,0.3885639011859894,0.0018687655683606,0.0012195899616926
7VKB(1):A_1TFO(1):A,0.01299,0.0021867,0.015948,0.6281009912490845,0.6410620212554932,0.0075503312982618
6L5K(1):A_7BY3(1):D,0.012927,0.002167,0.015911,0.025978917255997658,0.0002943623985629,0.0002402430545771
7V5Z(1):B_7V5Z(1):D,0.013123,0.046671,0.016352,0.007530583068728447,0.9989332556724548,0.9788662791252136
1LGH(2):J_3PUF(3):G,0.01314,0.0025657,0.015887,0.7250413298606873,0.000283871719148,0.0002826572454068
3OEI(1):B_4CXF(1):A,0.013442,0.0031258,0.016601,0.2260180115699768,0.0047136489301919,0.9391998648643494
4BFI(1):B_2WP0(1):C,0.012954,0.002188,0.015882,0.07672370225191116,0.0008335968013852,0.0002907293383032
2XZ0(2):D_2ZQK(2):B,0.013097,0.0021924,0.016012,0.14977121353149414,0.0003229188441764,0.0011624502949416
3L4B(1):B_7C96(1):B,0.013053,0.0022063,0.019308,0.012787708081305027,0.0002423795376671,0.0005197243299335
3F1I(1):H_6HUL(1):A,0.012955,0.0021884,0.015876,0.3159424662590027,0.0002204925840487,0.0002298211620654
2XZ0(2):D_5YXY(1):A,0.013653,0.0022212,0.016328,0.09892092645168304,0.0067143207415938,0.0008433113689534
5XE3(1):E_1Q7L(3):A,0.01295,0.0022109,0.016175,0.015658054500818253,0.0005073165521025,0.0002326404792256
4CXF(1):B_5E3E(1):A,0.012952,0.0022341,0.015939,0.6064465045928955,0.0008436011848971,0.0002928664616774
5B64(1):A_6DRH(4):G,0.012948,0.002168,0.015898,0.016019612550735474,0.0003319868119433,0.0002905270666815
3A0R(1):B_6VW9(1):A,0.012962,0.002168,0.015883,0.04406176134943962,0.0007849771063774,0.0006392356008291
7FAD(2):C_1XG2(1):B,0.013082,0.0021902,0.015909,0.047271013259887695,0.0003366792225278,0.0012645352398976
5NT7(1):C_3ZDM(1):E,0.012969,0.0022291,0.015984,0.04195249825716019,0.0018222174840047,0.0019163487013429
6XZ6(1):A_4KBQ(1):C,0.015382,0.002216,0.016085,0.027108876034617424,0.0040164040401577,0.0058343382552266
5MC9(1):B_5MC9(1):C,0.63489,0.30977,0.77739,0.12242624163627625,0.0037513361312448,0.0212887711822986
7LA5(1):B_6TRI(1):A,0.012929,0.0021752,0.015916,0.010924733243882656,0.0002548834308981,0.000280824751826
5WRV(1):A_5WRV(1):B,0.013052,0.0021973,0.015958,0.08402644097805023,0.038921482861042,0.0111059034243226
7FAD(2):C_6B12(2):B,0.012918,0.0021797,0.015872,0.22339259088039398,0.0005916133522987,0.0017450274899601
7RAG(1):A_3M6M(1):E,0.012943,0.0022165,0.015905,0.15372119843959808,0.0003377444227226,0.0002753185108304
6HUL(1):A_5MPO(1):C,0.012976,0.00224,0.016271,0.3689853847026825,0.9988295435905457,0.0006401113350875
6GND(2):D_4TPS(2):D,0.013025,0.0024516,0.01588,0.2660600543022156,0.0064916522242128,0.0031018119771033
6X0A(15):o_6CP9(4):G,0.012956,0.0021866,0.015933,0.03569592535495758,0.0046628201380372,0.0014521289849653
5JW9(1):A_5JW9(1):B,0.01316,0.0022742,0.015987,0.018971238285303116,0.3558042049407959,0.1892853677272796
3LBX(1):A_7EXZ(2):A,0.012943,0.0021798,0.015871,0.020326972007751465,0.000283375789877,0.000233299069805
5CTR(1):A_6POL(2):C,0.013445,0.0021997,0.016008,0.056239064782857895,0.0006433841772377,0.0044253896921873
7VKB(1):B_4Y66(2):C,0.01294,0.0022018,0.015983,0.030854329466819763,0.0021581149194389,0.0013045675586909
1QDL(1):B_6VW9(1):B,0.012948,0.0021804,0.015883,0.2235555201768875,0.0002422217658022,0.0006311110919341
2XTS(1):C_2XTS(1):D,0.014171,0.0040856,0.017673,0.14594869315624237,0.9988756775856018,0.610503613948822
7EXZ(2):B_5AUP(1):A,0.012963,0.0022018,0.016071,0.12894117832183838,0.0003576751041691,0.000504873227328
6LBU(1):A_1G73(2):B,0.012949,0.0021905,0.015905,0.07502369582653046,0.0011598609853535,0.0023543154820799
7DG5(1):B_3AMJ(1):A,0.012936,0.0021747,0.01591,0.23394079506397247,0.0002405935665592,0.0002404573169769
1TY4(1):D_2IDO(2):D,0.01297,0.0021917,0.015949,0.18917754292488098,0.0007222765125334,0.0110227204859256
3PUF(3):H_4CC4(3):F,0.012953,0.002187,0.015977,0.015406675636768341,0.0010005125077441,0.012678038328886
7BY3(1):D_6GJE(1):A,0.012915,0.0021738,0.015911,0.40231332182884216,0.000237100481172,0.0002041595289483
1TQY(4):G_5OW5(1):A,0.013924,0.0021936,0.015968,0.46430984139442444,0.0002079665573546,0.0002268758835271
6M2I(1):A_5XKJ(1):C,0.012965,0.0021781,0.015956,0.07321691513061523,0.0007868961547501,0.0001545263949083
7UM4(1):A_5KEV(1):A,0.013013,0.0022153,0.015873,0.09138123691082001,0.0006143018836155,0.0003376396489329
2PT7(1):D_2PT7(1):H,0.021337,0.0022808,0.016496,0.01388577651232481,0.0044680363498628,0.2150627970695495
5ZB2(1):B_6CP9(4):H,0.012935,0.002224,0.015899,0.1125444546341896,0.0005284975632093,0.002217506757006
2IDO(2):C_3LBX(1):B,0.012969,0.002233,0.016044,0.03624626249074936,0.0002568026538938,0.0002814031322486
2PMS(2):B_2PMS(2):D,0.012953,0.0021728,0.015918,0.05595538392663002,0.0013911393471062,0.0021916660480201
5B64(1):A_5B64(1):B,0.012975,0.002178,0.015945,0.023220939561724663,0.0013719210401177,0.0302692577242851
6B12(2):D_7EXZ(2):B,0.013084,0.0023203,0.016017,0.027908502146601677,0.0124780479818582,0.2962255775928497
3BEG(1):B_5XE3(1):E,0.013304,0.0022208,0.015924,0.008453081361949444,0.0008296244195662,0.0005806232802569
2XQN(1):A_2XQN(1):T,0.013192,0.0022204,0.015888,0.026020750403404236,0.010968848131597,0.0018587090307846
4X33(1):B_1GKA(1):A,0.012928,0.0022347,0.016377,0.007903607562184334,0.0018873699009418,0.0003751010517589
1SV0(2):B_5JW9(1):B,0.012969,0.002295,0.015933,0.22918421030044556,0.0005088660982437,0.0039666704833507
1GKA(1):A_5CTR(1):C,0.012945,0.0021901,0.015932,0.18905304372310638,0.0006510618841275,0.0003821423160843
5NUP(1):A_6Y4L(1):A,0.013051,0.0022157,0.01602,0.09897127002477646,0.0003593786095734,0.0002566746261436
2BUY(1):B_3QVG(2):A,0.01293,0.0022165,0.015948,0.009274977259337902,0.0013094266178086,0.0002164963516406
6XOD(1):A_3AV0(1):A,0.013603,0.002181,0.015886,0.022226370871067047,0.0003535666619427,0.0003815148374997
2CG5(1):A_3EXE(2):H,0.013018,0.0021764,0.015905,0.012578219175338745,0.0003737628285307,0.0003335699439048
6U3W(1):A_6U3W(1):B,0.013312,0.0021952,0.58162,0.11061705648899078,0.0031020890455693,0.7977034449577332
4WWR(3):D_3HUG(6):I,0.013567,0.0022545,0.023147,0.07602214068174362,0.0995311588048935,0.0047082738019526
3ZDM(1):E_1Z6O(1):O,0.012978,0.0022199,0.016462,0.1559465229511261,0.0006380161503329,0.0050559043884277
4KBQ(1):A_3LKX(1):B,0.013082,0.0022282,0.01589,0.03557155653834343,0.019649863243103,0.0092975618317723
5JNO(1):A_4ZQU(1):B,0.012954,0.0021864,0.015944,0.04540566727519035,0.0026007846463471,0.0782129764556884
4CXF(1):A_5J4A(1):B,0.012965,0.0022107,0.015985,0.08447533845901489,0.0005804963293485,0.0002165991754736
7VKB(1):A_6LBU(1):A,0.012944,0.0021864,0.016011,0.023377111181616783,0.0011363881640136,0.0007936893962323
3A0R(1):A_5YK7(1):D,0.012932,0.0021898,0.01594,0.22302331030368805,0.0002815214975271,0.0003913282125722
6RCX(1):B_6BZF(2):C,0.01297,0.0027692,0.01603,0.3441471457481384,0.0004756264097522,0.0002634206030052
2PMS(2):D_6PNQ(1):B,0.013108,0.0021879,0.015904,0.010330995544791222,0.0008926661685109,0.0039156735874712
2IDO(2):D_4QMF(2):B,0.012966,0.0021751,0.015901,0.03631190210580826,0.002280201530084,0.0051548182964324
1TQY(4):G_5YXY(1):A,0.01365,0.0023574,0.016446,0.014362726360559464,0.0002977499971166,0.0016811601817607
4BFI(1):A_6YJP(1):A,0.63857,0.008345,0.023095,0.15762491524219513,0.9987164735794068,0.129633292555809
7DMA(1):B_6D0H(1):A,0.012929,0.0021776,0.015933,0.01870737224817276,0.0060040419921278,0.0505252331495285
6R3S(1):B_7BY3(1):C,0.012953,0.002197,0.01593,0.014265341684222221,0.0002528524200897,0.0006157681928016
3AMJ(1):B_1T3E(1):P,0.012941,0.0021957,0.01589,0.6915309429168701,0.0003167438553646,0.0005410845624282
2DS2(2):D_4BY6(2):B,0.012911,0.0021635,0.015891,0.04178260266780853,0.0004011983401142,0.0004516874323599
2WP0(1):A_6GW6(1):B,0.012939,0.0022079,0.015943,0.029185228049755096,0.0038859674241393,0.0025224473793059
2QAG(1):A_6VW9(1):B,0.012975,0.0021863,0.015885,0.2515411078929901,0.0004583633563015,0.0016665768343955
6COJ(1):A_6COJ(1):B,0.029525,0.22469,0.020327,0.03763025626540184,0.998666763305664,0.9547677040100098
5JNO(1):B_3LKX(1):B,0.01295,0.002186,0.015909,0.13163749873638153,0.0036521952133625,0.0030348098371177
6POL(2):C_4BFI(1):B,0.10668,0.0022532,0.016567,0.0600849986076355,0.0148083409294486,0.0018138454761356
4QX8(2):D_2BUY(1):A,0.012978,0.0022277,0.015992,0.19554367661476135,0.0090167121961712,0.000663140323013
5ERG(1):B_5WRV(1):B,0.013072,0.0021865,0.01594,0.25145766139030457,0.0032367955427616,0.0006053774850443
5Y26(1):B_7FAD(2):D,0.013133,0.0021775,0.0161,0.010740039870142937,0.0020627276971936,0.0006780576077289
6BZF(2):D_3AV0(1):B,0.013411,0.0022952,0.016239,0.03201018273830414,0.0021605510264635,0.0007479670457541
3F1I(1):H_3F1I(1):S,0.77117,0.0055549,0.02316,0.09722449630498886,0.9989579916000366,0.0742522627115249
5ERG(1):B_6DRH(4):H,0.012964,0.0022563,0.015912,0.007450358010828495,0.000307827576762,0.0009429366909898
7VKB(1):B_2CG5(1):A,0.01294,0.002236,0.015938,0.004052512813359499,0.001958915265277,0.002105800434947
2BUY(1):B_6POL(2):C,0.013116,0.0022896,0.015948,0.34989556670188904,0.0008307060925289,0.000241489848122
2R6A(1):B_5XKJ(1):C,0.01294,0.0021761,0.015877,0.061958909034729004,0.0002670075919013,0.0002843601105269
2ZQK(2):D_7ENH(1):B,0.012979,0.0022037,0.015947,0.23368580639362335,0.0017621566075831,0.0045065996237099
7EXZ(2):A_5CTR(1):A,0.013331,0.0021709,0.017964,0.022475184872746468,0.0003250857407692,0.0002597675193101
2BUY(1):B_1H3O(2):C,0.012959,0.0022206,0.015901,0.07940911501646042,0.0007092295563779,0.0001371870894217
5WRV(1):A_5NUP(1):D,0.012999,0.0022361,0.015985,0.14676818251609802,0.0010946413967758,0.0004512018058449
1G73(2):B_6U08(2):C,0.012923,0.0021869,0.015921,0.3392965495586395,0.0073187276721,0.0016506095416843
4WWR(3):C_6D0H(1):B,0.012964,0.004866,0.015911,0.07188092172145844,0.0137126753106713,0.0029680591542273
5E3E(1):A_2HZS(5):H,0.012926,0.0021871,0.015883,0.09223581850528717,0.0004067521949764,0.0005819388898089
3QVG(2):A_3QVG(2):B,0.012957,0.0022345,0.019362,0.052880216389894485,0.9987959861755372,0.0165557246655225
6TUN(2):B_3M6M(1):E,0.01296,0.0021843,0.015967,0.3037872612476349,0.0014679072191938,0.0023418497294187
2PT7(1):H_6D0H(1):B,0.012982,0.0021838,0.015905,0.026170119643211365,0.0054742721840739,0.0003813637304119
2CG5(1):B_6POL(2):C,0.013225,0.0022886,0.015948,0.03813185542821884,0.0002824002585839,0.0065916669555008
2CG5(1):B_2IDO(2):D,0.013042,0.0022259,0.016389,0.0047165085561573505,0.0004240785201545,0.0018970210803672
5XKJ(1):C_4NWR(4):AS,0.01292,0.0021796,0.01587,0.04250378534197807,0.0007736941915936,0.0006710232119075
5MW9(2):G_2Y0N(1):E,0.013052,0.0026003,0.018086,0.047969914972782135,0.0006877069827169,0.0003385708550922
3LBX(1):A_3LBX(1):B,0.30612,0.36388,0.40309,0.022159211337566376,0.0339620597660541,0.9364194869995116
7VD7(1):B_3HUG(6):I,0.01308,0.0023077,0.015934,0.03433523699641228,0.0004539676592685,0.0003692261816468
5CK3(1):A_4ZIR(1):B,0.013104,0.0022129,0.015895,0.03389231115579605,0.0002461190160829,0.000161204196047
6R3S(1):A_2PT7(1):H,0.012962,0.0021887,0.01595,0.2989921569824219,0.000561099674087,0.0004229640471749
3TND(1):B_4C4K(1):T,0.013001,0.0021726,0.015933,0.29891717433929443,0.0004140854871366,0.0007648745086044
4FXE(1):B_3F1I(1):H,0.012948,0.0023228,0.016002,0.2652653753757477,0.0002608259965199,0.0003367456665728
2IYB(2):B_4X33(1):B,0.012952,0.0021941,0.018254,0.35028141736984253,0.0009692286257632,0.0009584721410647
3F1I(1):S_5UIW(1):A,0.01299,0.0022281,0.015992,0.029953457415103912,0.0002277805760968,0.0002241137844976
2J9U(1):B_3HUG(6):I,0.013087,0.0021932,0.015952,0.12060648202896118,0.000368841458112,0.0004486202378757
6RCX(1):B_6TI2(1):E,0.013066,0.0022763,0.015934,0.06267402321100235,0.0002854931517504,0.0001764353219186
3Q4H(2):B_2PMS(2):B,0.012933,0.0021761,0.015919,0.009540424682199955,0.0004533410246949,0.0002067179011646
3A0R(1):A_6KPD(1):B,0.013019,0.0021782,0.047107,0.005350556690245867,0.0060654138214886,0.0006997848395258
1QDL(1):B_6LBU(1):B,0.012941,0.0021943,0.015895,0.4806712865829468,0.0003251647576689,0.0105005195364356
5XE3(1):A_2J9U(1):A,0.012955,0.0022077,0.015927,0.030534328892827034,0.0004880541237071,0.0028987661935389
6JCK(1):A_1Z6O(1):O,0.012937,0.0021981,0.015931,0.11164325475692749,0.000260108790826,0.0003473103570286
6KM7(1):A_7VD7(1):A,0.012975,0.0022036,0.015905,0.01928820088505745,0.0008324221125803,0.0005701581249013
7C96(1):A_4BY6(2):B,0.012932,0.0022168,0.015913,0.283422589302063,0.0115528013557195,0.0010753943352028
6BSC(1):A_6PNQ(1):A,0.012943,0.0022008,0.015893,0.5360527038574219,0.0003777990350499,0.0262348297983407
1QDL(1):A_1XG2(1):A,0.012973,0.0021757,0.015927,0.0995049700140953,0.0004096722987014,0.0004520518123172
4WWR(3):D_7C96(1):B,0.013066,0.0022335,0.016056,0.07905340939760208,0.0015270203584805,0.001117808627896
2QAG(1):B_5Y9W(1):C,0.013568,0.0021992,0.015923,0.079132579267025,0.0006766259321011,0.0002688176173251
3CDK(1):D_6L5K(1):B,0.01296,0.0021928,0.015954,0.14184895157814026,0.000210486119613,0.0001210503178299
3MB2(2):L_4CXF(1):A,0.01315,0.0022636,0.016053,0.2677426040172577,0.0007236037636175,0.0884609520435333
3MB2(2):L_6VW9(1):B,0.012953,0.0021804,0.015916,0.007364538963884115,0.0006369602051563,0.000218457338633
5B64(1):A_1T3E(1):B,0.013072,0.0022025,0.015945,0.048323482275009155,0.0002177438436774,0.0043350281193852
6RCX(1):B_4WWR(3):C,0.013043,0.0022978,0.015991,0.07588709890842438,0.0003371291968505,0.0007620981778018
3L4B(1):D_5CFF(1):A,0.012979,0.0022062,0.015873,0.005684128031134605,0.000253352423897,0.0005070504848845
2CG5(1):A_6OD1(1):A,0.012974,0.0022589,0.016122,0.04969698563218117,0.0004458080802578,0.0003319184761494
6PNQ(1):A_6CP9(4):G,0.013085,0.0021867,0.015937,0.08634762465953827,0.0003123584319837,0.0025468112435191
5XE3(1):A_4Y66(2):D,0.012919,0.0021924,0.015887,0.5095729827880859,0.0009490023367106,0.0006577366730198
6NKL(1):A_3PUF(3):I,0.012954,0.0021734,0.015896,0.021778259426355362,0.0002954437222797,0.0008682249463163
2ZQK(2):B_4X33(1):B,0.012964,0.0022016,0.016191,0.1590864509344101,0.000684795610141,0.0004456689348444
4UDM(1):B_3BEG(1):B,0.012964,0.0023969,0.016019,0.02592691406607628,0.0004182576958555,0.3805574178695678
3F1I(1):S_4DGW(1):B,0.012992,0.0025251,0.015881,0.008535254746675491,0.0049260081723332,0.000901615130715
4TMA(2):F_4TMA(2):J,0.013926,0.0029876,0.061749,0.2637935280799866,0.0018111012177541,0.2577924132347107
6D0H(1):B_6BSC(1):A,0.012919,0.0021736,0.015897,0.003059173235669732,0.0007954199099913,0.0001265991013497
6DRH(4):H_1XG2(1):B,0.012944,0.0022346,0.01674,0.011698081158101559,0.0004569782176986,0.0023647535126656
7LA5(1):A_4TMA(2):J,0.012993,0.0021798,0.015948,0.31201422214508057,0.0002321979118278,0.0002456513175275
4XA9(8):h_2CZV(1):D,0.012936,0.0021846,0.015891,0.22745056450366974,0.0003318687959108,0.0005389613215811
2PMS(2):B_2DS2(2):D,0.013004,0.0022162,0.016336,0.05735834315419197,0.0097672175616025,0.1930659562349319
1QDL(1):B_2HZS(5):G,0.012932,0.0021779,0.015886,0.1037597507238388,0.0005237646983005,0.0017256956780329
6Y4L(1):B_2IYB(2):F,0.012943,0.0021881,0.015872,0.22998590767383575,0.0002859511005226,0.0011215251870453
5MC9(1):B_4WW9(1):A,0.013007,0.0021839,0.015881,0.0323617085814476,0.0031524759251624,0.0011159259593114
1LGH(2):K_3X37(1):B,0.012973,0.002278,0.015853,0.10546421259641647,0.0006143873324617,0.0002862110268324
2IYB(2):F_2YC4(1):D,0.014523,0.0021907,0.024146,0.11807502806186676,0.998869001865387,0.0024002047721296
2IYB(2):B_6F45(1):D,0.012936,0.0021705,0.015994,0.25351908802986145,0.0003125907969661,0.0036713890731334
3F1I(1):S_3A0R(1):B,0.01314,0.0022781,0.016056,0.03529772534966469,0.0004651835770346,0.0005443055997602
2Y9X(2):B_1OFH(1):A,0.012964,0.0021779,0.015901,0.015927618369460106,0.0005584179307334,0.0002568452327977
2IYB(2):B_7KBJ(2):J,0.012952,0.0021749,0.016002,0.6490691900253296,0.0024505578912794,0.000199904985493
5HY3(1):A_2DS2(2):D,0.012913,0.0021653,0.015867,0.02509574219584465,0.0003007636987604,0.0003558341122698
6XOD(1):B_5WRV(1):A,0.013165,0.002187,0.015913,0.11906963586807251,0.0179477278143167,0.0029657473787665
6HPB(1):A_5ZB2(1):A,0.012917,0.002187,0.015891,0.3516841530799866,0.0002940900158137,0.0004579107335302
5Y9W(1):C_3M6M(1):E,0.012936,0.0022357,0.015864,0.055980827659368515,0.0002626935020089,0.0001362246985081
6AKM(1):A_5CTR(1):C,0.012941,0.0021921,0.015889,0.04239509627223015,0.0006513386615552,0.0007953027379699
3OEI(1):D_6XOD(1):B,0.012942,0.002173,0.016008,0.0036955156829208136,0.0003186425892636,0.0007624958525411
5JNO(1):A_4XA9(8):h,0.012954,0.0021818,0.015922,0.008615767583251,0.0124690849334001,0.010210933163762
3QVG(2):B_6X0A(15):O,0.012931,0.0022199,0.015981,0.010790383443236351,0.0005232382682152,0.0001680427667452
4WWR(3):D_3CJH(2):J,0.030585,0.0028746,0.035919,0.05732204020023346,0.0013837334699928,0.0002138379932148
7BY3(1):D_7UM4(1):B,0.012971,0.0021768,0.015956,0.17456281185150146,0.0017194115789607,0.0008411516901105
3L4B(1):B_3L4B(1):D,0.026813,0.041157,0.042964,0.08194134384393692,0.9989864230155944,0.8079012036323547
5CTR(1):A_1G73(2):D,0.013071,0.0021815,0.01595,0.07416708767414093,0.0008846294949762,0.0069824876263737
5XE3(1):E_6Y4L(1):B,0.012936,0.0022093,0.015988,0.275683730840683,0.0003842869773507,0.0004393693816382
7VD7(1):A_6KM7(1):C,0.013126,0.0023292,0.015977,0.004121716599911451,0.0024111347738653,0.0002907282323576
6OD1(1):A_6RCX(1):A,0.012977,0.0022922,0.01601,0.002593361074104905,0.0012828930048272,0.0007919971249066
6L5K(1):B_5J1L(1):B,0.012987,0.0021906,0.01595,0.047897420823574066,0.0004356417921371,0.0002577674167696
6LBT(1):A_3GQI(1):B,0.013024,0.0021702,0.01588,0.5969638228416443,0.0034629232250154,0.0005984043818898
3A0R(1):A_6XOD(1):B,0.012932,0.0021777,0.01589,0.49060994386672974,0.000242548296228,0.0008602847810834
1R6O(3):B_3A5Z(1):C,0.013028,0.0022246,0.016795,0.07367793470621109,0.0003650903818197,0.5087306499481201
5Y9W(1):B_2XTS(1):C,0.012938,0.0022,0.015896,0.23852595686912537,0.0007762223249301,0.0001685734896454
4FXE(1):E_6D0H(1):B,0.012937,0.0022234,0.015978,0.08006947487592697,0.9985623955726624,0.0116619663313031
7KBJ(2):I_6AKM(1):B,0.012949,0.002237,0.015873,0.026622939854860306,0.0003932442632503,0.0004637451202142
6L5K(1):B_4BFI(1):B,0.01298,0.0021839,0.015896,0.26754969358444214,0.000626262219157,0.0004296861879993
4QX8(2):D_1QDL(1):A,0.012989,0.002188,0.015917,0.19605503976345062,0.009078960865736,0.0006930632516741
5CK3(1):B_6KM7(1):A,0.015634,0.0022829,0.016356,0.462564080953598,0.0014188463101163,0.0008958601974882
6XZ6(1):A_5CFF(1):F,0.012933,0.0021825,0.015891,0.0029861885122954845,0.0032231674995273,0.0100116189569234
1XG2(1):A_4DGW(1):B,0.012941,0.0021804,0.015873,0.011068521067500114,0.0007839062600396,0.0005952436476945
7MWR(1):A_4WW9(1):A,0.012928,0.0022048,0.015991,0.005215007811784744,0.0132431760430336,0.0023517219815403
7VKB(1):A_7VKB(1):B,0.013072,0.0022258,0.016092,0.24563346803188324,0.9984918832778932,0.3891409933567047
3WXX(4):G_3WXX(4):H,0.012999,0.0022028,0.015967,0.040372561663389206,0.0008764676167629,0.0016218069940805
3CDK(1):D_1TQY(4):H,0.01677,0.010747,0.12013,0.05149884521961212,0.0002292012213729,0.0006709758890792
4PJ2(2):B_1GKA(1):B,0.013007,0.0021776,0.028395,0.025926128029823303,0.0026076771318912,0.0049311039038002
5KEV(1):B_4V02(1):C,0.013002,0.0022673,0.015947,0.005670091137290001,0.0460610687732696,0.0002686418592929
7DG5(1):B_4PJ2(2):B,0.012929,0.0021691,0.0159,0.012961799278855324,0.0003270974848419,0.0005292481509968
2XTS(1):D_6TRI(1):B,0.013063,0.0022073,0.016005,0.01261613704264164,0.0004739830619655,0.0002766124380286
3PUF(3):H_6GW6(1):A,0.012918,0.0021717,0.01591,0.1386728733778,0.0024134353734552,0.0003925299970433
1R6O(3):B_4TPS(2):D,0.012955,0.0022041,0.015941,0.22775252163410187,0.0012577921152114,0.0948276817798614
3NYB(1):A_4ZK7(1):E,0.012931,0.0021819,0.015903,0.05343418940901756,0.0002399328950559,0.0003224208194296
4EXP(1):A_6AKM(1):A,0.012944,0.002238,0.016158,0.6142949461936951,0.0024801676627248,0.0013448271201923
4NWR(4):AT_7LA5(1):A,0.013067,0.0021797,0.017012,0.0324486643075943,0.00039705861127,0.0002049934118986
4ZQU(1):B_3L4B(1):D,0.012999,0.0022002,0.01597,0.016913002356886864,0.0013340526493266,0.001870346488431
6YJP(1):C_6YJP(1):A,0.63137,0.029753,0.022094,0.2489815354347229,0.9987290501594543,0.2099031955003738
