pair,PLMDA-PPI
8CCQ(1):B_8BRS(1):A,0.0210522338747978
9IKB(1):B_8ZHT(1):A,0.0002565870527178
9RMM(1):A_8FBD(1):B,0.0005454404163174
9MZ5(1):B_8FUL(1):B,0.0419122986495494
9KUE(1):A_9GCO(1):C,0.0071642436087131
9I25(1):A_9B7D(1):B,0.0004994950722903
9L7W(1):B_8I3F(1):B,0.0010940628126263
8J4B(1):A_8J4B(1):B,0.0006704636034555
9U8Q(1):A_8I3F(1):A,0.0002616047859191
8TWD(1):C_8RYI(1):B,0.0006975040887482
30KX(1):E_9ILT(1):C,0.0017473025945946
9ZCS(1):B_9ZCS(1):A,0.0161524787545204
8T9P(1):B_8Y96(1):A,0.0033178755547851
8IE2(1):A_8ONW(1):D,0.000628447625786
8PFC(1):B_8PFC(1):A,0.0004605881113093
8J64(1):B_8J64(1):A,0.2094085812568664
8R7D(1):B_8R7A(1):A,0.0025806436315178
9W3A(1):E_9PCA(1):A,0.0002764197415672
8QL1(1):A_9NTO(1):B,0.0005061402334831
8WT4(1):B_9F26(1):C,0.0004989890148863
8CCQ(1):B_9U8R(1):A,0.0007638368988409
8GKO(1):C_8S83(1):B,0.6333543062210083
9ZLL(1):F_8BWV(1):B,0.0007665652083232
8IH8(1):C_8GM8(1):B,0.0001604715798748
8J64(1):B_8FZZ(1):A,0.0005037949304096
8EY4(1):A_9H9V(1):C,0.4259659945964813
9EA8(1):A_8YRE(1):A,0.0003517862351145
8U6H(1):A_9K3E(1):C,0.0021854056976735
8PU3(1):C_8PU3(1):A,0.6082379221916199
8STU(1):A_9VLL(1):B,0.0003892565437126
9GZQ(1):B_8STS(1):B,0.0008321274071931
8U45(1):C_9P1C(1):A,0.0034220193047076
9LPG(1):A_9H9V(1):E,0.0006620017811655
8Y2Z(1):B_9K1U(1):B,0.0002629155060276
9EYU(1):B_8RP2(1):AAA,0.0021913833916187
9BAE(1):B_8RP0(1):CCC,0.0028894983697682
8G0P(1):B_9BAE(1):A,0.0010929534910246
9DD1(1):A_9JM8(1):A,0.9423446655273438
9ZEE(1):B_9ZEE(1):A,0.0200645066797733
8IGD(1):B_8CN3(1):B,0.0100519508123397
8YN0(1):C_9H9V(1):G,0.0017886875430122
9VZC(1):A_8I3E(1):B,0.0003186146786902
9ZCS(1):A_9VNJ(1):B,0.0004184476565569
9OMD(1):C_8Y2Z(1):A,0.0001927189732668
8S83(1):B_8S1X(1):A,0.0034390809014439
8RIU(1):B_9BAE(1):A,0.0105176111683249
9BT4(1):B_8RPP(1):D,0.0001705903268884
9H9V(1):F_8Y2Z(1):B,0.0098438914865255
8XSU(1):C_9NTO(1):A,0.0009519490995444
8FUM(1):D_8C26(1):A,0.1728204190731048
8I8Y(1):B_8Q66(1):B,0.0005967893521301
9IZ3(1):A_9H7Y(1):B,0.0015098496805876
9C10(1):A_8PEL(1):G,0.0003245685948058
9CCK(1):A_8FUL(1):B,0.0456053763628006
9C10(1):A_9MYT(1):B,0.0001963982649613
9NSD(1):G_8QHN(1):A,0.0005796749610453
9BGL(1):B_9T38(1):A,0.0202778056263923
9H5R(1):B_9U8R(1):A,0.0005151554360054
8I3E(1):B_9BKX(1):d,0.0001444483059458
8C0D(1):B_8HXI(1):A,0.0002015125064644
9FN0(1):B_8P9U(1):C,0.001302231918089
8OWU(1):D_8STS(1):B,0.0018618308240547
9KUE(1):B_8S05(1):A,0.0007138467044569
8YNX(1):B_9K3E(1):C,0.0136188184842467
8U6G(1):B_8U6G(1):A,0.7964625358581543
8Z22(1):B_9VZC(1):A,0.0004142401157878
8CN3(1):B_8CN3(1):A,0.908951222896576
8SNK(1):I_9K1U(1):B,0.0002937954559456
9BT4(1):A_9LP2(1):A,0.002251589205116
9X2R(1):A_8PF5(1):C,0.0007088653510436
9HLS(1):B_9ST8(1):A,0.0006233072490431
8PEL(1):B_9VNJ(1):A,0.0001788638182915
9NSD(1):B_8JDI(1):A,0.0032198447734117
8WHL(1):E_8I3E(1):C,0.0017740170005708
8QVC(1):A_8T19(1):B,0.981115460395813
9L5U(1):C_8CM0(1):A,0.4825105369091034
8HFP(1):C_8WHH(1):A,0.0015214447630569
8PFC(1):B_9G8U(1):B,0.0003004991449415
8FZZ(1):A_9U8Q(1):G,0.0004519092326518
9JDI(1):A_8Q66(1):A,0.0439366251230239
9EAV(1):A_8CN3(1):A,0.0002852387842722
8ONW(1):B_8T19(1):B,0.0006915302947163
8S05(1):A_8G0K(1):A,0.0018859645351767
8JI9(1):A_9SDC(1):A,0.0058750780299305
9W3A(1):A_8PFC(1):B,0.0002810572623275
9I25(1):A_9G87(1):B,0.0002506473101675
8BGM(1):B_9Q1H(1):A,0.0018042240990325
9E15(1):A_9H9V(1):G,0.0002723963116295
9LPG(1):E_9ZLL(1):F,0.0024933314416557
9MOJ(1):C_8JDI(1):E,0.000465636345325
9GAI(1):B_8Y96(1):C,0.0012466753832995
9VLL(1):B_9GAI(1):B,0.0023082876577973
9KUE(1):A_8J4B(1):B,0.0010668014874681
8VUM(1):B_8K0H(1):B,0.0011541343992576
8I8Y(1):A_8I8Y(1):B,0.8584453463554382
9KUE(1):C_8J4B(1):B,0.000216041895328
9MZ5(1):C_8TWD(1):A,0.0007950841682031
8J49(1):B_9GAI(1):B,0.0004201125993859
9L6B(1):B_8SSM(1):B,0.030012272298336
9JDD(1):B_9X2R(1):A,0.0008972906507551
8IGD(1):C_9VLL(1):A,0.0007909999694675
9KO8(1):C_9IKB(1):B,0.000680505298078
8FFX(1):A_8RPP(1):D,0.0765405222773552
8G0P(1):A_9H9V(1):E,0.003143899841234
9W3A(1):E_9KZL(1):A,0.0001719452702673
8PEL(1):C_9ILT(1):G,0.000367663858924
8YNX(1):B_9IKB(1):G,0.0017207314958795
8C26(1):B_8FCC(1):B,0.0003394043305888
8WT0(1):A_8XEH(1):A,0.1560308635234832
8UF4(1):A_9E15(1):B,0.0001221201964654
9VZY(1):D_8PQQ(1):C,0.0042292214930057
9L7W(1):A_9M3I(1):D,0.0016425451030954
9VO4(1):B_8WT4(1):B,0.0292066242545843
8ZHT(1):B_8ZHT(1):A,0.7385174036026001
8HCI(1):B_8R7A(1):A,0.0004392720293253
9PCA(1):B_9EA8(1):B,0.0007052892469801
8TK9(1):B_8TK9(1):A,0.0706958994269371
9R84(1):B_9R84(1):A,0.9813272356987
8IH8(1):A_9CCV(1):A,0.0003894091350957
8RP1(1):AAA_8TK9(1):B,0.0002716084418352
9F79(1):C_9F79(1):A,0.1283707022666931
9VLL(1):B_8T9O(1):B,0.0006878282292746
8I8Y(1):A_9OMD(1):I,0.0010016470914706
8ZA7(1):B_9VZY(1):D,0.0005808064597658
9L6B(1):A_8RPP(1):D,0.000460482755443
9MZ5(1):C_9MZ5(1):B,0.9033148288726808
9FN0(1):A_9P3J(1):A,0.0001569208397995
9NSD(1):B_8GJU(1):H,0.0035401794593781
9DK1(1):A_9HAE(1):A,0.0003194209130015
8K0H(1):A_21VU(1):A,0.0010395892895758
8QL1(1):B_8CCQ(1):B,0.0002725552476476
9JM8(1):B_8ONW(1):B,0.2680522799491882
8RQZ(1):B_8CB2(1):BBB,0.0003704916452988
8S1X(1):B_8T19(1):B,0.0005015602218918
9ILT(1):F_9ILT(1):C,0.966472029685974
8J48(1):B_9P1C(1):A,0.0058301026001572
9U8Q(1):G_8K0H(1):B,0.0004923944361507
8GKO(1):C_8UAI(1):A,0.1897293925285339
9W3A(1):E_8BWV(1):A,0.0009000859572552
9ILT(1):C_8T9P(1):A,0.0006813918589614
9VO5(1):A_9JDI(1):A,0.0026045849081128
8TYS(1):A_12NP(1):C,0.0462292581796646
9ILT(1):A_11LJ(1):A,0.0001880663767224
9RGL(1):A_8UF4(1):B,0.0015189535915851
8Q03(1):A_9VO4(1):A,0.0003073279222007
8FZZ(1):A_8UF4(1):A,0.0017747115343809
9AVF(1):A_8J49(1):B,0.1516317576169967
8RP2(1):CCC_9W3A(1):E,0.2358021289110183
8ZVX(1):A_9NTN(1):G,0.0023897397331893
9KUE(1):C_9U8R(1):G,0.0001394448627252
8HDD(1):B_9P3J(1):A,0.0010012653656303
8STU(1):A_8G0K(1):A,0.0039296988397836
8JMR(1):A_8ZD3(1):A,0.0101926270872354
9E15(1):A_8T6E(1):B,0.0003060405142605
9LP2(1):A_8U6H(1):B,0.0095234299078583
9VO5(1):A_8CRA(1):A,0.000316827208735
8T19(1):A_8OUA(1):A,0.0212568193674087
9IKB(1):C_9H9V(1):C,0.0031668760348111
9WAQ(1):A_9WAQ(1):B,0.7855835556983948
8ONW(1):C_8U6G(1):A,0.0004119358491152
8PU1(1):B_8IGD(1):B,0.0007871778216212
8CCQ(1):B_8OWU(1):B,0.0006166723323985
8U6D(1):A_8JMQ(1):B,0.0120520014315843
9K3E(1):B_9RK9(1):A,0.0025167826097458
9H9V(1):G_9H9V(1):A,0.0172475855797529
9VNJ(1):A_9KZL(1):C,0.0004907537950202
8S2M(1):A_9U8R(1):A,0.0006801001145504
8ONW(1):B_8VLM(1):A,0.0003475720295682
8FUM(1):D_9PR8(1):A,0.0002840821107383
9ZLL(1):F_8VLM(1):B,0.1665961295366287
9KUE(1):C_9KUE(1):A,0.0020749161485582
8ZD3(1):A_9W3A(1):A,0.0001636612141737
8K0H(1):B_8IH8(1):A,0.0004277649568393
8JI9(1):B_8RP0(1):AAA,0.0050745522603392
8YRE(1):D_9JWA(1):A,0.0008131635840982
8WOK(1):B_8Q66(1):B,0.0020199564751237
8Y77(1):B_8Y77(1):A,0.941412627696991
9X2R(1):B_9X2R(1):A,0.9855380058288574
9KUE(1):C_9VZY(1):A,0.0003571394772734
8T6E(1):B_8HDD(1):C,0.0017558442195877
8RQZ(1):C_8BRQ(1):A,0.9135869145393372
8CB2(1):AAA_9F79(1):C,0.001037772046402
8QVC(1):B_8G0P(1):B,0.000189133483218
9BAE(1):B_9WAQ(1):B,0.0128767844289541
9RK9(1):B_9HBL(1):B,0.0007451103301718
9HAD(1):B_8R3A(1):A,0.0020901213865727
8BGM(1):B_8S83(1):B,0.008630589582026
8C26(1):B_8C26(1):A,0.9796684384346008
8I2F(1):B_8I2F(1):A,0.8839460015296936
9Q9V(1):B_9HBL(1):B,0.0005586526822298
9F26(1):A_9M3I(1):C,0.0005656421999447
9KZL(1):A_9UB9(1):B,0.0138765759766101
8Q66(1):A_9W3A(1):E,0.0006789357285015
8HDD(1):B_8STP(1):A,0.000329031900037
8Y2Z(1):B_9R2Z(1):A,0.0121607156470417
12NP(1):C_12NP(1):A,0.1861288547515869
9NTO(1):A_8FUM(1):C,0.1411050111055374
8QHN(1):D_9HLO(1):A,0.0370984897017478
9KUE(1):B_8S83(1):B,0.0018704301910474
8U6F(1):A_8YN0(1):C,0.0191029515117406
9VZY(1):D_8XT8(1):B,0.0008694573189131
9ZLL(1):E_9ZLL(1):D,0.0108562754467129
9VNJ(1):B_8R3A(1):A,0.0010314681567251
8WHL(1):E_9H9V(1):F,0.0007846857770346
9ILT(1):F_8VEO(1):B,0.0004710311186499
9BT4(1):G_9HAC(1):B,0.0076256692409515
9UB9(1):A_8T9P(1):B,0.0011071222834289
9X2R(1):B_9P1C(1):A,0.0127985412254929
9CCV(1):A_8ONW(1):B,0.0003545913205016
8QNQ(1):A_8Q2E(1):A,0.9118923544883728
9ZLL(1):F_8WT0(1):B,0.0038247345946729
9UB9(1):B_9UB9(1):A,0.9797534346580504
8IH8(1):A_8STU(1):A,0.0002919086255133
9ILT(1):E_9ZCS(1):B,0.0001932457817019
8QVC(1):B_8HHJ(1):A,0.0009755563223734
8HFP(1):C_9OLQ(1):B,0.0003960855246987
8BRT(1):A_8WHI(1):F,0.0001632338826311
8ONW(1):D_8ONW(1):E,0.9298855066299438
8PEL(1):D_9GZQ(1):A,0.000228457225603
8HR0(1):B_9GAI(1):D,0.0003854233946185
9HBL(1):B_8TYX(1):B,0.0002989902859553
8STS(1):B_8STS(1):A,0.8167496919631958
8CRA(1):E_8OUA(1):A,0.000274494435871
8BWV(1):B_8XEH(1):E,0.1390524357557296
8BRR(1):A_8I3E(1):B,0.0001660813722992
30KX(1):E_9H9V(1):E,0.0015781531110405
9U8R(1):A_8EZR(1):A,0.0010760659351944
8S1X(1):A_8GM8(1):A,0.0001979890948859
9EAV(1):D_9EAV(1):A,0.0016555135371163
9LP2(1):A_8PQQ(1):C,0.0007822597399353
8XUD(1):A_8RYI(1):B,0.0003125377406831
9U8Q(1):A_8WHM(1):B,0.0001666251191636
9LEW(1):B_9DK1(1):B,0.0006865714094601
9UVE(1):B_9U8R(1):G,0.0002786062250379
8FFX(1):B_9I25(1):C,0.0006823457661084
8BFI(1):B_8T9P(1):B,0.0002679213066585
8C0D(1):B_9HAD(1):B,0.0018049067584797
8FFX(1):A_9DK1(1):A,0.0005726513918489
9U8Q(1):G_8C4X(1):B,0.001258575823158
9L5U(1):C_9L5U(1):A,0.0009482752648182
9EAE(1):C_9X2R(1):A,0.0007734582759439
8ONW(1):B_9VZY(1):A,0.0005199056467972
9J4P(1):A_9SDC(1):C,0.000404808029998
9ZLL(1):E_8JI9(1):B,0.003714496968314
9JDD(1):B_8U6G(1):A,0.0012656081235036
8EY4(1):I_8T0P(1):A,0.0005020375247113
9ZEE(1):B_8JI9(1):B,0.0077901612967252
8YNX(1):A_9VZY(1):D,0.0008122342987917
9JM8(1):A_8J49(1):A,0.0006671926821582
9R2Z(1):A_9ST8(1):B,0.0015446359757333
8SSM(1):C_8Y96(1):C,0.0266400091350078
8BRR(1):A_8T9O(1):A,0.0024119606241583
9GCO(1):B_9V8I(1):A,0.4071226418018341
9I25(1):A_8WT0(1):A,0.0004815639113076
8VET(1):B_8RP0(1):AAA,0.0026246858760714
8BWV(1):A_9KO8(1):C,0.0003068521618843
9UVD(1):C_9H9V(1):B,0.0006449841312132
8R7A(1):A_9MNO(1):E,0.001027614576742
8QL1(1):A_9RMM(1):C,0.0003198981867171
9GZQ(1):A_8RZZ(1):C,0.0296521317213773
9UB9(1):B_8Y2Z(1):A,0.0002696839801501
9I25(1):A_9Q9V(1):A,0.0011698011076077
9EAV(1):C_9EAV(1):A,0.3679356575012207
8PEL(1):D_8K0H(1):B,0.0005111146601848
8SNF(1):D_8SNF(1):A,0.9817504286766052
9DCZ(1):A_8J64(1):A,0.0007947459816932
8C0D(1):A_9U8Q(1):A,0.0002439584204694
9OLQ(1):A_9R2Z(1):B,0.0008656229474581
9J4P(1):A_9HLO(1):B,0.0004566847055684
8P9U(1):C_8ORN(1):A,0.0015689155552536
9H9V(1):B_9L6B(1):A,0.0006111970287747
8SNF(1):D_8BRQ(1):A,0.0034946585074067
9ZCS(1):A_8PEL(1):F,0.0092850299552083
8HHJ(1):A_9EAV(1):C,0.0008262193878181
8XYF(1):A_21VU(1):H,0.0008513537468388
9X2R(1):A_8TYS(1):A,0.0002010729949688
9JWA(1):B_9HAD(1):B,0.0100259771570563
8T6E(1):B_8WOK(1):B,0.0007012221612967
8FCC(1):B_8HHJ(1):A,0.0007606394356116
8GJU(1):A_9K1U(1):C,0.0035003318917006
9H7Y(1):A_9GCO(1):B,0.0005103145376779
8PFC(1):A_9ILT(1):E,0.000218503162614
9EAV(1):C_8CN3(1):A,0.0006190062849782
8BWV(1):A_9V8I(1):B,0.0041973004117608
9EAE(1):A_9V8I(1):A,0.0035833760630339
9UTY(1):B_8G0P(1):B,0.0004324014007579
8RP0(1):CCC_9GZQ(1):A,0.0010999365476891
9FN0(1):B_8G0K(1):A,0.0004485396202653
8STS(1):A_8R7A(1):B,0.0030375202186405
8GM8(1):A_8SNK(1):B,0.0001511292502982
8BOZ(1):B_8BOZ(1):A,0.0051904930733144
9AVF(1):A_8PEL(1):E,0.0030428054742515
9L7W(1):B_8JMQ(1):B,0.0013401289470493
9RGL(1):A_8TK9(1):B,0.0002447908918838
8P9U(1):A_8I2F(1):A,0.0198846291750669
9H9V(1):A_9OLQ(1):B,0.0010883818613365
9JWA(1):B_8G0P(1):A,0.000850681157317
8WT0(1):A_8ZHT(1):B,0.0021863479632884
9PR8(1):A_8S1X(1):A,0.0002451209293212
9HAD(1):B_9GZQ(1):A,0.0042459154501557
8RYI(1):B_30KY(1):B,0.0044839829206466
8BRR(1):B_9EAV(1):A,0.0003152384597342
8YNX(1):A_8ONW(1):D,0.0013165464624762
9QAA(1):A_8SNK(1):B,0.000723693112377
9ILT(1):A_9WBE(1):A,0.0002467378799337
8T6N(1):H_8PF5(1):C,0.0005016374052502
8ONW(1):D_9HNG(1):B,0.0004073241434525
9W3A(1):A_8BRS(1):A,0.0005250295507721
9VZC(1):A_8GKO(1):A,0.001473820884712
8SJJ(1):C_9ZEE(1):B,0.0002534338273108
9ZBE(1):A_9JM8(1):B,0.0059102061204612
9S6C(1):A_9L7W(1):A,0.0557112619280815
9X2R(1):A_8PEL(1):E,0.0010605716379359
9G87(1):A_9WBE(1):D,0.0022357627749443
8UAI(1):C_8K0H(1):B,0.0001939879293786
8PF5(1):B_9F26(1):C,0.0002071869530482
8K0H(1):B_8VET(1):B,0.0006216341862455
9RK9(1):B_8S83(1):C,0.6825469136238098
8BWV(1):A_9PZK(1):B,0.0005579784628935
8I3E(1):B_9H5R(1):B,0.0003471903910394
8P9U(1):C_9JDI(1):C,0.0019788749050348
8XUD(1):I_9MYT(1):B,0.0006909851217642
8UH1(1):A_9I25(1):C,0.0004984285333193
8CRA(1):A_9QAA(1):B,0.000404699210776
8UH1(1):B_8Y77(1):A,0.0022948430851101
8VUF(1):B_9GCO(1):C,0.001521436846815
9Z7O(1):A_9Z7O(1):C,0.2991564273834228
9CCK(1):A_8XEH(1):A,0.0003599615301936
9C10(1):B_8FUM(1):D,0.0004128955188207
8K0H(1):A_9IKB(1):C,0.040242064744234
9VZC(1):A_9OLQ(1):B,0.0010137134231626
8S1X(1):B_8STU(1):B,0.0061518810689449
8HS8(1):C_8ONW(1):C,0.0026564667932689
8X3G(1):C_12NP(1):A,0.0001740855950629
8RP0(1):CCC_8U6F(1):B,0.0002446588478051
8BRQ(1):B_8U6G(1):B,0.0003784305881708
8FBD(1):B_9MNO(1):E,0.0350120700895786
9ST4(1):A_9V8I(1):B,0.0331319645047187
8RP0(1):CCC_8RP0(1):AAA,0.9243407845497132
8U45(1):C_9W3A(1):A,0.0003590910928323
8T6E(1):B_8TYX(1):A,0.0012194865848869
8PF5(1):A_9NSD(1):G,0.0005378610221669
9KZL(1):C_8T6N(1):A,0.0002648315567057
8JMR(1):B_8EZR(1):A,0.0006150074186734
8CRA(1):A_8TWD(1):C,0.0007682548603042
8U6F(1):B_9DK1(1):B,0.0013778723077848
8RP1(1):AAA_8HR0(1):C,0.0003067216894123
9BGL(1):B_9K1U(1):C,0.0003761558327823
9DK1(1):B_9DK1(1):A,0.9902279376983644
9KUE(1):C_9H9V(1):H,0.0001919646601891
8CB2(1):BBB_9HAE(1):A,0.0031624580733478
8TK9(1):A_8CM0(1):B,0.0007979680667631
8FCC(1):B_8IH8(1):C,0.0002805571421049
8I2E(1):A_8PEL(1):G,0.0004607505979947
8TK9(1):B_8YNX(1):B,0.0005706240190193
8Q66(1):A_9K1L(1):B,0.0041716923005878
8BOZ(1):B_8ZA7(1):B,0.0119203785434365
8BOZ(1):B_9M3I(1):D,0.0005935010849498
9M3I(1):A_9NTO(1):A,0.0013519787462428
8BGM(1):B_8ROH(1):A,0.0006699564983136
9PCA(1):B_9HLO(1):A,0.000503828341607
8PU3(1):C_8RP2(1):CCC,0.0009677149355411
8PU1(1):A_8OUA(1):A,0.0004962754901498
8J48(1):B_8J48(1):D,0.0006182359647937
9P3F(1):B_8P9U(1):C,0.1460313647985458
9EAV(1):D_8XT8(1):A,0.0002967366308439
8RYI(1):B_9F79(1):C,0.0002480557304807
8GMH(1):B_8I2F(1):B,0.0162440817803144
8VLM(1):B_8PEL(1):G,0.0002008359733736
9BKX(1):D_8Q66(1):B,0.0008022670517675
9V8I(1):A_9R2Z(1):A,0.0130683062598109
9JWA(1):B_8FCC(1):A,0.0002843199763447
8HHJ(1):B_9NSD(1):B,0.0380796231329441
8PU3(1):A_8HDD(1):A,0.0008648025686852
8QHN(1):D_9U8R(1):A,0.0025297536049038
9IZ3(1):B_9IZ3(1):A,0.9876109957695008
8PF5(1):A_9UDL(1):A,0.0007715218234807
8PU3(1):C_9R2Z(1):B,0.4111780822277069
8PU1(1):B_8QNQ(1):A,0.0006872077356092
9EAV(1):C_8S05(1):A,0.0012333132326602
8FFX(1):B_8ROH(1):B,0.001997266896069
8IGD(1):C_8TYX(1):B,0.0004225815937388
8YRE(1):D_8YRE(1):A,0.9917402267456056
9K1L(1):A_9P3F(1):A,0.0003469248767942
9NTN(1):G_8EZR(1):B,0.0027341581881046
9CCV(1):B_9H7Y(1):A,0.0001805468054953
9BIY(1):A_8I2F(1):B,0.0141654852777719
9UDL(1):A_9EAV(1):C,0.0004240947018843
9ZDM(1):B_8BFI(1):B,0.0010937752667814
9GCO(1):B_8XTA(1):A,0.0005001802346669
9GWJ(1):D_8YN0(1):C,0.0032002588268369
8WT4(1):B_8WT4(1):A,0.7358757257461548
8T6C(1):C_8WHI(1):A,0.0004139888333156
8XT8(1):B_8SNF(1):D,0.0009463771129958
9C10(1):A_8R3A(1):B,0.0001640102127566
9WBE(1):D_8SNK(1):I,0.0006894784746691
8ONW(1):F_8Y2Z(1):B,0.0020470074377954
9K3E(1):B_9K3E(1):C,0.563896119594574
30KX(1):E_9R2Z(1):B,0.0112021015956997
8SNF(1):D_9IZ3(1):B,0.007039429154247
8T6E(1):B_8CCQ(1):A,0.0029066435527056
8BGM(1):B_8PU1(1):A,0.0019073886796832
8ZA7(1):B_9GWJ(1):C,0.0009408425539731
8CB2(1):BBB_9ZLL(1):D,0.0011910519097
8T6C(1):E_9HLS(1):A,0.0009646036778576
8BRR(1):B_12NP(1):A,0.0005635759443975
9GAI(1):B_9NSD(1):G,0.0001931507140398
8VET(1):B_9R2Z(1):B,0.0041194004006683
8C4X(1):A_9ZEE(1):B,0.000457437330624
9H9V(1):A_8ZD3(1):B,0.0010038767941296
8I2E(1):A_9EYU(1):A,0.0003579116601031
8RYI(1):A_8TYS(1):B,0.0002046614099526
9ILT(1):D_9ILT(1):A,0.0649054497480392
8VEO(1):A_9L5U(1):A,0.0001974892657017
9KAN(1):A_8PF5(1):C,0.0010321012232452
9VO4(1):B_9VO4(1):A,0.9699894189834596
8PEL(1):E_8OWS(1):C,0.0045497776009142
9L7W(1):A_8Q03(1):A,0.0017141877906396
9J4P(1):A_8XYF(1):A,0.0018983136396855
9G87(1):B_9MZ5(1):C,0.0002194286789745
8GKO(1):C_8I2F(1):B,0.0153362164273858
9DCZ(1):B_9DCZ(1):A,0.9616206288337708
9NSD(1):G_9L6B(1):A,0.000202390961931
8UH1(1):A_8HFP(1):C,0.0015993395354598
9ZEE(1):A_8XYF(1):A,0.0027023314032703
8XT8(1):B_8U6D(1):B,0.0009308162261731
8TK9(1):A_8HCI(1):B,0.0001767339999787
9JM8(1):B_8I3F(1):B,0.0010749998036772
9EA8(1):B_8R7D(1):A,0.0005275425501167
8IGD(1):B_9P3F(1):B,0.0002791829756461
9C10(1):A_9H9V(1):A,0.0008093219948932
9G8U(1):B_8Y77(1):A,0.0005807658308185
8OW6(1):B_8SNK(1):B,0.0094697680324316
9EAV(1):C_9ST8(1):B,0.0003854054084513
9QAA(1):A_8JI9(1):A,0.0013122494565322
8WT0(1):B_8QHN(1):A,0.005405040923506
8C0D(1):B_9V8I(1):A,0.0002184137993026
9LPG(1):E_8RQZ(1):B,0.0005864078411832
8VUM(1):B_9KUE(1):B,0.0022887743543833
8WOK(1):A_9UX0(1):A,0.0039734640158712
9R2Z(1):A_8ROH(1):A,0.0007165194838307
9PCA(1):B_9JDD(1):B,0.0007377297151833
8ROH(1):A_9OMD(1):C,0.0001495432370575
9KAH(1):C_9BGL(1):A,0.0004013337311334
8J4B(1):B_9H9V(1):A,0.0007850960828363
8Q66(1):A_9KAH(1):A,0.0047616604715585
9KAN(1):B_8TK9(1):A,0.0014286088990047
9M3I(1):A_8PU1(1):A,0.0019687965977936
9H5R(1):B_9H5R(1):A,0.9905065894126892
9NTO(1):B_9QAA(1):A,0.0010421999031677
9E1J(1):A_9DCZ(1):A,0.3155776262283325
9JDD(1):B_9JDD(1):A,0.0408007465302944
9R2Z(1):B_8PEL(1):C,0.001504038227722
8RIU(1):B_8T6N(1):H,0.0025640602689236
8BGM(1):A_8G0K(1):B,0.3924610316753387
9NSD(1):G_9JWA(1):A,0.0001627205783734
8Y2Z(1):B_9VO5(1):B,0.0018266383558511
8GJU(1):A_9Q1H(1):B,0.0008972025243565
9JDI(1):A_9WBE(1):D,0.0030743202660232
8P9U(1):A_9KO8(1):C,0.000280448293779
9X2R(1):A_8Y96(1):A,0.0002721525379456
9RGL(1):F_8C26(1):B,0.0131949903443455
8YN0(1):D_8Y96(1):A,0.0005022728000767
9BAE(1):A_9Q1H(1):A,0.0057387128472328
8WT4(1):B_11LJ(1):A,0.0003945902863051
9UB9(1):A_8U6D(1):A,0.0004880001069977
9L5U(1):C_9EYU(1):B,0.0014681505272164
8OUA(1):A_9WBE(1):D,0.0005394914769567
9H9V(1):E_8R7A(1):B,0.0008658131118863
8I2F(1):A_8HCI(1):A,0.0002346867404412
21VU(1):A_8STU(1):B,0.0004819544847123
9I25(1):C_9DCZ(1):A,0.0014344033552333
9V8I(1):B_9X2R(1):A,0.0016596367349848
8OWS(1):C_8FCC(1):B,0.0079284161329269
9PHV(1):D_9PHV(1):A,0.0004099835059605
9PCA(1):A_8U6N(1):A,0.0152443405240774
9ZEE(1):A_8ZVX(1):B,0.016214033588767
9ILT(1):G_8OUA(1):A,0.0005519762635231
8HXI(1):B_8FUL(1):A,0.0364723689854145
8FFX(1):A_8YNX(1):B,0.0024830880574882
9X2R(1):A_8PEL(1):C,0.0005573682137764
8XUD(1):I_9PR8(1):C,0.0003594741865526
8U6N(1):B_8U6N(1):A,0.8181648254394531
12NP(1):A_8ORN(1):B,0.0006734144408255
9I25(1):C_9EYU(1):B,0.0004431944107636
8Y2Z(1):B_21VU(1):A,0.0043223272077739
8J09(1):B_9GCO(1):C,0.0013648037565872
8PF5(1):B_9UVE(1):C,0.0002134582755388
9VZC(1):A_8VEO(1):A,0.0003053698746953
8R7A(1):B_9KUE(1):B,0.0152160907164216
9CCV(1):B_9CCV(1):A,0.0007589267333969
9KUE(1):B_11LJ(1):A,0.0021813479252159
9LPG(1):E_8R7A(1):A,0.0035664399620145
9HBL(1):B_8FBD(1):B,0.0005442884867079
9H7Y(1):A_9IKB(1):B,0.0002195523411501
8WHM(1):B_8WHM(1):A,0.4174370467662811
9L7W(1):B_9RGL(1):F,0.0017334882868453
9Q1H(1):A_8WT4(1):B,0.0680279284715652
9H7Y(1):B_8R7A(1):A,0.0003045331395696
9UX0(1):A_8RZZ(1):C,0.0035060443915426
9P3F(1):A_9HAD(1):B,0.0006531336111947
9G8U(1):B_8YNX(1):A,0.0073267691768705
8T9O(1):A_9B7D(1):A,0.0020435482729226
9KAN(1):B_8HS8(1):C,0.0105599211528897
8Z22(1):B_8PQQ(1):A,0.0003048064827453
8HS8(1):C_9ZLL(1):E,0.0026501209940761
8WT4(1):A_8QNQ(1):C,0.0003617320908233
9K1U(1):C_8ROJ(1):A,0.0011069023748859
8CCQ(1):B_8CCQ(1):A,0.9412881135940552
9JWA(1):B_9JWA(1):A,0.0114062568172812
8FUM(1):D_8C0J(1):A,0.00052053516265
8CRA(1):E_8CN3(1):A,0.0175769496709108
8T0P(1):B_8ZA7(1):A,0.0019727065227925
9MZ5(1):C_9U8R(1):A,0.0002585247275419
8T9O(1):B_8T9O(1):A,0.9872999787330629
8C4Z(1):B_9ZBE(1):A,0.0002614182885736
9LEW(1):B_8VLM(1):B,0.00035590925836
8BGM(1):A_8HFP(1):C,0.0008297322783619
9WAQ(1):B_9KZL(1):C,0.0059930961579084
9KAH(1):A_9VLL(1):B,0.0004015126032754
8EZR(1):B_9QAA(1):B,0.0027055754326283
9HMX(1):A_9B7D(1):B,0.0007344478508457
8GJU(1):A_9BAE(1):B,0.0014599213609471
8RP0(1):CCC_8S1X(1):B,0.001113447593525
9J9W(1):B_8WT0(1):A,0.0101586487144231
9LEW(1):B_9JWA(1):A,0.0023857152555137
9NTO(1):A_9P1C(1):A,0.0034635534975677
9NTO(1):A_9PCA(1):B,0.0110021764412522
9HBL(1):A_8J48(1):B,0.0004051577998325
9IKB(1):B_9R84(1):A,0.0004342451575212
8STS(1):A_8RYI(1):A,0.0003122807247564
8FFX(1):B_8S83(1):B,0.00425860658288
8QVC(1):A_8R3A(1):A,0.1289824694395065
9U8R(1):G_8ROJ(1):A,0.0001930325233843
8QNL(1):C_8QNL(1):A,0.005678046029061
8ZD3(1):A_8ZHT(1):B,0.0005073598586022
9BAE(1):B_9V8I(1):B,0.0828489065170288
9AVF(1):A_9MYR(1):B,0.0009867046028375
9VO4(1):A_8ONW(1):B,0.0002852820325642
8PF5(1):A_8J09(1):B,0.0005680923932231
8UH1(1):A_8CM0(1):A,0.0510675199329853
9B7D(1):A_9M3I(1):A,0.0005787425907328
8P9U(1):A_8C0D(1):C,0.0004838149470742
9B7D(1):A_8ORN(1):A,0.0006346913287416
8BGM(1):A_8FZZ(1):A,0.3524518013000488
21ZX(1):C_8QHN(1):D,0.0003699740336742
30KY(1):B_9ILT(1):A,0.000933444534894
9F79(1):C_9MZ5(1):C,0.0001925854303408
8C0J(1):A_8Q66(1):A,0.001054230495356
8GKO(1):C_8GJU(1):H,0.0002910760231316
9MNO(1):E_9J4P(1):B,0.0005517758545465
8S83(1):B_8HDD(1):C,0.0003706002898979
9Q1H(1):A_8HFP(1):C,0.0002760939241852
8PUT(1):E_9BAE(1):A,0.0053233685903251
8SNK(1):I_8I2E(1):B,0.0002782024967018
8CN3(1):A_8FZZ(1):A,0.0070849508047103
8OUA(1):C_9HAC(1):B,0.000884699402377
9SDC(1):C_8FUL(1):A,0.281968742609024
8SNK(1):B_8SNK(1):I,0.9815465807914734
8PF5(1):B_8T19(1):A,0.0001914482854772
8UH1(1):B_8OWS(1):C,0.0027429221663624
8K0H(1):A_9F79(1):C,0.0004407232627272
9DOD(1):A_9MZ5(1):B,0.0002182160533266
9WAQ(1):A_8C26(1):A,0.0005001982790417
8PEL(1):F_9K1U(1):C,0.0009692689054645
9RGL(1):A_8J49(1):A,0.0004038196057081
8TYS(1):A_9GCO(1):C,0.0006431408110074
8T6N(1):H_8VET(1):A,0.0002494222135283
8RQZ(1):C_8RQZ(1):B,0.000797129003331
9KW6(1):A_8EZR(1):A,0.0011196022387593
9P1C(1):B_8WOK(1):A,0.0024685873650014
8ROI(1):A_8YNX(1):A,0.0020500761456787
9GAI(1):A_8CB2(1):AAA,0.0005913018831051
9PZK(1):B_8R7D(1):B,0.0006440942524932
8T9O(1):A_8ROH(1):B,0.0003910375526174
8ROH(1):B_8SJJ(1):C,0.0094694765284657
8VUM(1):A_9UB9(1):B,0.000381691410439
9MZ5(1):B_9F79(1):A,0.0002051772316917
9HBL(1):A_9LP2(1):A,0.9512327909469604
9H9V(1):E_9B7D(1):A,0.0147514725103974
9CCV(1):B_8Q03(1):A,0.0003293771296739
8Q2E(1):C_8Q2E(1):B,0.8789029121398926
9PHV(1):D_8TWD(1):A,0.0022995849139988
8PUT(1):E_8PQQ(1):A,0.0011034654453396
9GWJ(1):C_8J64(1):B,0.0012702594976872
9QAA(1):A_8GJU(1):A,0.0036377874203026
9JDD(1):A_9KO8(1):A,0.000573701923713
8FFX(1):A_8GMH(1):D,0.0005180614534765
8STP(1):A_9U8Q(1):A,0.0002550937060732
9JDI(1):C_8TWD(1):C,0.0002439109521219
9GWJ(1):D_8VEO(1):A,0.0018225505482405
9LPG(1):A_8UAI(1):C,0.0009124490316025
8RYI(1):B_21VU(1):A,0.0050730644725263
8RZZ(1):A_9SJ6(1):A,0.0006885657203383
9JM8(1):B_9JM8(1):A,0.9658180475234984
9VO4(1):A_9C10(1):B,0.0004589555901475
8Q66(1):B_9IKB(1):C,0.3711471855640411
9P1C(1):B_9NTO(1):B,0.0001486979017499
9BKX(1):D_9S6C(1):A,0.0018884364981204
8BRQ(1):A_8BWV(1):B,0.0263153333216905
8TWD(1):C_9HLO(1):B,0.0003287835570517
8HR0(1):B_8Q2E(1):B,0.0003581372438929
9UTY(1):A_8XYF(1):B,0.1626705676317215
9KAH(1):A_8WHL(1):A,0.0004029059491585
9GZQ(1):B_9F26(1):A,0.0007805560017004
8UH1(1):A_8T0P(1):B,0.002311507705599
8EY4(1):I_8YRE(1):A,0.0003904981713276
8HHJ(1):A_9AVF(1):A,0.0916489288210868
8ZVX(1):B_8ZHT(1):A,0.0043086814694106
9ILT(1):G_9T38(1):A,0.0019548258278518
9P3F(1):B_8ZA7(1):B,0.0007079822826199
9DOD(1):B_9DOD(1):A,0.2600392997264862
9KW6(1):A_9ZLL(1):D,0.0008805349934846
8EY4(1):I_8YRE(1):D,0.0003466971975285
8RZZ(1):A_8BFI(1):C,0.0010614672210067
8C4Z(1):A_8XYF(1):A,0.0006317267543636
8ONW(1):E_9X2R(1):A,0.0003441884182393
9M3I(1):A_8FBD(1):B,0.001969184493646
21ZX(1):F_8U6F(1):A,0.0018552188994362
9U8Q(1):A_8GM8(1):A,0.0001348394289379
8U45(1):A_8UAI(1):B,0.0424281172454357
8YN0(1):C_9U8R(1):G,0.0003067570796702
8ROH(1):B_9EA8(1):A,0.0002691294357646
8G0K(1):B_8G0K(1):A,0.9762946963310242
9ZCS(1):A_8Q66(1):A,0.0035732157994061
9L5U(1):A_8U6F(1):A,0.0005493920180015
8QHN(1):A_8STP(1):A,0.0003756380174309
9DK1(1):B_8BFI(1):B,0.0014545524027198
8FZZ(1):B_9EAV(1):D,0.0011419381480664
9C10(1):A_8YN0(1):D,0.0052768890745937
8XTA(1):B_9GAI(1):D,0.020366009324789
9M3I(1):D_8YRE(1):A,0.0013893408467993
8C4X(1):A_8BWV(1):A,0.6290113925933838
12NP(1):C_8JI9(1):B,0.0008282613707706
9PZK(1):B_8QVC(1):B,0.0003886968188453
8JDI(1):E_8JDI(1):A,0.6654029488563538
8Y2Z(1):B_8I3F(1):B,0.1016080528497695
9IKB(1):G_9PR8(1):C,0.0002976617543026
8U45(1):A_8U45(1):C,0.8628389239311218
9UB9(1):A_9HLO(1):B,0.0014816335169598
8VLM(1):B_8HHJ(1):A,0.0341104380786418
30KX(1):E_9ZLL(1):F,0.0079535814002156
9GWJ(1):C_9NTO(1):A,0.0069975727237761
9HMX(1):A_9VO5(1):B,0.0015539785381406
9ZBE(1):B_8WHI(1):F,0.001331714913249
9IKB(1):C_8YN0(1):D,0.0021371117327362
8ROI(1):A_9EAE(1):C,0.000573506753426
8Z22(1):C_8EY4(1):I,0.0001979113440029
8ROH(1):B_8OWU(1):B,0.0005736992461606
9M3I(1):A_8Y96(1):C,0.025848152115941
8C4Z(1):B_8XSU(1):C,0.0012141728075221
9R84(1):A_8TK9(1):A,0.0002711011038627
8FE8(1):B_9JWA(1):B,0.0002887938753701
9EYU(1):B_8FE8(1):A,0.0069172941148281
8WOK(1):B_9DCZ(1):B,0.0008389561553485
8TYX(1):A_8VET(1):B,0.0015394914662465
8RP0(1):AAA_8U6F(1):B,0.000614475517068
8VLM(1):B_8ZD3(1):B,0.0018375595100224
9LP2(1):C_9ZCS(1):B,0.0021998754236847
9KO8(1):A_8RPP(1):D,0.0023079155944287
8I2E(1):B_8EY4(1):I,0.0014943592250347
9MYT(1):B_8STS(1):B,0.0004726023471448
9RGL(1):F_8TWD(1):C,0.0004078543570358
8ONW(1):F_8ONW(1):B,0.9756529927253724
8SJJ(1):C_9PHV(1):D,0.0003981863555964
8XT8(1):A_8HHJ(1):A,0.0822263211011886
9P1C(1):B_8VET(1):A,0.0002314371376996
8T6C(1):C_8I2F(1):A,0.0006779264658689
8Q66(1):A_9E15(1):A,0.0017701151082292
8WHL(1):E_8WHL(1):A,0.0026388200931251
8Z22(1):B_8Y77(1):A,0.1067622378468513
9K3E(1):B_9ZLL(1):D,0.0017940370598807
9M3I(1):C_9Q1H(1):B,0.0003001217846758
9NSD(1):G_9NSD(1):B,0.5623816847801208
8C0D(1):B_8C0D(1):A,0.9887837767601012
8YRE(1):A_8HXI(1):B,0.0002894601493608
9G87(1):B_8BGM(1):B,0.0004520537622738
8HHJ(1):A_8I2E(1):B,0.0014305912191048
8U45(1):A_8FE8(1):B,0.0010490192798897
8TYX(1):A_9MZ5(1):B,0.0171352457255125
9PHV(1):A_8XTA(1):A,0.0011314610019326
8R7D(1):B_8R7D(1):A,0.0025683883577585
8SNK(1):I_9EAE(1):C,0.0002409493754385
21VU(1):H_8HS8(1):A,0.138520061969757
8CCQ(1):A_8BRQ(1):A,0.0133735444396734
9KZL(1):C_9KZL(1):A,0.9559523463249208
9KUE(1):C_8WHH(1):E,0.0003668961580842
9M3I(1):D_9M3I(1):C,0.7010071277618408
8U6D(1):A_9HMX(1):B,0.0004715269024018
9BAE(1):B_9BAE(1):A,0.994543433189392
8GMH(1):C_9SJ6(1):C,0.0030756446067243
8HFP(1):A_9Z7O(1):A,0.0003042116295546
9EYU(1):A_8J49(1):A,0.004501671064645
8Q2E(1):B_8BRT(1):B,0.0233195535838603
8G0P(1):A_9G8U(1):B,0.0005403614486567
9KW6(1):C_9OMD(1):I,0.0241324286907911
8JMR(1):B_9BAE(1):B,0.0003942443872801
8WHI(1):F_8T6N(1):H,0.0003001564182341
8RZZ(1):A_8U6H(1):B,0.0018632963765412
8Y96(1):A_8J48(1):D,0.000549899181351
8U6F(1):B_8U6F(1):A,0.8234427571296692
9B7D(1):B_8T0P(1):B,0.1692405641078949
8XSU(1):D_8WHL(1):E,0.000309670518618
8R7A(1):B_8S05(1):C,0.0006632667500525
9EAV(1):C_9GWJ(1):C,0.0004305406764615
8PUT(1):A_8FZZ(1):B,0.0005759251653216
9BIY(1):B_9BIY(1):A,0.0017824127571657
8PUT(1):A_9JDD(1):A,0.0003056357963941
9HLS(1):A_9FN0(1):B,0.0008045132271945
8PF5(1):B_8PF5(1):A,0.9947255253791808
8Z22(1):B_8Y96(1):A,0.0002600336447358
9DD1(1):C_8GMH(1):B,0.0006023236783221
8J48(1):D_30KX(1):E,0.0030509778298437
9UVD(1):C_8IH8(1):A,0.0009172710706479
9MYT(1):A_21VU(1):H,0.0003571782726794
8Y2Z(1):B_9MNO(1):E,0.0198900625109672
9G87(1):A_9ZBE(1):B,0.0003723331610672
8RZZ(1):A_8RP1(1):AAA,0.0019680021796375
8PUT(1):E_8UF4(1):A,0.0002751626016106
8CN3(1):A_8STP(1):A,0.0320770107209682
8ONW(1):D_9BGL(1):B,0.0005823080427944
8ZHT(1):B_8C4Z(1):B,0.0066427960991859
9RMM(1):A_9KAH(1):A,0.000265474198386
8I2E(1):B_8Y96(1):A,0.0006230411818251
9EAE(1):C_8STS(1):A,0.0008437015931122
9L5U(1):A_8VUF(1):A,0.0005521962302736
8FZZ(1):B_8FZZ(1):A,0.9661322832107544
9GWJ(1):D_9NTN(1):G,0.0011443981202319
9KUE(1):C_8RQZ(1):C,0.0001924477546708
9UB9(1):B_8RPP(1):A,0.000260481814621
8ORN(1):B_8ORN(1):A,0.9953315854072572
9J9W(1):A_9HNG(1):A,0.0217612572014331
9IKB(1):C_9IZ3(1):B,0.0006565264193341
9KUE(1):A_9H9V(1):H,0.0057920226827263
8UAI(1):C_9ILT(1):D,0.0004494173917919
8QNL(1):A_9DK1(1):A,0.6464785933494568
8HR0(1):C_8HR0(1):B,0.0285922922194004
8PEL(1):E_9Z7O(1):A,0.0005262350314296
8BFI(1):B_9K3E(1):B,0.0003309077292215
8ONW(1):E_8ZHT(1):B,0.0006552150007337
9VO5(1):A_30KY(1):B,0.0020251115784049
9ILT(1):E_9CCV(1):B,0.0003198399499524
9SDC(1):A_8S05(1):C,0.0002194397529819
9KO8(1):C_9KO8(1):A,0.0006550754769705
8ROH(1):B_8XYF(1):B,0.0003946674114558
9IKB(1):C_9IKB(1):B,0.0314494259655475
8TK9(1):A_8CN3(1):A,0.0005994493258185
9RGL(1):A_9OMD(1):I,0.0002547677722759
9BT4(1):G_9JM8(1):A,0.0097545152530074
8JMQ(1):B_8VLM(1):B,0.001379717956297
9DD1(1):A_9GZQ(1):A,0.0012231061700731
9KUE(1):C_8Y77(1):B,0.0003128045063931
9L5U(1):C_8GKO(1):C,0.0026136664673686
8RP0(1):CCC_9KAH(1):A,0.0005675512365996
8IH8(1):A_9VZC(1):B,0.000443477067165
8VUF(1):B_9P3J(1):B,0.0193079188466072
8SSM(1):C_9EA8(1):B,0.0008058432140387
8RP0(1):AAA_9HAD(1):C,0.0013809732627123
9EAV(1):C_8ONW(1):D,0.0022359723225235
9SDC(1):A_9GAI(1):D,0.0007224245928227
9WBE(1):D_8PFC(1):B,0.0003786913293879
8FAR(1):B_8EZR(1):B,0.7764548659324646
8XYF(1):A_9JDD(1):B,0.5391337871551514
9S6C(1):C_9T38(1):B,0.2373496294021606
8SJJ(1):C_8YRE(1):A,0.0009880968136712
8JDI(1):E_8CRA(1):A,0.0007815854041837
8HHJ(1):B_8FCC(1):B,0.0235379859805107
8J49(1):B_8VEO(1):A,0.000618303718511
11LJ(1):C_9CCV(1):A,0.0013003485510125
8SJJ(1):A_8RPP(1):D,0.0430590063333511
8I3F(1):A_9KZL(1):C,0.0001829496904974
8Y2Z(1):A_8CB2(1):AAA,0.0028244224376976
9JDD(1):A_9R2Z(1):B,0.002736129797995
8HHJ(1):A_9PCA(1):A,0.0009268227731809
8HR0(1):C_9WAQ(1):A,0.0002595875412225
8HFP(1):C_9GWJ(1):C,0.0032205013558268
8J64(1):A_9HAD(1):B,0.000668431923259
8BRS(1):A_9DCZ(1):A,0.0008277366869151
9MZ5(1):B_8S05(1):C,0.000727480277419
30KX(1):D_30KX(1):E,0.0229132547974586
8HS8(1):A_9UB9(1):B,0.0009271543240174
8GJU(1):H_8WHH(1):A,0.0002433639019727
8I3E(1):C_9MOJ(1):B,0.0017117684474214
9ST8(1):A_9H9V(1):A,0.0867978706955909
9MYR(1):B_8PF5(1):A,0.0012688362039625
9ZCS(1):B_8ROH(1):A,0.0013327840715646
8I3F(1):B_8IGD(1):C,0.0025658011436462
8ZVX(1):B_8CN3(1):B,0.0003166822716593
9JDD(1):A_9DK1(1):B,0.0007482953369617
9Q9V(1):B_8C0D(1):B,0.0002593322715256
9VO5(1):B_9P3F(1):A,0.0005015890928916
8RQZ(1):C_9V8I(1):A,0.0008326215320266
8SJJ(1):A_8TYX(1):B,0.0004039097111672
9VZY(1):A_9ILT(1):C,0.0002528690674807
9KW6(1):C_8I2E(1):B,0.0006578614702448
8I3E(1):C_8T0P(1):B,0.000386431463994
9SDC(1):A_9DK1(1):B,0.9650171995162964
8PF5(1):B_9DCZ(1):A,0.0011319364421069
8UF4(1):B_8UF4(1):A,0.0031557474285364
9U8R(1):G_9ILT(1):A,0.0016758810961619
9WBE(1):A_8XUD(1):I,0.0004495716420933
8ORN(1):B_9H5R(1):B,0.0003019641153514
8BOZ(1):A_8U6G(1):A,0.001843195175752
8WHL(1):E_8PU3(1):C,0.0007400801987387
8U6G(1):A_9KW6(1):C,0.0007096149493008
8QNQ(1):C_8VET(1):B,0.0006555820000357
8HFP(1):C_8T0P(1):A,0.0022723684087395
8Q2E(1):A_8FZZ(1):A,0.0008178462740033
9R2Z(1):A_8FZZ(1):A,0.6780489087104797
8G0P(1):B_8Y96(1):C,0.0048354431055486
9BIY(1):A_8FBD(1):B,0.0147824278101325
8IE2(1):A_8OUA(1):A,0.0004033187287859
8FZZ(1):A_8HCI(1):A,0.001768983900547
9HAC(1):B_9W3A(1):E,0.0010282462462782
8Q2E(1):A_8HDD(1):B,0.0001693743979558
8YNX(1):B_9NTO(1):B,0.0005087272147648
9WBE(1):A_8BWV(1):B,0.0005436139763332
9S6C(1):C_9VO4(1):A,0.1373776346445083
8IE2(1):A_8VEO(1):B,0.0009241693769581
9MYR(1):B_8PU3(1):C,0.001561700948514
9F79(1):A_8S05(1):C,0.0005857252981513
8CN3(1):A_8T0P(1):A,0.0014024936826899
9J9W(1):A_9M3I(1):C,0.0008155700052157
9ZEE(1):B_9HAD(1):B,0.0023455624468624
9LP2(1):A_9ZCS(1):A,0.0021135895512998
9HBL(1):A_9H9V(1):B,0.0008357756887562
9JDD(1):A_8I8Y(1):A,0.0011462392285466
9MYT(1):B_9UVD(1):C,0.000338959362125
8FFX(1):B_8JDI(1):A,0.0024189397227019
9KUE(1):C_8WHL(1):E,0.000164028344443
9ILT(1):C_8XTA(1):A,0.0002094474766636
8PEL(1):G_8PFC(1):A,0.0004074653261341
8T6N(1):A_8VUM(1):B,0.0002018078521359
8IE2(1):E_9X2R(1):A,0.0003066541394218
8BWV(1):A_8SNK(1):I,0.0019490477861836
8IE2(1):A_8J48(1):B,0.0010118555510416
9W3A(1):E_9P3F(1):A,0.0003791258495766
9P1C(1):B_8RJA(1):F,0.0004411492263898
9UVE(1):B_8JMR(1):A,0.0014767985558137
9ZEE(1):B_8TK9(1):A,0.0002232772967545
11LJ(1):A_8QNQ(1):C,0.0003098857996519
9FN0(1):A_9JDD(1):B,0.0004080367216374
9P3F(1):B_9QAA(1):A,0.0008047229493968
8BFI(1):B_8BRT(1):B,0.0001413606514688
8ROH(1):B_8K0H(1):A,0.0016333394451066
8YRE(1):D_8XSU(1):C,0.0001863309153122
9HMX(1):A_9JWA(1):B,0.0005618135910481
8S2M(1):B_8HDD(1):B,0.0006475781556218
9ILT(1):G_9UTY(1):A,0.0017321809427812
8RZZ(1):C_9BAE(1):B,0.1858439892530441
8Q03(1):C_9NTN(1):G,0.0419038943946361
8I2E(1):B_8J4B(1):B,0.0006692732567898
30KY(1):B_8JMR(1):B,0.004985325038433
9IKB(1):C_9BAE(1):A,0.0011780278291553
8CRA(1):E_8CRA(1):A,0.9811891317367554
9EAE(1):A_9Q1H(1):B,0.0011018996592611
8JDI(1):A_8WHM(1):A,0.0008853719918988
9U8R(1):G_8ORN(1):B,0.0003641763469204
9R2Z(1):B_21ZX(1):C,0.0017304692883044
9G87(1):B_8JI9(1):B,0.0012120001483708
8GKO(1):C_9Q9V(1):B,0.0216962490230798
8WHH(1):A_8S83(1):C,0.0005118884146213
9F26(1):C_8OW6(1):A,0.0009389887563884
9Q9V(1):B_9P3J(1):B,0.0120151983574032
9SJ6(1):C_8T19(1):B,0.001420704065822
8SSM(1):B_9NTN(1):A,0.000453193904832
9H9V(1):A_8I2F(1):A,0.0008973645744845
9V8I(1):B_8HR0(1):C,0.0007808833615854
8S2M(1):A_8CCQ(1):A,0.0024926885962486
9R84(1):B_8VLM(1):B,0.0005796128534711
9M3I(1):A_8I8Y(1):B,0.0004072739102412
8ZVX(1):A_9HLS(1):B,0.0160622112452983
8U45(1):C_8HXI(1):B,0.0026420422364026
8FBD(1):B_9WBE(1):D,0.0058305109851062
8YRE(1):D_9DD1(1):A,0.0057983361184597
8PEL(1):D_8PEL(1):C,0.9925974607467652
8XEH(1):A_9BIY(1):A,0.0022368128411471
8WT4(1):B_8BOZ(1):B,0.0198973231017589
8T6E(1):A_9MYT(1):B,0.0022628132719546
8SNF(1):A_8FBD(1):B,0.0002532703219912
8J09(1):B_8WOK(1):A,0.0010062601650133
9OK4(1):B_8ZD3(1):A,0.0674817711114883
8RZZ(1):A_8ZHT(1):A,0.0012529154773801
9U8R(1):A_8J4B(1):B,0.0002721146447584
9KW6(1):C_8JI9(1):B,0.0018251125002279
9AVF(1):B_9AVF(1):A,0.6800800561904907
8RJA(1):F_8ORN(1):B,0.0003845134633593
8BWV(1):B_8OW6(1):A,0.0028846350032836
8ONW(1):C_8QL1(1):A,0.0003365652810316
9V8I(1):B_9RK9(1):A,0.029951823875308
9VO4(1):B_8HS8(1):A,0.0009824207518249
9V8I(1):B_8SNF(1):D,0.0009945371421054
9BGL(1):B_8ROH(1):B,0.0017792094731703
9V8I(1):B_8K0H(1):A,0.064961664378643
9L7W(1):A_8T9O(1):A,0.0004612126504071
9QAA(1):A_9Z7O(1):C,0.0034481713082641
9HLO(1):A_9GWJ(1):D,0.0014784939121454
8J49(1):A_9OMD(1):I,0.0007690803613513
9ST8(1):A_8BRQ(1):B,0.001047286321409
9H9V(1):E_9ILT(1):E,0.0002298338804394
8IGD(1):B_8G0P(1):B,0.0030563620384782
9BT4(1):E_8RZZ(1):A,0.0015957335708662
8TYS(1):A_8PFC(1):A,0.0006125695072114
8OUA(1):C_8OUA(1):A,0.9898638129234314
8PUT(1):E_8Z22(1):C,0.0001832865091273
8S05(1):A_8XUD(1):A,0.0002149807842215
8G0K(1):B_8PQQ(1):A,0.07869553565979
8G0K(1):A_9VZC(1):A,0.001395407365635
9KAN(1):B_9KAN(1):A,0.7979705333709717
9H9V(1):A_9SDC(1):C,0.0008456368814222
9EAE(1):C_9KUE(1):C,0.0002594046818558
8Y2Z(1):B_8QVC(1):B,0.0005704473005607
9GAI(1):C_9GAI(1):B,0.4651734232902527
9LPG(1):A_9LPG(1):E,0.1794055849313736
8RJA(1):E_8TK9(1):B,0.0004510369035415
8Y96(1):C_8Y96(1):A,0.0009546371293254
8I2F(1):A_9H7Y(1):B,0.0006570468540303
9LPG(1):E_9ILT(1):A,0.0002727322862483
9KUE(1):C_8J64(1):A,0.0068794176913797
8I3E(1):B_8QL1(1):A,0.0073717581108212
8J09(1):B_9T38(1):A,0.0008062034612521
9ZCS(1):A_8QHN(1):D,0.0007575718918815
8IE2(1):E_8RP2(1):CCC,0.0061803245916962
9OK4(1):C_9JM8(1):B,0.0056095626205205
8S05(1):A_9BT4(1):B,0.0004091512819286
8SNK(1):I_8RP2(1):CCC,0.0012314921477809
9L6B(1):A_8FFX(1):B,0.0006621491047553
9UVD(1):B_8GJU(1):A,0.0175293441861867
9RGL(1):F_9RGL(1):A,0.9755634665489196
8SNF(1):D_8GMH(1):D,0.0013395305722951
8BFI(1):C_9GWJ(1):D,0.0046306960284709
8U6N(1):A_8RP0(1):CCC,0.0002545361639931
8U6N(1):A_8TK9(1):B,0.0007503068190999
8C4X(1):A_8BRR(1):A,0.002204202581197
8WT4(1):A_9VLL(1):A,0.0008185090264305
8SNK(1):B_9ILT(1):A,0.000542229914572
9H9V(1):E_8PUT(1):E,0.0006351818447001
8RP0(1):AAA_8STU(1):B,0.0006109404494054
8EY4(1):I_9HMX(1):A,0.0004960744990967
8PEL(1):E_8ONW(1):D,0.000786748540122
8UAI(1):C_8C26(1):B,0.0001766266941558
8FZZ(1):A_8IGD(1):B,0.0013366325292736
9GAI(1):D_9GAI(1):C,0.9943377375602722
8YNX(1):A_8OW6(1):B,0.0363787226378917
8HHJ(1):A_8T9O(1):A,0.0006503899348899
9B7D(1):B_9B7D(1):A,0.043628416955471
8RPP(1):A_9H7Y(1):A,0.0003094715939369
9BT4(1):A_9HAE(1):A,0.0002099149132845
11LJ(1):A_8BRT(1):B,0.0002305436355527
9UTY(1):B_9P3J(1):A,0.0011831986485049
9KAH(1):C_9ZCS(1):A,0.0019382749451324
8BRS(1):A_8GJU(1):H,0.0005257214070297
8ZHT(1):A_9S6C(1):C,0.0106513807550072
8RIU(1):C_9ERV(1):B,0.0150256836786866
9M3I(1):D_8J09(1):B,0.0036377785727381
9RK9(1):B_9H7Y(1):B,0.0007172644836828
8T6E(1):B_8T6E(1):A,0.0049707284197211
8T6N(1):H_9IKB(1):G,0.0003285369602963
9ZDM(1):B_9W3A(1):A,0.0007995009655132
8ONW(1):B_9X2R(1):B,0.0003507825313135
8R3A(1):B_8BRT(1):A,0.0250304825603961
8HDD(1):C_8C4X(1):A,0.0014954289654269
8YN0(1):D_9H9V(1):B,0.0816962495446205
8JMR(1):A_9J4P(1):A,0.1097864508628845
9DD1(1):C_9DD1(1):A,0.9649198651313782
8VEO(1):A_8FZZ(1):B,0.0004850994155276
8VEO(1):A_8ONW(1):E,0.0001760803716024
9ILT(1):D_8WT0(1):B,0.0004389268869999
9FN0(1):B_9FN0(1):A,0.984790027141571
8U6H(1):B_9BT4(1):B,0.0001645922166062
8Q03(1):C_8WHL(1):E,0.0003086136421188
9UDL(1):A_8WOK(1):A,0.000334093812853
8U45(1):A_9HBL(1):A,0.0009472363162785
8WT0(1):A_9NSD(1):B,0.0010007903911173
8QNL(1):A_8SSM(1):C,0.0004076671611983
8Y2Z(1):B_9HAD(1):C,0.0021906713955104
9BIY(1):A_8PF5(1):A,0.0015476717380806
8HR0(1):B_9NTN(1):G,0.0006095744902268
9JM8(1):A_8UF4(1):A,0.0004171209002379
9ST8(1):B_9OLQ(1):B,0.000573253724724
8C0J(1):A_8U6N(1):B,0.0003419252170715
8BWV(1):B_9K3E(1):C,0.0008942998247221
9OLQ(1):B_9VZY(1):A,0.0016238295938819
8P9U(1):A_8IE2(1):E,0.0005038928939029
8J64(1):A_8HHJ(1):A,0.002910777227953
8YN0(1):C_9CCK(1):C,0.0002425781276542
8YRE(1):D_9HLS(1):A,0.0016297230031341
9UB9(1):B_9QAA(1):B,0.1322706937789917
9PZK(1):B_8FE8(1):A,0.0004052055010106
8QNQ(1):C_8QNQ(1):A,0.006189601495862
9VNJ(1):B_9X2R(1):B,0.0004071578150615
9ZLL(1):D_9JM8(1):B,0.0032666495535522
8T6E(1):A_8Q66(1):B,0.3717893064022064
8BFI(1):B_30KX(1):D,0.0011169187491759
9ILT(1):G_9EA8(1):A,0.0004938010242767
8BFI(1):B_8ROH(1):A,0.0078137628734111
8IGD(1):C_8IGD(1):B,0.0035439392086118
9KAN(1):B_9EAV(1):D,0.0006964848143979
9M3I(1):C_8UF4(1):B,0.0008519022958353
8QVC(1):B_9UX0(1):A,0.005915758665651
8TYX(1):B_8TYX(1):A,0.0058697913773357
9VLL(1):B_9VLL(1):A,0.0157789178192615
8WHL(1):A_9EA8(1):A,0.0002075652009807
9ZDM(1):B_8VET(1):A,0.0009206025279127
8XSU(1):C_8I2F(1):B,0.0008231950341723
8JDI(1):A_8C0D(1):B,0.0023052985779941
8SNF(1):D_9T38(1):A,0.0007910237181931
9HLO(1):B_9HLO(1):A,0.9733123183250428
9ILT(1):E_8RQZ(1):B,0.00027268496342
8I2E(1):A_9M3I(1):D,0.000587748538237
8RP1(1):CCC_9V8I(1):B,0.0023166465107351
8FFX(1):B_8CM0(1):B,0.0018992940895259
9H5R(1):A_8YRE(1):D,0.0032800058834254
8ZD3(1):A_8IE2(1):E,0.0002386190462857
8S83(1):B_9BKX(1):d,0.0008563386509194
8HXI(1):B_8QVC(1):A,0.0253922417759895
8HDD(1):C_8HDD(1):A,0.003817806020379
9RK9(1):A_8PEL(1):B,0.0015712088206782
8G0P(1):A_8I2F(1):B,0.0015952491667121
8HS8(1):A_8XTA(1):A,0.0092603014782071
8P9U(1):C_9UTY(1):A,0.2610677182674408
8Q66(1):B_9U8R(1):G,0.0008218543371185
8UAI(1):C_8RP2(1):AAA,0.0004150858148932
8QVC(1):A_9H9V(1):H,0.000453066517366
9EAV(1):C_8ZA7(1):B,0.0030143014155328
8XUD(1):I_21ZX(1):F,0.0010062811197713
9ILT(1):C_9JWA(1):A,0.0015684756217524
9GZQ(1):B_9GZQ(1):A,0.000550506694708
9H5R(1):A_9SJ6(1):C,0.0003012682136613
8J48(1):D_9VLL(1):B,0.000348403933458
9Q9V(1):B_8STP(1):A,0.000972244713921
8UF4(1):A_8TK9(1):A,0.0797582417726516
8JDI(1):E_9ZBE(1):A,0.0020358329638838
9U8R(1):A_8G0K(1):B,0.0006796109373681
9FN0(1):B_8T9O(1):B,0.0051891836337745
8JMR(1):A_8BWV(1):A,0.0003454280376899
9DK1(1):A_9K1U(1):B,0.0059296106919646
8FE8(1):A_9J9W(1):A,0.001981285167858
9ZBE(1):B_9U8Q(1):G,0.0006041025044396
9ERV(1):B_9BIY(1):A,0.0164203755557537
8BWV(1):B_9IZ3(1):B,0.0031075335573405
8T6C(1):E_8J09(1):B,0.0002924989385064
8YRE(1):D_8Y96(1):C,0.0030351113528013
8ROH(1):B_8ROH(1):A,0.0095814522355794
9C10(1):A_9ZCS(1):B,0.0095156608149409
9HAD(1):B_8I2E(1):A,0.0006856053369119
8PEL(1):D_8QVC(1):A,0.0002334608434466
9DCZ(1):A_8RP2(1):AAA,0.0015595440054312
8R3A(1):B_8R3A(1):A,0.92691308259964
9J9W(1):A_8UAI(1):A,0.0007309967186301
9PCA(1):B_9BT4(1):E,0.0002978391712531
9BGL(1):B_9LEW(1):A,0.0003618840419221
8G0K(1):A_9VLL(1):B,0.0006012344965711
9HLS(1):B_8HS8(1):A,0.0032603817526251
8WT0(1):B_8BWV(1):B,0.0004308985080569
9DOD(1):B_9DCZ(1):A,0.0024044814053922
8U6F(1):B_8WHM(1):B,0.0235199686139822
8FCC(1):B_8PQQ(1):C,0.0002788198762573
8OWS(1):C_9VO4(1):A,0.0009872885420918
8BRT(1):B_9UTY(1):B,0.5233379602432251
8C4X(1):A_9OMD(1):C,0.5732721090316772
9KW6(1):C_8YN0(1):C,0.0003111789992544
8VLM(1):A_9DK1(1):A,0.0007061451324261
9OK4(1):C_9Q1H(1):B,0.0033132180105894
8ONW(1):C_8PU1(1):A,0.0007611872279085
9M3I(1):D_8SNK(1):I,0.000309006369207
8U6H(1):B_9UTY(1):B,0.0002974157978314
8GMH(1):D_9HLO(1):B,0.0008513173088431
8T9O(1):B_8PUT(1):A,0.000317813741276
9EAE(1):A_8Q2E(1):B,0.0226577017456293
8G0K(1):B_9CCK(1):C,0.0003106718068011
8PEL(1):G_8R7A(1):A,0.0003747550945263
9H5R(1):B_8GMH(1):D,0.0019771954976022
8I3F(1):A_8VUM(1):B,0.0006556310690939
8HS8(1):C_8HS8(1):A,0.0041803992353379
9KUE(1):B_8OW6(1):A,0.0137777039781212
9LEW(1):A_8SJJ(1):A,0.0004080301441717
8OWU(1):B_9P1C(1):B,0.0014449635054916
9LP2(1):A_8RP2(1):CCC,0.0007118043140508
9ILT(1):A_9GWJ(1):C,0.0005317749455571
8ONW(1):E_8BRT(1):B,0.0002072088827844
9CCV(1):A_8R7A(1):A,0.0005197074497118
12NP(1):C_8PQQ(1):A,0.0002087922912323
9RK9(1):B_9JM8(1):A,0.0935477465391159
8OWS(1):A_8WT0(1):B,0.001542771118693
9G87(1):B_9KAH(1):A,0.0004923339001834
8QNL(1):C_9PCA(1):B,0.0006834547966718
8ONW(1):E_8BRQ(1):A,0.0002482381241861
9U8R(1):G_8ZHT(1):B,0.0005313797737471
8SNK(1):I_9KW6(1):C,0.0440276674926281
9E15(1):A_9ZDM(1):B,0.0006195900496095
8XEH(1):E_8J09(1):B,0.0004655146913137
8XUD(1):I_8PEL(1):C,0.0003767905000131
9KW6(1):A_8BRT(1):A,0.0005216890131123
9EA8(1):B_8HR0(1):B,0.00063428201247
9EAE(1):A_9BGL(1):B,0.0013547511771321
9WAQ(1):A_8J48(1):B,0.0108543802052736
8I8Y(1):B_9MYT(1):A,0.0003457520506344
8WT0(1):A_9T38(1):B,0.0094605945050716
9M3I(1):A_9J9W(1):B,0.0030596749857068
8K0H(1):B_9F26(1):C,0.0029324940405786
8FAR(1):B_8FAR(1):A,0.0020626345649361
9Z7O(1):A_8PU3(1):C,0.9510774612426758
9BIY(1):A_8I3E(1):C,0.0007999131921678
8RP1(1):CCC_8J64(1):A,0.0006973751587793
9CCK(1):A_8OUA(1):A,0.0007472313591279
9M3I(1):A_8CCQ(1):A,0.0001900958741316
8RIU(1):B_9IZ3(1):B,0.0036142459139227
8HS8(1):A_12NP(1):A,0.0015205576783046
9K3E(1):C_9LEW(1):B,0.0114395814016461
8PF5(1):C_9ST8(1):A,0.0014547178288921
9ZDM(1):A_8RP1(1):CCC,0.0011599957942962
8XTA(1):B_9KUE(1):C,0.0002258054882986
8R3A(1):A_8HS8(1):C,0.0019417947623878
8T19(1):B_21ZX(1):F,0.0002637915313243
9T38(1):B_9KAH(1):A,0.0068956562317907
9CCV(1):B_8PEL(1):C,0.00028980532079
8STU(1):A_8Q66(1):A,0.0070772431790828
9E1J(1):A_9E1J(1):B,0.9831074476242064
8K0H(1):B_9IKB(1):B,0.0003417198895476
8HXI(1):B_8HS8(1):A,0.0011105799349024
8XYF(1):A_9ILT(1):G,0.000261969922576
8VEO(1):A_8VEO(1):B,0.4368012845516205
8OWS(1):C_9H9V(1):C,0.0025059150066226
9E15(1):B_8GMH(1):B,0.0002915003569796
8U45(1):C_8C0J(1):A,0.0013261112617328
8VUF(1):B_8R7D(1):B,0.001997651765123
9EYU(1):A_8YRE(1):D,0.8881233334541321
9HAE(1):A_9F26(1):C,0.0003017036651726
8K0H(1):B_8P9U(1):C,0.0003099183377344
9P3J(1):A_9ZEE(1):B,0.0002513058425392
8JMQ(1):B_9R84(1):A,0.0003777284873649
9Q9V(1):B_8XYF(1):A,0.1370376199483871
9E15(1):A_8PF5(1):C,0.0002832253230735
8T19(1):A_8YNX(1):B,0.0002018605882767
8U6N(1):B_9UX0(1):B,0.0004126434796489
8U6D(1):A_21VU(1):A,0.0007852154085412
9EAV(1):A_8R7A(1):B,0.017381202429533
8PU1(1):B_8PU1(1):A,0.505199670791626
9L7W(1):A_9DOD(1):A,0.000990179600194
9JM8(1):A_8S1X(1):A,0.0015292576281353
8UH1(1):A_9ILT(1):D,0.0004978817305527
9DD1(1):A_8HR0(1):C,0.0041927644051611
8WT4(1):B_8PU3(1):A,0.0050772246904671
8TK9(1):A_8ONW(1):C,0.0001988392905332
8RYI(1):A_9KO8(1):C,0.000188989448361
8WHM(1):B_21VU(1):A,0.0001977651409106
9R84(1):A_8VEO(1):B,0.0010119061917066
8Q03(1):A_8ZHT(1):B,0.0007067355327308
8J4B(1):A_8Y96(1):A,0.0003246316919103
8ROH(1):B_9H5R(1):B,0.0013389296364039
9R2Z(1):B_8SSM(1):B,0.0018125674687325
9UVD(1):B_9SDC(1):A,0.000212110535358
8VUF(1):A_9BAE(1):B,0.0004158317751716
9R84(1):A_9P3J(1):A,0.0006218484486453
8PEL(1):D_8ROJ(1):A,0.0002359548670938
9M3I(1):D_8CRA(1):E,0.0046699829399585
8I2F(1):A_8GMH(1):C,0.0148284994065761
9PCA(1):B_9CCK(1):C,0.0006739139207638
8UH1(1):A_9JDD(1):B,0.0063188127242028
9KAH(1):A_8SNF(1):D,0.0007091511506587
9P3J(1):A_9GZQ(1):A,0.0001840312907006
8ZD3(1):A_9P1C(1):B,0.0004551163292489
8OW6(1):A_8C0J(1):B,0.0027295593172311
9KW6(1):C_9KW6(1):A,0.993367612361908
9BT4(1):E_9GZQ(1):A,0.0238964967429637
8C0J(1):A_8Y2Z(1):A,0.0003064741322305
9ZDM(1):B_9ZDM(1):A,0.7421514987945557
9GCO(1):C_9GCO(1):B,0.0939264521002769
8VLM(1):A_8T0P(1):B,0.0009520964813418
9ZCS(1):B_8YNX(1):A,0.0023898021318018
9OLQ(1):B_9OLQ(1):A,0.9664439558982848
8X3G(1):C_8X3G(1):B,0.9486358761787416
8C26(1):A_8T0P(1):B,0.0004856032028328
9IKB(1):G_8C4X(1):B,0.001076886896044
8Y96(1):C_8ONW(1):D,0.0008072765776887
8I3F(1):A_8BFI(1):B,0.0009727177093736
9P3J(1):A_8UH1(1):A,0.0615487694740295
8XTA(1):B_9C10(1):B,0.0004291156074032
9QAA(1):B_9GWJ(1):D,0.0006792568019591
9ST4(1):A_8Q03(1):A,0.0014415042242035
8T9O(1):B_9Q9V(1):B,0.0009092041291296
8CRA(1):A_8RP1(1):CCC,0.0004974388866685
8BFI(1):C_8CRA(1):A,0.0018591267289593
9ZCS(1):B_8GMH(1):C,0.0015205214731395
8ZA7(1):A_8IH8(1):A,0.0004819643509108
9EA8(1):B_8G0K(1):B,0.001410378026776
9JM8(1):B_8QL1(1):B,0.0005847681313753
8WHH(1):E_9R2Z(1):A,0.0005422239773906
8GKO(1):C_8GKO(1):A,0.9338396787643432
8R3A(1):B_9FN0(1):A,0.1779749542474746
9BT4(1):E_8ORN(1):B,0.0003542723425198
8U45(1):A_9KAH(1):C,0.0968116000294685
8Q03(1):C_9AVF(1):B,0.0021454754751175
8FZZ(1):A_9ILT(1):C,0.0003610566491261
9HAE(1):B_9ILT(1):G,0.000184398231795
9S6C(1):A_9DOD(1):A,0.0004445580998435
9EA8(1):A_9L7W(1):A,0.0020752341952174
8EZR(1):B_9HBL(1):B,0.001099168206565
9I25(1):C_9HMX(1):A,0.0166332032531499
8RYI(1):B_9H9V(1):B,0.0004007602692581
9VNJ(1):B_9LP2(1):C,0.000922221050132
9P3J(1):B_9P3J(1):A,0.9731281399726868
9KW6(1):C_9BAE(1):A,0.0178302824497222
9GCO(1):B_9GZQ(1):B,0.0003167073300573
8RPP(1):A_8PF5(1):D,0.0004020062915515
9K3E(1):B_8UH1(1):A,0.0117096342146396
8Y2Z(1):A_8FUL(1):A,0.0002064405853161
9UVE(1):C_8C4Z(1):B,0.0001743045140756
9F79(1):A_8I2F(1):A,0.0005011771572753
8ZVX(1):A_9NTO(1):B,0.0002006309950957
8SSM(1):B_21VU(1):H,0.0008458806551061
9JWA(1):A_8Q03(1):C,0.4626815021038055
9ILT(1):F_8ROH(1):A,0.0001914658059831
9VNJ(1):A_9G8U(1):A,0.4849853217601776
9K1L(1):B_9K1L(1):A,0.3102188408374786
9X2R(1):A_8PF5(1):A,0.0007276334799826
8TWD(1):C_8TWD(1):A,0.0006302674883045
8YN0(1):C_8YN0(1):D,0.5104765892028809
9MYR(1):B_8J64(1):B,0.000163825781783
8WT4(1):B_9GZQ(1):A,0.0005767775001004
9F79(1):C_9MYT(1):A,0.000218915840378
8TWD(1):C_8QVC(1):A,0.0066413488239049
9GAI(1):B_8IGD(1):C,0.0004385770589578
8FUL(1):B_9PR8(1):A,0.0002845412818714
8BRT(1):B_9B7D(1):A,0.0007502878434024
9KO8(1):C_8I2E(1):A,0.0003611070860642
8J09(1):B_8ONW(1):F,0.000578309118282
8PEL(1):B_9HNG(1):B,0.0005557450349442
8ROI(1):A_9KW6(1):A,0.0003290293971076
9PHV(1):A_8C0J(1):A,0.0003156691673211
8ROJ(1):B_8J48(1):B,0.0011087666498497
8ZA7(1):A_8STS(1):A,0.0004422214406076
9VZY(1):D_8U6D(1):A,0.0007605024729855
9KZL(1):A_8YN0(1):D,0.0016197467921301
8HCI(1):A_11LJ(1):A,0.000443378201453
8SNK(1):I_9PR8(1):C,0.0002050557668553
8EY4(1):I_8RYI(1):B,0.1537807136774063
8BOZ(1):B_8BWV(1):B,0.0016208869637921
9MZ5(1):C_9HAC(1):A,0.512622058391571
8EY4(1):I_9HBL(1):A,0.0002383062092121
9L7W(1):B_9GCO(1):C,0.014438864775002
9VO5(1):B_9VO5(1):A,0.9752819538116456
8PEL(1):B_8HXI(1):A,0.0002669208333827
9UX0(1):A_9RMM(1):A,0.0026393861044198
8U6F(1):B_8PEL(1):E,0.0008422919199801
9KAH(1):C_9ILT(1):F,0.0015607925597578
8WHI(1):F_8JMR(1):B,0.0002962213184218
9ST8(1):A_8WHH(1):A,0.0018972721882164
9VO5(1):B_8TWD(1):A,0.0068659917451441
8G0P(1):A_8I2E(1):A,0.0004272514779586
9RGL(1):F_8BFI(1):C,0.0003090488025918
8JMQ(1):A_9Q1H(1):B,0.0045089041814208
8WHL(1):A_8J64(1):B,0.0002671856200322
9HLS(1):B_9BIY(1):B,0.000497366359923
8HS8(1):C_8GM8(1):B,0.0052831470966339
8G0K(1):A_9CCV(1):B,0.0010819409508258
9HBL(1):A_8GM8(1):A,0.0003239129146095
8XT8(1):B_8YRE(1):D,0.0005060859257355
9JM8(1):A_8T9P(1):B,0.0010703053558245
9BIY(1):A_8PF5(1):D,0.0015792534686625
8VET(1):B_8RZZ(1):C,0.0007477945182472
8Y77(1):B_8XEH(1):A,0.0007446233648806
9PZK(1):A_9DK1(1):B,0.0009911456145346
8SSM(1):B_9GAI(1):B,0.000483817217173
8XUD(1):A_8BFI(1):B,0.0004872446297667
9F26(1):C_9F26(1):A,0.9694095253944396
9JM8(1):B_9F79(1):A,0.0015317919896915
8C0D(1):C_9I25(1):C,0.0004536572378128
8T6C(1):E_8FFX(1):A,0.0004857895837631
8S1X(1):B_9ST4(1):A,0.0020107810851186
9PR8(1):C_9PR8(1):A,0.9546970725059508
8T0P(1):A_8J4B(1):B,0.0012916112318634
12NP(1):C_9JDI(1):A,0.005444529466331
9C10(1):B_9UTY(1):A,0.0004816990694962
9Z7O(1):A_9Q1H(1):A,0.001846608472988
8S1X(1):A_8QNL(1):C,0.000518511980772
9S6C(1):A_8ROJ(1):A,0.0002610685769468
9C10(1):A_8HCI(1):B,0.0003007783088833
8C0J(1):A_8S83(1):C,0.0048506157472729
8Y2Z(1):A_8I8Y(1):B,0.0002802459639497
8QVC(1):A_8PF5(1):D,0.0003316375659778
21ZX(1):F_21ZX(1):C,0.0042723705992102
8U6H(1):B_9H9V(1):D,0.0007841872284188
8SNF(1):A_8ZHT(1):A,0.0003538804303389
9ZBE(1):A_9IKB(1):C,0.018691848963499
8HCI(1):A_8I3F(1):B,0.000348819012288
8HFP(1):C_8HFP(1):A,0.0005552917718887
8RP1(1):CCC_9ILT(1):A,0.0003199945494998
8JMR(1):B_8PU3(1):A,0.000388860469684
8PEL(1):D_8UF4(1):A,0.0002831926976796
9K1U(1):B_9ZLL(1):E,0.000855368678458
9RMM(1):C_8GMH(1):B,0.0020014876499772
8I3E(1):C_9ERV(1):A,0.0004048144037369
8ZVX(1):B_11LJ(1):C,0.0007939257775433
9WBE(1):D_9QAA(1):B,0.0067840879783034
8FUL(1):A_9KO8(1):A,0.0199440997093915
9HNG(1):B_8R7A(1):B,0.0164654031395912
9NSD(1):G_9X2R(1):B,0.0007782491738907
9ILT(1):E_9H5R(1):A,0.000450053368695
8BOZ(1):A_9Q9V(1):A,0.0005371841834858
8IE2(1):A_8OWU(1):B,0.023654144257307
9ZDM(1):A_8HCI(1):A,0.0011628684587776
9EA8(1):B_9H9V(1):E,0.0016869794344529
8UAI(1):C_8UAI(1):A,0.9918264150619508
9PHV(1):A_8SSM(1):B,0.0006292671896517
9B7D(1):B_8OW6(1):B,0.0027456993702799
9H9V(1):E_9BGL(1):A,0.0005789569113403
8S2M(1):B_8S2M(1):A,0.263691782951355
8PEL(1):G_9DD1(1):A,0.0045073484070599
9WBE(1):A_8U6H(1):A,0.0142739545553922
8VET(1):B_8VET(1):A,0.4658857882022857
8U6G(1):A_8PEL(1):G,0.0004892824217677
9EAV(1):D_9L5U(1):C,0.0006504271295852
9EAV(1):D_9MYT(1):B,0.0003764654102269
9KAN(1):A_8WOK(1):A,0.001761132851243
9V8I(1):B_9WAQ(1):B,0.9212638139724731
8C0J(1):B_9JM8(1):A,0.0018380299443379
9S6C(1):C_9OMD(1):I,0.0016088548582047
8HCI(1):A_8G0P(1):B,0.0003654705069493
9E1J(1):B_8WT4(1):B,0.0003254534967709
9U8R(1):A_8VEO(1):A,0.0002045108267338
9KUE(1):A_8PU3(1):A,0.0036576734855771
8VET(1):B_8I3E(1):C,0.0086699053645133
8RP1(1):AAA_9R2Z(1):A,0.0022262714337557
9JDD(1):A_8CB2(1):BBB,0.0033594430424273
8PU1(1):B_8FUM(1):D,0.0009102802723646
9F26(1):C_9UVD(1):C,0.0002981596335303
8PU1(1):A_8PQQ(1):C,0.0025251579936593
8EZR(1):B_9UDL(1):B,0.0004649074398912
9J9W(1):B_9S6C(1):A,0.0426171422004699
9MYR(1):B_8VET(1):B,0.0007611136534251
9VLL(1):B_8XYF(1):B,0.0031176037155091
9UB9(1):B_9H5R(1):B,0.0006880235741846
9UB9(1):A_8OWS(1):A,0.0042183510959148
8PEL(1):B_21VU(1):A,0.0007355955895036
8OWS(1):C_8IE2(1):A,0.0354584082961082
9MOJ(1):C_8T19(1):B,0.0002487847523298
8PUT(1):E_8IGD(1):B,0.0001689471391728
8RZZ(1):C_8RZZ(1):A,0.0180210564285516
9EAE(1):A_8U45(1):A,0.0007672975189052
9BT4(1):G_8SSM(1):B,0.0032027496490627
9J9W(1):B_9H9V(1):D,0.2595248520374298
9RGL(1):F_8PQQ(1):A,0.2415224462747573
21ZX(1):C_9GWJ(1):D,0.0042524663731455
8C0D(1):A_8BOZ(1):B,0.0003943616757169
8VUM(1):A_8YRE(1):D,0.0647831261157989
8BRR(1):B_9UVD(1):C,0.0001494866446591
8HCI(1):A_9J4P(1):A,0.0007563084946013
8BOZ(1):A_9JDI(1):A,0.001630543381907
8CN3(1):A_8C4X(1):A,0.0002658100274857
9UX0(1):A_9ST4(1):A,0.0011786300456151
8QNQ(1):A_9HBL(1):A,0.0005626525380648
8WHL(1):E_9MOJ(1):B,0.0007827709196135
9HLO(1):A_8RJA(1):E,0.1358585357666015
8ROJ(1):B_9M3I(1):D,0.005217763595283
8TWD(1):A_30KY(1):C,0.0025219400413334
9UVD(1):C_9UVD(1):B,0.0298300087451934
8ROH(1):B_9UDL(1):B,0.000599323073402
8HDD(1):A_8RYI(1):B,0.8401240110397339
9KO8(1):C_8YNX(1):A,0.0007801466272212
8XYF(1):B_8ONW(1):E,0.0004784968041349
9OMD(1):C_9UVD(1):C,0.0002692760026548
9HMX(1):A_8JI9(1):A,0.0012782423291355
9J9W(1):A_8OW6(1):A,0.0049521406181156
8I3E(1):B_8PEL(1):C,0.0002059914986602
8BRT(1):B_8XTA(1):A,0.0002757995389401
8PQQ(1):A_9LEW(1):A,0.0083142882212996
9HAC(1):B_9HAC(1):A,0.0044606612063944
8SJJ(1):A_8R3A(1):A,0.0003583097131922
9HLS(1):B_9HAD(1):C,0.0011692920234054
9BKX(1):d_8HCI(1):A,0.0025622316170483
8WOK(1):A_8U6H(1):B,0.0011323828948661
8K0H(1):B_9DCZ(1):A,0.0012402423890307
8GKO(1):C_9P3F(1):B,0.2547682225704193
9ILT(1):F_9ST4(1):H,0.0002390391600783
9UVD(1):C_8SNF(1):A,0.0002495942171663
8WOK(1):A_9U8Q(1):G,0.0003608063270803
9NSD(1):G_9PZK(1):A,0.0005026437574997
9HMX(1):A_9MYR(1):B,0.0008056325023062
8X3G(1):C_9ST8(1):A,0.0004816011060029
8P9U(1):A_8Z22(1):C,0.0003814122464973
8WHI(1):F_9SJ6(1):C,0.0002975910902023
8PQQ(1):C_8PQQ(1):A,0.9886783957481384
9JM8(1):B_9DOD(1):B,0.0032893882598727
9VO5(1):A_9NTO(1):B,0.0002476887020748
9UDL(1):A_8CN3(1):A,0.0045610689558088
9DD1(1):C_9HAD(1):B,0.0544543713331222
8OWU(1):D_9KO8(1):C,0.0005277645541355
9J9W(1):B_9OK4(1):B,0.0013139884686097
8BRT(1):B_8BRT(1):A,0.9801461100578308
9LEW(1):A_8Q2E(1):B,0.1828452050685882
9UDL(1):B_8BRR(1):A,0.0003610683488659
8SJJ(1):A_8HDD(1):B,0.0002789733116514
9L6B(1):A_8T19(1):B,0.0890963524580001
8VLM(1):A_9ERV(1):A,0.0017299130558967
8U6F(1):A_8X3G(1):C,0.0003073478292208
9H9V(1):C_9VO5(1):A,0.0036262036301195
9CCV(1):B_8K0H(1):B,0.000280237669358
8BRQ(1):B_9G8U(1):B,0.0007064634701237
9H9V(1):F_9HLS(1):A,0.0007353355758823
9NTN(1):G_9PHV(1):A,0.0026498842053115
8HHJ(1):B_8U6G(1):A,0.0168141443282365
9J9W(1):B_9J9W(1):A,0.8727847933769226
9H9V(1):F_8QNQ(1):A,0.0005813570460304
8J48(1):D_8RIU(1):C,0.0003300620883237
8VLM(1):B_8VLM(1):A,0.9863563776016236
8ZHT(1):A_9H9V(1):E,0.0007020499906502
8I8Y(1):A_9ZCS(1):B,0.0004782081523444
8Q2E(1):C_8CCQ(1):A,0.1826038062572479
9H9V(1):D_8RP2(1):AAA,0.0004517098423093
9VO4(1):B_8ONW(1):B,0.0004934972967021
9K1L(1):B_9K1U(1):B,0.000274615100352
9V8I(1):A_9H9V(1):F,0.0235323477536439
8Z22(1):C_8Z22(1):B,0.4331784546375274
8FUL(1):A_8OUA(1):A,0.0043334416113793
8U6G(1):B_9JDD(1):B,0.000787962868344
8Y96(1):C_9W3A(1):A,0.0008236513240262
9VLL(1):A_8T6E(1):A,0.0075605111196637
9HMX(1):A_9C10(1):A,0.0001812458795029
8QVC(1):B_8S05(1):C,0.0004545925185084
8OW6(1):B_9EA8(1):A,0.0039271465502679
9GAI(1):C_12NP(1):A,0.000174590779352
9J4P(1):A_8WHM(1):B,0.0035337414592504
9H9V(1):F_8FZZ(1):A,0.2320296764373779
8UF4(1):A_8I3F(1):B,0.0003157892788294
9LEW(1):B_9VZC(1):B,0.9535042643547058
9DCZ(1):A_8TYX(1):A,0.001199728809297
9LEW(1):B_9LEW(1):A,0.940971851348877
8ONW(1):F_9L7W(1):A,0.0004363953194115
8T6N(1):A_8RQZ(1):B,0.0038171166088432
8RZZ(1):A_8G0P(1):A,0.0011371780419722
8UAI(1):B_8JDI(1):E,0.0003885567712131
9ZBE(1):B_8RPP(1):A,0.0017228682991117
8PUT(1):E_8RJA(1):E,0.0075259944424033
8STP(1):A_8RPP(1):D,0.0823792442679405
8SJJ(1):A_9BKX(1):D,0.0002679877215996
8I2E(1):B_9H9V(1):A,0.0014271050458773
8ZA7(1):B_8ZA7(1):A,0.0789661630988121
8WHI(1):A_8HHJ(1):B,0.002150215441361
9ILT(1):C_9ILT(1):A,0.8957787752151489
8FE8(1):B_8STP(1):B,0.8223838210105896
8YN0(1):D_9BT4(1):E,0.0002837199426721
9L5U(1):C_9K1U(1):B,0.0001545773848192
8PEL(1):F_8PEL(1):D,0.9926015734672546
8G0K(1):B_8RP1(1):AAA,0.0024282408412545
8HXI(1):B_8PEL(1):E,0.0003721339744515
9KW6(1):A_8BGM(1):B,0.0002701137273106
8GJU(1):H_9EAE(1):A,0.0005537671386264
9DCZ(1):A_8S2M(1):B,0.000879343948327
8PEL(1):F_8EZR(1):A,0.0008654291741549
9UDL(1):B_9UDL(1):A,0.9652796387672424
9HLS(1):B_9HLS(1):A,0.8889613151550293
8T6C(1):C_8HS8(1):C,0.0009461430599913
8IH8(1):A_8TYS(1):A,0.0003419991990085
8VEO(1):A_9JDI(1):A,0.0011871781898662
9L6B(1):A_9M3I(1):A,0.000362239050446
8K0H(1):B_8RQZ(1):B,0.001260737190023
8XEH(1):E_9FN0(1):A,0.0009469800861552
8K0H(1):B_8HDD(1):A,0.0012603837531059
9ZLL(1):D_8G0K(1):B,0.0479071214795112
8PQQ(1):A_9L5U(1):A,0.0011556487297639
8OWU(1):D_9K3E(1):C,0.8181819319725037
9DK1(1):A_8U6H(1):B,0.0004612797056324
8ZHT(1):B_9UB9(1):B,0.00388631853275
8ONW(1):B_9NTN(1):G,0.0006623021326959
9K1U(1):B_9G87(1):B,0.0002461476542521
9NTO(1):B_9EAV(1):C,0.0010049839038401
9G8U(1):B_9G8U(1):A,0.0010992225725203
9EAV(1):A_8RPP(1):D,0.0004281692381482
9DD1(1):A_9LPG(1):A,0.0010635360376909
9ST4(1):A_8FZZ(1):A,0.2794865071773529
8UAI(1):C_8IGD(1):C,0.0003489713708404
8ONW(1):D_9F26(1):C,0.8340921401977539
8OW6(1):B_8WHH(1):A,0.0022086503449827
9SJ6(1):A_8I2F(1):B,0.0079525923356413
8T9P(1):B_9KAN(1):A,0.0006765433354303
9K1U(1):C_8YRE(1):D,0.0010125098051503
9HBL(1):A_8ROI(1):A,0.0002630538947414
9ERV(1):B_8FCC(1):A,0.0009074403205886
9WAQ(1):A_8PUT(1):E,0.0003935892891604
9VZC(1):B_8U6G(1):A,0.0005808015121147
9E15(1):A_8PEL(1):B,0.0002717983152251
8UH1(1):A_8JMR(1):A,0.0020479827653616
8WT4(1):B_9J4P(1):B,0.0004409899411257
9G8U(1):A_9PCA(1):A,0.0001586036960361
8GKO(1):C_8U6D(1):A,0.0006033458630554
9ST8(1):A_9NTN(1):A,0.0008045603753998
9UVD(1):B_8Q66(1):B,0.0015953615074977
9ZLL(1):F_8RYI(1):A,0.0049095549620687
9ST4(1):H_9U8R(1):G,0.0006216946640051
11LJ(1):C_8VUF(1):A,0.0081033017486333
8ZD3(1):B_8Y2Z(1):A,0.0005448890733532
9B7D(1):B_8PFC(1):A,0.7440524697303772
8SNF(1):A_8PFC(1):A,0.0004889413830824
8BFI(1):B_8HR0(1):B,0.5498822927474976
9KAN(1):A_8WHI(1):F,0.0017856938065961
21VU(1):H_9MZ5(1):C,0.0003984625800512
8RJA(1):F_9DK1(1):A,0.0006031825905665
8PU1(1):B_8RP2(1):CCC,0.0009886736515909
8PEL(1):D_9BAE(1):A,0.0005251129041425
9DK1(1):B_8Y77(1):B,0.0007831379771232
12NP(1):A_8HDD(1):C,0.000554277037736
8QVC(1):A_9ILT(1):D,0.0115736136212944
9DOD(1):A_9P3J(1):B,0.0002115865499945
9ZLL(1):E_9S6C(1):C,0.0039877509698271
8C0J(1):B_8C0J(1):A,0.9624028205871582
21VU(1):A_9CCK(1):C,0.0012198048643767
8JMR(1):B_8C0J(1):A,0.0002858573279809
8C26(1):B_8RQZ(1):C,0.0013081160141155
9U8Q(1):G_9U8Q(1):A,0.9870198965072632
8Y2Z(1):A_8C0D(1):C,0.0004494373279158
8HCI(1):B_8QL1(1):A,0.0003822245053015
8ONW(1):F_8C0D(1):C,0.0002251871192129
8U6F(1):A_8I2F(1):A,0.0020431019365787
8UAI(1):C_9Q9V(1):B,0.0006049754447303
9ZDM(1):B_9MYT(1):B,0.0013034653384238
8FBD(1):A_8ROJ(1):B,0.0163128580898046
8FCC(1):A_9EYU(1):B,0.0072978255338966
8RPP(1):A_9ILT(1):C,0.0003790834161918
8RQZ(1):C_9GAI(1):A,0.637591540813446
9NSD(1):B_8J49(1):B,0.0546196959912776
9BIY(1):A_9ZEE(1):A,0.7906786799430847
8ROI(1):B_8BRR(1):A,0.000275534344837
9EA8(1):A_8J64(1):A,0.0010199779644608
9RGL(1):F_8PU1(1):B,0.9580931067466736
9VZC(1):B_8YNX(1):A,0.0020538363605737
8U6F(1):B_8Y96(1):C,0.0012972733238711
9ILT(1):A_9KO8(1):A,0.0003001066215801
21VU(1):H_9NTO(1):B,0.0047434996813535
8IGD(1):B_8U6F(1):B,0.0026149174664169
9V8I(1):B_9V8I(1):A,0.8674779534339905
8Q03(1):C_9BIY(1):A,0.0044898758642375
21ZX(1):F_8TYX(1):B,0.000711805303581
8PEL(1):D_9VO4(1):B,0.0002006453432841
8STU(1):A_8ZVX(1):B,0.0004671592032536
8U6H(1):B_8WT0(1):B,0.0006739094969816
9PR8(1):A_21ZX(1):F,0.0005297579336911
8C4X(1):B_8J4B(1):A,0.0007918596966192
8UAI(1):B_8UAI(1):A,0.991812229156494
9M3I(1):C_8I8Y(1):B,0.0002168248174712
8Q66(1):B_9QAA(1):B,0.0036136722192168
9DCZ(1):B_9V8I(1):A,0.0004216110683046
9F79(1):A_8YN0(1):D,0.0028882375918328
8S1X(1):A_8U6N(1):B,0.000377587537514
9K1L(1):A_9L5U(1):A,0.0002939700498245
8UAI(1):A_9E1J(1):A,0.0001934338069986
9SJ6(1):C_9SJ6(1):A,0.1545426249504089
8HHJ(1):A_11LJ(1):A,0.0010726858163252
8Q2E(1):C_9UX0(1):B,0.0003594889421947
8WT0(1):B_9BKX(1):D,0.0065995333716273
9H5R(1):A_9G8U(1):B,0.0005701776244677
8XSU(1):D_9WAQ(1):B,0.0004121498786844
8TYS(1):A_9PHV(1):D,0.0002761565847322
9R84(1):A_8VLM(1):A,0.0016232329653576
8HR0(1):C_8YRE(1):A,0.0016679831314831
9UTY(1):A_9NTO(1):A,0.0046776779927313
8TK9(1):B_8STS(1):A,0.0007073685410432
9L7W(1):B_8OW6(1):A,0.0021764587145298
9SJ6(1):A_9RK9(1):B,0.002575941151008
8STS(1):A_8PF5(1):B,0.0002813690516632
9ILT(1):G_9ILT(1):E,0.2254735678434372
9KW6(1):C_9X2R(1):B,0.0033497484400868
9VLL(1):A_8RPP(1):A,0.0013095021713525
8T6C(1):E_8T6C(1):C,0.000792886246927
8FAR(1):B_9BT4(1):A,0.573758602142334
8RPP(1):D_8JMR(1):A,0.0077096242457628
9ST4(1):H_9MYT(1):A,0.0002803440438583
8YRE(1):A_9ZDM(1):B,0.0015994041459634
9T38(1):A_9LPG(1):A,0.0012545185163617
9VNJ(1):A_9ERV(1):A,0.0002203305484727
8R3A(1):B_9NTN(1):G,0.013325304724276
8VUM(1):A_9Q9V(1):A,0.0086874021217226
8OW6(1):B_8OW6(1):A,0.9618666172027588
9ZBE(1):A_9JM8(1):A,0.0029237791895866
9BGL(1):B_8RP0(1):AAA,0.0009934622794389
9HNG(1):B_9HNG(1):A,0.8943678736686707
8JMQ(1):B_9ZDM(1):B,0.0010217581875622
8WHM(1):A_9U8R(1):A,0.0001485907559981
9WAQ(1):A_8PQQ(1):C,0.0051542902365326
9LPG(1):E_9EYU(1):A,0.0019761512521654
8ZHT(1):A_8RIU(1):B,0.0005475191865116
9ILT(1):A_9H9V(1):H,0.0002983965387102
9B7D(1):A_8HFP(1):A,0.0005000941455364
9P3J(1):A_9F79(1):C,0.0005688157398253
9KW6(1):A_8PEL(1):F,0.0003293077170383
9M3I(1):A_9ZBE(1):A,0.0026529091410338
9SJ6(1):A_9RGL(1):A,0.0652820095419883
8GJU(1):H_9H7Y(1):B,0.0004491932049859
8ONW(1):B_9GAI(1):B,0.001062111579813
8T6E(1):B_9JM8(1):B,0.0013189379824325
8GJU(1):H_8GKO(1):A,0.0017064290586858
9IKB(1):C_9RMM(1):A,0.0006157937459647
8I2F(1):A_8OWS(1):A,0.0019531899597495
9LEW(1):A_9VZY(1):A,0.0201229527592659
8RIU(1):B_9VNJ(1):B,0.0027020482812076
8STU(1):B_9J9W(1):B,0.0114954896271228
8T6N(1):A_8S2M(1):A,0.00124238722492
8C0J(1):B_8Y2Z(1):B,0.0008589361677877
8GM8(1):B_8BRT(1):A,0.0019597550854086
8R7A(1):A_9G87(1):A,0.0004770076193381
8T9P(1):A_8CB2(1):BBB,0.0003985197690781
8CB2(1):BBB_8IGD(1):C,0.0004587840812746
8QVC(1):B_8QVC(1):A,0.8988878130912781
8TK9(1):A_9SJ6(1):A,0.0004481476789806
9IKB(1):C_9GWJ(1):D,0.0325395837426185
8WHM(1):B_8CB2(1):BBB,0.0001385292271152
8BFI(1):C_8FFX(1):B,0.0414534918963909
8BRS(1):A_9BAE(1):B,0.8237640261650085
9ILT(1):G_9ILT(1):A,0.8858157396316528
9QAA(1):B_8C4X(1):A,0.0022446380462497
9L5U(1):C_8WHI(1):A,0.0005797468475066
8P9U(1):A_8ONW(1):D,0.0005089634214527
8FUL(1):B_8U6H(1):A,0.0002734496083576
9AVF(1):B_9M3I(1):C,0.0016234932700172
9W3A(1):E_8U6F(1):B,0.0002794079773593
9VNJ(1):B_8RYI(1):A,0.0006043579196557
8GM8(1):A_9AVF(1):A,0.0088667944073677
9S6C(1):C_8JI9(1):B,0.0010504559613764
8FAR(1):B_8U45(1):C,0.0004230051708873
8GKO(1):C_9QAA(1):A,0.005973023828119
8U6H(1):A_8OW6(1):A,0.0049475752748548
8ROI(1):A_8FZZ(1):B,0.000680053490214
9H9V(1):D_9H9V(1):A,0.0195418242365121
9U8Q(1):G_8WT4(1):B,0.0004680908459704
8PEL(1):F_9MNO(1):A,0.0026782536879181
9KAH(1):A_8RZZ(1):A,0.0075517962686717
8WHM(1):B_8C26(1):A,0.0001443947257939
8UAI(1):C_8UAI(1):B,0.991414487361908
12NP(1):A_9B7D(1):B,0.0015031088842079
8C0J(1):A_8XYF(1):A,0.0004710562643595
9P3F(1):B_8ONW(1):C,0.000254782353295
8J48(1):B_8J64(1):A,0.0155982123687863
9OK4(1):B_8I2F(1):B,0.0002349052520003
9T38(1):B_9PCA(1):B,0.0047606322914361
8PFC(1):B_9X2R(1):A,0.0016235427465289
8FCC(1):B_8ORN(1):B,0.0003186985268257
9E1J(1):B_9UDL(1):B,0.0002722241624724
8RYI(1):B_9F79(1):A,0.0003588433319237
9ILT(1):F_8CCQ(1):B,0.1834186017513275
8BOZ(1):A_8JMQ(1):A,0.0003022046003025
9C10(1):A_8IE2(1):A,0.0007772019598633
9BGL(1):B_8WHH(1):A,0.0015697873895987
9JWA(1):B_9HLO(1):B,0.0027748723514378
9W3A(1):E_8XYF(1):A,0.0008840594673529
8ROJ(1):B_8C0J(1):A,0.0003292635083198
8ROJ(1):B_9H9V(1):C,0.0022641553077846
8J48(1):B_8BGM(1):B,0.0312057957053184
8PEL(1):F_8PEL(1):C,0.9936694502830504
8RIU(1):C_9ILT(1):C,0.0009149814723059
8I2F(1):A_9J4P(1):A,0.0006655085016973
8FUL(1):B_9T38(1):B,0.0127224577590823
9I25(1):C_8U6G(1):A,0.0008100623381324
8Y2Z(1):B_8Y2Z(1):A,0.9460042119026184
9H9V(1):C_9H9V(1):A,0.0138356760144233
9BGL(1):B_9BGL(1):A,0.0008423316176049
9L7W(1):B_9L7W(1):A,0.2151981890201568
8OWU(1):B_8SSM(1):B,0.2770622670650482
9KAH(1):C_9JWA(1):B,0.0006905190530233
9EAV(1):C_8FZZ(1):B,0.00110438617412
9BKX(1):D_8T9P(1):A,0.0799413546919822
9PZK(1):B_8Q2E(1):B,0.0022526069078594
8SSM(1):C_8SSM(1):B,0.0044528967700898
8BRS(1):B_8BRS(1):A,0.9800572395324708
9BIY(1):A_8I8Y(1):B,0.0006985122454352
9IKB(1):B_8FZZ(1):B,0.0008417515200562
9HAE(1):B_9HAE(1):A,0.0010755325201898
9H9V(1):E_8GM8(1):A,0.0007240576669573
8QVC(1):B_9KUE(1):C,0.0243706479668617
8WHM(1):A_9UTY(1):B,0.0001425941154593
8BRT(1):A_8CB2(1):BBB,0.0006566715892404
9ST8(1):A_8ZHT(1):B,0.0014457267243415
8BRQ(1):A_8Y96(1):C,0.0039221788756549
8IGD(1):C_9H9V(1):G,0.0013996928464621
9KUE(1):C_8S83(1):C,0.0019742308650165
9L6B(1):A_9KUE(1):C,0.0001823391357902
8SNF(1):A_9MYR(1):A,0.0149955572560429
8BRR(1):B_8BRR(1):A,0.9797985553741456
8OWS(1):A_9UVD(1):B,0.0010785856284201
9J4P(1):A_8Q66(1):A,0.0131763508543372
9BKX(1):D_8RP0(1):AAA,0.0014665673952549
8EZR(1):A_8PFC(1):B,0.0005799673381261
8I3E(1):C_8VLM(1):B,0.0006418101838789
9FN0(1):A_9HNG(1):A,0.0007644380093552
8BRT(1):A_9OK4(1):B,0.0002740882919169
8R7A(1):B_9U8Q(1):A,0.0004282008740119
8PFC(1):A_9JDI(1):A,0.3378832340240478
9B7D(1):B_9LEW(1):B,0.0306999869644641
8RIU(1):C_9NTN(1):G,0.0062678912654519
9WBE(1):A_9M3I(1):A,0.0008722890052013
9MYR(1):B_8T9P(1):B,0.3564001321792602
8XYF(1):B_8XYF(1):A,0.1531794220209121
8IE2(1):A_8IE2(1):E,0.0138481874018907
9MYR(1):B_8FBD(1):A,0.0005577083211392
9QAA(1):B_9QAA(1):A,0.0572363510727882
9GWJ(1):D_9DCZ(1):A,0.0011662518372759
8S05(1):A_8TK9(1):B,0.0010653650388121
9RMM(1):C_8WT0(1):A,0.0023272507824003
8XYF(1):A_9QAA(1):A,0.0048449244350194
8X3G(1):C_9RMM(1):A,0.0002623666077852
8G0K(1):B_8CCQ(1):B,0.0003184943925589
9KZL(1):A_8J49(1):B,0.0031765124294906
8UF4(1):A_8ONW(1):B,0.0001814618590287
9UX0(1):B_9UX0(1):A,0.0102100186049938
9HNG(1):B_8R3A(1):B,0.0008179905125871
8BRQ(1):B_8BRQ(1):A,0.979971408843994
9VZY(1):D_8FFX(1):A,0.0007483737426809
9UVE(1):B_9H9V(1):F,0.0012101889587938
8FZZ(1):B_8YNX(1):A,0.0192105267196893
9J9W(1):A_8J48(1):B,0.0046182181686162
8ZA7(1):B_8T6C(1):C,0.000625233456958
9W3A(1):A_8ONW(1):D,0.003048820188269
9UB9(1):A_9UVD(1):B,0.0001728630450088
9UDL(1):A_8FUM(1):C,0.0002260051405755
9HAC(1):B_9S6C(1):A,0.0006886763148941
8UF4(1):A_8CB2(1):AAA,0.0009213458397425
9BGL(1):A_8XSU(1):C,0.0001988252770388
9UB9(1):A_8FCC(1):A,0.0004905192181468
9KZL(1):A_9MYR(1):A,0.0002038566744886
8U6H(1):B_8T9O(1):B,0.0003688242577482
9OLQ(1):A_30KY(1):C,0.0036369804292917
8PFC(1):A_9V8I(1):A,0.0688850209116935
9LP2(1):C_8P9U(1):A,0.0020305514335632
8Q2E(1):A_8S2M(1):A,0.0005591153167188
9BT4(1):A_8TYX(1):B,0.0005097878165543
8STU(1):B_9UVD(1):C,0.0006925984052941
9W3A(1):A_8S83(1):B,0.0003572613641154
8WOK(1):A_9PR8(1):A,0.0025363632012158
9E1J(1):B_9M3I(1):D,0.000190949474927
8UF4(1):A_8T9O(1):B,0.0002467075246386
8TK9(1):B_9L5U(1):A,0.0132689792662858
8WHH(1):A_8I8Y(1):B,0.0003593833826016
8UF4(1):B_8UAI(1):A,0.001997135579586
9W3A(1):A_9MYT(1):B,0.0002362542873015
9OK4(1):C_9OK4(1):B,0.0026546053122729
8WHH(1):E_9H9V(1):E,0.0005667284713126
9E15(1):B_9EAV(1):D,0.0001954343606485
8U6H(1):A_9GCO(1):C,0.0026596323587
8TWD(1):A_9SDC(1):C,0.0009752960177138
9OK4(1):C_8PU3(1):A,0.0040523973293602
8U6G(1):B_8FAR(1):B,0.0004027953837066
8SSM(1):B_8FAR(1):A,0.0152239091694355
9ZEE(1):B_9S6C(1):C,0.0053424751386046
9L7W(1):B_8TK9(1):A,0.0009415505337528
9ZEE(1):A_8HDD(1):A,0.0014926958829164
9KZL(1):A_8I8Y(1):B,0.0019645567517727
8S2M(1):B_8ONW(1):C,0.0011971706990152
8BWV(1):A_8JMQ(1):A,0.0003457466082181
9LP2(1):C_9LP2(1):A,0.982817530632019
30KX(1):E_9RMM(1):C,0.0014691252727061
8XEH(1):E_9MNO(1):A,0.3170413672924042
9FN0(1):A_9HLO(1):A,0.0007890707347542
9F26(1):A_8UH1(1):B,0.0007712641381658
8ROH(1):A_9H5R(1):B,0.0003051844832953
8UH1(1):B_8HS8(1):C,0.0006921862950548
8Q2E(1):B_8IGD(1):C,0.0004667408356908
9V8I(1):B_8I2E(1):A,0.0100638577714562
9CCV(1):B_8PFC(1):A,0.0008928001043386
8G0P(1):A_9J9W(1):B,0.008409927599132
8STP(1):B_8STP(1):A,0.8130081295967102
9L7W(1):A_9K3E(1):B,0.3132491409778595
8J4B(1):A_8GM8(1):A,0.1071797460317611
8HHJ(1):B_8HHJ(1):A,0.8235158920288086
8I3E(1):B_8IH8(1):C,0.0002806082484312
8HDD(1):A_8R3A(1):B,0.9761912822723388
8JMR(1):B_9JDD(1):A,0.0091119147837162
9W3A(1):A_9L7W(1):A,0.0004425539518706
8QNQ(1):A_9GWJ(1):C,0.0011456219945102
9DCZ(1):A_8S83(1):B,0.0011185819748789
9H9V(1):D_9BT4(1):E,0.0004878738545812
9R84(1):A_9ST4(1):H,0.0005024664569646
8STU(1):A_8I3F(1):B,0.0008742956561036
9MNO(1):E_9MNO(1):A,0.0095301251858472
8PF5(1):D_8I3E(1):C,0.0002384009712841
8J09(1):A_8VUF(1):B,0.0013280507409945
8PFC(1):B_9GAI(1):B,0.000217071181396
8VLM(1):A_9HLO(1):A,0.0064290012232959
9BIY(1):B_8I2E(1):A,0.0059485165402293
8PUT(1):A_9RK9(1):A,0.8797541260719299
30KY(1):B_8TK9(1):B,0.0011505630100145
8RP2(1):CCC_9UVD(1):C,0.0003337133675813
8S2M(1):A_21VU(1):H,0.0012666543480008
9V8I(1):B_9ZLL(1):F,0.4688136279582977
8I3E(1):B_9VO4(1):B,0.0003548056993167
9VLL(1):B_9H9V(1):G,0.0006443359307013
8I2F(1):B_8SJJ(1):C,0.0005065514123998
8TYS(1):B_8ROJ(1):B,0.0003516526194289
9EYU(1):B_9EYU(1):A,0.36524298787117
9CCK(1):C_9VZC(1):B,0.0007752177189104
9HMX(1):B_9HMX(1):A,0.978860318660736
9IZ3(1):B_9UDL(1):A,0.0002760060306172
9K1L(1):B_8PEL(1):D,0.0002212979889009
8UAI(1):B_9LP2(1):C,0.0009033167734742
8ONW(1):B_9H9V(1):G,0.0005813802708871
9DK1(1):A_8TWD(1):A,0.0008051739423535
8J49(1):B_8PEL(1):E,0.0007341470336541
9KO8(1):A_8QNL(1):A,0.1265948563814163
8P9U(1):C_9F79(1):C,0.0002642429026309
8TYX(1):B_8PFC(1):A,0.0002800186630338
8XYF(1):A_9Z7O(1):C,0.3024899661540985
9ILT(1):G_9OLQ(1):B,0.0027254088781774
8PEL(1):E_8PEL(1):B,0.992395043373108
9ZCS(1):A_8Y96(1):C,0.0062631736509501
9P3F(1):B_9ZLL(1):E,0.0008848002180457
8ROH(1):A_8TYX(1):A,0.0007319099386222
9W3A(1):A_11LJ(1):A,0.000193760919501
8VET(1):A_9IZ3(1):A,0.0001907324040075
8ZVX(1):B_8ZVX(1):A,0.7276113033294678
9EA8(1):B_8OUA(1):C,0.00115375185851
9I25(1):C_9VNJ(1):B,0.8183068037033081
8G0P(1):A_9BIY(1):B,0.0005242347251623
8SNF(1):A_9IKB(1):G,0.0003507046203594
8J64(1):B_8VUF(1):B,0.0004980927333235
9VZC(1):A_8ZVX(1):B,0.000378683587769
9H5R(1):B_8STP(1):B,0.0004556448257062
8XEH(1):A_9UVE(1):B,0.0003577795869205
8S83(1):C_9LPG(1):A,0.0002625818306114
9UX0(1):A_9RMM(1):C,0.0026259180158376
9U8R(1):A_8TYX(1):B,0.2767992317676544
8VEO(1):B_9G87(1):A,0.0003814089577645
8I8Y(1):A_8JMR(1):A,0.0002273683057865
8S05(1):A_9V8I(1):B,0.0026287694927304
8U6H(1):A_9X2R(1):A,0.0075655784457921
9BIY(1):B_8ZHT(1):A,0.0039510098285973
9BGL(1):B_9C10(1):B,0.0248640365898609
8BRS(1):B_8FE8(1):B,0.0003640762006398
8TYS(1):A_21ZX(1):F,0.0003782634157687
9E1J(1):B_9EYU(1):A,0.0001167841764981
8RQZ(1):C_8RIU(1):C,0.7850415110588074
8RZZ(1):C_9E15(1):A,0.0006372394855134
9ZLL(1):E_8R7A(1):B,0.0034918214660137
8T0P(1):B_8SJJ(1):C,0.0080777062103152
8RJA(1):F_9K1L(1):B,0.000349565205397
8OWS(1):A_8ZD3(1):A,0.0008926419541239
9IKB(1):C_9GCO(1):C,0.0099098617210984
8QHN(1):A_8HHJ(1):B,0.0022433097474277
8JI9(1):A_9ZDM(1):A,0.003793713171035
8IGD(1):B_8TYS(1):A,0.0001799384190235
9B7D(1):B_8HHJ(1):A,0.4242159724235534
9OMD(1):I_8T9P(1):B,0.0048127914778888
9MOJ(1):C_9RMM(1):C,0.0003358847752679
8J48(1):B_8GJU(1):H,0.0008598418789915
8VUM(1):B_8VUM(1):A,0.8267080187797546
9UVE(1):B_9MOJ(1):B,0.0008396538905799
8VUF(1):B_9X2R(1):A,0.0086110970005393
9H9V(1):D_8C4Z(1):B,0.0007070713327266
8HR0(1):B_9VO5(1):A,0.0002748830884229
9GCO(1):B_21ZX(1):F,0.0017257941653952
8HFP(1):C_8HR0(1):B,0.0023436918854713
8SNK(1):B_9MOJ(1):B,0.0006753972847945
21VU(1):A_9HLO(1):A,0.0070153884589672
9X2R(1):B_9K3E(1):B,0.0011377502232789
9KAH(1):A_8CM0(1):A,0.0006614480516873
8GJU(1):H_9RGL(1):A,0.0051831169985234
8GMH(1):D_8GMH(1):B,0.981779158115387
8TYX(1):B_8S1X(1):A,0.008359145373106
8VUF(1):A_8T9O(1):B,0.0004079747013747
9BAE(1):A_8VUF(1):A,0.0003957140143029
9VZY(1):D_8BGM(1):B,0.0003490859817247
9JM8(1):A_9LP2(1):C,0.9638001322746276
8Y77(1):B_9IKB(1):B,0.0006532917032018
8TK9(1):B_8T9P(1):B,0.0001478601770941
8HFP(1):C_9VLL(1):A,0.000305185385514
9K3E(1):C_9X2R(1):A,0.0039666364900767
8CM0(1):B_9H9V(1):G,0.0123322317376732
9E15(1):B_9E15(1):A,0.985138177871704
9DK1(1):B_8SSM(1):C,0.0004382393963169
9MOJ(1):B_9H9V(1):F,0.0010796274291351
8GMH(1):D_8G0P(1):A,0.0006323387497104
9PCA(1):A_8G0P(1):B,0.0015800677938386
8PFC(1):A_8PQQ(1):A,0.0008660143939778
9KW6(1):C_8Z22(1):C,0.000407376413932
9ZDM(1):B_8BRS(1):B,0.0008516564848832
8VUM(1):B_8GJU(1):A,0.0034667639993131
9ZDM(1):A_8FCC(1):B,0.0011753813596442
8BGM(1):B_8ZHT(1):B,0.0143110901117324
9BT4(1):A_8T9O(1):B,0.0406599976122379
9LPG(1):E_8IH8(1):A,0.0021922488231211
8I2E(1):B_8I2E(1):A,0.8118279576301575
8HR0(1):B_9ST4(1):H,0.0024467632174491
8ONW(1):E_8HXI(1):B,0.0004865595547016
9BKX(1):D_9G87(1):B,0.003499653423205
9BKX(1):d_9E1J(1):B,0.0002143423917004
9U8R(1):G_9NTN(1):A,0.1106869727373123
8CM0(1):A_9DCZ(1):A,0.0018421384738758
9AVF(1):B_9VZC(1):A,0.000837878731545
9LP2(1):A_9PR8(1):C,0.0433712378144264
8XSU(1):C_9ZLL(1):D,0.0004985152045264
9HLS(1):B_8RP1(1):AAA,0.001348296762444
9UDL(1):B_9IZ3(1):B,0.0003236391348764
8TK9(1):A_8GMH(1):B,0.0018148197559639
8UH1(1):B_8RIU(1):C,0.0003679949149955
8Q2E(1):B_9MOJ(1):C,0.0015179746551439
8HXI(1):A_9H7Y(1):B,0.0006336047663353
9K3E(1):C_9ILT(1):G,0.0002283198118675
8XYF(1):B_21VU(1):A,0.0023630529176443
9UDL(1):A_9UB9(1):A,0.0002875608042813
8BRS(1):A_9UX0(1):A,0.0014846757985651
8UAI(1):C_8BFI(1):C,0.0008019173983484
8R3A(1):A_8PF5(1):B,0.0003959264431614
8Q66(1):A_8S1X(1):A,0.0008499061805196
9P3F(1):A_9IKB(1):C,0.0003054234548471
9P3J(1):A_9V8I(1):B,0.0015913511160761
8ZVX(1):B_8I3F(1):B,0.0002659710007719
8QL1(1):B_9ZDM(1):B,0.0005645353230647
8HXI(1):B_8HXI(1):A,0.99308842420578
8WOK(1):B_8IH8(1):A,0.0008586853509768
8WHH(1):E_9W3A(1):A,0.000262700516032
9KAN(1):A_8PF5(1):D,0.0010274300584569
8IH8(1):A_8XT8(1):A,0.0012749430024996
9ILT(1):C_8U6H(1):B,0.0003407738695386
8R7A(1):B_9NSD(1):B,0.0017579634441062
9MOJ(1):B_8HS8(1):A,0.0028532722499221
9RK9(1):B_9RK9(1):A,0.1083492934703826
8U6D(1):B_9DD1(1):C,0.0030472106300294
9ILT(1):F_9ST4(1):A,0.0004990607849322
8BWV(1):A_9UDL(1):B,0.0003494359261821
8HDD(1):C_8HDD(1):B,0.0005201722960919
8CB2(1):BBB_8YRE(1):D,0.0002214543928857
8T9P(1):A_9BKX(1):d,0.1077050864696502
8QL1(1):B_8Q03(1):A,0.0013938174815848
9U8Q(1):G_8FFX(1):B,0.0003416124382056
9BAE(1):B_9I25(1):A,0.0330609157681465
9ZLL(1):E_8RJA(1):F,0.0014188502682372
9EAE(1):C_9BT4(1):B,0.0001789090165402
8TYS(1):A_8ROJ(1):B,0.0003314416098874
8C26(1):B_8GMH(1):C,0.0014121595304459
8STS(1):A_9LEW(1):A,0.0003513779665809
8RPP(1):A_9PR8(1):A,0.000203572504688
8BRT(1):A_8STP(1):A,0.0004241642309352
8T9P(1):B_8TWD(1):A,0.0007140419911593
9ZEE(1):B_9HBL(1):A,0.0002052112686214
9K1U(1):B_8VLM(1):B,0.0002554595121182
8FE8(1):B_8G0K(1):B,0.0013925888342782
8Q66(1):A_9L5U(1):C,0.0841271132230758
9JDD(1):B_8FUM(1):C,0.0007433758582919
8T6C(1):C_9UDL(1):A,0.0003081021131947
8BFI(1):C_8BFI(1):B,0.1261514276266098
8YRE(1):D_9P3F(1):A,0.0003535460855346
9DCZ(1):B_9OMD(1):I,0.0017974140355363
8HXI(1):A_9HAC(1):A,0.9424890875816344
8T9O(1):B_8I3F(1):B,0.0002675800060387
8U6H(1):B_9HAD(1):B,0.0032554562203586
8WHM(1):A_8XEH(1):E,0.0002710413828026
8JMR(1):B_8U6H(1):A,0.0091498754918575
8GJU(1):H_8GJU(1):A,0.2037097364664077
9RMM(1):C_9RK9(1):A,0.0008230860112234
8R7D(1):A_9QAA(1):A,0.0012429382186383
9UB9(1):B_9KUE(1):A,0.0010491592111065
8FUM(1):C_8C0J(1):A,0.0004704894672613
8WHL(1):E_8PEL(1):E,0.0006521241157315
9ZLL(1):D_8PEL(1):E,0.0004581272078212
9NTO(1):B_8VUF(1):A,0.0003999513282906
8Q2E(1):C_9P3F(1):A,0.0005335669266059
8WT4(1):B_8TWD(1):C,0.0004554435436148
8OW6(1):B_8RZZ(1):A,0.0630872771143913
8GM8(1):A_9C10(1):A,0.0001736546983011
9H9V(1):F_9H9V(1):B,0.6257936954498291
8U6N(1):B_9MNO(1):A,0.0013096866896376
8I3E(1):B_8P9U(1):A,0.0002842641551978
8JI9(1):A_9CCK(1):A,0.000308101210976
9MOJ(1):B_9Z7O(1):C,0.0024071396328508
8U6G(1):A_9BIY(1):A,0.002886428264901
9FN0(1):A_9ILT(1):E,0.0016665973234921
8ONW(1):C_8CM0(1):B,0.0008646688074804
9VO5(1):A_9ZBE(1):A,0.0007035274174995
9C10(1):A_9GAI(1):C,0.0002077358949463
9J9W(1):A_9L5U(1):C,0.2048880159854889
8TK9(1):B_8U6F(1):B,0.0004555399355012
9WBE(1):A_9UDL(1):B,0.0524687245488166
8YN0(1):D_8ZVX(1):B,0.0005135278333909
9KZL(1):A_30KX(1):D,0.0053971102461218
9KUE(1):A_9PHV(1):A,0.0010772639652714
9MZ5(1):B_8UH1(1):A,0.0030852186027914
8OUA(1):A_21VU(1):A,0.0006289863376878
8UF4(1):A_8FCC(1):A,0.0024130693636834
8XSU(1):D_8XSU(1):C,0.986624836921692
8HFP(1):C_9PZK(1):B,0.0003230882284697
8I3F(1):A_8ZA7(1):B,0.0003624650998972
8HR0(1):C_8C4X(1):A,0.0001647431054152
8I8Y(1):B_8I3F(1):A,0.0002482265408616
8STU(1):B_9VO5(1):B,0.005203191190958
9VO5(1):B_8IH8(1):A,0.0002621263265609
9UDL(1):A_8HFP(1):C,0.0556388162076473
9B7D(1):B_8BOZ(1):B,0.0371913239359855
9ILT(1):F_8Z22(1):B,0.0003535462601576
8JI9(1):B_9PZK(1):B,0.0022087271790951
9AVF(1):A_8S83(1):B,0.0013587898574769
8U45(1):A_9ZLL(1):F,0.0044237826950848
9ILT(1):E_8I2E(1):B,0.0009239109931513
8I3E(1):C_9GCO(1):B,0.0004745417973026
9K1L(1):A_8VUF(1):B,0.0537035875022411
9L6B(1):B_9KAH(1):A,0.0010674780933186
8R7D(1):A_8RJA(1):F,0.0667271986603736
8IE2(1):A_9U8R(1):G,0.0005003158585168
8C0J(1):B_8S83(1):C,0.0066846990957856
8Q2E(1):B_9F79(1):C,0.0003526219225022
8BFI(1):B_8XTA(1):A,0.0003695353807415
11LJ(1):C_11LJ(1):A,0.0204964857548475
8T9P(1):A_30KX(1):E,0.000936790020205
8QNQ(1):A_8TK9(1):A,0.0001726665359456
9L5U(1):C_8XEH(1):A,0.0015172477578744
8TYX(1):B_9DOD(1):A,0.0002412316534901
9H9V(1):A_8CB2(1):BBB,0.0116195250302553
8FUM(1):C_8ZVX(1):A,0.0004369076923467
8ONW(1):C_9RK9(1):B,0.0007171988254413
9L6B(1):B_9VZY(1):D,0.0020245441701263
9R2Z(1):B_8ORN(1):A,0.0004535671323537
9KAN(1):B_9DCZ(1):B,0.0011855914490297
9L5U(1):A_9OMD(1):C,0.0481874383985996
9GWJ(1):D_8RJA(1):E,0.0004969872534275
8G0P(1):B_9JDI(1):A,0.0039933063089847
8BRT(1):B_8FCC(1):A,0.0003922522591892
9W3A(1):E_9W3A(1):A,0.9246178269386292
8WHI(1):F_8BGM(1):A,0.0005142329027876
9G8U(1):A_9F79(1):A,0.0002300853375345
8X3G(1):C_8Q2E(1):C,0.2684292495250702
9ZDM(1):A_9I25(1):A,0.0003213103045709
9BT4(1):E_8OWS(1):A,0.0007251352653838
9RMM(1):C_8I2F(1):A,0.0017518346430733
8U6G(1):B_9Q1H(1):A,0.0015704541001468
9J9W(1):B_9HNG(1):A,0.1139207705855369
8VLM(1):B_9OLQ(1):A,0.0010959613136947
8T19(1):A_9UX0(1):A,0.002038364065811
8C4X(1):B_8PEL(1):C,0.0010276013053953
21VU(1):A_9DCZ(1):A,0.0021149315871298
8ONW(1):D_8SSM(1):B,0.0010702065192162
8VEO(1):A_8FUM(1):C,0.0001821846381062
9ST4(1):A_9ST4(1):H,0.5122849345207214
9UB9(1):A_9E1J(1):A,0.1320039927959442
8IGD(1):C_8SJJ(1):A,0.0003618992341216
9GAI(1):D_9GAI(1):B,0.0241842623800039
8VLM(1):A_8EZR(1):A,0.577856183052063
8U6D(1):A_8BRQ(1):A,0.0004475427267607
8C4X(1):B_8PU1(1):B,0.0006793040083721
9CCK(1):C_8PF5(1):D,0.0008349303388968
8WHH(1):E_8CB2(1):BBB,0.0002240261965198
8PEL(1):D_8TYX(1):B,0.0003589239204302
8YN0(1):D_9L7W(1):A,0.0040692910552024
8XEH(1):E_8WHI(1):F,0.0002396455092821
8XEH(1):E_9NTO(1):A,0.0019705381710082
9H9V(1):A_9MZ5(1):B,0.0007135117193683
8YNX(1):B_8U6H(1):A,0.0024355240166187
8VLM(1):B_8C4X(1):B,0.0005533042130991
9JDD(1):A_8GMH(1):D,0.0035208561457693
8BRQ(1):A_8ZHT(1):A,0.3050790429115295
8GJU(1):A_8ORN(1):A,0.0006084805354475
8U6H(1):A_9V8I(1):B,0.0766801834106445
9HAC(1):A_8C4X(1):A,0.8073211312294006
9HBL(1):A_8ONW(1):D,0.4875713884830475
9DCZ(1):A_8GMH(1):C,0.0025888078380376
8Y96(1):C_8STS(1):B,0.0012381172273308
9VZY(1):A_8ROH(1):B,0.0001964205439435
9T38(1):A_8JMQ(1):A,0.0022335757967084
8BWV(1):A_9RK9(1):A,0.0005251842085272
8VLM(1):B_9MYR(1):B,0.000551022181753
9T38(1):B_9PCA(1):A,0.0014670584350824
8Y2Z(1):A_8EZR(1):A,0.0055577070452272
8STS(1):A_8C0D(1):B,0.0033564970362931
9L5U(1):A_8Q2E(1):B,0.0779581293463707
9I25(1):C_8ZVX(1):B,0.0043106540106236
8ROJ(1):B_9RMM(1):A,0.0002288566320203
30KY(1):C_8Z22(1):B,0.0003580078773666
8BRR(1):B_9ILT(1):F,0.0077567952685058
8BRT(1):A_9HLS(1):A,0.0017962295096367
8RYI(1):B_8RYI(1):A,0.9831142425537108
8JMR(1):B_9J4P(1):A,0.2137662023305893
8PF5(1):C_8VUF(1):A,0.0002861236862372
9ZLL(1):E_8XEH(1):A,0.0076799974776804
9PCA(1):B_9PCA(1):A,0.4942926466464996
8S1X(1):A_9BT4(1):A,0.0107977604493498
8SNK(1):B_8Q2E(1):C,0.2663577795028686
9H5R(1):A_9H9V(1):A,0.0027380706742405
9MYT(1):A_8Y2Z(1):B,0.0005113371298648
8HHJ(1):A_8J48(1):B,0.0053411582484841
8HR0(1):B_9PCA(1):B,0.0064820172265172
8I2F(1):A_9JDI(1):C,0.0324187316000461
9IZ3(1):A_9H7Y(1):A,0.0020150246564298
8Q66(1):B_9NSD(1):B,0.0779763832688331
9G87(1):A_9HBL(1):B,0.0004640705592464
8T6N(1):H_8T6N(1):A,0.0014120343839749
9PZK(1):B_9UTY(1):B,0.0002934841904789
8XYF(1):B_8ZVX(1):B,0.0931174606084823
9H9V(1):D_8SNK(1):I,0.0003151471610181
21VU(1):A_8QHN(1):D,0.0044354894198477
8I8Y(1):A_8VUF(1):B,0.0004563165421131
9BAE(1):B_9BIY(1):A,0.0080392155796289
8IH8(1):C_9G8U(1):B,0.0005916446680203
8HR0(1):B_9EAV(1):A,0.0002850522869266
8I3E(1):B_8G0P(1):B,0.003387457691133
9U8Q(1):A_9IKB(1):B,0.000848009600304
9M3I(1):D_8Q66(1):A,0.0012424931628629
8Z22(1):B_8U6G(1):B,0.0303805582225322
9OK4(1):B_8S83(1):C,0.0006243911921046
8Y96(1):C_9GCO(1):B,0.0084346402436494
9H7Y(1):A_8Y2Z(1):A,0.0003564054786693
9J4P(1):B_9F79(1):A,0.0010877437889575
8FFX(1):A_8T6N(1):H,0.0005519289406947
8ZD3(1):B_9ILT(1):A,0.0002463796408846
9DOD(1):A_9K1L(1):B,0.0191136468201875
8T19(1):B_8VLM(1):B,0.0026945034042
8C0D(1):C_8C0D(1):A,0.0066678542643785
8XTA(1):A_9Z7O(1):A,0.9869768023490906
8R7D(1):B_8R3A(1):A,0.0050876727327704
9UX0(1):A_9T38(1):A,0.2443345785140991
8SSM(1):B_9VLL(1):A,0.021699009463191
9GWJ(1):C_8SNK(1):I,0.0008583925082348
8STU(1):B_8VUF(1):B,0.8368040919303894
9PZK(1):B_9H7Y(1):A,0.0013909657718613
9U8Q(1):A_9JDD(1):A,0.0002604408364277
8EY4(1):A_8EY4(1):I,0.5895161032676697
9NSD(1):G_8C0D(1):C,0.0004819202295038
8RP0(1):AAA_8OUA(1):A,0.0091038113459944
9E1J(1):B_8PFC(1):A,0.0003413999802432
9JM8(1):B_8ZVX(1):A,0.0059846118092536
9ZCS(1):B_8R7D(1):B,0.0007200134568847
8IE2(1):E_8OUA(1):A,0.0005923801218159
9ZEE(1):A_9G87(1):B,0.0124464407563209
8GMH(1):B_8VLM(1):B,0.0021206683013588
9EYU(1):A_9MNO(1):E,0.0006622864166274
8FAR(1):A_9KW6(1):C,0.0015188754769042
8PF5(1):C_8R7D(1):A,0.0450706370174884
9DK1(1):B_8PEL(1):G,0.0031418337021023
9HAD(1):C_8BGM(1):A,0.0061419392004609
8HHJ(1):B_9EAV(1):A,0.0026910013984888
8FFX(1):B_8FFX(1):A,0.8167657852172852
9R2Z(1):B_9R84(1):A,0.0009207456023432
8RIU(1):C_8RIU(1):B,0.5980113744735718
8OWS(1):A_9L7W(1):B,0.0278960335999727
9HAE(1):B_9J4P(1):A,0.004424465354532
8RP1(1):CCC_8RP1(1):AAA,0.9162006974220276
8U6F(1):B_8WHM(1):A,0.004166483413428
9MZ5(1):C_9H9V(1):C,0.000350179412635
8BRT(1):A_8GM8(1):A,0.0005787260015495
8JMQ(1):B_8TYS(1):A,0.0026149197947233
8ZVX(1):A_8VUM(1):B,0.0004153438785579
9HAC(1):A_21VU(1):H,0.001956577412784
8JI9(1):B_8JMR(1):B,0.0032779967878013
9BKX(1):d_8XYF(1):A,0.2949476838111877
9GAI(1):A_9HNG(1):B,0.0005926300073042
8EY4(1):A_8HDD(1):B,0.0007661139243282
9JDI(1):C_9JDI(1):A,0.059429932385683
9PZK(1):B_8VET(1):B,0.000901173625607
8QL1(1):A_8T0P(1):B,0.0012995724100619
9BGL(1):B_9IKB(1):B,0.0011068012099713
9ZCS(1):B_8C4X(1):B,0.0009246621630154
9GZQ(1):B_9VLL(1):A,0.001821243786253
8YNX(1):A_8RQZ(1):C,0.0010274539235979
8CB2(1):BBB_9MYT(1):B,0.021795131266117
8UF4(1):A_9HAE(1):B,0.0003315481299068
8T9P(1):B_9Q9V(1):B,0.0005809410358779
9RK9(1):B_8R7A(1):B,0.4327970743179321
8JMR(1):B_8C26(1):B,0.0001551118766656
9UVD(1):C_8RJA(1):E,0.0001952255697688
9IKB(1):B_9GAI(1):C,0.0007465268136002
8J48(1):D_8ROJ(1):B,0.0016385167837142
9QAA(1):B_9MZ5(1):B,0.0016886908560991
9X2R(1):B_9ST8(1):A,0.0041617616079747
8BWV(1):A_30KX(1):E,0.0007470733835361
8G0P(1):A_9DOD(1):A,0.0019110551802441
8PFC(1):A_8HFP(1):A,0.0003710211021825
8XUD(1):A_8I3E(1):B,0.0001631178020033
9HAD(1):C_8BGM(1):B,0.0006713577895425
9UVD(1):C_8J48(1):B,0.0005216628778725
8Y96(1):A_8G0P(1):B,0.0004871501005254
9KUE(1):C_8XSU(1):C,0.0748661085963249
9L6B(1):B_9SJ6(1):A,0.000326569948811
8G0P(1):B_8G0P(1):A,0.2090565115213394
9L6B(1):B_8ORN(1):A,0.0023114867508411
9UVD(1):B_9ST4(1):A,0.0033207607921212
9ILT(1):E_9ILT(1):A,0.9554046988487244
30KX(1):D_9HAD(1):B,0.0026834793388843
9H9V(1):B_8SSM(1):B,0.0044597890228033
8PEL(1):E_8QNL(1):C,0.0015984451165422
9PHV(1):D_8EZR(1):A,0.0034918396268039
9JDD(1):A_8R7A(1):A,0.0007351415115408
9EA8(1):B_9BGL(1):A,0.0007906921673566
8FZZ(1):B_8HS8(1):A,0.0045267231762409
8S2M(1):A_9J9W(1):A,0.7961825728416443
9P3F(1):B_9VZY(1):D,0.0030936307739466
8RZZ(1):A_8ONW(1):B,0.0012333762133494
12NP(1):A_30KX(1):D,0.0008031501783989
9UVD(1):C_9KAH(1):C,0.0005033804336562
8SNK(1):B_9EAE(1):A,0.3583428859710693
9KUE(1):A_8ROJ(1):A,0.0011273598065599
8OWS(1):A_8ZA7(1):A,0.2659538984298706
9UVD(1):C_8Y2Z(1):B,0.0042262943461537
8HHJ(1):B_9G87(1):B,0.0014498677337542
9GAI(1):A_8ONW(1):F,0.0008793141460046
8JI9(1):B_8JI9(1):A,0.0019240956753492
8ONW(1):E_8TYX(1):B,0.0002769980055745
8WHI(1):A_8ZHT(1):A,0.0001896096364362
8VET(1):A_9UB9(1):B,0.0001507100387243
8U6N(1):B_8WT0(1):B,0.0005722784553654
9ERV(1):A_8BFI(1):C,0.0002508055767975
9VLL(1):B_8PU3(1):C,0.0026254847180098
8PEL(1):E_9F26(1):C,0.0005663000047206
8RYI(1):B_9ZBE(1):B,0.0003757594386115
8HDD(1):B_8JMQ(1):B,0.0001774294942151
8BRQ(1):A_9ZBE(1):B,0.0002768520207609
9S6C(1):A_8BRS(1):B,0.0088739385828375
8U6N(1):A_8GMH(1):D,0.000499271787703
8XYF(1):A_9Z7O(1):A,0.0348388366401195
9MYT(1):B_9ERV(1):A,0.0004001452762167
8FCC(1):B_8FCC(1):A,0.8078413009643555
9U8R(1):G_8PUT(1):E,0.0063129467889666
8I8Y(1):B_8ROJ(1):A,0.0004175963404122
9SDC(1):C_9ST4(1):H,0.000432901433669
9L6B(1):A_9SJ6(1):C,0.0003431600925978
8BGM(1):A_8WT4(1):A,0.0006074560806155
8J49(1):A_8Y2Z(1):B,0.0011737858876585
8VEO(1):A_8RPP(1):D,0.0202503949403762
12NP(1):C_8FUM(1):D,0.0001681163266766
9ZEE(1):A_8P9U(1):C,0.0016468812245875
8FBD(1):B_8IE2(1):E,0.0004443240177351
9T38(1):B_9T38(1):A,0.710722804069519
8IE2(1):A_8QHN(1):A,0.0008844478288665
9ILT(1):C_9UVE(1):B,0.0002235395222669
8CB2(1):AAA_8J48(1):B,0.2846420109272003
8UH1(1):B_9P3J(1):A,0.0011357669718563
8G0P(1):B_8RPP(1):D,0.0026536032091826
8BWV(1):B_9HLS(1):B,0.0003877998387906
8ROH(1):B_8U6G(1):A,0.0012656551552936
8C4X(1):A_8C4X(1):B,0.9885606169700624
8J49(1):A_8RP1(1):CCC,0.0004566592397168
8T6N(1):H_8YRE(1):A,0.0002702747297007
9WAQ(1):B_8I8Y(1):B,0.632236659526825
21VU(1):H_8HS8(1):C,0.0006507067009806
9HBL(1):B_9VO4(1):A,0.0014017792418599
8BGM(1):A_8ONW(1):B,0.001968435710296
9HAE(1):B_9IZ3(1):B,0.0007168196607381
9R2Z(1):A_9R2Z(1):B,0.9475414156913756
8FUM(1):C_8Z22(1):B,0.0001971058809431
12NP(1):A_8R7D(1):B,0.0022299541160464
8ORN(1):B_9DCZ(1):A,0.0019208887824788
8BRQ(1):A_9KW6(1):A,0.0005649487138725
8Y2Z(1):A_8T19(1):A,0.0001459020713809
9KAN(1):A_8T0P(1):B,0.0118356747552752
9JM8(1):B_30KY(1):C,0.004657722543925
9RGL(1):F_9HLS(1):A,0.000795260653831
8ZA7(1):B_9T38(1):B,0.6085535883903503
8HFP(1):C_9UVE(1):B,0.0025297487154603
8RYI(1):B_8FAR(1):B,0.0046791429631412
9UB9(1):A_8FCC(1):B,0.0004695423413068
9JDD(1):A_8HHJ(1):A,0.0131123028695583
8PQQ(1):C_8WT4(1):B,0.0026293331757187
8PEL(1):F_8BRQ(1):A,0.0001855870941653
9EAV(1):A_8PQQ(1):C,0.0556649006903171
8STS(1):A_9UDL(1):B,0.0042712586000561
9J4P(1):A_8TK9(1):A,0.000317056546919
8XYF(1):B_8R7A(1):A,0.0005995130049996
8CM0(1):A_8GJU(1):A,0.0018734737532213
8K0H(1):B_9H7Y(1):A,0.0027805732097476
8FCC(1):A_9EA8(1):A,0.0002497251552995
8U6G(1):A_9RGL(1):A,0.0008138268021866
8RP0(1):AAA_9L5U(1):C,0.001032140571624
21VU(1):H_9ERV(1):A,0.0160197187215089
9PHV(1):D_9M3I(1):D,0.0002858837542589
8UAI(1):B_9K1L(1):B,0.0008056873921304
9ZCS(1):A_8J49(1):B,0.0010774697875604
8C0D(1):A_9P1C(1):A,0.0021508233621716
9P3F(1):B_9GZQ(1):B,0.0003338932001497
8PF5(1):C_9L6B(1):B,0.0005608005449175
8C0D(1):A_9BT4(1):B,0.0001570527238072
9MOJ(1):C_8I3F(1):B,0.0010091935982927
9L6B(1):A_8G0P(1):A,0.0004290272481739
8PU3(1):C_9R84(1):A,0.0006619058549404
9UTY(1):A_9IKB(1):G,0.0005058264941908
9NTO(1):B_9NTO(1):A,0.0022496958263218
8FBD(1):B_8R7D(1):A,0.0006569849792867
9G87(1):B_9ILT(1):D,0.1275296211242675
9SJ6(1):C_8Q2E(1):C,0.0002417045325273
9IZ3(1):B_8SSM(1):B,0.000556566636078
9HBL(1):A_9JWA(1):A,0.0007120468653738
9WAQ(1):B_9RMM(1):A,0.0005548624321818
8OUA(1):A_8HCI(1):A,0.0039584781043231
9PCA(1):A_9OLQ(1):B,0.0008263753261417
8YNX(1):B_8S1X(1):B,0.0004199484537821
8XSU(1):D_9EAE(1):C,0.0002169749641325
8SJJ(1):C_9VNJ(1):A,0.0005523878498934
8ZVX(1):B_9ERV(1):B,0.0015923187602311
9HNG(1):B_8T19(1):A,0.0003207685658708
9IKB(1):G_8BOZ(1):B,0.0006466903723776
9UB9(1):A_8HS8(1):C,0.0134979644790291
9R2Z(1):A_8SJJ(1):A,0.000549643416889
8HDD(1):C_9H5R(1):A,0.0017011524178087
8JMR(1):B_8UAI(1):A,0.0051822536624968
8TYX(1):A_9E1J(1):A,0.0003956074360758
9GCO(1):C_8GJU(1):A,0.0038085642736405
8XT8(1):A_8QHN(1):D,0.0102794440463185
8VLM(1):A_8BGM(1):A,0.0016773933311924
8HHJ(1):A_8CRA(1):A,0.0023769340477883
8PQQ(1):A_8TWD(1):C,0.0044068484567105
8RZZ(1):C_8XEH(1):E,0.0036842178087681
8U6G(1):B_8ROI(1):B,0.0018193835858255
8FZZ(1):A_9BIY(1):B,0.0007977509521879
9X2R(1):A_8PU1(1):A,0.0010645154397934
8T6N(1):A_9M3I(1):A,0.0002383798273513
9GAI(1):A_8C4Z(1):A,0.0009641208453103
9ZLL(1):E_8CN3(1):B,0.0005461702821776
8PU1(1):B_9UB9(1):B,0.0009997212328016
8U6H(1):A_8SJJ(1):C,0.0085486862808465
9F26(1):A_8ZD3(1):B,0.0009566082735545
9J4P(1):B_9BT4(1):E,0.0003056212735828
8BRR(1):A_8QNL(1):C,0.0003130133554805
9MOJ(1):C_9MOJ(1):B,0.927778959274292
8Y2Z(1):B_8IH8(1):A,0.0008556804968975
8JMR(1):B_8Q2E(1):A,0.0001732415694277
8RP1(1):CCC_21ZX(1):F,0.0008247661753557
8CRA(1):E_8GJU(1):A,0.0040205968543887
8U6F(1):A_9H9V(1):E,0.0024626450613141
9ERV(1):A_8XT8(1):A,0.0049756439402699
9NTN(1):G_9NTN(1):A,0.4402504563331604
9S6C(1):C_9SJ6(1):A,0.0013204349670559
9PCA(1):A_9LEW(1):A,0.000231046025874
8Y2Z(1):B_8GM8(1):B,0.0072968685999512
9IKB(1):C_8XUD(1):I,0.0009873205563053
11LJ(1):C_8QL1(1):A,0.0205636471509933
8EZR(1):A_8P9U(1):A,0.0015387741150334
9VO5(1):A_9EAE(1):A,0.0003234161122236
9KO8(1):A_9E15(1):A,0.0003672996826935
9BT4(1):E_9IZ3(1):A,0.0063351532444357
9BGL(1):B_8EZR(1):B,0.0026406403630971
8HCI(1):A_9IKB(1):G,0.0006452764500863
9ILT(1):G_8ORN(1):B,0.017073942348361
8ZD3(1):A_8Y77(1):A,0.0058669624850153
8CN3(1):B_8I3E(1):C,0.0414370633661747
9ST4(1):A_9GWJ(1):C,0.0011298088356852
8C0D(1):C_8C0D(1):B,0.0077610467560589
8R3A(1):B_8XT8(1):B,0.0002833323087543
9M3I(1):D_9M3I(1):A,0.2367903739213943
9EYU(1):A_9LPG(1):A,0.4559806287288666
8UAI(1):A_8T9O(1):B,0.0002060922852251
9U8Q(1):G_9WAQ(1):A,0.000423355755629
9BKX(1):d_9JDD(1):B,0.0006585219525732
9SJ6(1):C_8QHN(1):A,0.0003199973143637
9LPG(1):A_9I25(1):C,0.0002210000529885
8RIU(1):B_9DOD(1):B,0.0003383478906471
8R3A(1):B_8U6F(1):A,0.0004788533551618
8Y96(1):A_9LEW(1):B,0.008153760805726
8G0K(1):B_21ZX(1):C,0.002152789151296
21VU(1):H_21VU(1):A,0.0138588510453701
9RMM(1):A_8RIU(1):C,0.0005656980210915
8U6D(1):B_8CN3(1):B,0.0589153841137886
8QL1(1):A_9NTO(1):A,0.0016280777053907
9UB9(1):B_8OUA(1):A,0.0002682208141777
9ZCS(1):A_8J64(1):B,0.0002245664072688
8BRQ(1):B_8JDI(1):A,0.001451333402656
9H7Y(1):A_8STP(1):A,0.0004126365820411
8ROJ(1):A_8RYI(1):A,0.0001701682631392
8GM8(1):A_9B7D(1):A,0.0003162568609695
9L5U(1):C_9GAI(1):C,0.0010985584231093
8Y2Z(1):B_9KAN(1):A,0.1191717237234115
8PU3(1):A_8ONW(1):E,0.0009268849389627
21VU(1):H_8FCC(1):B,0.001165019464679
8WOK(1):A_30KY(1):C,0.0014187422348186
9J9W(1):A_8T0P(1):B,0.0015867400215938
8WHL(1):A_8PU1(1):A,0.0008248962112702
8STU(1):B_8CB2(1):AAA,0.001706900075078
9UB9(1):A_8BFI(1):C,0.0002091092610498
9KO8(1):C_8K0H(1):A,0.0005905933212488
8Q66(1):B_9HAC(1):B,0.0013696658425033
9ILT(1):F_9ILT(1):D,0.8041976094245911
8C0J(1):A_9ST8(1):A,0.0016572017921134
8FUM(1):C_9ILT(1):G,0.0091289831325411
9GWJ(1):D_9GWJ(1):C,0.056220568716526
8JDI(1):E_8J09(1):B,0.000443911034381
8C26(1):A_9NTN(1):A,0.0015647925902158
8R3A(1):B_9SJ6(1):A,0.0002895048819482
8T19(1):A_8HDD(1):A,0.0078372983261942
8RIU(1):C_8PEL(1):G,0.0006677375058643
9UVD(1):C_8FUM(1):D,0.0002168175706174
8PF5(1):B_9ZCS(1):A,0.0004135957569815
8XUD(1):I_8RP1(1):AAA,0.0030867250170558
8HHJ(1):A_8Y96(1):C,0.0182070303708314
9C10(1):B_8R7A(1):B,0.000703539524693
9K1L(1):B_8EY4(1):I,0.0003038426220882
9CCV(1):B_9IZ3(1):B,0.000207371340366
9BIY(1):B_8UAI(1):A,0.0005789996939711
8T9O(1):A_8ZVX(1):B,0.0013051815330982
8R7A(1):B_8R7A(1):A,0.0021664414089173
9E1J(1):A_8RJA(1):F,0.9589095711708068
8FUL(1):A_9ZBE(1):B,0.0002931726339738
8FBD(1):A_8QL1(1):B,0.000393580266973
9HAC(1):B_8OWU(1):D,0.0042517981491982
9M3I(1):C_8U6N(1):A,0.00099647953175
8RQZ(1):C_8HR0(1):B,0.0001623280404601
9UVD(1):C_9G87(1):B,0.0002110483765136
8HR0(1):B_12NP(1):A,0.0004296069091651
8CM0(1):B_8PFC(1):B,0.001351746963337
9VO5(1):B_8QNQ(1):A,0.0002251246623927
9VO5(1):A_9BIY(1):A,0.0012275500921532
9BT4(1):E_9BT4(1):G,0.1842950582504272
9HBL(1):B_9H9V(1):H,0.0009860524442046
8RQZ(1):C_9JM8(1):B,0.0026866600383073
8T19(1):A_8J09(1):A,0.0003830707864835
8HS8(1):C_8ONW(1):E,0.002652664668858
8S05(1):A_8T6E(1):B,0.0002419256197754
9PR8(1):A_8QVC(1):A,0.0003698113432619
9GCO(1):B_8T19(1):A,0.0006607663817703
9NSD(1):G_8T9P(1):A,0.0001250177447218
8STS(1):A_9AVF(1):B,0.0022906623780727
9VLL(1):A_8STP(1):B,0.0011726057855412
9CCK(1):C_8JMQ(1):A,0.0004302214947529
8Q2E(1):C_9H9V(1):D,0.0006449607317335
8ORN(1):A_9LEW(1):A,0.0013544905232265
8BGM(1):B_8XUD(1):I,0.0036555852275341
8ONW(1):E_8U6G(1):B,0.0003487134526949
9F79(1):A_9KZL(1):C,0.000185147873708
9DD1(1):C_9U8Q(1):A,0.0015896834665909
9HLO(1):B_8PU1(1):A,0.0017127963947132
8J4B(1):B_9ILT(1):F,0.0002401759411441
8ONW(1):F_8RYI(1):B,0.0009038975695148
9KO8(1):C_8FCC(1):A,0.0071286000311374
8U6D(1):A_9PCA(1):B,0.0061098793521523
9VO4(1):B_8ROJ(1):A,0.0004461856151465
9BT4(1):A_8RP1(1):AAA,0.003029954386875
8Q2E(1):C_9VLL(1):A,0.0043074092827737
8C0J(1):A_9F79(1):A,0.0005529501941055
8STU(1):B_8ROH(1):A,0.0466050654649734
9H9V(1):B_9Q9V(1):A,0.0326019003987312
9BT4(1):B_8RP2(1):AAA,0.0030111991800367
9Z7O(1):C_9DCZ(1):B,0.0008003623224794
8SNF(1):A_8I2F(1):A,0.0005739234038628
8BRQ(1):A_8BFI(1):C,0.0002101331774611
9UB9(1):A_9BKX(1):D,0.0005588553613051
8T9O(1):B_9KAH(1):A,0.0005481708794832
8Y96(1):C_8CCQ(1):A,0.0014994735829532
9GAI(1):D_9GAI(1):A,0.0013229941250756
9H9V(1):A_8C0D(1):B,0.0011215187842026
8HR0(1):C_8SJJ(1):A,0.0054646651260554
8P9U(1):C_8P9U(1):A,0.9524618983268738
9LP2(1):A_9VZY(1):D,0.001480272738263
9PZK(1):A_9CCK(1):C,0.0003275449562352
8T9O(1):B_8I3F(1):A,0.0002481799165252
8BRR(1):A_9KO8(1):A,0.0003273370384704
9UDL(1):A_21VU(1):H,0.001802040846087
9MYT(1):A_9MYT(1):B,0.8591688275337219
8T6N(1):A_9ZEE(1):A,0.0015884996391832
8WHL(1):E_9F79(1):A,0.0065933996811509
9H9V(1):G_8RYI(1):A,0.000313166208798
30KY(1):C_8GM8(1):B,0.0008499515242874
9HNG(1):B_9MZ5(1):B,0.0092241056263446
8FE8(1):B_8FE8(1):A,0.8148342967033386
9DOD(1):A_30KY(1):C,0.0008899095701053
9HAE(1):B_9EA8(1):B,0.0002934413496404
9CCK(1):A_9EAV(1):D,0.00045900803525
8T9P(1):B_9JDI(1):C,0.0004655397788155
8HS8(1):C_9HAC(1):A,0.0010570810409262
9H5R(1):B_8QNL(1):C,0.0003055938577745
8HFP(1):A_9L7W(1):A,0.0004487718106247
9AVF(1):B_8SNK(1):I,0.003483016975224
8FUM(1):D_8FUM(1):C,0.988669455051422
9P3F(1):B_9G87(1):A,0.0013347954954952
8WHI(1):A_9ILT(1):A,0.000240241701249
8C26(1):B_8OUA(1):A,0.0015827338211238
9VZC(1):B_9HBL(1):B,0.0195211768150329
9ZDM(1):A_9ILT(1):E,0.0003174167650286
9HMX(1):B_9VO4(1):B,0.0005448682350106
9K1L(1):A_8P9U(1):A,0.0004475128953345
9W3A(1):A_8RPP(1):D,0.0003088140510953
9ILT(1):D_9ILT(1):C,0.793900191783905
9GAI(1):C_9GAI(1):A,0.0051140878349542
9ZEE(1):A_8U6D(1):B,0.0007909600390121
8CCQ(1):B_8R3A(1):A,0.9411121606826782
8VUM(1):A_9RGL(1):F,0.0015242905355989
9ZLL(1):F_8VET(1):B,0.0081020565703511
8GKO(1):A_9SDC(1):C,0.0012808382743969
9KZL(1):C_9HMX(1):A,0.0002950372581835
8FBD(1):B_9GAI(1):B,0.0004883912624791
9G87(1):A_9AVF(1):B,0.002073215553537
8ROJ(1):B_8ROJ(1):A,0.0164804607629776
8PU3(1):A_8JDI(1):E,0.0028307819738984
8CM0(1):A_9RMM(1):C,0.0003309282183181
9RMM(1):C_9RMM(1):A,0.9918638467788696
9ST8(1):B_9BIY(1):B,0.0006194571615196
8RQZ(1):B_8EY4(1):I,0.0007608329760842
8U6H(1):B_8TWD(1):C,0.0002890922187361
8Y2Z(1):B_8HCI(1):A,0.0024443957954645
8R3A(1):B_9F79(1):C,0.0002990470093209
9LP2(1):C_8WHH(1):A,0.0054058437235653
9UTY(1):B_8VET(1):A,0.000164848708664
9F26(1):C_8S83(1):C,0.0005182562745176
9BAE(1):A_9E1J(1):B,0.000805742747616
8EZR(1):B_8JI9(1):A,0.0022253869101405
9OK4(1):B_9MNO(1):E,0.0009577199234627
8PF5(1):B_8Z22(1):B,0.000156736903591
8PEL(1):E_8OWS(1):A,0.0019686652813106
9VO5(1):B_8BOZ(1):B,0.0009155709994956
8T9P(1):B_8T9P(1):A,0.9784846901893616
8T9O(1):B_8U45(1):A,0.0023873320315033
9ST8(1):A_9HAC(1):B,0.0013690679334104
8YNX(1):B_8YNX(1):A,0.6075179576873779
8P9U(1):C_8FCC(1):A,0.0013025326188653
8UH1(1):A_8RQZ(1):B,0.000709785381332
9H9V(1):C_9X2R(1):B,0.0020908077713102
9IKB(1):C_8SJJ(1):A,0.0011323677608743
9H9V(1):C_8HXI(1):B,0.0003303529520053
8QNQ(1):C_8SNK(1):B,0.0015180656919255
8XEH(1):A_8XEH(1):E,0.9848239421844482
9LPG(1):E_8QVC(1):B,0.0008516808156855
8ZHT(1):B_9GAI(1):A,0.0004355692944955
8XTA(1):B_8CCQ(1):B,0.0004357547441031
9G8U(1):A_9F26(1):A,0.0002804025716613
9NTO(1):B_8QL1(1):B,0.000778047426138
8FUM(1):D_8PFC(1):B,0.0002187893696827
8WHH(1):A_9H9V(1):D,0.0006449875072576
8WT0(1):B_8WT0(1):A,0.0061588645912706
9NSD(1):G_9ERV(1):B,0.0041749062947928
21ZX(1):F_8BRT(1):A,0.0003569663676898
8C26(1):A_9BT4(1):E,0.0003334710490889
8RJA(1):F_8HCI(1):B,0.0004784529737662
8J48(1):B_9ILT(1):G,0.0001785009080776
8ROJ(1):A_8YN0(1):C,0.0100802415981888
9M3I(1):C_8FBD(1):B,0.0005963526782579
8VUF(1):A_8VUF(1):B,0.8349973559379578
8R7A(1):B_8FZZ(1):A,0.0779602900147438
9BKX(1):d_8VUF(1):A,0.0003916058631148
9OLQ(1):B_8S1X(1):B,0.3187776505947113
9AVF(1):B_8T0P(1):B,0.0064948508515954
8JDI(1):E_9BGL(1):A,0.0007093350868672
8UAI(1):A_8K0H(1):B,0.0002234726125607
9EAV(1):D_8X3G(1):B,0.0002448406303301
12NP(1):C_9NTO(1):B,0.0001606338482815
8QHN(1):A_9EA8(1):B,0.0075301914475858
9FN0(1):A_9HAC(1):B,0.0009763737325556
8ROI(1):B_9KAH(1):C,0.0008138232515193
9BGL(1):B_8U6N(1):A,0.0007933971355669
9T38(1):A_8PEL(1):E,0.0006963099585846
8QL1(1):B_8IH8(1):A,0.0004006953095085
9MOJ(1):B_9JDI(1):C,0.0026847110129892
8ZD3(1):B_8T6N(1):H,0.0003603178774937
8CB2(1):AAA_8RZZ(1):C,0.0027156709693372
8JMR(1):A_8YNX(1):A,0.0015298177022486
8OW6(1):B_8ZA7(1):A,0.0015290348092094
8STU(1):A_9BKX(1):D,0.0006387587636709
8ZD3(1):B_9BKX(1):D,0.0006636480102315
9J9W(1):B_9MYR(1):B,0.0032278480939567
8RYI(1):B_8XSU(1):D,0.0002303065994055
8PU1(1):A_8STU(1):A,0.0011598493438214
8Q66(1):B_9JDD(1):B,0.0229097381234169
9UVD(1):B_8C26(1):B,0.0004161524120718
9JWA(1):A_9ST8(1):A,0.0003218928468413
8Z22(1):B_9NSD(1):B,0.0006738394731655
8ROJ(1):A_8P9U(1):A,0.0003615717578213
8JMQ(1):A_9Q9V(1):A,0.0010637084487825
8J48(1):B_9ST4(1):H,0.0019392162794247
8GMH(1):D_9VO5(1):B,0.0067284335382282
8GKO(1):C_8JMQ(1):B,0.000904444605112
8J49(1):A_8S83(1):C,0.0003041164891328
9PR8(1):A_8GKO(1):C,0.0021587538067251
9W3A(1):A_8BWV(1):A,0.0008166727493517
9WBE(1):D_9NSD(1):G,0.0008720364421606
9K1L(1):B_9GCO(1):C,0.0006803776486776
8FBD(1):A_8HXI(1):A,0.0004209660983178
8Q2E(1):A_8QNL(1):A,0.908888578414917
9HAE(1):A_8S2M(1):B,0.0026337448507547
8RPP(1):A_8RJA(1):F,0.0007594107300974
9R84(1):A_8X3G(1):C,0.00473437551409
9S6C(1):A_9S6C(1):C,0.9850447773933412
9R2Z(1):A_8T6E(1):A,0.2827278673648834
9ILT(1):C_8JDI(1):E,0.0003526308282744
9B7D(1):A_9DOD(1):A,0.0002356091135879
9UVD(1):B_8J49(1):B,0.0012678813654929
8PF5(1):B_8ONW(1):E,0.0003412186051718
8RIU(1):B_8ZVX(1):B,0.0016839754534885
9J4P(1):B_8U6N(1):A,0.0405643843114376
9VO5(1):A_9RK9(1):B,0.4619122743606567
8FE8(1):B_9AVF(1):B,0.0011432834435254
8ORN(1):A_8CM0(1):B,0.0005971686332486
8YNX(1):A_9AVF(1):A,0.0489577129483222
9C10(1):B_9ZLL(1):E,0.0007866124506108
8SJJ(1):A_9ERV(1):B,0.0006917375721968
8EZR(1):B_9VZY(1):A,0.002325786743313
9W3A(1):E_8IGD(1):C,0.0004277374246157
8S05(1):C_8S05(1):A,0.844648003578186
8CM0(1):A_8GMH(1):C,0.0598243996500968
8FZZ(1):B_21ZX(1):F,0.0008282259223051
9RK9(1):B_8X3G(1):B,0.0003295574570074
8HR0(1):C_8GJU(1):A,0.002821575384587
8U6F(1):B_8I3F(1):B,0.000992604647763
8U45(1):C_8QVC(1):B,0.1451205462217331
9ILT(1):G_8IGD(1):C,0.0001682346774032
8XTA(1):B_8XTA(1):A,0.989647090435028
8OWS(1):A_8S83(1):B,0.0010793276596814
9QAA(1):B_9LP2(1):A,0.0009656605543568
8Q03(1):C_8Q03(1):A,0.9953938722610474
9SJ6(1):C_9GCO(1):C,0.0011247531510889
9P3J(1):A_8QNL(1):C,0.0003276514471508
8GMH(1):C_8GMH(1):B,0.9692574143409728
9HLO(1):A_8S2M(1):B,0.0011126699391752
9LP2(1):A_8Y77(1):A,0.0045267986133694
9H9V(1):C_8Q2E(1):B,0.0018178463215008
9GAI(1):D_8QNL(1):A,0.0284113939851522
9P3J(1):A_9E15(1):A,0.0002298202743986
8JMR(1):A_8R7A(1):A,0.0038207396864891
9GZQ(1):B_8U6H(1):A,0.0009170796256512
8GKO(1):A_9EAE(1):C,0.0008587434422224
8OWU(1):D_8OWU(1):B,0.1348941028118133
9R2Z(1):A_8Q2E(1):C,0.0009039315627887
8RYI(1):B_8UF4(1):A,0.0001930222060764
8SNF(1):A_8T19(1):A,0.0084261503070592
8CN3(1):B_8R7D(1):B,0.0172212477773427
8FAR(1):B_9IKB(1):G,0.0004760003939736
8U6H(1):A_9UX0(1):A,0.0046855993568897
8RQZ(1):C_9PHV(1):A,0.0001663893490331
9F26(1):C_9B7D(1):A,0.0004426769155543
8PEL(1):G_9MZ5(1):C,0.0002699973410926
8T9O(1):B_9X2R(1):A,0.0003166089009027
9HAC(1):B_8R3A(1):A,0.0012911827070638
8T6N(1):H_8HFP(1):C,0.0001440142514184
9HMX(1):A_8S05(1):A,0.000490256526973
8OW6(1):A_8FFX(1):A,0.0047623636201024
9WAQ(1):B_8SNK(1):B,0.0005950439954176
9DOD(1):B_30KY(1):B,0.0089758923277258
8RIU(1):C_8GMH(1):D,0.0021666854154318
9GAI(1):C_9U8R(1):A,0.0379013195633888
8WT4(1):A_8ROH(1):B,0.0003849808708764
8ZA7(1):A_9UDL(1):A,0.0004213685751892
8HR0(1):B_8Y2Z(1):A,0.0004178429953753
9JM8(1):B_8UF4(1):B,0.00128693098668
8FBD(1):A_8HFP(1):C,0.0026347497478127
8XSU(1):D_9JDD(1):A,0.0005270934198051
9S6C(1):A_9P3J(1):B,0.000446141581051
9HBL(1):B_9HBL(1):A,0.964374542236328
9ZDM(1):B_9DCZ(1):B,0.0009839119156822
30KX(1):E_9CCK(1):A,0.0018823373829945
8T6N(1):A_8HXI(1):B,0.0005214496632106
9L6B(1):B_9L6B(1):A,0.0043160752393305
8RPP(1):A_8T0P(1):A,0.0011574687669053
9SJ6(1):C_8I2E(1):A,0.0016068529803305
8PU1(1):A_9UX0(1):B,0.0003806403838098
9ERV(1):A_8BOZ(1):B,0.0333620943129062
8PEL(1):B_9G87(1):A,0.0003586581442505
9J9W(1):B_9W3A(1):E,0.0014184647006914
8SNK(1):B_9HNG(1):A,0.0007164480630308
9WAQ(1):A_9VLL(1):A,0.0034596403129398
8PU1(1):A_9UTY(1):B,0.0003314792411401
8S1X(1):B_9KZL(1):C,0.0011797773186117
8BOZ(1):B_9H9V(1):D,0.0017355887684971
9UTY(1):A_9VLL(1):A,0.0071310037747025
9VZC(1):B_8RIU(1):C,0.018303707242012
8XT8(1):A_9AVF(1):B,0.0016151121817529
9KUE(1):C_9L6B(1):B,0.000275481812423
9UDL(1):A_8T0P(1):B,0.0004958969657309
8FCC(1):B_9BIY(1):B,0.0002240125468233
9RMM(1):C_9M3I(1):D,0.0009034226532094
9CCK(1):C_9CCK(1):A,0.9825945496559144
9PCA(1):A_8C0D(1):B,0.0166306309401989
9OLQ(1):A_8T6E(1):A,0.0014194125542417
9C10(1):A_9F79(1):C,0.0018547615036368
9PZK(1):A_9UX0(1):B,0.0006493132095783
8YRE(1):D_9PZK(1):B,0.0014801867073401
9PHV(1):A_8XUD(1):I,0.0007094830507412
9IZ3(1):B_9MOJ(1):B,0.0091665862128138
9LPG(1):A_8G0P(1):A,0.0010550071019679
8HHJ(1):B_9HAE(1):A,0.00634107273072
9QAA(1):A_8VUF(1):A,0.0062627079896628
8T9O(1):A_9ILT(1):F,0.0032443592790514
9HAE(1):B_9J9W(1):A,0.0003121250483673
8T0P(1):B_9ST8(1):B,0.8513296246528625
9GZQ(1):A_8BWV(1):B,0.0060512064956128
8U6F(1):B_9BGL(1):B,0.0006531503750011
8STP(1):A_8Y77(1):A,0.0386227257549762
9Q1H(1):B_9Q1H(1):A,0.000529698561877
8J64(1):B_8FBD(1):B,0.0005371373845264
8VEO(1):B_9PR8(1):A,0.0002467200101818
8S2M(1):B_9ILT(1):D,0.0007648898172192
9H5R(1):B_9ZLL(1):D,0.0012630965793505
9OMD(1):C_9P3F(1):A,0.9246309399604796
9W3A(1):E_8OWU(1):B,0.0003735412901733
30KY(1):C_9BKX(1):D,0.000552519748453
8ZVX(1):B_8HXI(1):A,0.6635057926177979
9BAE(1):A_9U8Q(1):A,0.006496503483504
8PU1(1):B_8UF4(1):A,0.0005749138072133
9BAE(1):B_9QAA(1):B,0.0066051539033651
8VLM(1):A_8UH1(1):B,0.0022556162439286
9R2Z(1):B_9HAD(1):B,0.0051348344422876
8GMH(1):B_8ONW(1):D,0.0004865834489464
9UVE(1):C_9K1U(1):B,0.0002684685168787
9X2R(1):A_8ONW(1):F,0.0003572826681192
9KO8(1):A_9DD1(1):C,0.0033443176653236
9LP2(1):C_8C0D(1):B,0.0017112471396103
8SSM(1):B_9BIY(1):B,0.0401862189173698
9K1U(1):C_8GJU(1):H,0.0024981056340038
8J64(1):B_8S2M(1):A,0.0002563419984653
8XYF(1):B_8JMQ(1):B,0.0005439851083792
8OWS(1):C_9BAE(1):B,0.0167341008782386
9UDL(1):A_8U6N(1):A,0.0046976786106824
8Q66(1):A_8T6E(1):A,0.2715504467487335
9IKB(1):B_8GJU(1):A,0.0078399945050477
9E1J(1):A_8PF5(1):C,0.0002786793047562
8WT4(1):A_9EA8(1):A,0.0007473271689377
8PFC(1):B_8JMR(1):B,0.0030539017170667
8FUM(1):D_8G0K(1):A,0.0008380065555684
8RPP(1):A_9BT4(1):G,0.0006349324830807
9RMM(1):A_8T6N(1):H,0.0006768683670088
8RQZ(1):B_9ST4(1):H,0.0052474341355264
9HMX(1):B_8XYF(1):A,0.0007720837602391
8K0H(1):A_9M3I(1):D,0.0014422113308683
9ST8(1):B_9SJ6(1):A,0.011384860612452
8I3E(1):C_8SNF(1):A,0.0002895476063713
9V8I(1):A_8IE2(1):E,0.0006553636630997
8PQQ(1):C_8SNK(1):I,0.0103197433054447
9LPG(1):E_9UVD(1):B,0.0005226528155617
8UF4(1):A_8PF5(1):B,0.0013355114497244
8FBD(1):B_8IGD(1):B,0.0007008149987086
8Q03(1):A_8HCI(1):B,0.8663876056671143
9HAE(1):B_8SNF(1):D,0.0004256631655152
8GMH(1):C_11LJ(1):A,0.0007374386768788
9JDI(1):C_21ZX(1):C,0.0015702082309871
8J09(1):A_9X2R(1):A,0.0101100476458668
8FCC(1):B_8RZZ(1):C,0.0011149706551805
8TYS(1):A_8PF5(1):C,0.0003790837945416
8ZD3(1):B_9BGL(1):B,0.0037487423978745
8J64(1):A_9NTN(1):G,0.0417371541261673
9K3E(1):B_9T38(1):B,0.6598760485649109
8YNX(1):B_9RGL(1):A,0.0013370729284361
9UVD(1):C_8ORN(1):A,0.0003556506126187
9L5U(1):C_8FUM(1):D,0.0013338506687432
9R2Z(1):A_8RQZ(1):C,0.0020776975434273
8U6H(1):B_8WT4(1):B,0.0008562750881537
9BGL(1):A_8G0P(1):A,0.0018017566762864
8IGD(1):B_9BGL(1):B,0.0017625063192099
9VZY(1):D_9IKB(1):C,0.0029161146376281
8PU1(1):A_8FUL(1):B,0.0007776949787512
8T6E(1):B_8TYX(1):B,0.006082184612751
8RQZ(1):C_21VU(1):A,0.0072167986072599
8SJJ(1):C_8SJJ(1):A,0.7092829942703247
8BWV(1):B_8FUL(1):A,0.0061673698946833
8T9O(1):A_8HR0(1):C,0.0002813395403791
9MYR(1):A_8BWV(1):B,0.002351364120841
8HHJ(1):B_9VO4(1):A,0.0157468765974044
9RK9(1):B_8S05(1):C,0.0294433981180191
9MYT(1):B_8C0D(1):C,0.0004273899830877
8PU1(1):A_8U6N(1):A,0.0010900642955675
8PUT(1):A_8PEL(1):D,0.0002715486334636
9UVD(1):B_8XSU(1):D,0.0002323897206224
9HLS(1):B_8BRQ(1):B,0.0015067151980474
9VO4(1):A_9T38(1):A,0.0010714820818975
8R7D(1):B_9V8I(1):A,0.0026449121069163
8IE2(1):E_8J48(1):D,0.0005324551020748
8GMH(1):D_9UVE(1):C,0.0004096975026186
8S1X(1):B_8TYX(1):A,0.0013731942744925
8WHI(1):F_8WHI(1):A,0.068688116967678
8GM8(1):B_9KAN(1):A,0.0098786102607846
8T6C(1):C_9HMX(1):B,0.0022488269023597
9R2Z(1):B_9BT4(1):G,0.0007501388317905
8CM0(1):A_8CM0(1):B,0.7536373138427734
8FZZ(1):B_9MYT(1):A,0.0002882629923988
9K3E(1):C_8CB2(1):BBB,0.0022864551283419
9GAI(1):C_8PF5(1):B,0.0003622600925154
8XTA(1):A_8Y2Z(1):A,0.0012156884185969
8STU(1):B_8HDD(1):B,0.0002975008974317
9P1C(1):A_8RP2(1):CCC,0.0003867209306918
8Q2E(1):C_8Q2E(1):A,0.0139815816655755
9WAQ(1):A_8Q2E(1):A,0.0004804820055142
9LPG(1):E_8XYF(1):A,0.0003839160199277
9GZQ(1):A_9LEW(1):A,0.0135861318558454
8U45(1):A_9EAV(1):C,0.012551873922348
8BRS(1):B_9GZQ(1):A,0.25609290599823
8OWS(1):C_8OWS(1):A,0.0334225445985794
21VU(1):A_9UVE(1):B,0.0006580486078746
8WT4(1):B_8T9O(1):A,0.0427212603390216
8WHL(1):E_9NSD(1):B,0.0003513465053401
8ROI(1):B_8VLM(1):A,0.0002664125931914
9E1J(1):A_8XTA(1):B,0.0002652482362464
9K1U(1):C_9EYU(1):B,0.0019656033255159
9J4P(1):A_9J4P(1):B,0.1085128337144851
8ONW(1):F_8RIU(1):C,0.0262579694390296
8SNF(1):D_8RJA(1):E,0.5052492022514343
8FZZ(1):B_9DD1(1):C,0.0005987851764075
9R2Z(1):A_8I8Y(1):A,0.0036219849716871
9Q9V(1):A_9UTY(1):B,0.001610861858353
9U8R(1):G_9U8R(1):A,0.9818598628044128
9UB9(1):A_8QVC(1):B,0.0070953196845948
9ZLL(1):F_9ZLL(1):E,0.0475289709866046
9L7W(1):B_8SSM(1):C,0.0055437204428017
9EA8(1):A_8QNL(1):A,0.00341108138673
9VZY(1):A_9HBL(1):A,0.0002536572283133
8GMH(1):B_8PEL(1):B,0.0003117238520644
8ORN(1):B_9F26(1):C,0.0002116565738106
8HFP(1):A_8J4B(1):B,0.0011092557106167
9L6B(1):A_9HMX(1):B,0.000419043644797
8XYF(1):A_11LJ(1):A,0.0002219591697212
9RK9(1):A_8FCC(1):B,0.0009812354110181
9NTO(1):B_9JM8(1):B,0.0041582081466913
8PEL(1):D_9CCK(1):A,0.0002867496223188
8RIU(1):C_9BKX(1):D,0.0052892654202878
9E15(1):B_8QNL(1):C,0.0002724027726799
8XTA(1):B_9DD1(1):C,0.0009226349648088
8ZA7(1):B_8JDI(1):A,0.0040618018247187
8OWU(1):D_9MYR(1):B,0.0010620584944263
8YN0(1):D_8TWD(1):C,0.0002820563968271
8GJU(1):A_9H9V(1):E,0.0046867048367857
9J4P(1):A_9KO8(1):C,0.0041912575252354
9HAD(1):C_9GAI(1):C,0.0025684323627501
8FUL(1):A_9MYT(1):B,0.0169396549463272
8XYF(1):A_8WT0(1):A,0.0019947458058595
8J4B(1):B_9RK9(1):A,0.0004711292567662
8CCQ(1):A_8UH1(1):B,0.0011626164196059
9HAD(1):B_8WHL(1):E,0.0005141840665601
9G87(1):B_9G87(1):A,0.9913957715034484
9MOJ(1):C_8HS8(1):A,0.0022056156303733
8VUF(1):B_9KO8(1):A,0.0006606086390092
9P3J(1):A_9GAI(1):D,0.0002155786933144
8UF4(1):A_8CM0(1):B,0.0011274268617853
8WOK(1):B_8WOK(1):A,0.9753645062446594
9JM8(1):A_8VUF(1):A,0.0047824634239077
8EZR(1):B_9BKX(1):D,0.0007096731569617
9LP2(1):C_8BRR(1):A,0.0011160471476614
9VZY(1):D_9F26(1):A,0.0007117273053154
9GAI(1):D_8SNF(1):D,0.0022084289230406
9MOJ(1):B_8J49(1):A,0.0004323459870647
8X3G(1):C_9VNJ(1):B,0.0006255371845327
9BT4(1):E_8BFI(1):C,0.000240345718339
9G8U(1):B_8STS(1):A,0.0005244578933343
8RIU(1):B_9HMX(1):A,0.0005247188964858
9GCO(1):B_8C0D(1):B,0.0003468995273578
8VUM(1):A_8BFI(1):C,0.0347577184438705
8ROJ(1):B_9CCV(1):B,0.0512670911848545
9RK9(1):A_8FE8(1):B,0.0009632757282815
9M3I(1):C_9M3I(1):A,0.5307865738868713
8Q03(1):A_8OWS(1):C,0.0081444522365927
9GWJ(1):C_9E1J(1):B,0.0007692907820455
8UF4(1):B_9MYT(1):A,0.0010060492204502
8P9U(1):C_8RPP(1):A,0.0018356143264099
9UB9(1):A_9VNJ(1):B,0.5435643792152405
8TWD(1):C_8GMH(1):B,0.0004547311982605
8BRR(1):A_8J48(1):B,0.0019803829491138
8RP2(1):CCC_8RP2(1):AAA,0.9219810962677002
8SJJ(1):C_8XEH(1):A,0.0005087974714115
8WHL(1):E_9ZDM(1):B,0.0008564284071326
8WHH(1):E_9B7D(1):A,0.0003755028301384
8J49(1):A_8FUL(1):B,0.0002144249738194
9PCA(1):A_9IKB(1):B,0.0035251146182417
8XUD(1):I_8U6N(1):B,0.000467095116619
8FUL(1):A_8FUL(1):B,0.9885448813438416
8P9U(1):A_9HBL(1):A,0.0006899155559949
9I25(1):C_8XSU(1):D,0.0003799778060056
9IZ3(1):A_9H9V(1):D,0.0016557431081309
8Y77(1):B_8RIU(1):C,0.0004034379380755
9KAH(1):A_9S6C(1):C,0.0009718209621496
9R84(1):B_8VUM(1):B,0.000710071879439
8WHL(1):E_9NTO(1):B,0.0002873629273381
8VUM(1):B_8GMH(1):B,0.000907796609681
9EAE(1):C_9U8Q(1):G,0.0003890751686412
8HDD(1):B_8HDD(1):A,0.1960000395774841
9Z7O(1):C_9VO4(1):B,0.0038568212185055
8SNF(1):D_8EZR(1):A,0.0392438173294067
8S1X(1):B_8S1X(1):A,0.0013872642302885
8J4B(1):B_9BAE(1):A,0.0002959870325867
8FCC(1):A_9VZY(1):A,0.000428670347901
9NTN(1):A_8ZVX(1):A,0.0002209086087532
8TYX(1):A_9ZLL(1):D,0.0017783272778615
8S1X(1):B_8JDI(1):E,0.0020181110594421
9GCO(1):B_8PUT(1):A,0.0003952459373977
9ZEE(1):A_9U8R(1):A,0.0013691807398572
8PQQ(1):C_8RIU(1):B,0.0011131076607853
8T6E(1):B_9KZL(1):C,0.0005589419160969
8WHL(1):E_9EA8(1):B,0.0001661339629208
9NTN(1):G_9DD1(1):C,0.0019682447891682
8PQQ(1):C_9X2R(1):B,0.0003015409456565
8QNL(1):C_8I2F(1):B,0.0007128891302272
9BAE(1):A_8WOK(1):B,0.003003666177392
8HDD(1):C_8QVC(1):B,0.1204404905438423
8TWD(1):C_8FAR(1):B,0.0016505111707374
8ZHT(1):B_8WHH(1):A,0.0003936633584089
8T9O(1):A_9G8U(1):A,0.0005655148997902
9DK1(1):B_8HS8(1):C,0.0006333423661999
8P9U(1):A_9L6B(1):A,0.0010327125201001
8T6E(1):B_8J09(1):B,0.0005254045245237
8U6F(1):B_9IZ3(1):B,0.0003366663877386
8IH8(1):C_8IH8(1):A,0.9882135391235352
8YN0(1):C_8Q03(1):A,0.0004343144537415
9VNJ(1):B_9VNJ(1):A,0.1025686338543891
8ONW(1):F_9HLS(1):B,0.0004001591587439
8J4B(1):A_8K0H(1):A,0.1055579259991645
8WHH(1):A_8WHH(1):E,0.0761213526129722
8TWD(1):C_9Q9V(1):A,0.0005303422221913
9E15(1):A_9GAI(1):C,0.0006734109483659
9UB9(1):A_9AVF(1):A,0.0011783319059759
8U6H(1):B_8BWV(1):A,0.0006253250176087
8JI9(1):B_9W3A(1):A,0.0005380794755183
8Q03(1):C_8ZA7(1):A,0.0003600076888687
8STS(1):A_9ST8(1):B,0.001602821983397
9PHV(1):D_8CB2(1):BBB,0.0003853719390463
8C0D(1):C_8G0K(1):A,0.0025596481282263
8ZD3(1):B_9KW6(1):C,0.0007169282762333
8TYX(1):B_9KAN(1):A,0.0004607347946148
8XYF(1):A_9I25(1):C,0.0056194206699728
9J4P(1):A_8GM8(1):A,0.0004820787580683
8HXI(1):B_9HAC(1):A,0.934185266494751
8BFI(1):B_8SJJ(1):C,0.0029971359763294
9ST8(1):B_9CCK(1):A,0.0002727676474023
9GAI(1):C_9BIY(1):A,0.0013003597268834
8J49(1):B_8J49(1):A,0.0005353172891773
8U6N(1):A_9Z7O(1):C,0.0005319957854226
8YN0(1):C_8WT0(1):A,0.0005611085216514
8SNK(1):B_8WHI(1):F,0.000205789503525
9ERV(1):B_9GZQ(1):A,0.0045531690120697
8S1X(1):A_9WAQ(1):A,0.0005128187476657
8FUL(1):B_9H9V(1):E,0.0006788095925003
8PEL(1):D_8RJA(1):E,0.0002828707511071
8C4Z(1):B_8I8Y(1):A,0.0084526650607585
8BFI(1):C_8WT4(1):A,0.000194440872292
8CCQ(1):A_8JDI(1):A,0.126554399728775
9ST8(1):B_9ST8(1):A,0.5658219456672668
8ZD3(1):A_8TYS(1):B,0.0002750718558672
8GJU(1):A_9ZCS(1):A,0.015471389517188
8VET(1):B_8U6G(1):B,0.0066377790644764
8SJJ(1):A_9GAI(1):B,0.0002814884646795
8CRA(1):E_9FN0(1):A,0.0002858984807971
9UTY(1):B_8U6D(1):A,0.0002938548568636
9KAH(1):C_9IKB(1):G,0.0016147586284205
9ERV(1):B_9ERV(1):A,0.4059850573539734
9EAV(1):A_9BIY(1):A,0.0024215346202254
9BKX(1):d_9PHV(1):A,0.000184680277016
9MNO(1):A_8Y2Z(1):B,0.344533771276474
9L7W(1):B_9VLL(1):B,0.0004137613577768
8T19(1):B_9NSD(1):B,0.0006014439859427
8J4B(1):A_9GZQ(1):B,0.0003808712353929
8BRR(1):A_8T6E(1):A,0.0009453298989683
8R3A(1):A_8SSM(1):C,0.0011504522990435
9UVD(1):C_8T19(1):A,0.0004447984683793
8RJA(1):F_9UVD(1):B,0.0002533594379201
8XT8(1):A_9L7W(1):B,0.0010108741698786
8XTA(1):A_9GWJ(1):C,0.0027615367434918
8ROI(1):B_8VUM(1):A,0.0012782892445102
8T6N(1):H_9ZEE(1):A,0.0057358895428478
8G0P(1):A_8WOK(1):A,0.0006077998550608
8S83(1):B_8J09(1):B,0.0006438067648559
9H9V(1):G_8Y2Z(1):A,0.0037728263996541
8HHJ(1):B_8VUM(1):B,0.0222557336091995
8GMH(1):D_9L6B(1):B,0.0026013138704001
8RJA(1):F_9ST4(1):H,0.0003277029900345
9B7D(1):B_9GAI(1):C,0.0009649373823776
9UX0(1):A_9EAV(1):C,0.0013164349365979
9Q1H(1):B_8RYI(1):A,0.0005211435491219
8RJA(1):E_9X2R(1):A,0.0002448632731102
8HS8(1):C_8T0P(1):A,0.0023246582131832
8I2F(1):A_9HBL(1):B,0.0006528121302835
8OUA(1):A_9IKB(1):B,0.0005172924720682
8T6N(1):H_8BRS(1):A,0.0006734735216014
8PF5(1):D_9J9W(1):A,0.0017258238513022
9SJ6(1):A_9OLQ(1):B,0.0190238282084465
8PEL(1):E_9MYT(1):B,0.0005556605174206
9T38(1):B_9H5R(1):A,0.0125269591808319
12NP(1):A_8WHI(1):F,0.0008471620385535
9ZLL(1):D_8J4B(1):B,0.0010857550660148
8Q2E(1):C_9U8R(1):G,0.0006958900485187
9M3I(1):A_8YNX(1):A,0.0084459697827696
9P3F(1):B_9P3F(1):A,0.971659779548645
9S6C(1):C_9GAI(1):B,0.0205216575413942
9DOD(1):A_9K1U(1):C,0.0011510617332533
9KUE(1):C_8G0P(1):B,0.0003856913535855
8BWV(1):A_8R7D(1):B,0.005148522555828
8FBD(1):A_9Z7O(1):C,0.0330810360610485
8QL1(1):B_8QL1(1):A,0.027403337880969
9H9V(1):A_9MYR(1):A,0.0007628327002748
9S6C(1):A_9EA8(1):A,0.0437760986387729
8BGM(1):B_8TYS(1):B,0.0011887578293681
9LPG(1):A_9LP2(1):A,0.0007456763996742
9K1U(1):B_9K1U(1):C,0.7311157584190369
9PHV(1):A_8S83(1):C,0.0005135076935403
8PUT(1):E_8GMH(1):C,0.0021400321274995
9U8Q(1):A_8STS(1):B,0.0002162145683541
8VLM(1):B_8PF5(1):B,0.0003172978758811
9W3A(1):A_9R84(1):B,0.0182072985917329
9H9V(1):E_8U6D(1):B,0.0016426936490461
9H7Y(1):A_8YN0(1):D,0.0006200188654474
8CRA(1):A_8BRT(1):B,0.0001522352395113
8I2E(1):B_8RIU(1):B,0.0004621387924998
8TK9(1):A_8T19(1):B,0.0001660145499045
8OWU(1):D_9KAN(1):A,0.6303182244300842
9L7W(1):A_9UDL(1):A,0.000658223638311
9GAI(1):D_8T6C(1):E,0.0017427364364266
8FUM(1):D_9GAI(1):C,0.0021220471244305
9BAE(1):A_8FCC(1):B,0.0004278257256373
8OUA(1):C_9BT4(1):B,0.0005460424581542
8PQQ(1):C_9QAA(1):A,0.0014298706082627
8C4X(1):B_9UDL(1):B,0.0009837197139859
9EAE(1):C_8BRQ(1):A,0.0003383233852218
8HDD(1):C_8RYI(1):B,0.0260713081806898
9ZCS(1):A_8STS(1):A,0.0008602176094427
9WBE(1):A_9JWA(1):B,0.0004682010912802
9H9V(1):B_9MNO(1):A,0.0191925019025802
8S05(1):A_8TWD(1):C,0.0001418691972503
9PHV(1):A_9IZ3(1):A,0.0002796187764033
9VZY(1):A_9LP2(1):C,0.0013482683571055
9H5R(1):B_8IGD(1):C,0.002675802912563
8I3F(1):A_9VO4(1):B,0.0001941311347763
9Q9V(1):B_8TYX(1):A,0.0007997272768989
8JMQ(1):B_9ERV(1):B,0.0028399534057825
8PU1(1):B_9K3E(1):C,0.930083692073822
9ERV(1):A_8STP(1):A,0.0003761264088097
9H5R(1):A_8QHN(1):A,0.0005341442301869
9BIY(1):A_9H9V(1):G,0.0026306265499442
8BWV(1):A_8FUL(1):A,0.0055285696871578
9BT4(1):B_30KX(1):D,0.000300114363199
8CRA(1):A_8SJJ(1):C,0.9107438921928406
8ORN(1):A_9KAH(1):A,0.0004411093250382
8IE2(1):E_8Q66(1):B,0.0007932530716061
8GKO(1):C_9K3E(1):C,0.0027709719724953
9OMD(1):I_9OMD(1):C,0.9236789345741272
9BIY(1):B_8BWV(1):A,0.259269118309021
8PUT(1):E_8TWD(1):A,0.0008612259407527
8RIU(1):C_30KY(1):C,0.0004232992359902
12NP(1):A_8OUA(1):A,0.0004078249912708
8GMH(1):C_8PEL(1):B,0.000410414795624
9J4P(1):A_8XEH(1):E,0.0005966989556327
8HFP(1):A_9K1L(1):A,0.0007299049175344
8I2F(1):A_8RIU(1):C,0.0004746273625642
9K3E(1):B_8QNL(1):C,0.0028129057027399
8OWS(1):A_9KAH(1):C,0.0016378017608076
8PEL(1):C_9EAE(1):A,0.0003555316361598
8UAI(1):B_9X2R(1):A,0.0015716103371232
9VLL(1):B_9ZLL(1):D,0.0039622252807021
8C4Z(1):B_8C0D(1):A,0.0001458532642573
9X2R(1):B_8CB2(1):AAA,0.0013432378182187
8QVC(1):A_8I3F(1):B,0.0001996038481593
9KW6(1):C_8OWS(1):A,0.0003402489237487
8SNF(1):D_8Z22(1):C,0.0002510043559595
21VU(1):A_9JDD(1):B,0.0003995422448497
8PU1(1):B_9OMD(1):I,0.0002555318642407
9GZQ(1):B_8HCI(1):A,0.0008935818332247
9UTY(1):B_9UTY(1):A,0.9880291819572448
8S05(1):A_9U8R(1):G,0.0027819140814244
8XYF(1):A_8Y77(1):A,0.0007877188036218
9ST4(1):H_9L5U(1):A,0.0004068861890118
8RIU(1):C_8U6F(1):A,0.0005847418215125
8UF4(1):A_8IH8(1):A,0.0005368998390622
8FUL(1):B_9E1J(1):B,0.0004745273326989
8PQQ(1):C_8GMH(1):D,0.186837300658226
8QHN(1):D_8QHN(1):A,0.8978435397148132
8SNF(1):A_9PCA(1):B,0.0004568667500279
8ZD3(1):B_8ZD3(1):A,0.0680428966879844
9SDC(1):C_8T9O(1):B,0.006962654646486
9BGL(1):A_8VUF(1):B,0.2069481611251831
8U6H(1):B_8U6H(1):A,0.8237634301185608
8P9U(1):C_9MZ5(1):C,0.2523732185363769
9G87(1):A_9GAI(1):D,0.0011943579884245
8PUT(1):A_8GKO(1):A,0.001247641746886
9P3J(1):A_9BT4(1):E,0.0001733147655613
9UVE(1):C_9ILT(1):A,0.0001600740943104
9P3F(1):A_8RJA(1):F,0.0023977423552423
9DCZ(1):B_8YRE(1):D,0.0023455724585801
8YRE(1):D_8QNQ(1):C,0.0003866459010168
9H9V(1):E_9H9V(1):A,0.0140083618462085
8JMR(1):A_9P3J(1):A,0.0005325418896973
30KX(1):E_9F26(1):C,0.0015452787047252
9KO8(1):A_8Q2E(1):A,0.0248760059475898
8EZR(1):B_8EZR(1):A,0.4851292669773102
9ZEE(1):B_8WHH(1):E,0.0002092037757392
8FBD(1):B_8FBD(1):A,0.048065111041069
8ORN(1):B_8Q2E(1):C,0.0002659567689988
9UTY(1):B_8U6G(1):A,0.0002892667544074
8U6D(1):A_8SJJ(1):C,0.0081222150474786
9VZY(1):D_9HLS(1):A,0.0007125587435439
8UAI(1):C_8PQQ(1):A,0.0002237939334008
12NP(1):A_9SDC(1):A,0.0002925937878899
21VU(1):A_9NSD(1):G,0.0002447766601108
8XEH(1):E_8FE8(1):B,0.000376329262508
8FFX(1):B_9GWJ(1):D,0.0014762058854103
8SNK(1):B_8JMR(1):B,0.0001906058605527
9EAE(1):C_9EAE(1):A,0.0014829327119514
8PF5(1):C_8TYX(1):A,0.001891613472253
8RYI(1):A_8S1X(1):B,0.0015906798653304
9EAV(1):D_9KO8(1):C,0.0004568959120661
8BWV(1):B_8U6N(1):B,0.0005770964198745
8IE2(1):E_30KY(1):C,0.0006320818210951
9EA8(1):A_8BOZ(1):A,0.0044793048873543
9SJ6(1):A_8STP(1):A,0.0008292015991173
9ILT(1):C_8WHI(1):A,0.0002548328775446
8J64(1):B_9L5U(1):A,0.0030304717365652
8U6H(1):A_9OMD(1):I,0.0014116411330178
9G87(1):B_8RP2(1):CCC,0.0006276568747125
8PEL(1):E_8EY4(1):A,0.0012006411561742
9EA8(1):A_9M3I(1):C,0.0004150183522142
9M3I(1):C_8ROH(1):A,0.000688821717631
9HMX(1):B_8HDD(1):C,0.0008954893564805
8QNL(1):C_9SJ6(1):A,0.0004915229510515
8PUT(1):E_8PUT(1):A,0.0965113043785095
8VUF(1):B_9AVF(1):B,0.0011300643673166
9WAQ(1):A_8PF5(1):D,0.0003642707888502
9KW6(1):A_8TYS(1):A,0.0001749115326674
9CCK(1):A_9GAI(1):C,0.0003239274083171
9PZK(1):B_9JDD(1):A,0.000428744329838
8JMQ(1):A_9J4P(1):A,0.0925503224134445
8R3A(1):B_9J4P(1):A,0.0004784178745467
9EAV(1):A_8Y77(1):B,0.0003657466731965
8STP(1):B_8WHH(1):A,0.0296208336949348
8WT0(1):A_9CCK(1):A,0.0004218083922751
9HMX(1):B_9SJ6(1):C,0.0004904846427962
8PF5(1):D_8PF5(1):C,0.9943739175796508
8QHN(1):D_21VU(1):H,0.0047183581627905
9V8I(1):A_8EY4(1):I,0.0103712305426597
8U6D(1):B_9ZEE(1):B,0.000396939984057
9JM8(1):B_8WHM(1):B,0.0015752750914543
9IKB(1):G_9IKB(1):B,0.059896670281887
8SJJ(1):A_9E1J(1):B,0.0002937092503998
9ZBE(1):B_8PUT(1):E,0.0004398097808007
9U8Q(1):A_9KUE(1):B,0.0008249611128121
9IZ3(1):B_8J48(1):B,0.0004668242472689
8CB2(1):BBB_9ZEE(1):B,0.0002205684868386
9UVD(1):B_9K1L(1):A,0.0614013336598873
9HLO(1):B_8SSM(1):B,0.0008737276657484
8RYI(1):A_9EAV(1):D,0.0002459083625581
9S6C(1):C_8RPP(1):A,0.0006169548723846
8XUD(1):I_8XUD(1):A,0.7965787053108215
9QAA(1):B_9LPG(1):E,0.0004542698152363
8PU3(1):C_8R3A(1):A,0.000973962189164
8S83(1):C_8WHL(1):E,0.0003105939249508
8PQQ(1):C_9P1C(1):B,0.0002883770503103
9S6C(1):A_8QL1(1):A,0.0006409705965779
8ROI(1):B_9G87(1):B,0.0002849221345968
8FZZ(1):A_9LP2(1):A,0.0032431939616799
8J64(1):A_8T9O(1):A,0.0006120440084487
9BT4(1):G_8I3E(1):C,0.0001934876781888
8J09(1):B_9VZC(1):B,0.0014507751911878
9H9V(1):G_8Q2E(1):C,0.0006586695089936
8GMH(1):D_9F26(1):A,0.0004576901555992
8JMR(1):B_9UX0(1):B,0.0003583754878491
8PEL(1):D_8BRS(1):A,0.0002507914614398
8T0P(1):A_8T0P(1):B,0.9287311434745787
8FUM(1):C_8UF4(1):A,0.0001620442490093
8I3F(1):B_8ROH(1):B,0.9041594862937928
8VLM(1):A_9VO5(1):A,0.0003480687737464
9JDD(1):B_8U6D(1):B,0.0007447262760251
8FBD(1):A_8VUF(1):B,0.0019578032661229
8HDD(1):B_8Y96(1):C,0.0004029935516882
8RP2(1):AAA_9ZDM(1):A,0.0041468814015388
8RJA(1):F_8RJA(1):E,0.964464545249939
8CCQ(1):A_11LJ(1):A,0.0002238748274976
8Z22(1):C_9H9V(1):E,0.0006209556013345
9VNJ(1):B_9KUE(1):C,0.0066727134399116
9WBE(1):A_9WBE(1):D,0.0614830292761325
8Y2Z(1):B_9LP2(1):A,0.0022851272951811
8BGM(1):A_8RJA(1):F,0.0003200022038072
8SNF(1):A_9V8I(1):B,0.0008014182094484
8BGM(1):B_8WOK(1):A,0.0126388547942042
8SSM(1):C_9V8I(1):A,0.0068280445411801
8PEL(1):E_9PZK(1):B,0.0003458727151155
8RIU(1):C_8ZVX(1):A,0.0003180886851623
9ST8(1):A_8VLM(1):B,0.0019450132967904
8PEL(1):D_9ILT(1):D,0.0002573835954535
8Q2E(1):A_9ZLL(1):F,0.0016448237001895
9JDI(1):A_8CCQ(1):B,0.0006341520347632
9UVD(1):B_9Z7O(1):A,0.0004756400594487
8Q66(1):B_9HAD(1):B,0.0041087879799306
8HR0(1):B_9JWA(1):B,0.0004384706553537
8BGM(1):B_8BGM(1):A,0.0019111816072836
8I3E(1):C_8P9U(1):A,0.000279888685327
8OUA(1):C_9MNO(1):E,0.0003523786435835
8CM0(1):B_8QNL(1):C,0.0355274230241775
9UB9(1):A_9SJ6(1):A,0.0512683093547821
8RP2(1):AAA_9CCK(1):A,0.0003428932395763
9OMD(1):C_8YRE(1):D,0.0002411093300906
9E15(1):A_9UDL(1):B,0.0002234074054285
9H9V(1):H_9H9V(1):D,0.6936703324317932
8Q66(1):B_8Q66(1):A,0.5372723937034607
8STU(1):B_8STU(1):A,0.8105347156524658
9CCK(1):A_9VO5(1):A,0.0016699756961315
8IE2(1):E_8Q2E(1):C,0.0043998789042234
8PQQ(1):A_8ROH(1):A,0.0002320505300303
8ROJ(1):A_8CM0(1):B,0.0015980600146576
9X2R(1):A_9HAE(1):A,0.001021719770506
9UB9(1):B_8T6N(1):H,0.0003605037927627
8XT8(1):B_8XT8(1):A,0.9891976714134216
9ZEE(1):B_8OWU(1):B,0.003684249240905
9Q9V(1):B_9Q9V(1):A,0.0573519095778465
8BRS(1):A_8S83(1):B,0.0476234257221221
8ZD3(1):A_9UTY(1):B,0.0002939624537248
8QVC(1):A_8R3A(1):B,0.0137859415262937
8GM8(1):B_8GM8(1):A,0.834177553653717
8T0P(1):B_8J48(1):B,0.0059391548857092
8FUL(1):A_9L6B(1):B,0.7749281525611877
9BKX(1):D_8K0H(1):A,0.0007809459348209
9BT4(1):E_9JDI(1):C,0.0006041537853889
9K3E(1):C_9IZ3(1):A,0.0067287934944033
8QNQ(1):C_8K0H(1):A,0.0012842701980844
9MYR(1):B_9MYR(1):A,0.8315239548683167
8WT4(1):B_8U45(1):C,0.0088782040402293
8PF5(1):B_9P1C(1):B,0.0005423945840448
8RP2(1):CCC_9Q1H(1):B,0.0007589693996123
8IGD(1):B_8VLM(1):A,0.0007907106191851
8WT0(1):B_8SNF(1):A,0.0043944679200649
8T6E(1):B_9T38(1):B,0.0014029833255335
8HXI(1):A_9Q9V(1):A,0.0007492636796087
9HLS(1):B_8QNL(1):C,0.0010508111445233
9H9V(1):H_9UX0(1):A,0.0102847963571548
8Q2E(1):A_9CCK(1):C,0.000397370691644
9EAE(1):C_9X2R(1):B,0.0007229844341054
30KX(1):E_9GAI(1):D,0.0017500175163149
9BKX(1):D_9JDI(1):A,0.0009994688443839
9ILT(1):A_9H9V(1):E,0.0002493948559276
9BAE(1):A_9P3J(1):B,0.000494543404784
8OWS(1):A_8JDI(1):A,0.0017013354226946
9RMM(1):C_9PHV(1):A,0.0002093751973006
8QHN(1):A_8JMQ(1):B,0.0002690516994334
8ZD3(1):B_9G87(1):A,0.0004439497715793
8S05(1):A_9Z7O(1):A,0.0003826727624982
8PF5(1):B_9KAN(1):B,0.0011278559686616
8Q66(1):B_9EYU(1):A,0.0010253184009343
8ZHT(1):B_8IH8(1):A,0.0023474120534956
9RMM(1):A_8BRT(1):A,0.0007094634929671
9ERV(1):B_9VO5(1):A,0.001261242898181
8HHJ(1):A_8VLM(1):A,0.0922889858484268
8J64(1):B_9VLL(1):A,0.0003994856961071
8WT0(1):A_8QHN(1):A,0.0035088695585727
8HCI(1):B_8HCI(1):A,0.9059077501296996
8HDD(1):A_8GKO(1):C,0.0003669615834951
8I3F(1):B_8I3F(1):A,0.3019687831401825
8Q2E(1):A_9ZLL(1):D,0.0018501116428524
8XSU(1):C_21ZX(1):F,0.0005841817473992
8T6E(1):A_8CM0(1):A,0.7508808970451355
8BFI(1):C_8T6C(1):C,0.0004132679896429
9BKX(1):d_9BKX(1):D,0.9744945764541626
8QHN(1):A_8BRS(1):B,0.0028613107278943
8ROJ(1):B_8HR0(1):B,0.4393594861030578
8C0D(1):C_8JI9(1):A,0.0008294160943478
8IE2(1):A_12NP(1):C,0.0001773535623215
9K1U(1):C_9F26(1):C,0.0003430573851801
8SNF(1):D_8YN0(1):C,0.0002306100359419
9UTY(1):B_8T0P(1):A,0.0004537228087428
8G0P(1):B_8T0P(1):B,0.2148340344429016
8I8Y(1):A_8U6F(1):A,0.0005993478698655
8U6D(1):A_8U6D(1):B,0.8241358995437622
9PCA(1):B_9UVD(1):B,0.0067292107269167
9MOJ(1):C_8QVC(1):A,0.0002406910498393
9KUE(1):C_9KUE(1):B,0.3361013233661651
8ZVX(1):A_9LPG(1):A,0.0003861915320158
8RPP(1):D_8RPP(1):A,0.9548574686050416
8ZHT(1):A_8FUL(1):A,0.0013325092149898
8RYI(1):B_8JDI(1):A,0.0277526639401912
8RP0(1):CCC_21VU(1):H,0.0055072968825697
8GM8(1):B_9MYR(1):A,0.0001815369760151
8ONW(1):F_8S1X(1):B,0.0047502173110842
9EAV(1):C_8SJJ(1):C,0.0002754389715846
9G8U(1):B_9P3F(1):B,0.0378837026655674
8BRT(1):A_9HAC(1):A,0.0009339733514934
8ROJ(1):A_8ROH(1):B,0.0444053635001182
8J48(1):D_9R2Z(1):A,0.001224078121595
8UF4(1):B_8C0D(1):C,0.0099292295053601
9UDL(1):A_8ZA7(1):B,0.000968403473962
9VO4(1):B_8PUT(1):A,0.0004631802730727
8IGD(1):B_8CCQ(1):A,0.000165936697158
8TWD(1):A_8Q2E(1):A,0.0010516609763726
8BFI(1):B_9V8I(1):B,0.00091300427448
8T19(1):B_8T19(1):A,0.7661341428756714
9UVE(1):C_9UVE(1):B,0.0248247366398572
9JWA(1):A_9H5R(1):A,0.0011762649519369
9PCA(1):B_8ROI(1):A,0.0020068197045475
9GAI(1):D_9CCK(1):C,0.0004110771114937
9K3E(1):C_9WBE(1):A,0.0019824157934635
8U6D(1):A_8UAI(1):B,0.004831550642848
8Y2Z(1):A_8J09(1):A,0.2350413203239441
9IZ3(1):B_8I2F(1):B,0.0006224716780707
9PCA(1):A_8RP2(1):AAA,0.0016563349636271
9Q9V(1):A_8WHM(1):B,0.0007273846422322
8I2E(1):A_9HBL(1):A,0.0008443892002105
8WHL(1):A_8T6C(1):C,0.0004240661801304
8PU3(1):A_8STP(1):B,0.0006302395486272
8HCI(1):A_8JI9(1):A,0.0227142069488763
8U6N(1):A_8I2E(1):B,0.0014322828501462
9C10(1):B_8OWS(1):A,0.0018707178533077
9OK4(1):B_8XYF(1):A,0.0001837269228417
9NTO(1):B_9KAH(1):A,0.0004939471837133
8G0K(1):A_8UAI(1):A,0.0003857233095914
9KAH(1):C_8T0P(1):A,0.0009471352677792
9T38(1):B_9G87(1):B,0.0030798260122537
8FUL(1):A_9KAN(1):B,0.0030162180773913
8T0P(1):B_8T9O(1):A,0.0003843915765173
8HFP(1):C_9IZ3(1):A,0.0002168302016798
9LPG(1):E_8PFC(1):A,0.0007347366772592
9JDD(1):A_8PEL(1):G,0.000344807485817
9SDC(1):C_9B7D(1):B,0.0007406199001707
9OK4(1):B_8IH8(1):A,0.0004389440582599
9H5R(1):A_8SSM(1):C,0.0042011146433651
9H9V(1):B_9W3A(1):A,0.0006847672048024
9AVF(1):A_8CM0(1):A,0.1466811746358871
9U8Q(1):A_8T9O(1):B,0.0202471632510423
8PQQ(1):C_8JI9(1):A,0.0016802257159724
9H9V(1):G_8T6N(1):H,0.0003590657724998
8UAI(1):A_8OWS(1):A,0.0003810764173977
9W3A(1):A_8RIU(1):C,0.0044395737349987
8PUT(1):A_9ZCS(1):A,0.0003899847506545
8U6N(1):A_9K1L(1):B,0.0744966715574264
9ST8(1):B_9VLL(1):A,0.0008640391170047
9C10(1):B_9C10(1):A,0.2059499472379684
8BRS(1):A_9SDC(1):A,0.0003643001255113
11LJ(1):A_9Z7O(1):A,0.0005848856526426
9K1U(1):B_8TWD(1):A,0.0003992989368271
8RP2(1):CCC_9P3F(1):A,0.0005282935453578
9RGL(1):A_8GM8(1):A,0.0003026673803105
8JMR(1):B_8RP0(1):AAA,0.000324137188727
9OLQ(1):B_8RYI(1):B,0.0006754880305379
8Y2Z(1):B_8SNF(1):A,0.0018575700232759
8S83(1):C_8BRQ(1):B,0.0110786883160471
9ILT(1):G_8ZHT(1):A,0.0094776526093482
9CCV(1):A_8ROJ(1):B,0.0021749041043221
9RMM(1):A_9GAI(1):A,0.0002813119499478
9V8I(1):A_9KAN(1):A,0.0514279641211032
8T9P(1):A_8VEO(1):B,0.000689084699843
8QHN(1):D_9LPG(1):E,0.0004693465889431
8J4B(1):A_9P1C(1):A,0.0060146576724946
9B7D(1):A_9E15(1):B,0.0003660653892438
9HAD(1):B_8PEL(1):B,0.0012820740230381
8RJA(1):F_9H7Y(1):A,0.0011358713964
9HNG(1):A_8JDI(1):A,0.011618161574006
8J48(1):B_9ZDM(1):A,0.0052354531362652
9IKB(1):C_8RJA(1):F,0.0002885588328354
9PZK(1):B_9PZK(1):A,0.97409987449646
8RYI(1):A_9HAC(1):B,0.0011053238995373
9LP2(1):A_9M3I(1):D,0.0009142538765445
9EAE(1):C_9B7D(1):A,0.0020715205464512
8C0D(1):B_8XT8(1):A,0.0004531357844825
8G0K(1):B_8Y2Z(1):A,0.0095769688487052
8CCQ(1):A_9UVD(1):B,0.0001795825810404
9WAQ(1):A_9R84(1):B,0.000745233905036
8ONW(1):F_8GMH(1):D,0.0006902378518134
8RYI(1):B_8C0J(1):A,0.0003176898171659
8WT4(1):B_8G0P(1):A,0.0021349671296775
8XUD(1):I_9UVD(1):B,0.0003406718606129
9HMX(1):B_9G8U(1):A,0.0005660086753778
9H7Y(1):B_9H7Y(1):A,0.96571546792984
8OUA(1):A_9F26(1):A,0.0003635418834164
9VZY(1):A_8ZD3(1):B,0.0003753722121473
9VO5(1):A_8C0D(1):B,0.0001997043582377
9EAE(1):C_9MYR(1):B,0.0008576861000619
8HCI(1):A_8U6N(1):A,0.0006489092484116
9PCA(1):A_9HLS(1):B,0.0017538445536047
9KUE(1):B_9KUE(1):A,0.4828677177429199
9K1U(1):B_9J4P(1):A,0.0003571556590031
8R7D(1):B_9VZC(1):A,0.0013020290061831
8P9U(1):C_8S05(1):C,0.0002384316758252
9WBE(1):D_8PU1(1):A,0.000898812781088
8IE2(1):A_8TWD(1):C,0.0002332285803277
8T6E(1):A_11LJ(1):C,0.0021146689541637
8G0P(1):B_8P9U(1):C,0.0003411554498597
8S1X(1):B_8I2E(1):B,0.0033511591609567
8BRT(1):B_8RP1(1):CCC,0.0002886862494051
9H9V(1):C_9H9V(1):B,0.8583909273147583
8FBD(1):A_9VNJ(1):A,0.0035853346344083
8FBD(1):B_9IKB(1):B,0.0004698219709098
8XEH(1):A_9NSD(1):G,0.0004550724697764
8PEL(1):G_8PEL(1):D,0.9836068153381348
9W3A(1):E_9U8Q(1):G,0.0023963681887835
8T6N(1):H_8VUF(1):A,0.0005904455902054
9HAD(1):B_8G0P(1):A,0.001408792566508
8ZVX(1):B_8S2M(1):B,0.0253823902457952
9C10(1):A_9ILT(1):G,0.0001683027076069
21VU(1):A_8QVC(1):B,0.0030972990207374
9JWA(1):A_9ZEE(1):B,0.5530579090118408
9L6B(1):B_8PUT(1):A,0.0007825713837519
8U6H(1):A_9BT4(1):E,0.0002069008914986
8R7D(1):A_9PZK(1):A,0.0038596545346081
8XT8(1):A_9K1U(1):C,0.0009833064395934
9R84(1):B_9G87(1):B,0.0118658784776926
9U8Q(1):A_9UTY(1):A,0.0002541859576012
8VLM(1):A_8WHI(1):F,0.00017814929015
9KZL(1):C_8ONW(1):C,0.0004541466478258
8RP1(1):AAA_8U6H(1):B,0.0006247572600841
9ZEE(1):A_8GKO(1):C,0.012348691932857
8T19(1):A_9F79(1):C,0.0001793176925275
8ZHT(1):B_8FZZ(1):B,0.0007194486097432
9PR8(1):C_8UAI(1):C,0.0018638462061062
8TYS(1):B_8TYS(1):A,0.9798912405967712
9GAI(1):C_9ST4(1):H,0.0024691876024007
8J48(1):D_8WT4(1):B,0.0010342760942876
8QL1(1):A_9UX0(1):B,0.0010303034214302
8C4Z(1):A_8OWS(1):C,0.0053834822028875
8RP2(1):AAA_8C4X(1):B,0.0028561521321535
8UH1(1):A_8S83(1):B,0.003024352248758
9ZDM(1):B_9L5U(1):A,0.0028440195601433
9BKX(1):d_8RIU(1):C,0.0018964949995279
9Z7O(1):A_9P3J(1):B,0.0004654239746741
8HR0(1):B_8FCC(1):B,0.0041715437546372
8U45(1):C_8BGM(1):A,0.0020917560905218
8ROJ(1):A_8WHL(1):E,0.0049124495126307
8ROI(1):A_9S6C(1):A,0.0003173250879626
8RJA(1):E_8BOZ(1):A,0.0004322962777223
8X3G(1):C_8PQQ(1):C,0.0065453886054456
9L6B(1):A_9LP2(1):A,0.000725238234736
9Q1H(1):B_9I25(1):A,0.0197575520724058
8T6C(1):C_8HS8(1):A,0.0015669097192585
8TWD(1):A_8FE8(1):A,0.0012786837760359
8U6D(1):B_8RZZ(1):A,0.0018530540401116
9JWA(1):B_9KUE(1):A,0.0007039898773655
8VET(1):B_8PF5(1):B,0.0006116859149187
9OK4(1):B_8J48(1):D,0.0048139654099941
8PEL(1):F_8PEL(1):E,0.992607355117798
9S6C(1):A_8ONW(1):C,0.0002448873128741
9ZLL(1):D_9OMD(1):C,0.0007042491924948
8FE8(1):B_9S6C(1):C,0.001573261921294
8RPP(1):D_9QAA(1):A,0.0042231269180774
9MYT(1):B_9U8Q(1):A,0.0003645784163381
8S83(1):C_8S83(1):B,0.9187207818031312
9U8Q(1):G_9P1C(1):A,0.0002889459137804
8WT4(1):B_8HFP(1):C,0.0016656266525387
9EA8(1):A_9HNG(1):B,0.0010040680645033
9B7D(1):B_8QNQ(1):A,0.0004401914484333
8GMH(1):C_9S6C(1):A,0.0219399090856313
8FE8(1):B_8Z22(1):B,0.035331480205059
9HMX(1):A_9J9W(1):A,0.0008563321898691
8Q2E(1):C_9ZBE(1):B,0.0003561254707165
8JI9(1):A_8GM8(1):A,0.0001363470946671
9LPG(1):A_8ROI(1):B,0.0013887303648516
8GKO(1):C_8I3F(1):A,0.0003878612187691
9AVF(1):B_9KZL(1):A,0.0064833909273147
9RGL(1):F_8TYS(1):A,0.0003022336750291
9HAD(1):C_9HAD(1):B,0.1408341228961944
8X3G(1):B_9VZY(1):D,0.0005417745560407
8T6N(1):H_9G87(1):B,0.0109284287318587
8PEL(1):C_8CRA(1):E,0.0001951507583726
9GAI(1):B_8YRE(1):A,0.0003013302630279
8OUA(1):C_8OWU(1):D,0.0007740134024061
9R2Z(1):B_9G87(1):B,0.0016493165167048
8T6E(1):A_8VUF(1):A,0.0017615811666473
9UDL(1):B_8OWS(1):C,0.0159939341247081
9U8Q(1):A_8WOK(1):A,0.0003229878202546
9NSD(1):B_8PEL(1):F,0.0010321317240595
9S6C(1):A_8SNF(1):D,0.1975204050540924
9HLS(1):A_8ZVX(1):A,0.0569664947688579
9K1U(1):B_9H5R(1):A,0.0001759888982633
8SJJ(1):A_8GKO(1):A,0.000376614567358
8WT4(1):B_9K1U(1):C,0.0345623642206192
8GM8(1):B_9FN0(1):A,0.0002118534321198
9VO4(1):B_8VLM(1):B,0.0005453270277939
8U6G(1):A_8VUM(1):A,0.8557133078575134
8CRA(1):A_8PUT(1):A,0.0001499694626545
9HAC(1):B_8BRT(1):A,0.0008962515275925
9VZY(1):A_9K1U(1):C,0.0123181315138936
8ZHT(1):B_9SDC(1):C,0.0003769131726585
8UH1(1):B_8UH1(1):A,0.0233089737594127
9EAV(1):A_8X3G(1):C,0.3795156180858612
8TWD(1):C_8RP2(1):CCC,0.1441021561622619
8I3E(1):C_8I3E(1):B,0.4139314889907837
9SDC(1):C_9SDC(1):A,0.8657286763191223
9ST8(1):A_8R3A(1):A,0.0007289320928975
9GAI(1):C_8JDI(1):A,0.0025962414219975
30KY(1):B_30KY(1):C,0.0147194257006049
9Q9V(1):B_9W3A(1):A,0.0003850131761282
8K0H(1):B_9PCA(1):B,0.0006393598741851
8JMQ(1):A_8JMQ(1):B,0.9638276100158693
9VZC(1):B_8YNX(1):B,0.0008807984413579
9DD1(1):A_8ZHT(1):A,0.0006912680692039
9BT4(1):E_8S2M(1):B,0.0005582689191214
9JDI(1):C_8ZA7(1):A,0.0013667574385181
8QVC(1):A_8OWS(1):C,0.049904603511095
11LJ(1):C_9KW6(1):C,0.0005149819189682
9P3F(1):B_9KAH(1):C,0.0014417177299037
8BWV(1):B_9P3J(1):B,0.000698133255355
9W3A(1):A_8EZR(1):B,0.008957989513874
8CRA(1):A_8QL1(1):B,0.0008157020783983
9SDC(1):A_8U6H(1):B,0.0003455780388321
9E1J(1):A_8QNL(1):A,0.0002881085383705
8SJJ(1):C_8T0P(1):A,0.004827647935599
9VZY(1):D_9VZY(1):A,0.1277428120374679
9HLO(1):B_9BAE(1):B,0.7873721718788147
8FAR(1):A_9C10(1):A,0.003579931333661
8BGM(1):A_9B7D(1):A,0.0017628672067075
9ILT(1):E_8U45(1):A,0.0066730100661516
9AVF(1):A_8BRT(1):B,0.000610914255958
8GM8(1):A_8PUT(1):A,0.0001074422398232
9DD1(1):A_9PHV(1):A,0.0009384950390085
9X2R(1):A_8RQZ(1):C,0.0001991965982597
9RK9(1):A_8SSM(1):B,0.0244085565209388
8CM0(1):A_8Q2E(1):B,0.0073054679669439
9PR8(1):A_8G0K(1):A,0.0009995631407946
8OWS(1):A_9H9V(1):G,0.0205811522901058
8RJA(1):E_9ZDM(1):B,0.0011636895360425
9M3I(1):D_8T19(1):B,0.0001535612100269
9DOD(1):A_8STU(1):A,0.0165623240172863
8CM0(1):A_12NP(1):A,0.0005170129006728
9BAE(1):B_8ROJ(1):A,0.0001813760609365
9Z7O(1):C_9ZEE(1):B,0.0025034213904291
9ZCS(1):B_8FZZ(1):A,0.0017289714887738
9LEW(1):B_8RP0(1):CCC,0.0024859111290425
8JI9(1):A_8PEL(1):F,0.0007262282306328
9X2R(1):B_8XEH(1):A,0.0004990538582205
8PEL(1):C_9SDC(1):C,0.000513816892635
9IZ3(1):A_9ZBE(1):B,0.000577553990297
8HDD(1):C_9K1L(1):A,0.0039491993375122
9S6C(1):C_11LJ(1):A,0.0007022680947557
8BFI(1):C_8UH1(1):B,0.0020119422115385
9B7D(1):A_8BRS(1):B,0.0006892915698699
8K0H(1):B_9IKB(1):G,0.0004026828682981
8YRE(1):D_8FFX(1):A,0.0576961673796176
9EAV(1):D_8FUL(1):A,0.0003098208399023
8PF5(1):C_8EZR(1):B,0.0006497437716461
8T9P(1):A_8BOZ(1):A,0.0011025696294382
9ST8(1):A_8T6N(1):A,0.0011197691783308
9BKX(1):D_8Y77(1):B,0.0001752058160491
8WT4(1):B_8RP1(1):CCC,0.0010017872555181
8ONW(1):C_8ONW(1):B,0.9361644387245178
8U6N(1):A_9OLQ(1):B,0.0042469236068427
9ZEE(1):B_9F26(1):C,0.0002023695269599
9VZC(1):B_9VZC(1):A,0.7023154497146606
8BWV(1):B_8BWV(1):A,0.9901925325393676
9J4P(1):B_9V8I(1):A,0.0003304080746602
8GMH(1):D_8STP(1):B,0.0005203875480219
21ZX(1):C_8PU3(1):A,0.0019333157688379
9V8I(1):A_8Q2E(1):A,0.0004339112201705
9KAH(1):C_9KAH(1):A,0.0397391766309738
9GWJ(1):C_8WT4(1):A,0.0003310866304673
8CB2(1):BBB_8SNF(1):A,0.0002294951264047
8FBD(1):B_8VET(1):B,0.0005257484735921
9IKB(1):G_9IKB(1):C,0.0382510237395763
8I8Y(1):A_8JDI(1):A,0.0021695813629776
9H5R(1):A_9OMD(1):C,0.0003402774746064
21ZX(1):F_8K0H(1):A,0.0007056227768771
9KW6(1):A_9HNG(1):B,0.000966484833043
9UDL(1):B_9V8I(1):A,0.0007786567439325
8C4X(1):A_9KUE(1):C,0.4177646934986114
8UAI(1):C_8WT0(1):B,0.0003157121827825
8RYI(1):B_9KW6(1):C,0.1222238466143608
8ROI(1):A_8RPP(1):D,0.2442937642335891
9L6B(1):A_9ILT(1):F,0.0009433950181119
8Q66(1):B_9LP2(1):C,0.0009006834588944
9KW6(1):C_9LEW(1):B,0.0013590313028544
8FBD(1):B_8JDI(1):A,0.0121961953118443
9P1C(1):A_9LPG(1):E,0.0012396944221109
8G0P(1):A_8Y96(1):C,0.0022489896509796
9BT4(1):G_9VO5(1):B,0.0004987284191884
9DD1(1):C_8R7D(1):A,0.0008812823798507
9E15(1):A_8QNL(1):A,0.000285112648271
9UX0(1):B_9HLO(1):B,0.0005215179990045
9ERV(1):B_8J4B(1):B,0.0005874937050975
8XSU(1):C_8ROJ(1):A,0.0001304736215388
30KY(1):B_8Y96(1):C,0.0168062634766101
8TYS(1):B_8WHL(1):E,0.0001933183957589
8CB2(1):BBB_8CB2(1):AAA,0.0158302132040262
9H9V(1):E_30KY(1):C,0.001224732492119
9ZDM(1):A_8HXI(1):B,0.0004688410554081
9J9W(1):B_8C0D(1):B,0.0008390512666665
9VZY(1):D_9KAH(1):C,0.0005802058731205
9H7Y(1):B_9EAV(1):A,0.000359355501132
8RZZ(1):A_8FAR(1):A,0.023642798885703
8CRA(1):E_9UVD(1):B,0.0146438870579004
8X3G(1):B_9H7Y(1):A,0.0003580247866921
8HXI(1):A_9JDI(1):C,0.000563338282518
9L5U(1):C_9NSD(1):B,0.1268985867500305
9MYT(1):A_9KAH(1):C,0.011607221327722
9AVF(1):A_8HCI(1):A,0.0014018593356013
8JMR(1):B_8VET(1):B,0.0077304923906922
9ST8(1):A_8C4Z(1):B,0.0009492406388744
9RK9(1):B_9UX0(1):A,0.0019816076382994
9T38(1):A_8IE2(1):A,0.0019998243078589
9M3I(1):D_8HFP(1):C,0.0004503587260842
9P1C(1):B_9P1C(1):A,0.0018083931645378
8QNL(1):A_8Y96(1):C,0.0006411911454051
9RK9(1):A_8WHI(1):A,0.0005541145801544
9UDL(1):A_8CN3(1):B,0.0048799468204379
8I2F(1):A_9DD1(1):C,0.0004929234855808
9ZBE(1):B_9ZBE(1):A,0.0090723177418112
8PUT(1):E_8U6G(1):B,0.0002744952216744
8GJU(1):H_9M3I(1):C,0.0009540515602566
8PF5(1):A_8RZZ(1):A,0.0028134153690189
8ROI(1):B_8ROI(1):A,0.0160993542522192
8QVC(1):A_9VO4(1):A,0.0003282605321146
8STS(1):B_8ROH(1):A,0.0449080131947994
9BT4(1):G_9BT4(1):B,0.035855546593666
8OWU(1):D_8T9P(1):A,0.0003939404268749
8R3A(1):A_8J64(1):A,0.0030466355383396
8K0H(1):B_8K0H(1):A,0.0466558597981929
9UTY(1):A_9NTO(1):B,0.0002464157878421
8CN3(1):A_9WAQ(1):B,0.0049738562665879
9BIY(1):A_9OMD(1):I,0.7028440833091736
8VET(1):B_9UTY(1):B,0.0004487797268666
8SSM(1):B_8Q2E(1):A,0.0012945270864292
8HXI(1):B_8ZA7(1):A,0.0001869416446425
9AVF(1):A_9KUE(1):C,0.0006478800205513
8RIU(1):C_8VET(1):A,0.000249357544817
8BRQ(1):B_9M3I(1):C,0.000410793320043
9VO4(1):B_8SNF(1):A,0.0001793635456124
9WAQ(1):B_9H5R(1):A,0.0008935494697652
8R3A(1):A_9G87(1):B,0.020089192315936
8G0K(1):B_8PEL(1):E,0.00086091295816
8JMR(1):B_8JMR(1):A,0.9626805782318116
8FUL(1):B_9K3E(1):B,0.0071897190064191
8PUT(1):E_8FZZ(1):B,0.0004240255511831
8HCI(1):B_9F79(1):A,0.0005161957815289
8VET(1):B_9L5U(1):C,0.0012856096727773
8IE2(1):E_8QNL(1):A,0.0094893565401434
8C4Z(1):B_8C4Z(1):A,0.0891176983714103
8HCI(1):B_9LP2(1):C,0.0006005426403135
8K0H(1):A_9EAV(1):D,0.0005613294779323
8ROJ(1):B_8HDD(1):C,0.0021402591373771
8YN0(1):C_8XSU(1):C,0.0004301081062294
9I25(1):A_9I25(1):C,0.9558584690093994
8SNF(1):D_8RYI(1):A,0.9822631478309632
8Z22(1):C_9NSD(1):G,0.0001980211964109
8FAR(1):A_8U6D(1):A,0.0269359853118658
9KAN(1):A_8G0P(1):A,0.002969462191686
21VU(1):A_9W3A(1):E,0.0051099993288517
8PF5(1):B_9FN0(1):A,0.000332765688654
8RPP(1):D_30KY(1):B,0.0174621324986219
8GKO(1):A_8UAI(1):C,0.0339857004582881
9BT4(1):E_9BT4(1):A,0.7856736779212952
9LEW(1):A_9EAE(1):C,0.0002775200991891
8HCI(1):A_9DOD(1):B,0.0013732394436374
8ROI(1):B_8ZHT(1):B,0.0013135430635884
8J09(1):B_8J09(1):A,0.0048522409051656
9F79(1):C_9ZCS(1):A,0.0440682992339134
8GJU(1):A_8CN3(1):A,0.0066798063926398
9IKB(1):C_8CRA(1):E,0.0026789428666234
8PUT(1):E_8EY4(1):A,0.0020452179014682
9HBL(1):A_9OLQ(1):A,0.865639865398407
8WT4(1):A_8C0D(1):C,0.000478198606288
8ROJ(1):B_8UF4(1):B,0.0220165662467479
9LEW(1):A_8XUD(1):A,0.001271724817343
8G0P(1):A_8FE8(1):B,0.0021160922478884
8QNQ(1):C_8WHM(1):A,0.0001357415458187
8RZZ(1):A_9Q9V(1):A,0.003573871217668
8C0D(1):C_9LP2(1):A,0.003201866755262
8STS(1):A_9IZ3(1):B,0.0003672095481306
9EA8(1):B_9EA8(1):A,0.3883527219295501
9KAN(1):A_9NTN(1):G,0.0036747553385794
