pair,PLMDA-PPI
8CCQ(1):B_8BRS(1):A,0.0008065323345363
9IKB(1):B_8ZHT(1):A,0.0012050390942022
9RMM(1):A_8FBD(1):B,0.0075759361498057
9MZ5(1):B_8FUL(1):B,0.0033037660177797
9KUE(1):A_9GCO(1):C,0.1242411285638809
9I25(1):A_9B7D(1):B,0.002359707839787
9L7W(1):B_8I3F(1):B,0.0106191933155059
8J4B(1):A_8J4B(1):B,0.0018256257753819
9U8Q(1):A_8I3F(1):A,0.0610303804278373
8TWD(1):C_8RYI(1):B,0.002247970085591
30KX(1):E_9ILT(1):C,0.0012218083720654
9ZCS(1):B_9ZCS(1):A,0.0048595061525702
8T9P(1):B_8Y96(1):A,0.0281180683523416
8IE2(1):A_8ONW(1):D,0.0008192760287784
8PFC(1):B_8PFC(1):A,0.0123368026688694
8J64(1):B_8J64(1):A,0.0005887066945433
8R7D(1):B_8R7A(1):A,0.0016155588673427
9W3A(1):E_9PCA(1):A,0.0053771338425576
8QL1(1):A_9NTO(1):B,0.0147133897989988
8WT4(1):B_9F26(1):C,0.0005932106869295
8CCQ(1):B_9U8R(1):A,0.0060964613221585
8GKO(1):C_8S83(1):B,0.0005052010528743
9ZLL(1):F_8BWV(1):B,0.0079651288688182
8IH8(1):C_8GM8(1):B,0.0012107441434636
8J64(1):B_8FZZ(1):A,0.000342830986483
8EY4(1):A_9H9V(1):C,0.0353064052760601
9EA8(1):A_8YRE(1):A,0.0005981024587526
8U6H(1):A_9K3E(1):C,0.0030058431439101
8PU3(1):C_8PU3(1):A,0.9334825277328492
8STU(1):A_9VLL(1):B,0.0118281031027436
9GZQ(1):B_8STS(1):B,0.0098215565085411
8U45(1):C_9P1C(1):A,0.1175378039479255
9LPG(1):A_9H9V(1):E,0.0028247851878404
8Y2Z(1):B_9K1U(1):B,0.0023895532358437
9EYU(1):B_8RP2(1):AAA,0.0006671205628663
9BAE(1):B_8RP0(1):CCC,0.001277795061469
8G0P(1):B_9BAE(1):A,0.002672454342246
9DD1(1):A_9JM8(1):A,0.0013866699300706
9ZEE(1):B_9ZEE(1):A,0.0015850903000682
8IGD(1):B_8CN3(1):B,0.0009045144543051
8YN0(1):C_9H9V(1):G,0.0011751300189644
9VZC(1):A_8I3E(1):B,0.0005510059418156
9ZCS(1):A_9VNJ(1):B,0.0406713634729385
9OMD(1):C_8Y2Z(1):A,0.0004881017957814
8S83(1):B_8S1X(1):A,0.0022403574548661
8RIU(1):B_9BAE(1):A,0.1666826158761978
9BT4(1):B_8RPP(1):D,0.0004345753986854
9H9V(1):F_8Y2Z(1):B,0.0007564083207398
8XSU(1):C_9NTO(1):A,0.0031848244834691
8FUM(1):D_8C26(1):A,0.9946529865264891
8I8Y(1):B_8Q66(1):B,0.0308558475226163
9IZ3(1):A_9H7Y(1):B,0.0022927620448172
9C10(1):A_8PEL(1):G,0.0278529226779937
9CCK(1):A_8FUL(1):B,0.0005910460604354
9C10(1):A_9MYT(1):B,0.0010504138190299
9NSD(1):G_8QHN(1):A,0.0007395838620141
9BGL(1):B_9T38(1):A,0.0024456426035612
9H5R(1):B_9U8R(1):A,0.0004769541847053
8I3E(1):B_9BKX(1):d,0.0011995187960565
8C0D(1):B_8HXI(1):A,0.0064279143698513
9FN0(1):B_8P9U(1):C,0.0083929449319839
8OWU(1):D_8STS(1):B,0.013566680252552
9KUE(1):B_8S05(1):A,0.0017963704885914
8YNX(1):B_9K3E(1):C,0.0019757824484258
8U6G(1):B_8U6G(1):A,0.0567495711147785
8Z22(1):B_9VZC(1):A,0.0011763334041461
8CN3(1):B_8CN3(1):A,0.0019943413790315
8SNK(1):I_9K1U(1):B,0.0697202160954475
9BT4(1):A_9LP2(1):A,0.0009683337411843
9X2R(1):A_8PF5(1):C,0.001595783047378
9HLS(1):B_9ST8(1):A,0.0039067491888999
8PEL(1):B_9VNJ(1):A,0.0013610906898975
9NSD(1):B_8JDI(1):A,0.9478265643119812
8WHL(1):E_8I3E(1):C,0.0006179923075251
8QVC(1):A_8T19(1):B,0.0007451067212969
9L5U(1):C_8CM0(1):A,0.0174166560173034
8HFP(1):C_8WHH(1):A,0.0286011416465044
8PFC(1):B_9G8U(1):B,0.1020606085658073
8FZZ(1):A_9U8Q(1):G,0.0040225032716989
9JDI(1):A_8Q66(1):A,0.9808388948440552
9EAV(1):A_8CN3(1):A,0.9781512022018432
8ONW(1):B_8T19(1):B,0.0059827510267496
8S05(1):A_8G0K(1):A,0.0003638589987531
8JI9(1):A_9SDC(1):A,0.0005199321312829
9W3A(1):A_8PFC(1):B,0.0025897473096847
9I25(1):A_9G87(1):B,0.0187538359314203
8BGM(1):B_9Q1H(1):A,0.0009596614399924
9E15(1):A_9H9V(1):G,0.0015066764317452
9LPG(1):E_9ZLL(1):F,0.0013505682582035
9MOJ(1):C_8JDI(1):E,0.0014720985200256
9GAI(1):B_8Y96(1):C,0.0025751120410859
9VLL(1):B_9GAI(1):B,0.3774837851524353
9KUE(1):A_8J4B(1):B,0.0004150436725467
8VUM(1):B_8K0H(1):B,0.0022217542864382
8I8Y(1):A_8I8Y(1):B,0.9566943645477296
9KUE(1):C_8J4B(1):B,0.0510991923511028
9MZ5(1):C_8TWD(1):A,0.0014274822315201
8J49(1):B_9GAI(1):B,0.0019121741643175
9L6B(1):B_8SSM(1):B,0.0020736616570502
9JDD(1):B_9X2R(1):A,0.0057666841894388
8IGD(1):C_9VLL(1):A,0.0005361018702387
9KO8(1):C_9IKB(1):B,0.0027886263560503
8FFX(1):A_8RPP(1):D,0.0106995357200503
8G0P(1):A_9H9V(1):E,0.0017728337552398
9W3A(1):E_9KZL(1):A,0.0032134647481143
8PEL(1):C_9ILT(1):G,0.0003483082691673
8YNX(1):B_9IKB(1):G,0.0359233580529689
8C26(1):B_8FCC(1):B,0.0089295823127031
8WT0(1):A_8XEH(1):A,0.0010739399585872
8UF4(1):A_9E15(1):B,0.0191112793982028
9VZY(1):D_8PQQ(1):C,0.0003738982486538
9L7W(1):A_9M3I(1):D,0.0004668890032917
9VO4(1):B_8WT4(1):B,0.9957923889160156
8ZHT(1):B_8ZHT(1):A,0.0049247182905673
8HCI(1):B_8R7A(1):A,0.0009332509944215
9PCA(1):B_9EA8(1):B,0.0219710916280746
8TK9(1):B_8TK9(1):A,0.0002888134331442
9R84(1):B_9R84(1):A,0.9749184846878052
8IH8(1):A_9CCV(1):A,0.0050204377621412
8RP1(1):AAA_8TK9(1):B,0.0020307754166424
9F79(1):C_9F79(1):A,0.0008305645314976
9VLL(1):B_8T9O(1):B,0.0020183904562145
8I8Y(1):A_9OMD(1):I,0.0012356961378827
8ZA7(1):B_9VZY(1):D,0.0010778814321383
9L6B(1):A_8RPP(1):D,0.0061079859733581
9MZ5(1):C_9MZ5(1):B,0.000965568178799
9FN0(1):A_9P3J(1):A,0.0015283855609595
9NSD(1):B_8GJU(1):H,0.0016175267519429
9DK1(1):A_9HAE(1):A,0.0145665677264332
8K0H(1):A_21VU(1):A,0.0011226288042962
8QL1(1):B_8CCQ(1):B,0.003242417005822
9JM8(1):B_8ONW(1):B,0.0047454382292926
8RQZ(1):B_8CB2(1):BBB,0.0086222747340798
8S1X(1):B_8T19(1):B,0.9379537105560304
9ILT(1):F_9ILT(1):C,0.000645191874355
8J48(1):B_9P1C(1):A,0.0007211819174699
9U8Q(1):G_8K0H(1):B,0.2057137191295623
8GKO(1):C_8UAI(1):A,0.0073818038217723
9W3A(1):E_8BWV(1):A,0.0559556111693382
9ILT(1):C_8T9P(1):A,0.0174399688839912
9VO5(1):A_9JDI(1):A,0.0047953422181308
8TYS(1):A_12NP(1):C,0.0722293555736541
9ILT(1):A_11LJ(1):A,0.0271209478378295
9RGL(1):A_8UF4(1):B,0.0007663096184842
8Q03(1):A_9VO4(1):A,0.0004344940243754
8FZZ(1):A_8UF4(1):A,0.0028286075685173
9AVF(1):A_8J49(1):B,0.0025579954963177
8RP2(1):CCC_9W3A(1):E,0.0010416609002277
8ZVX(1):A_9NTN(1):G,0.1265491396188736
9KUE(1):C_9U8R(1):G,0.0121034812182188
8HDD(1):B_9P3J(1):A,0.0016320151044055
8STU(1):A_8G0K(1):A,0.0012612885329872
8JMR(1):A_8ZD3(1):A,0.0024165245704352
9E15(1):A_8T6E(1):B,0.000712105887942
9LP2(1):A_8U6H(1):B,0.0012978404993191
9VO5(1):A_8CRA(1):A,0.4884649515151977
8T19(1):A_8OUA(1):A,0.0678254812955856
9IKB(1):C_9H9V(1):C,0.0972188264131546
9WAQ(1):A_9WAQ(1):B,0.0470109097659587
8ONW(1):C_8U6G(1):A,0.907465159893036
8PU1(1):B_8IGD(1):B,0.005822617560625
8CCQ(1):B_8OWU(1):B,0.9264880418777466
8U6D(1):A_8JMQ(1):B,0.0024078232236206
9K3E(1):B_9RK9(1):A,0.0025723993312567
9H9V(1):G_9H9V(1):A,0.0009357102680951
9VNJ(1):A_9KZL(1):C,0.0062004160135984
8S2M(1):A_9U8R(1):A,0.2081673890352249
8ONW(1):B_8VLM(1):A,0.0052754301577806
8FUM(1):D_9PR8(1):A,0.0013568170834332
9ZLL(1):F_8VLM(1):B,0.0037138087209314
9KUE(1):C_9KUE(1):A,0.0012329990277066
8ZD3(1):A_9W3A(1):A,0.0056242132559418
8K0H(1):B_8IH8(1):A,0.0012384811416268
8JI9(1):B_8RP0(1):AAA,0.0008767147664912
8YRE(1):D_9JWA(1):A,0.0211937855929136
8WOK(1):B_8Q66(1):B,0.0054960832931101
8Y77(1):B_8Y77(1):A,0.0016009048558771
9X2R(1):B_9X2R(1):A,0.0354543551802635
9KUE(1):C_9VZY(1):A,0.0550938434898853
8T6E(1):B_8HDD(1):C,0.0161088816821575
8RQZ(1):C_8BRQ(1):A,0.0006106997025199
8CB2(1):AAA_9F79(1):C,0.004481952637434
8QVC(1):B_8G0P(1):B,0.0055870558135211
9BAE(1):B_9WAQ(1):B,0.0005012791370972
9RK9(1):B_9HBL(1):B,0.0012648387346416
9HAD(1):B_8R3A(1):A,0.0037543757352977
8BGM(1):B_8S83(1):B,0.0004923902451992
8C26(1):B_8C26(1):A,0.068657174706459
8I2F(1):B_8I2F(1):A,0.0008604656322859
9Q9V(1):B_9HBL(1):B,0.0143331224098801
9F26(1):A_9M3I(1):C,0.009508148767054
9KZL(1):A_9UB9(1):B,0.0016421088948845
8Q66(1):A_9W3A(1):E,0.0021576292347162
8HDD(1):B_8STP(1):A,0.0024792323820292
8Y2Z(1):B_9R2Z(1):A,0.0015148405218496
12NP(1):C_12NP(1):A,0.0041764685884118
9NTO(1):A_8FUM(1):C,0.0027554410044103
8QHN(1):D_9HLO(1):A,0.9918956160545348
9KUE(1):B_8S83(1):B,0.0008718859753571
8U6F(1):A_8YN0(1):C,0.001269154716283
9VZY(1):D_8XT8(1):B,0.0015330995665863
9ZLL(1):E_9ZLL(1):D,0.0026791910640895
9VNJ(1):B_8R3A(1):A,0.0243226680904626
8WHL(1):E_9H9V(1):F,0.0049527022056281
9ILT(1):F_8VEO(1):B,0.0200354810804128
9BT4(1):G_9HAC(1):B,0.0010414405260235
9UB9(1):A_8T9P(1):B,0.0099750952795147
9X2R(1):B_9P1C(1):A,0.3098815083503723
9CCV(1):A_8ONW(1):B,0.0006197373731993
8QNQ(1):A_8Q2E(1):A,0.3331679403781891
9ZLL(1):F_8WT0(1):B,0.0091160833835601
9UB9(1):B_9UB9(1):A,0.0008079608669504
8IH8(1):A_8STU(1):A,0.0046032229438424
9ILT(1):E_9ZCS(1):B,0.0736986920237541
8QVC(1):B_8HHJ(1):A,0.0003900492447428
8HFP(1):C_9OLQ(1):B,0.0011139387497678
8BRT(1):A_8WHI(1):F,0.0010535878827795
8ONW(1):D_8ONW(1):E,0.0031041512265801
8PEL(1):D_9GZQ(1):A,0.0011570388451218
8HR0(1):B_9GAI(1):D,0.0023616068065166
9HBL(1):B_8TYX(1):B,0.0012418702244758
8STS(1):B_8STS(1):A,0.0054276380687952
8CRA(1):E_8OUA(1):A,0.0002464275457896
8BWV(1):B_8XEH(1):E,0.0018375174840912
8BRR(1):A_8I3E(1):B,0.0005556157557293
30KX(1):E_9H9V(1):E,0.0113689359277486
9U8R(1):A_8EZR(1):A,0.001406577299349
8S1X(1):A_8GM8(1):A,0.9883450269699096
9EAV(1):D_9EAV(1):A,0.000423247955041
9LP2(1):A_8PQQ(1):C,0.9753868579864502
8XUD(1):A_8RYI(1):B,0.0181565750390291
9U8Q(1):A_8WHM(1):B,0.0063829482533037
9LEW(1):B_9DK1(1):B,0.0112606361508369
9UVE(1):B_9U8R(1):G,0.0038318522274494
8FFX(1):B_9I25(1):C,0.0029605999588966
8BFI(1):B_8T9P(1):B,0.0004227701283525
8C0D(1):B_9HAD(1):B,0.0041871261782944
8FFX(1):A_9DK1(1):A,0.0811296850442886
9U8Q(1):G_8C4X(1):B,0.0004919253406114
9L5U(1):C_9L5U(1):A,0.0011006607674062
9EAE(1):C_9X2R(1):A,0.0178302321583032
8ONW(1):B_9VZY(1):A,0.0019018495222553
9J4P(1):A_9SDC(1):C,0.0014259320450946
9ZLL(1):E_8JI9(1):B,0.0047639571130275
9JDD(1):B_8U6G(1):A,0.0022089511621743
8EY4(1):I_8T0P(1):A,0.0012924167094752
9ZEE(1):B_8JI9(1):B,0.0035876638721674
8YNX(1):A_9VZY(1):D,0.0406501963734626
9JM8(1):A_8J49(1):A,0.0013027491513639
9R2Z(1):A_9ST8(1):B,0.0067273210734128
8SSM(1):C_8Y96(1):C,0.0016997318016365
8BRR(1):A_8T9O(1):A,0.0025771826039999
9GCO(1):B_9V8I(1):A,0.0011191122466698
9I25(1):A_8WT0(1):A,0.0038608850445598
8VET(1):B_8RP0(1):AAA,0.0025681001134216
8BWV(1):A_9KO8(1):C,0.0018076573032885
9UVD(1):C_9H9V(1):B,0.0217720139771699
8R7A(1):A_9MNO(1):E,0.0004653840442188
8QL1(1):A_9RMM(1):C,0.0086241131648421
9GZQ(1):A_8RZZ(1):C,0.0679155141115188
9UB9(1):B_8Y2Z(1):A,0.0005234333802945
9I25(1):A_9Q9V(1):A,0.0012731245951727
9EAV(1):C_9EAV(1):A,0.8979682922363281
8PEL(1):D_8K0H(1):B,0.0134165603667497
8SNF(1):D_8SNF(1):A,0.0009458988206461
9DCZ(1):A_8J64(1):A,0.0063614821992814
8C0D(1):A_9U8Q(1):A,0.0090400101616978
9OLQ(1):A_9R2Z(1):B,0.007620726712048
9J4P(1):A_9HLO(1):B,0.9962915182113647
8P9U(1):C_8ORN(1):A,0.0035841898061335
9H9V(1):B_9L6B(1):A,0.0442754849791526
8SNF(1):D_8BRQ(1):A,0.0009182981448248
9ZCS(1):A_8PEL(1):F,0.0007054384914226
8HHJ(1):A_9EAV(1):C,0.0011417489731684
8XYF(1):A_21VU(1):H,0.0020131634082645
9X2R(1):A_8TYS(1):A,0.0017594435485079
9JWA(1):B_9HAD(1):B,0.0027186700608581
8T6E(1):B_8WOK(1):B,0.0094579271972179
8FCC(1):B_8HHJ(1):A,0.0031100136693567
8GJU(1):A_9K1U(1):C,0.0032027466222643
9H7Y(1):A_9GCO(1):B,0.0101170986890792
8PFC(1):A_9ILT(1):E,0.0043284180574119
9EAV(1):C_8CN3(1):A,0.0009078991133719
8BWV(1):A_9V8I(1):B,0.0007313420064747
9EAE(1):A_9V8I(1):A,0.0025923366192728
9UTY(1):B_8G0P(1):B,0.0007882444770075
8RP0(1):CCC_9GZQ(1):A,0.005535309202969
9FN0(1):B_8G0K(1):A,0.0015172209823504
8STS(1):A_8R7A(1):B,0.0036796417552977
8GM8(1):A_8SNK(1):B,0.0020136195234954
8BOZ(1):B_8BOZ(1):A,0.7684805989265442
9AVF(1):A_8PEL(1):E,0.0044750454835593
9L7W(1):B_8JMQ(1):B,0.2952090501785278
9RGL(1):A_8TK9(1):B,0.0036152659449726
8P9U(1):A_8I2F(1):A,0.0255758874118328
9H9V(1):A_9OLQ(1):B,0.0020273418631404
9JWA(1):B_8G0P(1):A,0.0091381845995783
8WT0(1):A_8ZHT(1):B,0.0027004298754036
9PR8(1):A_8S1X(1):A,0.0015858722617849
9HAD(1):B_9GZQ(1):A,0.1276072263717651
8RYI(1):B_30KY(1):B,0.0013710375642403
8BRR(1):B_9EAV(1):A,0.0006869457429274
8YNX(1):A_8ONW(1):D,0.0013186484575271
9QAA(1):A_8SNK(1):B,0.0342335402965545
9ILT(1):A_9WBE(1):A,0.0015193347353488
8T6N(1):H_8PF5(1):C,0.0018334534252062
8ONW(1):D_9HNG(1):B,0.0126257222145795
9W3A(1):A_8BRS(1):A,0.0005586638581007
9VZC(1):A_8GKO(1):A,0.0125206727534532
8SJJ(1):C_9ZEE(1):B,0.027646642178297
9ZBE(1):A_9JM8(1):B,0.0032608839683234
9S6C(1):A_9L7W(1):A,0.0004351770912762
9X2R(1):A_8PEL(1):E,0.0036655014846473
9G87(1):A_9WBE(1):D,0.0066717527806758
8UAI(1):C_8K0H(1):B,0.0003239805519115
8PF5(1):B_9F26(1):C,0.0010316460393369
8K0H(1):B_8VET(1):B,0.0005767541006207
9RK9(1):B_8S83(1):C,0.0013686664169654
8BWV(1):A_9PZK(1):B,0.0053108748979866
8I3E(1):B_9H5R(1):B,0.016094634309411
8P9U(1):C_9JDI(1):C,0.0053195725195109
8XUD(1):I_9MYT(1):B,0.0022756345570087
8UH1(1):A_9I25(1):C,0.3995854556560516
8CRA(1):A_9QAA(1):B,0.0015241187065839
8UH1(1):B_8Y77(1):A,0.0426326990127563
8VUF(1):B_9GCO(1):C,0.0119672128930687
9Z7O(1):A_9Z7O(1):C,0.0025925152003765
9CCK(1):A_8XEH(1):A,0.0018922303570434
9C10(1):B_8FUM(1):D,0.0029968153685331
8K0H(1):A_9IKB(1):C,0.0006893690442666
9VZC(1):A_9OLQ(1):B,0.2137417048215866
8S1X(1):B_8STU(1):B,0.0013902500504627
8HS8(1):C_8ONW(1):C,0.0336754620075225
8X3G(1):C_12NP(1):A,0.8484262228012085
8RP0(1):CCC_8U6F(1):B,0.0011132630752399
8BRQ(1):B_8U6G(1):B,0.9395599365234376
8FBD(1):B_9MNO(1):E,0.3013814687728882
9ST4(1):A_9V8I(1):B,0.0006474306574091
8RP0(1):CCC_8RP0(1):AAA,0.0005378543282859
8U45(1):C_9W3A(1):A,0.001606004894711
8T6E(1):B_8TYX(1):A,0.0076080332510173
8PF5(1):A_9NSD(1):G,0.9335868954658508
9KZL(1):C_8T6N(1):A,0.0021244757808744
8JMR(1):B_8EZR(1):A,0.0003573189605958
8CRA(1):A_8TWD(1):C,0.0119822490960359
8U6F(1):B_9DK1(1):B,0.0546769015491008
8RP1(1):AAA_8HR0(1):C,0.0034966743551194
9BGL(1):B_9K1U(1):C,0.0204616580158472
9DK1(1):B_9DK1(1):A,0.0009791837073862
9KUE(1):C_9H9V(1):H,0.0009249392314814
8CB2(1):BBB_9HAE(1):A,0.0034725251607596
8TK9(1):A_8CM0(1):B,0.0011685019126161
8FCC(1):B_8IH8(1):C,0.0027697260957211
8I2E(1):A_8PEL(1):G,0.0031294003129005
8TK9(1):B_8YNX(1):B,0.0009822862921282
8Q66(1):A_9K1L(1):B,0.0032014197204262
8BOZ(1):B_8ZA7(1):B,0.0284584984183311
8BOZ(1):B_9M3I(1):D,0.0098973400890827
9M3I(1):A_9NTO(1):A,0.950362265110016
8BGM(1):B_8ROH(1):A,0.0024548990186303
9PCA(1):B_9HLO(1):A,0.0798743218183517
8PU3(1):C_8RP2(1):CCC,0.0386830009520053
8PU1(1):A_8OUA(1):A,0.0010624430142343
8J48(1):B_8J48(1):D,0.0015062640886753
9P3F(1):B_8P9U(1):C,0.0008234304841607
9EAV(1):D_8XT8(1):A,0.0047252597287297
8RYI(1):B_9F79(1):C,0.000510066805873
8GMH(1):B_8I2F(1):B,0.0022577024064958
8VLM(1):B_8PEL(1):G,0.0005792654119431
9BKX(1):D_8Q66(1):B,0.0049422117881476
9V8I(1):A_9R2Z(1):A,0.0025449704844504
9JWA(1):B_8FCC(1):A,0.0040925042703747
8HHJ(1):B_9NSD(1):B,0.2011532485485077
8PU3(1):A_8HDD(1):A,0.004707224201411
8QHN(1):D_9U8R(1):A,0.0021458817645907
9IZ3(1):B_9IZ3(1):A,0.0021427669562399
8PF5(1):A_9UDL(1):A,0.0019149965373799
8PU3(1):C_9R2Z(1):B,0.0007445020019076
8PU1(1):B_8QNQ(1):A,0.1108008250594139
9EAV(1):C_8S05(1):A,0.8515883088111877
8FFX(1):B_8ROH(1):B,0.0733386278152465
8IGD(1):C_8TYX(1):B,0.0014994977973401
8YRE(1):D_8YRE(1):A,0.0017036297358572
9K1L(1):A_9P3F(1):A,0.0148112960159778
9NTN(1):G_8EZR(1):B,0.0018537774449214
9CCV(1):B_9H7Y(1):A,0.0005415164050646
9BIY(1):A_8I2F(1):B,0.0044465027749538
9UDL(1):A_9EAV(1):C,0.0099873887374997
9ZDM(1):B_8BFI(1):B,0.0008781975484453
9GCO(1):B_8XTA(1):A,0.0006465362384915
9GWJ(1):D_8YN0(1):C,0.002323038643226
8WT4(1):B_8WT4(1):A,0.0462001487612724
8T6C(1):C_8WHI(1):A,0.0049357432872056
8XT8(1):B_8SNF(1):D,0.0003000834258273
9C10(1):A_8R3A(1):B,0.0010416379664093
9WBE(1):D_8SNK(1):I,0.0019345621112734
8ONW(1):F_8Y2Z(1):B,0.0547587685286998
9K3E(1):B_9K3E(1):C,0.6366462111473083
30KX(1):E_9R2Z(1):B,0.0010445993393659
8SNF(1):D_9IZ3(1):B,0.0005748585099354
8T6E(1):B_8CCQ(1):A,0.0012356073129922
8BGM(1):B_8PU1(1):A,0.9920347332954408
8ZA7(1):B_9GWJ(1):C,0.0015226497780531
8CB2(1):BBB_9ZLL(1):D,0.0013703495496883
8T6C(1):E_9HLS(1):A,0.0172193106263875
8BRR(1):B_12NP(1):A,0.005710924975574
9GAI(1):B_9NSD(1):G,0.0052973101846873
8VET(1):B_9R2Z(1):B,0.0015140580944716
8C4X(1):A_9ZEE(1):B,0.0005417701904661
9H9V(1):A_8ZD3(1):B,0.0008174267713911
8I2E(1):A_9EYU(1):A,0.9774683713912964
8RYI(1):A_8TYS(1):B,0.0010649667819961
9ILT(1):D_9ILT(1):A,0.9483469724655152
8VEO(1):A_9L5U(1):A,0.0006064198096282
9KAN(1):A_8PF5(1):C,0.5138558149337769
9VO4(1):B_9VO4(1):A,0.0027439633850008
8PEL(1):E_8OWS(1):C,0.0003620717325247
9L7W(1):A_8Q03(1):A,0.0215645618736743
9J4P(1):A_8XYF(1):A,0.0073636574670672
9G87(1):B_9MZ5(1):C,0.0012981916079297
8GKO(1):C_8I2F(1):B,0.0007071131258271
9DCZ(1):B_9DCZ(1):A,0.0576060637831687
9NSD(1):G_9L6B(1):A,0.0041698841378092
8UH1(1):A_8HFP(1):C,0.0018039940623566
9ZEE(1):A_8XYF(1):A,0.0021850741468369
8XT8(1):B_8U6D(1):B,0.0012768856249749
8TK9(1):A_8HCI(1):B,0.0066054668277502
9JM8(1):B_8I3F(1):B,0.0077210399322211
9EA8(1):B_8R7D(1):A,0.0005382698145695
8IGD(1):B_9P3F(1):B,0.2994441390037536
9C10(1):A_9H9V(1):A,0.0065362327732145
9G8U(1):B_8Y77(1):A,0.0142281949520111
8OW6(1):B_8SNK(1):B,0.0013917713658884
9EAV(1):C_9ST8(1):B,0.0019564619287848
9QAA(1):A_8JI9(1):A,0.000701769371517
8WT0(1):B_8QHN(1):A,0.0022192175965756
8C0D(1):B_9V8I(1):A,0.0468879453837871
9LPG(1):E_8RQZ(1):B,0.0006279425579123
8VUM(1):B_9KUE(1):B,0.0073026013560593
8WOK(1):A_9UX0(1):A,0.0069308816455304
9R2Z(1):A_8ROH(1):A,0.0029559640679508
9PCA(1):B_9JDD(1):B,0.0011385150719434
8ROH(1):A_9OMD(1):C,0.0015194143634289
9KAH(1):C_9BGL(1):A,0.0006559332250617
8J4B(1):B_9H9V(1):A,0.0029281445313245
8Q66(1):A_9KAH(1):A,0.0071706189773976
9KAN(1):B_8TK9(1):A,0.0007646890589967
9M3I(1):A_8PU1(1):A,0.0415896773338317
9H5R(1):B_9H5R(1):A,0.9910394549369812
9NTO(1):B_9QAA(1):A,0.9853917956352234
9E1J(1):A_9DCZ(1):A,0.0008517976966686
9JDD(1):B_9JDD(1):A,0.0006449109641835
9R2Z(1):B_8PEL(1):C,0.0018535886192694
8RIU(1):B_8T6N(1):H,0.0020400853827595
8BGM(1):A_8G0K(1):B,0.000765090342611
9NSD(1):G_9JWA(1):A,0.0032854601740837
8Y2Z(1):B_9VO5(1):B,0.003119723405689
8GJU(1):A_9Q1H(1):B,0.0417260229587554
9JDI(1):A_9WBE(1):D,0.9197015762329102
8P9U(1):A_9KO8(1):C,0.0017154457746073
9X2R(1):A_8Y96(1):A,0.003028258215636
9RGL(1):F_8C26(1):B,0.0008735765586607
8YN0(1):D_8Y96(1):A,0.0089465035125613
9BAE(1):A_9Q1H(1):A,0.9195109009742736
8WT4(1):B_11LJ(1):A,0.0010892457794398
9UB9(1):A_8U6D(1):A,0.0021480065770447
9L5U(1):C_9EYU(1):B,0.0027051533106714
8OUA(1):A_9WBE(1):D,0.0025656851939857
9H9V(1):E_8R7A(1):B,0.0391632504761219
8I2F(1):A_8HCI(1):A,0.00151478277985
21VU(1):A_8STU(1):B,0.0008997314726002
9I25(1):C_9DCZ(1):A,0.0032218531705439
9V8I(1):B_9X2R(1):A,0.0015204612864181
8OWS(1):C_8FCC(1):B,0.7489161491394043
9PHV(1):D_9PHV(1):A,0.9942248463630676
9PCA(1):A_8U6N(1):A,0.0008298192988149
9ZEE(1):A_8ZVX(1):B,0.0139195434749126
9ILT(1):G_8OUA(1):A,0.0173376929014921
8HXI(1):B_8FUL(1):A,0.0066400934010744
8FFX(1):A_8YNX(1):B,0.001768973073922
9X2R(1):A_8PEL(1):C,0.0175020117312669
8XUD(1):I_9PR8(1):C,0.0004106987908016
8U6N(1):B_8U6N(1):A,0.0068879933096468
12NP(1):A_8ORN(1):B,0.000220775938942
9I25(1):C_9EYU(1):B,0.0812872722744941
8Y2Z(1):B_21VU(1):A,0.0014198485296219
8J09(1):B_9GCO(1):C,0.91777503490448
8PF5(1):B_9UVE(1):C,0.0008299956098198
9VZC(1):A_8VEO(1):A,0.0014344335068017
8R7A(1):B_9KUE(1):B,0.001381104812026
9CCV(1):B_9CCV(1):A,0.0013519085478037
9KUE(1):B_11LJ(1):A,0.0121019417420029
9LPG(1):E_8R7A(1):A,0.0112717002630233
9HBL(1):B_8FBD(1):B,0.008853587321937
9H7Y(1):A_9IKB(1):B,0.105472907423973
8WHM(1):B_8WHM(1):A,0.0012041291920468
9L7W(1):B_9RGL(1):F,0.0085821775719523
9Q1H(1):A_8WT4(1):B,0.1744227111339569
9H7Y(1):B_8R7A(1):A,0.0005435541388578
9UX0(1):A_8RZZ(1):C,0.0013162612449377
9P3F(1):A_9HAD(1):B,0.0067671160213649
9G8U(1):B_8YNX(1):A,0.1191510036587715
8T9O(1):A_9B7D(1):A,0.0034330869093537
9KAN(1):B_8HS8(1):C,0.0062490422278642
8Z22(1):B_8PQQ(1):A,0.9922348260879515
8HS8(1):C_9ZLL(1):E,0.0090174069628119
8WT4(1):A_8QNQ(1):C,0.9921939373016356
9K1U(1):C_8ROJ(1):A,0.0018339412054046
8CCQ(1):B_8CCQ(1):A,0.014269090257585
9JWA(1):B_9JWA(1):A,0.0030539408326148
8FUM(1):D_8C0J(1):A,0.0011059880489483
8CRA(1):E_8CN3(1):A,0.0010660731932148
8T0P(1):B_8ZA7(1):A,0.0040019671432673
9MZ5(1):C_9U8R(1):A,0.000625959073659
8T9O(1):B_8T9O(1):A,0.0006307924049906
8C4Z(1):B_9ZBE(1):A,0.0008133844821713
9LEW(1):B_8VLM(1):B,0.2948528230190277
8BGM(1):A_8HFP(1):C,0.001947940676473
9WAQ(1):B_9KZL(1):C,0.0031294017098844
9KAH(1):A_9VLL(1):B,0.0371003225445747
8EZR(1):B_9QAA(1):B,0.0009252755553461
9HMX(1):A_9B7D(1):B,0.004625825677067
8GJU(1):A_9BAE(1):B,0.0012633012374863
8RP0(1):CCC_8S1X(1):B,0.0003816912358161
9J9W(1):B_8WT0(1):A,0.9211276173591614
9LEW(1):B_9JWA(1):A,0.0406346470117569
9NTO(1):A_9P1C(1):A,0.0006681159720756
9NTO(1):A_9PCA(1):B,0.001538211479783
9HBL(1):A_8J48(1):B,0.0018388663884252
9IKB(1):B_9R84(1):A,0.0035239092539995
8STS(1):A_8RYI(1):A,0.004531433340162
8FFX(1):B_8S83(1):B,0.0060505298897624
8QVC(1):A_8R3A(1):A,0.0018480493454262
9U8R(1):G_8ROJ(1):A,0.9187779426574708
8QNL(1):C_8QNL(1):A,0.0067979050800204
8ZD3(1):A_8ZHT(1):B,0.0022386303171515
9BAE(1):B_9V8I(1):B,0.0010617665247991
9AVF(1):A_9MYR(1):B,0.203583225607872
9VO4(1):A_8ONW(1):B,0.076126143336296
8PF5(1):A_8J09(1):B,0.0003545860818121
8UH1(1):A_8CM0(1):A,0.058523241430521
9B7D(1):A_9M3I(1):A,0.0513689592480659
8P9U(1):A_8C0D(1):C,0.0069981766864657
9B7D(1):A_8ORN(1):A,0.0007817634032107
8BGM(1):A_8FZZ(1):A,0.0025820040609687
21ZX(1):C_8QHN(1):D,0.0429098233580589
30KY(1):B_9ILT(1):A,0.0109416982159018
9F79(1):C_9MZ5(1):C,0.000902408384718
8C0J(1):A_8Q66(1):A,0.961262583732605
8GKO(1):C_8GJU(1):H,0.0005794056924059
9MNO(1):E_9J4P(1):B,0.0006384295411407
8S83(1):B_8HDD(1):C,0.0027436581440269
9Q1H(1):A_8HFP(1):C,0.0011271164985373
8PUT(1):E_9BAE(1):A,0.0237923860549926
8SNK(1):I_8I2E(1):B,0.0012010054197162
8CN3(1):A_8FZZ(1):A,0.0012672564480453
8OUA(1):C_9HAC(1):B,0.005156532395631
9SDC(1):C_8FUL(1):A,0.0011448528384789
8SNK(1):B_8SNK(1):I,0.9639249444007874
8PF5(1):B_8T19(1):A,0.1040369793772697
8UH1(1):B_8OWS(1):C,0.0019412589026615
8K0H(1):A_9F79(1):C,0.001175083569251
9DOD(1):A_9MZ5(1):B,0.0013452364364638
9WAQ(1):A_8C26(1):A,0.0007989861187525
8PEL(1):F_9K1U(1):C,0.0029393855948001
9RGL(1):A_8J49(1):A,0.0030292717274278
8TYS(1):A_9GCO(1):C,0.0010160765377804
8T6N(1):H_8VET(1):A,0.0007036256720311
8RQZ(1):C_8RQZ(1):B,0.0006643010419793
9KW6(1):A_8EZR(1):A,0.0043527209199965
9P1C(1):B_8WOK(1):A,0.0006976809236221
8ROI(1):A_8YNX(1):A,0.0006373801152221
9GAI(1):A_8CB2(1):AAA,0.0007906058453954
9PZK(1):B_8R7D(1):B,0.0014184024184942
8T9O(1):A_8ROH(1):B,0.0555331408977508
8ROH(1):B_8SJJ(1):C,0.0003808759793173
8VUM(1):A_9UB9(1):B,0.0008968470501713
9MZ5(1):B_9F79(1):A,0.0004738254356198
9HBL(1):A_9LP2(1):A,0.0073206569068133
9H9V(1):E_9B7D(1):A,0.0004226059536449
9CCV(1):B_8Q03(1):A,0.0011933589121326
8Q2E(1):C_8Q2E(1):B,0.0132284788414835
9PHV(1):D_8TWD(1):A,0.026227505877614
8PUT(1):E_8PQQ(1):A,0.0003073964908253
9GWJ(1):C_8J64(1):B,0.0004255301028024
9QAA(1):A_8GJU(1):A,0.0013354899128898
9JDD(1):A_9KO8(1):A,0.0002836936910171
8FFX(1):A_8GMH(1):D,0.0332465358078479
8STP(1):A_9U8Q(1):A,0.7720763087272644
9JDI(1):C_8TWD(1):C,0.0196146089583635
9GWJ(1):D_8VEO(1):A,0.0085263736546039
9LPG(1):A_8UAI(1):C,0.0024476582184433
8RYI(1):B_21VU(1):A,0.1128387674689292
8RZZ(1):A_9SJ6(1):A,0.0006989534012973
9JM8(1):B_9JM8(1):A,0.000817276071757
9VO4(1):A_9C10(1):B,0.0007886720122769
8Q66(1):B_9IKB(1):C,0.0029637361876666
9P1C(1):B_9NTO(1):B,0.0154834641143679
9BKX(1):D_9S6C(1):A,0.000780522590503
8BRQ(1):A_8BWV(1):B,0.0014454966876655
8TWD(1):C_9HLO(1):B,0.0007059533381834
8HR0(1):B_8Q2E(1):B,0.0012069701915606
9UTY(1):A_8XYF(1):B,0.0281731914728879
9KAH(1):A_8WHL(1):A,0.0312538407742977
9GZQ(1):B_9F26(1):A,0.0007495079189538
8UH1(1):A_8T0P(1):B,0.0029499426018446
8EY4(1):I_8YRE(1):A,0.0006194052402861
8HHJ(1):A_9AVF(1):A,0.0008920947439037
8ZVX(1):B_8ZHT(1):A,0.3855660557746887
9ILT(1):G_9T38(1):A,0.0090810721740126
9P3F(1):B_8ZA7(1):B,0.0017670002998784
9DOD(1):B_9DOD(1):A,0.0036618919111788
9KW6(1):A_9ZLL(1):D,0.4302678108215332
8EY4(1):I_8YRE(1):D,0.0026331876870244
8RZZ(1):A_8BFI(1):C,0.000980336102657
8C4Z(1):A_8XYF(1):A,0.0334583595395088
8ONW(1):E_9X2R(1):A,0.000363457162166
9M3I(1):A_8FBD(1):B,0.0014538259711116
21ZX(1):F_8U6F(1):A,0.0099704349413514
9U8Q(1):A_8GM8(1):A,0.0025353028904646
8U45(1):A_8UAI(1):B,0.0007358610164374
8YN0(1):C_9U8R(1):G,0.0637856125831604
8ROH(1):B_9EA8(1):A,0.0012496344279497
8G0K(1):B_8G0K(1):A,0.0004747099301312
9ZCS(1):A_8Q66(1):A,0.0070265787653625
9L5U(1):A_8U6F(1):A,0.0804410204291343
8QHN(1):A_8STP(1):A,0.9144655466079712
9DK1(1):B_8BFI(1):B,0.004798955284059
8FZZ(1):B_9EAV(1):D,0.0034338699188083
9C10(1):A_8YN0(1):D,0.0018822281854227
8XTA(1):B_9GAI(1):D,0.0379407368600368
9M3I(1):D_8YRE(1):A,0.002509375102818
8C4X(1):A_8BWV(1):A,0.0004186114529147
12NP(1):C_8JI9(1):B,0.0013899382902309
9PZK(1):B_8QVC(1):B,0.0024544110056012
8JDI(1):E_8JDI(1):A,0.0117818834260106
8Y2Z(1):B_8I3F(1):B,0.0008009757148101
9IKB(1):G_9PR8(1):C,0.0010285616153851
8U45(1):A_8U45(1):C,0.0008825954282656
9UB9(1):A_9HLO(1):B,0.0152494804933667
8VLM(1):B_8HHJ(1):A,0.0063343462534248
30KX(1):E_9ZLL(1):F,0.0037006665952503
9GWJ(1):C_9NTO(1):A,0.0647627860307693
9HMX(1):A_9VO5(1):B,0.1369443237781524
9ZBE(1):B_8WHI(1):F,0.0164387058466672
9IKB(1):C_8YN0(1):D,0.9649752378463744
8ROI(1):A_9EAE(1):C,0.0004442988429218
8Z22(1):C_8EY4(1):I,0.0010762126184999
8ROH(1):B_8OWU(1):B,0.0005292514106258
9M3I(1):A_8Y96(1):C,0.0006009847274981
8C4Z(1):B_8XSU(1):C,0.0026389569975435
9R84(1):A_8TK9(1):A,0.6634221076965332
8FE8(1):B_9JWA(1):B,0.0064540319144725
9EYU(1):B_8FE8(1):A,0.0110845938324928
8WOK(1):B_9DCZ(1):B,0.0168625563383102
8TYX(1):A_8VET(1):B,0.0009761977707967
8RP0(1):AAA_8U6F(1):B,0.0019139726646244
8VLM(1):B_8ZD3(1):B,0.0036318637430667
9LP2(1):C_9ZCS(1):B,0.0332731790840625
9KO8(1):A_8RPP(1):D,0.0317468754947185
8I2E(1):B_8EY4(1):I,0.0036455485969781
9MYT(1):B_8STS(1):B,0.0010552171152085
9RGL(1):F_8TWD(1):C,0.0025753986556082
8ONW(1):F_8ONW(1):B,0.0118587352335453
8SJJ(1):C_9PHV(1):D,0.0009405795135535
8XT8(1):A_8HHJ(1):A,0.002618298633024
9P1C(1):B_8VET(1):A,0.0006536529399454
8T6C(1):C_8I2F(1):A,0.0793672725558281
8Q66(1):A_9E15(1):A,0.0014916385989636
8WHL(1):E_8WHL(1):A,0.0022226232104003
8Z22(1):B_8Y77(1):A,0.0004635038203559
9K3E(1):B_9ZLL(1):D,0.0290380865335464
9M3I(1):C_9Q1H(1):B,0.0203993618488311
9NSD(1):G_9NSD(1):B,0.0052935373969376
8C0D(1):B_8C0D(1):A,0.008988469839096
8YRE(1):A_8HXI(1):B,0.0053106886334717
9G87(1):B_8BGM(1):B,0.003394175786525
8HHJ(1):A_8I2E(1):B,0.0270792320370674
8U45(1):A_8FE8(1):B,0.0004798357549589
8TYX(1):A_9MZ5(1):B,0.9850383400917052
9PHV(1):A_8XTA(1):A,0.0013202393893152
8R7D(1):B_8R7D(1):A,0.0047599729150533
8SNK(1):I_9EAE(1):C,0.0046037845313549
21VU(1):H_8HS8(1):A,0.0016357087297365
8CCQ(1):A_8BRQ(1):A,0.0006801938288845
9KZL(1):C_9KZL(1):A,0.0008287575910799
9KUE(1):C_8WHH(1):E,0.00305338925682
9M3I(1):D_9M3I(1):C,0.0840964764356613
8U6D(1):A_9HMX(1):B,0.0005060461699031
9BAE(1):B_9BAE(1):A,0.0070054703392088
8GMH(1):C_9SJ6(1):C,0.4521772563457489
8HFP(1):A_9Z7O(1):A,0.0051951636560261
9EYU(1):A_8J49(1):A,0.2022920101881027
8Q2E(1):B_8BRT(1):B,0.0338576473295688
8G0P(1):A_9G8U(1):B,0.0011227534851059
9KW6(1):C_9OMD(1):I,0.0032607133034616
8JMR(1):B_9BAE(1):B,0.0011181809240952
8WHI(1):F_8T6N(1):H,0.0012922775931656
8RZZ(1):A_8U6H(1):B,0.016391696408391
8Y96(1):A_8J48(1):D,0.0012804862344637
8U6F(1):B_8U6F(1):A,0.0358940027654171
9B7D(1):B_8T0P(1):B,0.0008786153048276
8XSU(1):D_8WHL(1):E,0.8146289587020874
8R7A(1):B_8S05(1):C,0.002177971182391
9EAV(1):C_9GWJ(1):C,0.0018084016628563
8PUT(1):A_8FZZ(1):B,0.0195300746709108
9BIY(1):B_9BIY(1):A,0.0222315173596143
8PUT(1):A_9JDD(1):A,0.0015688512939959
9HLS(1):A_9FN0(1):B,0.0097562475129961
8PF5(1):B_8PF5(1):A,0.0016053903382271
8Z22(1):B_8Y96(1):A,0.0023243420291692
9DD1(1):C_8GMH(1):B,0.0025018085725605
8J48(1):D_30KX(1):E,0.958643078804016
9UVD(1):C_8IH8(1):A,0.0010180091485381
9MYT(1):A_21VU(1):H,0.0550074093043804
8Y2Z(1):B_9MNO(1):E,0.0028661279939115
9G87(1):A_9ZBE(1):B,0.00255410769023
8RZZ(1):A_8RP1(1):AAA,0.0040581943467259
8PUT(1):E_8UF4(1):A,0.0096227126196026
8CN3(1):A_8STP(1):A,0.0013309415662661
8ONW(1):D_9BGL(1):B,0.0017728680977597
8ZHT(1):B_8C4Z(1):B,0.0013789980439469
9RMM(1):A_9KAH(1):A,0.0012735575437545
8I2E(1):B_8Y96(1):A,0.0113261565566062
9EAE(1):C_8STS(1):A,0.0015702074160799
9L5U(1):A_8VUF(1):A,0.0062642805278301
8FZZ(1):B_8FZZ(1):A,0.0010224680881947
9GWJ(1):D_9NTN(1):G,0.001372396829538
9KUE(1):C_8RQZ(1):C,0.0004038515908177
9UB9(1):B_8RPP(1):A,0.0023482977412641
8ORN(1):B_8ORN(1):A,0.0013136912602931
9J9W(1):A_9HNG(1):A,0.0362637676298618
9IKB(1):C_9IZ3(1):B,0.001068371348083
9KUE(1):A_9H9V(1):H,0.0039455415681004
8UAI(1):C_9ILT(1):D,0.0033007026650011
8QNL(1):A_9DK1(1):A,0.006825806107372
8HR0(1):C_8HR0(1):B,0.0054008206352591
8PEL(1):E_9Z7O(1):A,0.0025747325271368
8BFI(1):B_9K3E(1):B,0.0023664154578
8ONW(1):E_8ZHT(1):B,0.0023771533742547
9VO5(1):A_30KY(1):B,0.000732296379283
9ILT(1):E_9CCV(1):B,0.0010161588434129
9SDC(1):A_8S05(1):C,0.6099045872688293
9KO8(1):C_9KO8(1):A,0.0012846408644691
8ROH(1):B_8XYF(1):B,0.0004605808644555
9IKB(1):C_9IKB(1):B,0.0286290422081947
8TK9(1):A_8CN3(1):A,0.0006386896711774
9RGL(1):A_9OMD(1):I,0.9562683701515198
9BT4(1):G_9JM8(1):A,0.0011983378790318
8JMQ(1):B_8VLM(1):B,0.0022859775926917
9DD1(1):A_9GZQ(1):A,0.0016402502078562
9KUE(1):C_8Y77(1):B,0.6170292496681213
9L5U(1):C_8GKO(1):C,0.0012385819572955
8RP0(1):CCC_9KAH(1):A,0.0013907824177294
8IH8(1):A_9VZC(1):B,0.00054106983589
8VUF(1):B_9P3J(1):B,0.0007525524706579
8SSM(1):C_9EA8(1):B,0.0765035226941108
8RP0(1):AAA_9HAD(1):C,0.0026707125362008
9EAV(1):C_8ONW(1):D,0.0049797627143561
9SDC(1):A_9GAI(1):D,0.0022427879739552
9WBE(1):D_8PFC(1):B,0.0065555325709283
8FAR(1):B_8EZR(1):B,0.0012760206591337
8XYF(1):A_9JDD(1):B,0.001367065240629
9S6C(1):C_9T38(1):B,0.0019830076489597
8SJJ(1):C_8YRE(1):A,0.0018644328229129
8JDI(1):E_8CRA(1):A,0.0615241788327693
8HHJ(1):B_8FCC(1):B,0.0016252270434051
8J49(1):B_8VEO(1):A,0.001039896858856
11LJ(1):C_9CCV(1):A,0.0015972993569448
8SJJ(1):A_8RPP(1):D,0.8786177039146423
8I3F(1):A_9KZL(1):C,0.0741458907723426
8Y2Z(1):A_8CB2(1):AAA,0.000784718664363
9JDD(1):A_9R2Z(1):B,0.0023165526799857
8HHJ(1):A_9PCA(1):A,0.0006231376319192
8HR0(1):C_9WAQ(1):A,0.0059673669748008
8HFP(1):C_9GWJ(1):C,0.9521978497505188
8J64(1):A_9HAD(1):B,0.0265102256089448
8BRS(1):A_9DCZ(1):A,0.0006286569987423
9MZ5(1):B_8S05(1):C,0.0107094272971153
30KX(1):D_30KX(1):E,0.380775511264801
8HS8(1):A_9UB9(1):B,0.0004055765166413
8GJU(1):H_8WHH(1):A,0.0082609495148062
8I3E(1):C_9MOJ(1):B,0.792037844657898
9ST8(1):A_9H9V(1):A,0.0003824801533482
9MYR(1):B_8PF5(1):A,0.0030383781995624
9ZCS(1):B_8ROH(1):A,0.0019469034159556
8I3F(1):B_8IGD(1):C,0.0014042953262105
8ZVX(1):B_8CN3(1):B,0.0064984303899109
9JDD(1):A_9DK1(1):B,0.0013442047638818
9Q9V(1):B_8C0D(1):B,0.9886877536773682
9VO5(1):B_9P3F(1):A,0.0843789801001548
8RQZ(1):C_9V8I(1):A,0.0015458791749551
8SJJ(1):A_8TYX(1):B,0.0033286788966506
9VZY(1):A_9ILT(1):C,0.0142842307686805
9KW6(1):C_8I2E(1):B,0.2491902261972427
8I3E(1):C_8T0P(1):B,0.9868351817131042
9SDC(1):A_9DK1(1):B,0.0008769546402618
8PF5(1):B_9DCZ(1):A,0.0215666182339191
8UF4(1):B_8UF4(1):A,0.0034062364138662
9U8R(1):G_9ILT(1):A,0.0005190388765186
9WBE(1):A_8XUD(1):I,0.0666666030883789
8ORN(1):B_9H5R(1):B,0.1034891307353973
8BOZ(1):A_8U6G(1):A,0.0034533431753516
8WHL(1):E_8PU3(1):C,0.0790120288729667
8U6G(1):A_9KW6(1):C,0.0011088897008448
8QNQ(1):C_8VET(1):B,0.0070545272901654
8HFP(1):C_8T0P(1):A,0.0005619439762085
8Q2E(1):A_8FZZ(1):A,0.0003634864406194
9R2Z(1):A_8FZZ(1):A,0.00095990835689
8G0P(1):B_8Y96(1):C,0.0024711957667022
9BIY(1):A_8FBD(1):B,0.021407101303339
8IE2(1):A_8OUA(1):A,0.0164412036538124
8FZZ(1):A_8HCI(1):A,0.935569167137146
9HAC(1):B_9W3A(1):E,0.0025737700052559
8Q2E(1):A_8HDD(1):B,0.0005887330626137
8YNX(1):B_9NTO(1):B,0.0032104190904647
9WBE(1):A_8BWV(1):B,0.0034965500235557
9S6C(1):C_9VO4(1):A,0.0009674720349721
8IE2(1):A_8VEO(1):B,0.0009491791715845
9MYR(1):B_8PU3(1):C,0.0011776260798797
9F79(1):A_8S05(1):C,0.0002561289875302
8CN3(1):A_8T0P(1):A,0.0026515470817685
9J9W(1):A_9M3I(1):C,0.0011136247776448
9ZEE(1):B_9HAD(1):B,0.4681605696678161
9LP2(1):A_9ZCS(1):A,0.9887857437133788
9HBL(1):A_9H9V(1):B,0.0010075969621539
9JDD(1):A_8I8Y(1):A,0.0042995596304535
9MYT(1):B_9UVD(1):C,0.0012322347611188
8FFX(1):B_8JDI(1):A,0.0053375242277979
9KUE(1):C_8WHL(1):E,0.0123235397040843
9ILT(1):C_8XTA(1):A,0.0017950270557776
8PEL(1):G_8PFC(1):A,0.0011896912474185
8T6N(1):A_8VUM(1):B,0.0019850309472531
8IE2(1):E_9X2R(1):A,0.0690480694174766
8BWV(1):A_8SNK(1):I,0.0013144559925422
8IE2(1):A_8J48(1):B,0.001050780643709
9W3A(1):E_9P3F(1):A,0.0007796505815349
9P1C(1):B_8RJA(1):F,0.8405361771583557
9UVE(1):B_8JMR(1):A,0.0069687631912529
9ZEE(1):B_8TK9(1):A,0.0012865884928032
11LJ(1):A_8QNQ(1):C,0.0039527066983282
9FN0(1):A_9JDD(1):B,0.0006505997152999
9P3F(1):B_9QAA(1):A,0.0037266942672431
8BFI(1):B_8BRT(1):B,0.0200438909232616
8ROH(1):B_8K0H(1):A,0.0028437115252017
8YRE(1):D_8XSU(1):C,0.0003283002588432
9HMX(1):A_9JWA(1):B,0.0084996493533253
8S2M(1):B_8HDD(1):B,0.0110789658501744
9ILT(1):G_9UTY(1):A,0.0017391954315826
8RZZ(1):C_9BAE(1):B,0.2911683917045593
8Q03(1):C_9NTN(1):G,0.0002887592127081
8I2E(1):B_8J4B(1):B,0.0066761840134859
30KY(1):B_8JMR(1):B,0.6408470273017883
9IKB(1):C_9BAE(1):A,0.2629207074642181
8CRA(1):E_8CRA(1):A,0.0019697449170053
9EAE(1):A_9Q1H(1):B,0.0012897643027827
8JDI(1):A_8WHM(1):A,0.0008193596149794
9U8R(1):G_8ORN(1):B,0.0015070539666339
9R2Z(1):B_21ZX(1):C,0.0259029995650053
9G87(1):B_8JI9(1):B,0.007919150404632
8GKO(1):C_9Q9V(1):B,0.0097462562844157
8WHH(1):A_8S83(1):C,0.0016607446596026
9F26(1):C_8OW6(1):A,0.0034996832255274
9Q9V(1):B_9P3J(1):B,0.0012540365569293
9SJ6(1):C_8T19(1):B,0.0034905723296105
8SSM(1):B_9NTN(1):A,0.0020488649606704
9H9V(1):A_8I2F(1):A,0.0015590450493618
9V8I(1):B_8HR0(1):C,0.0088163316249847
8S2M(1):A_8CCQ(1):A,0.0005164054455235
9R84(1):B_8VLM(1):B,0.0015971367247402
9M3I(1):A_8I8Y(1):B,0.0003034156688954
8ZVX(1):A_9HLS(1):B,0.0006687705754302
8U45(1):C_8HXI(1):B,0.0013320023426786
8FBD(1):B_9WBE(1):D,0.0015698876231908
8YRE(1):D_9DD1(1):A,0.0752904266119003
8PEL(1):D_8PEL(1):C,0.0060951588675379
8XEH(1):A_9BIY(1):A,0.0024388534948229
8WT4(1):B_8BOZ(1):B,0.0020179611165076
8T6E(1):A_9MYT(1):B,0.0012143615167587
8SNF(1):A_8FBD(1):B,0.0945267677307128
8J09(1):B_8WOK(1):A,0.0050588506273925
9OK4(1):B_8ZD3(1):A,0.0010540169896557
8RZZ(1):A_8ZHT(1):A,0.0005464946734718
9U8R(1):A_8J4B(1):B,0.0012220796197652
9KW6(1):C_8JI9(1):B,0.0023520509712398
9AVF(1):B_9AVF(1):A,0.0005547674954868
8RJA(1):F_8ORN(1):B,0.0112850619480013
8BWV(1):B_8OW6(1):A,0.0011955365771427
8ONW(1):C_8QL1(1):A,0.0002272933052154
9V8I(1):B_9RK9(1):A,0.0029122240375727
9VO4(1):B_8HS8(1):A,0.0504233241081237
9V8I(1):B_8SNF(1):D,0.0009965412318706
9BGL(1):B_8ROH(1):B,0.0309845563024282
9V8I(1):B_8K0H(1):A,0.0005113548832014
9L7W(1):A_8T9O(1):A,0.0012066862545907
9QAA(1):A_9Z7O(1):C,0.0027823257260024
9HLO(1):A_9GWJ(1):D,0.0009660319192335
8J49(1):A_9OMD(1):I,0.0020929628517478
9ST8(1):A_8BRQ(1):B,0.0021415681112557
9H9V(1):E_9ILT(1):E,0.0037622007075697
8IGD(1):B_8G0P(1):B,0.8000910878181458
9BT4(1):E_8RZZ(1):A,0.0315554104745388
8TYS(1):A_8PFC(1):A,0.0004285841423552
8OUA(1):C_8OUA(1):A,0.0008003378752619
8PUT(1):E_8Z22(1):C,0.002112187910825
8S05(1):A_8XUD(1):A,0.0013131289742887
8G0K(1):B_8PQQ(1):A,0.0004163146659266
8G0K(1):A_9VZC(1):A,0.4190591871738434
9KAN(1):B_9KAN(1):A,0.0004973878967575
9H9V(1):A_9SDC(1):C,0.0016861157491803
9EAE(1):C_9KUE(1):C,0.9199056625366212
8Y2Z(1):B_8QVC(1):B,0.8841792345046997
9GAI(1):C_9GAI(1):B,0.0008119146805256
9LPG(1):A_9LPG(1):E,0.0055404426530003
8RJA(1):E_8TK9(1):B,0.0019064957741647
8Y96(1):C_8Y96(1):A,0.0012727446155622
8I2F(1):A_9H7Y(1):B,0.0009140556794591
9LPG(1):E_9ILT(1):A,0.0030388664454221
9KUE(1):C_8J64(1):A,0.0017585332971066
8I3E(1):B_8QL1(1):A,0.0047443485818803
8J09(1):B_9T38(1):A,0.0011176776606589
9ZCS(1):A_8QHN(1):D,0.002378424629569
8IE2(1):E_8RP2(1):CCC,0.0016558123752474
9OK4(1):C_9JM8(1):B,0.0022916465532034
8S05(1):A_9BT4(1):B,0.0008250012178905
8SNK(1):I_8RP2(1):CCC,0.0013733295490965
9L6B(1):A_8FFX(1):B,0.0022590495645999
9UVD(1):B_8GJU(1):A,0.0121975168585777
9RGL(1):F_9RGL(1):A,0.003519402584061
8SNF(1):D_8GMH(1):D,0.0006129423854872
8BFI(1):C_9GWJ(1):D,0.0116221206262707
8U6N(1):A_8RP0(1):CCC,0.0037599082570523
8U6N(1):A_8TK9(1):B,0.1643337160348892
8C4X(1):A_8BRR(1):A,0.0006375174270942
8WT4(1):A_9VLL(1):A,0.0008457779767923
8SNK(1):B_9ILT(1):A,0.2957653403282165
9H9V(1):E_8PUT(1):E,0.0008760789060033
8RP0(1):AAA_8STU(1):B,0.0101456679403781
8EY4(1):I_9HMX(1):A,0.0094622299075126
8PEL(1):E_8ONW(1):D,0.005008834414184
8UAI(1):C_8C26(1):B,0.0017609441420063
8FZZ(1):A_8IGD(1):B,0.03175500780344
9GAI(1):D_9GAI(1):C,0.0008749272674322
8YNX(1):A_8OW6(1):B,0.0005725299706682
8HHJ(1):A_8T9O(1):A,0.0042499005794525
9B7D(1):B_9B7D(1):A,0.0016067856922745
8RPP(1):A_9H7Y(1):A,0.0023331372067332
9BT4(1):A_9HAE(1):A,0.0032220538705587
11LJ(1):A_8BRT(1):B,0.0022333494853228
9UTY(1):B_9P3J(1):A,0.0141272423788905
9KAH(1):C_9ZCS(1):A,0.0013648830354213
8BRS(1):A_8GJU(1):H,0.001682011061348
8ZHT(1):A_9S6C(1):C,0.0545256659388542
8RIU(1):C_9ERV(1):B,0.0006986976368352
9M3I(1):D_8J09(1):B,0.0005793267046101
9RK9(1):B_9H7Y(1):B,0.0010373010300099
8T6E(1):B_8T6E(1):A,0.0214212257415056
8T6N(1):H_9IKB(1):G,0.0011575828539207
9ZDM(1):B_9W3A(1):A,0.0014695255085825
8ONW(1):B_9X2R(1):B,0.3583347499370575
8R3A(1):B_8BRT(1):A,0.001864323625341
8HDD(1):C_8C4X(1):A,0.0206689331680536
8YN0(1):D_9H9V(1):B,0.0020596550311893
8JMR(1):A_9J4P(1):A,0.0010063411900773
9DD1(1):C_9DD1(1):A,0.0021996966097503
8VEO(1):A_8FZZ(1):B,0.0028013933915644
8VEO(1):A_8ONW(1):E,0.0011881771497428
9ILT(1):D_8WT0(1):B,0.000350351067027
9FN0(1):B_9FN0(1):A,0.0029653327073901
8U6H(1):B_9BT4(1):B,0.0031289332546293
8Q03(1):C_8WHL(1):E,0.0032385236117988
9UDL(1):A_8WOK(1):A,0.0071525000967085
8U45(1):A_9HBL(1):A,0.0023930931929498
8WT0(1):A_9NSD(1):B,0.0013600904494524
8QNL(1):A_8SSM(1):C,0.0057718534953892
8Y2Z(1):B_9HAD(1):C,0.0015793804777786
9BIY(1):A_8PF5(1):A,0.0010993393370881
8HR0(1):B_9NTN(1):G,0.0005207110662013
9JM8(1):A_8UF4(1):A,0.0015556144062429
9ST8(1):B_9OLQ(1):B,0.2116296291351318
8C0J(1):A_8U6N(1):B,0.045133713632822
8BWV(1):B_9K3E(1):C,0.0025988060515373
9OLQ(1):B_9VZY(1):A,0.0018159056780859
8P9U(1):A_8IE2(1):E,0.0297356098890304
8J64(1):A_8HHJ(1):A,0.0033678526524454
8YN0(1):C_9CCK(1):C,0.0003910049272235
8YRE(1):D_9HLS(1):A,0.0004758872382808
9UB9(1):B_9QAA(1):B,0.0576895773410797
9PZK(1):B_8FE8(1):A,0.000721336225979
8QNQ(1):C_8QNQ(1):A,0.0019406628562137
9VNJ(1):B_9X2R(1):B,0.0892400667071342
9ZLL(1):D_9JM8(1):B,0.0301513485610485
8T6E(1):A_8Q66(1):B,0.012504817917943
8BFI(1):B_30KX(1):D,0.0017622731393203
9ILT(1):G_9EA8(1):A,0.0003327799786347
8BFI(1):B_8ROH(1):A,0.0148655828088521
8IGD(1):C_8IGD(1):B,0.0012455217074602
9KAN(1):B_9EAV(1):D,0.0041989185847342
9M3I(1):C_8UF4(1):B,0.0027280568610876
8QVC(1):B_9UX0(1):A,0.0256369411945343
8TYX(1):B_8TYX(1):A,0.0014777543256059
9VLL(1):B_9VLL(1):A,0.002253208309412
8WHL(1):A_9EA8(1):A,0.0016087575349956
9ZDM(1):B_8VET(1):A,0.0027029325719922
8XSU(1):C_8I2F(1):B,0.0018775191856548
8JDI(1):A_8C0D(1):B,0.0063671050593256
8SNF(1):D_9T38(1):A,0.9953369498252868
9HLO(1):B_9HLO(1):A,0.0004411484114825
9ILT(1):E_8RQZ(1):B,0.0153221804648637
8I2E(1):A_9M3I(1):D,0.010698813945055
8RP1(1):CCC_9V8I(1):B,0.0340923145413398
8FFX(1):B_8CM0(1):B,0.0014725008513778
9H5R(1):A_8YRE(1):D,0.0013076089089736
8ZD3(1):A_8IE2(1):E,0.0041591934859752
8S83(1):B_9BKX(1):d,0.0199299193918705
8HXI(1):B_8QVC(1):A,0.9208749532699584
8HDD(1):C_8HDD(1):A,0.0121516566723585
9RK9(1):A_8PEL(1):B,0.0052532590925693
8G0P(1):A_8I2F(1):B,0.0011820367071777
8HS8(1):A_8XTA(1):A,0.0024332820903509
8P9U(1):C_9UTY(1):A,0.0023770050611346
8Q66(1):B_9U8R(1):G,0.0060918433591723
8UAI(1):C_8RP2(1):AAA,0.0007331342785619
8QVC(1):A_9H9V(1):H,0.0004174603964202
9EAV(1):C_8ZA7(1):B,0.0005722541827708
8XUD(1):I_21ZX(1):F,0.0002674746501725
9ILT(1):C_9JWA(1):A,0.0006026561604812
9GZQ(1):B_9GZQ(1):A,0.9685910940170288
9H5R(1):A_9SJ6(1):C,0.0010131674353033
8J48(1):D_9VLL(1):B,0.0012095101410523
9Q9V(1):B_8STP(1):A,0.0006746648577973
8UF4(1):A_8TK9(1):A,0.0975374951958656
8JDI(1):E_9ZBE(1):A,0.0012066517956554
9U8R(1):A_8G0K(1):B,0.0002937159442808
9FN0(1):B_8T9O(1):B,0.0016530763823539
8JMR(1):A_8BWV(1):A,0.0043792482465505
9DK1(1):A_9K1U(1):B,0.0018794913776218
8FE8(1):A_9J9W(1):A,0.001285771257244
9ZBE(1):B_9U8Q(1):G,0.0029827947728335
9ERV(1):B_9BIY(1):A,0.0042689209803938
8BWV(1):B_9IZ3(1):B,0.0078415749594569
8T6C(1):E_8J09(1):B,0.9203011989593506
8YRE(1):D_8Y96(1):C,0.0006516389548778
8ROH(1):B_8ROH(1):A,0.9917845726013184
9C10(1):A_9ZCS(1):B,0.1320650279521942
9HAD(1):B_8I2E(1):A,0.0070522921159863
8PEL(1):D_8QVC(1):A,0.0016308414051309
9DCZ(1):A_8RP2(1):AAA,0.0009739222587086
8R3A(1):B_8R3A(1):A,0.0014587873592972
9J9W(1):A_8UAI(1):A,0.0007547457935288
9PCA(1):B_9BT4(1):E,0.1238591000437736
9BGL(1):B_9LEW(1):A,0.0008820686489343
8G0K(1):A_9VLL(1):B,0.0389503426849842
9HLS(1):B_8HS8(1):A,0.0027040678542107
8WT0(1):B_8BWV(1):B,0.0038907069247215
9DOD(1):B_9DCZ(1):A,0.0675491988658905
8U6F(1):B_8WHM(1):B,0.0020673256367444
8FCC(1):B_8PQQ(1):C,0.0054755001328885
8OWS(1):C_9VO4(1):A,0.0017913336632773
8BRT(1):B_9UTY(1):B,0.0002707116072997
8C4X(1):A_9OMD(1):C,0.003971722908318
9KW6(1):C_8YN0(1):C,0.0018936430569738
8VLM(1):A_9DK1(1):A,0.0006158227333799
9OK4(1):C_9Q1H(1):B,0.0013482600916177
8ONW(1):C_8PU1(1):A,0.0005382515955716
9M3I(1):D_8SNK(1):I,0.0060438802465796
8U6H(1):B_9UTY(1):B,0.0048608807846903
8GMH(1):D_9HLO(1):B,0.071118950843811
8T9O(1):B_8PUT(1):A,0.0005615114350803
9EAE(1):A_8Q2E(1):B,0.0065778149291872
8G0K(1):B_9CCK(1):C,0.0031029903329908
8PEL(1):G_8R7A(1):A,0.0288141723722219
9H5R(1):B_8GMH(1):D,0.000588912051171
8I3F(1):A_8VUM(1):B,0.0071531780995428
8HS8(1):C_8HS8(1):A,0.0007942045340314
9KUE(1):B_8OW6(1):A,0.0007478027255274
9LEW(1):A_8SJJ(1):A,0.1298379153013229
8OWU(1):B_9P1C(1):B,0.0011653117835521
9LP2(1):A_8RP2(1):CCC,0.0107822678983211
9ILT(1):A_9GWJ(1):C,0.0012328522279858
8ONW(1):E_8BRT(1):B,0.0082361130043864
9CCV(1):A_8R7A(1):A,0.0064014340750873
12NP(1):C_8PQQ(1):A,0.0016601241659373
9RK9(1):B_9JM8(1):A,0.0692349597811698
8OWS(1):A_8WT0(1):B,0.0776793807744979
9G87(1):B_9KAH(1):A,0.0005886991275474
8QNL(1):C_9PCA(1):B,0.0024630879051983
8ONW(1):E_8BRQ(1):A,0.0006596199818886
9U8R(1):G_8ZHT(1):B,0.0008591011282987
8SNK(1):I_9KW6(1):C,0.0024311579763889
9E15(1):A_9ZDM(1):B,0.0011975083034485
8XEH(1):E_8J09(1):B,0.0024081738665699
8XUD(1):I_8PEL(1):C,0.0009767964947968
9KW6(1):A_8BRT(1):A,0.0027718564961105
9EA8(1):B_8HR0(1):B,0.0022519221529364
9EAE(1):A_9BGL(1):B,0.0019907562527805
9WAQ(1):A_8J48(1):B,0.0033801877871155
8I8Y(1):B_9MYT(1):A,0.0006290801684372
8WT0(1):A_9T38(1):B,0.0025933575816452
9M3I(1):A_9J9W(1):B,0.0010414033895358
8K0H(1):B_9F26(1):C,0.9547902941703796
8FAR(1):B_8FAR(1):A,0.0234234351664781
9Z7O(1):A_8PU3(1):C,0.0034451119136065
9BIY(1):A_8I3E(1):C,0.0003092881233897
8RP1(1):CCC_8J64(1):A,0.0045934626832604
9CCK(1):A_8OUA(1):A,0.0351321063935756
9M3I(1):A_8CCQ(1):A,0.0048082782886922
8RIU(1):B_9IZ3(1):B,0.0072877560742199
8HS8(1):A_12NP(1):A,0.0014120598789304
9K3E(1):C_9LEW(1):B,0.0027761883102357
8PF5(1):C_9ST8(1):A,0.0010686997557058
9ZDM(1):A_8RP1(1):CCC,0.0003303349949419
8XTA(1):B_9KUE(1):C,0.0298021640628576
8R3A(1):A_8HS8(1):C,0.0009982702322304
8T19(1):B_21ZX(1):F,0.0013447124511003
9T38(1):B_9KAH(1):A,0.0008829612634144
9CCV(1):B_8PEL(1):C,0.310685396194458
8STU(1):A_8Q66(1):A,0.0013591153547167
9E1J(1):A_9E1J(1):B,0.0179712753742933
8K0H(1):B_9IKB(1):B,0.0005680946051143
8HXI(1):B_8HS8(1):A,0.0015322704566642
8XYF(1):A_9ILT(1):G,0.0008291153935715
8VEO(1):A_8VEO(1):B,0.0002694262075237
8OWS(1):C_9H9V(1):C,0.9936647415161132
9E15(1):B_8GMH(1):B,0.0038176369853317
8U45(1):C_8C0J(1):A,0.001229666522704
8VUF(1):B_8R7D(1):B,0.0250183101743459
9EYU(1):A_8YRE(1):D,0.0024124265182763
9HAE(1):A_9F26(1):C,0.0010265274904668
8K0H(1):B_8P9U(1):C,0.9813899397850036
9P3J(1):A_9ZEE(1):B,0.0008612493984401
8JMQ(1):B_9R84(1):A,0.0248542483896017
9Q9V(1):B_8XYF(1):A,0.0008232676191255
9E15(1):A_8PF5(1):C,0.0022157728672027
8T19(1):A_8YNX(1):B,0.055102452635765
8U6N(1):B_9UX0(1):B,0.007034373935312
8U6D(1):A_21VU(1):A,0.0005550723872147
9EAV(1):A_8R7A(1):B,0.9099631309509276
8PU1(1):B_8PU1(1):A,0.0283316932618618
9L7W(1):A_9DOD(1):A,0.0234950613230466
9JM8(1):A_8S1X(1):A,0.0848025679588317
8UH1(1):A_9ILT(1):D,0.0013442015042528
9DD1(1):A_8HR0(1):C,0.0012002512812614
8WT4(1):B_8PU3(1):A,0.0502086207270622
8TK9(1):A_8ONW(1):C,0.0020819490309804
8RYI(1):A_9KO8(1):C,0.0006858932320028
8WHM(1):B_21VU(1):A,0.0024103755131363
9R84(1):A_8VEO(1):B,0.0012603806098923
8Q03(1):A_8ZHT(1):B,0.0083419065922498
8J4B(1):A_8Y96(1):A,0.000677719770465
8ROH(1):B_9H5R(1):B,0.6332381963729858
9R2Z(1):B_8SSM(1):B,0.0008163233869709
9UVD(1):B_9SDC(1):A,0.0012529786908999
8VUF(1):A_9BAE(1):B,0.0018430575728416
9R84(1):A_9P3J(1):A,0.9801670908927916
8PEL(1):D_8ROJ(1):A,0.0030196080915629
9M3I(1):D_8CRA(1):E,0.0004662201390601
8I2F(1):A_8GMH(1):C,0.0020571786444634
9PCA(1):B_9CCK(1):C,0.0014298011083155
8UH1(1):A_9JDD(1):B,0.0005570716457441
9KAH(1):A_8SNF(1):D,0.0006283448892645
9P3J(1):A_9GZQ(1):A,0.0048718168400228
8ZD3(1):A_9P1C(1):B,0.0153146367520093
8OW6(1):A_8C0J(1):B,0.0013526143738999
9KW6(1):C_9KW6(1):A,0.6009196639060974
9BT4(1):E_9GZQ(1):A,0.8140250444412231
8C0J(1):A_8Y2Z(1):A,0.0010051343124359
9ZDM(1):B_9ZDM(1):A,0.671580970287323
9GCO(1):C_9GCO(1):B,0.0021605910733342
8VLM(1):A_8T0P(1):B,0.0052092443220317
9ZCS(1):B_8YNX(1):A,0.0011033366899937
9OLQ(1):B_9OLQ(1):A,0.0043955114670097
8X3G(1):C_8X3G(1):B,0.0014432987663894
8C26(1):A_8T0P(1):B,0.0751055404543876
9IKB(1):G_8C4X(1):B,0.0141962617635726
8Y96(1):C_8ONW(1):D,0.0004000926273874
8I3F(1):A_8BFI(1):B,0.0010286547476425
9P3J(1):A_8UH1(1):A,0.0012278803624212
8XTA(1):B_9C10(1):B,0.0009230065043084
9QAA(1):B_9GWJ(1):D,0.0071892086416482
9ST4(1):A_8Q03(1):A,0.5159472823143005
8T9O(1):B_9Q9V(1):B,0.0015653527807444
8CRA(1):A_8RP1(1):CCC,0.0013625451829284
8BFI(1):C_8CRA(1):A,0.0026319767348468
9ZCS(1):B_8GMH(1):C,0.0015901135047897
8ZA7(1):A_8IH8(1):A,0.0023479582741856
9EA8(1):B_8G0K(1):B,0.6330016851425171
9JM8(1):B_8QL1(1):B,0.0340884439647197
8WHH(1):E_9R2Z(1):A,0.0014218904543668
8GKO(1):C_8GKO(1):A,0.0005457575898617
8R3A(1):B_9FN0(1):A,0.0103231435641646
9BT4(1):E_8ORN(1):B,0.000621554267127
8U45(1):A_9KAH(1):C,0.0011483402922749
8Q03(1):C_9AVF(1):B,0.003212904324755
8FZZ(1):A_9ILT(1):C,0.0022812311071902
9HAE(1):B_9ILT(1):G,0.0005132429650984
9S6C(1):A_9DOD(1):A,0.008690002374351
9EA8(1):A_9L7W(1):A,0.7036377787590027
8EZR(1):B_9HBL(1):B,0.0036230778787285
9I25(1):C_9HMX(1):A,0.7530068755149841
8RYI(1):B_9H9V(1):B,0.0103116473183035
9VNJ(1):B_9LP2(1):C,0.0007726453477516
9P3J(1):B_9P3J(1):A,0.0008495895890519
9KW6(1):C_9BAE(1):A,0.0101455030962824
9GCO(1):B_9GZQ(1):B,0.0115620456635952
8RPP(1):A_8PF5(1):D,0.0029590700287371
9K3E(1):B_8UH1(1):A,0.0021806589793413
8Y2Z(1):A_8FUL(1):A,0.0014764560619369
9UVE(1):C_8C4Z(1):B,0.0009859659476205
9F79(1):A_8I2F(1):A,0.0019760178402066
8ZVX(1):A_9NTO(1):B,0.0018231666181236
8SSM(1):B_21VU(1):H,0.005047925747931
9JWA(1):A_8Q03(1):C,0.0195124372839927
9ILT(1):F_8ROH(1):A,0.0012416075915098
9VNJ(1):A_9G8U(1):A,0.0009674770990386
9K1L(1):B_9K1L(1):A,0.0009711203165352
9X2R(1):A_8PF5(1):A,0.0008800328942015
8TWD(1):C_8TWD(1):A,0.000784658070188
8YN0(1):C_8YN0(1):D,0.0006181938224472
9MYR(1):B_8J64(1):B,0.0012264882680028
8WT4(1):B_9GZQ(1):A,0.0086174458265304
9F79(1):C_9MYT(1):A,0.0187336094677448
8TWD(1):C_8QVC(1):A,0.0022852795664221
9GAI(1):B_8IGD(1):C,0.0080223502591252
8FUL(1):B_9PR8(1):A,0.0062187579460442
8BRT(1):B_9B7D(1):A,0.0011914047645404
9KO8(1):C_8I2E(1):A,0.0015228035626932
8J09(1):B_8ONW(1):F,0.0006541371694765
8PEL(1):B_9HNG(1):B,0.00162497558631
8ROI(1):A_9KW6(1):A,0.001106605050154
9PHV(1):A_8C0J(1):A,0.8716305494308472
8ROJ(1):B_8J48(1):B,0.0010878769680857
8ZA7(1):A_8STS(1):A,0.0161052923649549
9VZY(1):D_8U6D(1):A,0.0044321869499981
9KZL(1):A_8YN0(1):D,0.002113833790645
8HCI(1):A_11LJ(1):A,0.0036915163509547
8SNK(1):I_9PR8(1):C,0.0154090197756886
8EY4(1):I_8RYI(1):B,0.0099347541108727
8BOZ(1):B_8BWV(1):B,0.0075139580294489
9MZ5(1):C_9HAC(1):A,0.018646640703082
8EY4(1):I_9HBL(1):A,0.0008389081340283
9L7W(1):B_9GCO(1):C,0.0009951769607141
9VO5(1):B_9VO5(1):A,0.0146730067208409
8PEL(1):B_8HXI(1):A,0.0022686729207634
9UX0(1):A_9RMM(1):A,0.0370135605335235
8U6F(1):B_8PEL(1):E,0.0028765886090695
9KAH(1):C_9ILT(1):F,0.043400764465332
8WHI(1):F_8JMR(1):B,0.0789567753672599
9ST8(1):A_8WHH(1):A,0.0006339281680993
9VO5(1):B_8TWD(1):A,0.002233674749732
8G0P(1):A_8I2E(1):A,0.0054153096862137
9RGL(1):F_8BFI(1):C,0.003788337809965
8JMQ(1):A_9Q1H(1):B,0.0300589632242918
8WHL(1):A_8J64(1):B,0.0004828782693948
9HLS(1):B_9BIY(1):B,0.0011558738769963
8HS8(1):C_8GM8(1):B,0.0028296124655753
8G0K(1):A_9CCV(1):B,0.0012554420391097
9HBL(1):A_8GM8(1):A,0.2771283984184265
8XT8(1):B_8YRE(1):D,0.0020575742237269
9JM8(1):A_8T9P(1):B,0.0037690859753638
9BIY(1):A_8PF5(1):D,0.0071652508340775
8VET(1):B_8RZZ(1):C,0.0004475995083339
8Y77(1):B_8XEH(1):A,0.3440175056457519
9PZK(1):A_9DK1(1):B,0.0006445088074542
8SSM(1):B_9GAI(1):B,0.0054794927127659
8XUD(1):A_8BFI(1):B,0.0060725985094904
9F26(1):C_9F26(1):A,0.0843965336680412
9JM8(1):B_9F79(1):A,0.0722327306866645
8C0D(1):C_9I25(1):C,0.0025267305318266
8T6C(1):E_8FFX(1):A,0.0009730133460834
8S1X(1):B_9ST4(1):A,0.0014444042462855
9PR8(1):C_9PR8(1):A,0.7213168740272522
8T0P(1):A_8J4B(1):B,0.2974844574928283
12NP(1):C_9JDI(1):A,0.0019751423969864
9C10(1):B_9UTY(1):A,0.0011346823303028
9Z7O(1):A_9Q1H(1):A,0.4327621161937713
8S1X(1):A_8QNL(1):C,0.0023463536053895
9S6C(1):A_8ROJ(1):A,0.0004584981361404
9C10(1):A_8HCI(1):B,0.0002616911078803
8C0J(1):A_8S83(1):C,0.0040447413921356
8Y2Z(1):A_8I8Y(1):B,0.0119406254962086
8QVC(1):A_8PF5(1):D,0.3952875137329101
21ZX(1):F_21ZX(1):C,0.0008689479436725
8U6H(1):B_9H9V(1):D,0.9943834543228148
8SNF(1):A_8ZHT(1):A,0.0040717110969126
9ZBE(1):A_9IKB(1):C,0.0026155554223805
8HCI(1):A_8I3F(1):B,0.0035799841862171
8HFP(1):C_8HFP(1):A,0.0018110177479684
8RP1(1):CCC_9ILT(1):A,0.0029209698550403
8JMR(1):B_8PU3(1):A,0.0003962200134992
8PEL(1):D_8UF4(1):A,0.0072495117783546
9K1U(1):B_9ZLL(1):E,0.0005402411916293
9RMM(1):C_8GMH(1):B,0.0015151499537751
8I3E(1):C_9ERV(1):A,0.000813778664451
8ZVX(1):B_11LJ(1):C,0.9283716082572936
9WBE(1):D_9QAA(1):B,0.0135643118992447
8FUL(1):A_9KO8(1):A,0.0677526667714119
9HNG(1):B_8R7A(1):B,0.0054056663066148
9NSD(1):G_9X2R(1):B,0.0015377516392618
9ILT(1):E_9H5R(1):A,0.0014762867940589
8BOZ(1):A_9Q9V(1):A,0.0013152650790289
8IE2(1):A_8OWU(1):B,0.0007527066627517
9ZDM(1):A_8HCI(1):A,0.0021537060383707
9EA8(1):B_9H9V(1):E,0.0014376738108694
8UAI(1):C_8UAI(1):A,0.0007954949396662
9PHV(1):A_8SSM(1):B,0.0061725657433271
9B7D(1):B_8OW6(1):B,0.0008269668905995
9H9V(1):E_9BGL(1):A,0.0014887289144098
8S2M(1):B_8S2M(1):A,0.0003821066347882
8PEL(1):G_9DD1(1):A,0.0007317522540688
9WBE(1):A_8U6H(1):A,0.9874551296234132
8VET(1):B_8VET(1):A,0.0021062574815005
8U6G(1):A_8PEL(1):G,0.0047242171131074
9EAV(1):D_9L5U(1):C,0.0013741459697484
9EAV(1):D_9MYT(1):B,0.0006358730024658
9KAN(1):A_8WOK(1):A,0.0011107509490102
9V8I(1):B_9WAQ(1):B,0.0032760703470557
8C0J(1):B_9JM8(1):A,0.0005035906797274
9S6C(1):C_9OMD(1):I,0.002074199495837
8HCI(1):A_8G0P(1):B,0.0007253225776366
9E1J(1):B_8WT4(1):B,0.9853353500366212
9U8R(1):A_8VEO(1):A,0.0034981768112629
9KUE(1):A_8PU3(1):A,0.0127491848543286
8VET(1):B_8I3E(1):C,0.0014126679161563
8RP1(1):AAA_9R2Z(1):A,0.1268796771764755
9JDD(1):A_8CB2(1):BBB,0.0224541593343019
8PU1(1):B_8FUM(1):D,0.0025714195799082
9F26(1):C_9UVD(1):C,0.0006691138260066
8PU1(1):A_8PQQ(1):C,0.0028260773979127
8EZR(1):B_9UDL(1):B,0.0002489660691935
9J9W(1):B_9S6C(1):A,0.0019986957777291
9MYR(1):B_8VET(1):B,0.0004691227222792
9VLL(1):B_8XYF(1):B,0.0003911932290066
9UB9(1):B_9H5R(1):B,0.004045627079904
9UB9(1):A_8OWS(1):A,0.9308489561080932
8PEL(1):B_21VU(1):A,0.0086623188108205
8OWS(1):C_8IE2(1):A,0.0015670843422412
9MOJ(1):C_8T19(1):B,0.0016274227527901
8PUT(1):E_8IGD(1):B,0.0012754714116454
8RZZ(1):C_8RZZ(1):A,0.000639560399577
9EAE(1):A_8U45(1):A,0.0021842934656888
9BT4(1):G_8SSM(1):B,0.0010712168877944
9J9W(1):B_9H9V(1):D,0.0427787788212299
9RGL(1):F_8PQQ(1):A,0.0044379010796546
21ZX(1):C_9GWJ(1):D,0.0052898195572197
8C0D(1):A_8BOZ(1):B,0.0013057416072115
8VUM(1):A_8YRE(1):D,0.0120123913511633
8BRR(1):B_9UVD(1):C,0.0005135894753038
8HCI(1):A_9J4P(1):A,0.0006715862546116
8BOZ(1):A_9JDI(1):A,0.0008669733651913
8CN3(1):A_8C4X(1):A,0.0085587473586201
9UX0(1):A_9ST4(1):A,0.0007970652077347
8QNQ(1):A_9HBL(1):A,0.8828138709068298
8WHL(1):E_9MOJ(1):B,0.0003439082938712
9HLO(1):A_8RJA(1):E,0.0014030066085979
8ROJ(1):B_9M3I(1):D,0.0036364912521094
8TWD(1):A_30KY(1):C,0.0638794302940368
9UVD(1):C_9UVD(1):B,0.9955684542655944
8ROH(1):B_9UDL(1):B,0.0058443783782422
8HDD(1):A_8RYI(1):B,0.042498979717493
9KO8(1):C_8YNX(1):A,0.0096500618383288
8XYF(1):B_8ONW(1):E,0.0055591650307178
9OMD(1):C_9UVD(1):C,0.9447177648544312
9HMX(1):A_8JI9(1):A,0.000631291011814
9J9W(1):A_8OW6(1):A,0.0004053685697726
8I3E(1):B_8PEL(1):C,0.0006729634478688
8BRT(1):B_8XTA(1):A,0.0009258002392016
8PQQ(1):A_9LEW(1):A,0.0031773264054208
9HAC(1):B_9HAC(1):A,0.0006650123978033
8SJJ(1):A_8R3A(1):A,0.0020129603799432
9HLS(1):B_9HAD(1):C,0.0415597222745418
9BKX(1):d_8HCI(1):A,0.0003142089990433
8WOK(1):A_8U6H(1):B,0.003486716421321
8K0H(1):B_9DCZ(1):A,0.0141653530299663
8GKO(1):C_9P3F(1):B,0.048348169773817
9ILT(1):F_9ST4(1):H,0.9400922060012816
9UVD(1):C_8SNF(1):A,0.001459029270336
8WOK(1):A_9U8Q(1):G,0.0010738611454144
9NSD(1):G_9PZK(1):A,0.0009641295764595
9HMX(1):A_9MYR(1):B,0.0014029919402673
8X3G(1):C_9ST8(1):A,0.006029668264091
8P9U(1):A_8Z22(1):C,0.0082105007022619
8WHI(1):F_9SJ6(1):C,0.0020868100691586
8PQQ(1):C_8PQQ(1):A,0.0046931458637118
9JM8(1):B_9DOD(1):B,0.0019027285743504
9VO5(1):A_9NTO(1):B,0.0022437921725213
9UDL(1):A_8CN3(1):A,0.0009505864582024
9DD1(1):C_9HAD(1):B,0.0050685876049101
8OWU(1):D_9KO8(1):C,0.000218211687752
9J9W(1):B_9OK4(1):B,0.0019568558782339
8BRT(1):B_8BRT(1):A,0.0019533815793693
9LEW(1):A_8Q2E(1):B,0.0052385008893907
9UDL(1):B_8BRR(1):A,0.0244755167514085
8SJJ(1):A_8HDD(1):B,0.000344528700225
9L6B(1):A_8T19(1):B,0.0023987668100744
8VLM(1):A_9ERV(1):A,0.0144787169992923
8U6F(1):A_8X3G(1):C,0.0120113557204604
9H9V(1):C_9VO5(1):A,0.0027942212764173
9CCV(1):B_8K0H(1):B,0.0168002285063266
8BRQ(1):B_9G8U(1):B,0.0010719712590798
9H9V(1):F_9HLS(1):A,0.0337392501533031
9NTN(1):G_9PHV(1):A,0.0204004235565662
8HHJ(1):B_8U6G(1):A,0.0064132399857044
9J9W(1):B_9J9W(1):A,0.0064912056550383
9H9V(1):F_8QNQ(1):A,0.0002735173911787
8J48(1):D_8RIU(1):C,0.0007588645094074
8VLM(1):B_8VLM(1):A,0.0704458728432655
8ZHT(1):A_9H9V(1):E,0.001331859617494
8I8Y(1):A_9ZCS(1):B,0.0038633723743259
8Q2E(1):C_8CCQ(1):A,0.0078741470351815
9H9V(1):D_8RP2(1):AAA,0.0005205125780776
9VO4(1):B_8ONW(1):B,0.0041179489344358
9K1L(1):B_9K1U(1):B,0.0017098929965868
9V8I(1):A_9H9V(1):F,0.0112469205632805
8Z22(1):C_8Z22(1):B,0.0309847127646207
8FUL(1):A_8OUA(1):A,0.988429307937622
8U6G(1):B_9JDD(1):B,0.0014380435459315
8Y96(1):C_9W3A(1):A,0.0006750281900167
9VLL(1):A_8T6E(1):A,0.0031961041968315
9HMX(1):A_9C10(1):A,0.0008954731747508
8QVC(1):B_8S05(1):C,0.000679307966493
8OW6(1):B_9EA8(1):A,0.0016352197853848
9GAI(1):C_12NP(1):A,0.6604936718940735
9J4P(1):A_8WHM(1):B,0.0418377071619033
9H9V(1):F_8FZZ(1):A,0.0132671128958463
8UF4(1):A_8I3F(1):B,0.00147425243631
9LEW(1):B_9VZC(1):B,0.0008994039962999
9DCZ(1):A_8TYX(1):A,0.0070416056551039
9LEW(1):B_9LEW(1):A,0.0016862681368365
8ONW(1):F_9L7W(1):A,0.0021407522726804
8T6N(1):A_8RQZ(1):B,0.0013904441148042
8RZZ(1):A_8G0P(1):A,0.0019145847763866
8UAI(1):B_8JDI(1):E,0.0087608909234404
9ZBE(1):B_8RPP(1):A,0.0010785002959892
8PUT(1):E_8RJA(1):E,0.0026036943309009
8STP(1):A_8RPP(1):D,0.9655368328094482
8SJJ(1):A_9BKX(1):D,0.0005972656654193
8I2E(1):B_9H9V(1):A,0.0054488638415932
8ZA7(1):B_8ZA7(1):A,0.0010310104116797
8WHI(1):A_8HHJ(1):B,0.003145779017359
9ILT(1):C_9ILT(1):A,0.0060031008906662
8FE8(1):B_8STP(1):B,0.0006778670358471
8YN0(1):D_9BT4(1):E,0.0015360029647126
9L5U(1):C_9K1U(1):B,0.007090272847563
8PEL(1):F_8PEL(1):D,0.0005466265138238
8G0K(1):B_8RP1(1):AAA,0.0013161884853616
8HXI(1):B_8PEL(1):E,0.0008246608194895
9KW6(1):A_8BGM(1):B,0.0008530720951966
8GJU(1):H_9EAE(1):A,0.0180879663676023
9DCZ(1):A_8S2M(1):B,0.0015619016485288
8PEL(1):F_8EZR(1):A,0.0004811660328414
9UDL(1):B_9UDL(1):A,0.0007275697425939
9HLS(1):B_9HLS(1):A,0.0041969930753111
8T6C(1):C_8HS8(1):C,0.0007759313448332
8IH8(1):A_8TYS(1):A,0.0012604845687747
8VEO(1):A_9JDI(1):A,0.0004253791994415
9L6B(1):A_9M3I(1):A,0.0005156621919013
8K0H(1):B_8RQZ(1):B,0.0027617048472166
8XEH(1):E_9FN0(1):A,0.9949060678482056
8K0H(1):B_8HDD(1):A,0.0008163945167325
9ZLL(1):D_8G0K(1):B,0.0023403249215334
8PQQ(1):A_9L5U(1):A,0.0132426032796502
8OWU(1):D_9K3E(1):C,0.0032513462938368
9DK1(1):A_8U6H(1):B,0.0014696969883516
8ZHT(1):B_9UB9(1):B,0.0031854163389652
8ONW(1):B_9NTN(1):G,0.0199452880769968
9K1U(1):B_9G87(1):B,0.0128206582739949
9NTO(1):B_9EAV(1):C,0.0010387557558715
9G8U(1):B_9G8U(1):A,0.0014920292887836
9EAV(1):A_8RPP(1):D,0.0026598586700856
9DD1(1):A_9LPG(1):A,0.001556430128403
9ST4(1):A_8FZZ(1):A,0.0033393704798072
8UAI(1):C_8IGD(1):C,0.0007137776119634
8ONW(1):D_9F26(1):C,0.0017052743351086
8OW6(1):B_8WHH(1):A,0.0044562797993421
9SJ6(1):A_8I2F(1):B,0.9000428318977356
8T9P(1):B_9KAN(1):A,0.0009267600253224
9K1U(1):C_8YRE(1):D,0.000737274356652
9HBL(1):A_8ROI(1):A,0.9528725743293762
9ERV(1):B_8FCC(1):A,0.002138442127034
9WAQ(1):A_8PUT(1):E,0.0034525045193731
9VZC(1):B_8U6G(1):A,0.2444653362035751
9E15(1):A_8PEL(1):B,0.00248714373447
8UH1(1):A_8JMR(1):A,0.0029834485612809
8WT4(1):B_9J4P(1):B,0.3866901099681854
9G8U(1):A_9PCA(1):A,0.0018355323700234
8GKO(1):C_8U6D(1):A,0.0004778012516908
9ST8(1):A_9NTN(1):A,0.0008671261603012
9UVD(1):B_8Q66(1):B,0.7656663060188293
9ZLL(1):F_8RYI(1):A,0.000564930960536
9ST4(1):H_9U8R(1):G,0.0008703222265467
11LJ(1):C_8VUF(1):A,0.0347345285117626
8ZD3(1):B_8Y2Z(1):A,0.0018685839604586
9B7D(1):B_8PFC(1):A,0.0072974730283021
8SNF(1):A_8PFC(1):A,0.0005710796685889
8BFI(1):B_8HR0(1):B,0.001917639747262
9KAN(1):A_8WHI(1):F,0.0034970815759152
21VU(1):H_9MZ5(1):C,0.0021715683396905
8RJA(1):F_9DK1(1):A,0.001552331726998
8PU1(1):B_8RP2(1):CCC,0.0518036074936389
8PEL(1):D_9BAE(1):A,0.0006044382462278
9DK1(1):B_8Y77(1):B,0.0003235946933273
12NP(1):A_8HDD(1):C,0.0002776780747808
8QVC(1):A_9ILT(1):D,0.0023880817461758
9DOD(1):A_9P3J(1):B,0.0060926140286028
9ZLL(1):E_9S6C(1):C,0.0055239810608327
8C0J(1):B_8C0J(1):A,0.0115079917013645
21VU(1):A_9CCK(1):C,0.0032378695905208
8JMR(1):B_8C0J(1):A,0.0080773271620273
8C26(1):B_8RQZ(1):C,0.974542796611786
9U8Q(1):G_9U8Q(1):A,0.0016995520563796
8Y2Z(1):A_8C0D(1):C,0.0009165543015114
8HCI(1):B_8QL1(1):A,0.0063310451805591
8ONW(1):F_8C0D(1):C,0.0036211211699992
8U6F(1):A_8I2F(1):A,0.0010018149623647
8UAI(1):C_9Q9V(1):B,0.0072573511861264
9ZDM(1):B_9MYT(1):B,0.0018583887722343
8FBD(1):A_8ROJ(1):B,0.0015331447357311
8FCC(1):A_9EYU(1):B,0.0013183037517592
8RPP(1):A_9ILT(1):C,0.0008671001996845
8RQZ(1):C_9GAI(1):A,0.0028970520943403
9NSD(1):B_8J49(1):B,0.0022360426373779
9BIY(1):A_9ZEE(1):A,0.0016581227537244
8ROI(1):B_8BRR(1):A,0.0012413196964189
9EA8(1):A_8J64(1):A,0.9966771602630616
9RGL(1):F_8PU1(1):B,0.0004072976007591
9VZC(1):B_8YNX(1):A,0.0012592107523232
8U6F(1):B_8Y96(1):C,0.0009510375675745
9ILT(1):A_9KO8(1):A,0.0018415835220366
21VU(1):H_9NTO(1):B,0.0023422574158757
8IGD(1):B_8U6F(1):B,0.9938274025917052
9V8I(1):B_9V8I(1):A,0.0006843114970251
8Q03(1):C_9BIY(1):A,0.0005994504317641
21ZX(1):F_8TYX(1):B,0.0015465887263417
8PEL(1):D_9VO4(1):B,0.0022047311067581
8STU(1):A_8ZVX(1):B,0.0592368952929973
8U6H(1):B_8WT0(1):B,0.7418497204780579
9PR8(1):A_21ZX(1):F,0.0019658165983855
8C4X(1):B_8J4B(1):A,0.8569210171699524
8UAI(1):B_8UAI(1):A,0.0057394634932279
9M3I(1):C_8I8Y(1):B,0.0002332414587726
8Q66(1):B_9QAA(1):B,0.978851556777954
9DCZ(1):B_9V8I(1):A,0.1005075648427009
9F79(1):A_8YN0(1):D,0.0004907642723992
8S1X(1):A_8U6N(1):B,0.0071299402043223
9K1L(1):A_9L5U(1):A,0.0017415938200429
8UAI(1):A_9E1J(1):A,0.0005631010280922
9SJ6(1):C_9SJ6(1):A,0.7983757853507996
8HHJ(1):A_11LJ(1):A,0.0021552601829171
8Q2E(1):C_9UX0(1):B,0.0046537360176444
8WT0(1):B_9BKX(1):D,0.0006290969322435
9H5R(1):A_9G8U(1):B,0.0032552657648921
8XSU(1):D_9WAQ(1):B,0.003860309254378
8TYS(1):A_9PHV(1):D,0.0077048284001648
9R84(1):A_8VLM(1):A,0.0014541341224685
8HR0(1):C_8YRE(1):A,0.0035693438258022
9UTY(1):A_9NTO(1):A,0.0112227816134691
8TK9(1):B_8STS(1):A,0.0012635027524083
9L7W(1):B_8OW6(1):A,0.0877930596470832
9SJ6(1):A_9RK9(1):B,0.0007297599222511
8STS(1):A_8PF5(1):B,0.0089443223550915
9ILT(1):G_9ILT(1):E,0.0041027357801795
9KW6(1):C_9X2R(1):B,0.0048881280235946
9VLL(1):A_8RPP(1):A,0.0709467083215713
8T6C(1):E_8T6C(1):C,0.0004588201700244
8FAR(1):B_9BT4(1):A,0.0005347114638425
8RPP(1):D_8JMR(1):A,0.0004827176744583
9ST4(1):H_9MYT(1):A,0.0013311831280589
8YRE(1):A_9ZDM(1):B,0.0317532643675804
9T38(1):A_9LPG(1):A,0.0019933225121349
9VNJ(1):A_9ERV(1):A,0.0008337847539223
8R3A(1):B_9NTN(1):G,0.0012608669931069
8VUM(1):A_9Q9V(1):A,0.0063304966315627
8OW6(1):B_8OW6(1):A,0.0191768780350685
9ZBE(1):A_9JM8(1):A,0.0011989988852292
9BGL(1):B_8RP0(1):AAA,0.005790882743895
9HNG(1):B_9HNG(1):A,0.0020911013707518
8JMQ(1):B_9ZDM(1):B,0.0022569752763956
8WHM(1):A_9U8R(1):A,0.000463481497718
9WAQ(1):A_8PQQ(1):C,0.0151780825108289
9LPG(1):E_9EYU(1):A,0.0013770150253549
8ZHT(1):A_8RIU(1):B,0.0021414603106677
9ILT(1):A_9H9V(1):H,0.000936159689445
9B7D(1):A_8HFP(1):A,0.001735008903779
9P3J(1):A_9F79(1):C,0.002228808356449
9KW6(1):A_8PEL(1):F,0.0047606257721781
9M3I(1):A_9ZBE(1):A,0.029556181281805
9SJ6(1):A_9RGL(1):A,0.0006664993125014
8GJU(1):H_9H7Y(1):B,0.0017542602727189
8ONW(1):B_9GAI(1):B,0.0019123081583529
8T6E(1):B_9JM8(1):B,0.0103255994617939
8GJU(1):H_8GKO(1):A,0.0011526984162628
9IKB(1):C_9RMM(1):A,0.0009325405117124
8I2F(1):A_8OWS(1):A,0.0077565126121044
9LEW(1):A_9VZY(1):A,0.0009319814271293
8RIU(1):B_9VNJ(1):B,0.0058927610516548
8STU(1):B_9J9W(1):B,0.0010964793618768
8T6N(1):A_8S2M(1):A,0.0014843138633295
8C0J(1):B_8Y2Z(1):B,0.0026661960873752
8GM8(1):B_8BRT(1):A,0.001057106652297
8R7A(1):A_9G87(1):A,0.0011104912264272
8T9P(1):A_8CB2(1):BBB,0.0011310864938423
8CB2(1):BBB_8IGD(1):C,0.001255598035641
8QVC(1):B_8QVC(1):A,0.0025817181449383
8TK9(1):A_9SJ6(1):A,0.0092906951904296
9IKB(1):C_9GWJ(1):D,0.0021628660615533
8WHM(1):B_8CB2(1):BBB,0.0038747210055589
8BFI(1):C_8FFX(1):B,0.000825323164463
8BRS(1):A_9BAE(1):B,0.000679571123328
9ILT(1):G_9ILT(1):A,0.0007566541898995
9QAA(1):B_8C4X(1):A,0.0008200344746001
9L5U(1):C_8WHI(1):A,0.00118030665908
8P9U(1):A_8ONW(1):D,0.0112063689157366
8FUL(1):B_8U6H(1):A,0.9166976809501648
9AVF(1):B_9M3I(1):C,0.0003855203976854
9W3A(1):E_8U6F(1):B,0.0037773919757455
9VNJ(1):B_8RYI(1):A,0.0012905747862532
8GM8(1):A_9AVF(1):A,0.0022159721702337
9S6C(1):C_8JI9(1):B,0.0015309600858017
8FAR(1):B_8U45(1):C,0.0009149875841103
8GKO(1):C_9QAA(1):A,0.0030706615652889
8U6H(1):A_8OW6(1):A,0.0011229149531573
8ROI(1):A_8FZZ(1):B,0.0005542405415326
9H9V(1):D_9H9V(1):A,0.0023850789293646
9U8Q(1):G_8WT4(1):B,0.004580033943057
8PEL(1):F_9MNO(1):A,0.0908791273832321
9KAH(1):A_8RZZ(1):A,0.0004611928598023
8WHM(1):B_8C26(1):A,0.0137882698327302
8UAI(1):C_8UAI(1):B,0.001670237397775
12NP(1):A_9B7D(1):B,0.0083554703742265
8C0J(1):A_8XYF(1):A,0.1320865303277969
9P3F(1):B_8ONW(1):C,0.0019432284170761
8J48(1):B_8J64(1):A,0.0023880703374743
9OK4(1):B_8I2F(1):B,0.9231348633766174
9T38(1):B_9PCA(1):B,0.0016388350632041
8PFC(1):B_9X2R(1):A,0.0069213705137372
8FCC(1):B_8ORN(1):B,0.0051209344528615
9E1J(1):B_9UDL(1):B,0.0032118719536811
8RYI(1):B_9F79(1):A,0.0015193549916148
9ILT(1):F_8CCQ(1):B,0.0041707730852067
8BOZ(1):A_8JMQ(1):A,0.0038381933700293
9C10(1):A_8IE2(1):A,0.0556402206420898
9BGL(1):B_8WHH(1):A,0.1796998381614685
9JWA(1):B_9HLO(1):B,0.0013160638045519
9W3A(1):E_8XYF(1):A,0.0021745129488408
8ROJ(1):B_8C0J(1):A,0.0009995335713028
8ROJ(1):B_9H9V(1):C,0.9697346091270448
8J48(1):B_8BGM(1):B,0.0013483891962096
8PEL(1):F_8PEL(1):C,0.0033571620006114
8RIU(1):C_9ILT(1):C,0.0005906136357225
8I2F(1):A_9J4P(1):A,0.0009289007866755
8FUL(1):B_9T38(1):B,0.0040168636478483
9I25(1):C_8U6G(1):A,0.000850893498864
8Y2Z(1):B_8Y2Z(1):A,0.0059736385010182
9H9V(1):C_9H9V(1):A,0.0136057119816541
9BGL(1):B_9BGL(1):A,0.0035465725231915
9L7W(1):B_9L7W(1):A,0.0011135091772302
8OWU(1):B_8SSM(1):B,0.0007207092712633
9KAH(1):C_9JWA(1):B,0.0035597796086221
9EAV(1):C_8FZZ(1):B,0.0017269439995288
9BKX(1):D_8T9P(1):A,0.0007562540704384
9PZK(1):B_8Q2E(1):B,0.1319378167390823
8SSM(1):C_8SSM(1):B,0.0086903963238
8BRS(1):B_8BRS(1):A,0.0062887072563171
9BIY(1):A_8I8Y(1):B,0.0011592087103053
9IKB(1):B_8FZZ(1):B,0.3014356791973114
9HAE(1):B_9HAE(1):A,0.0116421794518828
9H9V(1):E_8GM8(1):A,0.033490665256977
8QVC(1):B_9KUE(1):C,0.0007914938614703
8WHM(1):A_9UTY(1):B,0.0008210755768232
8BRT(1):A_8CB2(1):BBB,0.0015487367054447
9ST8(1):A_8ZHT(1):B,0.0016606758581474
8BRQ(1):A_8Y96(1):C,0.0010657558450475
8IGD(1):C_9H9V(1):G,0.0016402314649894
9KUE(1):C_8S83(1):C,0.0049494700506329
9L6B(1):A_9KUE(1):C,0.0021454563830047
8SNF(1):A_9MYR(1):A,0.0005627032369375
8BRR(1):B_8BRR(1):A,0.0036536841653287
8OWS(1):A_9UVD(1):B,0.0112077640369534
9J4P(1):A_8Q66(1):A,0.0205693133175373
9BKX(1):D_8RP0(1):AAA,0.9963284134864808
8EZR(1):A_8PFC(1):B,0.0044517023488879
8I3E(1):C_8VLM(1):B,0.001330392784439
9FN0(1):A_9HNG(1):A,0.2808627486228943
8BRT(1):A_9OK4(1):B,0.01115916762501
8R7A(1):B_9U8Q(1):A,0.0013513820013031
8PFC(1):A_9JDI(1):A,0.0040202587842941
9B7D(1):B_9LEW(1):B,0.0008720542537048
8RIU(1):C_9NTN(1):G,0.000868881586939
9WBE(1):A_9M3I(1):A,0.011319532059133
9MYR(1):B_8T9P(1):B,0.9847968816757202
8XYF(1):B_8XYF(1):A,0.8068510890007019
8IE2(1):A_8IE2(1):E,0.0028733310755342
9MYR(1):B_8FBD(1):A,0.0005658467998728
9QAA(1):B_9QAA(1):A,0.0019116419134661
9GWJ(1):D_9DCZ(1):A,0.0008825870463624
8S05(1):A_8TK9(1):B,0.0022680922411382
9RMM(1):C_8WT0(1):A,0.0011707374360412
8XYF(1):A_9QAA(1):A,0.0180932357907295
8X3G(1):C_9RMM(1):A,0.000726893369574
8G0K(1):B_8CCQ(1):B,0.0008703686180524
9KZL(1):A_8J49(1):B,0.0048403008840978
8UF4(1):A_8ONW(1):B,0.0042001828551292
9UX0(1):B_9UX0(1):A,0.0017709552776068
9HNG(1):B_8R3A(1):B,0.0008922044653445
8BRQ(1):B_8BRQ(1):A,0.009128974750638
9VZY(1):D_8FFX(1):A,0.0021485793404281
9UVE(1):B_9H9V(1):F,0.0008305130177177
8FZZ(1):B_8YNX(1):A,0.0025517304893583
9J9W(1):A_8J48(1):B,0.0008358609047718
8ZA7(1):B_8T6C(1):C,0.0006065267371013
9W3A(1):A_8ONW(1):D,0.4601229429244995
9UB9(1):A_9UVD(1):B,0.0024489371571689
9UDL(1):A_8FUM(1):C,0.2668860852718353
9HAC(1):B_9S6C(1):A,0.98567932844162
8UF4(1):A_8CB2(1):AAA,0.0041749458760023
9BGL(1):A_8XSU(1):C,0.0051054437644779
9UB9(1):A_8FCC(1):A,0.0005060951225459
9KZL(1):A_9MYR(1):A,0.0011158802080899
8U6H(1):B_8T9O(1):B,0.0021257742773741
9OLQ(1):A_30KY(1):C,0.6567621827125549
8PFC(1):A_9V8I(1):A,0.0011998952832072
9LP2(1):C_8P9U(1):A,0.0030088340863585
8Q2E(1):A_8S2M(1):A,0.0044695064425468
9BT4(1):A_8TYX(1):B,0.0705753415822982
8STU(1):B_9UVD(1):C,0.0016135543119162
9W3A(1):A_8S83(1):B,0.0008899774402379
8WOK(1):A_9PR8(1):A,0.0015959411393851
9E1J(1):B_9M3I(1):D,0.0003545332001522
8UF4(1):A_8T9O(1):B,0.0009149361867457
8TK9(1):B_9L5U(1):A,0.0011483632260933
8WHH(1):A_8I8Y(1):B,0.08719964325428
8UF4(1):B_8UAI(1):A,0.0331262350082397
9W3A(1):A_9MYT(1):B,0.0027025355957448
9OK4(1):C_9OK4(1):B,0.002524780575186
8WHH(1):E_9H9V(1):E,0.0012617897009477
9E15(1):B_9EAV(1):D,0.1828260868787765
8U6H(1):A_9GCO(1):C,0.0111760068684816
8TWD(1):A_9SDC(1):C,0.0048517622053623
9OK4(1):C_8PU3(1):A,0.0005584887694567
8U6G(1):B_8FAR(1):B,0.0016565384576097
8SSM(1):B_8FAR(1):A,0.0008541144197806
9ZEE(1):B_9S6C(1):C,0.0020903381519019
9L7W(1):B_8TK9(1):A,0.0017017590580508
9ZEE(1):A_8HDD(1):A,0.0058776070363819
9KZL(1):A_8I8Y(1):B,0.0411880016326904
8S2M(1):B_8ONW(1):C,0.0009148899698629
8BWV(1):A_8JMQ(1):A,0.0011934993090108
9LP2(1):C_9LP2(1):A,0.0007270922069437
30KX(1):E_9RMM(1):C,0.0051532830111682
8XEH(1):E_9MNO(1):A,0.0038005060050636
9FN0(1):A_9HLO(1):A,0.4602990746498108
9F26(1):A_8UH1(1):B,0.0008858233923092
8ROH(1):A_9H5R(1):B,0.0003096244763582
8UH1(1):B_8HS8(1):C,0.0040711043402552
8Q2E(1):B_8IGD(1):C,0.0029596106614917
9V8I(1):B_8I2E(1):A,0.0037969099357724
9CCV(1):B_8PFC(1):A,0.0049220290966331
8G0P(1):A_9J9W(1):B,0.0014527908060699
8STP(1):B_8STP(1):A,0.0269303731620311
9L7W(1):A_9K3E(1):B,0.0095673622563481
8J4B(1):A_8GM8(1):A,0.0025563924573361
8HHJ(1):B_8HHJ(1):A,0.0010805431520566
8I3E(1):B_8IH8(1):C,0.0011761144269257
8HDD(1):A_8R3A(1):B,0.0307489689439535
8JMR(1):B_9JDD(1):A,0.0083885649219155
9W3A(1):A_9L7W(1):A,0.0005327175604179
8QNQ(1):A_9GWJ(1):C,0.0007597039220854
9DCZ(1):A_8S83(1):B,0.0010094065219163
9H9V(1):D_9BT4(1):E,0.0012374593643471
9R84(1):A_9ST4(1):H,0.00961884111166
8STU(1):A_8I3F(1):B,0.0013221249682828
9MNO(1):E_9MNO(1):A,0.0037734359502792
8PF5(1):D_8I3E(1):C,0.0033097725827246
8J09(1):A_8VUF(1):B,0.0104610528796911
8PFC(1):B_9GAI(1):B,0.0053130113519728
8VLM(1):A_9HLO(1):A,0.0050504165701568
9BIY(1):B_8I2E(1):A,0.0011324599618092
8PUT(1):A_9RK9(1):A,0.0100086564198136
30KY(1):B_8TK9(1):B,0.0007358367438428
8RP2(1):CCC_9UVD(1):C,0.0024883495643734
8S2M(1):A_21VU(1):H,0.0144581906497478
9V8I(1):B_9ZLL(1):F,0.0009638500050641
8I3E(1):B_9VO4(1):B,0.0003968894889112
9VLL(1):B_9H9V(1):G,0.0005532316863536
8I2F(1):B_8SJJ(1):C,0.013035412877798
8TYS(1):B_8ROJ(1):B,0.1450700312852859
9EYU(1):B_9EYU(1):A,0.001559893717058
9CCK(1):C_9VZC(1):B,0.0010468633845448
9HMX(1):B_9HMX(1):A,0.0181246064603328
9IZ3(1):B_9UDL(1):A,0.0125618427991867
9K1L(1):B_8PEL(1):D,0.0025087806861847
8UAI(1):B_9LP2(1):C,0.0027493538800626
8ONW(1):B_9H9V(1):G,0.01082185190171
9DK1(1):A_8TWD(1):A,0.0015032192459329
8J49(1):B_8PEL(1):E,0.0159597881138324
9KO8(1):A_8QNL(1):A,0.002808092162013
8P9U(1):C_9F79(1):C,0.0257535297423601
8TYX(1):B_8PFC(1):A,0.0011971006169915
8XYF(1):A_9Z7O(1):C,0.0031212351750582
9ILT(1):G_9OLQ(1):B,0.0005196435377001
8PEL(1):E_8PEL(1):B,0.9902273416519164
9ZCS(1):A_8Y96(1):C,0.0022001885809004
9P3F(1):B_9ZLL(1):E,0.7766735553741455
8ROH(1):A_8TYX(1):A,0.9310901165008544
9W3A(1):A_11LJ(1):A,0.0103943357244133
8VET(1):A_9IZ3(1):A,0.0146027505397796
8ZVX(1):B_8ZVX(1):A,0.9733683466911316
9EA8(1):B_8OUA(1):C,0.0324868895113468
9I25(1):C_9VNJ(1):B,0.3943963944911957
8G0P(1):A_9BIY(1):B,0.0012191486312076
8SNF(1):A_9IKB(1):G,0.0010185693390667
8J64(1):B_8VUF(1):B,0.000405835424317
9VZC(1):A_8ZVX(1):B,0.9878348708152772
9H5R(1):B_8STP(1):B,0.9915506839752196
8XEH(1):A_9UVE(1):B,0.1103563159704208
8S83(1):C_9LPG(1):A,0.0051195793785154
9UX0(1):A_9RMM(1):C,0.0010943182278424
9U8R(1):A_8TYX(1):B,0.0050455383025109
8VEO(1):B_9G87(1):A,0.0051281009800732
8I8Y(1):A_8JMR(1):A,0.0059449598193168
8S05(1):A_9V8I(1):B,0.0143022956326603
8U6H(1):A_9X2R(1):A,0.0010327720083296
9BIY(1):B_8ZHT(1):A,0.0078260414302349
9BGL(1):B_9C10(1):B,0.001129574724473
8BRS(1):B_8FE8(1):B,0.0064232386648654
8TYS(1):A_21ZX(1):F,0.0018595744622871
9E1J(1):B_9EYU(1):A,0.0153630468994379
8RQZ(1):C_8RIU(1):C,0.0021718472708016
8RZZ(1):C_9E15(1):A,0.976510524749756
9ZLL(1):E_8R7A(1):B,0.0005717144231311
8T0P(1):B_8SJJ(1):C,0.557595431804657
8RJA(1):F_9K1L(1):B,0.0049653351306915
8OWS(1):A_8ZD3(1):A,0.8993557691574097
9IKB(1):C_9GCO(1):C,0.001820926554501
8QHN(1):A_8HHJ(1):B,0.0024931237567216
8JI9(1):A_9ZDM(1):A,0.0049209925346076
8IGD(1):B_8TYS(1):A,0.8899754881858826
9B7D(1):B_8HHJ(1):A,0.0003963463823311
9OMD(1):I_8T9P(1):B,0.760781466960907
9MOJ(1):C_9RMM(1):C,0.0007036236929707
8J48(1):B_8GJU(1):H,0.0014043308328837
8VUM(1):B_8VUM(1):A,0.9686992168426514
9UVE(1):B_9MOJ(1):B,0.0059557817876338
8VUF(1):B_9X2R(1):A,0.001850271015428
9H9V(1):D_8C4Z(1):B,0.001184410881251
8HR0(1):B_9VO5(1):A,0.0012175111332908
9GCO(1):B_21ZX(1):F,0.0611656457185745
8HFP(1):C_8HR0(1):B,0.000280736159766
8SNK(1):B_9MOJ(1):B,0.4301685988903045
21VU(1):A_9HLO(1):A,0.0085724219679832
9X2R(1):B_9K3E(1):B,0.0689824447035789
9KAH(1):A_8CM0(1):A,0.0173269975930452
8GJU(1):H_9RGL(1):A,0.6737634539604187
8GMH(1):D_8GMH(1):B,0.0965026542544364
8TYX(1):B_8S1X(1):A,0.0013380042510107
8VUF(1):A_8T9O(1):B,0.0014173492090776
9BAE(1):A_8VUF(1):A,0.0024344793055206
9VZY(1):D_8BGM(1):B,0.0009245538385584
9JM8(1):A_9LP2(1):C,0.0008195848786272
8Y77(1):B_9IKB(1):B,0.0031672238837927
8TK9(1):B_8T9P(1):B,0.0014916186919435
8HFP(1):C_9VLL(1):A,0.0296637658029794
9K3E(1):C_9X2R(1):A,0.004534869454801
8CM0(1):B_9H9V(1):G,0.0005334675079211
9E15(1):B_9E15(1):A,0.0014242471661418
9DK1(1):B_8SSM(1):C,0.923961341381073
9MOJ(1):B_9H9V(1):F,0.0007612431072629
8GMH(1):D_8G0P(1):A,0.0015953393885865
9PCA(1):A_8G0P(1):B,0.0009652159642428
8PFC(1):A_8PQQ(1):A,0.0063873706385493
9KW6(1):C_8Z22(1):C,0.0017020733794197
9ZDM(1):B_8BRS(1):B,0.000504367693793
8VUM(1):B_8GJU(1):A,0.0073827891610562
9ZDM(1):A_8FCC(1):B,0.0024302860256284
8BGM(1):B_8ZHT(1):B,0.000424016470788
9BT4(1):A_8T9O(1):B,0.0013503027148544
9LPG(1):E_8IH8(1):A,0.0013609617017209
8I2E(1):B_8I2E(1):A,0.0050560217350721
8HR0(1):B_9ST4(1):H,0.0015087114879861
8ONW(1):E_8HXI(1):B,0.9951565861701964
9BKX(1):D_9G87(1):B,0.0005796992918476
9BKX(1):d_9E1J(1):B,0.009110196493566
9U8R(1):G_9NTN(1):A,0.0016341818263754
8CM0(1):A_9DCZ(1):A,0.0026378713082522
9AVF(1):B_9VZC(1):A,0.0021174296271055
9LP2(1):A_9PR8(1):C,0.0078084268607199
8XSU(1):C_9ZLL(1):D,0.0812215805053711
9HLS(1):B_8RP1(1):AAA,0.0021102882456034
9UDL(1):B_9IZ3(1):B,0.0017043127445504
8TK9(1):A_8GMH(1):B,0.0011879671365022
8UH1(1):B_8RIU(1):C,0.0104543222114443
8Q2E(1):B_9MOJ(1):C,0.0039715492166578
8HXI(1):A_9H7Y(1):B,0.006899697240442
9K3E(1):C_9ILT(1):G,0.0006665409309789
8XYF(1):B_21VU(1):A,0.9945834279060364
9UDL(1):A_9UB9(1):A,0.011864804662764
8BRS(1):A_9UX0(1):A,0.0062583526596426
8UAI(1):C_8BFI(1):C,0.0003966094227507
8R3A(1):A_8PF5(1):B,0.0311771351844072
8Q66(1):A_8S1X(1):A,0.0032749758101999
9P3F(1):A_9IKB(1):C,0.0003667769196908
9P3J(1):A_9V8I(1):B,0.9620987176895142
8ZVX(1):B_8I3F(1):B,0.0083635849878191
8QL1(1):B_9ZDM(1):B,0.0091005899012088
8HXI(1):B_8HXI(1):A,0.0004987673601135
8WOK(1):B_8IH8(1):A,0.0032330669928342
8WHH(1):E_9W3A(1):A,0.0011492512421682
9KAN(1):A_8PF5(1):D,0.0007746071205474
8IH8(1):A_8XT8(1):A,0.0694800466299057
9ILT(1):C_8U6H(1):B,0.0028859889134764
8R7A(1):B_9NSD(1):B,0.8827080130577087
9MOJ(1):B_8HS8(1):A,0.0046897171996533
9RK9(1):B_9RK9(1):A,0.0015232008881866
8U6D(1):B_9DD1(1):C,0.0021565083879977
9ILT(1):F_9ST4(1):A,0.0082556726410985
8BWV(1):A_9UDL(1):B,0.00155927229207
8HDD(1):C_8HDD(1):B,0.9116668701171876
8CB2(1):BBB_8YRE(1):D,0.0645932033658027
8T9P(1):A_9BKX(1):d,0.0073035871610045
8QL1(1):B_8Q03(1):A,0.0007042865036055
9U8Q(1):G_8FFX(1):B,0.0069822194054722
9BAE(1):B_9I25(1):A,0.0069924294948577
9ZLL(1):E_8RJA(1):F,0.0069955764338374
9EAE(1):C_9BT4(1):B,0.0010990116279572
8TYS(1):A_8ROJ(1):B,0.0011679367162287
8C26(1):B_8GMH(1):C,0.0010581939714029
8STS(1):A_9LEW(1):A,0.0004164681013207
8RPP(1):A_9PR8(1):A,0.8986148238182068
8BRT(1):A_8STP(1):A,0.0014047594740986
8T9P(1):B_8TWD(1):A,0.9461500644683838
9ZEE(1):B_9HBL(1):A,0.0239304844290018
9K1U(1):B_8VLM(1):B,0.0007806895882822
8FE8(1):B_8G0K(1):B,0.0018034445820376
8Q66(1):A_9L5U(1):C,0.0005017749499529
9JDD(1):B_8FUM(1):C,0.0017928632441908
8T6C(1):C_9UDL(1):A,0.0066888257861137
8BFI(1):C_8BFI(1):B,0.0043901498429477
8YRE(1):D_9P3F(1):A,0.002744291210547
9DCZ(1):B_9OMD(1):I,0.0004854597209487
8HXI(1):A_9HAC(1):A,0.9381688833236694
8T9O(1):B_8I3F(1):B,0.002844460774213
8U6H(1):B_9HAD(1):B,0.0007522337255068
8WHM(1):A_8XEH(1):E,0.0358527638018131
8JMR(1):B_8U6H(1):A,0.0031783927697688
8GJU(1):H_8GJU(1):A,0.0008851973689161
9RMM(1):C_9RK9(1):A,0.0006568068056367
8R7D(1):A_9QAA(1):A,0.0016117371851578
9UB9(1):B_9KUE(1):A,0.9969037175178528
8FUM(1):C_8C0J(1):A,0.0813127383589744
8WHL(1):E_8PEL(1):E,0.0016402252949774
9ZLL(1):D_8PEL(1):E,0.0008345855167135
9NTO(1):B_8VUF(1):A,0.5799299478530884
8Q2E(1):C_9P3F(1):A,0.0005107535398565
8WT4(1):B_8TWD(1):C,0.0009632233995944
8OW6(1):B_8RZZ(1):A,0.1720350533723831
8GM8(1):A_9C10(1):A,0.0061667151749134
9H9V(1):F_9H9V(1):B,0.0009556649602018
8U6N(1):B_9MNO(1):A,0.0028485329821705
8I3E(1):B_8P9U(1):A,0.0011606783373281
8JI9(1):A_9CCK(1):A,0.0004712680529337
9MOJ(1):B_9Z7O(1):C,0.0018081761663779
8U6G(1):A_9BIY(1):A,0.0029717627912759
9FN0(1):A_9ILT(1):E,0.0038315807469189
8ONW(1):C_8CM0(1):B,0.0032294304110109
9VO5(1):A_9ZBE(1):A,0.0009971628896892
9C10(1):A_9GAI(1):C,0.0067906198091804
9J9W(1):A_9L5U(1):C,0.02091053314507
8TK9(1):B_8U6F(1):B,0.001880811410956
9WBE(1):A_9UDL(1):B,0.0045205112546682
8YN0(1):D_8ZVX(1):B,0.0004855870502069
9KZL(1):A_30KX(1):D,0.0020827786065638
9KUE(1):A_9PHV(1):A,0.000484567717649
9MZ5(1):B_8UH1(1):A,0.000218649249291
8OUA(1):A_21VU(1):A,0.0026580162812024
8UF4(1):A_8FCC(1):A,0.0060779224149882
8XSU(1):D_8XSU(1):C,0.0075970529578626
8HFP(1):C_9PZK(1):B,0.0061417906545102
8I3F(1):A_8ZA7(1):B,0.070646695792675
8HR0(1):C_8C4X(1):A,0.0007115856278687
8I8Y(1):B_8I3F(1):A,0.9890307784080504
8STU(1):B_9VO5(1):B,0.5888839960098267
9VO5(1):B_8IH8(1):A,0.0005072256899438
9UDL(1):A_8HFP(1):C,0.0035297607537359
9B7D(1):B_8BOZ(1):B,0.9569701552391052
9ILT(1):F_8Z22(1):B,0.0023517399094998
8JI9(1):B_9PZK(1):B,0.0006204353412613
9AVF(1):A_8S83(1):B,0.9309101104736328
8U45(1):A_9ZLL(1):F,0.0042105107568204
9ILT(1):E_8I2E(1):B,0.0064082769677042
8I3E(1):C_9GCO(1):B,0.0100900148972868
9K1L(1):A_8VUF(1):B,0.0005715929437428
9L6B(1):B_9KAH(1):A,0.0026087812148034
8R7D(1):A_8RJA(1):F,0.0004999096854589
8IE2(1):A_9U8R(1):G,0.024953169748187
8C0J(1):B_8S83(1):C,0.003778111655265
8Q2E(1):B_9F79(1):C,0.0011154487729072
8BFI(1):B_8XTA(1):A,0.9878031611442566
11LJ(1):C_11LJ(1):A,0.0006998669123277
8T9P(1):A_30KX(1):E,0.0027303111273795
8QNQ(1):A_8TK9(1):A,0.0003931998217012
9L5U(1):C_8XEH(1):A,0.0003778020909521
8TYX(1):B_9DOD(1):A,0.0020830333232879
9H9V(1):A_8CB2(1):BBB,0.9595202803611756
8FUM(1):C_8ZVX(1):A,0.0033728145062923
8ONW(1):C_9RK9(1):B,0.0037481791805475
9L6B(1):B_9VZY(1):D,0.021238874644041
9R2Z(1):B_8ORN(1):A,0.0003667304117698
9KAN(1):B_9DCZ(1):B,0.0007431757403537
9L5U(1):A_9OMD(1):C,0.0017183584859594
9GWJ(1):D_8RJA(1):E,0.001373870531097
8G0P(1):B_9JDI(1):A,0.0016512082656845
8BRT(1):B_8FCC(1):A,0.0449553951621055
9W3A(1):E_9W3A(1):A,0.2689054906368255
8WHI(1):F_8BGM(1):A,0.0055544427596032
9G8U(1):A_9F79(1):A,0.0010515863541513
8X3G(1):C_8Q2E(1):C,0.0032467441633343
9ZDM(1):A_9I25(1):A,0.0044182757847011
9BT4(1):E_8OWS(1):A,0.0005406270502135
9RMM(1):C_8I2F(1):A,0.0016191492322832
8U6G(1):B_9Q1H(1):A,0.0006744279526174
9J9W(1):B_9HNG(1):A,0.0081304097548127
8VLM(1):B_9OLQ(1):A,0.0008282662020064
8T19(1):A_9UX0(1):A,0.0557439960539341
8C4X(1):B_8PEL(1):C,0.0003594002046156
21VU(1):A_9DCZ(1):A,0.1199149042367935
8ONW(1):D_8SSM(1):B,0.0066990228369832
8VEO(1):A_8FUM(1):C,0.002211091807112
9ST4(1):A_9ST4(1):H,0.0017165867611765
9UB9(1):A_9E1J(1):A,0.0020682080648839
8IGD(1):C_8SJJ(1):A,0.002285674214363
9GAI(1):D_9GAI(1):B,0.9324865341186525
8VLM(1):A_8EZR(1):A,0.0007881355704739
8U6D(1):A_8BRQ(1):A,0.0019599483348429
8C4X(1):B_8PU1(1):B,0.0010412625269964
9CCK(1):C_8PF5(1):D,0.0008742103236727
8WHH(1):E_8CB2(1):BBB,0.0010747623164206
8PEL(1):D_8TYX(1):B,0.0011369819985702
8YN0(1):D_9L7W(1):A,0.0019322673324495
8XEH(1):E_8WHI(1):F,0.0021911291405558
8XEH(1):E_9NTO(1):A,0.001212780829519
9H9V(1):A_9MZ5(1):B,0.007914749905467
8YNX(1):B_8U6H(1):A,0.0023760476615279
8VLM(1):B_8C4X(1):B,0.0028641077224165
9JDD(1):A_8GMH(1):D,0.0021451101638376
8BRQ(1):A_8ZHT(1):A,0.0008689474780112
8GJU(1):A_8ORN(1):A,0.0078329946845769
8U6H(1):A_9V8I(1):B,0.14699187874794
9HAC(1):A_8C4X(1):A,0.0056719062849879
9HBL(1):A_8ONW(1):D,0.0074706678278744
9DCZ(1):A_8GMH(1):C,0.9009562134742736
8Y96(1):C_8STS(1):B,0.0013410067185759
9VZY(1):A_8ROH(1):B,0.000940931320656
9T38(1):A_8JMQ(1):A,0.0010987258283421
8BWV(1):A_9RK9(1):A,0.0019410323584452
8VLM(1):B_9MYR(1):B,0.1600606888532638
9T38(1):B_9PCA(1):A,0.0007728300988674
8Y2Z(1):A_8EZR(1):A,0.0431550294160842
8STS(1):A_8C0D(1):B,0.0054095778614282
9L5U(1):A_8Q2E(1):B,0.0013129275757819
9I25(1):C_8ZVX(1):B,0.0015575924189761
8ROJ(1):B_9RMM(1):A,0.0016904972726479
30KY(1):C_8Z22(1):B,0.0006760737742297
8BRR(1):B_9ILT(1):F,0.0059360787272453
8BRT(1):A_9HLS(1):A,0.0014106828020885
8RYI(1):B_8RYI(1):A,0.000947997381445
8JMR(1):B_9J4P(1):A,0.0008453158661723
8PF5(1):C_8VUF(1):A,0.0006390424678102
9ZLL(1):E_8XEH(1):A,0.9869322180747986
9PCA(1):B_9PCA(1):A,0.0015125710051506
8S1X(1):A_9BT4(1):A,0.0041277869604527
8SNK(1):B_8Q2E(1):C,0.0005762881482951
9H5R(1):A_9H9V(1):A,0.9911434650421144
9MYT(1):A_8Y2Z(1):B,0.0019738906994462
8HHJ(1):A_8J48(1):B,0.0139395724982023
8HR0(1):B_9PCA(1):B,0.0005441748653538
8I2F(1):A_9JDI(1):C,0.0002479519171174
9IZ3(1):A_9H7Y(1):A,0.0064383074641227
8Q66(1):B_9NSD(1):B,0.0016059797490015
9G87(1):A_9HBL(1):B,0.0028008325025439
8T6N(1):H_8T6N(1):A,0.0028795360121876
9PZK(1):B_9UTY(1):B,0.0017236474668607
8XYF(1):B_8ZVX(1):B,0.9452653527259828
9H9V(1):D_8SNK(1):I,0.0854140594601631
21VU(1):A_8QHN(1):D,0.0037756892852485
8I8Y(1):A_8VUF(1):B,0.0027082851156592
9BAE(1):B_9BIY(1):A,0.5497413873672485
8IH8(1):C_9G8U(1):B,0.986603617668152
8HR0(1):B_9EAV(1):A,0.0015355180948972
8I3E(1):B_8G0P(1):B,0.000896061246749
9U8Q(1):A_9IKB(1):B,0.0157700926065444
9M3I(1):D_8Q66(1):A,0.0028304765000939
8Z22(1):B_8U6G(1):B,0.0014556298265233
9OK4(1):B_8S83(1):C,0.0603120066225528
8Y96(1):C_9GCO(1):B,0.0192003715783357
9H7Y(1):A_8Y2Z(1):A,0.0004961023805662
9J4P(1):B_9F79(1):A,0.0016182261751964
8FFX(1):A_8T6N(1):H,0.065497450530529
8ZD3(1):B_9ILT(1):A,0.0037900637835264
9DOD(1):A_9K1L(1):B,0.0053039724007248
8T19(1):B_8VLM(1):B,0.6425620913505554
8C0D(1):C_8C0D(1):A,0.0006148199317976
8XTA(1):A_9Z7O(1):A,0.648093581199646
8R7D(1):B_8R3A(1):A,0.0012159113539382
9UX0(1):A_9T38(1):A,0.0006569867837242
8SSM(1):B_9VLL(1):A,0.0034799829591065
9GWJ(1):C_8SNK(1):I,0.0043317466042935
8STU(1):B_8VUF(1):B,0.0126796020194888
9PZK(1):B_9H7Y(1):A,0.9959012866020204
9U8Q(1):A_9JDD(1):A,0.001598636736162
8EY4(1):A_8EY4(1):I,0.0007607318693771
9NSD(1):G_8C0D(1):C,0.0022465172223746
8RP0(1):AAA_8OUA(1):A,0.0011196198174729
9E1J(1):B_8PFC(1):A,0.087568812072277
9JM8(1):B_8ZVX(1):A,0.0010235416702926
9ZCS(1):B_8R7D(1):B,0.0017206905176863
8IE2(1):E_8OUA(1):A,0.0011016636854037
9ZEE(1):A_9G87(1):B,0.0033320768270641
8GMH(1):B_8VLM(1):B,0.0049841590225696
9EYU(1):A_9MNO(1):E,0.054206445813179
8FAR(1):A_9KW6(1):C,0.0020084918942302
8PF5(1):C_8R7D(1):A,0.0165561102330684
9DK1(1):B_8PEL(1):G,0.0014962350251153
9HAD(1):C_8BGM(1):A,0.0009333951165899
8HHJ(1):B_9EAV(1):A,0.9654852747917176
8FFX(1):B_8FFX(1):A,0.0012771076289936
9R2Z(1):B_9R84(1):A,0.025270665064454
8RIU(1):C_8RIU(1):B,0.0006371945491991
8OWS(1):A_9L7W(1):B,0.9801166653633118
9HAE(1):B_9J4P(1):A,0.0036420519463717
8RP1(1):CCC_8RP1(1):AAA,0.002284709829837
8U6F(1):B_8WHM(1):A,0.0013767128111794
9MZ5(1):C_9H9V(1):C,0.7120859622955322
8BRT(1):A_8GM8(1):A,0.0058534946292638
8JMQ(1):B_8TYS(1):A,0.0009341829572804
8ZVX(1):A_8VUM(1):B,0.0004344921326264
9HAC(1):A_21VU(1):H,0.001109191798605
8JI9(1):B_8JMR(1):B,0.0013273091753944
9BKX(1):d_8XYF(1):A,0.0033569370862096
9GAI(1):A_9HNG(1):B,0.0015195524320006
8EY4(1):A_8HDD(1):B,0.0010451741982251
9JDI(1):C_9JDI(1):A,0.0572828873991966
9PZK(1):B_8VET(1):B,0.0013663721038028
8QL1(1):A_8T0P(1):B,0.0283739194273948
9BGL(1):B_9IKB(1):B,0.0020190973300486
9ZCS(1):B_8C4X(1):B,0.0026724392082542
9GZQ(1):B_9VLL(1):A,0.0678125023841857
8YNX(1):A_8RQZ(1):C,0.0020405263639986
8CB2(1):BBB_9MYT(1):B,0.9943497776985168
8UF4(1):A_9HAE(1):B,0.0012982473708689
8T9P(1):B_9Q9V(1):B,0.0005727119860239
9RK9(1):B_8R7A(1):B,0.0042297793552279
8JMR(1):B_8C26(1):B,0.0019978086929768
9UVD(1):C_8RJA(1):E,0.0079033048823475
9IKB(1):B_9GAI(1):C,0.0306602250784635
8J48(1):D_8ROJ(1):B,0.0140785630792379
9QAA(1):B_9MZ5(1):B,0.4002833366394043
9X2R(1):B_9ST8(1):A,0.0033628530800342
8BWV(1):A_30KX(1):E,0.0037316083908081
8G0P(1):A_9DOD(1):A,0.0043931412510573
8PFC(1):A_8HFP(1):A,0.0019584591500461
8XUD(1):A_8I3E(1):B,0.0007284290040843
9HAD(1):C_8BGM(1):B,0.0138998618349432
9UVD(1):C_8J48(1):B,0.0004449316184036
8Y96(1):A_8G0P(1):B,0.9870396256446838
9KUE(1):C_8XSU(1):C,0.0072212070226669
9L6B(1):B_9SJ6(1):A,0.0007622111006639
8G0P(1):B_8G0P(1):A,0.0032696039415895
9L6B(1):B_8ORN(1):A,0.0007364176562987
9UVD(1):B_9ST4(1):A,0.0012328416341915
9ILT(1):E_9ILT(1):A,0.0405492596328258
30KX(1):D_9HAD(1):B,0.5163292288780212
9H9V(1):B_8SSM(1):B,0.0008938389364629
8PEL(1):E_8QNL(1):C,0.0004534834588412
9PHV(1):D_8EZR(1):A,0.0110453180968761
9JDD(1):A_8R7A(1):A,0.0002768802805803
9EA8(1):B_9BGL(1):A,0.0038814884610474
8FZZ(1):B_8HS8(1):A,0.982876479625702
8S2M(1):A_9J9W(1):A,0.0010726490290835
9P3F(1):B_9VZY(1):D,0.0040488042868673
8RZZ(1):A_8ONW(1):B,0.0010762279853224
12NP(1):A_30KX(1):D,0.0006451116641983
9UVD(1):C_9KAH(1):C,0.1654527932405471
8SNK(1):B_9EAE(1):A,0.0131557332351803
9KUE(1):A_8ROJ(1):A,0.9251920580863952
8OWS(1):A_8ZA7(1):A,0.6841564774513245
9UVD(1):C_8Y2Z(1):B,0.8213055729866028
8HHJ(1):B_9G87(1):B,0.0026140182744711
9GAI(1):A_8ONW(1):F,0.8339875340461731
8JI9(1):B_8JI9(1):A,0.0422824397683143
8ONW(1):E_8TYX(1):B,0.000813522725366
8WHI(1):A_8ZHT(1):A,0.0013684545410797
8VET(1):A_9UB9(1):B,0.172702670097351
8U6N(1):B_8WT0(1):B,0.0156910065561532
9ERV(1):A_8BFI(1):C,0.0447418503463268
9VLL(1):B_8PU3(1):C,0.001731154625304
8PEL(1):E_9F26(1):C,0.002710523083806
8RYI(1):B_9ZBE(1):B,0.000365047424566
8HDD(1):B_8JMQ(1):B,0.0050541036762297
8BRQ(1):A_9ZBE(1):B,0.0919505134224891
9S6C(1):A_8BRS(1):B,0.0010899697663262
8U6N(1):A_8GMH(1):D,0.0037457461003214
8XYF(1):A_9Z7O(1):A,0.0019823366310447
9MYT(1):B_9ERV(1):A,0.004914503544569
8FCC(1):B_8FCC(1):A,0.0022199577651917
9U8R(1):G_8PUT(1):E,0.0130397388711571
8I8Y(1):B_8ROJ(1):A,0.0038470330182462
9SDC(1):C_9ST4(1):H,0.9805926084518432
9L6B(1):A_9SJ6(1):C,0.0023436774499714
8BGM(1):A_8WT4(1):A,0.1499385237693786
8J49(1):A_8Y2Z(1):B,0.0006757694063708
8VEO(1):A_8RPP(1):D,0.0019577585626393
12NP(1):C_8FUM(1):D,0.9878750443458556
9ZEE(1):A_8P9U(1):C,0.0043252380564808
8FBD(1):B_8IE2(1):E,0.001587345264852
9T38(1):B_9T38(1):A,0.0125951981171965
8IE2(1):A_8QHN(1):A,0.015818502753973
9ILT(1):C_9UVE(1):B,0.0034822111483663
8CB2(1):AAA_8J48(1):B,0.0019149564905092
8UH1(1):B_9P3J(1):A,0.0006814704393036
8G0P(1):B_8RPP(1):D,0.0007387321675196
8BWV(1):B_9HLS(1):B,0.0013490559067577
8ROH(1):B_8U6G(1):A,0.0018802206031978
8C4X(1):A_8C4X(1):B,0.0004964564577676
8J49(1):A_8RP1(1):CCC,0.0029548103921115
8T6N(1):H_8YRE(1):A,0.0009223720990121
9WAQ(1):B_8I8Y(1):B,0.0083956597372889
21VU(1):H_8HS8(1):C,0.0080105531960725
9HBL(1):B_9VO4(1):A,0.0006951747927814
8BGM(1):A_8ONW(1):B,0.0055474704131484
9HAE(1):B_9IZ3(1):B,0.4149844944477081
9R2Z(1):A_9R2Z(1):B,0.001357092987746
8FUM(1):C_8Z22(1):B,0.00169662758708
12NP(1):A_8R7D(1):B,0.0028707503806799
8ORN(1):B_9DCZ(1):A,0.0032460482325404
8BRQ(1):A_9KW6(1):A,0.0009525474160909
8Y2Z(1):A_8T19(1):A,0.0026075690984725
9KAN(1):A_8T0P(1):B,0.0003289390879217
9JM8(1):B_30KY(1):C,0.0018291492015123
9RGL(1):F_9HLS(1):A,0.0505581833422184
8ZA7(1):B_9T38(1):B,0.0759726166725158
8HFP(1):C_9UVE(1):B,0.0369597747921943
8RYI(1):B_8FAR(1):B,0.0156498476862907
9UB9(1):A_8FCC(1):B,0.0007458449108526
9JDD(1):A_8HHJ(1):A,0.0084868194535374
8PQQ(1):C_8WT4(1):B,0.0003906422061845
8PEL(1):F_8BRQ(1):A,0.9897421598434448
9EAV(1):A_8PQQ(1):C,0.9181905388832092
8STS(1):A_9UDL(1):B,0.7984922528266907
9J4P(1):A_8TK9(1):A,0.0027439766563475
8XYF(1):B_8R7A(1):A,0.0019574696198105
8CM0(1):A_8GJU(1):A,0.8081287145614624
8K0H(1):B_9H7Y(1):A,0.0301875695586204
8FCC(1):A_9EA8(1):A,0.0048743328079581
8U6G(1):A_9RGL(1):A,0.0076138349249958
8RP0(1):AAA_9L5U(1):C,0.992315113544464
21VU(1):H_9ERV(1):A,0.0018152464181184
9PHV(1):D_9M3I(1):D,0.0035994274076074
8UAI(1):B_9K1L(1):B,0.8831356763839722
9ZCS(1):A_8J49(1):B,0.0016204409766942
8C0D(1):A_9P1C(1):A,0.0714167281985282
9P3F(1):B_9GZQ(1):B,0.0034068885724991
8PF5(1):C_9L6B(1):B,0.0008191803935915
8C0D(1):A_9BT4(1):B,0.0979807898402214
9MOJ(1):C_8I3F(1):B,0.0014286437071859
9L6B(1):A_8G0P(1):A,0.0004360240127425
8PU3(1):C_9R84(1):A,0.0031704097054898
9UTY(1):A_9IKB(1):G,0.0011823142413049
9NTO(1):B_9NTO(1):A,0.003392755286768
8FBD(1):B_8R7D(1):A,0.0192964654415845
9G87(1):B_9ILT(1):D,0.0819072425365448
9SJ6(1):C_8Q2E(1):C,0.130992129445076
9IZ3(1):B_8SSM(1):B,0.0085331201553344
9HBL(1):A_9JWA(1):A,0.0061420178972184
9WAQ(1):B_9RMM(1):A,0.048967819660902
8OUA(1):A_8HCI(1):A,0.0017388899577781
9PCA(1):A_9OLQ(1):B,0.0129872262477874
8YNX(1):B_8S1X(1):B,0.0044623385183513
8XSU(1):D_9EAE(1):C,0.0013428189558908
8SJJ(1):C_9VNJ(1):A,0.0036576110869646
8ZVX(1):B_9ERV(1):B,0.0342970192432403
9HNG(1):B_8T19(1):A,0.0016727979527786
9IKB(1):G_8BOZ(1):B,0.0014751281123608
9UB9(1):A_8HS8(1):C,0.0176572948694229
9R2Z(1):A_8SJJ(1):A,0.0068665440194308
8HDD(1):C_9H5R(1):A,0.0103867659345269
8JMR(1):B_8UAI(1):A,0.0021293740719556
8TYX(1):A_9E1J(1):A,0.0011808949057012
9GCO(1):C_8GJU(1):A,0.000710017804522
8XT8(1):A_8QHN(1):D,0.0004262316506356
8VLM(1):A_8BGM(1):A,0.9632038474082948
8HHJ(1):A_8CRA(1):A,0.8782398700714111
8PQQ(1):A_8TWD(1):C,0.6481367945671082
8RZZ(1):C_8XEH(1):E,0.0042896294035017
8U6G(1):B_8ROI(1):B,0.0009737497894093
8FZZ(1):A_9BIY(1):B,0.005820092279464
9X2R(1):A_8PU1(1):A,0.0011396756162866
8T6N(1):A_9M3I(1):A,0.004267050884664
9GAI(1):A_8C4Z(1):A,0.002148161875084
9ZLL(1):E_8CN3(1):B,0.001699166256003
8PU1(1):B_9UB9(1):B,0.0028992525767534
8U6H(1):A_8SJJ(1):C,0.00172026141081
9F26(1):A_8ZD3(1):B,0.0453237779438495
9J4P(1):B_9BT4(1):E,0.0222831740975379
8BRR(1):A_8QNL(1):C,0.0016026977682486
9MOJ(1):C_9MOJ(1):B,0.0015724546974524
8Y2Z(1):B_8IH8(1):A,0.0132218692451715
8JMR(1):B_8Q2E(1):A,0.012106486596167
8RP1(1):CCC_21ZX(1):F,0.0025931443087756
8CRA(1):E_8GJU(1):A,0.0955521687865257
8U6F(1):A_9H9V(1):E,0.0008866962161846
9ERV(1):A_8XT8(1):A,0.0014738510362803
9NTN(1):G_9NTN(1):A,0.0044899187050759
9S6C(1):C_9SJ6(1):A,0.0006924083572812
9PCA(1):A_9LEW(1):A,0.8356597423553467
8Y2Z(1):B_8GM8(1):B,0.0006680825608782
9IKB(1):C_8XUD(1):I,0.0008356610196642
11LJ(1):C_8QL1(1):A,0.9393343329429626
8EZR(1):A_8P9U(1):A,0.0021639356855303
9VO5(1):A_9EAE(1):A,0.0023306035436689
9KO8(1):A_9E15(1):A,0.0025539121124893
9BT4(1):E_9IZ3(1):A,0.001411116332747
9BGL(1):B_8EZR(1):B,0.0065651633776724
8HCI(1):A_9IKB(1):G,0.0005675761494785
9ILT(1):G_8ORN(1):B,0.0010868086246773
8ZD3(1):A_8Y77(1):A,0.0005059981485828
8CN3(1):B_8I3E(1):C,0.0015271998709067
9ST4(1):A_9GWJ(1):C,0.0360857099294662
8C0D(1):C_8C0D(1):B,0.0007043501827865
8R3A(1):B_8XT8(1):B,0.0002741329954005
9M3I(1):D_9M3I(1):A,0.1275122761726379
9EYU(1):A_9LPG(1):A,0.0035620164126157
8UAI(1):A_8T9O(1):B,0.0024710569996386
9U8Q(1):G_9WAQ(1):A,0.1143496856093406
9BKX(1):d_9JDD(1):B,0.957692325115204
9SJ6(1):C_8QHN(1):A,0.0004353783733677
9LPG(1):A_9I25(1):C,0.0007763936300761
8RIU(1):B_9DOD(1):B,0.0175231304019689
8R3A(1):B_8U6F(1):A,0.0031958962790668
8Y96(1):A_9LEW(1):B,0.0021737525239586
8G0K(1):B_21ZX(1):C,0.9721855521202089
21VU(1):H_21VU(1):A,0.0011298792669549
9RMM(1):A_8RIU(1):C,0.0004595618520397
8U6D(1):B_8CN3(1):B,0.0248353835195302
8QL1(1):A_9NTO(1):A,0.0083383098244667
9UB9(1):B_8OUA(1):A,0.0579292774200439
9ZCS(1):A_8J64(1):B,0.0012719066580757
8BRQ(1):B_8JDI(1):A,0.0019797969143837
9H7Y(1):A_8STP(1):A,0.0004552377795334
8ROJ(1):A_8RYI(1):A,0.0078133968636393
8GM8(1):A_9B7D(1):A,0.0086118020117282
9L5U(1):C_9GAI(1):C,0.0014311668928712
8Y2Z(1):B_9KAN(1):A,0.0037825042381882
8PU3(1):A_8ONW(1):E,0.0031437308061867
21VU(1):H_8FCC(1):B,0.0152541995048522
8WOK(1):A_30KY(1):C,0.0006972209666855
9J9W(1):A_8T0P(1):B,0.0030254854355007
8WHL(1):A_8PU1(1):A,0.0088261635974049
8STU(1):B_8CB2(1):AAA,0.0083198528736829
9UB9(1):A_8BFI(1):C,0.0015139089664444
9KO8(1):C_8K0H(1):A,0.0039039240218698
8Q66(1):B_9HAC(1):B,0.0084640430286526
9ILT(1):F_9ILT(1):D,0.0004055716563016
8C0J(1):A_9ST8(1):A,0.0037907354999333
8FUM(1):C_9ILT(1):G,0.0010448298417031
9GWJ(1):D_9GWJ(1):C,0.0037200874648988
8JDI(1):E_8J09(1):B,0.0013334174873307
8C26(1):A_9NTN(1):A,0.0490993745625019
8R3A(1):B_9SJ6(1):A,0.0020576105453073
8T19(1):A_8HDD(1):A,0.0004913674201816
8RIU(1):C_8PEL(1):G,0.0006974505959078
9UVD(1):C_8FUM(1):D,0.0058421371504664
8PF5(1):B_9ZCS(1):A,0.0005463981069624
8XUD(1):I_8RP1(1):AAA,0.0012229849817231
8HHJ(1):A_8Y96(1):C,0.0033596695866435
9C10(1):B_8R7A(1):B,0.0023200411815196
9K1L(1):B_8EY4(1):I,0.9700417518615724
9CCV(1):B_9IZ3(1):B,0.0033766794949769
9BIY(1):B_8UAI(1):A,0.0135833900421857
8T9O(1):A_8ZVX(1):B,0.0007516472833231
8R7A(1):B_8R7A(1):A,0.0009224745444953
9E1J(1):A_8RJA(1):F,0.0010373707627877
8FUL(1):A_9ZBE(1):B,0.0018302001990377
8FBD(1):A_8QL1(1):B,0.0006910391966812
9HAC(1):B_8OWU(1):D,0.0006793645443394
9M3I(1):C_8U6N(1):A,0.0026499219238758
8RQZ(1):C_8HR0(1):B,0.0060078203678131
9UVD(1):C_9G87(1):B,0.0061447015032172
8HR0(1):B_12NP(1):A,0.0011260074097663
8CM0(1):B_8PFC(1):B,0.001258026342839
9VO5(1):B_8QNQ(1):A,0.0040105353109538
9VO5(1):A_9BIY(1):A,0.0020617768168449
9BT4(1):E_9BT4(1):G,0.0043325261212885
9HBL(1):B_9H9V(1):H,0.0010200599208474
8RQZ(1):C_9JM8(1):B,0.0016746232286095
8T19(1):A_8J09(1):A,0.0049782670103013
8HS8(1):C_8ONW(1):E,0.0008531602798029
8S05(1):A_8T6E(1):B,0.0198449213057756
9PR8(1):A_8QVC(1):A,0.0172919500619173
9GCO(1):B_8T19(1):A,0.4199418425559997
9NSD(1):G_8T9P(1):A,0.001040945528075
8STS(1):A_9AVF(1):B,0.000894994707778
9VLL(1):A_8STP(1):B,0.020272834226489
9CCK(1):C_8JMQ(1):A,0.000602192536462
8Q2E(1):C_9H9V(1):D,0.0011957524111494
8ORN(1):A_9LEW(1):A,0.0302376635372638
8BGM(1):B_8XUD(1):I,0.0018217692850157
8ONW(1):E_8U6G(1):B,0.0171309243887662
9F79(1):A_9KZL(1):C,0.003077644156292
9DD1(1):C_9U8Q(1):A,0.0013543848181143
9HLO(1):B_8PU1(1):A,0.0030731759034097
8J4B(1):B_9ILT(1):F,0.0005532230134122
8ONW(1):F_8RYI(1):B,0.0016522509977221
9KO8(1):C_8FCC(1):A,0.0013007288798689
8U6D(1):A_9PCA(1):B,0.0024089289363473
9VO4(1):B_8ROJ(1):A,0.0005253929994069
9BT4(1):A_8RP1(1):AAA,0.0018504011677578
8Q2E(1):C_9VLL(1):A,0.0020990688353776
8C0J(1):A_9F79(1):A,0.0020542400889098
8STU(1):B_8ROH(1):A,0.0046254969201982
9H9V(1):B_9Q9V(1):A,0.0020244803745299
9BT4(1):B_8RP2(1):AAA,0.0031671652104705
9Z7O(1):C_9DCZ(1):B,0.0031372879166156
8SNF(1):A_8I2F(1):A,0.0015798436943441
8BRQ(1):A_8BFI(1):C,0.0032180622220039
9UB9(1):A_9BKX(1):D,0.0041272891685366
8T9O(1):B_9KAH(1):A,0.0007098611677065
8Y96(1):C_8CCQ(1):A,0.0008790356223471
9GAI(1):D_9GAI(1):A,0.008527623489499
9H9V(1):A_8C0D(1):B,0.0025198033545166
8HR0(1):C_8SJJ(1):A,0.0031274447683244
8P9U(1):C_8P9U(1):A,0.0014556990936398
9LP2(1):A_9VZY(1):D,0.0782356783747673
9PZK(1):A_9CCK(1):C,0.007417463697493
8T9O(1):B_8I3F(1):A,0.001713274163194
8BRR(1):A_9KO8(1):A,0.0028425664640963
9UDL(1):A_21VU(1):H,0.0019415193237364
9MYT(1):A_9MYT(1):B,0.0022609967272728
8T6N(1):A_9ZEE(1):A,0.2445784360170364
8WHL(1):E_9F79(1):A,0.0037983164656907
9H9V(1):G_8RYI(1):A,0.0053863222710788
30KY(1):C_8GM8(1):B,0.0470829792320728
9HNG(1):B_9MZ5(1):B,0.0031217620708048
8FE8(1):B_8FE8(1):A,0.2238637953996658
9DOD(1):A_30KY(1):C,0.4563611447811126
9HAE(1):B_9EA8(1):B,0.0035467359703034
9CCK(1):A_9EAV(1):D,0.0054955226369202
8T9P(1):B_9JDI(1):C,0.0019230829784646
8HS8(1):C_9HAC(1):A,0.0094211027026176
9H5R(1):B_8QNL(1):C,0.9875617027282716
8HFP(1):A_9L7W(1):A,0.8123341202735901
9AVF(1):B_8SNK(1):I,0.0073992065154016
8FUM(1):D_8FUM(1):C,0.1638583540916443
9P3F(1):B_9G87(1):A,0.0549812167882919
8WHI(1):A_9ILT(1):A,0.0008266048971563
8C26(1):B_8OUA(1):A,0.0010836083674803
9VZC(1):B_9HBL(1):B,0.1606487929821014
9ZDM(1):A_9ILT(1):E,0.0007039174670353
9HMX(1):B_9VO4(1):B,0.000519139051903
9K1L(1):A_8P9U(1):A,0.0052709826268255
9W3A(1):A_8RPP(1):D,0.0039187190122902
9ILT(1):D_9ILT(1):C,0.0498056076467037
9GAI(1):C_9GAI(1):A,0.0013222068082541
9ZEE(1):A_8U6D(1):B,0.0014708974631503
8CCQ(1):B_8R3A(1):A,0.0037807563785463
8VUM(1):A_9RGL(1):F,0.0048519945703446
9ZLL(1):F_8VET(1):B,0.0174645949155092
8GKO(1):A_9SDC(1):C,0.0007594624185003
9KZL(1):C_9HMX(1):A,0.0004669246263802
8FBD(1):B_9GAI(1):B,0.0022375483531504
9G87(1):A_9AVF(1):B,0.0009887024061754
8ROJ(1):B_8ROJ(1):A,0.011856997385621
8PU3(1):A_8JDI(1):E,0.0006804256117902
8CM0(1):A_9RMM(1):C,0.0125313661992549
9RMM(1):C_9RMM(1):A,0.0292271189391613
9ST8(1):B_9BIY(1):B,0.5456135272979736
8RQZ(1):B_8EY4(1):I,0.4519055187702179
8U6H(1):B_8TWD(1):C,0.0043351929634809
8Y2Z(1):B_8HCI(1):A,0.0005518515827134
8R3A(1):B_9F79(1):C,0.0004798458248842
9LP2(1):C_8WHH(1):A,0.0012519628508016
9UTY(1):B_8VET(1):A,0.0020505161955952
9F26(1):C_8S83(1):C,0.0477441176772117
9BAE(1):A_9E1J(1):B,0.0060247527435421
8EZR(1):B_8JI9(1):A,0.0011541069252416
9OK4(1):B_9MNO(1):E,0.0133082438260316
8PF5(1):B_8Z22(1):B,0.062453243881464
8PEL(1):E_8OWS(1):A,0.992863118648529
9VO5(1):B_8BOZ(1):B,0.0006205060053616
8T9P(1):B_8T9P(1):A,0.0004685312451329
8T9O(1):B_8U45(1):A,0.0024212098214775
9ST8(1):A_9HAC(1):B,0.0263886041939258
8YNX(1):B_8YNX(1):A,0.0005400939262472
8P9U(1):C_8FCC(1):A,0.0017384281381964
8UH1(1):A_8RQZ(1):B,0.0030545345507562
9H9V(1):C_9X2R(1):B,0.001381958136335
9IKB(1):C_8SJJ(1):A,0.0072609218768775
9H9V(1):C_8HXI(1):B,0.048727624118328
8QNQ(1):C_8SNK(1):B,0.0010098264319822
8XEH(1):A_8XEH(1):E,0.0015456790570169
9LPG(1):E_8QVC(1):B,0.24941486120224
8ZHT(1):B_9GAI(1):A,0.0413379520177841
8XTA(1):B_8CCQ(1):B,0.0022195754572749
9G8U(1):A_9F26(1):A,0.0011397624621167
9NTO(1):B_8QL1(1):B,0.0071314191445708
8FUM(1):D_8PFC(1):B,0.0013505020178854
8WHH(1):A_9H9V(1):D,0.0019437742885202
8WT0(1):B_8WT0(1):A,0.0080327307805418
9NSD(1):G_9ERV(1):B,0.0008035781211219
21ZX(1):F_8BRT(1):A,0.0041137351654469
8C26(1):A_9BT4(1):E,0.0006874668179079
8RJA(1):F_8HCI(1):B,0.0431585311889648
8J48(1):B_9ILT(1):G,0.0004530051955953
8ROJ(1):A_8YN0(1):C,0.017118165269494
9M3I(1):C_8FBD(1):B,0.0009021427249535
8VUF(1):A_8VUF(1):B,0.014853904955089
8R7A(1):B_8FZZ(1):A,0.1551759392023086
9BKX(1):d_8VUF(1):A,0.0006929371738806
9OLQ(1):B_8S1X(1):B,0.0218704231083393
9AVF(1):B_8T0P(1):B,0.0055663152597844
8JDI(1):E_9BGL(1):A,0.0008669891394674
8UAI(1):A_8K0H(1):B,0.0013851420953869
9EAV(1):D_8X3G(1):B,0.0006420803256332
12NP(1):C_9NTO(1):B,0.0023372764699161
8QHN(1):A_9EA8(1):B,0.000975371862296
9FN0(1):A_9HAC(1):B,0.0008697111625224
8ROI(1):B_9KAH(1):C,0.2741597890853882
9BGL(1):B_8U6N(1):A,0.0012473126407712
9T38(1):A_8PEL(1):E,0.009363804012537
8QL1(1):B_8IH8(1):A,0.0275145731866359
9MOJ(1):B_9JDI(1):C,0.0008931744960136
8ZD3(1):B_8T6N(1):H,0.0032887659035623
8CB2(1):AAA_8RZZ(1):C,0.0024549479130655
8JMR(1):A_8YNX(1):A,0.00185361597687
8OW6(1):B_8ZA7(1):A,0.9969922304153442
8STU(1):A_9BKX(1):D,0.0031757019460201
8ZD3(1):B_9BKX(1):D,0.0009447049815207
9J9W(1):B_9MYR(1):B,0.0013737011468037
8RYI(1):B_8XSU(1):D,0.0692832171916961
8PU1(1):A_8STU(1):A,0.0358899496495723
8Q66(1):B_9JDD(1):B,0.0021862846333533
9UVD(1):B_8C26(1):B,0.0061860620044171
9JWA(1):A_9ST8(1):A,0.0034895706921815
8Z22(1):B_9NSD(1):B,0.0083523849025368
8ROJ(1):A_8P9U(1):A,0.0009148280951194
8JMQ(1):A_9Q9V(1):A,0.0033331681042909
8J48(1):B_9ST4(1):H,0.0020132246427237
8GMH(1):D_9VO5(1):B,0.0061048087663948
8GKO(1):C_8JMQ(1):B,0.9920132756233216
8J49(1):A_8S83(1):C,0.0006513216067105
9PR8(1):A_8GKO(1):C,0.0920662581920623
9W3A(1):A_8BWV(1):A,0.4151026308536529
9WBE(1):D_9NSD(1):G,0.010954450815916
9K1L(1):B_9GCO(1):C,0.0051386309787631
8FBD(1):A_8HXI(1):A,0.0015309907030314
8Q2E(1):A_8QNL(1):A,0.0007776498096063
9HAE(1):A_8S2M(1):B,0.002709912136197
8RPP(1):A_8RJA(1):F,0.0040062707848846
9R84(1):A_8X3G(1):C,0.0005890470929443
9S6C(1):A_9S6C(1):C,0.0012104148045182
9R2Z(1):A_8T6E(1):A,0.9143941402435304
9ILT(1):C_8JDI(1):E,0.0058024958707392
9B7D(1):A_9DOD(1):A,0.0011587352491915
9UVD(1):B_8J49(1):B,0.0016181599348783
8PF5(1):B_8ONW(1):E,0.0061683519743382
8RIU(1):B_8ZVX(1):B,0.0009406566387042
9J4P(1):B_8U6N(1):A,0.0016669876640662
9VO5(1):A_9RK9(1):B,0.0016599992522969
8FE8(1):B_9AVF(1):B,0.0122805023565888
8ORN(1):A_8CM0(1):B,0.0080163152888417
8YNX(1):A_9AVF(1):A,0.0070772757753729
9C10(1):B_9ZLL(1):E,0.0021140298340469
8SJJ(1):A_9ERV(1):B,0.0014510252512991
8EZR(1):B_9VZY(1):A,0.0010458993492648
9W3A(1):E_8IGD(1):C,0.0034043751657009
8S05(1):C_8S05(1):A,0.0016727183246985
8CM0(1):A_8GMH(1):C,0.0003518546291161
8FZZ(1):B_21ZX(1):F,0.0019933879375457
9RK9(1):B_8X3G(1):B,0.040837001055479
8HR0(1):C_8GJU(1):A,0.348268985748291
8U6F(1):B_8I3F(1):B,0.0015135089633986
8U45(1):C_8QVC(1):B,0.0021995950955897
9ILT(1):G_8IGD(1):C,0.0017788198310881
8XTA(1):B_8XTA(1):A,0.0015106106875464
8OWS(1):A_8S83(1):B,0.0029811433050781
9QAA(1):B_9LP2(1):A,0.1119050458073616
8Q03(1):C_8Q03(1):A,0.0007781775784678
9SJ6(1):C_9GCO(1):C,0.0012105260975658
9P3J(1):A_8QNL(1):C,0.0009786413284018
8GMH(1):C_8GMH(1):B,0.0010248656617477
9HLO(1):A_8S2M(1):B,0.0030157605651766
9LP2(1):A_8Y77(1):A,0.1760357171297073
9H9V(1):C_8Q2E(1):B,0.000982727156952
9GAI(1):D_8QNL(1):A,0.0205137990415096
9P3J(1):A_9E15(1):A,0.0188375450670719
8JMR(1):A_8R7A(1):A,0.0045578721910715
9GZQ(1):B_8U6H(1):A,0.0005409252480603
8GKO(1):A_9EAE(1):C,0.0014787805266678
8OWU(1):D_8OWU(1):B,0.0005851259920746
9R2Z(1):A_8Q2E(1):C,0.0008326747338287
8RYI(1):B_8UF4(1):A,0.0306235905736684
8SNF(1):A_8T19(1):A,0.0021444815210998
8CN3(1):B_8R7D(1):B,0.0032838941551744
8FAR(1):B_9IKB(1):G,0.0578580163419246
8U6H(1):A_9UX0(1):A,0.0039761336520314
8RQZ(1):C_9PHV(1):A,0.0030526055488735
9F26(1):C_9B7D(1):A,0.0104885520413517
8PEL(1):G_9MZ5(1):C,0.0013275620294734
8T9O(1):B_9X2R(1):A,0.0003477216814644
9HAC(1):B_8R3A(1):A,0.1701051592826843
8T6N(1):H_8HFP(1):C,0.0091029684990644
9HMX(1):A_8S05(1):A,0.0019949129782617
8OW6(1):A_8FFX(1):A,0.0012207319959998
9WAQ(1):B_8SNK(1):B,0.0060356361791491
9DOD(1):B_30KY(1):B,0.0020101375412195
8RIU(1):C_8GMH(1):D,0.0305136442184448
9GAI(1):C_9U8R(1):A,0.0052180388011038
8WT4(1):A_8ROH(1):B,0.0462499931454658
8ZA7(1):A_9UDL(1):A,0.002226626034826
8HR0(1):B_8Y2Z(1):A,0.0006208828417584
9JM8(1):B_8UF4(1):B,0.0258347019553184
8FBD(1):A_8HFP(1):C,0.0007148439763113
8XSU(1):D_9JDD(1):A,0.6208282709121704
9S6C(1):A_9P3J(1):B,0.0007417027372866
9HBL(1):B_9HBL(1):A,0.0053885066881775
9ZDM(1):B_9DCZ(1):B,0.002231330377981
30KX(1):E_9CCK(1):A,0.0018957233987748
8T6N(1):A_8HXI(1):B,0.0043366583995521
9L6B(1):B_9L6B(1):A,0.0125108128413558
8RPP(1):A_8T0P(1):A,0.009841707535088
9SJ6(1):C_8I2E(1):A,0.0024259642232209
8PU1(1):A_9UX0(1):B,0.0039467583410441
9ERV(1):A_8BOZ(1):B,0.0007323661702685
8PEL(1):B_9G87(1):A,0.000662084436044
9J9W(1):B_9W3A(1):E,0.0978707820177078
8SNK(1):B_9HNG(1):A,0.9550341367721558
9WAQ(1):A_9VLL(1):A,0.0219903886318206
8PU1(1):A_9UTY(1):B,0.0017590364441275
8S1X(1):B_9KZL(1):C,0.0011068027233704
8BOZ(1):B_9H9V(1):D,0.997180700302124
9UTY(1):A_9VLL(1):A,0.0087205953896045
9VZC(1):B_8RIU(1):C,0.0005033217021264
8XT8(1):A_9AVF(1):B,0.0013304936001077
9KUE(1):C_9L6B(1):B,0.0066518923267722
9UDL(1):A_8T0P(1):B,0.0005049920873716
8FCC(1):B_9BIY(1):B,0.1007436588406562
9RMM(1):C_9M3I(1):D,0.0006543697672896
9CCK(1):C_9CCK(1):A,0.0012204585364088
9PCA(1):A_8C0D(1):B,0.0006288805743679
9OLQ(1):A_8T6E(1):A,0.0004575965285766
9C10(1):A_9F79(1):C,0.003092729486525
9PZK(1):A_9UX0(1):B,0.003033730899915
8YRE(1):D_9PZK(1):B,0.0015000113053247
9PHV(1):A_8XUD(1):I,0.0051823011599481
9IZ3(1):B_9MOJ(1):B,0.0017078234814107
9LPG(1):A_8G0P(1):A,0.0015439196722581
8HHJ(1):B_9HAE(1):A,0.0106279952451586
9QAA(1):A_8VUF(1):A,0.997169315814972
8T9O(1):A_9ILT(1):F,0.0009660397772677
9HAE(1):B_9J9W(1):A,0.0159271340817213
8T0P(1):B_9ST8(1):B,0.1959626972675323
9GZQ(1):A_8BWV(1):B,0.0035224743187427
8U6F(1):B_9BGL(1):B,0.0028428880032151
8STP(1):A_8Y77(1):A,0.0022538302000612
9Q1H(1):B_9Q1H(1):A,0.0405463613569736
8J64(1):B_8FBD(1):B,0.0018974564736708
8VEO(1):B_9PR8(1):A,0.9179181456565856
8S2M(1):B_9ILT(1):D,0.0246151257306337
9H5R(1):B_9ZLL(1):D,0.0026580959092825
9OMD(1):C_9P3F(1):A,0.0007132047903724
9W3A(1):E_8OWU(1):B,0.0003788402827922
30KY(1):C_9BKX(1):D,0.962668001651764
8ZVX(1):B_8HXI(1):A,0.004380633123219
9BAE(1):A_9U8Q(1):A,0.0215699505060911
8PU1(1):B_8UF4(1):A,0.0005830205627717
9BAE(1):B_9QAA(1):B,0.0043192747980356
8VLM(1):A_8UH1(1):B,0.0012618209002539
9R2Z(1):B_9HAD(1):B,0.013122234493494
8GMH(1):B_8ONW(1):D,0.0006313607445918
9UVE(1):C_9K1U(1):B,0.1084121093153953
9X2R(1):A_8ONW(1):F,0.0016063039656728
9KO8(1):A_9DD1(1):C,0.0183384995907545
9LP2(1):C_8C0D(1):B,0.0016835724236443
8SSM(1):B_9BIY(1):B,0.0055257230997085
9K1U(1):C_8GJU(1):H,0.0862925052642822
8J64(1):B_8S2M(1):A,0.0013063094811514
8XYF(1):B_8JMQ(1):B,0.0011007424909621
8OWS(1):C_9BAE(1):B,0.0028389384970068
9UDL(1):A_8U6N(1):A,0.0004350574163254
8Q66(1):A_8T6E(1):A,0.0009631380089558
9IKB(1):B_8GJU(1):A,0.002834306564182
9E1J(1):A_8PF5(1):C,0.0025006758514791
8WT4(1):A_9EA8(1):A,0.9240971207618712
8PFC(1):B_8JMR(1):B,0.001109178061597
8FUM(1):D_8G0K(1):A,0.0033288937993347
8RPP(1):A_9BT4(1):G,0.0011876469943672
9RMM(1):A_8T6N(1):H,0.0049404646269977
8RQZ(1):B_9ST4(1):H,0.0008387826383113
9HMX(1):B_8XYF(1):A,0.0006852588267065
8K0H(1):A_9M3I(1):D,0.0026860036887228
9ST8(1):B_9SJ6(1):A,0.2029958814382553
8I3E(1):C_8SNF(1):A,0.0016129198484122
9V8I(1):A_8IE2(1):E,0.013133293017745
8PQQ(1):C_8SNK(1):I,0.0010638035601004
9LPG(1):E_9UVD(1):B,0.0006680223741568
8UF4(1):A_8PF5(1):B,0.0038663833402097
8FBD(1):B_8IGD(1):B,0.7894037961959839
8Q03(1):A_8HCI(1):B,0.0011397891212254
9HAE(1):B_8SNF(1):D,0.0007371004321612
8GMH(1):C_11LJ(1):A,0.9664903879165648
9JDI(1):C_21ZX(1):C,0.0011332602007314
8J09(1):A_9X2R(1):A,0.0191566757857799
8FCC(1):B_8RZZ(1):C,0.0006204232340678
8TYS(1):A_8PF5(1):C,0.0013475893065333
8ZD3(1):B_9BGL(1):B,0.0007369852392002
8J64(1):A_9NTN(1):G,0.272461861371994
9K3E(1):B_9T38(1):B,0.0043691201135516
8YNX(1):B_9RGL(1):A,0.0004454510635696
9UVD(1):C_8ORN(1):A,0.0025265540461987
9L5U(1):C_8FUM(1):D,0.0008540917187929
9R2Z(1):A_8RQZ(1):C,0.0007239611004479
8U6H(1):B_8WT4(1):B,0.0011832922464236
9BGL(1):A_8G0P(1):A,0.0593820586800575
8IGD(1):B_9BGL(1):B,0.0009057843708433
9VZY(1):D_9IKB(1):C,0.0099936611950397
8PU1(1):A_8FUL(1):B,0.002972116228193
8T6E(1):B_8TYX(1):B,0.0042127966880798
8RQZ(1):C_21VU(1):A,0.0011423310497775
8SJJ(1):C_8SJJ(1):A,0.3705261945724487
8BWV(1):B_8FUL(1):A,0.0521496012806892
8T9O(1):A_8HR0(1):C,0.1296676248311996
9MYR(1):A_8BWV(1):B,0.0010201474651694
8HHJ(1):B_9VO4(1):A,0.0024143597111105
9RK9(1):B_8S05(1):C,0.0018854549853131
9MYT(1):B_8C0D(1):C,0.0008187593193724
8PU1(1):A_8U6N(1):A,0.5934438705444336
8PUT(1):A_8PEL(1):D,0.0011874365154653
9UVD(1):B_8XSU(1):D,0.1224551647901535
9HLS(1):B_8BRQ(1):B,0.0006206484977155
9VO4(1):A_9T38(1):A,0.0010493401205167
8R7D(1):B_9V8I(1):A,0.0023425261024385
8IE2(1):E_8J48(1):D,0.0047454768791794
8GMH(1):D_9UVE(1):C,0.0007311984663829
8S1X(1):B_8TYX(1):A,0.0015159213216975
8WHI(1):F_8WHI(1):A,0.0006869068020023
8GM8(1):B_9KAN(1):A,0.2522411048412323
8T6C(1):C_9HMX(1):B,0.1634824275970459
9R2Z(1):B_9BT4(1):G,0.0010018802713602
8CM0(1):A_8CM0(1):B,0.0105959679931402
8FZZ(1):B_9MYT(1):A,0.0023343951907008
9K3E(1):C_8CB2(1):BBB,0.4215236902236938
9GAI(1):C_8PF5(1):B,0.0024441003333777
8XTA(1):A_8Y2Z(1):A,0.0864319428801536
8STU(1):B_8HDD(1):B,0.016832860186696
9P1C(1):A_8RP2(1):CCC,0.0054026013240218
8Q2E(1):C_8Q2E(1):A,0.0006708016735501
9WAQ(1):A_8Q2E(1):A,0.0014233326073735
9LPG(1):E_8XYF(1):A,0.0045096860267221
9GZQ(1):A_9LEW(1):A,0.007303662598133
8U45(1):A_9EAV(1):C,0.0012209371197968
8BRS(1):B_9GZQ(1):A,0.0718560814857482
8OWS(1):C_8OWS(1):A,0.0005721112829633
21VU(1):A_9UVE(1):B,0.0005381579394452
8WT4(1):B_8T9O(1):A,0.0030198611784726
8WHL(1):E_9NSD(1):B,0.0004286380426492
8ROI(1):B_8VLM(1):A,0.9549902081489564
9E1J(1):A_8XTA(1):B,0.0024257979821413
9K1U(1):C_9EYU(1):B,0.0002779914648272
9J4P(1):A_9J4P(1):B,0.0062715872190892
8ONW(1):F_8RIU(1):C,0.0044388025999069
8SNF(1):D_8RJA(1):E,0.0010529536521062
8FZZ(1):B_9DD1(1):C,0.0014213097747415
9R2Z(1):A_8I8Y(1):A,0.0037846199702471
9Q9V(1):A_9UTY(1):B,0.0009882588637992
9U8R(1):G_9U8R(1):A,0.0007127220160327
9UB9(1):A_8QVC(1):B,0.5826513171195984
9ZLL(1):F_9ZLL(1):E,0.0015777421649545
9L7W(1):B_8SSM(1):C,0.0035261234734207
9EA8(1):A_8QNL(1):A,0.0017858220962807
9VZY(1):A_9HBL(1):A,0.0010566274868324
8GMH(1):B_8PEL(1):B,0.0020656529814004
8ORN(1):B_9F26(1):C,0.0681672096252441
8HFP(1):A_8J4B(1):B,0.0013520166976377
9L6B(1):A_9HMX(1):B,0.0047690849751234
8XYF(1):A_11LJ(1):A,0.0043966067023575
9RK9(1):A_8FCC(1):B,0.0013092146255075
9NTO(1):B_9JM8(1):B,0.0010015215957537
8PEL(1):D_9CCK(1):A,0.0002273095742566
8RIU(1):C_9BKX(1):D,0.0016673313220962
9E15(1):B_8QNL(1):C,0.0022304654121398
8XTA(1):B_9DD1(1):C,0.0057134139351546
8ZA7(1):B_8JDI(1):A,0.0538672283291816
8OWU(1):D_9MYR(1):B,0.2225466072559356
8YN0(1):D_8TWD(1):C,0.0036053068470209
8GJU(1):A_9H9V(1):E,0.0008015040657483
9J4P(1):A_9KO8(1):C,0.0010156076168641
9HAD(1):C_9GAI(1):C,0.0079555604606866
8FUL(1):A_9MYT(1):B,0.0046351267956197
8XYF(1):A_8WT0(1):A,0.0055955867283046
8J4B(1):B_9RK9(1):A,0.0007853175047785
8CCQ(1):A_8UH1(1):B,0.0007907595136202
9HAD(1):B_8WHL(1):E,0.0043207639828324
9G87(1):B_9G87(1):A,0.0013417317532002
9MOJ(1):C_8HS8(1):A,0.0023151107598096
8VUF(1):B_9KO8(1):A,0.0022463025525212
9P3J(1):A_9GAI(1):D,0.038952175527811
8UF4(1):A_8CM0(1):B,0.8464436531066895
8WOK(1):B_8WOK(1):A,0.9006903171539307
9JM8(1):A_8VUF(1):A,0.0030888139735907
8EZR(1):B_9BKX(1):D,0.0003300516982562
9LP2(1):C_8BRR(1):A,0.0006988171953707
9VZY(1):D_9F26(1):A,0.0006536690634675
9GAI(1):D_8SNF(1):D,0.0014076157240197
9MOJ(1):B_8J49(1):A,0.0003331466286908
8X3G(1):C_9VNJ(1):B,0.5939527750015259
9BT4(1):E_8BFI(1):C,0.0018019960261881
9G8U(1):B_8STS(1):A,0.1729274988174438
8RIU(1):B_9HMX(1):A,0.000502582930494
9GCO(1):B_8C0D(1):B,0.0010262018768116
8VUM(1):A_8BFI(1):C,0.0257355775684118
8ROJ(1):B_9CCV(1):B,0.0028649030718952
9RK9(1):A_8FE8(1):B,0.0006873603560961
9M3I(1):C_9M3I(1):A,0.0026895299088209
8Q03(1):A_8OWS(1):C,0.9282187223434448
9GWJ(1):C_9E1J(1):B,0.090814396739006
8UF4(1):B_9MYT(1):A,0.0008576538530178
8P9U(1):C_8RPP(1):A,0.0011116856476292
9UB9(1):A_9VNJ(1):B,0.0015522356843575
8TWD(1):C_8GMH(1):B,0.9629358649253844
8BRR(1):A_8J48(1):B,0.2092493623495102
8RP2(1):CCC_8RP2(1):AAA,0.9148561358451844
8SJJ(1):C_8XEH(1):A,0.0006016968400217
8WHL(1):E_9ZDM(1):B,0.003403112059459
8WHH(1):E_9B7D(1):A,0.0012030113721266
8J49(1):A_8FUL(1):B,0.002457084832713
9PCA(1):A_9IKB(1):B,0.0011882382677868
8XUD(1):I_8U6N(1):B,0.0578338615596294
8FUL(1):A_8FUL(1):B,0.0021399792749434
8P9U(1):A_9HBL(1):A,0.0019925856031477
9I25(1):C_8XSU(1):D,0.0901153460144996
9IZ3(1):A_9H9V(1):D,0.00378088071011
8Y77(1):B_8RIU(1):C,0.0021097962744534
9KAH(1):A_9S6C(1):C,0.0246895924210548
9R84(1):B_8VUM(1):B,0.000374266091967
8WHL(1):E_9NTO(1):B,0.1522154510021209
8VUM(1):B_8GMH(1):B,0.0013613156042993
9EAE(1):C_9U8Q(1):G,0.0055982964113354
8HDD(1):B_8HDD(1):A,0.0015064454637467
9Z7O(1):C_9VO4(1):B,0.0030684291850775
8SNF(1):D_8EZR(1):A,0.0035232559312134
8S1X(1):B_8S1X(1):A,0.0002957627584692
8J4B(1):B_9BAE(1):A,0.9710493683815002
8FCC(1):A_9VZY(1):A,0.239865094423294
9NTN(1):A_8ZVX(1):A,0.782255232334137
8TYX(1):A_9ZLL(1):D,0.0304841212928295
8S1X(1):B_8JDI(1):E,0.000634140218608
9GCO(1):B_8PUT(1):A,0.0166192334145307
9ZEE(1):A_9U8R(1):A,0.0017484814161434
8PQQ(1):C_8RIU(1):B,0.0022324707824736
8T6E(1):B_9KZL(1):C,0.0004248916811775
8WHL(1):E_9EA8(1):B,0.0016010436229407
9NTN(1):G_9DD1(1):C,0.000483493815409
8PQQ(1):C_9X2R(1):B,0.0198846999555826
8QNL(1):C_8I2F(1):B,0.0015939904842525
9BAE(1):A_8WOK(1):B,0.0014308841200545
8HDD(1):C_8QVC(1):B,0.9343051910400392
8TWD(1):C_8FAR(1):B,0.0015968058723956
8ZHT(1):B_8WHH(1):A,0.0009236870100721
8T9O(1):A_9G8U(1):A,0.2258259654045105
9DK1(1):B_8HS8(1):C,0.0568290203809738
8P9U(1):A_9L6B(1):A,0.0033584290649741
8T6E(1):B_8J09(1):B,0.9730486869812012
8U6F(1):B_9IZ3(1):B,0.0009490918600931
8IH8(1):C_8IH8(1):A,0.0015719247749075
8YN0(1):C_8Q03(1):A,0.0077757411636412
9VNJ(1):B_9VNJ(1):A,0.0017022344982251
8ONW(1):F_9HLS(1):B,0.0015917744021862
8J4B(1):A_8K0H(1):A,0.009623035788536
8WHH(1):A_8WHH(1):E,0.044818814843893
8TWD(1):C_9Q9V(1):A,0.0028363207820802
9E15(1):A_9GAI(1):C,0.0128599517047405
9UB9(1):A_9AVF(1):A,0.0005623252363875
8U6H(1):B_8BWV(1):A,0.0020504214335232
8JI9(1):B_9W3A(1):A,0.0004723379679489
8Q03(1):C_8ZA7(1):A,0.0008257763111032
8STS(1):A_9ST8(1):B,0.0003932629770133
9PHV(1):D_8CB2(1):BBB,0.0150714311748743
8C0D(1):C_8G0K(1):A,0.0039574010297656
8ZD3(1):B_9KW6(1):C,0.0752189606428146
8TYX(1):B_9KAN(1):A,0.0307781025767326
8XYF(1):A_9I25(1):C,0.0007349359220825
9J4P(1):A_8GM8(1):A,0.1133926659822464
8HXI(1):B_9HAC(1):A,0.0004008489195257
8BFI(1):B_8SJJ(1):C,0.0055629983544349
9ST8(1):B_9CCK(1):A,0.0007445672526955
9GAI(1):C_9BIY(1):A,0.0140751358121633
8J49(1):B_8J49(1):A,0.0007491807918995
8U6N(1):A_9Z7O(1):C,0.0004733919922728
8YN0(1):C_8WT0(1):A,0.000699886586517
8SNK(1):B_8WHI(1):F,0.0025260169059038
9ERV(1):B_9GZQ(1):A,0.1543560028076172
8S1X(1):A_9WAQ(1):A,0.0020423040259629
8FUL(1):B_9H9V(1):E,0.0006864808383397
8PEL(1):D_8RJA(1):E,0.0081343213096261
8C4Z(1):B_8I8Y(1):A,0.000526048708707
8BFI(1):C_8WT4(1):A,0.0013272926444187
8CCQ(1):A_8JDI(1):A,0.0009935620473697
9ST8(1):B_9ST8(1):A,0.0017938747769221
8ZD3(1):A_8TYS(1):B,0.0026197582483291
8GJU(1):A_9ZCS(1):A,0.0017371929716318
8VET(1):B_8U6G(1):B,0.0004189879400655
8SJJ(1):A_9GAI(1):B,0.0005166974151507
8CRA(1):E_9FN0(1):A,0.0036936127580702
9UTY(1):B_8U6D(1):A,0.8981261849403381
9KAH(1):C_9IKB(1):G,0.0011584851890802
9ERV(1):B_9ERV(1):A,0.0513363666832447
9EAV(1):A_9BIY(1):A,0.0002969485649373
9BKX(1):d_9PHV(1):A,0.1258207559585571
9MNO(1):A_8Y2Z(1):B,0.0017275112913921
9L7W(1):B_9VLL(1):B,0.1554781943559646
8T19(1):B_9NSD(1):B,0.0669345334172248
8J4B(1):A_9GZQ(1):B,0.000753033789806
8BRR(1):A_8T6E(1):A,0.0007325484184548
8R3A(1):A_8SSM(1):C,0.0011743025388568
9UVD(1):C_8T19(1):A,0.0057417498901486
8RJA(1):F_9UVD(1):B,0.0006496756104752
8XT8(1):A_9L7W(1):B,0.0019740120042115
8XTA(1):A_9GWJ(1):C,0.0843418911099433
8ROI(1):B_8VUM(1):A,0.0692296400666236
8T6N(1):H_9ZEE(1):A,0.0035650946665555
8G0P(1):A_8WOK(1):A,0.0009851955110207
8S83(1):B_8J09(1):B,0.0005711107514798
9H9V(1):G_8Y2Z(1):A,0.0210005026310682
8HHJ(1):B_8VUM(1):B,0.0015309703303501
8GMH(1):D_9L6B(1):B,0.007152056787163
8RJA(1):F_9ST4(1):H,0.0056014247238636
9B7D(1):B_9GAI(1):C,0.087159663438797
9UX0(1):A_9EAV(1):C,0.0006716883508488
9Q1H(1):B_8RYI(1):A,0.0013808419462293
8RJA(1):E_9X2R(1):A,0.0123137403279542
8HS8(1):C_8T0P(1):A,0.0016511792782694
8I2F(1):A_9HBL(1):B,0.0270387567579746
8OUA(1):A_9IKB(1):B,0.0008822943782433
8T6N(1):H_8BRS(1):A,0.0032857086043804
8PF5(1):D_9J9W(1):A,0.0015919094439595
9SJ6(1):A_9OLQ(1):B,0.0006690057925879
8PEL(1):E_9MYT(1):B,0.0331969112157821
9T38(1):B_9H5R(1):A,0.0018188197864219
12NP(1):A_8WHI(1):F,0.0007550248992629
9ZLL(1):D_8J4B(1):B,0.0002476976660545
8Q2E(1):C_9U8R(1):G,0.00260437047109
9M3I(1):A_8YNX(1):A,0.0016215528594329
9P3F(1):B_9P3F(1):A,0.0159709881991148
9S6C(1):C_9GAI(1):B,0.0062853614799678
9DOD(1):A_9K1U(1):C,0.0018775460775941
9KUE(1):C_8G0P(1):B,0.5255207419395447
8BWV(1):A_8R7D(1):B,0.0092672118917107
8FBD(1):A_9Z7O(1):C,0.0300558507442474
8QL1(1):B_8QL1(1):A,0.0054292371496558
9H9V(1):A_9MYR(1):A,0.0010588422883301
9S6C(1):A_9EA8(1):A,0.5992967486381531
8BGM(1):B_8TYS(1):B,0.0042552719824016
9LPG(1):A_9LP2(1):A,0.0081798322498798
9K1U(1):B_9K1U(1):C,0.0014670799719169
9PHV(1):A_8S83(1):C,0.0450440235435962
8PUT(1):E_8GMH(1):C,0.037555743008852
9U8Q(1):A_8STS(1):B,0.0006754156202077
8VLM(1):B_8PF5(1):B,0.0073403865098953
9W3A(1):A_9R84(1):B,0.0013581260573118
9H9V(1):E_8U6D(1):B,0.0025015536230057
9H7Y(1):A_8YN0(1):D,0.0033979427535086
8CRA(1):A_8BRT(1):B,0.0019449280807748
8I2E(1):B_8RIU(1):B,0.8701748847961426
8TK9(1):A_8T19(1):B,0.0016222958220168
8OWU(1):D_9KAN(1):A,0.0013378647854551
9L7W(1):A_9UDL(1):A,0.0747405737638473
9GAI(1):D_8T6C(1):E,0.0467209443449974
8FUM(1):D_9GAI(1):C,0.0055249063298106
9BAE(1):A_8FCC(1):B,0.0005069738253951
8OUA(1):C_9BT4(1):B,0.0009405808523297
8PQQ(1):C_9QAA(1):A,0.0020418667700141
8C4X(1):B_9UDL(1):B,0.0015169458929449
9EAE(1):C_8BRQ(1):A,0.0021277596242725
8HDD(1):C_8RYI(1):B,0.0013509773416444
9ZCS(1):A_8STS(1):A,0.9762156009674072
9WBE(1):A_9JWA(1):B,0.0016403126064687
9H9V(1):B_9MNO(1):A,0.0010046957759186
8S05(1):A_8TWD(1):C,0.0008024945273064
9PHV(1):A_9IZ3(1):A,0.6084123253822327
9VZY(1):A_9LP2(1):C,0.0008050412288866
9H5R(1):B_8IGD(1):C,0.0029898067004978
8I3F(1):A_9VO4(1):B,0.0040931613184511
9Q9V(1):B_8TYX(1):A,0.0004725023463834
8JMQ(1):B_9ERV(1):B,0.1233109012246131
8PU1(1):B_9K3E(1):C,0.0005975739913992
9ERV(1):A_8STP(1):A,0.0032092290930449
9H5R(1):A_8QHN(1):A,0.0006881478475406
9BIY(1):A_9H9V(1):G,0.0019875261932611
8BWV(1):A_8FUL(1):A,0.0031180779915302
9BT4(1):B_30KX(1):D,0.001429961179383
8CRA(1):A_8SJJ(1):C,0.0006664241082035
8ORN(1):A_9KAH(1):A,0.4381819665431976
8IE2(1):E_8Q66(1):B,0.0012698189821094
8GKO(1):C_9K3E(1):C,0.8506736755371094
9OMD(1):I_9OMD(1):C,0.0025439371820539
9BIY(1):B_8BWV(1):A,0.0024583579506725
8PUT(1):E_8TWD(1):A,0.0115628242492675
8RIU(1):C_30KY(1):C,0.0029995078220963
12NP(1):A_8OUA(1):A,0.0024196174927055
8GMH(1):C_8PEL(1):B,0.0060949502512812
9J4P(1):A_8XEH(1):E,0.1459771394729614
8HFP(1):A_9K1L(1):A,0.3484708666801452
8I2F(1):A_8RIU(1):C,0.0037645320408046
9K3E(1):B_8QNL(1):C,0.0005547534674406
8OWS(1):A_9KAH(1):C,0.0003140616463497
8PEL(1):C_9EAE(1):A,0.0129038458690047
8UAI(1):B_9X2R(1):A,0.0299152992665767
9VLL(1):B_9ZLL(1):D,0.000677507254295
8C4Z(1):B_8C0D(1):A,0.0035434227902442
9X2R(1):B_8CB2(1):AAA,0.0022901324555277
8QVC(1):A_8I3F(1):B,0.0011906021973118
9KW6(1):C_8OWS(1):A,0.0009861501166597
8SNF(1):D_8Z22(1):C,0.0065267430618405
21VU(1):A_9JDD(1):B,0.1924262344837188
8PU1(1):B_9OMD(1):I,0.0014425258850678
9GZQ(1):B_8HCI(1):A,0.0005815811455249
9UTY(1):B_9UTY(1):A,0.0011052786139771
8S05(1):A_9U8R(1):G,0.0007263805600814
8XYF(1):A_8Y77(1):A,0.0073772352188825
9ST4(1):H_9L5U(1):A,0.0078643076121807
8RIU(1):C_8U6F(1):A,0.0011652135290205
8UF4(1):A_8IH8(1):A,0.0017246453789994
8FUL(1):B_9E1J(1):B,0.0014123974833637
8PQQ(1):C_8GMH(1):D,0.0108722522854805
8QHN(1):D_8QHN(1):A,0.0174114014953374
8SNF(1):A_9PCA(1):B,0.0022684452123939
8ZD3(1):B_8ZD3(1):A,0.0032351743429899
9SDC(1):C_8T9O(1):B,0.0002876203216146
9BGL(1):A_8VUF(1):B,0.000639155798126
8U6H(1):B_8U6H(1):A,0.0013202463742345
8P9U(1):C_9MZ5(1):C,0.0023157254327088
9G87(1):A_9GAI(1):D,0.0036216098815202
8PUT(1):A_8GKO(1):A,0.0009626005194149
9P3J(1):A_9BT4(1):E,0.0014240376185625
9UVE(1):C_9ILT(1):A,0.0010001813061535
9P3F(1):A_8RJA(1):F,0.0032833057921379
9DCZ(1):B_8YRE(1):D,0.0097426632419228
8YRE(1):D_8QNQ(1):C,0.0014563577715307
9H9V(1):E_9H9V(1):A,0.9674205183982848
8JMR(1):A_9P3J(1):A,0.1932692974805832
30KX(1):E_9F26(1):C,0.0010652280179783
9KO8(1):A_8Q2E(1):A,0.0034299755934625
8EZR(1):B_8EZR(1):A,0.0007362611358985
9ZEE(1):B_8WHH(1):E,0.000758894952014
8FBD(1):B_8FBD(1):A,0.0015855688834562
8ORN(1):B_8Q2E(1):C,0.0018610069528222
9UTY(1):B_8U6G(1):A,0.000194500942598
8U6D(1):A_8SJJ(1):C,0.0024869944900274
9VZY(1):D_9HLS(1):A,0.0045482483692467
8UAI(1):C_8PQQ(1):A,0.0007172760670073
12NP(1):A_9SDC(1):A,0.0046118437312543
21VU(1):A_9NSD(1):G,0.0040608933195471
8XEH(1):E_8FE8(1):B,0.0067979376763105
8FFX(1):B_9GWJ(1):D,0.0515378713607788
8SNK(1):B_8JMR(1):B,0.0157608445733785
9EAE(1):C_9EAE(1):A,0.0047487118281424
8PF5(1):C_8TYX(1):A,0.0006952433031983
8RYI(1):A_8S1X(1):B,0.0006951440009288
9EAV(1):D_9KO8(1):C,0.0066875810734927
8BWV(1):B_8U6N(1):B,0.0005596295231953
8IE2(1):E_30KY(1):C,0.0006998552125878
9EA8(1):A_8BOZ(1):A,0.0030513913370668
9SJ6(1):A_8STP(1):A,0.0056282868608832
9ILT(1):C_8WHI(1):A,0.0025039680767804
8J64(1):B_9L5U(1):A,0.0033010665792971
8U6H(1):A_9OMD(1):I,0.0074357134290039
9G87(1):B_8RP2(1):CCC,0.0004074210592079
8PEL(1):E_8EY4(1):A,0.0018420525593683
9EA8(1):A_9M3I(1):C,0.027552057057619
9M3I(1):C_8ROH(1):A,0.0029711555689573
9HMX(1):B_8HDD(1):C,0.0038752323016524
8QNL(1):C_9SJ6(1):A,0.0046620527282357
8PUT(1):E_8PUT(1):A,0.0184291396290063
8VUF(1):B_9AVF(1):B,0.0013272345531731
9WAQ(1):A_8PF5(1):D,0.4209631383419037
9KW6(1):A_8TYS(1):A,0.0018832837231457
9CCK(1):A_9GAI(1):C,0.0025676616933196
9PZK(1):B_9JDD(1):A,0.0017673830734565
8JMQ(1):A_9J4P(1):A,0.0007237041136249
8R3A(1):B_9J4P(1):A,0.0004948657006025
9EAV(1):A_8Y77(1):B,0.0009063316392712
8STP(1):B_8WHH(1):A,0.0014096132945269
8WT0(1):A_9CCK(1):A,0.0248447675257921
9HMX(1):B_9SJ6(1):C,0.0014189557405188
8PF5(1):D_8PF5(1):C,0.0260382983833551
8QHN(1):D_21VU(1):H,0.0500187687575817
9V8I(1):A_8EY4(1):I,0.00238674483262
8U6D(1):B_9ZEE(1):B,0.0010764037724584
9JM8(1):B_8WHM(1):B,0.0008413356845267
9IKB(1):G_9IKB(1):B,0.062807910144329
8SJJ(1):A_9E1J(1):B,0.0086591094732284
9ZBE(1):B_8PUT(1):E,0.5568113923072815
9U8Q(1):A_9KUE(1):B,0.000366669264622
9IZ3(1):B_8J48(1):B,0.0013532700249925
8CB2(1):BBB_9ZEE(1):B,0.0026692675892263
9UVD(1):B_9K1L(1):A,0.0013921194477006
9HLO(1):B_8SSM(1):B,0.0019485311349853
8RYI(1):A_9EAV(1):D,0.0274173319339752
9S6C(1):C_8RPP(1):A,0.0010493551380932
8XUD(1):I_8XUD(1):A,0.6403844356536865
9QAA(1):B_9LPG(1):E,0.0010718068806454
8PU3(1):C_8R3A(1):A,0.0004368806548882
8S83(1):C_8WHL(1):E,0.0020313668064773
8PQQ(1):C_9P1C(1):B,0.0011327000102028
9S6C(1):A_8QL1(1):A,0.0020074169151484
8ROI(1):B_9G87(1):B,0.0800234228372573
8FZZ(1):A_9LP2(1):A,0.0006391795468516
8J64(1):A_8T9O(1):A,0.0008670922834426
9BT4(1):G_8I3E(1):C,0.0157483704388141
8J09(1):B_9VZC(1):B,0.0190040096640586
9H9V(1):G_8Q2E(1):C,0.0007327850908041
8GMH(1):D_9F26(1):A,0.0326401367783546
8JMR(1):B_9UX0(1):B,0.0013149236328899
8PEL(1):D_8BRS(1):A,0.0008382680825889
8T0P(1):A_8T0P(1):B,0.0012263503158465
8FUM(1):C_8UF4(1):A,0.0073829181492328
8I3F(1):B_8ROH(1):B,0.0005999436834827
8VLM(1):A_9VO5(1):A,0.006112512666732
9JDD(1):B_8U6D(1):B,0.000551156932488
8FBD(1):A_8VUF(1):B,0.0008027874864637
8HDD(1):B_8Y96(1):C,0.001754221972078
8RP2(1):AAA_9ZDM(1):A,0.0022435274440795
8RJA(1):F_8RJA(1):E,0.0015116150025278
8CCQ(1):A_11LJ(1):A,0.9858044981956482
8Z22(1):C_9H9V(1):E,0.0179643835872411
9VNJ(1):B_9KUE(1):C,0.0028109105769544
9WBE(1):A_9WBE(1):D,0.0520672351121902
8Y2Z(1):B_9LP2(1):A,0.0027973242104053
8BGM(1):A_8RJA(1):F,0.0168968196958303
8SNF(1):A_9V8I(1):B,0.0003807234461419
8BGM(1):B_8WOK(1):A,0.004422755446285
8SSM(1):C_9V8I(1):A,0.0027911853976547
8PEL(1):E_9PZK(1):B,0.8910506367683411
8RIU(1):C_8ZVX(1):A,0.0009167599491775
9ST8(1):A_8VLM(1):B,0.0599169321358203
8PEL(1):D_9ILT(1):D,0.0023338054306805
8Q2E(1):A_9ZLL(1):F,0.000511908205226
9JDI(1):A_8CCQ(1):B,0.0006452432717196
9UVD(1):B_9Z7O(1):A,0.9931879043579102
8Q66(1):B_9HAD(1):B,0.0041395272128283
8HR0(1):B_9JWA(1):B,0.0942501649260521
8BGM(1):B_8BGM(1):A,0.0036256313323974
8I3E(1):C_8P9U(1):A,0.0138925174251198
8OUA(1):C_9MNO(1):E,0.0007403821218758
8CM0(1):B_8QNL(1):C,0.001247527077794
9UB9(1):A_9SJ6(1):A,0.0006444479804486
8RP2(1):AAA_9CCK(1):A,0.0048679877072572
9OMD(1):C_8YRE(1):D,0.0017729290993884
9E15(1):A_9UDL(1):B,0.0007790646050125
9H9V(1):H_9H9V(1):D,0.0027818020898848
8Q66(1):B_8Q66(1):A,0.0246550142765045
8STU(1):B_8STU(1):A,0.0003649339778348
9CCK(1):A_9VO5(1):A,0.0091128097847104
8IE2(1):E_8Q2E(1):C,0.007052359636873
8PQQ(1):A_8ROH(1):A,0.004268039483577
8ROJ(1):A_8CM0(1):B,0.0008504376164637
9X2R(1):A_9HAE(1):A,0.001265755156055
9UB9(1):B_8T6N(1):H,0.0014765671221539
8XT8(1):B_8XT8(1):A,0.013409643433988
9ZEE(1):B_8OWU(1):B,0.0073276259936392
9Q9V(1):B_9Q9V(1):A,0.7356077432632446
8BRS(1):A_8S83(1):B,0.019004289060831
8ZD3(1):A_9UTY(1):B,0.0018415459198877
8QVC(1):A_8R3A(1):B,0.0007903481600806
8GM8(1):B_8GM8(1):A,0.0055974815040826
8T0P(1):B_8J48(1):B,0.0007613240159116
8FUL(1):A_9L6B(1):B,0.1577794998884201
9BKX(1):D_8K0H(1):A,0.0053472463041543
9BT4(1):E_9JDI(1):C,0.0043453350663185
9K3E(1):C_9IZ3(1):A,0.0003011220542248
8QNQ(1):C_8K0H(1):A,0.0007559248479083
9MYR(1):B_9MYR(1):A,0.790058434009552
8WT4(1):B_8U45(1):C,0.0016591912135481
8PF5(1):B_9P1C(1):B,0.0006545705837197
8RP2(1):CCC_9Q1H(1):B,0.0006543528870679
8IGD(1):B_8VLM(1):A,0.7270895838737488
8WT0(1):B_8SNF(1):A,0.0025719981640577
8T6E(1):B_9T38(1):B,0.5921874046325684
8HXI(1):A_9Q9V(1):A,0.0077522899955511
9HLS(1):B_8QNL(1):C,0.0020839592907577
9H9V(1):H_9UX0(1):A,0.0007277372060343
8Q2E(1):A_9CCK(1):C,0.0448625944554805
9EAE(1):C_9X2R(1):B,0.0003871161898132
30KX(1):E_9GAI(1):D,0.0028106849640607
9BKX(1):D_9JDI(1):A,0.0005016264040023
9ILT(1):A_9H9V(1):E,0.0251998230814933
9BAE(1):A_9P3J(1):B,0.9253373742103576
8OWS(1):A_8JDI(1):A,0.0096137141808867
9RMM(1):C_9PHV(1):A,0.0106137990951538
8QHN(1):A_8JMQ(1):B,0.0007133815088309
8ZD3(1):B_9G87(1):A,0.0395475178956985
8S05(1):A_9Z7O(1):A,0.000768473430071
8PF5(1):B_9KAN(1):B,0.7038630843162537
8Q66(1):B_9EYU(1):A,0.0018076281994581
8ZHT(1):B_8IH8(1):A,0.9845581650733948
9RMM(1):A_8BRT(1):A,0.0011732124257832
9ERV(1):B_9VO5(1):A,0.0088704824447631
8HHJ(1):A_8VLM(1):A,0.0028345519676804
8J64(1):B_9VLL(1):A,0.0018157777376472
8WT0(1):A_8QHN(1):A,0.9379358887672424
8HCI(1):B_8HCI(1):A,0.000727976555936
8HDD(1):A_8GKO(1):C,0.0009196233004331
8I3F(1):B_8I3F(1):A,0.0027523336466401
8Q2E(1):A_9ZLL(1):D,0.00079449522309
8XSU(1):C_21ZX(1):F,0.0038077107165008
8T6E(1):A_8CM0(1):A,0.001209381618537
8BFI(1):C_8T6C(1):C,0.0038520921953022
9BKX(1):d_9BKX(1):D,0.0040811137296259
8QHN(1):A_8BRS(1):B,0.010429504327476
8ROJ(1):B_8HR0(1):B,0.0028297349344938
8C0D(1):C_8JI9(1):A,0.016334380954504
8IE2(1):A_12NP(1):C,0.0021272900048643
9K1U(1):C_9F26(1):C,0.0007082521915435
8SNF(1):D_8YN0(1):C,0.001151870121248
9UTY(1):B_8T0P(1):A,0.000356519332854
8G0P(1):B_8T0P(1):B,0.0228957403451204
8I8Y(1):A_8U6F(1):A,0.0004260894493199
8U6D(1):A_8U6D(1):B,0.0004860037879552
9PCA(1):B_9UVD(1):B,0.007855525240302
9MOJ(1):C_8QVC(1):A,0.9514511823654176
9KUE(1):C_9KUE(1):B,0.0010996420169249
8ZVX(1):A_9LPG(1):A,0.4075574278831482
8RPP(1):D_8RPP(1):A,0.0055692517198622
8ZHT(1):A_8FUL(1):A,0.0011031585745513
8RYI(1):B_8JDI(1):A,0.9233394265174866
8RP0(1):CCC_21VU(1):H,0.0772420838475227
8GM8(1):B_9MYR(1):A,0.8783342838287354
8ONW(1):F_8S1X(1):B,0.5759448409080505
9EAV(1):C_8SJJ(1):C,0.001051772153005
9G8U(1):B_9P3F(1):B,0.0126346182078123
8BRT(1):A_9HAC(1):A,0.0006323550478555
8ROJ(1):A_8ROH(1):B,0.0180074945092201
8J48(1):D_9R2Z(1):A,0.0008942372514866
8UF4(1):B_8C0D(1):C,0.0033178960438817
9UDL(1):A_8ZA7(1):B,0.0192182846367359
9VO4(1):B_8PUT(1):A,0.1922876536846161
8IGD(1):B_8CCQ(1):A,0.0008656740537844
8TWD(1):A_8Q2E(1):A,0.7407086491584778
8BFI(1):B_9V8I(1):B,0.0017936083022505
8T19(1):B_8T19(1):A,0.0005763787776231
9UVE(1):C_9UVE(1):B,0.0003406745963729
9JWA(1):A_9H5R(1):A,0.0023715295828878
9PCA(1):B_8ROI(1):A,0.0001974124461412
9GAI(1):D_9CCK(1):C,0.0005404542316682
9K3E(1):C_9WBE(1):A,0.0022074643056839
8U6D(1):A_8UAI(1):B,0.0006772077758796
8Y2Z(1):A_8J09(1):A,0.0007500409265048
9IZ3(1):B_8I2F(1):B,0.0009255920886062
9PCA(1):A_8RP2(1):AAA,0.0019237771630287
9Q9V(1):A_8WHM(1):B,0.0014622575836256
8I2E(1):A_9HBL(1):A,0.0008528185426257
8WHL(1):A_8T6C(1):C,0.000474715110613
8PU3(1):A_8STP(1):B,0.0054617109708487
8HCI(1):A_8JI9(1):A,0.0031288187019526
8U6N(1):A_8I2E(1):B,0.0008986017783172
9C10(1):B_8OWS(1):A,0.0012296646600589
9OK4(1):B_8XYF(1):A,0.8021000623703003
9NTO(1):B_9KAH(1):A,0.0016092277364805
8G0K(1):A_8UAI(1):A,0.0018371214391663
9KAH(1):C_8T0P(1):A,0.0006748220766894
9T38(1):B_9G87(1):B,0.0005583734600804
8FUL(1):A_9KAN(1):B,0.9944832921028136
8T0P(1):B_8T9O(1):A,0.0003481867606751
8HFP(1):C_9IZ3(1):A,0.0014763526851311
9LPG(1):E_8PFC(1):A,0.0045417938381433
9JDD(1):A_8PEL(1):G,0.0543824061751365
9SDC(1):C_9B7D(1):B,0.0052290246821939
9OK4(1):B_8IH8(1):A,0.0092871142551302
9H5R(1):A_8SSM(1):C,0.0031649481970816
9H9V(1):B_9W3A(1):A,0.1187545955181121
9AVF(1):A_8CM0(1):A,0.0105787012726068
9U8Q(1):A_8T9O(1):B,0.0004805220814887
8PQQ(1):C_8JI9(1):A,0.9188140630722046
9H9V(1):G_8T6N(1):H,0.0008813802269287
8UAI(1):A_8OWS(1):A,0.0007105352124199
9W3A(1):A_8RIU(1):C,0.1186552718281745
8PUT(1):A_9ZCS(1):A,0.007978874258697
8U6N(1):A_9K1L(1):B,0.0054409052245318
9ST8(1):B_9VLL(1):A,0.0014725008513778
9C10(1):B_9C10(1):A,0.7644797563552856
8BRS(1):A_9SDC(1):A,0.0003689786535687
11LJ(1):A_9Z7O(1):A,0.0005231178365647
9K1U(1):B_8TWD(1):A,0.0006426297477446
8RP2(1):CCC_9P3F(1):A,0.0007003819337114
9RGL(1):A_8GM8(1):A,0.001501842867583
8JMR(1):B_8RP0(1):AAA,0.5258777141571045
9OLQ(1):B_8RYI(1):B,0.6469691395759583
8Y2Z(1):B_8SNF(1):A,0.0066560967825353
8S83(1):C_8BRQ(1):B,0.0036168824881315
9ILT(1):G_8ZHT(1):A,0.007921515032649
9CCV(1):A_8ROJ(1):B,0.0045649395324289
9RMM(1):A_9GAI(1):A,0.007340105716139
9V8I(1):A_9KAN(1):A,0.0004187278100289
8T9P(1):A_8VEO(1):B,0.0006228821002878
8QHN(1):D_9LPG(1):E,0.0020845353137701
8J4B(1):A_9P1C(1):A,0.0014100502012297
9B7D(1):A_9E15(1):B,0.0008571651997044
9HAD(1):B_8PEL(1):B,0.0333958901464939
8RJA(1):F_9H7Y(1):A,0.0054639908485114
9HNG(1):A_8JDI(1):A,0.0020352334249764
8J48(1):B_9ZDM(1):A,0.0014091153861954
9IKB(1):C_8RJA(1):F,0.002096117241308
9PZK(1):B_9PZK(1):A,0.0025971727445721
8RYI(1):A_9HAC(1):B,0.0035032755695283
9LP2(1):A_9M3I(1):D,0.000521877023857
9EAE(1):C_9B7D(1):A,0.0011807210976257
8C0D(1):B_8XT8(1):A,0.0010557791683822
8G0K(1):B_8Y2Z(1):A,0.0029573233332484
8CCQ(1):A_9UVD(1):B,0.0093953991308808
9WAQ(1):A_9R84(1):B,0.0010316132102161
8ONW(1):F_8GMH(1):D,0.0019509964622557
8RYI(1):B_8C0J(1):A,0.0006127263186499
8WT4(1):B_8G0P(1):A,0.0019749638158828
8XUD(1):I_9UVD(1):B,0.0049555045552551
9HMX(1):B_9G8U(1):A,0.0005877796211279
9H7Y(1):B_9H7Y(1):A,0.0014610930811613
8OUA(1):A_9F26(1):A,0.1549157798290252
9VZY(1):A_8ZD3(1):B,0.0014325863448902
9VO5(1):A_8C0D(1):B,0.0011394958710297
9EAE(1):C_9MYR(1):B,0.0007206567097455
8HCI(1):A_8U6N(1):A,0.9066197276115416
9PCA(1):A_9HLS(1):B,0.0022739733103662
9KUE(1):B_9KUE(1):A,0.0052878456190228
9K1U(1):B_9J4P(1):A,0.0018684336682781
8R7D(1):B_9VZC(1):A,0.0018650956917554
8P9U(1):C_8S05(1):C,0.0045304079540073
9WBE(1):D_8PU1(1):A,0.018955199047923
8IE2(1):A_8TWD(1):C,0.0021586860530078
8T6E(1):A_11LJ(1):C,0.1195438727736473
8G0P(1):B_8P9U(1):C,0.0019034531433135
8S1X(1):B_8I2E(1):B,0.0009130951366387
8BRT(1):B_8RP1(1):CCC,0.0013096593320369
9H9V(1):C_9H9V(1):B,0.0006699200603179
8FBD(1):A_9VNJ(1):A,0.0003727361035998
8FBD(1):B_9IKB(1):B,0.0006324508576653
8XEH(1):A_9NSD(1):G,0.0010392710100859
8PEL(1):G_8PEL(1):D,0.0004973497707396
9W3A(1):E_9U8Q(1):G,0.0006932128453627
8T6N(1):H_8VUF(1):A,0.000613514042925
9HAD(1):B_8G0P(1):A,0.0087840063497424
8ZVX(1):B_8S2M(1):B,0.9857965111732484
9C10(1):A_9ILT(1):G,0.088176429271698
21VU(1):A_8QVC(1):B,0.0004361873725429
9JWA(1):A_9ZEE(1):B,0.9659672379493712
9L6B(1):B_8PUT(1):A,0.0190944578498601
8U6H(1):A_9BT4(1):E,0.0005971409846097
8R7D(1):A_9PZK(1):A,0.0004317909770179
8XT8(1):A_9K1U(1):C,0.0011143427109345
9R84(1):B_9G87(1):B,0.000800649926532
9U8Q(1):A_9UTY(1):A,0.0049664052203297
8VLM(1):A_8WHI(1):F,0.0036082256119698
9KZL(1):C_8ONW(1):C,0.0034408220089972
8RP1(1):AAA_8U6H(1):B,0.0008199312724173
9ZEE(1):A_8GKO(1):C,0.3300306797027588
8T19(1):A_9F79(1):C,0.0004178113304078
8ZHT(1):B_8FZZ(1):B,0.0055469330400228
9PR8(1):C_8UAI(1):C,0.0162838362157344
8TYS(1):B_8TYS(1):A,0.0003781937994062
9GAI(1):C_9ST4(1):H,0.0028086130041629
8J48(1):D_8WT4(1):B,0.0010838019661605
8QL1(1):A_9UX0(1):B,0.0883478745818138
8C4Z(1):A_8OWS(1):C,0.0437378622591495
8RP2(1):AAA_8C4X(1):B,0.0006832106155343
8UH1(1):A_8S83(1):B,0.00643647974357
9ZDM(1):B_9L5U(1):A,0.011656817048788
9BKX(1):d_8RIU(1):C,0.0015167990932241
9Z7O(1):A_9P3J(1):B,0.0018396491650491
8HR0(1):B_8FCC(1):B,0.0065498366020619
8U45(1):C_8BGM(1):A,0.000930672918912
8ROJ(1):A_8WHL(1):E,0.000935606774874
8ROI(1):A_9S6C(1):A,0.0006438510026782
8RJA(1):E_8BOZ(1):A,0.0007609130698256
8X3G(1):C_8PQQ(1):C,0.0015228594420477
9L6B(1):A_9LP2(1):A,0.0009836887475103
9Q1H(1):B_9I25(1):A,0.0049036042764782
8T6C(1):C_8HS8(1):A,0.0047010998241603
8TWD(1):A_8FE8(1):A,0.0022416282445192
8U6D(1):B_8RZZ(1):A,0.0020583723671734
9JWA(1):B_9KUE(1):A,0.7099513411521912
8VET(1):B_8PF5(1):B,0.0051531749777495
9OK4(1):B_8J48(1):D,0.0006108379457145
8PEL(1):F_8PEL(1):E,0.0004974725306965
9S6C(1):A_8ONW(1):C,0.0065876902081072
9ZLL(1):D_9OMD(1):C,0.2288269698619842
8FE8(1):B_9S6C(1):C,0.9571154713630676
8RPP(1):D_9QAA(1):A,0.0012991984840482
9MYT(1):B_9U8Q(1):A,0.0006683952524326
8S83(1):C_8S83(1):B,0.0005568526103161
9U8Q(1):G_9P1C(1):A,0.8191655874252319
8WT4(1):B_8HFP(1):C,0.0002989033528137
9EA8(1):A_9HNG(1):B,0.0193795673549175
9B7D(1):B_8QNQ(1):A,0.002721071941778
8GMH(1):C_9S6C(1):A,0.0068511967547237
8FE8(1):B_8Z22(1):B,0.1051772013306617
9HMX(1):A_9J9W(1):A,0.2152948230504989
8Q2E(1):C_9ZBE(1):B,0.0057127284817397
8JI9(1):A_8GM8(1):A,0.0020135035738348
9LPG(1):A_8ROI(1):B,0.2811199128627777
8GKO(1):C_8I3F(1):A,0.0135777238756418
9AVF(1):B_9KZL(1):A,0.0013031617272645
9RGL(1):F_8TYS(1):A,0.0079423701390624
9HAD(1):C_9HAD(1):B,0.0005138394772075
8X3G(1):B_9VZY(1):D,0.0009735442581586
8T6N(1):H_9G87(1):B,0.0021802594419568
8PEL(1):C_8CRA(1):E,0.0054575377143919
9GAI(1):B_8YRE(1):A,0.1887948662042617
8OUA(1):C_8OWU(1):D,0.0007473588339053
9R2Z(1):B_9G87(1):B,0.0012480297591537
8T6E(1):A_8VUF(1):A,0.0015205431263893
9UDL(1):B_8OWS(1):C,0.0019706469029188
9U8Q(1):A_8WOK(1):A,0.0011326487874612
9NSD(1):B_8PEL(1):F,0.0009393722866661
9S6C(1):A_8SNF(1):D,0.0079447031021118
9HLS(1):A_8ZVX(1):A,0.0031690774485468
9K1U(1):B_9H5R(1):A,0.005964231211692
8SJJ(1):A_8GKO(1):A,0.0026402988005429
8WT4(1):B_9K1U(1):C,0.0110941678285598
8GM8(1):B_9FN0(1):A,0.0028744284063577
9VO4(1):B_8VLM(1):B,0.0060446825809776
8U6G(1):A_8VUM(1):A,0.4006572961807251
8CRA(1):A_8PUT(1):A,0.0002447120205033
9HAC(1):B_8BRT(1):A,0.0027946808841079
9VZY(1):A_9K1U(1):C,0.0027633639983832
8ZHT(1):B_9SDC(1):C,0.0002494272193871
8UH1(1):B_8UH1(1):A,0.004613428376615
9EAV(1):A_8X3G(1):C,0.693700909614563
8TWD(1):C_8RP2(1):CCC,0.0004929114948026
8I3E(1):C_8I3E(1):B,0.7540116310119629
9SDC(1):C_9SDC(1):A,0.0817663744091987
9ST8(1):A_8R3A(1):A,0.9737780690193176
9GAI(1):C_8JDI(1):A,0.0195062067359685
30KY(1):B_30KY(1):C,0.0087850857526063
9Q9V(1):B_9W3A(1):A,0.0081734405830502
8K0H(1):B_9PCA(1):B,0.0819071605801582
8JMQ(1):A_8JMQ(1):B,0.0705876350402832
9VZC(1):B_8YNX(1):B,0.0011117348913103
9DD1(1):A_8ZHT(1):A,0.0003660377988126
9BT4(1):E_8S2M(1):B,0.0249968990683555
9JDI(1):C_8ZA7(1):A,0.0017576789250597
8QVC(1):A_8OWS(1):C,0.1835127025842666
11LJ(1):C_9KW6(1):C,0.0017912162002176
9P3F(1):B_9KAH(1):C,0.0035925970878452
8BWV(1):B_9P3J(1):B,0.0008721220074221
9W3A(1):A_8EZR(1):B,0.0018288863357156
8CRA(1):A_8QL1(1):B,0.0901893824338913
9SDC(1):A_8U6H(1):B,0.986663818359375
9E1J(1):A_8QNL(1):A,0.0005245876382105
8SJJ(1):C_8T0P(1):A,0.0170392878353595
9VZY(1):D_9VZY(1):A,0.0002782587544061
9HLO(1):B_9BAE(1):B,0.8463406562805176
8FAR(1):A_9C10(1):A,0.1072344183921814
8BGM(1):A_9B7D(1):A,0.0013027844252064
9ILT(1):E_8U45(1):A,0.0046876766718924
9AVF(1):A_8BRT(1):B,0.000586891779676
8GM8(1):A_8PUT(1):A,0.0018438498955219
9DD1(1):A_9PHV(1):A,0.0013402845943346
9X2R(1):A_8RQZ(1):C,0.0783510878682136
9RK9(1):A_8SSM(1):B,0.0025006344076246
8CM0(1):A_8Q2E(1):B,0.9236177802085876
9PR8(1):A_8G0K(1):A,0.0036633117124438
8OWS(1):A_9H9V(1):G,0.1080222204327583
8RJA(1):E_9ZDM(1):B,0.0020742192864418
9M3I(1):D_8T19(1):B,0.0006129234097898
9DOD(1):A_8STU(1):A,0.0113630108535289
8CM0(1):A_12NP(1):A,0.0018079618457704
9BAE(1):B_8ROJ(1):A,0.0004755180852953
9Z7O(1):C_9ZEE(1):B,0.0046510444954037
9ZCS(1):B_8FZZ(1):A,0.0010384885827079
9LEW(1):B_8RP0(1):CCC,0.9193257093429564
8JI9(1):A_8PEL(1):F,0.0045733670704066
9X2R(1):B_8XEH(1):A,0.0076738186180591
8PEL(1):C_9SDC(1):C,0.0291291922330856
9IZ3(1):A_9ZBE(1):B,0.0003195336612407
8HDD(1):C_9K1L(1):A,0.0022766990587115
9S6C(1):C_11LJ(1):A,0.0006889129872433
8BFI(1):C_8UH1(1):B,0.0005046715959906
9B7D(1):A_8BRS(1):B,0.0018371843034401
8K0H(1):B_9IKB(1):G,0.0206973925232887
8YRE(1):D_8FFX(1):A,0.9735552668571472
9EAV(1):D_8FUL(1):A,0.0013341581216081
8PF5(1):C_8EZR(1):B,0.0006731385365128
8T9P(1):A_8BOZ(1):A,0.0027171357069164
9ST8(1):A_8T6N(1):A,0.0099782273173332
9BKX(1):D_8Y77(1):B,0.1747926026582718
8WT4(1):B_8RP1(1):CCC,0.9542747139930724
8ONW(1):C_8ONW(1):B,0.0058760219253599
8U6N(1):A_9OLQ(1):B,0.0206847637891769
9ZEE(1):B_9F26(1):C,0.2398449480533599
9VZC(1):B_9VZC(1):A,0.0173355098813772
8BWV(1):B_8BWV(1):A,0.0014930390752851
9J4P(1):B_9V8I(1):A,0.0015839036786928
8GMH(1):D_8STP(1):B,0.0003899963048752
21ZX(1):C_8PU3(1):A,0.0013324508909136
9V8I(1):A_8Q2E(1):A,0.8082990646362305
9KAH(1):C_9KAH(1):A,0.0145575059577822
9GWJ(1):C_8WT4(1):A,0.0061198137700557
8CB2(1):BBB_8SNF(1):A,0.0073406547307968
8FBD(1):B_8VET(1):B,0.0035080544184893
9IKB(1):G_9IKB(1):C,0.0017272531986236
8I8Y(1):A_8JDI(1):A,0.9049977660179138
9H5R(1):A_9OMD(1):C,0.0018235276220366
21ZX(1):F_8K0H(1):A,0.0007370270323008
9KW6(1):A_9HNG(1):B,0.0011368721025064
9UDL(1):B_9V8I(1):A,0.6656666994094849
8C4X(1):A_9KUE(1):C,0.0026553140487521
8UAI(1):C_8WT0(1):B,0.0045263753272593
8RYI(1):B_9KW6(1):C,0.0024585661012679
8ROI(1):A_8RPP(1):D,0.9352240562438964
9L6B(1):A_9ILT(1):F,0.0007923918892629
8Q66(1):B_9LP2(1):C,0.0018620196497067
9KW6(1):C_9LEW(1):B,0.0031642098911106
8FBD(1):B_8JDI(1):A,0.006739845033735
9P1C(1):A_9LPG(1):E,0.0012186755193397
8G0P(1):A_8Y96(1):C,0.0070388452149927
9BT4(1):G_9VO5(1):B,0.0017566034803166
9DD1(1):C_8R7D(1):A,0.0016999735962599
9E15(1):A_8QNL(1):A,0.9909201860427856
9UX0(1):B_9HLO(1):B,0.0002561600122135
9ERV(1):B_8J4B(1):B,0.00452317064628
8XSU(1):C_8ROJ(1):A,0.0012141364859417
30KY(1):B_8Y96(1):C,0.0053316187113523
8TYS(1):B_8WHL(1):E,0.9930073022842408
8CB2(1):BBB_8CB2(1):AAA,0.0007560660596936
9H9V(1):E_30KY(1):C,0.0047851740382611
9ZDM(1):A_8HXI(1):B,0.0010514389723539
9J9W(1):B_8C0D(1):B,0.001281117554754
9VZY(1):D_9KAH(1):C,0.0017550361808389
9H7Y(1):B_9EAV(1):A,0.4773622751235962
8RZZ(1):A_8FAR(1):A,0.0013921108329668
8CRA(1):E_9UVD(1):B,0.003500425023958
8X3G(1):B_9H7Y(1):A,0.0368262641131877
8HXI(1):A_9JDI(1):C,0.0018872423097491
9L5U(1):C_9NSD(1):B,0.0018013855442404
9MYT(1):A_9KAH(1):C,0.0139284133911132
9AVF(1):A_8HCI(1):A,0.0007615935173816
8JMR(1):B_8VET(1):B,0.0082209603860974
9ST8(1):A_8C4Z(1):B,0.0014937267405912
9RK9(1):B_9UX0(1):A,0.0057023861445486
9T38(1):A_8IE2(1):A,0.0101575069129467
9M3I(1):D_8HFP(1):C,0.0161407068371772
9P1C(1):B_9P1C(1):A,0.0043591810390353
8QNL(1):A_8Y96(1):C,0.001012019929476
9RK9(1):A_8WHI(1):A,0.0003214714524801
9UDL(1):A_8CN3(1):B,0.0006305267452262
8I2F(1):A_9DD1(1):C,0.0108458381146192
9ZBE(1):B_9ZBE(1):A,0.8297849297523499
8PUT(1):E_8U6G(1):B,0.0049421335570514
8GJU(1):H_9M3I(1):C,0.020583901554346
8PF5(1):A_8RZZ(1):A,0.0003251210728194
8ROI(1):B_8ROI(1):A,0.4707767069339752
8QVC(1):A_9VO4(1):A,0.0103935413062572
8STS(1):B_8ROH(1):A,0.0003078146837651
9BT4(1):G_9BT4(1):B,0.0009598658652976
8OWU(1):D_8T9P(1):A,0.000611730501987
8R3A(1):A_8J64(1):A,0.0026839899364858
8K0H(1):B_8K0H(1):A,0.0146674579009413
9UTY(1):A_9NTO(1):B,0.0260938536375761
8CN3(1):A_9WAQ(1):B,0.0023187238257378
9BIY(1):A_9OMD(1):I,0.0018087348435074
8VET(1):B_9UTY(1):B,0.3641850650310516
8SSM(1):B_8Q2E(1):A,0.0112521927803754
8HXI(1):B_8ZA7(1):A,0.0025913047138601
9AVF(1):A_9KUE(1):C,0.0007966270204633
8RIU(1):C_8VET(1):A,0.0003085106727667
8BRQ(1):B_9M3I(1):C,0.0041796606965363
9VO4(1):B_8SNF(1):A,0.006505908910185
9WAQ(1):B_9H5R(1):A,0.0019672717899084
8R3A(1):A_9G87(1):B,0.0009558047750033
8G0K(1):B_8PEL(1):E,0.0097145438194274
8JMR(1):B_8JMR(1):A,0.0010319360299035
8FUL(1):B_9K3E(1):B,0.0007672261563129
8PUT(1):E_8FZZ(1):B,0.0005555088282562
8HCI(1):B_9F79(1):A,0.000878231076058
8VET(1):B_9L5U(1):C,0.0028121848590672
8IE2(1):E_8QNL(1):A,0.005865454673767
8C4Z(1):B_8C4Z(1):A,0.002537363441661
8HCI(1):B_9LP2(1):C,0.0005216216086409
8K0H(1):A_9EAV(1):D,0.0498856082558631
8ROJ(1):B_8HDD(1):C,0.0454171299934387
8YN0(1):C_8XSU(1):C,0.008483437821269
9I25(1):A_9I25(1):C,0.0143567873165011
8SNF(1):D_8RYI(1):A,0.0014276412548497
8Z22(1):C_9NSD(1):G,0.0031369107309728
8FAR(1):A_8U6D(1):A,0.0119925839826464
9KAN(1):A_8G0P(1):A,0.0014840268995612
21VU(1):A_9W3A(1):E,0.0087823709473013
8PF5(1):B_9FN0(1):A,0.0009949285304173
8RPP(1):D_30KY(1):B,0.0026443388778716
8GKO(1):A_8UAI(1):C,0.0004178171220701
9BT4(1):E_9BT4(1):A,0.0005594871472567
9LEW(1):A_9EAE(1):C,0.0011011689202859
8HCI(1):A_9DOD(1):B,0.0110377958044409
8ROI(1):B_8ZHT(1):B,0.0020289942622184
8J09(1):B_8J09(1):A,0.0025435730349272
9F79(1):C_9ZCS(1):A,0.004030670505017
8GJU(1):A_8CN3(1):A,0.0032774826977401
9IKB(1):C_8CRA(1):E,0.0111378403380513
8PUT(1):E_8EY4(1):A,0.0020001896191388
9HBL(1):A_9OLQ(1):A,0.9067896604537964
8WT4(1):A_8C0D(1):C,0.0007029477856121
8ROJ(1):B_8UF4(1):B,0.1677336394786834
9LEW(1):A_8XUD(1):A,0.0006274218321777
8G0P(1):A_8FE8(1):B,0.0018387475283816
8QNQ(1):C_8WHM(1):A,0.0041302004829049
8RZZ(1):A_9Q9V(1):A,0.0045260116457939
8C0D(1):C_9LP2(1):A,0.0049433605745434
8STS(1):A_9IZ3(1):B,0.0006449109641835
9EA8(1):B_9EA8(1):A,0.0005213569384068
9KAN(1):A_9NTN(1):G,0.0026060554664582
