pair,D-SCRIPT,Topsy-Turvy,TT3D,TUnA,PLM-interact,PLMDA-PPI
P41005_Q09760,0.0033228,0.0033228,0.033969,0.02006685547530651,0.9090347290039062,0.0151386754587292
O13826_O43036,0.0032286,0.0032286,0.033577,0.03990884870290756,0.9990414977073668,0.0095216799527406
P10815_Q10113,0.0036484,0.0036484,0.034925,0.19721633195877075,0.9806219339370728,0.5554825663566589
Q09177_O74499,0.0033198,0.0033198,0.61976,0.15018270909786224,0.9985013008117676,0.0250396598130464
O94620_O94263,0.003223,0.003223,0.033619,0.7202398777008057,0.9988414645195008,0.050312865525484
O14329_O94616,0.022677,0.022677,0.033592,0.24634075164794922,0.0017336970195174,0.0030764271505177
O13672_O74433,0.0036974,0.0036974,0.033536,0.08286229521036148,0.9988559484481812,0.0045934449881315
O13936_O14399,0.00415,0.00415,0.035627,0.0638432651758194,0.0088220927864313,0.0046905851922929
P40848_P87324,0.0035418,0.0035418,0.033855,0.24299609661102295,0.9986392855644226,0.0958455204963684
O74533_P36582,0.0033097,0.0033097,0.033658,0.01655801385641098,0.0032016218174248,0.0047423471696674
P40984_O13712,0.010176,0.010176,0.033658,0.003477748017758131,0.0014960798434913,0.0026556523516774
O74184_O60129,0.0032245,0.0032245,0.041605,0.48337480425834656,0.0785191431641578,0.0165403261780738
O74555_P27584,0.0033116,0.0033116,0.033725,0.009108440950512886,0.0040348591282963,0.0020115307997912
O59800_O74772,0.0036634,0.0036634,0.11213,0.11180095374584198,0.0285030957311391,0.1393201053142547
P41887_Q10432,0.0032101,0.0032101,0.033806,0.23090040683746338,0.0068515157327055,0.0286882631480693
P40377_Q9P7E0,0.0035569,0.0035569,0.033606,0.18868783116340637,0.002037416677922,0.0014264670899137
O14198_Q10317,0.0035725,0.0035725,0.034343,0.34930574893951416,0.99905925989151,0.811057448387146
P0CU09_Q09808,0.0031398,0.0031398,0.033697,0.14872236549854279,0.99897962808609,0.4619891047477722
Q9USG6_P78789,0.0032821,0.0032821,0.033901,0.14543510973453522,0.0012860867427662,0.0178273431956768
P05733_Q9UT46,0.0048633,0.0048633,0.034312,0.14206719398498535,0.0066622947342693,0.0025750272907316
P87231_Q09170,0.004879,0.004879,0.034075,0.006723880767822266,0.9984526634216307,0.9848731756210328
P48011_Q9P7P1,0.0040626,0.0040626,0.033633,0.003166629234328866,0.032152134925127,0.0109693817794322
O74533_Q9HDY7,0.0036582,0.0036582,0.033675,0.09850655496120453,0.0106811793521046,0.0182965770363807
Q10173_Q9Y7R3,0.0031755,0.0031755,0.033623,0.11150363832712173,0.0037493547424674,0.0836875364184379
O60150_C6Y4D0,0.0032721,0.0032721,0.03427,0.1307435929775238,0.0297611560672521,0.0021846580784767
O94534_O43080,0.0032361,0.0032361,0.033511,0.032766006886959076,0.0063282917253673,0.0118035785853862
Q96WV9_O74791,0.0062537,0.0062537,0.034055,0.6454359292984009,0.9984304308891296,0.0188741851598024
P33886_Q09892,0.033715,0.033715,0.274,0.6773891448974609,0.999030828475952,0.3019858598709106
O94646_Q9Y821,0.45489,0.45489,0.042128,0.2012370079755783,0.999113380908966,0.9930741786956788
O74515_Q9P7Y4,0.0034053,0.0034053,0.034368,0.010784969665110111,0.9990171194076538,0.018193470314145
Q9P7B7_O94658,0.0063309,0.0063309,0.06189,0.3744364082813263,0.9989824891090392,0.1618357300758361
O74983_Q9P7P1,0.0039669,0.0039669,0.033682,0.3812049329280853,0.9635980725288392,0.0515597388148307
P21534_Q09191,0.0038326,0.0038326,0.033543,0.8575654029846191,0.0018197604222223,0.0024438283871859
Q09772_P36625,0.0033356,0.0033356,0.033946,0.3442588150501251,0.998933732509613,0.9544828534126282
Q10585_Q9Y7M6,0.003201,0.003201,0.033487,0.4278543293476105,0.0127783203497529,0.7811613082885742
O74771_P32390,0.0033444,0.0033444,0.033538,0.6762322783470154,0.0449269898235797,0.0242542810738086
Q9P7F9_Q09822,0.0032591,0.0032591,0.033572,0.3336429297924042,0.0007441140478476,0.0005416083149611
Q10282_P87314,0.003455,0.003455,0.20002,0.03739507496356964,0.998915672302246,0.0845056623220443
P25457_Q10192,0.0075759,0.0075759,0.1009,0.16455429792404175,0.999025583267212,0.9962047934532166
Q09177_P54789,0.0032627,0.0032627,0.033871,0.11322258412837982,0.9977995753288268,0.0116591034457087
O59793_Q9USM8,0.003245,0.003245,0.033757,0.048645976930856705,0.0047630574554204,0.98308002948761
P26306_O74718,0.0035321,0.0035321,0.034518,0.48573827743530273,0.99830961227417,0.1261827051639557
O94609_O74991,0.0033909,0.0033909,0.033756,0.5116148591041565,0.0150985661894083,0.2450857907533645
O94272_O74955,0.003543,0.003543,0.033729,0.5806431770324707,0.0031006769277155,0.0027995582204312
P78953_P0CU09,0.0031575,0.0031575,0.034039,0.4948732256889343,0.0052597867324948,0.1885241121053695
Q09127_O74854,0.0032757,0.0032757,0.033691,0.13140869140625,0.0030558812431991,0.0140027962625026
Q96WW3_P42656,0.0033189,0.0033189,0.033879,0.2650461196899414,0.9976929426193236,0.1240249052643776
O74653_O74983,0.0085222,0.0085222,0.035381,0.12028474360704422,0.0269594006240367,0.0017498011002317
O74904_Q9US59,0.0042028,0.0042028,0.034219,0.22431530058383942,0.0062774447724223,0.0062322840094566
P79005_P40235,0.0053412,0.0053412,0.045586,0.20979194343090057,0.0523324385285377,0.2142276465892791
Q09763_Q10322,0.0031956,0.0031956,0.033795,0.1298443228006363,0.0016032013809308,0.1292368918657302
O42991_Q9Y7U4,0.0080405,0.0080405,0.034375,0.004466112703084946,0.0536236017942428,0.1280152648687362
P87159_Q09191,0.0033291,0.0033291,0.033691,0.31923502683639526,0.0049719740636646,0.024146169424057
Q9P7M1_Q09150,0.0031096,0.0031096,0.033918,0.35955071449279785,0.040567297488451,0.0353472158312797
P56288_Q9USP0,0.0041372,0.0041372,0.64217,0.30986708402633667,0.0087111908942461,0.4949485063552856
Q10056_O74910,0.0037524,0.0037524,0.03471,0.8587474226951599,0.0263142883777618,0.8227801322937012
Q9UST6_Q10343,0.0033287,0.0033287,0.033804,0.0891147330403328,0.01042733900249,0.0237252786755561
Q9US59_O74499,0.0045812,0.0045812,0.034505,0.0009686456760391593,0.0042056255042552,0.0057365661486983
P87051_O60104,0.0031304,0.0031304,0.033692,0.14417564868927002,0.9990682005882264,0.0033571401145309
O74533_C6Y4D0,0.0045789,0.0045789,0.033524,0.304532527923584,0.9989815354347228,0.040279746055603
O14246_O14097,0.0078781,0.0078781,0.035729,0.024881141260266304,0.9981091022491456,0.5381664633750916
Q9P802_Q9UTI3,0.0032317,0.0032317,0.033559,0.0721919909119606,0.0071143256500363,0.025006715208292
Q09116_O13978,0.003303,0.003303,0.033448,0.04143301025032997,0.0028155737090855,0.0550017841160297
O74560_Q9URY0,0.0031926,0.0031926,0.039774,0.1940459907054901,0.0300774313509464,0.217716634273529
Q9Y709_P50527,0.0040325,0.0040325,0.034337,0.07416729629039764,0.1545473039150238,0.007054807152599
O94355_Q6BDR8,0.0032985,0.0032985,0.034241,0.09404931962490082,0.0161645840853452,0.0182775873690843
O59945_P27584,0.0032072,0.0032072,0.034978,0.28712084889411926,0.9641743302345276,0.0056072920560836
O74515_P50527,0.0079683,0.0079683,0.034418,0.25598958134651184,0.007197125814855,0.0194938480854034
O94321_O94444,0.0033834,0.0033834,0.033542,0.3534694015979767,0.0061962925828993,0.2227736115455627
Q9USP0_Q9P7W4,0.003298,0.003298,0.034256,0.4660377502441406,0.0018693881575018,0.0496924370527267
O42978_Q9P7F9,0.003316,0.003316,0.033805,0.5309293866157532,0.0005041273543611,0.0008624097681604
Q10322_P30261,0.0035904,0.0035904,0.034349,0.2592896819114685,0.0824715346097946,0.8988581299781799
P79065_Q10113,0.38998,0.38998,0.03398,0.19369179010391235,0.99899560213089,0.9676434993743896
Q9UST6_Q9Y7Z1,0.0032781,0.0032781,0.034578,0.10079766064882278,0.0055370600894093,0.8713529706001282
P13681_Q9P779,0.0034447,0.0034447,0.069768,0.02918306738138199,0.011494125239551,0.0074666487053036
O42995_Q09924,0.0031232,0.0031232,0.06208,0.2635090947151184,0.0181374382227659,0.0150305600836873
P40848_O94547,0.0033577,0.0033577,0.033866,0.6132433414459229,0.0403131395578384,0.2843972444534302
P0CT68_P50582,0.003223,0.003223,0.033639,0.177708238363266,0.0235063713043928,0.0471005253493785
Q0E7J7_O36027,0.0031771,0.0031771,0.034322,0.31074920296669006,0.0425572395324707,0.0225492883473634
O74446_O14098,0.0034771,0.0034771,0.033812,0.09528589248657227,0.0367401093244552,0.007869878783822
P0CF96_Q9UUC6,0.0039264,0.0039264,0.036775,0.184768408536911,0.9986966252326964,0.0187068544328212
P14575_O94668,0.0034799,0.0034799,0.033472,0.0019062744686380029,0.0091417906805872,0.0008094415534287
P06652_Q9UTS6,0.0031226,0.0031226,0.033624,0.15128979086875916,0.0119682168588042,0.0498159006237983
Q9USP0_P04551,0.0039733,0.0039733,0.033753,0.13599179685115814,0.0013826577924191,0.002250893972814
Q10218_P87215,0.003374,0.003374,0.0335,0.24033989012241364,0.9985045194625854,0.0141164073720574
O14122_O74988,0.0031714,0.0031714,0.033521,0.28931713104248047,0.0014015911146998,0.0007530423463322
O74471_P36622,0.0034349,0.0034349,0.033531,0.08328711986541748,0.0018175400327891,0.0004566964635159
O13836_O94376,0.0040777,0.0040777,0.034677,0.11290938407182693,0.96355801820755,0.0132845202460885
O14064_Q06182,0.003761,0.003761,0.033875,0.15096905827522278,0.9987359642982484,0.2450241893529892
Q9Y7Z1_O14140,0.2328,0.2328,0.047224,0.5192596316337585,0.9989153146743774,0.8692192435264587
Q9UUB7_Q09717,0.0032982,0.0032982,0.033993,0.4600535035133362,0.0165381543338298,0.0096718380227684
Q96WV9_Q09882,0.0034686,0.0034686,0.034093,0.09000379592180252,0.9982208609580994,0.4071995913982391
O74774_Q10109,0.0035646,0.0035646,0.034,0.16565772891044617,0.0032667180057615,0.3285752534866333
O94288_Q9Y709,0.0035843,0.0035843,0.034931,0.1232759952545166,0.007187969982624,0.0025715297088027
O94542_O42661,0.011381,0.011381,0.034174,0.07307642698287964,0.3475911915302276,0.008874449878931
O74399_O43114,0.0032013,0.0032013,0.033887,0.4674191474914551,0.037161037325859,0.1404046267271042
P32434_Q09819,0.0031886,0.0031886,0.033649,0.09920165687799454,0.0054916855879127,0.068024106323719
P10815_Q09685,0.0032913,0.0032913,0.034246,0.2875625193119049,0.1402092427015304,0.9138346314430236
Q9P6Q0_Q09819,0.0031581,0.0031581,0.033877,0.226385235786438,0.9981808662414552,0.3426487445831299
O94687_O14459,0.0044019,0.0044019,0.051449,0.0972687304019928,0.998446762561798,0.0489755868911743
Q11120_P78929,0.0035684,0.0035684,0.033715,0.016127370297908783,0.0128344325348734,0.0665510520339012
P30261_Q9Y7Z7,0.0033057,0.0033057,0.03398,0.29547691345214844,0.0174338091164827,0.2056693583726883
Q09772_O42978,0.0035416,0.0035416,0.036385,0.19824004173278809,0.998879373073578,0.0029426014516502
Q9USH1_Q9UTR8,0.003894,0.003894,0.034896,0.20327197015285492,0.9990227222442628,0.3107426166534424
O94326_P87174,0.0033351,0.0033351,0.033947,0.06608446687459946,0.9990153312683104,0.6604820489883423
Q9Y821_O74985,0.0034563,0.0034563,0.033689,0.46826115250587463,0.9988553524017334,0.3715368509292602
O42709_O42844,0.0033458,0.0033458,0.033933,0.26779255270957947,0.998789370059967,0.258813202381134
Q9UU79_Q9P7M3,0.0038516,0.0038516,0.034239,0.116029292345047,0.0749304071068763,0.0027015872765332
Q09330_Q9P7X1,0.0035199,0.0035199,0.033672,0.04339565336704254,0.0058523318730294,0.1855474710464477
Q09808_O94556,0.003314,0.003314,0.033783,0.24368181824684143,0.0363251082599163,0.8716054558753967
Q07538_P05219,0.0089498,0.0089498,0.035252,0.0798148512840271,0.998729407787323,0.2223175764083862
O74471_O94603,0.0036364,0.0036364,0.033574,0.0964222326874733,0.0036588292568922,0.0007916401373222
P27638_Q9P7B8,0.0034811,0.0034811,0.03356,0.2966306507587433,0.0161082465201616,0.0752576068043708
O14350_Q10134,0.003238,0.003238,0.033557,0.04424070939421654,0.0304547883570194,0.4865165650844574
P41412_Q10169,0.003618,0.003618,0.039057,0.14822918176651,0.0035895004402846,0.0539083369076252
O74804_O74790,0.0073686,0.0073686,0.033478,0.4739571809768677,0.0118618980050086,0.0725585594773292
O94444_Q09196,0.0037339,0.0037339,0.033455,0.19091744720935822,0.0125555275008082,0.0014556207461282
P36618_O94542,0.003314,0.003314,0.034104,0.195902481675148,0.0066182482987642,0.0971125289797782
Q9UST6_Q10113,0.039887,0.039887,0.034053,0.33098113536834717,0.998595416545868,0.3570083379745483
Q10428_O74895,0.0045652,0.0045652,0.038043,0.017452867701649666,0.0077292709611356,0.358593076467514
Q09924_P87074,0.0035643,0.0035643,0.033897,0.05227213352918625,0.6992833018302917,0.0630324110388755
Q9P6R1_Q10430,0.0031129,0.0031129,0.033646,0.18634971976280212,0.9981704950332642,0.113263338804245
P10989_P32372,0.0031995,0.0031995,0.0343,0.11099166423082352,0.0242514610290527,0.0317703187465667
Q09698_Q9P7W4,0.003318,0.003318,0.043989,0.013237475417554379,0.0114423474296927,0.6089102625846863
O74531_P27584,0.0045923,0.0045923,0.033652,0.25058066844940186,0.04391610622406,0.0241245105862617
O13782_P09322,0.0032452,0.0032452,0.033517,0.36577364802360535,0.0065771196968853,0.065941497683525
O36027_O42634,0.0033602,0.0033602,0.033648,0.0632900595664978,0.0188513919711112,0.0045513561926782
O74825_P52822,0.0034342,0.0034342,0.033893,0.06705787777900696,0.9990836381912231,0.3343527913093567
Q10067_Q9Y794,0.10883,0.10883,0.0344,0.16366523504257202,0.0019856251310557,0.9114248156547546
Q9P7Y4_Q9P7F9,0.0039181,0.0039181,0.033688,0.5108602046966553,0.0021765923593193,0.0008661196334287
O43036_Q9USL5,0.0032002,0.0032002,0.033675,0.06871561706066132,0.9990615248680116,0.0564789399504661
P36582_P10989,0.0046848,0.0046848,0.034284,0.5525097250938416,0.0199084840714931,0.0108742881566286
O13758_O42975,0.0032707,0.0032707,0.035771,0.22141382098197937,0.1937365978956222,0.944264829158783
O42905_P36601,0.003611,0.003611,0.033735,0.3898855447769165,0.0155440643429756,0.0229214075952768
P40995_O60164,0.0037611,0.0037611,0.034279,0.23843389749526978,0.0015315507771447,0.0415194369852542
Q09142_O14343,0.004289,0.004289,0.034525,0.10321549326181412,0.0412774085998535,0.9785862565040588
P01129_O13978,0.0031641,0.0031641,0.033574,0.3225299119949341,0.0194666851311922,0.129051074385643
Q9USZ3_Q9UUE5,0.004414,0.004414,0.033508,0.5026552081108093,0.998658299446106,0.0195360369980335
O14180_O94603,0.0033069,0.0033069,0.035417,0.4614887237548828,0.0181531701236963,0.0112832589074969
O13758_O94268,0.0050564,0.0050564,0.064648,0.6913785338401794,0.9985034465789796,0.9846721291542052
O42991_Q9P6R1,0.0041451,0.0041451,0.03396,0.560200035572052,0.0449242442846298,0.0561822988092899
Q9P7T4_O74533,0.0033827,0.0033827,0.03469,0.1838381141424179,0.9985758066177368,0.2052525579929351
P56523_Q10159,0.0034304,0.0034304,0.033548,0.39531373977661133,0.0026295308489352,0.0677152872085571
Q9HGL6_O14269,0.003429,0.003429,0.033582,0.15611833333969116,0.9988574981689452,0.1206733062863349
O60158_P12000,0.0056821,0.0056821,0.033879,0.13489747047424316,0.0019929136615246,0.0555879287421703
O42667_P40997,0.0033605,0.0033605,0.033601,0.7098790407180786,0.0086025325581431,0.043347742408514
Q10353_P87126,0.0066593,0.0066593,0.041705,0.09970512986183167,0.9981271624565125,0.3210813105106354
P36618_Q9UU79,0.0031744,0.0031744,0.033861,0.15061023831367493,0.0068706069141626,0.0071293055079877
O74895_O94658,0.30168,0.30168,0.16105,0.300626665353775,0.9989049434661864,0.9973629117012024
O14327_Q9P7Q8,0.0032642,0.0032642,0.033981,0.10282150655984879,0.0022104461677372,0.0159629937261343
Q7LL14_Q9UT86,0.0037434,0.0037434,0.099669,0.48951974511146545,0.0111306793987751,0.1076399832963943
Q9USV1_P05733,0.0067332,0.0067332,0.035667,0.04159219563007355,0.0502152629196643,0.0041113095358014
Q9UTR8_O60187,0.010348,0.010348,0.034693,0.0409839004278183,0.998791515827179,0.9448536038398744
Q09170_Q9UUE5,0.027611,0.027611,0.033781,0.07213225960731506,0.0193015914410352,0.1096581146121025
O60052_Q10330,0.0038305,0.0038305,0.03369,0.08397583663463593,0.0121438354253768,0.8005838394165039
O94360_O94717,0.0032093,0.0032093,0.033811,0.2734609842300415,0.0023245997726917,0.0017967587336897
Q10163_O74774,0.0050651,0.0050651,0.034003,0.4433545172214508,0.9990720748901368,0.0156703032553195
O94603_O13688,0.0033039,0.0033039,0.038269,0.09305451065301895,0.0805443376302719,0.9880043268203736
P25457_O94326,0.0033194,0.0033194,0.034237,0.07060519605875015,0.999024510383606,0.8364414572715759
O74904_P87323,0.0040711,0.0040711,0.033637,0.010352653451263905,0.002645687200129,0.0023382930085062
O14216_O59790,0.0032827,0.0032827,0.033774,0.24113060534000397,0.9988951086997986,0.1683474332094192
P21135_O94707,0.0032484,0.0032484,0.034392,0.13988830149173737,0.9988697171211244,0.9479670524597168
Q9USP9_O75001,0.0035324,0.0035324,0.036591,0.4718122184276581,0.0112987915053963,0.1173404529690742
P36601_O74958,0.0041918,0.0041918,0.033603,0.26570555567741394,0.0092486543580889,0.0164803434163332
O13790_Q11120,0.0032677,0.0032677,0.033827,0.11426947265863419,0.000936270749662,0.0022555086761713
P78774_O94646,0.0032033,0.0032033,0.033702,0.073256716132164,0.0418440327048301,0.4399619400501251
O14329_Q10951,0.0035072,0.0035072,0.033569,0.08496726304292679,0.0089970659464597,0.1664149314165115
O13836_P0CT60,0.0035339,0.0035339,0.033993,0.03821554407477379,0.0143535956740379,0.0027386681176722
Q92399_O13758,0.0043091,0.0043091,0.048629,0.09984661638736725,0.9972379207611084,0.0117703974246978
Q9HFE5_P26306,0.003263,0.003263,0.033793,0.04903582111001015,0.0095577016472816,0.0870039835572242
Q92352_P52890,0.003184,0.003184,0.033585,0.38542667031288147,0.0198484379798173,0.1634742021560669
Q53EK2_Q10585,0.0031612,0.0031612,0.033506,0.25949135422706604,0.1480995863676071,0.0821139067411422
O13964_O94316,0.0032371,0.0032371,0.034093,0.3120558261871338,0.9982840418815612,0.047848355025053
Q10272_O94238,0.0033599,0.0033599,0.035835,0.2673746943473816,0.0092525137588381,0.0559872314333915
O42995_Q9P802,0.0033848,0.0033848,0.040554,0.3844342827796936,0.0395281799137592,0.0072052767500281
Q12381_O74560,0.0033556,0.0033556,0.034506,0.054991014301776886,0.0199953485280275,0.8686440587043762
Q9P7X1_O74966,0.0035025,0.0035025,0.033605,0.20200490951538086,0.9976661205291748,0.0102144908159971
Q9UUJ1_O60129,0.003221,0.003221,0.042481,0.0573897659778595,0.1156760156154632,0.1690941751003265
P05767_Q10330,0.86917,0.86917,0.41959,0.14952269196510315,0.969589352607727,0.9962570667266846
P30261_Q03392,0.0035129,0.0035129,0.033821,0.16381071507930756,0.9989575147628784,0.0524816215038299
Q10343_Q9UTR8,0.003879,0.003879,0.033838,0.17054666578769684,0.0283575654029846,0.0147322807461023
Q10366_Q92352,0.0034197,0.0034197,0.034096,0.30337026715278625,0.1256064623594284,0.4728294014930725
Q10271_O13688,0.0032649,0.0032649,0.033607,0.4447384178638458,0.9892265796661376,0.8107443451881409
Q10322_O14329,0.0037303,0.0037303,0.034855,0.007352801971137524,0.0119991730898618,0.010451509617269
Q9P805_Q9URY2,0.0031461,0.0031461,0.033571,0.0933503657579422,0.0103590656071901,0.9354839324951172
Q10585_P56287,0.0043088,0.0043088,0.033543,0.18335753679275513,0.0260570961982011,0.0283543448895216
P37382_Q10134,0.0033149,0.0033149,0.033516,0.02687099575996399,0.9324362874031068,0.0364255271852016
Q10134_O74985,0.0037252,0.0037252,0.033497,0.7065525054931641,0.0182119794189929,0.2773522138595581
Q9USV3_Q9Y738,0.0044728,0.0044728,0.033534,0.18130457401275635,0.9990311861038208,0.8008466362953186
P87309_Q09150,0.003136,0.003136,0.036091,0.21985629200935364,0.0149486865848302,0.0079215075820684
P78794_P79071,0.0057804,0.0057804,0.034524,0.016545502468943596,0.9984902143478394,0.5948771834373474
O59767_O74988,0.0036594,0.0036594,0.033501,0.19634976983070374,0.005730727687478,0.001139597967267
O13685_P87312,0.0035051,0.0035051,0.033527,0.29641446471214294,0.0019950685091316,0.0013072477886453
O94616_P48011,0.0038251,0.0038251,0.033609,0.045664601027965546,0.9990543723106384,0.9789510369300842
O14343_Q7LL14,0.003375,0.003375,0.033572,0.17233093082904816,0.0104690119624137,0.0921376124024391
O43070_P36583,0.0033271,0.0033271,0.034578,0.06992264091968536,0.006077550817281,0.0242668651044368
O13828_P87074,0.0038252,0.0038252,0.035431,0.30760204792022705,0.9990231990814208,0.987472653388977
P87174_O13685,0.016949,0.016949,0.033632,0.6833451390266418,0.9982746839523317,0.0143259363248944
P33886_O42634,0.0041157,0.0041157,0.033545,0.3196307420730591,0.0014424530090764,0.1431545913219452
Q9P6M0_P50527,0.0035475,0.0035475,0.034155,0.11814465373754501,0.0013148128055036,0.0169595647603273
Q9P7P2_Q10271,0.0034354,0.0034354,0.033917,0.4177473485469818,0.0178155414760112,0.6314828395843506
P12000_Q9USH1,0.0035845,0.0035845,0.033837,0.011225083842873573,0.9989783763885498,0.0061270827427506
P78774_P01129,0.0032463,0.0032463,0.034507,0.4294048845767975,0.0110259959474205,0.5264434814453125
O74446_Q10173,0.0036528,0.0036528,0.033574,0.03250942751765251,0.0124615067616105,0.0097989430651068
A6X980_P87238,0.0031866,0.0031866,0.033545,0.013358987867832184,0.0032518343068659,0.4125735461711883
P50523_Q9P7X1,0.003671,0.003671,0.075799,0.12027879804372787,0.9990196228027344,0.9584296941757202
P12000_Q9C0Z9,0.0032542,0.0032542,0.033617,0.07179868221282959,0.9988540410995485,0.0534457042813301
Q9P7B7_O94684,0.0031874,0.0031874,0.033873,0.07720011472702026,0.0120784938335418,0.9452601075172424
Q09858_P36622,0.0060072,0.0060072,0.033735,0.062276508659124374,0.0019204006530344,0.9631955623626708
O13916_P41410,0.003697,0.003697,0.034708,0.5197497010231018,0.0493709556758403,0.0154794519767165
Q09823_P0CT77,0.01246,0.01246,0.036961,0.28990697860717773,0.1869223713874817,0.0153750041499733
Q11120_O74991,0.0033854,0.0033854,0.033866,0.09108885377645493,0.002875167876482,0.0091099385172128
O74796_O14198,0.0031911,0.0031911,0.033618,0.33462828397750854,0.0031119151972234,0.9096012115478516
P26306_Q09683,0.0050548,0.0050548,0.033839,0.5081749558448792,0.9989610910415648,0.1936939358711242
Q10353_O43071,0.004294,0.004294,0.037163,0.7480597496032715,0.9979968667030334,0.8410490155220032
O74957_O94276,0.0036972,0.0036972,0.033829,0.6494970917701721,0.9989400506019592,0.1504953056573867
O14140_O14343,0.0038047,0.0038047,0.034263,0.03212980180978775,0.0047448957338929,0.0210110489279031
O94658_Q9Y821,0.0053797,0.0053797,0.03373,0.3866443634033203,0.9990540146827698,0.4972114264965057
O60052_P50530,0.048192,0.048192,0.033606,0.2927374541759491,0.1300342679023742,0.200568750500679
O43120_P54789,0.0040266,0.0040266,0.037036,0.10935041308403015,0.9986749291419984,0.046249970793724
P50527_O74311,0.0032749,0.0032749,0.03366,0.04566652700304985,0.0022335438989102,0.05919786170125
O42975_Q09808,0.0031818,0.0031818,0.033882,0.39606112241744995,0.9981037378311156,0.7827754020690918
P87027_P04551,0.0045083,0.0045083,0.034903,0.008415822871029377,0.0095499549061059,0.0081653771921992
Q9UTI3_P0CG72,0.0034319,0.0034319,0.034452,0.44189414381980896,0.0015154832508414,0.0012516892747953
O74433_O13828,0.0031487,0.0031487,0.033526,0.07363990694284439,0.002600030042231,0.0003550851834006
O94684_P05219,0.0032787,0.0032787,0.044365,0.01743910275399685,0.1849985271692276,0.0087682688608765
P28829_Q09898,0.024435,0.024435,0.14256,0.3365457057952881,0.0754458755254745,0.8529658913612366
O74533_P78761,0.003512,0.003512,0.034247,0.5187543630599976,0.9990100860595704,0.9929209351539612
P10815_P40380,0.0034154,0.0034154,0.034424,0.2773682475090027,0.9988524913787842,0.7516665458679199
O13782_P0CT77,0.0032583,0.0032583,0.033513,0.05588359013199806,0.0042837453074753,0.0038964918348938
P05764_O14246,0.0031856,0.0031856,0.033619,0.0483844131231308,0.0315395481884479,0.0004742619057651
Q9US59_P79010,0.0045761,0.0045761,0.033821,0.0547066256403923,0.0027296140324324,0.0033585855271667
P0CG72_P40371,0.0044911,0.0044911,0.093513,0.23547369241714478,0.0058297519572079,0.002411084016785
P26306_P41412,0.0032765,0.0032765,0.033755,0.1373036801815033,0.0459867194294929,0.1849512904882431
Q10193_P87312,0.0043066,0.0043066,0.034513,0.12139688432216644,0.9990610480308532,0.1638245582580566
O14343_Q96TL7,0.003282,0.003282,0.035217,0.3819757103919983,0.0470121279358863,0.9936508536338806
P87176_Q10430,0.0031496,0.0031496,0.033671,0.23763732612133026,0.9990097284317015,0.1131713241338729
Q92352_P09988,0.0031869,0.0031869,0.034475,0.1540035456418991,0.9988620281219482,0.0289535690099
Q9P7M1_P10989,0.0032035,0.0032035,0.035223,0.16234587132930756,0.0132280811667442,0.0063076871447265
Q09824_O42844,0.003395,0.003395,0.03373,0.2639102637767792,0.9986298084259032,0.0791517570614814
P0CT68_Q09698,0.0053364,0.0053364,0.035068,0.45557478070259094,0.2333855628967285,0.0185635238885879
Q9P7R9_Q01112,0.0043653,0.0043653,0.035868,0.7256910800933838,0.0040067750960588,0.0014576932881027
O74988_P78963,0.0037842,0.0037842,0.033522,0.3956438899040222,0.001277282834053,0.0013741106959059
Q09761_Q09822,0.0043245,0.0043245,0.033856,0.25611454248428345,0.0092585170641541,0.9628452062606812
P0CF96_O94288,0.0033559,0.0033559,0.03371,0.19154982268810272,0.9984444975852966,0.0019787079654634
Q9P7M1_Q9UTB6,0.0033577,0.0033577,0.034047,0.5152351260185242,0.1218141838908195,0.750865638256073
O94646_Q9USX3,0.0033793,0.0033793,0.03403,0.1749909222126007,0.9990956783294678,0.1180958598852157
O74360_Q01112,0.0034755,0.0034755,0.033729,0.050991084426641464,0.3146759569644928,0.1606647074222564
Q10430_Q9Y7L8,0.0031269,0.0031269,0.033692,0.5459524989128113,0.0011825270485132,0.1043429523706436
O74957_Q9P7B8,0.003709,0.003709,0.033651,0.13188457489013672,0.0149434208869934,0.7242452502250671
P36595_Q09882,0.0040393,0.0040393,0.035201,0.37551164627075195,0.9990007281303406,0.8156415820121765
Q9P779_Q9UT32,0.0032261,0.0032261,0.033836,0.1066703051328659,0.0033066484611481,0.1329257935285568
Q9P6R1_O14036,0.0040734,0.0040734,0.034527,0.004988817032426596,0.0103341341018676,0.0258324462920427
Q9UTB6_Q09177,0.0033441,0.0033441,0.03377,0.0603996217250824,0.0088761812075972,0.0257214680314064
O74895_P10815,0.0035826,0.0035826,0.036158,0.6957086324691772,0.9978985786437988,0.0785344913601875
P32390_P40997,0.0032123,0.0032123,0.03355,0.2803284227848053,0.9976136684417723,0.0297992769628763
P87245_P04910,0.0033338,0.0033338,0.033644,0.07223954796791077,0.005212418269366,0.0018498342251405
Q9C0Z9_Q09858,0.00396,0.00396,0.038627,0.12071379274129868,0.9988105297088624,0.1310456395149231
O13852_O14246,0.0032816,0.0032816,0.035552,0.33587321639060974,0.9985287189483644,0.8683880567550659
P78953_Q02088,0.0031252,0.0031252,0.033492,0.4844135046005249,0.0386336185038089,0.0119127370417118
P14575_O13936,0.0038491,0.0038491,0.034386,0.5286266207695007,0.0012347273295745,0.0016226873267441
Q09892_Q9P7B8,0.0036381,0.0036381,0.033558,0.07006990164518356,0.0077943005599081,0.0576011203229427
O14417_Q9USR7,0.0031527,0.0031527,0.033577,0.47269201278686523,0.008964286185801,0.0812524929642677
O13681_Q09825,0.020476,0.020476,0.038092,0.1403287798166275,0.0021994828712195,0.8115172386169434
P33886_P78794,0.003358,0.003358,0.033671,0.7407656311988831,0.0050519863143563,0.1199121922254562
P0CT68_Q9P784,0.019691,0.019691,0.10869,0.1454302817583084,0.9987012147903442,0.827290415763855
O94326_O42978,0.0033796,0.0033796,0.045204,0.17656788229942322,0.0432230979204177,0.0110265472903847
O42844_Q09898,0.084287,0.084287,0.14236,0.34893086552619934,0.9988436698913574,0.93696391582489
P39964_O14241,0.0033123,0.0033123,0.033658,0.02485906146466732,0.1249579936265945,0.1195359751582145
O43071_P0CT60,0.0038303,0.0038303,0.037916,0.019828878343105316,0.9983002543449402,0.0377466566860675
Q9UT76_P21534,0.0041899,0.0041899,0.033535,0.12208502739667892,0.0004066021647304,0.000597475154791
Q09177_P27584,0.0039141,0.0039141,0.033448,0.4777725338935852,0.0021827090531587,0.0016566748963668
Q9Y7Z7_O14229,0.0033461,0.0033461,0.033735,0.30087894201278687,0.0171560402959585,0.0100736496970057
Q9USP9_Q09858,0.0031701,0.0031701,0.034017,0.6504848003387451,0.0145994164049625,0.0374085269868373
Q1MTQ9_O42667,0.0032081,0.0032081,0.033578,0.47529613971710205,0.0057380245998501,0.0104975625872612
Q10134_O13688,0.0033073,0.0033073,0.033569,0.11121360212564468,0.9979547262191772,0.4025776088237762
O14246_P78929,0.005961,0.005961,0.033653,0.2860485315322876,0.0841982215642929,0.0262826699763536
O74736_O74555,0.0059457,0.0059457,0.038774,0.298684686422348,0.9988822340965272,0.140588954091072
Q9C107_Q9UTI3,0.0032788,0.0032788,0.034641,0.023943323642015457,0.0147541482001543,0.1609849333763122
P08090_O74518,0.0033152,0.0033152,0.033579,0.21427948772907257,0.9989878535270692,0.0236837770789861
Q9UUB7_P78761,0.0035504,0.0035504,0.0337,0.06821468472480774,0.0035142889246344,0.011286424472928
Q07538_O59755,0.00377,0.00377,0.034285,0.7936580181121826,0.9988881945610046,0.9588404893875122
O74791_O43036,0.0032349,0.0032349,0.033765,0.7785642743110657,0.998714566230774,0.0261449385434389
P33886_Q9UUE5,0.045325,0.045325,0.033567,0.1034378707408905,0.0327849313616752,0.4722035825252533
O14122_Q09916,0.0048562,0.0048562,0.034156,0.33660513162612915,0.0104299616068601,0.0105687575414776
P50523_P28829,0.0043442,0.0043442,0.033505,0.6848710775375366,0.0009243736858479,0.0003482219472061
O43070_Q09683,0.003593,0.003593,0.034163,0.317050039768219,0.999016523361206,0.7244720458984375
P01129_P0C5Y7,0.0033733,0.0033733,0.036277,0.5460766553878784,0.0039873514324426,0.0046934466809034
P41889_O59836,0.0034195,0.0034195,0.033714,0.34386512637138367,0.941002070903778,0.1918453276157379
O60158_P41887,0.0034728,0.0034728,0.034417,0.40944743156433105,0.0037712657358497,0.2575230896472931
P10989_O14388,0.0033487,0.0033487,0.041206,0.6988404989242554,0.0115056801587343,0.0237947050482034
Q9P7P1_Q9P7X1,0.0034641,0.0034641,0.033553,0.10592994838953018,0.0014093078207224,0.0149047607555985
O94285_P41889,0.0050966,0.0050966,0.033655,0.007688847370445728,0.9980999827384948,0.5638924837112427
O74184_P0CT77,0.0032511,0.0032511,0.042962,0.30216243863105774,0.0118764545768499,0.0145554272457957
Q9UUI1_Q09763,0.0032407,0.0032407,0.033662,0.30619508028030396,0.0015111687825992,0.0020562468562275
Q9URY2_O94722,0.0065214,0.0065214,0.03358,0.004634754732251167,0.0005498776445165,0.0018110719975084
P37382_O14064,0.0034386,0.0034386,0.033781,0.19375090301036835,0.0131881134584546,0.0136582870036363
Q09763_O94752,0.0032316,0.0032316,0.033674,0.3006560206413269,0.0010707331821322,0.0127784116193652
O00102_O13790,0.0038496,0.0038496,0.033991,0.300744891166687,0.9987722039222716,0.008544972166419
P40372_P56288,0.0036604,0.0036604,0.034012,0.07107561826705933,0.0195183176547288,0.1102526560425758
P41410_Q9P7Y4,0.0036388,0.0036388,0.033948,0.01637207344174385,0.9988700747489928,0.0378965511918067
Q9UUI1_O74718,0.0042064,0.0042064,0.033928,0.22176393866539001,0.9983218312263488,0.0524669028818607
O94238_P37382,0.0043619,0.0043619,0.033718,0.18996688723564148,0.9991043210029602,0.9313538074493408
P56286_O14064,0.004233,0.004233,0.034274,0.3936428129673004,0.0485479012131691,0.0496160313487052
O13790_Q92462,0.0037449,0.0037449,0.034184,0.3936111330986023,0.0303066801279783,0.0137772569432854
P34208_P07657,0.024605,0.024605,0.033529,0.4291370213031769,0.0015217091422528,0.0004342515603639
Q12701_Q9UTK6,0.004847,0.004847,0.033956,0.3275195062160492,0.2326392829418182,0.7089837789535522
O42634_Q10430,0.0032771,0.0032771,0.033541,0.18116624653339386,0.0166656728833913,0.0311500243842601
Q9P3B2_O94376,0.0032965,0.0032965,0.033561,0.5391016602516174,0.0068751377984881,0.005359792150557
O13672_O94684,0.0032772,0.0032772,0.03381,0.04108186066150665,0.9922254085540771,0.8918895125389099
P79015_Q9UST6,0.0037712,0.0037712,0.038061,0.08951333165168762,0.029316397383809,0.0135368723422288
O94659_O13688,0.0032892,0.0032892,0.034152,0.703312873840332,0.9988916516304016,0.97635817527771
O74398_Q10430,0.0031433,0.0031433,0.033606,0.7790957689285278,0.0144552011042833,0.0478746704757213
O13339_O42975,0.0043215,0.0043215,0.041159,0.008871668949723244,0.5228511691093445,0.453298419713974
Q9HGL8_Q09898,0.004668,0.004668,0.033922,0.10353384912014008,0.0106603233143687,0.0011239208979532
P87310_P28748,0.003979,0.003979,0.033593,0.32875269651412964,0.0013007542584091,0.019683102145791
Q9P7E0_P87126,0.0033966,0.0033966,0.033537,0.008148089982569218,0.0098407501354813,0.000816739629954
Q12126_Q9HDX9,0.0060341,0.0060341,0.033642,0.2871493101119995,0.0038951721508055,0.009815321303904
Q9URY2_O13782,0.020661,0.020661,0.033579,0.3695354759693146,0.001649958314374,0.0328425467014312
O42846_P05767,0.73247,0.73247,0.36027,0.17058934271335602,0.971455216407776,0.9934230446815492
O14198_Q09330,0.0032087,0.0032087,0.033785,0.057969193905591965,0.9989376664161682,0.0905598476529121
O94705_O13802,0.0040911,0.0040911,0.033535,0.02529985085129738,0.0145495608448982,0.0006037114071659
O43080_O13782,0.0032908,0.0032908,0.03355,0.09085476398468018,0.0016304968157783,0.0045021884143352
Q10193_O14097,0.068657,0.068657,0.048117,0.12845908105373383,0.0737863555550575,0.199462741613388
Q12381_P0C5Y7,0.0078166,0.0078166,0.081742,0.14742590487003326,0.0020682457834482,0.0152842700481414
O94316_P49731,0.0035629,0.0035629,0.037204,0.03751470148563385,0.9980888962745668,0.0561865866184234
P36585_P79015,0.23365,0.23365,0.6163,0.170279860496521,0.9988920092582704,0.9975010752677916
P05734_O36027,0.0034115,0.0034115,0.034763,0.14286376535892487,0.028556166216731,0.0065265544690191
Q09142_Q9Y794,0.077216,0.077216,0.036249,0.1642901748418808,0.017420507967472,0.9516220092773438
Q09858_Q10193,0.0032577,0.0032577,0.036121,0.5156843662261963,0.0038921353407204,0.0059299445711076
Q9P779_Q12381,0.005415,0.005415,0.033608,0.3206121325492859,0.0014680617023259,0.9701310992240906
O59800_O14180,0.0035029,0.0035029,0.036958,0.017620312049984932,0.9990168809890748,0.4215332269668579
Q9USM8_O14036,0.0033915,0.0033915,0.034142,0.48551180958747864,0.0017482643015682,0.0063574169762432
Q10366_Q9UUJ4,0.0034181,0.0034181,0.034464,0.02205807715654373,0.0180598832666873,0.0069719348102808
P87314_Q9URY2,0.0035426,0.0035426,0.033584,0.07422211766242981,0.0232894718647003,0.6192217469215393
P05764_O14229,0.0038447,0.0038447,0.033624,0.1811595857143402,0.9989029169082642,0.0005782220978289
Q09196_O42975,0.0034356,0.0034356,0.033458,0.14163310825824738,0.001054591499269,0.0010550044244155
P36618_Q09683,0.0035097,0.0035097,0.033599,0.098849356174469,0.0111150508746504,0.043559618294239
O13916_P40984,0.0082109,0.0082109,0.80211,0.7111607789993286,0.0068738223053514,0.0313387177884578
Q9UUC1_P08647,0.0039511,0.0039511,0.034017,0.49731558561325073,0.0014745626831427,0.0037437735591083
Q1MTN3_O14352,0.016354,0.016354,0.033865,0.033343326300382614,0.9978653788566588,0.0187090970575809
P05501_O74518,0.0032427,0.0032427,0.033541,0.002747192280367017,0.0013782129390165,0.0005183528992347
Q9P7P2_O59836,0.0033116,0.0033116,0.035786,0.6259251832962036,0.0894070714712143,0.8998761773109436
Q10322_P10651,0.0043396,0.0043396,0.039681,0.014876998960971832,0.9990394711494446,0.0132307140156626
O94705_O94658,0.0048428,0.0048428,0.033541,0.10913453996181488,0.9986988306045532,0.0070983301848173
O43114_O59680,0.0039619,0.0039619,0.033568,0.35525861382484436,0.0043848734349012,0.0008589955396018
Q09116_Q9HGL8,0.0037073,0.0037073,0.03347,0.1221081018447876,0.0024208575487136,0.0009673642343841
Q09933_P0CH07,0.0058212,0.0058212,0.035953,0.6917270421981812,0.0413624122738838,0.0339983031153678
Q9Y738_O13852,0.0033856,0.0033856,0.033716,0.38505852222442627,0.9989722967147828,0.1558165848255157
Q92399_O60052,0.01173,0.01173,0.033583,0.30825668573379517,0.0018691789591684,0.0036891147028654
P09322_O94687,0.41494,0.41494,0.16144,0.021199751645326614,0.9988359808921814,0.5061160922050476
Q9UTB6_Q1MTQ9,0.0032452,0.0032452,0.033664,0.5254721641540527,0.0172387063503265,0.0467942766845226
O59734_Q9USZ3,0.16014,0.16014,0.82735,0.6364889740943909,0.9990898370742798,0.9938657879829408
Q9USZ6_Q12126,0.0032245,0.0032245,0.033462,0.4687359929084778,0.0294549111276865,0.0041158767417073
O94244_Q9P802,0.0035328,0.0035328,0.034332,0.3727158010005951,0.9980467557907104,0.0217854548245668
Q9P7Y4_O74471,0.0034921,0.0034921,0.033586,0.2625048756599426,0.0176727697253227,0.0011958167888224
Q12701_O13816,0.11239,0.11239,0.034713,0.4496813714504242,0.9986853003501892,0.8435314893722534
P08647_O43070,0.0032654,0.0032654,0.033562,0.05960996448993683,0.0043688938021659,0.0065169828012585
Q9USZ6_Q09882,0.0032739,0.0032739,0.033544,0.1037534847855568,0.9987216591835022,0.8790948390960693
Q4PIR3_Q92399,0.0032627,0.0032627,0.033771,0.09888860583305359,0.843468427658081,0.0055881710723042
Q09898_Q9Y7J4,0.0078171,0.0078171,0.033644,0.273747980594635,0.1156869605183601,0.0224070195108652
O59755_O74184,0.003112,0.003112,0.036819,0.23007722198963165,0.048532661050558,0.005692574661225
Q9USJ7_Q9Y7Z1,0.0037365,0.0037365,0.033858,0.06748669594526291,0.0075686401687562,0.7701320052146912
Q9HGL8_O59793,0.0061933,0.0061933,0.038072,0.44396650791168213,0.0321316979825496,0.003649664344266
P10506_Q10056,0.035681,0.035681,0.62343,0.6418538689613342,0.9990436434745787,0.9900611639022828
O13964_Q9Y821,0.097529,0.097529,0.037083,0.10451827943325043,0.9990471005439758,0.8972439169883728
P78794_O59703,0.0031386,0.0031386,0.033812,0.7550249695777893,0.0012493624817579,0.0099463025107979
O13953_O59702,0.0034967,0.0034967,0.033744,0.6048638224601746,0.0212365947663784,0.0377199649810791
Q9P782_P08965,0.0033086,0.0033086,0.033779,0.05834434553980827,0.004068995360285,0.4550972878932953
O94658_Q9HGL6,0.0045257,0.0045257,0.033897,0.1256435662508011,0.999051034450531,0.943488597869873
P50523_Q03392,0.0033932,0.0033932,0.033551,0.26390883326530457,0.0038117785006761,0.001932467916049
O74985_O74957,0.0035434,0.0035434,0.033456,0.28792843222618103,0.0089137088507413,0.0070894635282456
O14241_O94288,0.0032105,0.0032105,0.033635,0.14298243820667267,0.9973390698432922,0.0051149446517229
O94620_Q9P802,0.0033676,0.0033676,0.033807,0.23094713687896729,0.9769169688224792,0.0372368916869163
O13286_O13936,0.0034414,0.0034414,0.03999,0.10588809102773666,0.9983635544776917,0.0711403787136077
Q09196_Q9UUA8,0.0031955,0.0031955,0.033504,0.16613735258579254,0.0014793248847126,0.0058650327846407
O13728_P10989,0.0036678,0.0036678,0.033742,0.055969856679439545,0.0047616581432521,0.015192188322544
O14269_Q9UTP0,0.0054344,0.0054344,0.033558,0.3022623360157013,0.0258595552295446,0.0510473251342773
P36585_Q9P784,0.03899,0.03899,0.39003,0.4460308849811554,0.9988763928413392,0.9972630739212036
P49731_P0CH07,0.0057037,0.0057037,0.074046,0.07499229907989502,0.0061253234744071,0.0008429747540503
O59793_O13978,0.003153,0.003153,0.033566,0.10277248919010162,0.9982417821884156,0.3810249865055084
O14129_Q10366,0.0034864,0.0034864,0.033784,0.02548021823167801,0.0017770664999261,0.0157810281962156
P37382_O94355,0.0032234,0.0032234,0.033771,0.6139321327209473,0.998976230621338,0.0031713470816612
O36019_P05501,0.0032002,0.0032002,0.033492,0.0528566911816597,0.0013325726613402,0.0008867494761943
O43080_O14140,0.0032369,0.0032369,0.033636,0.012841115705668926,0.0081995315849781,0.0047879088670015
O13672_Q10330,0.21374,0.21374,0.25214,0.16416890919208527,0.999032974243164,0.9953291416168212
O14327_O14129,0.0033767,0.0033767,0.033546,0.623731255531311,0.0032950190361589,0.0011880077654495
Q9USH1_O74958,0.0042431,0.0042431,0.034111,0.29472607374191284,0.9990831613540648,0.0246453899890184
O94276_Q9Y7M6,0.0031694,0.0031694,0.033573,0.7761192917823792,0.9640114903450012,0.7130599021911621
P87027_P0CG72,0.0040448,0.0040448,0.035425,0.07109841704368591,0.0041583715938031,0.0317581109702587
Q9UST6_P33886,0.0033428,0.0033428,0.033552,0.08560984581708908,0.0080516142770648,0.0573455318808555
P05764_O74531,0.0034721,0.0034721,0.033597,0.20770560204982758,0.011991262435913,0.0003735768841579
Q9URY2_O94238,0.0057012,0.0057012,0.033726,0.16108815371990204,0.0011204066686332,0.0049970089457929
P78761_P36629,0.0045148,0.0045148,0.033658,0.25408387184143066,0.0029816988389939,0.007816550321877
O59800_Q10163,0.0047332,0.0047332,0.035634,0.32577574253082275,0.9985812902450562,0.0656990632414817
O14417_Q12126,0.0035891,0.0035891,0.033745,0.2419806569814682,0.0219095647335052,0.1823796927928924
Q9P782_P41412,0.0032412,0.0032412,0.033725,0.181280255317688,0.0109069515019655,0.6590657830238342
O75001_Q10317,0.0033222,0.0033222,0.033769,0.17639322578907013,0.1437218487262725,0.0759054273366928
P78972_O74511,0.0040996,0.0040996,0.052223,0.6695005893707275,0.991567075252533,0.5904080867767334
O60104_O14170,0.0040245,0.0040245,0.034695,0.06599601358175278,0.0198635049164295,0.824111819267273
O94238_O94620,0.0047913,0.0047913,0.052654,0.4655230939388275,0.0179327577352523,0.0390668176114559
Q9P7Q8_P52822,0.0031369,0.0031369,0.033565,0.8660727143287659,0.0014256936265155,0.0043998956680297
P30261_O60187,0.00446,0.00446,0.034924,0.18490859866142273,0.013687546364963,0.769045352935791
O74517_Q9P7V3,0.0031261,0.0031261,0.033591,0.08003804087638855,0.0060259541496634,0.0261784307658672
Q09858_P78963,0.0033507,0.0033507,0.033555,0.21813105046749115,0.0041923145763576,0.0080915978178381
O74653_O59767,0.0034058,0.0034058,0.033676,0.48987671732902527,0.0174837689846754,0.1659031212329864
O94668_O74774,0.0032105,0.0032105,0.034106,0.8125966191291809,0.998936116695404,0.0194181725382804
O42832_O13828,0.0041426,0.0041426,0.036542,0.012733092531561852,0.0073168221861124,0.3238048851490021
O74533_O74511,0.0032322,0.0032322,0.033993,0.32558292150497437,0.0164441876113414,0.0047802692279219
O14180_Q9P7T4,0.0034695,0.0034695,0.039783,0.10451781004667282,0.9984812140464784,0.9546011090278624
P36614_Q10103,0.0035975,0.0035975,0.042662,0.37399381399154663,0.0324746258556842,0.529685914516449
O59793_Q9P7R9,0.0031406,0.0031406,0.033786,0.2256794273853302,0.0074775721877813,0.7820104956626892
Q9Y7L8_O74518,0.0031626,0.0031626,0.03365,0.14702117443084717,0.011612276546657,0.0058041880838572
O13836_Q10428,0.003249,0.003249,0.034433,0.7606475353240967,0.0135721620172262,0.0107117816805839
O13685_Q9Y7R3,0.027204,0.027204,0.033666,0.28191938996315,0.0034622466191649,0.008384920656681
P56287_P36582,0.0036668,0.0036668,0.033673,0.4048956334590912,0.0028212293982505,0.0590132363140583
P87051_Q10271,0.0032435,0.0032435,0.033448,0.3307127058506012,0.8129420876502991,0.001297311624512
Q10430_Q10585,0.0031299,0.0031299,0.033588,0.4879796802997589,0.9985874891281128,0.8433331847190857
Q9UTI8_O94705,0.0051222,0.0051222,0.033614,0.3141261637210846,0.0255986433476209,0.0008720230543985
Q9US59_Q9UTI8,0.038412,0.038412,0.035294,0.7868518829345703,0.0042875441722571,0.042854506522417
P42656_O43080,0.0036964,0.0036964,0.033526,0.14049537479877472,0.0022345464676618,0.0038960233796387
O94360_P87050,0.0031723,0.0031723,0.033608,0.3830411732196808,0.0141579825431108,0.0020563867874443
O42954_Q10134,0.0038789,0.0038789,0.033907,0.05412612482905388,0.9987131357192992,0.9911320805549622
O42954_O94276,0.0040164,0.0040164,0.034355,0.5235766172409058,0.9986565113067628,0.9406794905662536
P78946_Q9P784,0.053077,0.053077,0.34574,0.04701783508062363,0.9989836812019348,0.9901478886604308
O13777_Q9UUC6,0.0033181,0.0033181,0.034697,0.09382771700620651,0.9990436434745787,0.118909828364849
O14036_O74531,0.0038112,0.0038112,0.034081,0.34395307302474976,0.0026073970366269,0.0029666302725672
O43071_O13852,0.0031439,0.0031439,0.033877,0.4695828855037689,0.0226191151887178,0.0783316195011138
O14459_P36595,0.014284,0.014284,0.093337,0.030346648767590523,0.999006688594818,0.8952717185020447
O94542_P49731,0.0033265,0.0033265,0.034956,0.15996764600276947,0.0467902719974517,0.055584043264389
P36618_Q9P6Q0,0.0041202,0.0041202,0.033902,0.13538487255573273,0.0019980578217655,0.0797301456332206
O60104_Q9US45,0.0044711,0.0044711,0.034813,0.4693599343299866,0.9990911483764648,0.6281006336212158
P05501_Q9UTK6,0.0032025,0.0032025,0.033489,0.284940242767334,0.0010655173100531,0.0010762941092252
Q9UTS6_O14246,0.0031407,0.0031407,0.033807,0.057241518050432205,0.0161844585090875,0.0221814606338739
O74560_P12000,0.0033898,0.0033898,0.03428,0.24336764216423035,0.9679555892944336,0.83682781457901
O94717_Q09819,0.0034095,0.0034095,0.037291,0.18141813576221466,0.1650565564632415,0.9652978181838988
P87314_Q96WV9,0.0056379,0.0056379,0.034231,0.05359107628464699,0.9989257454872132,0.2331274449825287
P12000_O14269,0.0051952,0.0051952,0.033768,0.011011841706931591,0.9984819293022156,0.8405741453170776
Q9USU3_P87306,0.0034973,0.0034973,0.037103,0.03900248557329178,0.0178860407322645,0.2012834101915359
Q9UUJ4_Q10108,0.0031258,0.0031258,0.033567,0.01173199899494648,0.0124761201441288,0.2509073615074157
P87312_Q09882,0.003159,0.003159,0.034982,0.41383853554725647,0.2232945412397384,0.9595277309417723
Q9UUB5_O13826,0.0032553,0.0032553,0.033927,0.1355459839105606,0.9990359544754028,0.0289087314158678
Q53EK2_P87174,0.0031676,0.0031676,0.033561,0.24326899647712708,0.9990153312683104,0.0266860555857419
O94268_Q03392,0.0033959,0.0033959,0.034234,0.32287701964378357,0.99810791015625,0.0113467425107955
A6X980_Q9Y738,0.0032319,0.0032319,0.033612,0.33860164880752563,0.9987421631813048,0.2473334223031997
Q10668_P10815,0.0034599,0.0034599,0.035526,0.7206774950027466,0.997408092021942,0.4731461107730865
P46595_Q9USX3,0.040202,0.040202,0.92495,0.15482473373413086,0.9981815814971924,0.1040564253926277
P32434_Q9P7M1,0.0031807,0.0031807,0.033693,0.04181342571973801,0.0099507551640272,0.1770055592060089
Q9USP0_O14129,0.0032645,0.0032645,0.033554,0.33320507407188416,0.128899484872818,0.1855775117874145
Q53EK2_Q6BDR8,0.0032022,0.0032022,0.033604,0.20337893068790436,0.9984630346298218,0.0679441690444946
P12000_P87245,0.0035108,0.0035108,0.033761,0.07889424264431,0.0030644566286355,0.2129216939210891
O13758_Q9P805,0.0032559,0.0032559,0.033903,0.02166428416967392,0.983817219734192,0.0756928771734237
O94238_O36023,0.0036577,0.0036577,0.033536,0.28954020142555237,0.0011649288935586,0.0027005788870155
P40381_P0C5Y7,0.074772,0.074772,0.13327,0.13127268850803375,0.9989732503890992,0.0040612523443996
Q9P7T4_Q10134,0.0035185,0.0035185,0.033765,0.015325634740293026,0.9969930648803712,0.276623785495758
O14241_O36019,0.0034214,0.0034214,0.033761,0.16872207820415497,0.0283262766897678,0.6621538400650024
O14459_P12000,0.0032769,0.0032769,0.034039,0.16174864768981934,0.9990621209144592,0.0043732747435569
O74772_P87074,0.0035145,0.0035145,0.034476,0.48550286889076233,0.9989562034606934,0.0417610667645931
Q10430_Q01112,0.0033807,0.0033807,0.03344,0.5620126128196716,0.0037986056413501,0.0098366159945726
Q09142_Q09898,0.0039356,0.0039356,0.034124,0.3790917694568634,0.0181425418704748,0.5424028038978577
Q09760_Q09176,0.0033379,0.0033379,0.033606,0.3623881936073303,0.0016727310139685,0.0022807884961366
Q9USR7_Q9P7F9,0.0037668,0.0037668,0.033553,0.1109975278377533,0.0008012597099877,0.002322430955246
Q09914_Q09717,0.0071109,0.0071109,0.033909,0.09144466370344162,0.9987095594406128,0.7244930267333984
A6X980_O42978,0.0032705,0.0032705,0.045062,0.032771386206150055,0.0626063197851181,0.1467840671539306
Q10272_P36583,0.0037355,0.0037355,0.035991,0.5699440836906433,0.0234297346323728,0.2772062718868255
P28748_P36585,0.016169,0.016169,0.034103,0.06378214061260223,0.0013096143957227,0.0035699086729437
Q10272_O74803,0.003447,0.003447,0.034066,0.39391806721687317,0.0301366001367568,0.3680613934993744
Q9UT76_Q9USP9,0.003535,0.003535,0.033595,0.11658580601215363,0.0008345163660123,0.0058412482030689
Q09772_Q10067,0.0065976,0.0065976,0.033984,0.018303899094462395,0.9869815707206726,0.2331105172634124
O14021_Q9P7Q8,0.0041514,0.0041514,0.037354,0.19408690929412842,0.0036166659556329,0.0586016401648521
O94376_P87310,0.12998,0.12998,0.043649,0.26598086953163147,0.999079704284668,0.7602397799491882
O94616_Q09177,0.0033061,0.0033061,0.034254,0.031024830415844917,0.9990455508232116,0.984597146511078
O42905_O94444,0.0033422,0.0033422,0.033531,0.3636133372783661,0.9990630745887756,0.2366673499345779
Q9UUB5_O43070,0.0032872,0.0032872,0.034165,0.12291977554559708,0.0251569598913192,0.0813141763210296
O74803_O13826,0.0037622,0.0037622,0.038531,0.473451167345047,0.9989676475524902,0.9958183169364928
P50524_Q10585,0.0031794,0.0031794,0.033602,0.3513701856136322,0.9979487061500548,0.1026920601725578
Q09330_O74854,0.0031665,0.0031665,0.033821,0.2646043598651886,0.0115582533180713,0.0291659571230411
O13889_O43036,0.0031808,0.0031808,0.033579,0.04825364425778389,0.0049033765681087,0.0102359466254711
O94752_P17937,0.0038608,0.0038608,0.034218,0.021837590262293816,0.0611856840550899,0.1337687075138092
O13964_P29458,0.0059335,0.0059335,0.033793,0.2760249078273773,0.0070628589019179,0.0694075152277946
O43071_O59800,0.0034918,0.0034918,0.047244,0.1012168675661087,0.9974991679191588,0.9266918301582336
O13712_P05764,0.0035675,0.0035675,0.033541,0.4134330451488495,0.0021377035882323,0.0002567524497862
Q06182_O14269,0.0036239,0.0036239,0.03362,0.08219607919454575,0.0386019311845302,0.6631511449813843
O74558_O13953,0.0034386,0.0034386,0.044162,0.08392659574747086,0.0113890785723924,0.5379546880722046
O94659_Q96WW3,0.0092003,0.0092003,0.041439,0.32931676506996155,0.9987004995346068,0.9974703788757324
P46595_Q9US59,0.014563,0.014563,0.034355,0.16316142678260803,0.0404136031866073,0.0062436228618025
P27584_P10651,0.0060776,0.0060776,0.033672,0.2371857762336731,0.0029810029082,0.0013588247820734
O13685_O74471,0.0044455,0.0044455,0.033489,0.2660345137119293,0.0030539743602275,0.0015673066955059
Q09196_Q9P7F9,0.0036406,0.0036406,0.03425,0.10174284130334854,0.0010315807303413,0.004315607715398
Q09892_Q09142,0.0049501,0.0049501,0.034958,0.12122215330600739,0.4124432504177093,0.1013687029480934
O42709_O94263,0.0033776,0.0033776,0.033714,0.05505875125527382,0.9989802241325378,0.74055415391922
O94321_P78814,0.0038195,0.0038195,0.033765,0.2830418050289154,0.0015185696538537,0.011329285800457
Q09906_Q9UUJ4,0.003202,0.003202,0.033509,0.08648628741502762,0.0112519115209579,0.0012120202882215
O59702_Q09819,0.0032687,0.0032687,0.034859,0.050918105989694595,0.8719437122344971,0.0068745031021535
Q10951_P87323,0.0032944,0.0032944,0.033713,0.8919712901115417,0.0211585313081741,0.9860432147979736
O74991_P78794,0.0032546,0.0032546,0.034704,0.432417631149292,0.0089622614905238,0.0612633489072322
Q9HFE5_Q9USV3,0.0036938,0.0036938,0.033577,0.20718342065811157,0.00638088863343,0.0162942986935377
O14170_Q0E7J7,0.0034829,0.0034829,0.035487,0.6252699494361877,0.0099646467715501,0.6704955101013184
O94603_P33520,0.0033558,0.0033558,0.036419,0.1745157092809677,0.0059971711598336,0.9855776429176332
Q9UUA8_Q9USH1,0.0033265,0.0033265,0.03402,0.7139777541160583,0.0104971462860703,0.0184022430330514
O74774_O13889,0.0033398,0.0033398,0.034487,0.04215206205844879,0.0231512803584337,0.0398755706846714
P78761_Q9P7X1,0.38989,0.38989,0.4929,0.2071966826915741,0.9990504384040833,0.9882280230522156
O94476_O94659,0.0032866,0.0032866,0.03366,0.28250789642333984,0.0022250472102314,0.1547520607709884
Q9UTE6_Q09882,0.005086,0.005086,0.036592,0.4803208112716675,0.9989144802093506,0.9778673648834229
P79071_Q09191,0.0048059,0.0048059,0.062812,0.5041204690933228,0.0101798633113503,0.58613520860672
Q9HE05_O74790,0.004811,0.004811,0.033583,0.06574870645999908,0.9976484179496764,0.0732345283031463
P79071_Q09177,0.0038925,0.0038925,0.033626,0.2371566891670227,0.9988839030265808,0.0651101097464561
P50524_Q10330,0.0033365,0.0033365,0.037193,0.7799156904220581,0.9991014003753662,0.7878542542457581
Q92366_Q10585,0.0062826,0.0062826,0.033809,0.06860694289207458,0.8349957466125488,0.03428490832448
Q9P784_P13681,0.0034231,0.0034231,0.03344,0.2933887541294098,0.0071632293984293,0.0037705132272094
O74796_Q9UTI8,0.0035382,0.0035382,0.033722,0.2505810856819153,0.014248127117753,0.0150829311460256
P87245_O14180,0.0034986,0.0034986,0.033584,0.3543556034564972,0.0027782644610852,0.0059782671742141
O13672_O14388,0.041191,0.041191,0.17989,0.5908607840538025,0.9990529417991638,0.991822063922882
P79005_O74536,0.0052775,0.0052775,0.036419,0.009341497905552387,0.0118950149044394,0.6013941168785095
P10506_P27638,0.053292,0.053292,0.41157,0.13015702366828918,0.9990115165710448,0.8308128714561462
O94272_P05501,0.0033734,0.0033734,0.033572,0.37744832038879395,0.0009520896128378,0.0010115085169672
P41887_Q9UTF6,0.0031784,0.0031784,0.033592,0.6122896075248718,0.0088106291368603,0.0489437952637672
P41410_O94659,0.0035617,0.0035617,0.035715,0.1328563243150711,0.5136646628379822,0.1331063061952591
P34208_O74895,0.0032863,0.0032863,0.033852,0.2604947090148926,0.0151334507390856,0.0029061974491924
Q09772_Q09819,0.0033812,0.0033812,0.035004,0.14614678919315338,0.9987026453018188,0.9362181425094604
Q0E7J7_P36617,0.0033952,0.0033952,0.033713,0.0973714143037796,0.998130977153778,0.0179483331739902
P36625_O42905,0.0033215,0.0033215,0.03396,0.15903015434741974,0.9990472197532654,0.8695191144943237
P36592_Q09763,0.0034052,0.0034052,0.033623,0.1584087759256363,0.0055014649406075,0.9006125330924988
O13681_Q0E7J7,0.0034077,0.0034077,0.033763,0.3508895933628082,0.0094479294493794,0.8122387528419495
Q06182_Q9UT72,0.0036571,0.0036571,0.033775,0.014278531074523926,0.9989579916000366,0.1119531467556953
P50527_P10506,0.047453,0.047453,0.64699,0.2910309135913849,0.9989250302314758,0.967353582382202
P08965_P42656,0.0038993,0.0038993,0.03378,0.038702040910720825,0.0129261603578925,0.0035438300110399
O14269_Q9Y7Z7,0.0033167,0.0033167,0.033639,0.17180940508842468,0.0189658254384994,0.1456276327371597
Q10163_Q6BDR8,0.003772,0.003772,0.033678,0.18632622063159943,0.0079856561496853,0.0340730436146259
Q96WV9_P36625,0.011086,0.011086,0.033709,0.8301299214363098,0.9990037083625792,0.7793798446655273
P78789_O74985,0.0034316,0.0034316,0.033732,0.12109573930501938,0.006747015286237,0.1523292362689972
O74988_P32390,0.0031846,0.0031846,0.033509,0.7521716356277466,0.0227506048977375,0.002400655997917
P21534_Q10668,0.0041844,0.0041844,0.033522,0.0630270317196846,0.000970602792222,0.0028696667868644
P46595_Q9P4W1,0.026788,0.026788,0.033657,0.5105164051055908,0.0021312949247658,0.0009869419736787
O74309_Q53EK2,0.0031885,0.0031885,0.033579,0.42796579003334045,0.9979695677757264,0.2225932031869888
Q09924_Q9USP0,0.030753,0.030753,0.38988,0.2985244691371918,0.9991196990013124,0.9942017197608948
O94752_O59734,0.013297,0.013297,0.034551,0.0030883834697306156,0.0051764459349215,0.0474091917276382
O13351_O13936,0.010949,0.010949,0.034448,0.28278589248657227,0.9990110397338868,0.0214931834489107
O42709_O74446,0.0033813,0.0033813,0.033739,0.10778296738862991,0.9974518418312072,0.0401822552084922
O14170_Q53EK2,0.0032525,0.0032525,0.033629,0.003699476597830653,0.1826850771903991,0.2296743541955948
Q9Y7R3_Q09154,0.0037374,0.0037374,0.033783,0.035291071981191635,0.0074006603099405,0.0018012233776971
Q01112_Q09116,0.012383,0.012383,0.23661,0.15371926128864288,0.0039240629412233,0.1586908102035522
P87050_O14140,0.0060976,0.0060976,0.034155,0.26914000511169434,0.9988204836845398,0.0098139075562357
P41411_Q1MTQ9,0.0032709,0.0032709,0.033637,0.06517010927200317,0.0163026005029678,0.0121698956936597
O43120_O36019,0.0043473,0.0043473,0.03401,0.21720269322395325,0.0325868800282478,0.1031498238444328
O74533_P05501,0.0032493,0.0032493,0.057924,0.2695760428905487,0.9990038275718688,0.9591548442840576
O13615_O94616,0.0033123,0.0033123,0.034173,0.3444954752922058,0.0220146309584379,0.777192234992981
O13688_Q9Y818,0.0035508,0.0035508,0.033539,0.1612333357334137,0.9986544847488404,0.0048842187970876
Q10271_Q9UTI3,0.003246,0.003246,0.033621,0.10233427584171295,0.0031101466156542,0.0581294186413288
O13681_P87323,0.003349,0.003349,0.033528,0.19919422268867493,0.0016198771772906,0.8808737397193909
O14122_C6Y4D0,0.0032308,0.0032308,0.034262,0.40418627858161926,0.014574946835637,0.2427689731121063
Q1MTQ9_Q10477,0.00324,0.00324,0.033897,0.10984817892313004,0.0752400234341621,0.032136533409357
O74895_P0CT70,0.37054,0.37054,0.40927,0.0489753782749176,0.998970627784729,0.9957659244537354
P40377_Q9USZ3,0.0079756,0.0079756,0.033896,0.08993347734212875,0.0143950767815113,0.0418856926262378
Q09330_P46595,0.0065214,0.0065214,0.037133,0.029313715174794197,0.9914685487747192,0.0018762811087071
Q10192_Q9UUJ1,0.0031656,0.0031656,0.061125,0.39067375659942627,0.9986883997917176,0.0496941544115543
P05733_O94360,0.0042736,0.0042736,0.033583,0.19194640219211578,0.0029776233714073,0.0026699060108512
P78963_Q09825,0.0073911,0.0073911,0.033581,0.0245737973600626,0.0011819595238193,0.0193857941776514
P09322_O94684,0.0039388,0.0039388,0.0415,0.015359224751591682,0.1772811412811279,0.1977355480194091
Q10108_Q9P805,0.0031412,0.0031412,0.033693,0.45642513036727905,0.998891294002533,0.5498589277267456
P30261_Q10113,0.0033296,0.0033296,0.033957,0.14658433198928833,0.9978671073913574,0.7261813282966614
Q9UTS6_Q9P779,0.003163,0.003163,0.033728,0.036796558648347855,0.9985878467559814,0.0046803560107946
O74958_O94707,0.0056192,0.0056192,0.033752,0.499006450176239,0.9988932013511658,0.327962577342987
O43071_O74772,0.0034554,0.0034554,0.051048,0.052192866802215576,0.0354431234300136,0.2143260389566421
Q10159_P10506,0.0059889,0.0059889,0.034038,0.1997862309217453,0.0016772225499153,0.3981541693210602
O14246_P04551,0.0044034,0.0044034,0.035114,0.04666807875037193,0.9815942049026488,0.298506885766983
O43120_O59751,0.0034915,0.0034915,0.034021,0.28528693318367004,0.0029588758479803,0.1053490340709686
Q9Y7U4_P79005,0.0034087,0.0034087,0.034484,0.08598566800355911,0.998680055141449,0.8503080606460571
Q9USH1_P87074,0.0043968,0.0043968,0.033719,0.15926261246204376,0.9990782737731934,0.3984774947166443
O43120_P40371,0.0033828,0.0033828,0.034352,0.1715768277645111,0.0017912774346768,0.0444274432957172
Q9C107_P0C5Y7,0.0040885,0.0040885,0.049806,0.5778543949127197,0.9990612864494324,0.0254350844770669
Q9UUJ1_P36613,0.0031558,0.0031558,0.034096,0.5422307252883911,0.1427785903215408,0.0049767415039241
Q09772_O59836,0.0032618,0.0032618,0.034784,0.13656187057495117,0.9987030029296876,0.5218091607093811
O60164_O74803,0.0046905,0.0046905,0.034239,0.6210159659385681,0.990847110748291,0.1408658325672149
O14417_O13672,0.0031347,0.0031347,0.033599,0.004913680255413055,0.9974268078804016,0.1106182113289833
P79071_Q9P7E0,0.0038674,0.0038674,0.033553,0.5763452053070068,0.9989166259765624,0.0022047457750886
O74560_Q9UUA8,0.0032927,0.0032927,0.033745,0.3412288725376129,0.9855798482894896,0.7385454773902893
Q10193_Q9UUB7,0.003126,0.003126,0.037125,0.7388254404067993,0.9988719820976256,0.0104867899790406
Q9P7F9_O74804,0.0031801,0.0031801,0.033564,0.24461181461811066,0.0012064495822414,0.0005775936297141
O94609_O74985,0.0034872,0.0034872,0.033543,0.03951200470328331,0.9985572695732116,0.2298757135868072
O94285_Q10134,0.003237,0.003237,0.03381,0.09357742965221405,0.9982365369796752,0.0258156843483448
O74910_O74988,0.003212,0.003212,0.033626,0.2967471182346344,0.0138507075607776,0.006384105887264
O60104_O94668,0.003294,0.003294,0.034027,0.4151540696620941,0.99907386302948,0.5958976149559021
O13672_O94658,0.015617,0.015617,0.087184,0.024341454729437828,0.9990429282188416,0.9915722608566284
O13988_O14329,0.0047312,0.0047312,0.03353,0.12205000221729279,0.0082477554678916,0.0011224395129829
Q10232_Q9UU79,0.013608,0.013608,0.055256,0.25284862518310547,0.9990755319595336,0.7087245583534241
Q9HDY7_Q10366,0.0034876,0.0034876,0.040287,0.009331447072327137,0.0019932512659579,0.1883074641227722
Q09763_O59751,0.0047098,0.0047098,0.033687,0.5597167611122131,0.0015992214903235,0.3720721006393432
O74985_Q10232,0.0032788,0.0032788,0.033561,0.010921601206064224,0.0222765915095806,0.6799923181533813
Q10330_Q10366,0.0034066,0.0034066,0.035199,0.23381568491458893,0.0215810220688581,0.1273383498191833
O94707_O74309,0.0032942,0.0032942,0.034628,0.19449281692504883,0.0310162268579006,0.9418250918388368
O43036_Q9UTI3,0.0031501,0.0031501,0.033852,0.6735064387321472,0.0077608996070921,0.0023457766510546
O43036_Q9HDX9,0.0031617,0.0031617,0.033558,0.04296073690056801,0.9990479350090028,0.006573581136763
P87123_Q9UU79,0.0059755,0.0059755,0.036156,0.07369746267795563,0.9990710020065308,0.1574512273073196
P41887_P36614,0.0039266,0.0039266,0.034642,0.3026536703109741,0.0275147911161184,0.4981692433357239
O94263_Q10218,0.0041711,0.0041711,0.033814,0.4239778220653534,0.9988211989402772,0.1661433428525924
P04688_Q09825,0.0037126,0.0037126,0.033695,0.0635746419429779,0.0024140370078384,0.0080841798335313
Q10109_Q10353,0.0037846,0.0037846,0.033664,0.4481540620326996,0.0016379988519474,0.0695352852344513
O94542_Q06182,0.0034568,0.0034568,0.033765,0.029760587960481644,0.0154288103803992,0.1363695710897445
P87174_O14417,0.0031227,0.0031227,0.033583,0.776883602142334,0.9990836381912231,0.0066296220757067
P87174_O94423,0.0032922,0.0032922,0.033815,0.42614758014678955,0.9985532164573668,0.1022890582680702
Q9P782_O75001,0.0032254,0.0032254,0.033759,0.23053079843521118,0.002685013692826,0.0064526558853685
O74531_Q9C0Z9,0.0032538,0.0032538,0.033857,0.18966111540794373,0.0029698375146836,0.0072193718515336
O94705_O13828,0.0032633,0.0032633,0.033524,0.33053460717201233,0.0024564513005316,0.0003293215413577
O94659_Q9P7R9,0.0034448,0.0034448,0.033925,0.1178053766489029,0.0523373074829578,0.810477614402771
Q9URY2_Q9USV1,0.028643,0.028643,0.033622,0.012273772619664669,0.0170525722205638,0.9022231101989746
P41887_O94476,0.0032524,0.0032524,0.034106,0.6137785315513611,0.5629902482032776,0.0191082060337066
O14246_P87238,0.0034202,0.0034202,0.033767,0.021342402324080467,0.05739276856184,0.0384268462657928
P79015_Q10317,0.0038957,0.0038957,0.034698,0.019041087478399277,0.6440035700798035,0.0430635474622249
Q10193_Q9Y794,0.0069098,0.0069098,0.035707,0.5115739703178406,0.0039370749145746,0.0594180785119533
P87314_O00102,0.021324,0.021324,0.084532,0.03626027703285217,0.9967568516731262,0.0019503373187035
O13339_O14388,0.0036278,0.0036278,0.036787,0.12053992599248886,0.9984410405158995,0.0078788874670863
Q9P7G0_P78761,0.0036977,0.0036977,0.033587,0.19097502529621124,0.9985703229904176,0.106582410633564
O59680_Q9P7E0,0.082395,0.082395,0.2525,0.4838973879814148,0.999010443687439,0.9495286345481871
P87238_P41412,0.0033691,0.0033691,0.033577,0.03664430230855942,0.0096732163801789,0.2099715769290924
O74955_O94542,0.0037254,0.0037254,0.034083,0.2350589781999588,0.0033242048230022,0.1329172104597091
P33886_P56286,0.0040327,0.0040327,0.034047,0.7175862789154053,0.0570487566292285,0.0429918803274631
P87306_Q09906,0.0035272,0.0035272,0.033752,0.4734276533126831,0.0008191136876121,0.0068142795935273
Q92352_P0CT60,0.0032283,0.0032283,0.034132,0.1943780928850174,0.9988932013511658,0.5906489491462708
O94272_Q9UUJ4,0.0033957,0.0033957,0.033902,0.22723905742168427,0.1825991868972778,0.0244196094572544
Q9UT76_O14417,0.0031413,0.0031413,0.033551,0.38498473167419434,0.0005406169802881,0.0064921099692583
P87306_A6X980,0.0031959,0.0031959,0.035339,0.3587089776992798,0.9991058707237244,0.9119983315467834
Q9USM8_Q9UUJ1,0.0031473,0.0031473,0.034018,0.1784881353378296,0.0286187063902616,0.021870819851756
Q9UUM2_P36613,0.0033366,0.0033366,0.033849,0.13647489249706268,0.9989771842956544,0.2293947488069534
O74175_Q9Y7Z1,0.047425,0.047425,0.0691,0.11113812774419785,0.998789131641388,0.9969072937965392
O59767_P79065,0.0058375,0.0058375,0.033577,0.16334009170532227,0.0047841612249612,0.5205042362213135
Q9P7W4_Q9US59,0.0034063,0.0034063,0.034743,0.3151927590370178,0.9652153849601746,0.3099136650562286
O74536_O94285,0.0056705,0.0056705,0.034282,0.018185747787356377,0.0083485348150134,0.0045198374427855
O42995_Q9USV3,0.0031131,0.0031131,0.034258,0.19951042532920837,0.9986775517463684,0.2166799902915954
Q10668_P0CG72,0.0055323,0.0055323,0.042155,0.15679220855236053,0.0047450941056013,0.0920000076293945
P87306_O74955,0.01293,0.01293,0.037183,0.3108290433883667,0.0051904167048633,0.529231607913971
Q09906_P28748,0.0033852,0.0033852,0.03353,0.019971443340182304,0.0011068612802773,0.0018662473885342
P78929_Q9P7F9,0.0038911,0.0038911,0.034452,0.1937054991722107,0.001255587209016,0.0027442949358373
P79015_O74517,0.054927,0.054927,0.11269,0.6020176410675049,0.9988269209861756,0.9590246677398682
Q9UUB5_O74511,0.0036995,0.0036995,0.035794,0.5849801898002625,0.1090949475765228,0.0667713955044746
O74895_O42667,0.0036244,0.0036244,0.034425,0.15049998462200165,0.0052472227253019,0.0116632627323269
P78953_P0CT77,0.007445,0.007445,0.03419,0.45815524458885193,0.0118824886158108,0.1408640891313552
Q9P7A0_P40384,0.0034035,0.0034035,0.03383,0.3757672905921936,0.0057142321020364,0.086159661412239
Q9P782_Q09196,0.0035012,0.0035012,0.033619,0.276626855134964,0.0023222940508276,0.0085373446345329
Q9C0Z9_P87309,0.0034136,0.0034136,0.03397,0.2956637740135193,0.0386197753250598,0.0158928427845239
O60129_Q92352,0.0031822,0.0031822,0.033779,0.16572977602481842,0.9986294507980348,0.6455718278884888
Q10109_Q09906,0.05015,0.05015,0.041613,0.1758018285036087,0.0016992753371596,0.4595130681991577
P40995_Q10159,0.0036929,0.0036929,0.033684,0.1158156618475914,0.0007862384663894,0.1154228299856185
Q9UTB6_Q00619,0.0032299,0.0032299,0.033495,0.11256122589111328,0.0018718667561188,0.0008798812050372
Q92358_Q10366,0.0032396,0.0032396,0.033787,0.045049265027046204,0.0097384536638855,0.0171436313539743
O94238_Q9P7E0,0.0035202,0.0035202,0.033527,0.3810853064060211,0.9980378746986388,0.002154829679057
Q10317_Q10477,0.0037812,0.0037812,0.035025,0.26128098368644714,0.9990382194519044,0.7478652000427246
Q92352_O14036,0.0032178,0.0032178,0.038546,0.38336804509162903,0.0101889194920659,0.0254165977239608
O74175_O74904,0.029995,0.029995,0.044056,0.13506224751472473,0.9989234805107116,0.9929839372634888
O74771_O74983,0.0035092,0.0035092,0.033647,0.09116564691066742,0.0377377271652221,0.0076009077019989
P30261_P34208,0.0033374,0.0033374,0.034084,0.22996099293231964,0.4710118472576141,0.2595316171646118
P79063_P36582,0.0034746,0.0034746,0.033611,0.10003858059644699,0.0039863344281911,0.0304322410374879
P87174_Q9HGL6,0.0033411,0.0033411,0.033753,0.18485398590564728,0.9990524649620056,0.7532080411911011
O74309_Q9Y7R3,0.0032201,0.0032201,0.047952,0.5688481330871582,0.0114389825612306,0.7583277821540833
O74736_Q9P7M1,0.0050294,0.0050294,0.033899,0.07555779069662094,0.999015212059021,0.9851742386817932
Q0E7J7_O94581,0.0035285,0.0035285,0.033911,0.009737341664731503,0.0027891343925148,0.001428086659871
O74518_O94687,0.0034823,0.0034823,0.033614,0.3067937195301056,0.9046522974967957,0.4706014394760132
Q10477_Q9P7Y4,0.0046173,0.0046173,0.039793,0.0913667306303978,0.9989240765571594,0.8257384300231934
O42846_P36601,0.0068577,0.0068577,0.039722,0.16975003480911255,0.0131242722272872,0.0895736813545227
Q9UUB7_Q09176,0.003163,0.003163,0.033576,0.13723498582839966,0.9979261159896852,0.0019261095440015
P87169_P79063,0.0031615,0.0031615,0.033544,0.671893835067749,0.998120367527008,0.0430045798420906
Q4PIR3_O13712,0.0032871,0.0032871,0.033837,0.15023359656333923,0.0042725265957415,0.3004298806190491
P13681_Q10430,0.0042533,0.0042533,0.034473,0.8655714988708496,0.9962018132209778,0.0299463849514722
O94581_O74446,0.0033546,0.0033546,0.034018,0.22779066860675812,0.0019586605485528,0.0025011969264596
O60016_P09988,0.0069681,0.0069681,0.042358,0.21474690735340118,0.9990181922912598,0.0349013917148113
P40377_P50582,0.0049057,0.0049057,0.034361,0.03933108597993851,0.0316168889403343,0.0200957413762807
O42667_O13685,0.0096249,0.0096249,0.033496,0.3066229224205017,0.0252141430974006,0.0120729245245456
P0C5Y7_Q9P7V3,0.0031259,0.0031259,0.033529,0.33186787366867065,0.0021214059088379,0.0026374675799161
O59800_P40996,0.0036311,0.0036311,0.034289,0.17267918586730957,0.0050007584504783,0.0238271132111549
O13684_P36583,0.012207,0.012207,0.033725,0.1552426666021347,0.0061610047705471,0.0502811595797538
Q9USP0_Q09685,0.0035393,0.0035393,0.0336,0.0031090588308870792,0.0031716483645141,0.0030892190989106
O94272_O42844,0.034106,0.034106,0.79078,0.05040295422077179,0.2994731962680816,0.0362761318683624
P32390_Q9UUC6,0.0032317,0.0032317,0.033988,0.3994680345058441,0.0089748697355389,0.002770505612716
P09322_O42667,0.0037719,0.0037719,0.03933,0.08122386038303375,0.02325901389122,0.0110084554180502
Q10134_O43036,0.0031771,0.0031771,0.033468,0.4278359115123749,0.9989946484565736,0.0051107173785567
P87027_O74433,0.0031613,0.0031613,0.033447,0.32610347867012024,0.000943150545936,0.0026157407555729
O43071_P36592,0.003261,0.003261,0.035672,0.31183162331581116,0.99819153547287,0.6255664229393005
Q09906_Q9Y821,0.0032904,0.0032904,0.033589,0.49998366832733154,0.0053604785352945,0.1508331298828125
Q9UTB6_P28829,0.0035923,0.0035923,0.033679,0.46881812810897827,0.0020708709489554,0.3211389482021332
O60158_O94276,0.0048313,0.0048313,0.034454,0.6242817640304565,0.0174628943204879,0.7799728512763977
O94288_Q1MTQ9,0.0031781,0.0031781,0.03409,0.10109204053878784,0.9989514350891112,0.0073092761449515
Q9UTP0_P78972,0.0036926,0.0036926,0.078755,0.30454614758491516,0.0225082505494356,0.019090000540018
Q10432_Q9C0Z9,0.0032522,0.0032522,0.033684,0.26647886633872986,0.0051526692695915,0.0184877999126911
P0CT60_Q9UUI1,0.58801,0.58801,0.035137,0.41009029746055603,0.9990459084510804,0.0175811890512704
Q09170_P0CG72,0.058434,0.058434,0.042738,0.1684223711490631,0.0307850688695907,0.0148221272975206
Q10173_Q10198,0.043805,0.043805,0.03362,0.050337813794612885,0.999049961566925,0.9897700548171996
P41887_Q9P782,0.0033415,0.0033415,0.033763,0.34484389424324036,0.8559664487838745,0.9192517399787904
P01129_O59790,0.004229,0.004229,0.033694,0.09183768182992935,0.006104018073529,0.0295980963855981
O94717_Q09142,0.0035508,0.0035508,0.039957,0.16482271254062653,0.9917009472846984,0.9190190434455872
P42656_P87323,0.0043429,0.0043429,0.033695,0.4699743688106537,0.9940173625946044,0.0228673946112394
O14269_O14343,0.0032082,0.0032082,0.033909,0.014601810835301876,0.1195906922221183,0.7724437117576599
O74804_Q09933,0.01222,0.01222,0.033782,0.3275916576385498,0.0108920587226748,0.8967840671539307
O60052_Q10429,0.06317,0.06317,0.033716,0.39044761657714844,0.0272583421319723,0.944722294807434
O74398_O94309,0.0033389,0.0033389,0.033602,0.11480871587991714,0.6366468071937561,0.0057025593705475
P14575_O14241,0.0038761,0.0038761,0.033516,0.2855326235294342,0.0466061308979988,0.0018459389684721
G2TRP5_P07657,0.13544,0.13544,0.070273,0.026419656351208687,0.0023913045879453,0.9566917419433594
Q9USP9_Q96WW3,0.0050453,0.0050453,0.034191,0.25212523341178894,0.0275330077856779,0.6009542942047119
P0CT68_Q09170,0.0032765,0.0032765,0.033617,0.7492804527282715,0.004554770886898,0.0281836967915296
Q12126_O43120,0.0074602,0.0074602,0.034447,0.6639720797538757,0.0402039140462875,0.2450046688318252
Q9USP0_O94476,0.013038,0.013038,0.040361,0.2875727117061615,0.0018617024179548,0.0130916107445955
O14350_Q9P802,0.0032601,0.0032601,0.033655,0.12463090568780899,0.997721254825592,0.2012199908494949
P25457_O14198,0.003208,0.003208,0.033579,0.028627848252654076,0.99906724691391,0.0113798314705491
Q9P7J8_P33886,0.028204,0.028204,0.34742,0.10759320855140686,0.9990177154541016,0.7597714066505432
Q09330_G2TRP5,0.0034802,0.0034802,0.03354,0.06509531289339066,0.0158829279243946,0.0159265715628862
O94616_Q9USU3,0.0032975,0.0032975,0.033719,0.3874685764312744,0.0097239660099148,0.0981308594346046
O74515_O60150,0.0035189,0.0035189,0.034926,0.11001817882061005,0.9988816380500792,0.0063545135781168
O94603_Q9UT72,0.0033322,0.0033322,0.034665,0.25283291935920715,0.0231319367885589,0.9400617480278016
Q9HE05_O13936,0.0032421,0.0032421,0.036892,0.0848747193813324,0.2775136530399322,0.0986174494028091
P52890_Q10428,0.0034099,0.0034099,0.033817,0.1597289741039276,0.0134082874283194,0.1462962925434112
O36027_O94476,0.0031562,0.0031562,0.033621,0.13259586691856384,0.0062892436981201,0.0397089160978794
O14269_Q9UTF6,0.0034777,0.0034777,0.033536,0.15288874506950378,0.0072938473895192,0.0096791852265596
P87176_Q09819,0.0046582,0.0046582,0.39911,0.45339247584342957,0.9980345368385316,0.9798316359519958
P0CH07_P87176,0.070856,0.070856,0.77356,0.28633537888526917,0.9989103078842164,0.9331396222114564
P87123_Q9Y794,0.0038772,0.0038772,0.052552,0.22006817162036896,0.0041191009804606,0.0577254630625247
P87053_Q9P6M0,0.0033305,0.0033305,0.035188,0.09486987441778183,0.0110994959250092,0.0610845908522605
O74985_O74536,0.061412,0.061412,0.033512,0.1302272230386734,0.0096568865701556,0.0173882320523262
P05734_Q9Y794,0.010201,0.010201,0.052855,0.09753920137882233,0.0039639021269977,0.3611591160297394
O74966_Q9P6Q0,0.0034207,0.0034207,0.034042,0.44148510694503784,0.9989257454872132,0.0274329241365194
Q53EK2_P04688,0.0034375,0.0034375,0.051301,0.042322609573602676,0.2291431427001953,0.0053293253295123
O14036_O13681,0.0035397,0.0035397,0.034379,0.2424156367778778,0.0090014711022377,0.0397018082439899
O59751_P05734,0.0041972,0.0041972,0.034561,0.29744523763656616,0.0031526633538305,0.0449639931321144
O43070_O94360,0.0031412,0.0031412,0.033708,0.15078213810920715,0.0121492128819227,0.0030195249710232
Q9US45_P08090,0.0038209,0.0038209,0.033727,0.34639549255371094,0.9988330006599426,0.173446848988533
P33886_P0C5Y7,0.0042925,0.0042925,0.033834,0.02465588040649891,0.0312934182584285,0.0030623583588749
Q9P4W1_O42978,0.037439,0.037439,0.034264,0.252534955739975,0.0172916408628225,0.0013598940568044
Q9UT76_Q92352,0.0031734,0.0031734,0.033581,0.19310642778873444,0.0075540668331086,0.0160229057073593
O74399_O13782,0.0033465,0.0033465,0.033721,0.17514517903327942,0.0124049428850412,0.0739041715860366
O94659_O60187,0.0034016,0.0034016,0.033722,0.29247337579727173,0.0078751975670456,0.0402015335857868
O13936_Q10109,0.0039603,0.0039603,0.034255,0.12670280039310455,0.0045881085097789,0.0671241357922554
O74433_Q9P7X1,0.0036826,0.0036826,0.03831,0.3275411128997803,0.9990391731262208,0.9650708436965942
Q10271_O74796,0.0034681,0.0034681,0.033557,0.1407870352268219,0.0243272073566913,0.0401783287525177
Q9P7M1_P36583,0.0037391,0.0037391,0.034256,0.012853247113525867,0.0039267889223992,0.4486833810806274
Q9USP0_O74747,0.0035497,0.0035497,0.033607,0.08716537803411484,0.0072082867845892,0.002989663509652
P56288_P08965,0.0037208,0.0037208,0.033572,0.39813628792762756,0.0096663134172558,0.0113638304173946
Q09824_O42975,0.0033575,0.0033575,0.035936,0.19334129989147186,0.110861025750637,0.0418439954519271
O74791_Q9UU79,0.0663,0.0663,0.15927,0.12522490322589874,0.9990394711494446,0.9766950011253356
Q09154_Q10366,0.0045653,0.0045653,0.033649,0.0026596311945468187,0.0005654052947647,0.0015039667487144
O74175_Q9HGL6,0.0038351,0.0038351,0.033869,0.030396150425076485,0.9989546537399292,0.9816182255744934
Q10192_O13790,0.0033602,0.0033602,0.033842,0.03128860518336296,0.0021482498850673,0.0041526197455823
O94717_O74558,0.0031981,0.0031981,0.034869,0.09014496207237244,0.0072623686864972,0.0058778044767677
P49731_Q10218,0.0038782,0.0038782,0.035205,0.3300100266933441,0.0067800600081682,0.1233267113566398
P87123_P32434,0.0031258,0.0031258,0.033585,0.027338892221450806,0.0032262927852571,0.0035820449702441
Q09191_P87051,0.0032829,0.0032829,0.034445,0.2107381671667099,0.0402683392167091,0.0018005196470767
Q10295_P33886,0.003445,0.003445,0.033575,0.11298701912164688,0.0100497268140316,0.8232361674308777
O14246_O59836,0.0047257,0.0047257,0.0347,0.5512964725494385,0.9965376853942872,0.9409279823303224
P78953_Q10316,0.0040421,0.0040421,0.033689,0.08678949624300003,0.0082658734172582,0.7020246982574463
P79015_P79071,0.21555,0.21555,0.30936,0.17295856773853302,0.999032974243164,0.95793479681015
Q9Y7R3_O94268,0.0033511,0.0033511,0.054696,0.34797805547714233,0.9987162351608276,0.9847495555877686
P36618_Q9HE05,0.0032324,0.0032324,0.034671,0.1959906965494156,0.9985639452934264,0.0179947484284639
P41411_O94288,0.0039605,0.0039605,0.033826,0.20657068490982056,0.0228382144123315,0.1498540341854095
O14343_Q9USL5,0.0033019,0.0033019,0.033521,0.1742662936449051,0.0105068488046526,0.0860668644309043
Q9USR7_Q9Y709,0.1409,0.1409,0.037184,0.17109248042106628,0.0022364095784723,0.0175122395157814
P40380_Q09717,0.00317,0.00317,0.033762,0.013896830379962921,0.0118864821270108,0.0560229532420635
O14011_O43071,0.0033133,0.0033133,0.060032,0.08113058656454086,0.9960328936576844,0.2756145000457763
Q10159_P41412,0.0033986,0.0033986,0.033701,0.06802929192781448,0.0053213918581604,0.0799713060259819
P79071_O13310,0.0034187,0.0034187,0.033657,0.15188650786876678,0.0037972507998347,0.0037037145812064
Q9P7E0_P87173,0.003475,0.003475,0.033548,0.2973526418209076,0.0176396612077951,0.0006052470416761
O75001_O43080,0.003355,0.003355,0.033587,0.15527163445949554,0.0055968579836189,0.008670893497765
P29458_O42995,0.0041774,0.0041774,0.041596,0.28862258791923523,0.0116725331172347,0.0126247648149728
P41889_O13852,0.003278,0.003278,0.033944,0.3893257975578308,0.0433159992098808,0.0306356865912675
P05764_Q09683,0.003502,0.003502,0.033573,0.13847707211971283,0.9990658164024352,0.0004914643941447
Q10316_O13988,0.0032784,0.0032784,0.033944,0.03600034862756729,0.9990353584289552,0.0274735949933528
O13728_O36019,0.0032635,0.0032635,0.033703,0.07738523185253143,0.0012853605439886,0.1411484777927398
Q10232_P50524,0.0032638,0.0032638,0.033848,0.3100142180919647,0.1243024244904518,0.4542663991451263
O13836_P40848,0.0034544,0.0034544,0.033917,0.2391260266304016,0.0062623959966003,0.0110210105776786
O13964_Q09760,0.0032234,0.0032234,0.033666,0.24075375497341156,0.0025491549167782,0.0219934470951557
Q09824_Q09819,0.0037945,0.0037945,0.037665,0.19342513382434845,0.9728865027427672,0.9847899079322816
O94288_O94450,0.0033979,0.0033979,0.033825,0.257497102022171,0.0257524270564317,0.002728170948103
P36618_P0CF96,0.003149,0.003149,0.034321,0.009030010551214218,0.0386408269405365,0.0957650169730186
Q09763_P87245,0.010527,0.010527,0.033859,0.0485335998237133,0.0032510077580809,0.964049994945526
Q96TL7_Q9UTR8,0.0033131,0.0033131,0.036307,0.15718837082386017,0.9989684820175172,0.9883005619049072
P40377_Q09808,0.0031899,0.0031899,0.033892,0.14384643733501434,0.9629852771759032,0.3486302196979522
O14097_Q9P7F9,0.015801,0.015801,0.034406,0.2635740339756012,0.0012217735638841,0.0005011986359022
Q10353_P33886,0.0039199,0.0039199,0.033637,0.1309303343296051,0.0078438380733132,0.0671616941690445
O42832_Q10295,0.0034388,0.0034388,0.035255,0.08874102681875229,0.0062840897589921,0.3060071766376495
P87231_P87238,0.0043306,0.0043306,0.033617,0.18789683282375336,0.9988075494766236,0.1113268733024597
Q09683_O13688,0.0033787,0.0033787,0.034202,0.5693191289901733,0.9990320205688475,0.9162086248397828
O94376_P79005,0.0044211,0.0044211,0.033934,0.44700300693511963,0.9988344311714172,0.3762696385383606
Q9UT52_Q10585,0.0031489,0.0031489,0.033854,0.08076250553131104,0.9975549578666688,0.6616798043251038
O60016_P41889,0.0035121,0.0035121,0.033848,0.053414128720760345,0.0287474617362022,0.0519624277949333
O14180_O94698,0.0046525,0.0046525,0.046197,0.3370278477668762,0.9989416003227234,0.633090078830719
P07657_P79010,0.1695,0.1695,0.085745,0.24447482824325562,0.0018858488183468,0.9252217411994934
Q9P802_Q9Y7N2,0.0034732,0.0034732,0.041307,0.25758013129234314,0.9900943636894226,0.0226579550653696
P33520_O74796,0.0033632,0.0033632,0.033582,0.25900304317474365,0.0112089160829782,0.1292287558317184
O74772_P87245,0.0032358,0.0032358,0.033634,0.0967167466878891,0.0044041695073246,0.0080746077001094
P87174_Q9HGQ3,0.003678,0.003678,0.033832,0.1397496908903122,0.9108723402023317,0.0081516820937395
O74446_Q9URX6,0.0035083,0.0035083,0.033607,0.16707539558410645,0.0069599128328263,0.0038192006759345
O14235_O13816,0.0031739,0.0031739,0.034272,0.16573990881443024,0.0573192797601223,0.0064223036170005
Q92372_O94272,0.0066692,0.0066692,0.039483,0.732548713684082,0.9989433884620668,0.0284591801464557
O42995_O75001,0.0039808,0.0039808,0.036795,0.4674633741378784,0.0362759493291378,0.01620839163661
Q9P7Y4_O60150,0.0080228,0.0080228,0.049546,0.1850535124540329,0.0149295656010508,0.017000364139676
P04688_O14079,0.0054657,0.0054657,0.033868,0.08471763134002686,0.0366793312132358,0.0160414408892393
Q9USV3_Q9UUE5,0.0037167,0.0037167,0.033581,0.2533797323703766,0.998873770236969,0.6822634339332581
Q10067_Q9P3B2,0.0033183,0.0033183,0.033551,0.08880157023668289,0.0022039015311747,0.0006383284926414
Q9P805_Q09116,0.0033559,0.0033559,0.033547,0.03926301375031471,0.0075592300854623,0.3649208545684814
P07334_O94444,0.0044617,0.0044617,0.033513,0.34023094177246094,0.9989725351333618,0.0711480006575584
P0CT68_Q09914,0.0032026,0.0032026,0.033449,0.20872056484222412,0.0041265795007348,0.0102419918403029
P78774_Q09176,0.0034706,0.0034706,0.033945,0.5560413002967834,0.0203386787325143,0.0869468972086906
P0CU09_O13836,0.00327,0.00327,0.034143,0.12141664326190948,0.0101671377196908,0.3758717477321625
P40995_P40996,0.0034955,0.0034955,0.035191,0.13717707991600037,0.9900978803634644,0.4950350224971771
O13916_Q10193,0.004455,0.004455,0.056806,0.27472466230392456,0.0170886721462011,0.0032160424161702
Q9USY3_O13889,0.0055353,0.0055353,0.034766,0.22493092715740204,0.9764330983161926,0.1628378033638
P52890_O14318,0.18923,0.18923,0.033724,0.25013983249664307,0.1439371556043625,0.4028998613357544
O42709_O94355,0.0032203,0.0032203,0.033849,0.07744590938091278,0.9985606074333192,0.8367640376091003
P36582_P87176,0.0038985,0.0038985,0.15625,0.585509181022644,0.8076961636543274,0.035063873976469
Q9Y818_P30261,0.0088437,0.0088437,0.033678,0.2148045003414154,0.998664379119873,0.0051324502564966
Q7LL14_Q12126,0.046358,0.046358,0.037716,0.057210780680179596,0.8008788824081421,0.0177211929112672
P36622_P78794,0.003215,0.003215,0.033908,0.22022530436515808,0.0014242831384763,0.0153664667159318
P01129_O74985,0.0033218,0.0033218,0.033893,0.5997592210769653,0.0058399024419486,0.8139113783836365
P41889_P79065,0.0048699,0.0048699,0.03355,0.19830363988876343,0.0053746728226542,0.6940081119537354
P33520_Q9UUB5,0.0042973,0.0042973,0.03411,0.6140700578689575,0.0133225778117775,0.6919641494750977
Q9UTA4_P40235,0.0034029,0.0034029,0.033907,0.26883289217948914,0.0051044994033873,0.0022199610248208
Q9UTE6_O94684,0.0033705,0.0033705,0.033985,0.47478416562080383,0.9593505263328552,0.3653939068317413
O94717_P40381,0.0034586,0.0034586,0.037512,0.11461536586284637,0.8719601631164551,0.0523416884243488
Q9P3B2_P40235,0.0034315,0.0034315,0.033556,0.17789405584335327,0.0024788454174995,0.0012519945157691
Q9P7W4_P30261,0.0033067,0.0033067,0.036479,0.07879095524549484,0.9986683130264282,0.5363724827766418
O94321_P78929,0.0037557,0.0037557,0.033616,0.13368405401706696,0.006426403298974,0.097890980541706
Q9USL5_P42656,0.0034003,0.0034003,0.033476,0.15563304722309113,0.0018946573836728,0.3521767556667328
O59800_P87051,0.003441,0.003441,0.034616,0.2524154484272003,0.9988119602203368,0.0009724781266413
O42954_Q9P6R1,0.003389,0.003389,0.0403,0.3518304228782654,0.0167194195091724,0.0752913877367973
O60016_Q9Y7M6,0.0031891,0.0031891,0.033571,0.0720302164554596,0.0214945580810308,0.0771020725369453
Q9UUM2_O14021,0.0066752,0.0066752,0.089739,0.051200930029153824,0.4858856499195099,0.0623192824423313
Q9USL5_Q9USV1,0.0036734,0.0036734,0.033527,0.6680382490158081,0.0063840518705546,0.0874208137392997
O75001_O60164,0.0034013,0.0034013,0.040926,0.2416137456893921,0.9984320998191832,0.060354296118021
Q09191_O13615,0.0032818,0.0032818,0.037294,0.2852841913700104,0.0086954422295093,0.063287429511547
O13684_P36601,0.0041174,0.0041174,0.033873,0.010111098177731037,0.0042447098530828,0.007273715455085
P36592_O94285,0.0032023,0.0032023,0.034707,0.05472515895962715,0.9991063475608826,0.2637686729431152
Q9P7E0_Q10108,0.0031803,0.0031803,0.033484,0.22323483228683472,0.0028439492452889,0.000893565651495
O13777_O74985,0.0033161,0.0033161,0.033736,0.3631333112716675,0.7161460518836975,0.0639978349208831
Q9UUJ1_Q10272,0.003264,0.003264,0.10435,0.07663307338953018,0.0475505627691745,0.0696411654353141
Q10477_P87215,0.0033803,0.0033803,0.033591,0.097660593688488,0.0074393432587385,0.0100533459335565
O13988_O14097,0.0035906,0.0035906,0.036289,0.09061232954263687,0.9990211725234984,0.0943461656570434
O59680_O13684,0.0042941,0.0042941,0.033643,0.6948074698448181,0.0057253506965935,0.0007270689238794
Q9P4W1_O94268,0.028886,0.028886,0.033964,0.4178280234336853,0.0302291549742221,0.0103754438459873
P78953_O13782,0.0033024,0.0033024,0.033853,0.00531592033803463,0.002826182404533,0.3529886901378631
P87324_Q9US45,0.0034742,0.0034742,0.034271,0.18165448307991028,0.999004065990448,0.3437948226928711
O13916_P05733,0.025369,0.025369,0.041324,0.5005857348442078,0.0038583769928663,0.0039687268435955
P50530_Q09154,0.008082,0.008082,0.033639,0.11080590635538101,0.00143823469989,0.0019690971821546
Q02088_O74986,0.93685,0.93685,0.034136,0.6209704875946045,0.0027041374705731,0.0241093877702951
O60187_P07657,0.0032389,0.0032389,0.033481,0.020141569897532463,0.0007470840355381,0.0008198953582905
P87123_Q02088,0.0031811,0.0031811,0.033426,0.07074740529060364,0.0022859168238937,0.0045412029139697
Q9UT46_Q09698,0.003344,0.003344,0.035095,0.25624382495880127,0.0053856400772929,0.9851025342941284
O14229_Q9P7F9,0.0040021,0.0040021,0.033562,0.13231033086776733,0.0008195363916456,0.0005369730642996
Q9Y794_Q9P7V3,0.019018,0.019018,0.033578,0.29393666982650757,0.0023782132193446,0.0617760829627513
Q07538_O94620,0.008798,0.008798,0.040729,0.22013357281684875,0.9989331364631652,0.3842733800411224
P50530_Q9HGL6,0.0032568,0.0032568,0.033711,0.15691672265529633,0.0090741831809282,0.0455067381262779
Q9Y709_Q9UTI3,0.0032094,0.0032094,0.033588,0.33888354897499084,0.0039397198706865,0.1484581530094146
Q9P6Q6_Q10343,0.0036261,0.0036261,0.033864,0.18116019666194916,0.0014751554699614,0.0236523896455764
O94355_P13681,0.0032746,0.0032746,0.039261,0.013127490878105164,0.0054488480091094,0.0144933946430683
O42995_P41005,0.0031895,0.0031895,0.035325,0.30858296155929565,0.0076491744257509,0.309774249792099
O13777_O42661,0.0034394,0.0034394,0.034589,0.051509615033864975,0.9990637898445128,0.1524614840745926
O14417_P78972,0.0031841,0.0031841,0.033806,0.17517638206481934,0.6693602204322815,0.4636901319026947
O13836_Q9C107,0.0033645,0.0033645,0.034718,0.3165293037891388,0.998009979724884,0.0457350425422191
O74653_P78794,0.0033594,0.0033594,0.03403,0.39517033100128174,0.0042705796658992,0.1178429350256919
Q9UTA4_Q10193,0.0041059,0.0041059,0.03375,0.1384967714548111,0.5947540402412415,0.0242606736719608
Q09933_P49731,0.0063954,0.0063954,0.035418,0.032628897577524185,0.0100102759897708,0.3298877775669098
O74360_Q10951,0.0034829,0.0034829,0.036105,0.5500621795654297,0.0127669693902134,0.9086379408836364
O74736_O74854,0.0034793,0.0034793,0.03397,0.46372029185295105,0.0031214782502502,0.4138314723968506
P36582_O74825,0.0032823,0.0032823,0.033653,0.25061964988708496,0.0058058695867657,0.0338612459599971
O74518_O13688,0.0032688,0.0032688,0.03383,0.22870084643363953,0.9989879727363586,0.2875961065292358
O42846_P0CT70,0.33905,0.33905,0.38981,0.59874427318573,0.9989946484565736,0.9799484014511108
O13790_O13777,0.0031609,0.0031609,0.033872,0.10274531692266464,0.033929131925106,0.0188443548977375
P36614_P48011,0.00368,0.00368,0.034222,0.042440541088581085,0.0200412031263113,0.007675957866013
Q9UTR8_Q09760,0.0032862,0.0032862,0.039135,0.1376347541809082,0.0047529367730021,0.0194879453629255
P32586_P32390,0.0032531,0.0032531,0.033627,0.00908226054161787,0.0051087709143757,0.2103002816438675
Q10477_O13978,0.0031691,0.0031691,0.033798,0.1336335986852646,0.8952773213386536,0.1923842281103134
P40848_P56286,0.0035833,0.0035833,0.033696,0.3867853283882141,0.998480498790741,0.0323331430554389
O74772_Q09898,0.0034281,0.0034281,0.033937,0.4248514473438263,0.0767445117235183,0.0491314455866813
O59755_Q9Y7J4,0.0032722,0.0032722,0.033616,0.32530325651168823,0.0101008089259266,0.0900656133890152
O43070_O13978,0.0031535,0.0031535,0.033544,0.3789208233356476,0.9960873126983644,0.5448731184005737
Q9P7P2_Q09760,0.0033072,0.0033072,0.038955,0.21899521350860596,0.0056774080730974,0.0256802197545766
P27584_O74772,0.0035372,0.0035372,0.033554,0.28896260261535645,0.0029063576366752,0.0048532932996749
O74515_O59680,0.0075964,0.0075964,0.034127,0.5373315811157227,0.0508244931697845,0.0044615608640015
Q9UT32_Q9P3B2,0.0034267,0.0034267,0.033491,0.5054522752761841,0.0101183736696839,0.0015732201281934
P40384_P79010,0.0037963,0.0037963,0.033619,0.38339439034461975,0.1821956485509872,0.0010348837822675
O13988_O94616,0.0033513,0.0033513,0.034182,0.7933364510536194,0.9989936947822572,0.004672456998378
P0CT60_Q10353,0.094835,0.094835,0.12746,0.32675057649612427,0.9988334774971008,0.8752508163452148
P37382_Q92399,0.0045743,0.0045743,0.035844,0.32210561633110046,0.9991157650947572,0.0213767886161804
P87245_P50530,0.0035958,0.0035958,0.033783,0.04717318341135979,0.0092395488172769,0.5609142184257507
Q9UT46_Q9UT52,0.0036446,0.0036446,0.043777,0.20938415825366974,0.0497260764241218,0.8947023749351501
O13370_Q9Y7N2,0.0087374,0.0087374,0.041072,0.26148906350135803,0.9989399313926696,0.4164789915084839
O14388_O94408,0.18482,0.18482,0.035002,0.061009619385004044,0.999038815498352,0.115292876958847
P78761_O74555,0.0039253,0.0039253,0.03364,0.3437664806842804,0.003026882186532,0.0019083931110799
O94717_P08092,0.0032523,0.0032523,0.033739,0.006714587565511465,0.0106957405805587,0.6454364061355591
Q01112_Q9Y821,0.0033005,0.0033005,0.033588,0.060181133449077606,0.0055396310053765,0.006686947774142
O13828_O14098,0.0035778,0.0035778,0.033958,0.3746723532676697,0.998993456363678,0.9668752551078796
Q9USV3_O74718,0.0032108,0.0032108,0.035198,0.1903679519891739,0.0562513433396816,0.0460181385278701
Q9P3B2_O14230,0.0032971,0.0032971,0.033544,0.07961191982030869,0.0027871339116245,0.0113210529088974
Q9URX6_Q10316,0.0037784,0.0037784,0.033817,0.1634686440229416,0.999039351940155,0.101963460445404
Q9Y7N2_P07657,0.0034097,0.0034097,0.033738,0.7925540804862976,0.0009903833270072,0.0029955420177429
Q12381_P87053,0.0039704,0.0039704,0.033707,0.12078668177127838,0.0045168860815465,0.0209411010146141
Q9P7M1_Q92399,0.0045606,0.0045606,0.037465,0.006116319913417101,0.0786393359303474,0.0138878868892788
Q09898_O43071,0.0055821,0.0055821,0.036188,0.10101360082626343,0.637058675289154,0.2197762876749038
Q9UUI1_Q9P7E0,0.0036994,0.0036994,0.033514,0.5316399335861206,0.0287468917667865,0.0011541525600478
O13988_Q09808,0.003171,0.003171,0.033908,0.1252848207950592,0.9990741014480592,0.1772053390741348
Q09761_O60187,0.0034318,0.0034318,0.034304,0.10842899978160858,0.9987761378288268,0.9703242182731628
Q9UT52_Q9UST6,0.00385,0.00385,0.038165,0.013873645104467869,0.998715877532959,0.5166448354721069
O42667_O74958,0.0032306,0.0032306,0.033604,0.13573159277439117,0.0158644150942564,0.0125151798129081
O74433_P27638,0.010217,0.010217,0.033504,0.029337109997868538,0.0028780673164874,0.0009552635601721
P0CG72_Q10159,0.0060783,0.0060783,0.034595,0.13776467740535736,0.0009985384531319,0.0047420524060726
O13953_Q874R3,0.0040228,0.0040228,0.034251,0.09305939823389053,0.0125479325652122,0.5615243911743164
O14399_O74718,0.0045577,0.0045577,0.047281,0.16223280131816864,0.0117548815906047,0.0029548443853855
P05764_O59734,0.017881,0.017881,0.034115,0.5213843584060669,0.998896598815918,0.0004429780819918
P87126_P50527,0.0043095,0.0043095,0.035186,0.830946147441864,0.0027253401931375,0.0811338350176811
O94321_O14343,0.0031668,0.0031668,0.033608,0.5781601071357727,0.0038892969023436,0.8108023405075073
O00102_P33886,0.0098914,0.0098914,0.036427,0.3725104033946991,0.9797685742378236,0.0071667367592453
P78946_P09322,0.83412,0.83412,0.11678,0.05063421651721001,0.998982846736908,0.964446485042572
Q9US45_Q9Y821,0.0091667,0.0091667,0.037426,0.2928842306137085,0.9990444779396056,0.7835434079170227
P36629_O14180,0.0034865,0.0034865,0.036932,0.12653526663780212,0.9990536570549012,0.5181471109390259
P08647_O42709,0.0032477,0.0032477,0.033585,0.31622761487960815,0.0031916366424411,0.0189589280635118
P25457_Q10477,0.0036105,0.0036105,0.033836,0.3761269748210907,0.9990559220314026,0.0690601989626884
Q10343_O94272,0.0041718,0.0041718,0.040561,0.102518729865551,0.0216706581413745,0.0448476709425449
O94707_O14098,0.0033525,0.0033525,0.033793,0.6460403800010681,0.9987071752548218,0.7180529832839966
O13985_P0CF96,0.0036529,0.0036529,0.033778,0.7404047846794128,0.9977600574493408,0.0034020449966192
Q09772_O14064,0.0034179,0.0034179,0.035008,0.3357428014278412,0.9989157915115356,0.9545204043388368
Q96WV9_Q9Y7J4,0.0075448,0.0075448,0.033547,0.12307683378458023,0.2289238572120666,0.1868994235992431
P21534_P40384,0.0036912,0.0036912,0.033504,0.0766863152384758,0.0009372480562888,0.0006987349479459
P05733_P05767,0.79429,0.79429,0.32711,0.12360363453626633,0.0134945111349225,0.9931764006614684
P0C5Y7_Q10316,0.0063134,0.0063134,0.035332,0.2032354772090912,0.9969857335090636,0.0136694945394992
P41411_O74309,0.0033009,0.0033009,0.033874,0.01776246167719364,0.0417448095977306,0.3228561282157898
Q10429_Q9UTK6,0.0036007,0.0036007,0.037481,0.08495721966028214,0.0287951659411191,0.7319686412811279
P87245_P50523,0.0035362,0.0035362,0.033999,0.2273840755224228,0.0040848986245691,0.0004288908676244
Q10295_P78972,0.0034761,0.0034761,0.034929,0.07133665680885315,0.992219090461731,0.4045861065387726
O14339_Q9P4W1,0.48359,0.48359,0.03391,0.10564201325178146,0.9990234375,0.6420155763626099
O59790_Q09717,0.0053006,0.0053006,0.034025,0.1612430363893509,0.9990430474281312,0.3305876851081848
O94616_O42978,0.0034663,0.0034663,0.033669,0.15942564606666565,0.9990424513816832,0.0064573748968541
Q9UUB7_O94609,0.003284,0.003284,0.03358,0.32102274894714355,0.0444705300033092,0.0093381628394126
P87314_Q12126,0.0056959,0.0056959,0.035222,0.4819072186946869,0.9987515211105348,0.0522704683244228
O59680_O74465,0.0041577,0.0041577,0.033543,0.5063484907150269,0.0082550216466188,0.00040381308645
Q09170_O74803,0.0058304,0.0058304,0.22252,0.08718898147344589,0.0140248760581016,0.94390070438385
P26306_O14352,0.014883,0.014883,0.033673,0.6870201230049133,0.998187243938446,0.0752571821212768
O59703_Q9P7B7,0.0031213,0.0031213,0.033974,0.05968669801950455,0.0022244818974286,0.0047124098055064
Q9UUA8_O14269,0.0031658,0.0031658,0.033591,0.3273363411426544,0.0129693243652582,0.064107060432434
O74771_O74309,0.0036899,0.0036899,0.033702,0.0920923501253128,0.0559160895645618,0.7246697545051575
Q9USM8_P87215,0.0032278,0.0032278,0.03361,0.20872904360294342,0.1021875515580177,0.0027926564216613
Q10173_P78794,0.0031084,0.0031084,0.033536,0.12309116870164871,0.0040147062391042,0.1595339924097061
P08090_O59703,0.0031446,0.0031446,0.033668,0.3471117615699768,0.009158425964415,0.0287916585803031
P87159_Q9URY0,0.0033131,0.0033131,0.036302,0.0653059184551239,0.0140099031850695,0.1213011294603347
O60104_O94423,0.0031593,0.0031593,0.035066,0.37916749715805054,0.9761738181114196,0.2708332240581512
O74904_O13782,0.0032899,0.0032899,0.033494,0.2539442777633667,0.0029902576934546,0.0212975405156612
O42634_P05734,0.012622,0.012622,0.070659,0.09249617904424667,0.0124962590634822,0.2310522496700287
P40997_O42832,0.0035296,0.0035296,0.034756,0.1707301139831543,0.0173336323350667,0.0163559075444936
P40997_O14352,0.0055401,0.0055401,0.034048,0.2806749939918518,0.0130178853869438,0.0218444000929594
P87176_P87126,0.0040767,0.0040767,0.034418,0.2121613770723343,0.9985930323600768,0.1440500020980835
P09322_P14575,0.0039804,0.0039804,0.033765,0.25003018975257874,0.0161086171865463,0.0065611340105533
P52822_Q9USX8,0.0039173,0.0039173,0.034146,0.10300707072019577,0.0096707418560981,0.0561552681028842
O94684_O13758,0.0033365,0.0033365,0.03401,0.04735735058784485,0.0683908686041832,0.9776667952537536
P79010_Q9UTF6,0.0045454,0.0045454,0.033677,0.17258651554584503,0.9988927245140076,0.9929209351539612
O74790_Q00619,0.0035785,0.0035785,0.035122,0.04291277006268501,0.0686217844486236,0.0013476624153554
Q12701_P87314,0.004662,0.004662,0.034909,0.2496119737625122,0.9982398748397828,0.956564962863922
O42844_Q9UUC6,0.005475,0.005475,0.034662,0.15348896384239197,0.0137989129871129,0.0054908911697566
O74499_P33520,0.0033055,0.0033055,0.034144,0.18102888762950897,0.003828328102827,0.0047322819009423
O14097_Q9UUM2,0.0035387,0.0035387,0.03643,0.31989195942878723,0.1525449007749557,0.3180409073829651
Q9P7M3_Q9UTS6,0.0031479,0.0031479,0.033581,0.5852123498916626,0.0117274448275566,0.006934561766684
Q9UT46_P78774,0.0034802,0.0034802,0.033645,0.25725898146629333,0.0104912146925926,0.3915956020355224
P79005_O43120,0.0042689,0.0042689,0.035144,0.8354237079620361,0.9986532926559448,0.1971848905086517
P0CH07_O13826,0.021797,0.021797,0.8135,0.7002726793289185,0.9989314675331116,0.9900792837142944
Q10232_O14079,0.0044117,0.0044117,0.03378,0.05727658048272133,0.9990482926368712,0.0341602154076099
O13936_Q09808,0.0032148,0.0032148,0.034327,0.19241103529930115,0.9990025162696838,0.4667946398258209
O43036_P78814,0.0032157,0.0032157,0.033549,0.11180715262889862,0.9985042810440063,0.0030758334323763
P40377_Q01112,0.0036562,0.0036562,0.27684,0.305300772190094,0.0036599957384169,0.0007159266388043
P14575_Q9P7F9,0.049195,0.049195,0.044101,0.004727924708276987,0.0097230654209852,0.6023677587509155
Q09196_Q9P805,0.0032482,0.0032482,0.035032,0.21535058319568634,0.002705228049308,0.0009890868095681
P40995_Q9Y738,0.0065097,0.0065097,0.033705,0.15759488940238953,0.0024413804057985,0.0821103081107139
Q03392_O74957,0.0038836,0.0038836,0.033738,0.06645376980304718,0.7398614883422852,0.0059989020228385
O13802_O75011,0.0038197,0.0038197,0.033887,0.00494592497125268,0.0257879346609115,0.7198560833930969
Q09933_O59800,0.0034587,0.0034587,0.035406,0.08911996334791183,0.0142892329022288,0.2601614892482757
O94698_Q9P6Q0,0.0032516,0.0032516,0.033956,0.08018290996551514,0.999021053314209,0.0218434669077396
P10651_Q01112,0.006428,0.006428,0.03696,0.47804802656173706,0.0036847915034741,0.0006854325765743
P50527_P36616,0.013536,0.013536,0.11876,0.03526664525270462,0.1507878005504608,0.985844612121582
O94276_Q9P4W1,0.022349,0.022349,0.033599,0.5850162506103516,0.00628278311342,0.0003047870122827
O74558_A6X980,0.0031623,0.0031623,0.034317,0.04984860122203827,0.0079409573227167,0.0190939307212829
Q9UT32_P87173,0.0045266,0.0045266,0.033813,0.5289551615715027,0.9990863800048828,0.3030886054039001
Q06182_O13310,0.0051177,0.0051177,0.033655,0.24466286599636078,0.007589915767312,0.0267738029360771
O94288_Q10113,0.0045253,0.0045253,0.033863,0.673524796962738,0.0641298592090606,0.5314127802848816
P78946_Q09717,0.0038237,0.0038237,0.034674,0.3328307867050171,0.0031537562608718,0.0112364152446389
O42661_O14122,0.0035627,0.0035627,0.033846,0.39684709906578064,0.0127428658306598,0.0044125132262706
P04910_O14229,0.02084,0.02084,0.035334,0.03797290101647377,0.999004065990448,0.004554945975542
Q9P7T4_Q10322,0.0037164,0.0037164,0.034762,0.23849636316299438,0.9969837069511414,0.0777916982769966
O94658_P87159,0.0048044,0.0048044,0.033847,0.10310462862253189,0.0213182400912046,0.1085453405976295
O13988_Q10317,0.0035058,0.0035058,0.033881,0.18487563729286194,0.9985128045082092,0.1830290406942367
O60129_Q9P779,0.0032912,0.0032912,0.033889,0.018726982176303864,0.502739667892456,0.5188999772071838
O13852_Q96TL7,0.0031991,0.0031991,0.033853,0.08959652483463287,0.9988967180252076,0.9374422430992126
Q9C107_Q9USZ6,0.0033047,0.0033047,0.033612,0.45586642622947693,0.9989836812019348,0.8877454996109009
Q09823_Q9P7P2,0.0038749,0.0038749,0.099732,0.23117998242378235,0.051707673817873,0.992417335510254
Q96WV9_Q9USH1,0.017512,0.017512,0.034168,0.5441005229949951,0.9990476965904236,0.0198226515203714
P46595_P08092,0.0057594,0.0057594,0.034319,0.22602780163288116,0.0489152148365974,0.0037740324623882
P49731_O74518,0.0034022,0.0034022,0.033625,0.29836446046829224,0.0242202337831258,0.001397174433805
P79065_O42709,0.0032146,0.0032146,0.034031,0.26303866505622864,0.0264687035232782,0.5245410799980164
O36023_Q9P7J8,0.0039233,0.0039233,0.03373,0.17072156071662903,0.013138910755515,0.1837924718856811
P05734_Q09685,0.0041834,0.0041834,0.036782,0.2002926468849182,0.0151888923719525,0.8806373476982117
O94659_Q09683,0.0034222,0.0034222,0.033726,0.22099170088768005,0.9988018274307252,0.9629278779029846
O13916_O74978,0.012702,0.012702,0.05072,0.032354772090911865,0.0076046711765229,0.0056188106536865
O94263_P50527,0.0036749,0.0036749,0.033696,0.4399855136871338,0.0039431755430996,0.3956233561038971
O14036_Q10366,0.0036491,0.0036491,0.037127,0.5678147077560425,0.0011469764867797,0.0105623872950673
P32372_Q9HDY7,0.0041922,0.0041922,0.034387,0.21440601348876953,0.9962869882583618,0.8567256927490234
Q9URY2_P17937,0.003794,0.003794,0.033555,0.11859329044818878,0.0027307695709168,0.0208180285990238
P79010_Q92372,0.0045603,0.0045603,0.037176,0.13508889079093933,0.8588393926620483,0.0050979652442038
P41887_O14036,0.0033154,0.0033154,0.041895,0.4319705367088318,0.0149691822007298,0.0118538858368992
Q4PIR3_Q12381,0.0040335,0.0040335,0.033745,0.046356216073036194,0.0141159482300281,0.2587484419345855
O74560_O74988,0.0031922,0.0031922,0.03353,0.39414745569229126,0.0236701238900423,0.0021390549372881
O74433_Q92352,0.0031389,0.0031389,0.033597,0.1775589883327484,0.0045452010817825,0.0013048913097009
Q9P7B8_Q09882,0.00332,0.00332,0.033914,0.06138850003480911,0.0401225388050079,0.0970607697963714
Q9P6Q6_O74978,0.0034623,0.0034623,0.034423,0.17419114708900452,0.9989732503890992,0.4636196494102478
O14343_O13615,0.0032093,0.0032093,0.034202,0.004195457324385643,0.0148918768391013,0.1102184504270553
Q4PIR3_O94238,0.0035337,0.0035337,0.033873,0.5696229934692383,0.9984585046768188,0.0082220761105418
P79015_P40371,0.0036006,0.0036006,0.033574,0.1907278448343277,0.0039146803319454,0.0026336547452956
O59793_O42634,0.0042639,0.0042639,0.034334,0.5881684422492981,0.0042517981491982,0.0063007720746099
P50528_Q10430,0.0035262,0.0035262,0.033564,0.17480623722076416,0.9986658096313475,0.6650307178497314
Q09142_O94698,0.0032018,0.0032018,0.036026,0.40274322032928467,0.4813924431800842,0.5256255269050598
O74966_O74518,0.0034414,0.0034414,0.033575,0.1769721359014511,0.0080263391137123,0.0010954515310004
Q09698_P87309,0.0035934,0.0035934,0.04332,0.17659339308738708,0.998234748840332,0.9647448658943176
O59702_O94263,0.0032435,0.0032435,0.03361,0.18946018815040588,0.998806357383728,0.0064641539938747
O42932_O13877,0.0067927,0.0067927,0.042551,0.0486118383705616,0.0044601722620427,0.0019875385332852
P40371_O13370,0.0032547,0.0032547,0.034173,0.0542711541056633,0.0051763006485998,0.0274461526423692
Q09763_Q92462,0.0033305,0.0033305,0.033901,0.049984339624643326,0.0181174241006374,0.0046681435778737
P52890_Q9UT72,0.0032419,0.0032419,0.033574,0.14833952486515045,0.9985865354537964,0.0623252801597118
O94444_P50524,0.0033419,0.0033419,0.034775,0.36805275082588196,0.9990466237068176,0.3907504081726074
O74986_O14329,0.0035682,0.0035682,0.033528,0.08263014256954193,0.0012328594457358,0.0063438643701374
Q9P7W4_P36617,0.0032559,0.0032559,0.033844,0.5097327828407288,0.0221283584833145,0.0677893087267875
O43080_Q9USL5,0.0047246,0.0047246,0.033532,0.0046790167689323425,0.0067763817496597,0.0299600958824157
O13728_Q9URY2,0.0035976,0.0035976,0.033505,0.342844158411026,0.0120105352252721,0.458340972661972
P87174_Q9Y7M6,0.0031262,0.0031262,0.033564,0.2316298633813858,0.9989294409751892,0.8667997717857361
O13681_O13712,0.0057262,0.0057262,0.035245,0.6165347099304199,0.0031178083736449,0.9863045811653136
P32372_Q09761,0.0035958,0.0035958,0.034147,0.07602584362030029,0.9989529848098756,0.9890762567520142
O94603_Q9US52,0.003185,0.003185,0.033961,0.48824864625930786,0.0218580104410648,0.9530623555183412
O14036_P05764,0.0040641,0.0040641,0.033694,0.17788292467594147,0.9987316727638244,0.0010952119482681
O60104_Q10232,0.0035624,0.0035624,0.034231,0.13485577702522278,0.9990893602371216,0.0717327445745468
O60052_O14241,0.0033924,0.0033924,0.033528,0.02793383039534092,0.0027273835148662,0.0108123831450939
O94668_O14339,0.0031947,0.0031947,0.033593,0.03861764818429947,0.9972530007362366,0.035322468727827
Q9UU79_O74184,0.0033377,0.0033377,0.043872,0.01147319283336401,0.03677923604846,0.0537055730819702
Q9UTE6_O94272,0.037442,0.037442,0.034073,0.08325524628162384,0.9983022212982178,0.2008499056100845
O60164_Q9C0Z9,0.0034872,0.0034872,0.034021,0.003598129842430353,0.9989626407623292,0.1396496593952179
Q10067_Q9P7G0,0.003491,0.003491,0.034624,0.11618205159902573,0.9987359642982484,0.4427643418312073
O94752_Q09906,0.0043056,0.0043056,0.033511,0.14369283616542816,0.0011169756762683,0.0009761824621818
O60150_Q09142,0.0036839,0.0036839,0.034111,0.2784104347229004,0.0046342797577381,0.070123054087162
Q10282_O75011,0.0044663,0.0044663,0.039617,0.08242315798997879,0.4168576896190643,0.1415256857872009
O14010_P87306,0.012692,0.012692,0.03617,0.05369476601481438,0.9991164803504944,0.9228817224502563
O13758_Q9UTS6,0.0031165,0.0031165,0.033592,0.09964211285114288,0.0128371752798557,0.0164684541523456
O94355_O94684,0.0031525,0.0031525,0.033774,0.6445778012275696,0.1360695660114288,0.3766027688980102
O14350_O94244,0.0036075,0.0036075,0.052905,0.24118702113628387,0.9986918568611144,0.9852113723754884
Q96WV9_O74511,0.035336,0.035336,0.034715,0.4307909607887268,0.9989559650421144,0.5751640796661377
P36616_O94717,0.0033958,0.0033958,0.034412,0.09686940908432007,0.0346454828977584,0.4517650306224823
P26306_P36613,0.0032918,0.0032918,0.033687,0.39502593874931335,0.9989721775054932,0.0723098069429397
Q09924_Q9UT76,0.063208,0.063208,0.548,0.14484821259975433,0.999079704284668,0.9963715076446532
O14352_P87173,0.046708,0.046708,0.82578,0.43409624695777893,0.9991255402565002,0.9957200884819032
Q09116_P87169,0.0049276,0.0049276,0.03347,0.33744922280311584,0.0271795000880956,0.1138298735022544
P36617_Q9USX3,0.0035352,0.0035352,0.034204,0.02066182531416416,0.9990419745445251,0.1233821585774421
Q9UUC1_P37382,0.0051904,0.0051904,0.033769,0.3761184513568878,0.9990872144699096,0.9430814981460572
O60158_P36601,0.0046087,0.0046087,0.034021,0.15858881175518036,0.0017200459260493,0.0049440385773777
P0CG72_P08965,0.012739,0.012739,0.036826,0.4654356837272644,0.0015806719893589,0.0020725992508232
A6X980_Q10271,0.0034543,0.0034543,0.033783,0.2167329639196396,0.7510064840316772,0.1449223011732101
Q9P6Q6_O36023,0.0034607,0.0034607,0.033579,0.024828828871250153,0.0016005544457584,0.8517138361930847
O13777_Q9HGL6,0.0031467,0.0031467,0.033699,0.4389810264110565,0.9990611672401428,0.0618078000843524
Q10113_P50523,0.0033655,0.0033655,0.033602,0.14272135496139526,0.0013630364555865,0.0005211462848819
P36614_Q9P7R9,0.016463,0.016463,0.033935,0.467801958322525,0.0259072203189134,0.032826017588377
P0CT68_O14329,0.0043264,0.0043264,0.033539,0.1894710659980774,0.0021479506976902,0.0012670536525547
O42832_O94272,0.021808,0.021808,0.034904,0.318503737449646,0.932532787322998,0.0516250692307949
O94722_O60158,0.010994,0.010994,0.051814,0.7654150128364563,0.0007503958186134,0.0192492771893739
P42656_Q10282,0.0061177,0.0061177,0.03372,0.24436622858047485,0.0907806977629661,0.0127915544435381
P10651_O74718,0.011053,0.011053,0.037951,0.4389934837818146,0.998802900314331,0.0055292723700404
P50523_Q10585,0.0038967,0.0038967,0.033702,0.08418098837137222,0.0056968601420521,0.0020903313998132
O94722_O74825,0.0038608,0.0038608,0.033528,0.3932514488697052,0.0008235572022385,0.0027638764586299
P42656_P0CT60,0.0035779,0.0035779,0.033525,0.5995235443115234,0.0044026621617376,0.1270126700401306
O60164_Q10109,0.0037252,0.0037252,0.033763,0.5885833501815796,0.0029285831842571,0.6120960712432861
Q9URY0_Q09772,0.0033161,0.0033161,0.041928,0.07225864380598068,0.0989141762256622,0.0598057843744754
Q09717_P0CH07,0.0082481,0.0082481,0.034979,0.16843153536319733,0.9988332390785216,0.3523809015750885
Q9P784_Q09685,0.0036573,0.0036573,0.039881,0.17216354608535767,0.9908586144447328,0.4576067328453064
Q09882_O59680,0.0038632,0.0038632,0.033573,0.04282065108418465,0.0269524808973073,0.0011859715450555
P78794_O60164,0.0085126,0.0085126,0.034806,0.34146130084991455,0.9989649057388306,0.9951748847961426
P78946_O14098,0.004918,0.004918,0.035192,0.15104560554027557,0.9987088441848756,0.0069775823503732
O13777_Q9UTP0,0.0031697,0.0031697,0.046848,0.15684212744235992,0.0936374738812446,0.5876504778862
P0CT60_P32434,0.0031311,0.0031311,0.033533,0.44114190340042114,0.0023975472431629,0.0046398262493312
O14388_P0CT70,0.3838,0.3838,0.52153,0.014680495485663414,0.9990498423576356,0.9966576099395752
Q9USX3_O94707,0.0034972,0.0034972,0.034999,0.6030446887016296,0.9988942742347716,0.4696356654167175
O74536_Q09170,0.051257,0.051257,0.13341,0.29822295904159546,0.9989830851554872,0.8422293066978455
Q9P7T4_O94717,0.0034084,0.0034084,0.042135,0.14979806542396545,0.1818500012159347,0.6610841751098633
O13802_O94360,0.003306,0.003306,0.033593,0.07270067930221558,0.0022337501868605,0.0015410365303978
Q9USX8_Q9USV1,0.0039478,0.0039478,0.033534,0.0837569385766983,0.0071330126374959,0.0803995281457901
Q10343_O14021,0.0033583,0.0033583,0.035229,0.3210607171058655,0.0163611639291048,0.0052503049373626
O94309_Q9USZ6,0.0033128,0.0033128,0.033494,0.4775329828262329,0.0135785154998302,0.0088573703542351
O94534_Q09698,0.0043163,0.0043163,0.039886,0.24318528175354004,0.0142273260280489,0.9026281237602234
O00102_Q9P779,0.0041474,0.0041474,0.033639,0.09492972493171692,0.216867133975029,0.0027609237004071
Q0E7J7_Q9P4W1,0.03867,0.03867,0.033856,0.20746177434921265,0.001215273165144,0.0005616701091639
O74718_P40372,0.0073025,0.0073025,0.63891,0.23817820847034454,0.9972507357597352,0.6233314871788025
Q9P7B7_P30261,0.0034587,0.0034587,0.035991,0.16199812293052673,0.998996078968048,0.9796808958053588
Q9HGL8_Q9UTP0,0.39586,0.39586,0.038031,0.13938112556934357,0.9970471262931824,0.3868603110313415
P40235_Q10113,0.0097525,0.0097525,0.037485,0.09136557579040527,0.9985805749893188,0.6303433179855347
P40997_O74483,0.003289,0.003289,0.033802,0.0049362704157829285,0.0246787797659635,0.0050130900926887
P36583_O14235,0.003377,0.003377,0.034295,0.03547216206789017,0.0414326526224613,0.0048971632495522
Q09825_O74311,0.003296,0.003296,0.033556,0.10061801970005035,0.0020503308624029,0.0419253818690776
P07527_O14198,0.0032792,0.0032792,0.033554,0.5251835584640503,0.0164762642234563,0.7392899990081787
P39964_P87306,0.0034326,0.0034326,0.034285,0.09911385178565979,0.9990071654319764,0.6550008654594421
P48011_O74398,0.011974,0.011974,0.869,0.21750302612781525,0.0010983934625983,0.0027235096786171
P07527_O14459,0.0037194,0.0037194,0.033828,0.7494868636131287,0.9986363053321838,0.0298434495925903
Q9UUM2_O13889,0.012454,0.012454,0.034615,0.21043825149536133,0.9957926273345948,0.0259857103228569
O94722_Q9P7X1,0.0075504,0.0075504,0.034587,0.08614706993103027,0.0006116052391007,0.0071036382578313
Q9Y7M6_P08647,0.0031773,0.0031773,0.033498,0.3479733467102051,0.0036481958813965,0.0018854002701118
O94376_Q9Y7N2,0.0041099,0.0041099,0.035044,0.3033421039581299,0.999045193195343,0.2665996253490448
P87238_O94609,0.0037801,0.0037801,0.03355,0.15164510905742645,0.9989733695983888,0.1556767225265503
O74957_Q10271,0.0039496,0.0039496,0.033547,0.015502607449889183,0.0152832502499222,0.0257520712912082
O60129_Q9HFE5,0.003316,0.003316,0.033679,0.47848185896873474,0.9981043338775636,0.0156197678297758
Q9UST6_Q09823,0.0036974,0.0036974,0.037644,0.0897512137889862,0.974133551120758,0.9797379970550536
P40235_P40371,0.0037736,0.0037736,0.03439,0.16804617643356323,0.7108398675918579,0.0080451006069779
P78761_Q09824,0.0046219,0.0046219,0.03353,0.19084034860134125,0.0054040313698351,0.0032426745165139
Q9US45_Q10163,0.0033896,0.0033896,0.03737,0.4508940577507019,0.998823344707489,0.0076265963725745
Q96WW3_O13286,0.0055,0.0055,0.036715,0.29056960344314575,0.9983568787574768,0.2869192063808441
O74184_O13964,0.0033774,0.0033774,0.03387,0.5337225198745728,0.0095798410475254,0.0330437719821929
P36583_Q9UT76,0.0035436,0.0035436,0.033732,0.28833794593811035,0.0038637872785329,0.0020359714981168
Q9P7T4_Q9UUB5,0.0036122,0.0036122,0.034988,0.212070032954216,0.9989078044891356,0.9536054730415344
O94556_O14388,0.0032955,0.0032955,0.033467,0.17967785894870758,0.0061969058588147,0.0108826206997036
O94360_Q9Y7U4,0.0031644,0.0031644,0.033669,0.3246993124485016,0.0326907336711883,0.0022928449325263
P54789_Q09150,0.0032573,0.0032573,0.035801,0.03516818583011627,0.0620068721473217,0.0233641173690557
O74555_P36629,0.0050622,0.0050622,0.042014,0.11147014051675797,0.9990279674530028,0.9451466798782348
O14352_Q9USL5,0.0047527,0.0047527,0.033666,0.053441379219293594,0.9979633092880248,0.1509968042373657
Q9HE05_Q9P4W1,0.0058131,0.0058131,0.033861,0.02360796369612217,0.0256468933075666,0.0010050571290776
Q9URY0_P40381,0.011488,0.011488,0.053833,0.41185134649276733,0.9987853169441224,0.1664839684963226
O42978_Q9USZ3,0.053059,0.053059,0.78366,0.04752257093787193,0.999076247215271,0.996364176273346
Q9Y818_P87231,0.0069653,0.0069653,0.033997,0.20515260100364685,0.0264199823141098,0.0028488053940236
O94659_Q9P7J8,0.0035116,0.0035116,0.034013,0.17107096314430237,0.0066349813714623,0.009606085717678
Q09191_P13681,0.0033246,0.0033246,0.033584,0.8338637948036194,0.002018115716055,0.0013775646220892
O94581_O14339,0.0034121,0.0034121,0.034016,0.33409371972084045,0.9989209175109864,0.0797884315252304
P28829_P36601,0.0059186,0.0059186,0.0337,0.3094292879104614,0.0024522193707525,0.0070720436051487
Q02088_O94534,0.27463,0.27463,0.033951,0.049711477011442184,0.99517822265625,0.065253809094429
P05734_P87174,0.31035,0.31035,0.036546,0.2955448627471924,0.9989126920700072,0.9167391657829284
P78774_Q9Y7J4,0.0031865,0.0031865,0.033565,0.11879324913024902,0.0086814379319548,0.0978808104991912
Q10169_Q9P6Q6,0.0032638,0.0032638,0.034169,0.18187464773654938,0.0064741331152617,0.1173197925090789
P52890_Q9UTI8,0.0043188,0.0043188,0.033608,0.028262339532375336,0.0052321064285933,0.0022968538105487
O13684_P36616,0.0033099,0.0033099,0.033785,0.07534317672252655,0.0180261712521314,0.2693550884723663
Q10316_O14352,0.0080161,0.0080161,0.037741,0.06836196035146713,0.9990290403366088,0.2857595086097717
Q09916_P36582,0.004615,0.004615,0.034206,0.33332720398902893,0.0038577355444431,0.4180731773376465
Q10232_Q96WW3,0.015455,0.015455,0.054146,0.6288147568702698,0.9989107847213744,0.9294923543930054
O60129_O60158,0.0039779,0.0039779,0.033863,0.5602425932884216,0.9986796975135804,0.9654232263565063
Q9USZ6_P87215,0.0033525,0.0033525,0.033587,0.5268673300743103,0.0199151206761598,0.02454349771142
Q9P782_O13916,0.0031945,0.0031945,0.039847,0.24322351813316345,0.0098163736984133,0.0259016025811433
Q09772_O74910,0.0032946,0.0032946,0.038983,0.06083773821592331,0.998524010181427,0.5234533548355103
Q9P6R1_O74854,0.0031602,0.0031602,0.03373,0.25441309809684753,0.0071968841366469,0.0099865579977631
O74988_Q9USY3,0.0031692,0.0031692,0.033527,0.34264346957206726,0.004115012474358,0.0031056450679898
O94355_C6Y4D0,0.0031728,0.0031728,0.033663,0.47406819462776184,0.9989314675331116,0.0126063581556081
O94285_Q10432,0.0031684,0.0031684,0.037561,0.497978538274765,0.9963573813438416,0.0342158414423465
Q9UT52_Q10428,0.0059042,0.0059042,0.037122,0.14098642766475677,0.0088434666395187,0.1087987497448921
O14327_P10989,0.0036239,0.0036239,0.036178,0.3475922644138336,0.0096550500020384,0.0024333919864147
O94658_Q9UT76,0.0039536,0.0039536,0.033642,0.08915900439023972,0.0213593821972608,0.0062823360785841
O14339_Q9USG6,0.022164,0.022164,0.072357,0.026810400187969208,0.9990710020065308,0.9906497597694396
P0CG72_Q9USV1,0.0039758,0.0039758,0.033949,0.19433343410491943,0.0035360276233404,0.0221718456596136
O74555_O42709,0.0036925,0.0036925,0.038945,0.5234313607215881,0.998908519744873,0.3551920056343078
P0CT77_Q9P7M1,0.0076093,0.0076093,0.038195,0.10180117189884186,0.9989721775054932,0.3974214494228363
Q9C107_O14140,0.019631,0.019631,0.036267,0.10716339945793152,0.9990713596343994,0.3386503159999847
O94316_Q9UTI3,0.0031873,0.0031873,0.033714,0.25438493490219116,0.91849547624588,0.0278636813163757
P36613_P09988,0.0034199,0.0034199,0.03399,0.24940168857574463,0.9990689158439636,0.0093301068991422
P87176_O42991,0.0059262,0.0059262,0.033728,0.11717255413532257,0.9983602166175842,0.0188648290932178
Q7LL14_P56286,0.0043813,0.0043813,0.035188,0.3096665143966675,0.9989626407623292,0.0030391395557671
P36616_O42846,0.0035409,0.0035409,0.034101,0.1939074546098709,0.3300946652889251,0.0116782449185848
Q9UUE5_O94722,0.0032468,0.0032468,0.033761,0.20267535746097565,0.0014693302800878,0.0026060144882649
O94603_O13684,0.003257,0.003257,0.034079,0.16477170586585999,0.0216780789196491,0.9687068462371826
O59755_P10989,0.0032471,0.0032471,0.035046,0.26950088143348694,0.9977073669433594,0.011001362465322
Q9P7M3_Q10159,0.0032451,0.0032451,0.033553,0.7915787696838379,0.0093169901520013,0.6981536746025085
O94717_O74988,0.0032259,0.0032259,0.033603,0.14010801911354065,0.0116207189857959,0.0013012455310672
O14097_Q12701,0.016742,0.016742,0.036157,0.03884316235780716,0.9966385364532472,0.9169395565986632
Q9P6Q6_P87053,0.0031647,0.0031647,0.033878,0.025460373610258102,0.0031323961447924,0.0126119861379265
O13877_Q9USR7,0.74633,0.74633,0.037858,0.05463739112019539,0.0101530821993947,0.0131832845509052
O13777_P0CT77,0.0033816,0.0033816,0.037397,0.13839566707611084,0.9990237951278688,0.1522798389196396
Q10193_Q10113,0.0049511,0.0049511,0.055823,0.43635866045951843,0.1335176676511764,0.0263048894703388
O94707_P05767,0.0058793,0.0058793,0.034844,0.5186030268669128,0.1688536405563354,0.0660140886902809
P26306_P32372,0.003448,0.003448,0.03389,0.034829363226890564,0.998766303062439,0.6990385055541992
Q92358_O59790,0.0031419,0.0031419,0.033523,0.20770694315433502,0.0198108796030282,0.0125684384256601
O94658_Q09924,0.004519,0.004519,0.050847,0.3034607172012329,0.9990058541297911,0.1023781076073646
Q09924_Q09808,0.0031855,0.0031855,0.033589,0.1049281507730484,0.9989927411079408,0.1227540075778961
Q96WV9_O94272,0.068038,0.068038,0.038994,0.1426403969526291,0.9886391162872314,0.0376437976956367
P25457_Q9US45,0.0034417,0.0034417,0.033924,0.849129319190979,0.9989799857139589,0.1001184806227684
O94668_O42846,0.0031566,0.0031566,0.033698,0.13928721845149994,0.9984858632087708,0.0102076046168804
P50528_P87215,0.0069375,0.0069375,0.03348,0.5040515661239624,0.0262308344244956,0.0098220063373446
Q10951_Q09698,0.0035398,0.0035398,0.051951,0.5636365413665771,0.9971104860305786,0.9868711233139038
O14230_P87053,0.0032319,0.0032319,0.033923,0.10225582122802734,0.0045022442936897,0.0435695089399814
O74446_P78789,0.0038993,0.0038993,0.034135,0.052363935858011246,0.0044205458834767,0.2031413465738296
O74398_Q9P802,0.0041084,0.0041084,0.099475,0.03894137218594551,0.043930534273386,0.019144270569086
P04910_Q9HFE5,0.0032901,0.0032901,0.033547,0.4456316828727722,0.013148033991456,0.0012053938116878
Q09924_O14011,0.0032349,0.0032349,0.034375,0.14314109086990356,0.0078222211450338,0.3907037377357483
Q9P6R1_P87027,0.0031331,0.0031331,0.033456,0.6229764223098755,0.0814847946166992,0.0461582280695438
O74771_Q10056,0.038942,0.038942,0.033711,0.16673865914344788,0.1450881063938141,0.9474740028381348
P87312_P05501,0.0049302,0.0049302,0.033928,0.2378869652748108,0.0007408585515804,0.0019645360298454
O43036_O60187,0.0032499,0.0032499,0.033578,0.18984511494636536,0.9988284707069396,0.0096001671627163
P52890_P87245,0.88257,0.88257,0.033713,0.012674596160650253,0.0112839872017502,0.0144943613559007
O13685_A6X980,0.0057769,0.0057769,0.033531,0.23818384110927582,0.987293779850006,0.0267227906733751
O59702_O14079,0.003286,0.003286,0.033673,0.15691913664340973,0.4400504529476166,0.0181160382926464
O94687_P56286,0.0073058,0.0073058,0.03631,0.2709888517856598,0.0405790843069553,0.0637846365571022
Q03392_Q10159,0.0034112,0.0034112,0.034316,0.2779907286167145,0.0285547096282243,0.0221077427268028
P87314_P26306,0.0034354,0.0034354,0.034229,0.05250535160303116,0.9989049434661864,0.1149001270532608
Q10322_Q9URY0,0.0037037,0.0037037,0.0379,0.24091455340385437,0.998100221157074,0.0737129896879196
P36618_Q9P7Q8,0.0031719,0.0031719,0.033799,0.22778965532779694,0.0158401355147361,0.0410106554627418
Q10192_Q10067,0.0031543,0.0031543,0.03368,0.1115238219499588,0.022693108767271,0.0494031012058258
P40380_O14064,0.0032488,0.0032488,0.037265,0.14323720335960388,0.998884618282318,0.5824829936027527
O74398_P49731,0.0036878,0.0036878,0.055514,0.0020608333870768547,0.0046994159929454,0.0515301451086998
O74465_P78929,0.0033753,0.0033753,0.033668,0.45868855714797974,0.0145770506933331,0.0121483486145734
P87215_O94705,0.0036868,0.0036868,0.033551,0.4191552698612213,0.0066197654232382,0.016857236623764
P08090_O13684,0.0033275,0.0033275,0.033686,0.4491138756275177,0.9986124038696288,0.259089708328247
Q09142_O14230,0.0031739,0.0031739,0.033706,0.3655805289745331,0.0024517541751265,0.0844808146357536
O42954_Q09154,0.0057613,0.0057613,0.033647,0.25540709495544434,0.0010851480765268,0.0010840776376426
O74555_Q9P7F9,0.0091482,0.0091482,0.045525,0.11305795609951019,0.0012964563211426,0.0007187089067883
Q10951_Q9P6R1,0.0042905,0.0042905,0.0339,0.24211402237415314,0.0450479499995708,0.052962027490139
O59702_O74966,0.0040476,0.0040476,0.033605,0.2784826159477234,0.0096690617501735,0.00568967172876
O14140_Q10282,0.0031804,0.0031804,0.042721,0.12538865208625793,0.9959610104560852,0.0530544705688953
O94321_O13790,0.0032565,0.0032565,0.033983,0.0007583205006085336,0.0016221777768805,0.0336966402828693
O13370_Q9US52,0.0048674,0.0048674,0.03361,0.31630322337150574,0.0272215530276298,0.0046988422982394
P87050_O59793,0.0035284,0.0035284,0.033755,0.024798816069960594,0.0129918428137898,0.8539966940879822
P56288_P0CF96,0.0031919,0.0031919,0.033573,0.29750537872314453,0.0098891984671354,0.0110636642202734
O74536_O43080,0.0035481,0.0035481,0.03353,0.06009155511856079,0.0043242587707936,0.0186158344149589
Q9P779_Q92399,0.0032597,0.0032597,0.034277,0.12050564587116241,0.0013293814845383,0.0007266328320838
O74991_Q9C107,0.0032826,0.0032826,0.033972,0.0658399909734726,0.9966030120849608,0.2484899163246154
O94476_P36614,0.0033077,0.0033077,0.034495,0.0029061848763376474,0.0016404109774157,0.0108159631490707
Q9P7M3_O94276,0.0043363,0.0043363,0.34345,0.5050864815711975,0.9988051652908324,0.7784647941589355
Q92462_O74796,0.0034538,0.0034538,0.033574,0.13122519850730896,0.0055945310741662,0.0319728702306747
Q96WW3_Q09819,0.0061639,0.0061639,0.035862,0.08864660561084747,0.9973697662353516,0.9850916266441344
Q09761_P79015,0.012247,0.012247,0.03617,0.6193654537200928,0.9990304708480836,0.0353496633470058
Q9HGL6_O42954,0.0034415,0.0034415,0.033595,0.4196118414402008,0.9400241374969482,0.5372768640518188
P0CT68_O74558,0.0032566,0.0032566,0.033666,0.1488928496837616,0.0022438659798353,0.0118667390197515
O59793_P41887,0.0033852,0.0033852,0.033725,0.22130288183689117,0.007385176140815,0.2071356922388076
Q09330_O14246,0.0038606,0.0038606,0.033922,0.3250480592250824,0.9987370371818542,0.0088249621912837
Q9P4W1_Q9HGL8,0.051874,0.051874,0.033728,0.20456287264823914,0.0579208619892597,0.0017226901836693
O14339_P79071,0.080447,0.080447,0.24588,0.5560591816902161,0.9990467429161072,0.9733118414878844
P50523_P87312,0.004194,0.004194,0.033642,0.3257106840610504,0.0043849940411746,0.0016044161748141
O13988_O74718,0.0033239,0.0033239,0.034147,0.09968901425600052,0.9779919981956482,0.0134654371067881
Q10477_O94326,0.0032357,0.0032357,0.041683,0.0926983654499054,0.9319899082183838,0.570238471031189
P14575_P10651,0.0042448,0.0042448,0.033837,0.46841034293174744,0.0043346965685486,0.0021007643081247
O13351_P30261,0.0061622,0.0061622,0.033622,0.5507165193557739,0.998916506767273,0.1284364610910415
O74986_O14417,0.0032966,0.0032966,0.033628,0.06963195651769638,0.0267095491290092,0.1254240572452545
O42844_P08092,0.053219,0.053219,0.15915,0.01769329234957695,0.9989829659461976,0.6982668042182922
O74465_O74518,0.0032762,0.0032762,0.033754,0.5246453285217285,0.0966662317514419,0.0993012562394142
P79010_P29458,0.0045891,0.0045891,0.035045,0.47764337062835693,0.0099465418606996,0.0029842359945178
O94316_Q9HGQ3,0.0038596,0.0038596,0.03453,0.11741062998771667,0.0164814181625843,0.0020151589997112
O13985_P10989,0.0035002,0.0035002,0.11837,0.1308092176914215,0.1547681242227554,0.0036921668797731
P32434_O14388,0.0031725,0.0031725,0.033469,0.25191229581832886,0.0023507657460868,0.0091559858992695
Q10428_O43071,0.0040749,0.0040749,0.044121,0.14042802155017853,0.0143983522430062,0.9455590844154358
P87074_Q9Y738,0.0033785,0.0033785,0.033542,0.05037899315357208,0.9989786148071288,0.8676333427429199
O59680_Q9P7X1,0.43901,0.43901,0.49296,0.12032651156187057,0.9990304708480836,0.9177659153938292
O13978_Q9Y7Z1,0.0032196,0.0032196,0.033617,0.030129995197057724,0.0076083997264504,0.0784996300935745
Q9P7X1_Q10330,0.0035873,0.0035873,0.033593,0.3393774926662445,0.9986103773117064,0.2071263939142227
O74825_O13681,0.0038233,0.0038233,0.033556,0.30945301055908203,0.4010527729988098,0.0511375814676284
P50527_O14229,0.0035182,0.0035182,0.034048,0.49836456775665283,0.0014948515454307,0.2299756854772567
Q12126_P87245,0.0085712,0.0085712,0.033883,0.44090911746025085,0.0075701088644564,0.7490687370300293
P32372_Q9P805,0.0031847,0.0031847,0.033847,0.33841419219970703,0.9986866116523744,0.4126836359500885
P36592_Q12126,0.0034984,0.0034984,0.033761,0.23799192905426025,0.9990591406822203,0.3438602387905121
P78761_P04551,0.0041039,0.0041039,0.033493,0.39631733298301697,0.0031407002825289,0.0016526561230421
P0CT68_O60158,0.0033603,0.0033603,0.034305,0.3637462854385376,0.0152183854952454,0.0196945462375879
Q09142_P78929,0.003718,0.003718,0.033636,0.05697999149560928,0.0147988544777035,0.0614198334515094
Q9Y7M4_O36019,0.0033219,0.0033219,0.033738,0.004255016800016165,0.9913553595542908,0.066300094127655
O94321_O94276,0.0033996,0.0033996,0.033929,0.06894383579492569,0.0056276735849678,0.0587378814816474
O14327_P10651,0.010527,0.010527,0.044403,0.3266235888004303,0.1012204438447952,0.1257166415452957
P87027_Q9P805,0.0037433,0.0037433,0.033491,0.21583658456802368,0.0055900341831147,0.0236673355102539
Q9UUC6_O14269,0.016058,0.016058,0.034332,0.32820776104927063,0.1411002576351165,0.1590252965688705
Q6BDR8_Q9Y7U4,0.0032371,0.0032371,0.033864,0.6945686936378479,0.998952865600586,0.9488092064857484
P39964_Q9UUM2,0.0039836,0.0039836,0.037933,0.3613971173763275,0.0205204971134662,0.8459283709526062
O94707_O60158,0.0094779,0.0094779,0.033935,0.38450887799263,0.1177737265825271,0.9486697912216188
P21534_Q9UTF6,0.0050344,0.0050344,0.03872,0.23805347084999084,0.1034491881728172,0.9771311283111572
O14079_O74175,0.0039172,0.0039172,0.033785,0.2541956603527069,0.9988070726394652,0.0425997041165828
O74904_P56523,0.0033621,0.0033621,0.033525,0.0745348185300827,0.0021872469224035,0.0153092937543988
O74446_Q09760,0.0033832,0.0033832,0.033847,0.015766747295856476,0.0018927321070805,0.0037714429199695
O14350_Q9UUM2,0.0032519,0.0032519,0.037094,0.11338800936937332,0.9827497005462646,0.8203362822532654
Q10477_O36019,0.0033757,0.0033757,0.03894,0.006580004934221506,0.9989573955535888,0.983141541481018
O74966_Q10198,0.0032096,0.0032096,0.039386,0.5378708243370056,0.9990849494934082,0.0274771619588136
Q09170_P40372,0.0038312,0.0038312,0.034326,0.1828652173280716,0.0049352841451764,0.0040209651924669
O42975_O94444,0.0039738,0.0039738,0.034248,0.29645055532455444,0.0149875152856111,0.0803857296705246
O94646_O74433,0.0031816,0.0031816,0.03359,0.012941720895469189,0.1438269168138504,0.0037453940603882
Q9Y794_P87310,0.0034168,0.0034168,0.033568,0.25823774933815,0.998483955860138,0.0374396592378616
O42846_Q10951,0.0059463,0.0059463,0.042908,0.03028441220521927,0.9979919195175172,0.0317738987505435
P87027_O14036,0.0032078,0.0032078,0.033481,0.1003282442688942,0.0009919471340253,0.0052113374695181
O60158_Q9P6M0,0.004396,0.004396,0.034779,0.013820403255522251,0.0012218812480568,0.0668217912316322
P40377_O13782,0.0047875,0.0047875,0.03368,0.2446276843547821,0.0051245675422251,0.0119010517373681
Q10668_Q1MTN3,0.003793,0.003793,0.038861,0.4560471475124359,0.9987459182739258,0.850831151008606
Q10159_P48009,0.0033194,0.0033194,0.033504,0.5340738892555237,0.000804619397968,0.0026453339960426
O74895_O94360,0.0037055,0.0037055,0.033545,0.02707536146044731,0.0011772654252126,0.0105781164020299
Q10218_P36582,0.066783,0.066783,0.03397,0.5308329463005066,0.0572254918515682,0.34943288564682
P87051_Q9USV3,0.0031257,0.0031257,0.033454,0.013477947562932968,0.9990035891532898,0.0067310435697436
O74560_Q09760,0.0033773,0.0033773,0.036108,0.1817825436592102,0.002650624141097,0.010342052206397
O59734_P79065,0.0036676,0.0036676,0.033835,0.12432774901390076,0.0185534060001373,0.0028601326048374
Q09170_P56523,0.0061684,0.0061684,0.033737,0.06135570630431175,0.0152068985626101,0.029067687690258
O74533_P50523,0.0034793,0.0034793,0.038657,0.06195232272148132,0.998965859413147,0.9845747947692872
P08965_Q09924,0.0033941,0.0033941,0.033583,0.015354444272816181,0.9990257024765016,0.0048399195075035
Q09823_Q9UT72,0.0040031,0.0040031,0.035278,0.02290363982319832,0.0734194219112396,0.0503513291478157
P54789_Q96TL7,0.003334,0.003334,0.036,0.1442531794309616,0.7454478144645691,0.1223284229636192
Q9Y7L8_O42932,0.013203,0.013203,0.033657,0.07920637726783752,0.0024939447175711,0.0353168062865734
O13728_P87306,0.0032034,0.0032034,0.033853,0.30047205090522766,0.0012280967785045,0.0402394160628318
P0C5Y7_O13684,0.0031834,0.0031834,0.034244,0.10898678004741669,0.0102319624274969,0.0065122335217893
O94556_Q0E7J7,0.0045708,0.0045708,0.033513,0.31456074118614197,0.0048299757763743,0.0615740902721881
P08090_O74536,0.0034068,0.0034068,0.034108,0.1379435956478119,0.9984429478645324,0.06857480853796
O74825_Q9P7V3,0.0031298,0.0031298,0.033774,0.121790312230587,0.0016886047087609,0.0189918112009763
O94684_O74511,0.0032291,0.0032291,0.034639,0.22729644179344177,0.0157355219125747,0.5358071327209473
O74446_Q10056,0.0035136,0.0035136,0.033643,0.46612897515296936,0.0057087400928139,0.0193237122148275
P50528_P32586,0.0040219,0.0040219,0.034212,0.2826526463031769,0.0131928175687789,0.9849722981452942
Q9USV3_P26306,0.0031664,0.0031664,0.033547,0.21784541010856628,0.9989416003227234,0.0279431361705064
Q09176_O14021,0.0037866,0.0037866,0.035596,0.08157289773225784,0.9990026354789734,0.0569308884441852
Q09772_O13985,0.0033808,0.0033808,0.037995,0.2171272337436676,0.9978051781654358,0.9210186004638672
Q09906_O14010,0.0035069,0.0035069,0.033712,0.17416805028915405,0.0048809684813022,0.0127949398010969
O14230_Q09330,0.0031733,0.0031733,0.033894,0.012736635282635689,0.0057554063387215,0.0028358192648738
Q10193_Q9Y709,0.0068719,0.0068719,0.038714,0.11790289729833603,0.0097105437889695,0.0231122579425573
Q9UTF6_O42844,0.0032843,0.0032843,0.033546,0.021494703367352486,0.010678150691092,0.0101445131003856
O13688_O94408,0.0034976,0.0034976,0.033605,0.0014439497608691454,0.9988403916358948,0.3605785071849823
Q9P7F9_O42975,0.0033158,0.0033158,0.033588,0.2437427043914795,0.0010558441281318,0.0005064961733296
O74985_O74184,0.0041343,0.0041343,0.033625,0.2814599871635437,0.0096036819741129,0.0022707495372742
G2TRP5_O13826,0.0034121,0.0034121,0.03361,0.047509677708148956,0.0097720483317971,0.0003933314292225
P46595_Q09683,0.0079978,0.0079978,0.033496,0.28641238808631897,0.9978243112564088,0.0055687231943011
P41005_O13802,0.0044141,0.0044141,0.033939,0.25370392203330994,0.0500826574862003,0.0566790960729122
O13351_O14339,0.010563,0.010563,0.034922,0.44943767786026,0.1485398262739181,0.0032478712964802
P87159_O14352,0.0096695,0.0096695,0.033733,0.30438172817230225,0.0119404401630163,0.0086075728759169
P21135_Q09822,0.0035821,0.0035821,0.033801,0.25716590881347656,0.979025661945343,0.9702731370925904
P36616_P87215,0.0051612,0.0051612,0.033528,0.22916212677955627,0.013178682886064,0.005658368114382
Q9USV3_O14388,0.0033809,0.0033809,0.034615,0.10612006485462189,0.9987351298332214,0.1164679005742073
Q9URY0_P87323,0.0033975,0.0033975,0.034938,0.027338994666934013,0.0913539007306099,0.2584165036678314
O60052_Q10668,0.0031779,0.0031779,0.033641,0.29807743430137634,0.0028684730641543,0.2393666505813598
O60052_Q9UTI3,0.0035979,0.0035979,0.033676,0.22843021154403687,0.003452307311818,0.2069324105978012
O43070_O94276,0.0036567,0.0036567,0.035589,0.16223138570785522,0.9989120960235596,0.9635064601898192
P87215_Q09772,0.004252,0.004252,0.033602,0.20875634253025055,0.0319849550724029,0.0044214753434062
P87053_P36616,0.0046965,0.0046965,0.036335,0.07697355002164841,0.9983943104743958,0.9036594033241272
P14575_P10815,0.0040171,0.0040171,0.03352,0.10479090362787247,0.0034681188408285,0.0016328433994203
P39964_O94309,0.0041239,0.0041239,0.033804,0.24472667276859283,0.0454167574644088,0.0022899867035448
P87306_O74774,0.0032844,0.0032844,0.036041,0.34106680750846863,0.9990302324295044,0.0427134931087493
O74398_Q9UTS6,0.0031291,0.0031291,0.033618,0.13977652788162231,0.9983267188072203,0.0128386262804269
Q9Y7L8_O74774,0.0034201,0.0034201,0.036112,0.30333617329597473,0.9977827668190002,0.1793323755264282
Q9UTI8_P04910,0.7829,0.7829,0.25238,0.1443912833929062,0.998687207698822,0.97294420003891
O14343_Q9Y7Z1,0.0037257,0.0037257,0.034438,0.0726485550403595,0.0075228535570204,0.8347660303115845
G2TRP5_P87238,0.0036003,0.0036003,0.033818,0.40756726264953613,0.0044551081955432,0.0015426015015691
P78794_P0CT77,0.011584,0.011584,0.035884,0.6390731930732727,0.998729407787323,0.9348524808883668
P10815_Q9P7F9,0.0032473,0.0032473,0.033546,0.3134445548057556,0.0011049307649955,0.0012864286545664
Q09916_Q9Y7Z1,0.0066179,0.0066179,0.041419,0.08521799743175507,0.9990543723106384,0.9837664365768432
O74309_O74985,0.0043371,0.0043371,0.033795,0.07062159478664398,0.8790631890296936,0.7127646207809448
P17937_Q9USV1,0.00476,0.00476,0.033959,0.05749949812889099,0.9990233182907104,0.1663577705621719
P87314_Q9USL5,0.003352,0.003352,0.033623,0.0640658587217331,0.9989473223686218,0.5217500925064087
Q09906_O13286,0.003304,0.003304,0.033622,0.05117400735616684,0.9672147631645204,0.0730756074190139
O74311_Q9USY3,0.0032004,0.0032004,0.033616,0.33753111958503723,0.0083879260346293,0.011827528476715
P87309_O74988,0.0033072,0.0033072,0.033524,0.2919026017189026,0.0065673566423356,0.0006711994647048
P10815_O60150,0.0032493,0.0032493,0.033981,0.1760939508676529,0.0045131742954254,0.0597268678247928
O74910_Q9UT72,0.003274,0.003274,0.035121,0.17541293799877167,0.9984556436538696,0.0063360477797687
Q9USM8_Q9UTP0,0.0032315,0.0032315,0.033569,0.09040961414575577,0.013287590816617,0.0252563674002885
Q9HDX9_P12000,0.0033421,0.0033421,0.033618,0.10132709890604019,0.998684823513031,0.0158652141690254
O14318_O14399,0.0035979,0.0035979,0.033979,0.2881850302219391,0.0045462474226951,0.0953102931380271
O36019_O13889,0.003287,0.003287,0.034304,0.06957852840423584,0.9324582815170288,0.6877177953720093
Q9UUJ1_O94272,0.003741,0.003741,0.047295,0.25561198592185974,0.0202874429523944,0.0199355892837047
P87174_P10651,0.88342,0.88342,0.42185,0.15655004978179932,0.9990127086639404,0.5432513356208801
O13953_O42832,0.0041928,0.0041928,0.036769,0.18759451806545258,0.0021276462357491,0.281607985496521
O60158_O74483,0.0036351,0.0036351,0.033671,0.23364727199077606,0.0068312757648527,0.0035856172908097
O74825_Q9USZ6,0.0032546,0.0032546,0.033667,0.09416146576404572,0.9990535378456116,0.7614651322364807
P79015_O14216,0.026341,0.026341,0.083356,0.2666512131690979,0.9987308382987976,0.3328092396259308
O60104_Q9USH1,0.0035281,0.0035281,0.035738,0.6007176041603088,0.9991152882575988,0.911107897758484
O94707_Q09924,0.0045199,0.0045199,0.033783,0.7687361240386963,0.0254152063280344,0.0848928317427635
Q9P805_O13310,0.0073255,0.0073255,0.033782,0.35523688793182373,0.0234108082950115,0.0112161049619317
P78774_Q92352,0.0031605,0.0031605,0.034236,0.4213915169239044,0.9983774423599244,0.5375564694404602
O94288_Q9P7G0,0.0057145,0.0057145,0.037182,0.4016922414302826,0.998960018157959,0.9956002235412598
Q92462_Q09127,0.0037281,0.0037281,0.033623,0.7149190902709961,0.0039274748414754,0.0023821091745048
O74471_O14230,0.0038421,0.0038421,0.033592,0.2325071096420288,0.005423261784017,0.0535549409687519
O94244_O60104,0.003175,0.003175,0.038853,0.00930770393460989,0.9989990592002868,0.4558611810207367
P28748_Q9Y738,0.0035829,0.0035829,0.033543,0.5337738394737244,0.0017076877411454,0.0315844304859638
O13370_O14399,0.0045605,0.0045605,0.043359,0.46926218271255493,0.005605308804661,0.0106890676543116
P32390_P41887,0.032535,0.032535,0.034615,0.6350191235542297,0.0136045860126614,0.0102462945505976
Q9P7M1_Q92462,0.0037181,0.0037181,0.033759,0.3920896649360657,0.0014710025861859,0.0243628788739442
Q9Y7Z7_P78814,0.0033738,0.0033738,0.03358,0.06935078650712967,0.0101670231670141,0.0024383084382861
O13916_P33520,0.0031859,0.0031859,0.033673,0.3540802299976349,0.0078893071040511,0.0227050557732582
P87074_P27584,0.0038198,0.0038198,0.033732,0.007983159273862839,0.0055320211686193,0.0127814067527651
P79015_Q92358,0.0037129,0.0037129,0.033618,0.612729549407959,0.0309245884418487,0.058660801500082
O94707_O74399,0.0033344,0.0033344,0.03545,0.6797456741333008,0.9982884526252748,0.952565371990204
P78789_P40995,0.0035179,0.0035179,0.034262,0.60568767786026,0.0360567793250083,0.7291697263717651
P05733_Q09819,0.0095075,0.0095075,0.073406,0.10414966195821762,0.9945052266120912,0.019172515720129
O13681_P48011,0.0037766,0.0037766,0.30227,0.1631908267736435,0.9979518055915833,0.0010157121578231
Q9P3B2_Q9C0Z9,0.0032956,0.0032956,0.033552,0.6304365992546082,0.0078121945261955,0.001784612191841
O94542_Q9UUA8,0.0033023,0.0033023,0.033724,0.4158875346183777,0.1397174596786499,0.5799911618232727
O13681_P87126,0.0033973,0.0033973,0.033779,0.10032694786787033,0.0847340524196624,0.4804296493530273
Q10218_O94244,0.0039251,0.0039251,0.039559,0.3798024356365204,0.9885961413383484,0.0796463787555694
O13351_Q9UTK6,0.0034401,0.0034401,0.033635,0.7129796147346497,0.9980664849281312,0.0131618753075599
Q10169_P27584,0.0035255,0.0035255,0.03356,0.18428219854831696,0.6148931384086609,0.0021634735167026
O74718_P79063,0.0033704,0.0033704,0.033807,0.17198479175567627,0.9989537000656128,0.8613387942314148
Q9US52_Q10366,0.0031392,0.0031392,0.033772,0.4538685977458954,0.0086122620850801,0.0093832071870565
O14399_Q9UUJ4,0.0032477,0.0032477,0.03388,0.29632461071014404,0.0771027728915214,0.0140462219715118
P87051_Q06182,0.0032827,0.0032827,0.037048,0.2678094506263733,0.9985583424568176,0.0009922988247126
O42905_O74560,0.0032715,0.0032715,0.034276,0.18827097117900848,0.9988608360290528,0.907301127910614
O42978_O74825,0.0042019,0.0042019,0.053742,0.20076945424079895,0.9990785121917723,0.0246119983494281
Q9Y7M6_P87053,0.0031553,0.0031553,0.033763,0.0459587536752224,0.0247237477451562,0.0071191703900694
O94705_P07657,0.071791,0.071791,0.15467,0.35413607954978943,0.0063740359619259,0.9218414425849916
Q09933_Q9UUC1,0.0038871,0.0038871,0.034104,0.6754950284957886,0.0121836373582482,0.0226034335792064
O74517_Q9Y7N2,0.0053449,0.0053449,0.038316,0.32451510429382324,0.9988694787025452,0.8281296491622925
Q9UUE5_P40381,0.0036038,0.0036038,0.035597,0.1516190469264984,0.9990124702453612,0.0673368647694587
Q10585_Q6BDR8,0.0031996,0.0031996,0.033646,0.6017115116119385,0.5525473356246948,0.0738313570618629
P0C5Y7_P26306,0.0033461,0.0033461,0.033778,0.019007081165909767,0.2792850732803345,0.0105643458664417
Q9P782_Q9UUB7,0.0031697,0.0031697,0.033951,0.2871592044830322,0.0034004463814198,0.0176606941968202
O42975_P0CU09,0.0042475,0.0042475,0.034371,0.19266822934150696,0.6818215250968933,0.6198887228965759
P21135_Q9P7F9,0.0033315,0.0033315,0.033648,0.24999743700027466,0.0013793421676382,0.0008624852634966
A6X980_P08092,0.0031944,0.0031944,0.033516,0.28161612153053284,0.0366256646811962,0.5779977440834045
Q92462_P56287,0.0039382,0.0039382,0.033594,0.49153217673301697,0.0013275967212393,0.0122714722529053
P78814_Q9P7F9,0.0043032,0.0043032,0.034096,0.026267176494002342,0.0012052733218297,0.0006470857770182
O74985_Q9UTI3,0.0035163,0.0035163,0.033755,0.12178982049226761,0.0255885943770408,0.1803928762674331
Q1MTQ1_O74398,0.0035543,0.0035543,0.034181,0.21287688612937927,0.0093083241954445,0.9803941249847412
Q10477_P32390,0.0032183,0.0032183,0.033899,0.15894715487957,0.0055281999520957,0.0701261386275291
O13936_Q9P6Q6,0.0032389,0.0032389,0.035939,0.6809762120246887,0.9989712238311768,0.1921667754650116
O60164_O14036,0.014238,0.014238,0.084411,0.04064103215932846,0.9990315437316896,0.2760435938835144
Q9Y7R3_O94326,0.0032059,0.0032059,0.048229,0.23570698499679565,0.9988124370574952,0.9079188108444214
P50528_Q9UTI8,0.0046607,0.0046607,0.034071,0.46643200516700745,0.0057640187442302,0.0089486762881279
P87323_Q96WV9,0.0041667,0.0041667,0.033773,0.22771883010864258,0.0640267729759216,0.9527372121810912
Q9P6M0_Q9P7M3,0.0033905,0.0033905,0.034613,0.012756545096635818,0.9989277720451356,0.2826776802539825
O74175_P87123,0.0057347,0.0057347,0.046923,0.38038861751556396,0.998727023601532,0.184177353978157
Q9UU79_Q92358,0.0033399,0.0033399,0.033586,0.2430393397808075,0.5024693012237549,0.0053717708215117
P07527_O42661,0.0050413,0.0050413,0.03454,0.28267166018486023,0.9987964630126952,0.065628707408905
P17937_Q10330,0.12416,0.12416,0.32369,0.08564504235982895,0.9989814162254332,0.9971736669540404
Q9USV1_O74955,0.0076116,0.0076116,0.033903,0.07528115808963776,0.0019219258101657,0.0860932320356369
Q9Y794_P0CU09,0.004513,0.004513,0.03389,0.06007987633347511,0.0112410308793187,0.2550749480724334
Q10056_Q9Y7N2,0.003241,0.003241,0.033696,0.17116743326187134,0.0090971421450376,0.1311807036399841
O94687_O94542,0.0035347,0.0035347,0.035939,0.11860993504524231,0.9978933930397034,0.5489193201065063
P41889_P05734,0.0034342,0.0034342,0.033578,0.23851920664310455,0.0176845844835042,0.1151282340288162
O14140_O94616,0.062297,0.062297,0.034742,0.5424491167068481,0.9990185499191284,0.0062072514556348
Q09823_O94534,0.0034282,0.0034282,0.042614,0.3265785872936249,0.0183307752013206,0.6762421727180481
Q10366_O94268,0.0034493,0.0034493,0.036778,0.3598444163799286,0.0093745719641447,0.0436208173632621
Q09819_Q9P7G0,0.0035947,0.0035947,0.035418,0.021856389939785004,0.9988973140716552,0.4782962203025818
Q7LL14_Q9UTP0,0.0051438,0.0051438,0.88128,0.019924359396100044,0.0089247301220893,0.0076157450675964
Q9P784_Q9UUC1,0.033214,0.033214,0.19189,0.4806923270225525,0.9990684390068054,0.9676135778427124
O13816_P0CT70,0.0035517,0.0035517,0.040908,0.3422837257385254,0.0053683295845985,0.0025947217363864
Q9P7W4_Q9HGQ3,0.003374,0.003374,0.034839,0.10302037745714188,0.0054563032463192,0.0287918839603662
Q53EK2_Q9USR7,0.0035249,0.0035249,0.033614,0.32330554723739624,0.0073940115980803,0.0042159906588494
Q9UT32_Q9HDX9,0.0032607,0.0032607,0.033768,0.18361979722976685,0.3270503878593445,0.043200496584177
Q9UUM2_Q10432,0.003476,0.003476,0.038033,0.05071461573243141,0.0176169201731681,0.2011041045188903
Q9Y7M4_O94646,0.022345,0.022345,0.034292,0.03900265693664551,0.9990949630737304,0.9184094071388244
O74433_O74772,0.0035437,0.0035437,0.033909,0.1234544888138771,0.0073432717472314,0.0005338969058357
O94321_Q9P7M1,0.0032735,0.0032735,0.034184,0.3922927975654602,0.003940925002098,0.4849402010440826
Q10173_O13889,0.0034647,0.0034647,0.033542,0.2508632242679596,0.0579162053763866,0.0265435315668582
O13889_O14011,0.0036632,0.0036632,0.034427,0.42347046732902527,0.9973682761192322,0.0314433202147483
Q9UTA4_Q10271,0.0035519,0.0035519,0.033591,0.2729479670524597,0.0061492081731557,0.0424747057259082
P78774_Q9Y7N2,0.0032626,0.0032626,0.034338,0.8621699213981628,0.971062183380127,0.6900279521942139
Q53EK2_Q10067,0.0032288,0.0032288,0.033662,0.06825625151395798,0.0071857278235256,0.0132158305495977
O94316_Q9UUC6,0.005928,0.005928,0.034651,0.22198714315891266,0.9989226460456848,0.0754952952265739
O14241_Q9UUJ1,0.0038469,0.0038469,0.033722,0.007725717034190893,0.9972633123397828,0.9202402234077454
O74653_P46595,0.018706,0.018706,0.035528,0.23577313125133514,0.0233903210610151,0.0029683585744351
P36617_P0CT70,0.0041214,0.0041214,0.033918,0.19885416328907013,0.9989633560180664,0.0023654026445001
O36019_Q9USR7,0.0032156,0.0032156,0.033657,0.4665052592754364,0.0497116930782794,0.0425679050385952
P40984_P25457,0.0047305,0.0047305,0.033813,0.154281884431839,0.0203447565436363,0.0009137426968663
Q9UT76_Q10108,0.0060356,0.0060356,0.033546,0.18036553263664246,0.0015576436417177,0.0109494300559163
G2TRP5_P05219,0.0040995,0.0040995,0.033485,0.4830853343009949,0.0053365468047559,0.0064915320836007
O42978_Q9P7R9,0.01556,0.01556,0.033474,0.20993752777576447,0.0061863935552537,0.0037545720115303
P37382_P87123,0.003482,0.003482,0.035451,0.035920701920986176,0.9991198182106018,0.9830612540245056
P42656_Q09127,0.003238,0.003238,0.033454,0.09352529048919678,0.0062395026907324,0.0116289807483553
P79065_Q10169,0.0037607,0.0037607,0.033779,0.03401465713977814,0.9981164932250975,0.0150920441374182
O59767_Q9Y7M6,0.0031759,0.0031759,0.033538,0.009183894842863083,0.0073787295259535,0.3893314898014068
Q9UTR8_O59790,0.0032587,0.0032587,0.033737,0.46940484642982483,0.993768870830536,0.1460910588502884
O13728_P87231,0.0034032,0.0034032,0.03365,0.0406695157289505,0.0048559629358351,0.0264302771538496
Q09772_P07657,0.0061217,0.0061217,0.033526,0.3258017897605896,0.0015136653091758,0.0004538893408607
O94238_O74531,0.0044679,0.0044679,0.033771,0.4583035111427307,0.0092036677524447,0.0032164093572646
O94556_Q09906,0.0032807,0.0032807,0.033564,0.2992793023586273,0.0016836004797369,0.0380791611969471
P56523_Q10432,0.0033389,0.0033389,0.033839,0.3298240602016449,0.0026031346060335,0.0061487890779972
P41889_P25457,0.0033395,0.0033395,0.033582,0.1859409213066101,0.9878727197647096,0.0372265130281448
O13953_Q9P7A0,0.0034644,0.0034644,0.034017,0.005446897819638252,0.772017240524292,0.2305855453014373
O94547_P52890,0.0033717,0.0033717,0.033864,0.1723014861345291,0.9976359605789183,0.7326278686523438
O14036_P40984,0.0069985,0.0069985,0.050537,0.0977335199713707,0.010579683817923,0.0012830720515921
P05764_Q9P7W4,0.003854,0.003854,0.033611,0.015748612582683563,0.0590494759380817,0.0004333917750045
O74518_Q9Y818,0.003996,0.003996,0.033481,0.2044583112001419,0.009972839616239,0.0079867858439683
Q09150_O42661,0.0038468,0.0038468,0.064492,0.5616360306739807,0.0061138942837715,0.1854780167341232
P87314_Q9USG6,0.0033084,0.0033084,0.035476,0.35523369908332825,0.9987046718597412,0.0948423370718956
O74774_Q9USL5,0.0033624,0.0033624,0.03398,0.09294076263904572,0.9990420937538148,0.6913467049598694
Q10428_O42905,0.003272,0.003272,0.03451,0.3322671949863434,0.0254293568432331,0.9110550880432128
P30261_Q09772,0.0034669,0.0034669,0.035282,0.3128533959388733,0.9986340403556824,0.9147231578826904
P54789_Q9P7B7,0.0032915,0.0032915,0.038095,0.4609135389328003,0.2272520065307617,0.0285734590142965
O74904_P41005,0.0074181,0.0074181,0.033798,0.2231813669204712,0.0140172159299254,0.0057629724033176
P10651_P30261,0.045163,0.045163,0.051068,0.5576037168502808,0.9988760352134703,0.0188491120934486
P04910_O13828,0.0057769,0.0057769,0.034346,0.6585068702697754,0.0535304471850395,0.0021630793344229
P0CT60_P50530,0.0034282,0.0034282,0.035079,0.048408571630716324,0.0036852871999144,0.0022802101448178
O59793_Q9USP9,0.0035751,0.0035751,0.033948,0.12062741816043854,0.0264447554945945,0.2523148953914642
P40848_P36614,0.0033944,0.0033944,0.035604,0.2508581578731537,0.8444510102272034,0.4992418587207794
Q09330_O14011,0.0032215,0.0032215,0.034672,0.16778720915317535,0.9989888072013856,0.5004909038543701
P41889_Q6BDR8,0.0032238,0.0032238,0.033718,0.14665162563323975,0.0131704378873109,0.1049507558345794
O42978_Q10322,0.0040232,0.0040232,0.037667,0.14846841990947723,0.0106045398861169,0.0158666558563709
Q10477_Q9P7E0,0.0032027,0.0032027,0.033664,0.1641717106103897,0.0048972708173096,0.0027518088463693
Q9P7B7_O14140,0.0083811,0.0083811,0.035079,0.154565691947937,0.9987239241600036,0.1419908255338668
P87324_O74518,0.0034523,0.0034523,0.034056,0.33733463287353516,0.0272074844688177,0.0118938982486724
O14352_P50527,0.010575,0.010575,0.035679,0.16731572151184082,0.0033763700630515,0.006327461451292
O94360_Q9USY3,0.0031437,0.0031437,0.033953,0.0638788491487503,0.0273456592112779,0.0036776489578187
Q9USU3_P50523,0.0033146,0.0033146,0.033557,0.2697003185749054,0.0017489724559709,0.0008793321903795
O13953_Q09819,0.0039245,0.0039245,0.035495,0.25710076093673706,0.9981454610824584,0.9694464802742004
O74311_Q09772,0.0032045,0.0032045,0.033575,0.10248399525880814,0.9850939512252808,0.0151012176647782
O74471_Q10159,0.0058141,0.0058141,0.033576,0.2942727208137512,0.0049798050895333,0.0038848768454045
O94542_Q9Y709,0.0040231,0.0040231,0.033954,0.2254638522863388,0.0114029394462704,0.0343684740364551
O14343_Q9USJ7,0.0077332,0.0077332,0.033639,0.368672251701355,0.0277722775936126,0.9255305528640748
O74531_P78761,0.0080951,0.0080951,0.033524,0.08908979594707489,0.0013500441564247,0.001683005830273
O60187_Q9UUE5,0.0032552,0.0032552,0.033933,0.23887236416339874,0.2358238250017166,0.9458168745040894
O43114_P12000,0.0032605,0.0032605,0.033525,0.020872537046670914,0.0049361367709934,0.2089888453483581
Q9UT72_Q07538,0.0038117,0.0038117,0.035533,0.5247146487236023,0.9989815354347228,0.4406388401985168
P36583_Q09914,0.003339,0.003339,0.03846,0.4421704411506653,0.998736560344696,0.9779306650161744
P41005_Q09127,0.0054556,0.0054556,0.033747,0.6425078511238098,0.0461143553256988,0.0409258864820003
Q9P7W4_O14327,0.0032488,0.0032488,0.034324,0.10905580222606659,0.0137854740023612,0.0222767237573862
O74978_P0C5Y7,0.068737,0.068737,0.070056,0.3030407428741455,0.0023905865382403,0.0023524167481809
Q9P3B2_P79005,0.0034815,0.0034815,0.03348,0.06559358537197113,0.0041214623488485,0.0007155433413572
Q09116_Q10218,0.0042818,0.0042818,0.033547,0.45946627855300903,0.03565264493227,0.7626024484634399
O74774_Q10477,0.0033068,0.0033068,0.036061,0.8067896962165833,0.0779924169182777,0.0539020001888275
Q09825_O74825,0.0033839,0.0033839,0.033569,0.24433155357837677,0.0028116647154092,0.0036639624740928
O13351_P40235,0.0090171,0.0090171,0.036021,0.1439523696899414,0.0655548200011253,0.0380412898957729
P26306_P36582,0.0033891,0.0033891,0.033698,0.06928747147321701,0.0080731529742479,0.0139485392719507
O14180_P79071,0.0050576,0.0050576,0.057883,0.4875434339046478,0.999037504196167,0.9897956252098083
Q9Y7Z7_O14459,0.0031872,0.0031872,0.033832,0.1058201715350151,0.7084726691246033,0.034353170543909
P87310_P42656,0.027925,0.027925,0.034152,0.14027874171733856,0.0084054870530962,0.0670480355620384
Q9Y794_O14097,0.0054015,0.0054015,0.036755,0.5663638114929199,0.9979329109191896,0.859870433807373
O74465_Q9UUA8,0.0032163,0.0032163,0.033645,0.16465003788471222,0.0120817553251981,0.0913511738181114
O74955_Q9P7V3,0.1844,0.1844,0.035192,0.2553212344646454,0.9990885257720948,0.8428921699523926
Q9P7G0_O13816,0.011027,0.011027,0.03613,0.25518620014190674,0.9987757802009584,0.952870547771454
P87314_O14388,0.005029,0.005029,0.03497,0.08813438564538956,0.998883068561554,0.112995907664299
Q9P782_O94444,0.0035845,0.0035845,0.033627,0.011621546000242233,0.0215750578790903,0.6427069306373596
Q09823_O74555,0.0049924,0.0049924,0.037314,0.2464815229177475,0.0119939558207988,0.0107715316116809
P46595_P36613,0.0043774,0.0043774,0.033813,0.16243413090705872,0.7927653193473816,0.0034624394029378
Q9USG6_O59790,0.0032135,0.0032135,0.033545,0.7200536131858826,0.0015374799259006,0.0105775482952594
P87159_Q9P7G0,0.0041179,0.0041179,0.034124,0.20536412298679352,0.0162702016532421,0.5204664468765259
Q9P784_Q9Y7Z1,0.01553,0.01553,0.18518,0.09706742316484451,0.9990577101707458,0.9938977360725404
Q9P7B7_Q92462,0.0033565,0.0033565,0.034385,0.47870323061943054,0.0011395013425499,0.0035718376748263
Q9P6Q0_O74465,0.0032426,0.0032426,0.033915,0.004056381527334452,0.9988767504692078,0.0919569432735443
P10815_Q9Y7N2,0.0032929,0.0032929,0.067397,0.2858990728855133,0.9980838298797609,0.8485220670700073
O94658_O94581,0.0032461,0.0032461,0.034004,0.38042837381362915,0.0425025895237922,0.0112766111269593
Q9P6Q6_O94408,0.0052588,0.0052588,0.033624,0.34523510932922363,0.9990466237068176,0.0161225739866495
Q09196_Q9P7W4,0.0032501,0.0032501,0.033521,0.04530997574329376,0.0048646535724401,0.001889684353955
P56286_O13985,0.0035469,0.0035469,0.0345,0.07878343015909195,0.4901602268218994,0.0102282343432307
O74465_O74957,0.0035198,0.0035198,0.033895,0.3256951570510864,0.0187213215976953,0.0210359524935483
O14399_Q9URY2,0.0039663,0.0039663,0.036417,0.20499370992183685,0.0192846395075321,0.0085823936387896
O94376_P87306,0.0080979,0.0080979,0.035345,0.7000558376312256,0.999092936515808,0.9611679911613464
O60016_Q10232,0.0042011,0.0042011,0.042352,0.29186347126960754,0.516240119934082,0.0654196813702583
P05767_Q10282,0.031684,0.031684,0.041724,0.27713915705680847,0.9966503977775574,0.7297718524932861
O14079_O74360,0.0040759,0.0040759,0.034041,0.08857527375221252,0.0062228818424046,0.9515599608421326
Q0E7J7_P12000,0.0033312,0.0033312,0.033786,0.49211591482162476,0.037899300456047,0.7202634215354919
O42954_O94542,0.0032727,0.0032727,0.034577,0.3391491770744324,0.0549989156424999,0.97288978099823
O42991_P40372,0.10681,0.10681,0.23414,0.5254685878753662,0.9990309476852416,0.9938103556632996
O13777_O59767,0.0031659,0.0031659,0.033754,0.6832234263420105,0.9942743182182312,0.0660285055637359
Q9P7B7_Q9USP0,0.0033089,0.0033089,0.033688,0.6758407950401306,0.0103670069947838,0.0013701564166694
Q92399_O14327,0.0043585,0.0043585,0.074725,0.13675247132778168,0.000973057874944,0.0021074945107102
Q9URY2_Q9HGQ3,0.0038869,0.0038869,0.033576,0.20831198990345,0.0010773609392344,0.0116085680201649
Q10169_O94659,0.0048954,0.0048954,0.035128,0.06808314472436905,0.003276010742411,0.0228359531611204
P78946_Q9USP9,0.004385,0.004385,0.035385,0.5262484550476074,0.0294583309441804,0.0294477678835392
P0CT60_P87173,0.10862,0.10862,0.040785,0.6109782457351685,0.999080777168274,0.4265066683292389
Q9USX3_O14352,0.021193,0.021193,0.03441,0.18276026844978333,0.9989252686500548,0.0179885905236005
O74771_P87027,0.0037507,0.0037507,0.033444,0.3831028342247009,0.0443153269588947,0.1465159803628921
Q9UT52_O59703,0.0046654,0.0046654,0.034148,0.22009016573429108,0.0139480689540505,0.1787368357181549
P08090_Q09819,0.0037473,0.0037473,0.034502,0.23714424669742584,0.9964213371276855,0.9798396229743958
Q9UUC6_P48009,0.0032823,0.0032823,0.033564,0.30742892622947693,0.0007327777566388,0.0030274996533989
Q9USU3_O94534,0.0033723,0.0033723,0.033678,0.023929672315716743,0.0054576126858592,0.1114666834473609
P10815_Q10432,0.0032938,0.0032938,0.034492,0.03207824379205704,0.2241308987140655,0.3752157390117645
P78946_Q9P805,0.0038472,0.0038472,0.033867,0.26655763387680054,0.0217851903289556,0.0021888168994337
P21534_O59793,0.0040993,0.0040993,0.033521,0.2826114892959595,0.0006990910042077,0.0034008843358606
Q10159_Q9P7F9,0.003722,0.003722,0.03491,0.07792507857084274,0.0007920132484287,0.0006012007361277
Q9USJ7_O43070,0.0032316,0.0032316,0.033736,0.21749038994312286,0.0033738100901246,0.2257123291492462
O13728_P0CH07,0.0040361,0.0040361,0.033534,0.08028071373701096,0.0069453218020498,0.0028363303281366
Q9Y709_Q10585,0.0033558,0.0033558,0.033539,0.19744586944580078,0.0170997381210327,0.017003433778882
O94707_P87074,0.0037607,0.0037607,0.034727,0.32366135716438293,0.9989548921585084,0.9881945848464966
Q9P7R9_O74955,0.0075907,0.0075907,0.033535,0.19210609793663025,0.0016838416922837,0.0358029119670391
P46595_P04688,0.011423,0.011423,0.078052,0.2142367959022522,0.0161612331867218,0.0022368256468325
Q09196_P0CH07,0.0035969,0.0035969,0.03492,0.0266873836517334,0.0029289925005286,0.000611794355791
O94609_P26306,0.0043276,0.0043276,0.033756,0.1784510612487793,0.9982678890228271,0.0095191663131117
Q10193_Q9US45,0.0040292,0.0040292,0.045116,0.3782501518726349,0.0024601349141448,0.0057238875888288
Q7LL14_Q09924,0.0033984,0.0033984,0.03374,0.48104625940322876,0.9988430738449096,0.0049223564565181
O94547_O13816,0.12773,0.12773,0.034996,0.1879340559244156,0.9988747239112854,0.0733399763703346
Q9US45_P78761,0.004868,0.004868,0.033717,0.5045968890190125,0.004963154438883,0.0233079362660646
O13836_P78963,0.0037865,0.0037865,0.033771,0.33912044763565063,0.0027287066914141,0.0277617871761322
O14079_O14399,0.0050731,0.0050731,0.037013,0.06264136731624603,0.998921513557434,0.0150326928123831
P79005_O94707,0.0034589,0.0034589,0.041148,0.14006677269935608,0.9986622333526612,0.9635001420974731
P40381_P50582,0.0039293,0.0039293,0.036244,0.4107484817504883,0.9987084865570068,0.4732573628425598
O14327_Q09191,0.003425,0.003425,0.036799,0.14761045575141907,0.003303519450128,0.0044400943443179
O94616_Q10113,0.0032415,0.0032415,0.033762,0.15608035027980804,0.0326650403439998,0.0073587447404861
Q09916_P32372,0.0034574,0.0034574,0.033844,0.10290946066379547,0.9981665015220642,0.2566786706447601
P79005_O14229,0.0034724,0.0034724,0.034235,0.00868903286755085,0.9987542629241944,0.9452711939811708
P09988_P40381,0.74981,0.74981,0.089196,0.3110803961753845,0.9989489912986756,0.8047429919242859
O36027_Q9P6R1,0.15687,0.15687,0.50467,0.030165979638695717,0.9989374279975892,0.9369590282440186
O74983_Q00619,0.0042741,0.0042741,0.033605,0.09022250771522522,0.0018288898281753,0.0006806824239902
P36583_P36629,0.0043967,0.0043967,0.035581,0.15494228899478912,0.003356602275744,0.7680436372756958
P01129_P50530,0.0037437,0.0037437,0.03426,0.3590874671936035,0.006732162553817,0.9290200471878052
O42995_O74309,0.0031417,0.0031417,0.040217,0.007618808653205633,0.0297280773520469,0.1849967390298843
Q09330_Q10192,0.0091609,0.0091609,0.04598,0.08976779878139496,0.9990315437316896,0.856217622756958
O13684_Q10067,0.0038452,0.0038452,0.033889,0.07696499675512314,0.0439134538173675,0.3590930700302124
Q9UUC6_P36625,0.0087376,0.0087376,0.033735,0.831165611743927,0.998652160167694,0.0464045107364654
P56523_O74653,0.0034792,0.0034792,0.033586,0.2882705330848694,0.003210402559489,0.0053211948834359
Q9Y7J4_P87323,0.0032954,0.0032954,0.033601,0.2802605926990509,0.0036309976130723,0.0147118298336863
Q9Y709_O94534,0.0032618,0.0032618,0.033938,0.5444445013999939,0.0460713319480419,0.007008399348706
O42978_Q10272,0.0034314,0.0034314,0.034045,0.15936872363090515,0.0036015780642628,0.042907141149044
O13988_Q9URY0,0.0033474,0.0033474,0.040751,0.29840272665023804,0.0514093823730945,0.0082027819007635
Q10272_Q10585,0.0032155,0.0032155,0.033688,0.16541270911693573,0.0558515340089798,0.5183531641960144
O74533_Q92462,0.0034405,0.0034405,0.033508,0.32069867849349976,0.0020804982632398,0.0034862358588725
P07527_Q09170,0.0098946,0.0098946,0.21944,0.20813331007957458,0.9989678859710692,0.9664027690887452
O74555_Q0E7J7,0.0040165,0.0040165,0.035479,0.4047672748565674,0.0225299783051013,0.0091862436383962
P32434_P87238,0.0032034,0.0032034,0.033556,0.28640490770339966,0.2314694821834564,0.0388346649706363
Q09892_P14575,0.029378,0.029378,0.03375,0.0071364338509738445,0.0008656538557261,0.0011055808281525
Q09772_Q10198,0.0040997,0.0040997,0.033594,0.1793758124113083,0.9945862293243408,0.5638595223426819
Q09698_O94450,0.0032653,0.0032653,0.034009,0.040326084941625595,0.009184225462377,0.0091421520337462
P78946_P0CU09,0.0069659,0.0069659,0.033993,0.26145341992378235,0.9989911913871764,0.2050917148590088
P48009_P50528,0.0040981,0.0040981,0.033537,0.5505101680755615,0.0113577563315629,0.1709316372871399
O59793_P05219,0.0035576,0.0035576,0.034756,0.3099304437637329,0.0068980115465819,0.0215986762195825
O14010_O59680,0.0053463,0.0053463,0.033699,0.36921969056129456,0.9985398054122924,0.0010728815104812
P08090_O94360,0.0032108,0.0032108,0.03357,0.4237714409828186,0.0845619365572929,0.0068711768835783
O74446_O94609,0.0039432,0.0039432,0.033716,0.362594872713089,0.0120960660278797,0.0023266554344445
O14098_Q9UUB7,0.011892,0.011892,0.033755,0.2831135094165802,0.9989124536514282,0.0258523561060428
Q09924_Q9UTK6,0.0032848,0.0032848,0.035257,0.3963427245616913,0.074433647096157,0.0517001077532768
O74957_Q10103,0.0038679,0.0038679,0.034128,0.04631941393017769,0.013987866230309,0.24880151450634
O74854_O13889,0.0039514,0.0039514,0.035499,0.0508284717798233,0.965146780014038,0.0114156100898981
O74771_P08965,0.003293,0.003293,0.033849,0.3910972774028778,0.023926880210638,0.4847719371318817
Q9UT52_Q09176,0.0032644,0.0032644,0.03379,0.13801096379756927,0.993866503238678,0.003684950992465
O94376_O14399,0.0034177,0.0034177,0.033924,0.11718449741601944,0.0459874905645847,0.0081252316012978
P50527_Q9US59,0.0035499,0.0035499,0.035497,0.1359473466873169,0.9980586171150208,0.0585325583815574
O13712_P50530,0.0038298,0.0038298,0.033987,0.3924398720264435,0.0010326455812901,0.6771842241287231
Q9UTP0_Q10193,0.17096,0.17096,0.622,0.05158163979649544,0.0103890355676412,0.6510910987854004
Q0E7J7_Q09914,0.0031809,0.0031809,0.033445,0.776393711566925,0.0017730630934238,0.0025525037199258
P36582_Q10103,0.0036179,0.0036179,0.033863,0.32512399554252625,0.0136557882651686,0.2201965302228927
Q6BDR8_P40848,0.0032802,0.0032802,0.033757,0.7989823818206787,0.0303218308836221,0.0208130255341529
Q09824_Q9URX6,0.0036598,0.0036598,0.039055,0.6978042125701904,0.0214361958205699,0.0131080765277147
Q9USP9_O74803,0.013813,0.013813,0.062178,0.22827152907848358,0.0025763346347957,0.9003744721412659
Q9UTS6_O14352,0.0034087,0.0034087,0.033597,0.0863196924328804,0.0053460719063878,0.202176347374916
Q9P7P1_P50524,0.00317,0.00317,0.033852,0.018290609121322632,0.0260113626718521,0.0864658430218696
P50582_P0CF96,0.014156,0.014156,0.033717,0.05767112970352173,0.2929490506649017,0.0131557211279869
O94268_O94285,0.0050507,0.0050507,0.084439,0.05707507207989693,0.998824656009674,0.1882828027009964
O60104_P87215,0.0033563,0.0033563,0.033812,0.3801719844341278,0.0125977424904704,0.023599024862051
O14021_O59702,0.0036705,0.0036705,0.034162,0.37854138016700745,0.0138706117868423,0.0180162899196147
O13889_O74471,0.0054517,0.0054517,0.033495,0.25014275312423706,0.0116300275549292,0.0009689138387329
O59767_O74499,0.0044441,0.0044441,0.033697,0.41853344440460205,0.1771565973758697,0.0076820692047476
Q9Y818_Q09142,0.005885,0.005885,0.033679,0.13650110363960266,0.0285031292587518,0.0060783461667597
Q10198_P33520,0.017743,0.017743,0.033606,0.05464763566851616,0.0574466064572334,0.9834717512130736
O94717_P50582,0.00334,0.00334,0.035989,0.22529536485671997,0.9983136653900146,0.7846965193748474
P40848_Q9P784,0.003464,0.003464,0.0344,0.06970237195491791,0.9978561997413636,0.3024501800537109
Q9UST6_P06652,0.0031748,0.0031748,0.033846,0.6315711140632629,0.0253789480775594,0.4939894080162048
Q10272_P56287,0.0033802,0.0033802,0.037149,0.09795323014259338,0.0231839790940284,0.1129241213202476
O94376_P17937,0.0031586,0.0031586,0.033624,0.005908844526857138,0.9990378618240356,0.0162423364818096
Q9HGQ3_O14343,0.0034869,0.0034869,0.034785,0.08744677156209946,0.0473553650081157,0.0052687032148242
Q9HDX9_Q9P7X1,0.0042984,0.0042984,0.033798,0.4469399154186249,0.0352918803691864,0.0505964644253253
O74471_O94542,0.0037088,0.0037088,0.033513,0.3437901735305786,0.0120231043547391,0.0009520534658804
O13728_O13688,0.0032594,0.0032594,0.033559,0.05069126561284065,0.0030373716726899,0.0236401073634624
O13351_O13615,0.0036754,0.0036754,0.051319,0.25333210825920105,0.0155154932290315,0.0195529479533433
O74531_Q10134,0.0033797,0.0033797,0.033809,0.05765257403254509,0.0272123869508504,0.1297207921743393
O13953_O14098,0.0045275,0.0045275,0.034125,0.3342311382293701,0.9988401532173156,0.9621986746788024
P28748_O74446,0.0034068,0.0034068,0.033583,0.38268741965293884,0.0009918966097757,0.0088799493387341
Q9USP9_P87231,0.0037456,0.0037456,0.033856,0.040874090045690536,0.9872860312461852,0.378763198852539
P79015_P41887,0.0040817,0.0040817,0.049249,0.2527155578136444,0.9986377358436584,0.0238277111202478
O94581_O74560,0.0032115,0.0032115,0.03408,0.3663520812988281,0.008805701509118,0.0040613887831568
O74736_P41889,0.0041378,0.0041378,0.03364,0.4845629930496216,0.0291363336145877,0.7503537535667419
Q10322_O13802,0.0038142,0.0038142,0.034602,0.37917929887771606,0.0436392240226268,0.1095549464225769
O13790_O13916,0.0034078,0.0034078,0.03396,0.21985402703285217,0.0017913575284183,0.0700528472661972
Q9USG6_P27584,0.0031926,0.0031926,0.033563,0.7216094732284546,0.0017676977440714,0.000887113623321
P28829_O13286,0.0037824,0.0037824,0.035841,0.13346368074417114,0.0113664390519261,0.9928479194641112
Q9P7M1_O43036,0.0032341,0.0032341,0.033568,0.15350544452667236,0.9989758729934692,0.0309179369360208
Q9UUM2_Q09898,0.054907,0.054907,0.034487,0.12764526903629303,0.9984377026557922,0.3270710706710815
O42995_P12000,0.0031664,0.0031664,0.034629,0.0526094064116478,0.0416397228837013,0.1399099230766296
O74555_Q9P3B2,0.0032807,0.0032807,0.033555,0.30112358927726746,0.0065214182250201,0.0007055820897221
O94658_P36585,0.14716,0.14716,0.14488,0.46798455715179443,0.9989911913871764,0.9971488118171692
O42991_O75011,0.0040963,0.0040963,0.03367,0.4862571060657501,0.0063472557812929,0.0104083381593227
O94547_P06652,0.0036264,0.0036264,0.034212,0.1762935072183609,0.9986096620559692,0.8088311553001404
Q10330_O74986,0.0058611,0.0058611,0.03687,0.42095747590065,0.9987367987632751,0.880122184753418
Q9USM8_Q9URY2,0.0045219,0.0045219,0.033538,0.35292068123817444,0.2035350948572158,0.97717547416687
O74804_O74958,0.0031614,0.0031614,0.033582,0.15914389491081238,0.0033962328452616,0.3110266029834747
Q9US52_P87123,0.003168,0.003168,0.033478,0.1692606806755066,0.0113098714500665,0.0058840773999691
Q9UST6_Q10067,0.0045131,0.0045131,0.034662,0.1126888170838356,0.045528769493103,0.8162176012992859
P40371_O74895,0.0032367,0.0032367,0.033511,0.056300852447748184,0.0027953560929745,0.0036397201474756
O74985_P25457,0.0032838,0.0032838,0.033653,0.16698357462882996,0.99906188249588,0.8934293985366821
O59734_Q9P6Q0,0.0045019,0.0045019,0.03391,0.11528562009334564,0.976892113685608,0.0339782647788524
O42709_O36019,0.0034438,0.0034438,0.034208,0.08473441749811172,0.9989245533943176,0.9746413230895996
O14327_O14241,0.003233,0.003233,0.033656,0.4764838218688965,0.0038309984374791,0.0208356622606515
O94450_Q10271,0.0033323,0.0033323,0.033552,0.8169466853141785,0.0259542390704154,0.0297682527452707
O42846_P36592,0.0040037,0.0040037,0.034257,0.3756811022758484,0.9988880753517152,0.0094489334151148
O36019_Q10232,0.0041082,0.0041082,0.033699,0.07581190764904022,0.999046504497528,0.0114164017140865
O13684_Q9UTE6,0.0033939,0.0033939,0.03397,0.06335281580686569,0.9848520159721376,0.032485444098711
Q1MTN3_O59767,0.0032295,0.0032295,0.033858,0.2554439902305603,0.998134195804596,0.5703533887863159
Q09683_O13351,0.0052047,0.0052047,0.033616,0.31847119331359863,0.9990620017051696,0.1677891463041305
O74736_Q9Y7U4,0.0037076,0.0037076,0.035713,0.4267045259475708,0.9989253878593444,0.9692107439041138
Q9UUB5_Q02088,0.01684,0.01684,0.033433,0.12909363210201263,0.0316262058913707,0.1274820566177368
Q00619_Q9P7V3,0.0033764,0.0033764,0.033743,0.07795862853527069,0.0023285588249564,0.0008079045801423
Q09924_O14241,0.0031973,0.0031973,0.033543,0.41940993070602417,0.0035987060982733,0.0098795760422945
Q9HFE5_Q09772,0.0041389,0.0041389,0.033745,0.03643997758626938,0.0259302947670221,0.0055493218824267
P40995_O42932,0.0036213,0.0036213,0.033658,0.061002735048532486,0.0009852636139839,0.0016860772157087
O36019_O94285,0.0032273,0.0032273,0.035128,0.012039518915116787,0.9990628361701964,0.1591248214244842
Q10322_P87074,0.0035152,0.0035152,0.033839,0.047960322350263596,0.9987646341323853,0.2346866875886917
P87314_P79063,0.0034015,0.0034015,0.033572,0.01252293586730957,0.998885452747345,0.1211025193333625
Q10218_O13889,0.0034516,0.0034516,0.034194,0.14488346874713898,0.9985993504524232,0.4674772322177887
P41412_O74791,0.0035942,0.0035942,0.036735,0.6363189220428467,0.0074647120200097,0.6582287549972534
O75011_Q9P7Q8,0.027673,0.027673,0.034091,0.44582122564315796,0.0561731457710266,0.9388115406036376
P12000_P32390,0.0033585,0.0033585,0.033628,0.18889185786247253,0.9978961944580078,0.015143048018217
O13826_O13877,0.0046712,0.0046712,0.041687,0.4237116575241089,0.9989641904830932,0.0013058809563517
P36616_Q9P7P2,0.003832,0.003832,0.034362,0.08482592552900314,0.0248479098081588,0.8028351664543152
P08965_O36019,0.0035094,0.0035094,0.034101,0.10009577125310898,0.9988898634910583,0.990843951702118
O42846_P50524,0.0031748,0.0031748,0.037207,0.2321634590625763,0.99890398979187,0.7363415956497192
Q9P7B7_Q09822,0.0032067,0.0032067,0.033697,0.4856514036655426,0.0012985100038349,0.0734558254480362
O74978_P17937,0.0060843,0.0060843,0.053405,0.15801012516021729,0.9990135431289672,0.9938681721687316
Q9Y7M4_P05219,0.003557,0.003557,0.03374,0.018593214452266693,0.0025720335543155,0.0017940156394615
Q92399_O74986,0.0045333,0.0045333,0.035288,0.4893432557582855,0.0103696305304765,0.0628671646118164
P56286_P40372,0.021779,0.021779,0.13523,0.41317570209503174,0.9990992546081544,0.7130837440490723
P40996_P78953,0.0036816,0.0036816,0.034903,0.1515367031097412,0.4574119746685028,0.6347622871398926
O13826_O43120,0.0042392,0.0042392,0.035018,0.08842576295137405,0.9990346431732178,0.1867488473653793
O94408_O94444,0.0034517,0.0034517,0.033549,0.22373616695404053,0.998943030834198,0.0239734463393688
Q9P7W4_P41412,0.003244,0.003244,0.034413,0.669766902923584,0.0100706536322832,0.6260579228401184
Q9P7E0_P56286,0.0036085,0.0036085,0.033519,0.09325965493917465,0.998819887638092,0.0016887615201994
P07657_P87126,0.0050335,0.0050335,0.033551,0.2121049165725708,0.0008409229922108,0.0015975510468706
P36583_Q09142,0.0035844,0.0035844,0.033973,0.22408388555049896,0.0060449349693953,0.5098421573638916
P05219_P0CT68,0.0034387,0.0034387,0.034477,0.7993439435958862,0.0075048082508146,0.2109928876161575
Q10322_Q9UTS6,0.00315,0.00315,0.033652,0.08291568607091904,0.1068042144179344,0.1425665766000747
P08092_Q10295,0.0032284,0.0032284,0.033473,0.12673822045326233,0.9929963946342468,0.0674983188509941
O13688_P78972,0.0033727,0.0033727,0.0481,0.20629239082336426,0.998440682888031,0.948049008846283
Q10322_Q9P805,0.0034709,0.0034709,0.065128,0.23192913830280304,0.9990338087081908,0.6418656706809998
O94556_P50528,0.041395,0.041395,0.033562,0.13473960757255554,0.0070456308312714,0.9761027097702026
Q01112_Q09763,0.0032288,0.0032288,0.033454,0.145654559135437,0.9986796975135804,0.0158938057720661
O14318_O14417,0.0031913,0.0031913,0.03363,0.20154818892478943,0.0087646432220935,0.2550176382064819
O74311_P78774,0.0033161,0.0033161,0.040454,0.12173394113779068,0.0762524604797363,0.0062087015248835
O60187_O74796,0.0033235,0.0033235,0.033683,0.7378040552139282,0.0588520020246505,0.7776512503623962
P40377_P41889,0.0063812,0.0063812,0.035114,0.034644655883312225,0.0361307933926582,0.1660890728235244
O42975_Q09116,0.0041325,0.0041325,0.033497,0.24021781980991364,0.0016931551508605,0.002975063631311
O94556_P12000,0.0032825,0.0032825,0.03359,0.06444407999515533,0.3816695511341095,0.9107159376144408
Q10430_O13370,0.0041768,0.0041768,0.033586,0.2368735820055008,0.9981326460838318,0.0282241180539131
Q10322_P17937,0.0034145,0.0034145,0.034036,0.07602396607398987,0.0478630624711513,0.0166343264281749
P05501_Q12701,0.014437,0.014437,0.033471,0.4950157403945923,0.0022049252875149,0.0007476278115063
O14246_Q10432,0.0033392,0.0033392,0.03951,0.19327838718891144,0.5495949387550354,0.9373855590820312
P36585_O13877,0.53806,0.53806,0.10443,0.06833881139755249,0.9989907145500184,0.4033655524253845
P32372_Q10366,0.0033336,0.0033336,0.03454,0.2357257902622223,0.1270738244056701,0.1566656529903412
P09322_Q92358,0.0032846,0.0032846,0.033614,0.6790814995765686,0.1180323734879493,0.0021359832026064
O94658_O94620,0.0087504,0.0087504,0.036283,0.11812888085842133,0.3398703634738922,0.7743847370147705
P27638_Q9USP9,0.012571,0.012571,0.035121,0.4002121686935425,0.2682926952838897,0.4639652669429779
P78963_Q9Y7J4,0.0034996,0.0034996,0.033599,0.19769878685474396,0.0091558899730443,0.0201377253979444
Q09892_P10506,0.081885,0.081885,0.39022,0.29816457629203796,0.9989618062973022,0.744564950466156
Q9P6Q6_O94542,0.0032677,0.0032677,0.034175,0.42711731791496277,0.5734607577323914,0.5613842606544495
P36617_O74966,0.0035045,0.0035045,0.033607,0.06635177135467529,0.9990946054458618,0.0519789084792137
O42978_P87051,0.0094984,0.0094984,0.074608,0.6225758790969849,0.998576283454895,0.0009951887186616
P50582_Q9USL5,0.0032202,0.0032202,0.033553,0.10818509012460709,0.0260944310575723,0.0562922358512878
P10506_O74895,0.003784,0.003784,0.033712,0.4402349293231964,0.0024290573783218,0.0059906565584242
P27638_O74518,0.0035165,0.0035165,0.03355,0.011142579838633537,0.0120941046625375,0.0141223603859543
O74988_Q9P7X1,0.0040127,0.0040127,0.035367,0.04088730365037918,0.9990178346633912,0.9332212209701538
O94450_O13777,0.0031753,0.0031753,0.033737,0.5943716764450073,0.0730601176619529,0.0107250548899173
O74983_P04910,0.0050405,0.0050405,0.047184,0.2658829391002655,0.002100286539644,0.0016240653349086
O74772_Q10113,0.0034206,0.0034206,0.070923,0.41449475288391113,0.0181891601532697,0.0081735402345657
P48011_O43070,0.0034429,0.0034429,0.033593,0.16097940504550934,0.0101051907986402,0.000977361574769
O94707_O94534,0.0032797,0.0032797,0.034688,0.6928592324256897,0.006589965429157,0.3400201499462127
Q9C0Z9_O14318,0.0034925,0.0034925,0.033675,0.2994528114795685,0.0020775611046701,0.1807800382375717
Q10192_Q92366,0.4142,0.4142,0.11742,0.43560561537742615,0.9983354210853576,0.9880516529083252
Q9P6R1_P50530,0.0032447,0.0032447,0.034113,0.35877183079719543,0.0509727038443088,0.102947898209095
Q09761_O14229,0.0035892,0.0035892,0.034181,0.12661126255989075,0.9989238381385804,0.9687508344650269
Q9USZ3_O14079,0.0072322,0.0072322,0.03362,0.00871509499847889,0.9990468621253968,0.0200763326138257
Q9UT32_O75011,0.0037258,0.0037258,0.033809,0.32548773288726807,0.0196394082158803,0.40745410323143
Q10295_Q9UTR8,0.0033704,0.0033704,0.034245,0.3936392366886139,0.9988484382629396,0.8043274283409119
Q0E7J7_O74986,0.0049561,0.0049561,0.035244,0.7235729098320007,0.0187346246093511,0.8558529019355774
P30261_P52822,0.0044122,0.0044122,0.03722,0.39279747009277344,0.9990277290344238,0.0118820471689105
P87176_Q7LL14,0.0042734,0.0042734,0.033964,0.11001797020435333,0.9982243180274964,0.8981261849403381
P33520_Q9UT86,0.0032704,0.0032704,0.034794,0.4416932463645935,0.0066865901462733,0.0036500010173767
P40381_O59945,0.0032756,0.0032756,0.033922,0.003797889454290271,0.0063403998501598,0.135463148355484
Q9UT76_Q9C107,0.0033348,0.0033348,0.035744,0.19306376576423645,0.0007432171842083,0.0269589032977819
Q9P6Q0_O14246,0.0044875,0.0044875,0.034654,0.0033733579330146313,0.9988998174667358,0.2053360044956207
P36585_P32390,0.0033107,0.0033107,0.033502,0.027573363855481148,0.0437544211745262,0.0049083647318184
Q9UT76_P50528,0.0033161,0.0033161,0.033591,0.48801302909851074,0.0008209894876927,0.0093112355098128
Q9HDX9_Q9UT46,0.0032607,0.0032607,0.033642,0.04724385216832161,0.0035668280906975,0.0266527850180864
P07334_Q10429,0.18562,0.18562,0.034812,0.5098236799240112,0.9978194236755372,0.8785748481750488
O74736_O94355,0.0033478,0.0033478,0.033739,0.34157833456993103,0.9990181922912598,0.9870792627334596
Q10198_Q9US59,0.0032172,0.0032172,0.033749,0.34743940830230713,0.0608174912631511,0.0117990123108029
P32372_Q10295,0.003322,0.003322,0.033846,0.1259574443101883,0.9378660917282104,0.3268650472164154
Q10430_Q9P6Q6,0.0032812,0.0032812,0.033844,0.3244034945964813,0.9990124702453612,0.5855967402458191
O74825_P42656,0.0038596,0.0038596,0.033509,0.2995789647102356,0.0019010457908734,0.0135522969067096
Q12381_Q9Y7Z1,0.0031454,0.0031454,0.040479,0.32059246301651,0.473753273487091,0.9953565001487732
P26306_A6X980,0.0031456,0.0031456,0.033999,0.5200936794281006,0.9986200332641602,0.8291118741035461
O59800_O13351,0.0057964,0.0057964,0.052959,0.21108819544315338,0.9974302649497986,0.0207253079861402
O74558_O94609,0.0032484,0.0032484,0.03363,0.45425158739089966,0.0038615781813859,0.0110990395769476
O74499_P50528,0.0043845,0.0043845,0.033791,0.04227161407470703,0.003378132591024,0.0145784271880984
P87126_Q11120,0.0036183,0.0036183,0.033786,0.6053670048713684,0.0048295496962964,0.7061212658882141
P36616_Q9Y7N2,0.0037198,0.0037198,0.034073,0.4427589178085327,0.9988058805465698,0.8256281018257141
O60104_P87310,0.0063506,0.0063506,0.034525,0.04188480228185654,0.9991029500961304,0.6694490313529968
O13978_Q9US59,0.0032218,0.0032218,0.033721,0.3259428143501282,0.0074826991185545,0.004037216771394
P36617_P87050,0.0038219,0.0038219,0.033728,0.42159441113471985,0.0239393785595893,0.2688163816928863
O74499_O60104,0.0035988,0.0035988,0.034221,0.6455020904541016,0.9991117119789124,0.1381226778030395
O43120_Q09142,0.0035948,0.0035948,0.034188,0.04610837996006012,0.0393406897783279,0.0321777760982513
Q9USP0_Q9UT76,0.1096,0.1096,0.71182,0.09117992967367172,0.999062478542328,0.9965468049049376
Q09191_Q9HDY7,0.0046905,0.0046905,0.033801,0.5174552202224731,0.0068816971033811,0.0377415716648101
O14343_Q9P7P2,0.0033776,0.0033776,0.035376,0.09109297394752502,0.0150958569720387,0.951017439365387
O94244_Q9HE05,0.0047197,0.0047197,0.039154,0.10376282781362534,0.4971885979175567,0.0214118734002113
Q9UTR8_Q9HDY7,0.0034333,0.0034333,0.036215,0.2538037896156311,0.9987539052963256,0.8197054266929626
Q10316_O42846,0.0035403,0.0035403,0.033745,0.09632408618927002,0.9990159273147584,0.0197553616017103
Q10192_Q9P7B7,0.00509,0.00509,0.12759,0.007198339328169823,0.9989748001098632,0.2333415001630783
O74433_Q92366,0.0058637,0.0058637,0.033561,0.11756061017513275,0.0114746419712901,0.0104943625628948
Q92352_O60150,0.0037777,0.0037777,0.033966,0.008580571971833706,0.0112941684201359,0.0634254068136215
O14269_O94609,0.0042903,0.0042903,0.033612,0.7692791819572449,0.8210370540618896,0.0773497000336647
P56523_Q9USG6,0.0035954,0.0035954,0.033546,0.4844675660133362,0.001807014690712,0.011102033779025
O59734_O74184,0.0044771,0.0044771,0.033804,0.3688656985759735,0.0049166395328938,0.0040480177849531
P04551_Q9USZ6,0.0032691,0.0032691,0.03345,0.07737415283918381,0.0159751921892166,0.0038045141845941
P50523_O14269,0.0040161,0.0040161,0.0335,0.16306163370609283,0.0049142283387482,0.0011258143931627
O74555_O59793,0.0036134,0.0036134,0.034736,0.5023050904273987,0.9982790946960448,0.4496834874153137
O94658_P08090,0.014256,0.014256,0.038232,0.23308111727237701,0.1206743344664573,0.1075948998332023
Q10103_O60129,0.0034837,0.0034837,0.034414,0.12293101847171783,0.9987114667892456,0.945971667766571
O14170_O43071,0.003431,0.003431,0.059491,0.12320716679096222,0.0801471322774887,0.9175581336021424
Q9USZ6_P08090,0.0033981,0.0033981,0.033537,0.48427054286003113,0.0437020473182201,0.039840180426836
O14198_P40235,0.0035009,0.0035009,0.034186,0.37114569544792175,0.0045804055407643,0.023817453533411
P05219_P40381,0.0044117,0.0044117,0.042458,0.24366150796413422,0.1070586070418357,0.0435686558485031
O74560_Q9P3B2,0.0034519,0.0034519,0.033516,0.3666120767593384,0.0050360318273305,0.0021471893414855
O13802_P41410,0.0041163,0.0041163,0.037713,0.15019196271896362,0.6946161389350891,0.0520087704062461
O59751_Q9UUC6,0.0036526,0.0036526,0.033972,0.18823584914207458,0.0038662897422909,0.0066580800339579
Q9P782_O94542,0.0033346,0.0033346,0.033953,0.7726073861122131,0.0045535904355347,0.0279270336031913
Q06182_Q9P7R9,0.0040202,0.0040202,0.033574,0.16349858045578003,0.1217879951000213,0.4763636589050293
O36027_Q9P7A0,0.0032517,0.0032517,0.03383,0.3634088933467865,0.0126763796433806,0.0096225123852491
O74536_Q10330,0.0035859,0.0035859,0.034548,0.804589033126831,0.0117375506088137,0.0345337353646755
P87050_O13728,0.019535,0.019535,0.033753,0.015320057980716228,0.0738260596990585,0.0212173033505678
Q10099_Q9UUE5,0.0036409,0.0036409,0.033879,0.41033580899238586,0.9989752769470216,0.9580923318862916
Q9UUB5_Q9P3B2,0.0033012,0.0033012,0.033482,0.0585533045232296,0.0104541089385747,0.0043683815747499
P41887_Q10295,0.0032584,0.0032584,0.034016,0.03149561211466789,0.9782880544662476,0.3621067404747009
P10989_Q10322,0.00351,0.00351,0.064889,0.2031990885734558,0.0879749059677124,0.0109123894944787
P40384_Q10099,0.0031821,0.0031821,0.033703,0.0084741972386837,0.0069964439608156,0.0455744452774524
P87215_O74747,0.0035744,0.0035744,0.033528,0.2891439199447632,0.0410745553672313,0.0026187156327068
Q09914_P41411,0.0033017,0.0033017,0.47414,0.14557476341724396,0.0016105604590848,0.4672541320323944
Q09760_P21534,0.0054619,0.0054619,0.033511,0.05781954154372215,0.0006033878307789,0.0012885169126093
O14021_Q09698,0.0056538,0.0056538,0.094568,0.19773930311203003,0.1568164527416229,0.9262570142745972
O13953_Q10067,0.0032797,0.0032797,0.034127,0.03310145065188408,0.0181387737393379,0.3917281031608581
P05733_O42667,0.005302,0.005302,0.035927,0.20860470831394196,0.0095805060118436,0.0036093313246965
P40235_Q9P7P1,0.0033573,0.0033573,0.033872,0.11019193381071091,0.0122102424502372,0.0579126477241516
O60150_P78946,0.0034515,0.0034515,0.033821,0.8463611006736755,0.0054056122899055,0.0041373185813426
O14241_Q92352,0.0034015,0.0034015,0.033704,0.14657969772815704,0.9990378618240356,0.9482462406158448
Q09760_O14329,0.0033834,0.0033834,0.033553,0.042381856590509415,0.001435391488485,0.0026610202621668
P0CU09_P36614,0.0031521,0.0031521,0.04537,0.03729494288563728,0.0548137240111827,0.2841573655605316
Q9USV1_O14180,0.0035728,0.0035728,0.033764,0.2988359332084656,0.999065101146698,0.042157132178545
O94609_Q9HE05,0.0032915,0.0032915,0.034235,0.5108655095100403,0.998929798603058,0.0914119482040405
Q9Y7N2_P10651,0.63679,0.63679,0.040835,0.12259148806333542,0.9986701011657716,0.2941502630710602
Q09191_O74560,0.0033171,0.0033171,0.033823,0.28055551648139954,0.0534830838441848,0.0454095676541328
Q9UTA4_O75011,0.0036124,0.0036124,0.033882,0.1593504250049591,0.0064953579567372,0.0132338134571909
O59800_P87126,0.0040699,0.0040699,0.036431,0.7915939092636108,0.998319923877716,0.9340105056762696
O14098_Q9HFE5,0.0034507,0.0034507,0.033546,0.09053535759449005,0.0578998923301696,0.0129411956295371
O74515_Q09761,0.0032937,0.0032937,0.034283,0.006795645225793123,0.9990634322166444,0.0366121120750904
P05764_Q9UTI3,0.0035361,0.0035361,0.033662,0.3338499367237091,0.0106813199818134,0.0006146602681837
Q09898_O14269,0.0034963,0.0034963,0.033865,0.21133869886398315,0.8722564578056335,0.5568865537643433
P42656_O60104,0.006453,0.006453,0.033697,0.0399346724152565,0.0260869413614273,0.1104183122515678
O14216_O74483,0.0074158,0.0074158,0.033864,0.011014734394848347,0.9989637136459352,0.0138097740709781
Q10477_Q96WV9,0.0044405,0.0044405,0.034187,0.41767507791519165,0.0070695169270038,0.1824187636375427
Q9URY2_O13370,0.0047266,0.0047266,0.033508,0.37220072746276855,0.0010755422990769,0.0350061692297458
O94705_O74483,0.0033146,0.0033146,0.033525,0.18901151418685913,0.045155119150877,0.0019105297978967
Q09154_P78946,0.0050395,0.0050395,0.033634,0.26836591958999634,0.9990134239196776,0.3909016847610473
P40848_Q09170,0.0033632,0.0033632,0.033948,0.42296871542930603,0.9960028529167176,0.1818320900201797
P36592_Q9Y7R3,0.003199,0.003199,0.034392,0.018544580787420273,0.9989768266677856,0.9700600504875184
Q9P7T4_O74825,0.0033097,0.0033097,0.034172,0.24673497676849365,0.9986153841018676,0.0352256447076797
O74471_Q9UTE6,0.0047026,0.0047026,0.033622,0.5451900362968445,0.0269068609923124,0.006602244451642
Q92372_O74804,0.003205,0.003205,0.033707,0.09580753743648529,0.0119332680478692,0.0351479165256023
P21534_P79010,0.19648,0.19648,0.15767,0.22152800858020782,0.0021613345015794,0.9817253947257996
Q09822_O94609,0.00351,0.00351,0.033596,0.3198792338371277,0.0094475643709301,0.0061419298872351
P50524_Q09127,0.0034146,0.0034146,0.034922,0.06510487198829651,0.999098777770996,0.3425404727458954
O94272_O94288,0.0050644,0.0050644,0.033702,0.08475960791110992,0.9787707924842834,0.0224979054182767
O13964_O14350,0.0031451,0.0031451,0.033865,0.06445412337779999,0.99885356426239,0.3963158428668976
Q9UT52_P0CT68,0.0031413,0.0031413,0.03456,0.34916290640830994,0.0581458769738674,0.0038000619970262
O74311_Q9Y7R3,0.0031322,0.0031322,0.033592,0.2074907273054123,0.00298214959912,0.0226423237472772
Q10056_O94620,0.0050064,0.0050064,0.043099,0.22240382432937622,0.9984806180000304,0.118079237639904
Q09116_Q9P779,0.0040813,0.0040813,0.033543,0.19142088294029236,0.0118606397882103,0.0110377436503767
P78972_O94707,0.0033422,0.0033422,0.035004,0.18706341087818146,0.1617561280727386,0.9793446660041808
P10815_Q09892,0.028025,0.028025,0.034112,0.2087641805410385,0.999044954776764,0.1271824091672897
P78794_O14246,0.0032322,0.0032322,0.034219,0.41627025604248047,0.9957706332206726,0.0239988509565591
O74511_O60129,0.0033312,0.0033312,0.035519,0.2014743983745575,0.9985938668251038,0.8835810422897339
O74517_O13688,0.0033767,0.0033767,0.034929,0.34188908338546753,0.9989466071128844,0.9793906211853028
Q9USX8_O60129,0.0034555,0.0034555,0.03575,0.010081778280436993,0.0061900094151496,0.2978020012378692
O94609_O74483,0.0034292,0.0034292,0.03368,0.3164672553539276,0.8795679807662964,0.0413342677056789
Q9US59_O13286,0.0034556,0.0034556,0.037461,0.06703229248523712,0.0226025283336639,0.1553335338830948
O74854_O94276,0.003281,0.003281,0.034181,0.133087620139122,0.0102503383532166,0.0227722320705652
O42846_O60164,0.031009,0.031009,0.069394,0.04763428494334221,0.9989479184150696,0.6060067415237427
O94668_O94684,0.0031664,0.0031664,0.033817,0.04474251717329025,0.931307017803192,0.3664880394935608
Q09685_P56523,0.0034557,0.0034557,0.033663,0.4980250895023346,0.0096574891358613,0.0134219266474246
O42975_P40381,0.003738,0.003738,0.037224,0.024634016677737236,0.999022364616394,0.0609913580119609
Q09177_Q09196,0.0031468,0.0031468,0.03935,0.4848502278327942,0.0011929634492844,0.0017503559356555
O59790_O74398,0.0042833,0.0042833,0.039542,0.4782325327396393,0.9990209341049194,0.1154441758990287
Q10056_Q10316,0.0035578,0.0035578,0.033601,0.21813982725143433,0.0042762099765241,0.6117228269577026
O13916_Q9USV3,0.003227,0.003227,0.035815,0.6022198796272278,0.2592684626579284,0.0252928417176008
O14339_P05767,0.55214,0.55214,0.20193,0.04421042278409004,0.997162401676178,0.9844260215759276
P56287_P56288,0.026882,0.026882,0.38599,0.08152402192354202,0.9983000159263612,0.963230550289154
O74360_Q10668,0.006373,0.006373,0.034735,0.6170016527175903,0.0063898703083395,0.785824179649353
O13836_Q9P7M3,0.0033105,0.0033105,0.034009,0.27044910192489624,0.9687342643737792,0.0142295667901635
P04910_P78789,0.01503,0.01503,0.036334,0.07788702100515366,0.0037157125771045,0.0100877294316887
P0CT68_P50527,0.0036582,0.0036582,0.034074,0.42414364218711853,0.0019354101968929,0.0027557360008358
P46595_Q9UST6,0.0046706,0.0046706,0.033508,0.16313518583774567,0.0180972479283809,0.0056470418348908
O13728_Q4PIR3,0.0037042,0.0037042,0.033792,0.05960940197110176,0.0047754012048244,0.0053956564515829
P25457_Q9UTE6,0.0065559,0.0065559,0.043459,0.7815104126930237,0.998767614364624,0.9922084808349608
O74955_Q09906,0.0032176,0.0032176,0.033579,0.1559264212846756,0.0013731864746659,0.0019614049233496
O43114_Q10067,0.64083,0.64083,0.033695,0.45264846086502075,0.0032107075676321,0.9717560410499572
Q10134_O14079,0.081524,0.081524,0.033747,0.026716306805610657,0.9989437460899352,0.9258505702018738
Q9P6Q6_Q09825,0.0037054,0.0037054,0.033766,0.049210432916879654,0.0020146307069808,0.0056471033021807
O13877_O13351,0.0061604,0.0061604,0.048646,0.24134451150894165,0.0083847576752305,0.0008688026573508
O13286_O59703,0.0032525,0.0032525,0.03386,0.24866393208503723,0.0538229867815971,0.0227275248616933
O94360_Q09824,0.0031799,0.0031799,0.033588,0.23859818279743195,0.0176779851317405,0.0104429526254534
O74536_O14459,0.0046626,0.0046626,0.035062,0.2714923322200775,0.0165670458227396,0.0043973373249173
Q9USR7_Q09177,0.003253,0.003253,0.9143,0.27468475699424744,0.0089780604466795,0.2393176704645156
O59702_O94707,0.0031857,0.0031857,0.033685,0.16652753949165344,0.9979373216629028,0.0796757563948631
P78963_Q9HGL8,0.0037386,0.0037386,0.033765,0.5171917676925659,0.003828709712252,0.0053788116201758
Q9USZ3_Q1MTN3,0.0046478,0.0046478,0.033661,0.0445256344974041,0.9985935091972352,0.0400837250053882
Q9UU79_Q09823,0.020124,0.020124,0.041506,0.05158745124936104,0.0194190349429845,0.0054672206752002
P87027_Q9USR7,0.0031594,0.0031594,0.033494,0.015866514295339584,0.0014151211362332,0.0341783091425895
O13836_O59790,0.0036506,0.0036506,0.033579,0.0453529953956604,0.0119542758911848,0.0053947563283145
Q09819_P78761,0.0043359,0.0043359,0.033532,0.16563600301742554,0.0038126807194203,0.0020510586909949
O74955_O43071,0.0031266,0.0031266,0.033633,0.059095580130815506,0.0026772182900458,0.0122283156961202
Q00619_Q9USV1,0.0033926,0.0033926,0.033981,0.783840000629425,0.0025674514472484,0.0125356083735823
O42832_Q10330,0.067442,0.067442,0.17601,0.5990905165672302,0.9988806843757628,0.9969825148582458
P05767_P78789,0.011315,0.011315,0.035616,0.2776777148246765,0.0030796607024967,0.2731953263282776
P29458_P40377,0.11606,0.11606,0.058792,0.03344685956835747,0.5910530686378479,0.9840729832649232
Q9URY2_P78761,0.0041866,0.0041866,0.033507,0.15479639172554016,0.0008309725672006,0.0028564035892486
Q9P7Q8_Q12701,0.028067,0.028067,0.033946,0.06344937533140182,0.998363196849823,0.6991268992424011
Q9HFE5_P08647,0.005546,0.005546,0.033557,0.20475627481937408,0.0236456003040075,0.0774760991334915
O74175_P78946,0.17903,0.17903,0.080612,0.451192706823349,0.9988582134246826,0.9745314717292786
Q09176_P87215,0.0038709,0.0038709,0.044172,0.35012146830558777,0.0228434465825557,0.0115622896701097
P78814_O13615,0.003542,0.003542,0.042526,0.2755972146987915,0.0208504851907491,0.1200244128704071
G2TRP5_Q09698,0.0034942,0.0034942,0.033573,0.0873250737786293,0.0161725189536809,0.0003834273957181
O74774_Q10271,0.0033978,0.0033978,0.033604,0.4129894971847534,0.9982981085777284,0.4637431502342224
Q9P6M0_Q09176,0.0037638,0.0037638,0.033839,0.168544739484787,0.0263806004077196,0.0037780061829835
O13672_P78814,0.0044995,0.0044995,0.035799,0.2840079069137573,0.998810052871704,0.0165206436067819
O74988_Q92372,0.003255,0.003255,0.033591,0.458068311214447,0.0291944723576307,0.0018560126191005
O13672_O14246,0.0041873,0.0041873,0.034032,0.579490065574646,0.998134970664978,0.0185415353626012
Q96TL7_P87323,0.0033278,0.0033278,0.03369,0.18654246628284454,0.0558062903583049,0.9923878908157348
O42978_P01129,0.0033306,0.0033306,0.034879,0.09488196671009064,0.0038857867475599,0.0269425380975008
O14388_P17937,0.019139,0.019139,0.13999,0.22222863137722015,0.9989846348762512,0.9869760870933532
Q09116_O74558,0.003231,0.003231,0.033491,0.7430136203765869,0.0299629438668489,0.3965345025062561
O59680_O74533,0.0053515,0.0053515,0.03987,0.02520155720412731,0.9990009665489196,0.9888553023338318
P40997_Q09698,0.0035233,0.0035233,0.033991,0.18601828813552856,0.6503877639770508,0.5869197249412537
Q92399_O36019,0.0032966,0.0032966,0.034004,0.0033336610067635775,0.7980465292930603,0.0730274617671966
O74483_O13712,0.0041851,0.0041851,0.033762,0.3235938549041748,0.0012409124756231,0.0070691420696675
O14230_Q09822,0.0031924,0.0031924,0.033641,0.35628950595855713,0.0271566677838563,0.0071162111125886
Q09760_Q10432,0.0033678,0.0033678,0.035308,0.5582447648048401,0.001111910212785,0.1434694975614547
Q9UTP0_O94376,0.0031273,0.0031273,0.033869,0.29732945561408997,0.0183798633515834,0.0253469813615083
O94268_P36622,0.0033273,0.0033273,0.034393,0.39098817110061646,0.0025177858769893,0.0096011962741613
Q09772_P21534,0.009988,0.009988,0.033519,0.09822504967451096,0.0017756959423422,0.0009214872261509
O94620_O94355,0.0032117,0.0032117,0.034018,0.018511904403567314,0.0560278855264186,0.0389297045767307
P56288_Q09924,0.0037976,0.0037976,0.19585,0.2522752285003662,0.998976469039917,0.9232501983642578
O94408_P87173,0.052937,0.052937,0.82008,0.07201356440782547,0.9991338849067688,0.9979944229125975
O14010_O74483,0.0031978,0.0031978,0.033662,0.32593101263046265,0.9991022348403932,0.0307168327271938
P10989_P17937,0.0031881,0.0031881,0.12895,0.13721373677253723,0.9985223412513732,0.0120173841714859
O74555_P87159,0.0037752,0.0037752,0.03402,0.39569324254989624,0.0090050920844078,0.059054035693407
Q09882_Q9Y7L8,0.0032689,0.0032689,0.035991,0.5778864622116089,0.998815417289734,0.3608141839504242
Q9HDY7_P37382,0.0037666,0.0037666,0.033952,0.5498704314231873,0.975440263748169,0.0061128023080527
P28748_O74774,0.0044523,0.0044523,0.29226,0.2702889144420624,0.9746622443199158,0.0039955675601959
O94659_Q09858,0.0032135,0.0032135,0.033617,0.19374777376651764,0.9959176182746888,0.5451053977012634
P50528_Q9Y7M6,0.0031758,0.0031758,0.033504,0.024912923574447632,0.0302497390657663,0.7560657262802124
Q9P4W1_O74531,0.0090655,0.0090655,0.034035,0.5018807053565979,0.0062481397762894,0.0007441600901074
Q09685_P48011,0.045461,0.045461,0.034012,0.06815056502819061,0.0204665753990411,0.0007708193152211
Q10429_Q9Y821,0.0036468,0.0036468,0.034063,0.5957460403442383,0.9977391958236694,0.8534107804298401
Q9UU79_O94376,0.0031827,0.0031827,0.033728,0.32108861207962036,0.998803734779358,0.0174962077289819
O74985_O13688,0.0035638,0.0035638,0.034061,0.3164149224758148,0.9985039234161376,0.96692556142807
Q1MTN3_Q09914,0.0031779,0.0031779,0.033494,0.061362218111753464,0.0158361215144395,0.0480291955173015
Q9USV3_Q09683,0.0033424,0.0033424,0.033553,0.19994457066059113,0.999068558216095,0.034693393856287
O42832_Q9HGQ3,0.0034188,0.0034188,0.03873,0.42073386907577515,0.0027598473243415,0.0011972950305789
O94705_Q9P6R1,0.0035345,0.0035345,0.033539,0.44885125756263733,0.0033401772379875,0.0006964884814806
P50528_O74558,0.003222,0.003222,0.033737,0.28050482273101807,0.742081880569458,0.0656669661402702
P40235_O14246,0.003368,0.003368,0.037571,0.3849203586578369,0.9283056259155272,0.0738233998417854
P08090_O74791,0.005824,0.005824,0.038324,0.6199167370796204,0.9986568689346312,0.8650608062744141
Q09196_O13988,0.0032316,0.0032316,0.033629,0.19366908073425293,0.0015257514314725,0.0009084204211831
P49731_P36625,0.0032693,0.0032693,0.035044,0.387634813785553,0.9698931574821472,0.3614623844623565
P52890_C6Y4D0,0.0037453,0.0037453,0.033601,0.050236303359270096,0.9976240992546082,0.0020991913042962
O94717_Q9Y7L8,0.0032065,0.0032065,0.034146,0.10158661007881165,0.032923299819231,0.0080464100465178
Q12701_Q9Y818,0.0071638,0.0071638,0.033968,0.052261337637901306,0.9884499311447144,0.0132113294675946
P30261_O94321,0.0032997,0.0032997,0.034036,0.015476451255381107,0.0079678911715745,0.0840091258287429
Q9P782_P27638,0.0032544,0.0032544,0.033646,0.2846226692199707,0.0216345153748989,0.0040341885760426
O74433_P79063,0.0032566,0.0032566,0.033489,0.431631863117218,0.003661606227979,0.0007552353199571
Q9UTE6_O43070,0.0037476,0.0037476,0.035495,0.39867857098579407,0.9987414479255676,0.0180200785398483
Q09823_O14064,0.003581,0.003581,0.193,0.18979455530643463,0.9983454942703248,0.9799275398254396
Q10585_O13828,0.0031536,0.0031536,0.033755,0.6335579752922058,0.0392309986054897,0.6841384768486023
O13953_O14021,0.0033886,0.0033886,0.046123,0.2063416987657547,0.9987403750419616,0.8397733569145203
P17937_Q9P6Q6,0.0033881,0.0033881,0.033935,0.412981241941452,0.9990065693855286,0.1101327165961265
O14399_Q09761,0.0034213,0.0034213,0.034466,0.026749661192297935,0.022158732637763,0.0275792703032493
O42991_Q9USG6,0.017135,0.017135,0.038127,0.5391181111335754,0.9990484118461608,0.9943629503250122
O94705_Q9UTK6,0.0033597,0.0033597,0.033522,0.6903109550476074,0.0040604942478239,0.0006090204697102
O74790_O42991,0.0033581,0.0033581,0.033475,0.009344150312244892,0.005074749700725,0.8548424243927002
O14229_O94609,0.0034393,0.0034393,0.033714,0.8355541229248047,0.0298059284687042,0.0222997181117534
P10989_O13286,0.0033572,0.0033572,0.049118,0.44272780418395996,0.9151883125305176,0.0156564973294734
O42905_P87126,0.003533,0.003533,0.035432,0.3623681366443634,0.9988608360290528,0.218665212392807
O74517_P26306,0.0033977,0.0033977,0.03364,0.19246914982795715,0.9988112449645996,0.1261752694845199
O59703_O74803,0.0033656,0.0033656,0.035023,0.2661604881286621,0.0092555601149797,0.0026580453850328
O94316_Q9C0Z9,0.0034181,0.0034181,0.03388,0.8249488472938538,0.9989309906959534,0.2463683038949966
O14097_P40848,0.0091563,0.0091563,0.034011,0.22388845682144165,0.9393233060836792,0.8024381399154663
O94542_Q9USL5,0.0035438,0.0035438,0.033587,0.016242047771811485,0.018778420984745,0.0579961277544498
P04688_Q02088,0.022781,0.022781,0.033646,0.07426686584949493,0.0151483034715056,0.3743951618671417
O94534_Q9UT46,0.004786,0.004786,0.034269,0.3378486633300781,0.9894903302192688,0.8421356678009033
P87027_P36601,0.003636,0.003636,0.77001,0.1284627616405487,0.0014400739455595,0.0253312587738037
O59680_P26306,0.0052908,0.0052908,0.033598,0.5230892300605774,0.0076370257884263,0.0007340546580962
Q9USG6_P33520,0.0031403,0.0031403,0.033645,0.20344699919223785,0.0053036981262266,0.0063879215158522
O74803_P0CG72,0.10032,0.10032,0.89342,0.022390536963939667,0.9978681802749634,0.0060463529080152
G2TRP5_P36618,0.0039317,0.0039317,0.033561,0.2627004384994507,0.0020732039120048,0.0009818881517276
O14064_O74774,0.0037441,0.0037441,0.036575,0.021941618993878365,0.9958088397979736,0.2647237181663513
P10989_P78929,0.72504,0.72504,0.34312,0.39009493589401245,0.9984822869300842,0.9455762505531312
P40996_Q09761,0.0034115,0.0034115,0.034262,0.05102371424436569,0.003134072991088,0.1417557448148727
O42832_P29458,0.0039758,0.0039758,0.054561,0.3440099358558655,0.0021176564041525,0.1070168986916542
O13988_P40984,0.0055719,0.0055719,0.033519,0.08593478053808212,0.9973692893981934,0.0108474092558026
P50530_O94687,0.0036174,0.0036174,0.034904,0.2400549203157425,0.0125200357288122,0.290844976902008
P87312_Q9USV1,0.0031381,0.0031381,0.033621,0.03858644887804985,0.0145974894985556,0.1184074133634567
P54789_Q09142,0.030537,0.030537,0.03466,0.01714780181646347,0.807964563369751,0.5204315781593323
P87159_Q9US59,0.0033299,0.0033299,0.033914,0.43946021795272827,0.0160536989569664,0.1281876564025879
P0CT68_P25457,0.0064118,0.0064118,0.085462,0.17716220021247864,0.998816967010498,0.8698362112045288
Q10109_Q9UT72,0.0034296,0.0034296,0.033604,0.13101154565811157,0.0023649872746318,0.0038329185917973
P36585_Q10134,0.0057428,0.0057428,0.033853,0.30039361119270325,0.9933487772941588,0.0043945326469838
Q9Y7J4_O13877,0.012114,0.012114,0.037508,0.3728119730949402,0.0131922885775566,0.0017818317282944
O74465_Q09858,0.0032085,0.0032085,0.033736,0.036152105778455734,0.3061953485012054,0.0968025550246238
Q96WW3_O14241,0.0040574,0.0040574,0.033715,0.3220447599887848,0.9986783862113952,0.0186187680810689
O60164_Q9UT72,0.0047622,0.0047622,0.034757,0.12049871683120728,0.9989978671073914,0.0015487057389691
Q9UUE5_O13684,0.0036641,0.0036641,0.033743,0.7782571911811829,0.9987629652023317,0.9593626856803894
Q9P7J8_O13978,0.0031883,0.0031883,0.033619,0.3180260956287384,0.0086274975910782,0.0143223889172077
O74517_Q9P7F9,0.0037147,0.0037147,0.038746,0.06150808185338974,0.0010477248579263,0.0006433685193769
Q9UUB5_P21135,0.0033613,0.0033613,0.034312,0.3071402311325073,0.9989954829216005,0.9254011511802672
O74983_Q10192,0.0055286,0.0055286,0.03344,0.06647137552499771,0.0285836495459079,0.0011855531483888
O14011_P87126,0.0032539,0.0032539,0.035126,0.6232007145881653,0.9976593255996704,0.1092911288142204
O94355_O42991,0.0037376,0.0037376,0.033649,0.01439029909670353,0.9989705085754396,0.009861565195024
P87215_Q12126,0.014348,0.014348,0.033554,0.03196215257048607,0.0319899693131446,0.0216814111918211
P87324_O94272,0.0035338,0.0035338,0.033804,0.12324042618274689,0.9977706670761108,0.0840495228767395
Q10585_Q01112,0.0031126,0.0031126,0.033436,0.011803076602518559,0.0017101209377869,0.0031495550647377
P50524_Q9C107,0.00339,0.00339,0.034026,0.1967315971851349,0.9990400671958924,0.9184293746948242
A6X980_Q9HGQ3,0.0038766,0.0038766,0.034163,0.2211860865354538,0.0159844532608985,0.0023264184128493
O14327_Q9P7J8,0.0064104,0.0064104,0.034064,0.034832049161195755,0.0043026651255786,0.0220518410205841
Q9P802_Q10198,0.0031363,0.0031363,0.033519,0.07097272574901581,0.9990226030349731,0.0478001274168491
Q92372_O74560,0.003252,0.003252,0.035521,0.1424698680639267,0.9958451390266418,0.2712108194828033
Q9UUC6_P87215,0.010815,0.010815,0.092582,0.5597409009933472,0.0089531848207116,0.0572084635496139
P79065_P0CT60,0.0031754,0.0031754,0.034178,0.09363069385290146,0.009223629720509,0.0017351526767015
P79063_O43114,0.0033156,0.0033156,0.033473,0.029850535094738007,0.0080449217930436,0.084592804312706
Q9UUC6_P78929,0.0034142,0.0034142,0.12796,0.3296261429786682,0.0174551159143447,0.012373199686408
P10506_P36583,0.027045,0.027045,0.40373,0.45615240931510925,0.9986438155174256,0.3795782625675201
O59767_O94238,0.0043997,0.0043997,0.034266,0.23493698239326477,0.0075128213502466,0.0218730084598064
P30261_P54789,0.0036139,0.0036139,0.036896,0.326591819524765,0.9989569187164308,0.0390166081488132
Q9URX6_Q0E7J7,0.0053417,0.0053417,0.043552,0.320790559053421,0.010091258212924,0.0036386377178132
P21135_Q9USG6,0.0036737,0.0036737,0.034611,0.007011918816715479,0.9982130527496338,0.2079778313636779
Q09822_O75011,0.0039994,0.0039994,0.034495,0.04561753198504448,0.997199773788452,0.9923549890518188
O13816_Q09924,0.0031566,0.0031566,0.033785,0.16814886033535004,0.0130406487733125,0.064633622765541
O74904_O59945,0.0031684,0.0031684,0.033468,0.09471985697746277,0.0020270813256502,0.0267911553382873
O74895_Q9UT86,0.0062274,0.0062274,0.034428,0.15795481204986572,0.9983324408531188,0.0024790838360786
O13790_Q9UUC1,0.0035635,0.0035635,0.034086,0.33293044567108154,0.0013891072012484,0.0061216005124151
P21135_P78972,0.0036308,0.0036308,0.040166,0.08558554947376251,0.9982635378837584,0.9761665463447572
P79005_Q9URY2,0.0035257,0.0035257,0.033661,0.1816716194152832,0.0027698853518813,0.9285013675689696
P79005_O60187,0.0056254,0.0056254,0.038696,0.012004024349153042,0.0260662343353033,0.9823108911514282
Q10193_Q1MTQ9,0.0036518,0.0036518,0.034081,0.11988118290901184,0.9971202611923218,0.0682431757450103
Q09772_O94244,0.0036288,0.0036288,0.045994,0.011709420010447502,0.9985445737838744,0.1227679178118705
O74747_Q9Y821,0.003386,0.003386,0.033777,0.0016130544245243073,0.999080777168274,0.9394760727882384
P87126_P08647,0.003472,0.003472,0.033743,0.0714745745062828,0.0023402639199048,0.0022547654807567
Q10113_O14010,0.011054,0.011054,0.034935,0.21715857088565826,0.9988293051719666,0.2939013838768005
P04910_Q9UTR8,0.0043829,0.0043829,0.052231,0.03744879364967346,0.9988831877708436,0.0042822607792913
O36027_Q10108,0.068793,0.068793,0.033958,0.09162615984678268,0.9973253011703492,0.3139506578445434
P36582_P33520,0.0073443,0.0073443,0.03445,0.17047299444675446,0.0109048122540116,0.6981110572814941
Q10429_O14129,0.0033072,0.0033072,0.033682,0.022312961518764496,0.0218910053372383,0.0919949188828468
P41889_O94309,0.003211,0.003211,0.033571,0.2373226135969162,0.1830877065658569,0.0081431549042463
O42995_O94616,0.0031969,0.0031969,0.037226,0.7946628332138062,0.9970754384994508,0.0086003942415118
P34208_Q9P7M3,0.0033919,0.0033919,0.033741,0.10189000517129898,0.5311264991760254,0.0890186131000518
O13828_Q9UUI1,0.0068397,0.0068397,0.03735,0.3013019859790802,0.998698353767395,0.0477361641824245
O42905_P79065,0.0032197,0.0032197,0.033684,0.4268522560596466,0.9985951781272888,0.3591745495796203
P01129_P56288,0.0035775,0.0035775,0.033591,0.26488491892814636,0.0020243560429662,0.0350722521543502
Q9UUJ1_Q1MTQ1,0.0035267,0.0035267,0.033741,0.43748748302459717,0.0229889843612909,0.0318390242755413
O94263_P79065,0.0036628,0.0036628,0.033619,0.32633715867996216,0.0216351076960563,0.1539042741060257
Q10099_Q09858,0.0031596,0.0031596,0.03424,0.11599168926477432,0.0129222488030791,0.0329999886453151
Q9Y738_P41887,0.0032219,0.0032219,0.033572,0.3216969966888428,0.0054904199205338,0.0184214599430561
Q10099_Q09882,0.0033204,0.0033204,0.045686,0.0814235508441925,0.036900445818901,0.0377245880663394
O74978_Q9UT32,0.0062841,0.0062841,0.047083,0.7889361381530762,0.9990573525428772,0.9906518459320068
P56288_O43071,0.0036678,0.0036678,0.034897,0.08380135893821716,0.9979946613311768,0.1985146701335907
Q9USZ3_O74957,0.0036586,0.0036586,0.033482,0.04612759128212929,0.0129727236926555,0.0040009068325161
O74854_Q09933,0.0034814,0.0034814,0.034952,0.3512745201587677,0.0227412823587656,0.3255058526992798
Q10366_O94423,0.0032607,0.0032607,0.035489,0.43965011835098267,0.5681371092796326,0.1053242087364196
P50528_P79065,0.0041627,0.0041627,0.033625,0.3934386670589447,0.998724639415741,0.9477841258049012
O13681_O59680,0.043381,0.043381,0.03596,0.47308656573295593,0.9938953518867492,0.0030083616729825
O36027_O42661,0.0040754,0.0040754,0.051904,0.22791273891925812,0.99899822473526,0.067817322909832
O74736_P34208,0.0034163,0.0034163,0.03399,0.1305059790611267,0.0698963031172752,0.7252708673477173
P32372_Q09808,0.0032057,0.0032057,0.033747,0.40329962968826294,0.998838484287262,0.316763699054718
Q92462_Q9Y821,0.0034134,0.0034134,0.034007,0.2958672046661377,0.0034325127489864,0.016195448115468
Q07538_Q9Y7L8,0.0037848,0.0037848,0.034135,0.3075707256793976,0.0027285418473184,0.0321030542254447
P87053_Q92358,0.0031432,0.0031432,0.033743,0.5678574442863464,0.0059810103848576,0.0539082624018192
P0CT68_Q9UUC1,0.12694,0.12694,0.11325,0.476182222366333,0.9984024167060852,0.9560415744781494
O13978_P32390,0.0031533,0.0031533,0.033495,0.41071105003356934,0.007321152370423,0.7607933878898621
Q9C0Z9_Q10428,0.0031933,0.0031933,0.033801,0.28764963150024414,0.0039440705440938,0.0821138471364975
O74360_P49731,0.0037575,0.0037575,0.03735,0.009405460208654404,0.00367157231085,0.0274451784789562
Q4PIR3_O13684,0.07024,0.07024,0.033863,0.25462400913238525,0.9988534450531006,0.8997403979301453
O94556_P87309,0.0031661,0.0031661,0.034215,0.1200912743806839,0.0117046702653169,0.8799759149551392
Q09822_Q9C0Z9,0.0031854,0.0031854,0.033589,0.12805233895778656,0.0074317278340458,0.0089857559651136
Q10173_P01129,0.011228,0.011228,0.033551,0.47016990184783936,0.0209843628108501,0.2265719175338745
Q9UTP0_Q9P3B2,0.0033331,0.0033331,0.033479,0.3148459792137146,0.026069201529026,0.0017568006878718
Q9UUB7_P05767,0.0032127,0.0032127,0.040236,0.3457995653152466,0.1369476914405822,0.1724022924900055
O14170_O74983,0.024267,0.024267,0.30198,0.06467791646718979,0.9988657236099244,0.0040313210338354
Q9P3B2_Q9P782,0.0050908,0.0050908,0.033635,0.29621490836143494,0.0077962004579603,0.0073820697143673
O42846_P12000,0.0035668,0.0035668,0.033972,0.23308312892913818,0.9988407492637634,0.0032796189188957
O74804_Q9P4W1,0.0058812,0.0058812,0.034006,0.1412249207496643,0.0015280181542038,0.0010024738730862
Q1MTN3_P48009,0.0032665,0.0032665,0.033504,0.3722061514854431,0.0093096559867262,0.416663259267807
Q9UUJ4_P41889,0.0038984,0.0038984,0.033631,0.06622283160686493,0.0084505323320627,0.0096765384078025
Q9UUA8_Q10193,0.0033019,0.0033019,0.033656,0.11757738143205643,0.0076419319957494,0.0028243635315448
P87027_O94309,0.0031719,0.0031719,0.033458,0.09453218430280685,0.0113340979442,0.0306335426867008
P04551_Q9HGL8,0.0054971,0.0054971,0.03355,0.025212731212377548,0.0095451930537819,0.0014980463311076
Q10173_P50582,0.0038612,0.0038612,0.033556,0.6320206522941589,0.9986457228660583,0.0516369305551052
P46595_P36614,0.0051425,0.0051425,0.033701,0.35486066341400146,0.8740183711051941,0.0049449629150331
Q09898_Q9P7F9,0.003293,0.003293,0.033775,0.5585675239562988,0.0092493407428264,0.0006708224536851
O59767_P05501,0.003466,0.003466,0.033515,0.17843642830848694,0.0005395695916377,0.0008714034338481
Q9USP0_O13978,0.0031897,0.0031897,0.03361,0.17934119701385498,0.0004995960043743,0.0030936042312532
P79063_O74978,0.0035497,0.0035497,0.033806,0.2376926988363266,0.0212231837213039,0.2086763679981231
O14352_Q9P7P1,0.0097024,0.0097024,0.038665,0.4080727696418762,0.7713180184364319,0.0760960355401039
O74978_Q09150,0.003598,0.003598,0.038565,0.06026005744934082,0.2765344977378845,0.2161892056465149
O13816_P0CU09,0.0032538,0.0032538,0.034209,0.32297664880752563,0.0328037552535533,0.4588336646556854
Q09763_Q9UTI8,0.004517,0.004517,0.033764,0.2197275310754776,0.0012864633463323,0.0014340666821226
O74895_O74774,0.0041768,0.0041768,0.044736,0.23992249369621277,0.9989872574806212,0.7700307965278625
P87312_Q9USP9,0.015037,0.015037,0.034357,0.025806594640016556,0.0222754813730716,0.1951522082090377
P87027_P78953,0.0039206,0.0039206,0.033484,0.18738986551761627,0.9978087544441224,0.2299315631389618
Q9Y7Z7_O13828,0.0032482,0.0032482,0.033638,0.3001755177974701,0.6161830425262451,0.0561928451061248
P09988_Q9P784,0.40715,0.40715,0.1212,0.152202308177948,0.9988223910331726,0.9207507967948914
O74986_Q03392,0.003792,0.003792,0.033694,0.37726980447769165,0.9792349934577942,0.0234334766864776
P79071_Q9USG6,0.0081871,0.0081871,0.04681,0.043279990553855896,0.9990384578704834,0.9919445514678956
O13889_P56286,0.0036327,0.0036327,0.033855,0.09382135421037674,0.0087979845702648,0.0385094135999679
O94326_O94534,0.0031969,0.0031969,0.043271,0.344994455575943,0.0108536286279559,0.4856356382369995
O13286_P36614,0.0062886,0.0062886,0.038056,0.04244837537407875,0.9965243935585022,0.5951957702636719
P50527_Q10353,0.0041737,0.0041737,0.03395,0.1738794595003128,0.0031628790311515,0.0359012708067894
P79063_Q03392,0.0035544,0.0035544,0.033641,0.4139171838760376,0.9987205266952516,0.0864702016115188
O42846_O94616,0.0034026,0.0034026,0.034569,0.7282376289367676,0.9990422129631042,0.9963359832763672
Q09906_Q11120,0.0095795,0.0095795,0.033536,0.7067702412605286,0.0018526130588725,0.0015586502850055
Q92366_Q10432,0.0038084,0.0038084,0.036867,0.5196390748023987,0.9982361793518066,0.0082465847954154
O13712_P87231,0.0039879,0.0039879,0.035498,0.1473318338394165,0.0011980775743722,0.3719399273395538
O14216_Q92358,0.003169,0.003169,0.033606,0.2942515015602112,0.0306277237832546,0.0291961897164583
O94609_P46595,0.0065816,0.0065816,0.047306,0.20091775059700012,0.9988136291503906,0.1708066314458847
O94547_Q10218,0.0037124,0.0037124,0.034135,0.11423538625240326,0.9987155199050904,0.3114652037620544
Q09916_O94326,0.0034098,0.0034098,0.034752,0.4231319725513458,0.9989842772483826,0.8472098112106323
P87159_P28748,0.0033139,0.0033139,0.033697,0.2466937005519867,0.0042188982479274,0.0147191500291228
Q9UUJ1_O14129,0.0033916,0.0033916,0.033806,0.08720290660858154,0.0070280553773045,0.0031031214166432
O74790_P87074,0.0034294,0.0034294,0.033505,0.11225485801696777,0.0294573549181222,0.1837355345487594
Q92372_P36614,0.0032943,0.0032943,0.034394,0.11720796674489975,0.9990575909614564,0.0040476927533745
O42661_O14459,0.011763,0.011763,0.04338,0.37295106053352356,0.999040186405182,0.7257429957389832
P79063_P32390,0.0033657,0.0033657,0.033515,0.22075818479061127,0.9979178309440612,0.098986767232418
Q96TL7_O94268,0.0034207,0.0034207,0.044498,0.21370285749435425,0.998915672302246,0.4469059109687805
P32434_Q09808,0.0032454,0.0032454,0.033766,0.16856622695922852,0.1500857472419738,0.7537356019020081
Q7LL14_P40984,0.0049824,0.0049824,0.25205,0.42547157406806946,0.0069769048132002,0.0048235603608191
O59836_O94542,0.0034064,0.0034064,0.034773,0.20071381330490112,0.5422691106796265,0.5718793869018555
P87306_O14170,0.0033683,0.0033683,0.041616,0.6315167546272278,0.9646044969558716,0.5258892178535461
P10989_P26306,0.0032041,0.0032041,0.03403,0.05096720904111862,0.0109520126134157,0.0044640782289206
O94752_Q10366,0.003318,0.003318,0.034292,0.16382844746112823,0.0006715251947753,0.011643529869616
Q9HFE5_O13688,0.0033527,0.0033527,0.034108,0.1817796230316162,0.0151152033358812,0.0049750390462577
O74175_P36585,0.083133,0.083133,0.082028,0.5254848003387451,0.998640239238739,0.9878301024436952
P78946_O42954,0.0091749,0.0091749,0.034474,0.018345845863223076,0.0256179422140121,0.0049658580683171
P0CH07_P0CG72,0.57763,0.57763,0.9057,0.13008014857769012,0.0051275393925607,0.0465287417173385
O14079_Q09685,0.015299,0.015299,0.034576,0.2863755524158478,0.9989111423492432,0.7985044717788696
O94408_O74966,0.1225,0.1225,0.76617,0.008665205910801888,0.9991081357002258,0.9971287846565248
P40384_Q9P7G0,0.003166,0.003166,0.033644,0.09074943512678146,0.998990833759308,0.0322120524942874
O14417_Q9P7G0,0.0032822,0.0032822,0.033595,0.20745809376239777,0.9990376234054564,0.0145653001964092
P78794_O74446,0.0034622,0.0034622,0.033581,0.12320907413959503,0.0049440106377005,0.0196248907595872
Q4PIR3_P10651,0.0033014,0.0033014,0.034557,0.22832903265953064,0.9990430474281312,0.0229162815958261
O59680_O74955,0.0031725,0.0031725,0.033584,0.3014920949935913,0.0076322532258927,0.0010305033065378
Q9UST6_Q10272,0.0033503,0.0033503,0.034262,0.028743544593453407,0.1208046600222587,0.2819720506668091
O94705_P08965,0.0032922,0.0032922,0.033487,0.11389194428920746,0.0025246008299291,0.0002920703554991
O13351_O13852,0.0032424,0.0032424,0.033655,0.1689528226852417,0.0266285426914691,0.0278991255909204
P87314_C6Y4D0,0.008148,0.008148,0.033617,0.48151546716690063,0.9989437460899352,0.0471954271197319
P40380_Q10429,0.0032938,0.0032938,0.03655,0.19873200356960297,0.9322335124015808,0.346582680940628
O74774_P87245,0.0039753,0.0039753,0.033977,0.0758340135216713,0.0029729329980909,0.0401324182748794
P87051_P78774,0.0040717,0.0040717,0.084667,0.5336828827857971,0.9986066222190856,0.0012518709991127
O59702_O14198,0.0032097,0.0032097,0.033578,0.6930980682373047,0.0051765465177595,0.0103685772046446
Q9US59_P87231,0.0034895,0.0034895,0.033876,0.38408371806144714,0.9389365911483764,0.017573919147253
Q1MTN3_O42954,0.0033494,0.0033494,0.034175,0.3579542636871338,0.9649137854576112,0.9720736742019652
P87324_O14388,0.0034877,0.0034877,0.033667,0.225447878241539,0.9983185529708862,0.1101692095398902
Q9Y7M4_Q9Y7Z7,0.0035113,0.0035113,0.034265,0.05296965688467026,0.0057473327033221,0.0023459196090698
O60150_P08092,0.0032044,0.0032044,0.03355,0.5310856699943542,0.9989773035049438,0.0690693631768226
Q9P7G0_O94556,0.015993,0.015993,0.033939,0.011472051963210106,0.9989442229270936,0.9862035512924194
O13852_O14021,0.0031598,0.0031598,0.034649,0.23919858038425446,0.0136715080589056,0.011058697476983
Q92358_Q9US52,0.0031471,0.0031471,0.034019,0.4104328155517578,0.1425854861736297,0.3534897565841675
P36613_P41887,0.003186,0.003186,0.033746,0.2028375118970871,0.969180941581726,0.0041758343577384
O94687_Q9UUC1,0.023984,0.023984,0.048165,0.4199751019477844,0.0536267235875129,0.0299665201455354
Q9HFE5_Q10429,0.003248,0.003248,0.033938,0.7050167322158813,0.025687014684081,0.005832421593368
O74511_Q9C0Z9,0.0031753,0.0031753,0.033844,0.12580636143684387,0.0391254909336566,0.004996508359909
O94658_Q9UTB6,0.0048856,0.0048856,0.034498,0.15150029957294464,0.0445817448198795,0.0677370950579643
O43080_Q9UTE6,0.0034137,0.0034137,0.03362,0.06254186481237411,0.0190898366272449,0.0125838462263345
O60016_O60129,0.0034693,0.0034693,0.034688,0.016758417710661888,0.9988551139831544,0.896169126033783
O60158_O42932,0.307,0.307,0.038057,0.0019208183512091637,0.0022095018066465,0.1204393431544303
O74311_Q09685,0.0031383,0.0031383,0.033797,0.19919267296791077,0.9440526366233826,0.1674555242061615
Q7LL14_Q9Y7M4,0.012034,0.012034,0.13133,0.12205202132463455,0.0055791791528463,0.005789469461888
P33886_P79010,0.0041727,0.0041727,0.033546,0.06253134459257126,0.008630552329123,0.0010830541141331
O13852_P50582,0.0056519,0.0056519,0.033808,0.7090262174606323,0.0298066865652799,0.4266407489776611
P36617_P30261,0.003604,0.003604,0.034558,0.008070616982877254,0.9990369081497192,0.968916952610016
P78789_O13615,0.0032392,0.0032392,0.034533,0.05488938093185425,0.0241699032485485,0.4550668597221374
P78761_O74955,0.0034986,0.0034986,0.03352,0.35530292987823486,0.001650593127124,0.0056150020100176
O74825_P10506,0.00362,0.00362,0.033554,0.6156622171401978,0.0015832568751648,0.0076937428675591
Q6BDR8_P05501,0.0032031,0.0032031,0.033534,0.07590483874082565,0.0006173009751364,0.0003971850674133
P87126_P87312,0.0045293,0.0045293,0.034995,0.13787224888801575,0.9967558979988098,0.5180681943893433
Q9UTB6_P87169,0.15487,0.15487,0.033621,0.7596364617347717,0.8071576356887817,0.501209557056427
O14097_Q09823,0.004712,0.004712,0.03918,0.016665775328874588,0.0311186499893665,0.8563055396080017
P34208_P87074,0.0033748,0.0033748,0.033898,0.40988731384277344,0.9988356232643129,0.7848047614097595
O42995_Q09772,0.0049767,0.0049767,0.037143,0.14751727879047394,0.0328735411167144,0.0990688577294349
Q9P7W4_Q9URY2,0.00325,0.00325,0.033568,0.1641409993171692,0.0392164178192615,0.2971454262733459
P50524_O74774,0.0033509,0.0033509,0.034021,0.0921710953116417,0.999088168144226,0.4215860962867737
O74533_O94326,0.0032172,0.0032172,0.034107,0.29235002398490906,0.9989258646965028,0.1227201893925666
Q92462_Q10099,0.0034735,0.0034735,0.045492,0.5890660285949707,0.0051325573585927,0.0082992166280746
Q9UTS6_P41889,0.003343,0.003343,0.033608,0.013933672569692135,0.0021670442074537,0.0417989268898963
Q09914_O94268,0.0036013,0.0036013,0.038289,0.3487086296081543,0.0024625663645565,0.000927053624764
P87310_Q9Y7N2,0.0046039,0.0046039,0.0357,0.11027906090021133,0.9990928173065186,0.2934211194515228
P10989_O42846,0.0031785,0.0031785,0.040346,0.010320460423827171,0.0060680215246975,0.0082225231453776
P0CH07_Q9HE05,0.0076275,0.0076275,0.37829,0.2800169885158539,0.9989663362503052,0.6382173299789429
Q9UTP0_O13964,0.0032156,0.0032156,0.035358,0.15377125144004822,0.0390448309481143,0.3707014322280884
Q9UTB6_P21135,0.0033013,0.0033013,0.034272,0.2702605724334717,0.5111537575721741,0.7737287878990173
P36595_Q9UUB5,0.0045539,0.0045539,0.034468,0.261941522359848,0.9990732669830322,0.3804618716239929
Q53EK2_Q09906,0.0031759,0.0031759,0.033478,0.29600414633750916,0.007484016008675,0.0045759161002933
O94244_P78789,0.0037617,0.0037617,0.036714,0.8329612612724304,0.0028229590971022,0.9179160594940186
O74978_O42661,0.035874,0.035874,0.073498,0.3842218816280365,0.9990379810333252,0.881740391254425
P87238_P87050,0.0035387,0.0035387,0.03365,0.2645951807498932,0.1760586202144622,0.193265363574028
P36582_O94542,0.0033623,0.0033623,0.034346,0.2512286603450775,0.012905484996736,0.0749678537249565
Q11120_P14575,0.004877,0.004877,0.03353,0.014130097813904285,0.0010881491471081,0.002105287509039
Q09698_Q09819,0.0043201,0.0043201,0.11788,0.2421538084745407,0.9988263249397278,0.993927836418152
Q9P7B8_Q9UTK6,0.0032519,0.0032519,0.034279,0.003021304029971361,0.0529150143265724,0.5005209445953369
O74985_Q01112,0.0033377,0.0033377,0.035234,0.2663860023021698,0.0103188818320631,0.0025200238451361
P0CT70_O74983,0.0056978,0.0056978,0.033663,0.1523074060678482,0.0171363782137632,0.0012973413104191
O94752_O14269,0.0050234,0.0050234,0.033632,0.13352829217910767,0.0031401121523231,0.0501721613109111
P32586_A6X980,0.0032253,0.0032253,0.033824,0.0064039090648293495,0.0021351540926843,0.1986436992883682
O59945_Q874R3,0.0035305,0.0035305,0.033705,0.2742599546909332,0.0044624679721891,0.0147975962609052
Q10192_O60104,0.0036626,0.0036626,0.036175,0.22757382690906525,0.9990768432617188,0.4799867868423462
Q09892_Q9UTB6,0.0065701,0.0065701,0.033749,0.11560764163732529,0.0020628729835152,0.0609027184545993
O60129_Q92462,0.0035967,0.0035967,0.036057,0.10359502583742142,0.0070336582139134,0.0623313300311565
P41889_P40381,0.004167,0.004167,0.034824,0.05937612056732178,0.998910427093506,0.0153879318386316
Q09898_Q10316,0.0043367,0.0043367,0.033614,0.41515234112739563,0.0195180121809244,0.2820673286914825
O13615_P10815,0.0032219,0.0032219,0.03538,0.1785961091518402,0.0304892696440219,0.3822652995586395
P40371_O13790,0.0035733,0.0035733,0.033627,0.4115781784057617,0.0014189300127327,0.0044757528230547
O14269_Q12126,0.0040422,0.0040422,0.034096,0.701255202293396,0.9318660497665404,0.7709468603134155
P10651_P78761,0.0043305,0.0043305,0.033606,0.23097588121891022,0.9837450981140136,0.0085943788290023
P0C5Y7_Q07538,0.0060571,0.0060571,0.036851,0.005005995277315378,0.9984773993492126,0.008469178341329
Q09685_P08090,0.0038102,0.0038102,0.034257,0.029426710680127144,0.0442993268370628,0.3969736397266388
Q10163_O14079,0.0052614,0.0052614,0.033673,0.17079170048236847,0.9988076686859132,0.009729684330523
Q9USU3_Q9USP0,0.0035108,0.0035108,0.033653,0.8093564510345459,0.0033852336928248,0.0163089018315076
P50582_Q9P7X1,0.0035287,0.0035287,0.033527,0.224145770072937,0.0025327287148684,0.0085175829008221
O94658_O13685,0.013347,0.013347,0.033447,0.101443812251091,0.0284055862575769,0.0032626774627715
Q10103_P0CG72,0.0083412,0.0083412,0.034154,0.21736033260822296,0.0262237377464771,0.023254794999957
O74718_O13916,0.0037289,0.0037289,0.040314,0.0713629275560379,0.0368636101484298,0.0783145651221275
Q09892_Q9HFE5,0.0037128,0.0037128,0.033516,0.006264868658035994,0.0154766757041215,0.0156614370644092
Q10316_Q10353,0.0038669,0.0038669,0.033746,0.18104727566242218,0.9985536932945251,0.2504260241985321
O74904_O59836,0.0041554,0.0041554,0.034135,0.3803132474422455,0.0158212352544069,0.002195353154093
Q09330_P10989,0.0032476,0.0032476,0.037464,0.48134759068489075,0.9985259175300598,0.0080665526911616
Q9P7W4_O74518,0.0031887,0.0031887,0.033648,0.34067460894584656,0.016819804906845,0.1604784876108169
P10506_P54789,0.0055287,0.0055287,0.034,0.4013356566429138,0.0156076150014996,0.4047838747501373
Q9UT46_O14269,0.0068034,0.0068034,0.033797,0.4227147102355957,0.0370946303009986,0.976572573184967
O60164_O74399,0.0048529,0.0048529,0.045046,0.6208302974700928,0.9989323019981384,0.9938564896583556
O74895_Q9UTI8,0.54054,0.54054,0.37921,0.01870776154100895,0.9988951086997986,0.9949092268943788
P12000_P50524,0.0032181,0.0032181,0.033709,0.16400384902954102,0.8764541745185852,0.4132860898971557
O14129_O94408,0.0037045,0.0037045,0.033568,0.6767451763153076,0.0066062957048416,0.0604125894606113
Q09898_O42975,0.071647,0.071647,0.033802,0.15175622701644897,0.0506600067019462,0.0148347364738583
O13370_O14352,0.089276,0.089276,0.039082,0.3905000388622284,0.999004065990448,0.5399507880210876
O43114_P87173,0.0033412,0.0033412,0.033534,0.16858185827732086,0.0010483782971277,0.1578811109066009
Q96WW3_P40377,0.0064472,0.0064472,0.037965,0.029939448460936546,0.9982503056526184,0.8515681624412537
Q10316_Q92352,0.00339,0.00339,0.0354,0.3079373836517334,0.999057114124298,0.1514073014259338
P36595_Q9USV3,0.0031671,0.0031671,0.033649,0.27126726508140564,0.999096155166626,0.0221248194575309
O74309_Q9UTP0,0.0032744,0.0032744,0.040923,0.251700758934021,0.9450535178184508,0.4142182171344757
Q09822_Q07538,0.0038638,0.0038638,0.034207,0.23841993510723114,0.0344856604933738,0.8574631214141846
Q10322_P87159,0.003329,0.003329,0.034108,0.327362060546875,0.0472115948796272,0.7121133804321289
Q9P779_Q10163,0.003414,0.003414,0.033713,0.07301934063434601,0.0019106797408312,0.0015208596596494
O94321_O74518,0.00321,0.00321,0.033747,0.38945621252059937,0.0016888388199731,0.0463221818208694
Q09824_O74983,0.010669,0.010669,0.033682,0.25982293486595154,0.0063818381167948,0.0751187205314636
P33886_Q9USX3,0.0039139,0.0039139,0.035102,0.020746402442455292,0.9989768266677856,0.4422342479228973
O74825_P87050,0.0032852,0.0032852,0.033809,0.27225950360298157,0.003689955919981,0.0194406565278768
O42978_P56288,0.0035418,0.0035418,0.033746,0.43067073822021484,0.0070491479709744,0.0112429223954677
A6X980_O14229,0.0032862,0.0032862,0.034781,0.2418622225522995,0.9990424513816832,0.9729644060134888
O14097_P40381,0.016162,0.016162,0.041189,0.37407734990119934,0.998537540435791,0.2575008869171142
Q9P779_P79063,0.0032009,0.0032009,0.033621,0.11827346682548523,0.0142170777544379,0.0030402592383325
O94423_Q9P782,0.0032851,0.0032851,0.033804,0.06788880378007889,0.0201945919543504,0.0614446885883808
O74399_O94658,0.0073899,0.0073899,0.036328,0.47491198778152466,0.998948872089386,0.990747570991516
O94450_Q9USP0,0.0034715,0.0034715,0.033661,0.3434087634086609,0.0028493702411651,0.2565865814685821
P36616_Q09916,0.0055583,0.0055583,0.034894,0.41898486018180847,0.998985469341278,0.3431627452373504
O94603_P87323,0.0032752,0.0032752,0.034014,0.3684391677379608,0.0108690978959202,0.9745424389839172
O94476_O60052,0.0031333,0.0031333,0.033549,0.20714625716209412,0.005715581588447,0.0039658136665821
O94581_P40997,0.0035931,0.0035931,0.033851,0.00720343878492713,0.0017835345352068,0.0018919799476861
O14399_Q9UT86,0.51115,0.51115,0.89601,0.6923174262046814,0.9987803101539612,0.1988061517477035
O13852_O42954,0.0031991,0.0031991,0.033851,0.43714436888694763,0.0092605547979474,0.6464976072311401
Q9UT86_P36585,0.02911,0.02911,0.044915,0.16696196794509888,0.0180148724466562,0.0026174406521022
O74471_O94581,0.04735,0.04735,0.12345,0.4631797671318054,0.9989159107208252,0.8577291369438171
P40235_Q9US45,0.0039206,0.0039206,0.036469,0.1328524649143219,0.0074012796394526,0.0248193815350532
P32586_P41887,0.0033235,0.0033235,0.033726,0.29712310433387756,0.0050184419378638,0.0065276585519313
O74796_Q1MTQ9,0.0031606,0.0031606,0.033789,0.2739907503128052,0.9958957433700562,0.0592290610074996
Q9UTA4_O74988,0.0033344,0.0033344,0.033538,0.1460285484790802,0.9990155696868896,0.003677271772176
O14170_Q9P3B2,0.0033555,0.0033555,0.033487,0.05316351354122162,0.0071654985658824,0.001807119580917
Q11120_O74555,0.0034033,0.0034033,0.033872,0.26619288325309753,0.0061697461642324,0.0382522009313106
P36617_Q09882,0.003361,0.003361,0.033858,0.02376583032310009,0.963473916053772,0.1943503469228744
O74771_O74958,0.0031622,0.0031622,0.033674,0.12290966510772705,0.0198258254677057,0.2499964535236358
O42832_O94658,0.085382,0.085382,0.051727,0.06318723410367966,0.99884831905365,0.9955803751945496
O74398_Q09150,0.0033418,0.0033418,0.034343,0.4435395300388336,0.9987472295761108,0.1486506760120391
P87245_Q09825,0.0037473,0.0037473,0.034307,0.2521149516105652,0.0059290057979524,0.4719060063362121
P33520_O13758,0.0035015,0.0035015,0.034192,0.7501394152641296,0.004400294739753,0.8499557971954346
Q9Y7L8_Q9UTB6,0.0031847,0.0031847,0.033893,0.44811007380485535,0.0019446162041276,0.0484866201877594
P78946_P56523,0.0033577,0.0033577,0.033546,0.21544982492923737,0.0027369367890059,0.0142398783937096
Q9P7W4_Q9UTR8,0.0032319,0.0032319,0.041596,0.10016029328107834,0.9406722784042358,0.8165826797485352
O43070_Q09717,0.0035527,0.0035527,0.033758,0.4814196228981018,0.0925430357456207,0.0762810409069061
P78946_P46595,0.0082629,0.0082629,0.033775,0.5757434368133545,0.0122854253277182,0.0009189751581288
Q9UUI1_P79065,0.0032705,0.0032705,0.034122,0.4871402680873871,0.0168147422373294,0.0037515228614211
O59767_O60150,0.0033971,0.0033971,0.033747,0.17114004492759705,0.0027373649645596,0.023820549249649
Q9UT52_P32434,0.0039298,0.0039298,0.03442,0.37342989444732666,0.0183096788823604,0.0102989114820957
Q9UU79_O43120,0.018267,0.018267,0.044785,0.11873339116573334,0.999045193195343,0.5571942329406738
P10651_Q10103,0.0082244,0.0082244,0.04348,0.4650098383426666,0.9989263415336608,0.0637701600790023
Q09824_O94423,0.003289,0.003289,0.036847,0.17709241807460785,0.0461184382438659,0.7334836721420288
P27584_P36629,0.0033289,0.0033289,0.033728,0.009196951985359192,0.0020401699002832,0.0043812985531985
O74471_Q9Y7L8,0.0041027,0.0041027,0.033599,0.27198734879493713,0.998806357383728,0.0055468627251684
P36582_Q09914,0.0036868,0.0036868,0.038096,0.004676890093833208,0.9988113641738892,0.9577117562294006
O94476_P26306,0.0037116,0.0037116,0.033788,0.6854717135429382,0.0068192416802048,0.241026297211647
P36592_O60164,0.0037604,0.0037604,0.034386,0.1495877206325531,0.9990217685699464,0.3735201954841614
O00102_O74555,0.019802,0.019802,0.036405,0.665292501449585,0.024429777637124,0.0062023913487792
O74771_O59767,0.0047958,0.0047958,0.033813,0.14714664220809937,0.0063965735025703,0.1125402003526687
P79005_P56287,0.003738,0.003738,0.033861,0.14565670490264893,0.0198827628046274,0.0121365599334239
Q9Y7Z7_P05764,0.0035625,0.0035625,0.033599,0.23683445155620575,0.1016254946589469,0.0004195643123239
Q10192_O14246,0.0080009,0.0080009,0.034283,0.31925392150878906,0.9985264539718628,0.0060164998285472
O74796_O74771,0.0032914,0.0032914,0.033547,0.44683000445365906,0.01377216540277,0.0486056841909885
P28748_O94288,0.0041775,0.0041775,0.033685,0.10082350671291351,0.0183408204466104,0.0151820117607712
Q9USU3_Q7LL14,0.0032499,0.0032499,0.034442,0.41766053438186646,0.0048921443521976,0.0202629826962947
O59755_Q09892,0.0043091,0.0043091,0.034495,0.5294862389564514,0.9970075488090516,0.0410931259393692
O13988_P79010,0.0041457,0.0041457,0.033995,0.15192534029483795,0.0046751438640058,0.0011565081076696
P05767_Q09824,0.016306,0.016306,0.057444,0.17641158401966095,0.0065031698904931,0.0173338912427425
P41005_Q9P4W1,0.0044329,0.0044329,0.033516,0.2689100205898285,0.0041387546807527,0.0008007490541785
Q10477_P36582,0.01767,0.01767,0.03465,0.5058544874191284,0.0012296113418415,0.0182514656335115
P01129_O14241,0.0032772,0.0032772,0.033684,0.06817276775836945,0.0077339536510407,0.0946751907467842
Q53EK2_P54789,0.0032928,0.0032928,0.033685,0.08601370453834534,0.0020022231619805,0.0444609746336936
O00102_P78946,0.0092794,0.0092794,0.034094,0.10108272731304169,0.013469542376697,0.0015858525875955
O14339_O14097,0.0063228,0.0063228,0.037186,0.3608734905719757,0.9988855719566344,0.0104458993300795
O59703_O74465,0.0035429,0.0035429,0.033682,0.03226380795240402,0.0062101087532937,0.0496996864676475
O74399_P36613,0.0032268,0.0032268,0.03404,0.3202487826347351,0.9988815188407898,0.0908111855387687
O74311_P07657,0.0044013,0.0044013,0.03366,0.16947706043720245,0.0006455508409999,0.0021600062027573
O94534_P78929,0.0099779,0.0099779,0.040306,0.035056717693805695,0.9975154399871826,0.2672334909439087
Q09127_O60158,0.0035687,0.0035687,0.035205,0.21607637405395508,0.9966015815734864,0.0389496572315692
O14216_O74558,0.003184,0.003184,0.033726,0.02109236642718315,0.0025853822007775,0.0498567782342433
P41889_O74360,0.00528,0.00528,0.033621,0.13719920814037323,0.0061183115467429,0.8058443665504456
O13790_O13672,0.0032551,0.0032551,0.033909,0.6555392742156982,0.0010472448775544,0.0127577586099505
O42661_O74985,0.0064336,0.0064336,0.033505,0.29971832036972046,0.9990049004554749,0.0826580747961998
Q9P6M0_O14343,0.0032793,0.0032793,0.040864,0.8093678951263428,0.0041078901849687,0.0599423721432685
O13310_Q09760,0.026109,0.026109,0.033629,0.4316694438457489,0.0033786881249397,0.0442022457718849
P37382_Q9P7T4,0.003396,0.003396,0.033889,0.07024539262056351,0.9989157915115356,0.4202398657798767
Q09760_Q9USM8,0.0032376,0.0032376,0.033974,0.22751064598560333,0.0245785675942897,0.6140397787094116
O74985_P36601,0.0037074,0.0037074,0.033797,0.053277384489774704,0.0096307732164859,0.0082545364275574
O74399_G2TRP5,0.0034681,0.0034681,0.033636,0.15510810911655426,0.0104141905903816,0.0053523234091699
Q92372_O42661,0.0048328,0.0048328,0.033865,0.7914879322052002,0.9990537762641908,0.1452306509017944
O60187_Q10218,0.022813,0.022813,0.034073,0.06928902864456177,0.9987063407897948,0.8970947265625
P28829_P34208,0.021987,0.021987,0.19761,0.6909170150756836,0.090448260307312,0.9608469605445862
O14246_Q09772,0.0034056,0.0034056,0.034418,0.4890245497226715,0.9977434873580932,0.9903566241264344
P0CF96_Q09824,0.0031577,0.0031577,0.033772,0.10687362402677536,0.1192040145397186,0.0190519243478775
O14388_O74398,0.010002,0.010002,0.034159,0.2927806079387665,0.0020409447606652,0.0102379377931356
P32586_P04910,0.0044345,0.0044345,0.034227,0.5257415771484375,0.0030077768024057,0.0016322698211297
Q10432_Q9UT46,0.003783,0.003783,0.035533,0.2391243875026703,0.0031437175348401,0.9254662990570068
O74175_P07334,0.0039125,0.0039125,0.033618,0.03681290149688721,0.6047517657279968,0.0054825544357299
O59702_Q9USX8,0.0035835,0.0035835,0.033685,0.15399961173534393,0.0037196036428213,0.0213555600494146
O94244_Q09176,0.0039903,0.0039903,0.035496,0.1422215700149536,0.9985656142234802,0.1333712190389633
O13816_Q9P802,0.0035635,0.0035635,0.033548,0.8093215227127075,0.9979507327079772,0.1219670102000236
Q12701_O94707,0.0050139,0.0050139,0.035289,0.16960279643535614,0.9890079498291016,0.9751747250556946
Q9P7T4_Q01112,0.0031191,0.0031191,0.033517,0.14585287868976593,0.0231027118861675,0.0037155803292989
Q9USV1_O94722,0.0099429,0.0099429,0.033683,0.22242437303066254,0.000464669719804,0.0007625994039699
O94646_Q9UT86,0.0033751,0.0033751,0.033624,0.2284148931503296,0.9990720748901368,0.0015639219200238
Q9Y7M4_Q09191,0.0048508,0.0048508,0.053435,0.19336165487766266,0.0017404293175786,0.0160759184509515
O60187_O13339,0.003526,0.003526,0.035184,0.20479558408260345,0.541481614112854,0.0284483525902032
O13685_O13877,0.006929,0.006929,0.070474,0.33592626452445984,0.983429789543152,0.0006676000193692
Q9P7X1_Q96WW3,0.0039802,0.0039802,0.033634,0.3630409240722656,0.99833881855011,0.1458139568567276
Q9Y821_O13889,0.0041234,0.0041234,0.033939,0.19476312398910522,0.0200121887028217,0.1465485990047454
P25457_Q9URY2,0.0036407,0.0036407,0.03355,0.13184639811515808,0.0020205113105475,0.0243479721248149
Q9URY0_O94705,0.0033879,0.0033879,0.033579,0.18340791761875153,0.0017320233164355,0.0010360754095017
O74560_O60187,0.0035318,0.0035318,0.035055,0.43342727422714233,0.9961628913879396,0.9784440398216248
Q9UUJ1_O74983,0.003319,0.003319,0.049912,0.6838499307632446,0.0092495810240507,0.0026945830322802
P39964_Q09882,0.0046183,0.0046183,0.039112,0.05211516097187996,0.9988471269607544,0.9948858618736268
O14064_Q9UUI1,0.0032177,0.0032177,0.033892,0.2995980978012085,0.9989460110664368,0.0262138657271862
P04551_P0CT60,0.0076722,0.0076722,0.93481,0.6769586801528931,0.0096133332699537,0.0038282480090856
Q09191_Q9UST6,0.0031762,0.0031762,0.033936,0.3339933753013611,0.0050235516391694,0.0603491216897964
O13836_Q9P7V3,0.0036562,0.0036562,0.033954,0.29054298996925354,0.0013060028431937,0.0040157381445169
P10651_Q9UTE6,0.76959,0.76959,0.16402,0.3937544524669647,0.99775630235672,0.9705543518066406
O13782_Q9Y818,0.0034899,0.0034899,0.033508,0.3738526701927185,0.003090082667768,0.0029009652789682
O74536_O13978,0.0031579,0.0031579,0.033534,0.1454925537109375,0.0425094105303287,0.0394083708524704
P29458_P56286,0.0035412,0.0035412,0.034017,0.6052244305610657,0.0063636186532676,0.424444705247879
P87306_Q96WV9,0.0033452,0.0033452,0.036985,0.22730891406536102,0.0467129200696945,0.392498642206192
P87050_Q9Y7N2,0.0032873,0.0032873,0.034252,0.33107325434684753,0.9985752105712892,0.3917904198169708
P05767_O13685,0.036541,0.036541,0.034244,0.23987965285778046,0.0164687763899564,0.0061691524460911
O94707_O60164,0.0036284,0.0036284,0.03537,0.6310074329376221,0.9976364374160768,0.9140198230743408
P78794_O13936,0.0065336,0.0065336,0.037785,0.10442450642585754,0.9987247586250304,0.95301353931427
O94717_Q10056,0.0034483,0.0034483,0.034151,0.033707328140735626,0.0090673603117465,0.981896996498108
P0CH07_Q09142,0.0052224,0.0052224,0.034254,0.20834499597549438,0.0077998675405979,0.0531694553792476
Q96TL7_Q9US52,0.0031474,0.0031474,0.033587,0.19034351408481598,0.0253285691142082,0.5095500349998474
O14350_O13988,0.0033285,0.0033285,0.040725,0.032587580382823944,0.9990776777267456,0.0276512131094932
O94752_Q9Y818,0.0060876,0.0060876,0.033581,0.2322881817817688,0.0017644865438342,0.0014924578135833
Q0E7J7_O14388,0.0074315,0.0074315,0.080109,0.007315326016396284,0.014575838111341,0.0137160727754235
P10506_P08965,0.0057126,0.0057126,0.034214,0.1416119486093521,0.0212361551821231,0.9748668074607848
Q10585_O60052,0.0037566,0.0037566,0.033512,0.17962519824504852,0.0056809782981872,0.0575407482683658
O14122_O43080,0.0032011,0.0032011,0.033533,0.6307095289230347,0.0011607363121584,0.0049948375672101
Q09683_O94268,0.003409,0.003409,0.037494,0.2116154283285141,0.9988771080970764,0.9474771022796632
Q9P7Q8_O75001,0.0052238,0.0052238,0.034932,0.6409173011779785,0.0030066992621868,0.0046968250535428
Q9P7Y4_P33886,0.004004,0.004004,0.033581,0.7988362312316895,0.0101729799062013,0.2840401530265808
Q10113_Q9P7X1,0.003543,0.003543,0.033798,0.11422628164291382,0.0010257565882056,0.0028587284032255
P39964_P87312,0.0035765,0.0035765,0.034893,0.1303505003452301,0.9988399147987366,0.9857730269432068
O13916_P41889,0.0031775,0.0031775,0.033668,0.5163531303405762,0.020441060885787,0.0365828573703765
O59751_P07657,0.0074801,0.0074801,0.033547,0.40623190999031067,0.001282712095417,0.0005881951656192
O74309_O74986,0.0033716,0.0033716,0.036142,0.20386379957199097,0.1443092375993728,0.8335128426551819
P36613_Q9P7R9,0.0042932,0.0042932,0.033635,0.12881559133529663,0.9987913966178894,0.1851216405630111
O74983_Q10134,0.014486,0.014486,0.039104,0.12597717344760895,0.0529253035783767,0.0088488599285483
Q9Y7J4_O42634,0.0032268,0.0032268,0.033503,0.6014026403427124,0.012371783144772,0.0273869726806879
Q9URY2_O94620,0.0032648,0.0032648,0.033765,0.27331528067588806,0.0098140379413962,0.0292317178100347
O94534_P0CT70,0.0044929,0.0044929,0.041078,0.08645274490118027,0.0096052465960383,0.0064974417909979
P87159_Q9UT46,0.0044203,0.0044203,0.034693,0.10265728831291199,0.0796526670455932,0.9833984375
O14198_O94646,0.0037254,0.0037254,0.034766,0.1471588909626007,0.9990174770355223,0.971442937850952
O14180_O94534,0.0032111,0.0032111,0.036892,0.0029405078385025263,0.022470586001873,0.3594236671924591
Q9Y794_Q10429,0.0035391,0.0035391,0.038691,0.21932969987392426,0.9985926747322084,0.9620497226715088
Q09822_Q92366,0.0060087,0.0060087,0.034528,0.372707337141037,0.0239143874496221,0.0293207950890064
O42975_Q10429,0.043309,0.043309,0.037044,0.6202293038368225,0.0058814589865505,0.9176592826843262
Q9UUE5_Q9Y7Z7,0.0032029,0.0032029,0.033668,0.271492063999176,0.4089989960193634,0.4753010869026184
O74904_Q9Y7Z1,0.10359,0.10359,0.076895,0.4115954339504242,0.9987205862998962,0.9942033886909484
Q09825_O94658,0.0044241,0.0044241,0.034231,0.3010435402393341,0.0056688971817493,0.0024464037269353
P01129_P33520,0.0074452,0.0074452,0.034449,0.29782116413116455,0.9989075660705566,0.9914445281028748
O14021_P87310,0.0033202,0.0033202,0.033691,0.453351229429245,0.1523297578096389,0.0067460373975336
O14241_O94547,0.0032767,0.0032767,0.033646,0.1756596565246582,0.026340115815401,0.2278647720813751
P50530_O74555,0.0034569,0.0034569,0.035084,0.2465181052684784,0.0155375786125659,0.091888278722763
P05733_P78761,0.0043605,0.0043605,0.033565,0.33114323019981384,0.8599024415016174,0.1268190443515777
Q9UTE6_Q09760,0.003189,0.003189,0.035145,0.3959347605705261,0.0047942292876541,0.0024085543118417
Q9UTK6_Q10282,0.0032562,0.0032562,0.047904,0.35354918241500854,0.0489416942000389,0.0911423042416572
Q9P7M3_Q9UST6,0.0031605,0.0031605,0.033882,0.8107917308807373,0.9989750385284424,0.6145778894424438
O14170_Q09858,0.0035218,0.0035218,0.03382,0.050447314977645874,0.0879101380705833,0.0389248952269554
P32434_O74957,0.0032971,0.0032971,0.033647,0.37282535433769226,0.0021717294584959,0.0028958250768482
P40996_O60158,0.0036511,0.0036511,0.033774,0.5493043661117554,0.0024873304646462,0.166493147611618
P36617_P21135,0.0037154,0.0037154,0.034654,0.008753332309424877,0.9990347623825072,0.7773080468177795
P10506_O74398,0.0052618,0.0052618,0.034891,0.009202267043292522,0.9989458918571472,0.9226017594337464
O14235_Q09933,0.0032211,0.0032211,0.034984,0.34195831418037415,0.9959579110145568,0.0102011505514383
P40848_Q9UTI8,0.005283,0.005283,0.034677,0.392556756734848,0.992889165878296,0.0412353798747062
O14327_O14079,0.0041091,0.0041091,0.03376,0.10036083310842514,0.0107433283701539,0.0052801594138145
O75011_Q9P7A0,0.0040493,0.0040493,0.035363,0.19777743518352509,0.0092022456228733,0.6500682234764099
O59800_Q9UT46,0.0033321,0.0033321,0.034206,0.08293301612138748,0.0051034465432167,0.7540467381477356
Q1MTN3_Q9UT32,0.0038064,0.0038064,0.034827,0.05079569295048714,0.9985622763633728,0.163789764046669
O74446_Q9P805,0.0031844,0.0031844,0.033868,0.3548901379108429,0.0103809740394353,0.0025221512187272
Q9UUB7_O74560,0.0036407,0.0036407,0.033733,0.32549208402633667,0.9988225102424622,0.0710851326584816
P87245_O74895,0.0033503,0.0033503,0.033637,0.49381980299949646,0.0031677146907895,0.0042623267509043
Q03392_Q10585,0.003317,0.003317,0.03365,0.4405423402786255,0.2498762607574463,0.0610259547829628
P40235_Q9P7M1,0.0033938,0.0033938,0.039079,0.15366177260875702,0.0274814460426569,0.1826352626085281
O74978_Q9Y794,0.0069742,0.0069742,0.041012,0.09581590443849564,0.004298273473978,0.8847443461418152
P10506_P56286,0.004478,0.004478,0.035231,0.06901172548532486,0.0047793709672987,0.0475811213254928
P40996_Q02088,0.0033649,0.0033649,0.033755,0.14340385794639587,0.031845286488533,0.0112407868728041
P08092_P40848,0.0033308,0.0033308,0.033491,0.002320656320080161,0.0041710883378982,0.343136578798294
P29458_O74985,0.0081101,0.0081101,0.033548,0.210707426071167,0.0976023524999618,0.0103698065504431
Q9P7Q8_O94698,0.0033267,0.0033267,0.034745,0.6061073541641235,0.0108545338734984,0.068897508084774
P05501_P48009,0.0053924,0.0053924,0.033593,0.6547897458076477,0.0011095880763605,0.0003687715216074
Q7LL14_Q09892,0.060067,0.060067,0.035231,0.26223933696746826,0.9795901775360109,0.0029068551957607
O14327_P50528,0.0057433,0.0057433,0.034154,0.1783856600522995,0.0119645642116665,0.007711412385106
Q10056_O14180,0.0033233,0.0033233,0.033755,0.1101469099521637,0.0043012825772166,0.0054036825895309
P32586_O14339,0.0048934,0.0048934,0.033699,0.3250652551651001,0.0039237737655639,0.0092565882951021
Q9USP0_O74465,0.0033931,0.0033931,0.033633,0.16015003621578217,0.0051138186827301,0.0083958180621266
P34208_O94646,0.004582,0.004582,0.033974,0.38233840465545654,0.0191400945186615,0.0162159595638513
Q9US45_Q10218,0.0036747,0.0036747,0.033878,0.3460141122341156,0.0210715644061565,0.1667221933603286
Q9UUC1_P78794,0.015931,0.015931,0.036791,0.2411368191242218,0.9980362057685852,0.5740262269973755
P56286_P48009,0.0034813,0.0034813,0.033509,0.011944558471441269,0.0016525214305147,0.0034331833012402
Q09683_O74499,0.0039185,0.0039185,0.033678,0.01651923544704914,0.99908709526062,0.0386505834758281
P34208_P0CT77,0.003433,0.003433,0.034572,0.4911114573478699,0.0214454997330904,0.0034563045483082
O59702_O94326,0.0031789,0.0031789,0.033935,0.15791794657707214,0.9987877011299132,0.0199296362698078
O14318_P79063,0.0037961,0.0037961,0.033639,0.1536838859319687,0.0287953242659568,0.3640015423297882
O94658_Q9Y7Z1,0.083833,0.083833,0.10281,0.19840434193611145,0.9990276098251344,0.9952654838562012
Q09685_Q9UUI1,0.0034045,0.0034045,0.036151,0.14949136972427368,0.5064606666564941,0.0151809053495526
P36592_Q9USP0,0.0034505,0.0034505,0.033579,0.1592760980129242,0.9990718364715576,0.00799844507128
O13852_O14327,0.0031386,0.0031386,0.033776,0.3313741683959961,0.0012807155726477,0.004171070177108
P36616_Q09819,0.0036514,0.0036514,0.033941,0.49492672085762024,0.998830497264862,0.9514312148094176
P21534_P78774,0.0067731,0.0067731,0.033827,0.30915385484695435,0.0025127311237156,0.0032217232510447
Q9USV1_Q53EK2,0.0032383,0.0032383,0.033581,0.042125385254621506,0.0047529232688248,0.1274713575839996
O74983_P87176,0.050616,0.050616,0.044241,0.6225370168685913,0.9989439845085144,0.983777642250061
O74433_P78963,0.0039885,0.0039885,0.033532,0.7031256556510925,0.0009400512790307,0.0003686753625515
P87312_O14269,0.0031845,0.0031845,0.033649,0.3277132213115692,0.0093157803639769,0.9308868050575256
O74825_P39964,0.0033562,0.0033562,0.034204,0.006709587294608355,0.998923361301422,0.1671462953090667
P78761_Q9UUE5,0.0037639,0.0037639,0.033517,0.8270768523216248,0.0027196863666176,0.0072870007716119
Q02088_O13877,0.0031935,0.0031935,0.033458,0.1389402151107788,0.0026777337770909,0.0008815830224193
O60104_Q9Y7R3,0.0032008,0.0032008,0.035393,0.008070590905845165,0.9989880919456482,0.9791918992996216
O94542_P36617,0.0041653,0.0041653,0.034747,0.23778481781482697,0.8580963015556335,0.0913049429655075
P79005_O74854,0.0034957,0.0034957,0.037754,0.12424769252538681,0.0048221894539892,0.048513114452362
O36023_O60052,0.0034137,0.0034137,0.033507,0.18089443445205688,0.0013757272390648,0.0149523941799998
Q9UTI3_P08090,0.0031755,0.0031755,0.033577,0.05957121029496193,0.0130491694435477,0.4216413199901581
Q09154_Q9P7E0,0.077728,0.077728,0.11154,0.6689925789833069,0.9990333318710328,0.8883531093597412
Q12126_P36614,0.17323,0.17323,0.056124,0.1418539136648178,0.0504590272903442,0.2544350326061249
P79063_O14180,0.0034265,0.0034265,0.033924,0.03412172943353653,0.9990531802177428,0.1451586931943893
P40372_Q10282,0.0039269,0.0039269,0.036437,0.3460611402988434,0.0448266044259071,0.0757760405540466
Q9C107_Q10428,0.0040133,0.0040133,0.038267,0.005412117578089237,0.961735188961029,0.9673500061035156
P37382_P48011,0.0055273,0.0055273,0.033647,0.008595259860157967,0.9991084933280944,0.9687882661819458
P05767_O94620,0.040015,0.040015,0.050341,0.40396648645401,0.8683260679244995,0.8852356672286987
O74736_O14140,0.044764,0.044764,0.034726,0.41871753334999084,0.9990083575248718,0.0147719448432326
O42975_P21135,0.0032949,0.0032949,0.036605,0.19170136749744415,0.9987878203392028,0.8680950999259949
O14129_O74309,0.0032722,0.0032722,0.033633,0.4623103439807892,0.0164296645671129,0.0513254813849926
Q9UT86_P05733,0.012365,0.012365,0.45759,0.04383567348122597,0.0053805853240191,0.0054618716239929
O36027_O14246,0.0035932,0.0035932,0.033944,0.20964756608009338,0.2096634060144424,0.2932933568954468
Q9P7R9_Q09717,0.018545,0.018545,0.033887,0.041342392563819885,0.7354170680046082,0.0096457889303565
O74399_Q9US45,0.0034229,0.0034229,0.036354,0.1119084507226944,0.9982989430427552,0.104512333869934
P10506_Q09858,0.0065982,0.0065982,0.033616,0.13292184472084045,0.0025126226246356,0.0302463322877883
P13681_Q10322,0.010082,0.010082,0.05156,0.03561781346797943,0.9985264539718628,0.0175314713269472
P0CT68_O74966,0.030998,0.030998,0.13584,0.05750403180718422,0.024987556040287,0.271558552980423
O74558_O42667,0.0033205,0.0033205,0.033716,0.16145330667495728,0.0200160276144742,0.0185460168868303
P46595_O74184,0.34371,0.34371,0.1833,0.1428276151418686,0.012515939772129,0.0069002783857285
P87238_O74774,0.003546,0.003546,0.03518,0.2515764534473419,0.9697032570838928,0.0345876552164554
P79015_Q9USX8,0.0053892,0.0053892,0.037977,0.7329866886138916,0.3033523559570312,0.018430745229125
O43036_Q9HDY7,0.0033665,0.0033665,0.033659,0.12587708234786987,0.9987388253211976,0.0195858515799045
Q10173_P09322,0.0030913,0.0030913,0.0337,0.19226360321044922,0.9987447261810304,0.0050855688750743
P25457_Q10109,0.0035283,0.0035283,0.033531,0.30624106526374817,0.0049818935804069,0.0927724093198776
O13988_Q12701,0.0033849,0.0033849,0.033858,0.02760075032711029,0.9990350008010864,0.0118176909163594
P52890_Q09892,0.00402,0.00402,0.033976,0.00799174327403307,0.9987068176269532,0.0043665114790201
O13802_Q12126,0.0039021,0.0039021,0.033858,0.051138803362846375,0.312234103679657,0.0130303585901856
O94476_O14036,0.0033113,0.0033113,0.034107,0.0476749911904335,0.0020555828232318,0.0376044772565364
O42832_P0CH07,0.10952,0.10952,0.043887,0.782387912273407,0.0032548729795962,0.0048970635980367
Q10951_O13339,0.0037377,0.0037377,0.088111,0.10019276291131973,0.9987282156944276,0.3935127556324005
P40984_A6X980,0.0047139,0.0047139,0.034961,0.1848619431257248,0.2058740407228469,0.0073558157309889
Q92372_O74958,0.0041701,0.0041701,0.033894,0.4507110118865967,0.9990150928497314,0.5320022702217102
O94272_O74796,0.0089696,0.0089696,0.036561,0.3675977885723114,0.2586820721626282,0.0485420450568199
Q92372_Q9HE05,0.003201,0.003201,0.036498,0.44882214069366455,0.9989498257637024,0.1012692376971244
P78972_O43120,0.0041611,0.0041611,0.044644,0.2947169244289398,0.0392854735255241,0.0895458236336708
P87323_P40384,0.0032534,0.0032534,0.033548,0.13680145144462585,0.0019806590862572,0.1583719998598098
O74560_O14339,0.0035633,0.0035633,0.033958,0.19332368671894073,0.9842431545257568,0.0323945991694927
O42978_P79015,0.54246,0.54246,0.22803,0.5330784916877747,0.9990315437316896,0.0115512702614068
O74499_O14010,0.0032305,0.0032305,0.033867,0.3978332281112671,0.999075412750244,0.0454244874417781
O59790_Q1MTN3,0.0033845,0.0033845,0.033754,0.1052173599600792,0.9660901427268982,0.6683859825134277
Q10432_O74175,0.0031892,0.0031892,0.033917,0.5516586899757385,0.0073948125354945,0.0098404474556446
O14036_O94263,0.0033584,0.0033584,0.033605,0.536977231502533,0.0101923821493983,0.3738640248775482
O74772_Q9P7B8,0.0033373,0.0033373,0.041906,0.5409247875213623,0.0635915398597717,0.3254025280475616
P50528_P56288,0.0034921,0.0034921,0.033633,0.5255463719367981,0.0023727922234684,0.2619322836399078
O74558_Q10353,0.0033905,0.0033905,0.033632,0.09883423894643784,0.0050320290029048,0.0738156735897064
P87231_P05767,0.016198,0.016198,0.03546,0.6041349768638611,0.9732637405395508,0.0264301393181085
Q9USP0_Q10322,0.0032895,0.0032895,0.03372,0.3664954900741577,0.0007025381783023,0.0275882761925458
O94659_P40372,0.016122,0.016122,0.05521,0.37095364928245544,0.9985357522964478,0.7640105485916138
Q9Y7Z1_Q09116,0.0033084,0.0033084,0.033481,0.3776179850101471,0.0038424271624535,0.0030430760234594
O14459_O14417,0.0031297,0.0031297,0.033922,0.26149263978004456,0.8620705008506775,0.0147602772340178
Q92352_P33886,0.0032155,0.0032155,0.033558,0.3494204580783844,0.0053065037354826,0.5895208716392517
P87314_Q9P7W4,0.0032908,0.0032908,0.049288,0.306395947933197,0.9974959492683412,0.5779648423194885
O13826_Q09196,0.0032515,0.0032515,0.033519,0.4494031071662903,0.0036337242927402,0.001148106297478
P07527_O74175,0.0034752,0.0034752,0.033609,0.618846595287323,0.9983313679695128,0.1208056733012199
Q09154_Q10951,0.0058269,0.0058269,0.033731,0.3538709878921509,0.0046123098582029,0.0016212125774472
Q9P6Q6_Q9USV3,0.0033376,0.0033376,0.033631,0.15097129344940186,0.999040424823761,0.478803426027298
P36629_O75011,0.0054992,0.0054992,0.034311,0.2340455949306488,0.9521890878677368,0.9161763787269592
Q9USY3_P40371,0.0033271,0.0033271,0.033793,0.4700532555580139,0.0033499617129564,0.0215541701763868
O75011_P87215,0.0081105,0.0081105,0.033463,0.053616151213645935,0.992173671722412,0.0028991962317377
P40235_Q6BDR8,0.0034375,0.0034375,0.033848,0.3755313456058502,0.0064540957100689,0.6139253377914429
Q9P7P2_O94556,0.004454,0.004454,0.034348,0.0643802136182785,0.0157733280211687,0.4190293848514557
P87176_P56287,0.0047062,0.0047062,0.033754,0.07055137306451797,0.9966335892677308,0.0220816284418106
O74175_P87310,0.0031992,0.0031992,0.033579,0.09161199629306793,0.9989911913871764,0.0938370451331138
O94722_Q09914,0.0033568,0.0033568,0.033456,0.25117939710617065,0.0006386601016856,0.0007246316527016
O60187_O94321,0.0042125,0.0042125,0.03378,0.6684302091598511,0.0032121436670422,0.1281093806028366
O94268_O74771,0.0040605,0.0040605,0.034098,0.05683270841836929,0.0121273593977093,0.0880186259746551
P27638_O13916,0.0034544,0.0034544,0.034193,0.6368191242218018,0.0218166373670101,0.2503159642219543
O42905_Q10173,0.0031531,0.0031531,0.033557,0.1717645674943924,0.9990050196647644,0.1343686580657959
O74465_Q9P7G0,0.0033894,0.0033894,0.03482,0.10395758599042892,0.2871737778186798,0.0159637499600648
O74175_Q9P7J8,0.003431,0.003431,0.033732,0.5539624094963074,0.0160059630870819,0.0086899865418672
P50523_Q10343,0.0033626,0.0033626,0.033608,0.1882062554359436,0.0010295631363987,0.0160858538001775
O74803_O74499,0.0064682,0.0064682,0.036289,0.16328294575214386,0.0147875538095831,0.2429956942796707
O74854_O75011,0.0060064,0.0060064,0.034178,0.13665568828582764,0.0159801840782165,0.9520621299743652
O13712_O59734,0.0062575,0.0062575,0.033933,0.2856263220310211,0.0014170070644468,0.1062938421964645
Q9P802_P78929,0.0033856,0.0033856,0.034008,0.027247704565525055,0.0262164529412984,0.0952779650688171
O43080_O14097,0.0032392,0.0032392,0.033535,0.10175055265426636,0.0112093444913625,0.0106834508478641
O94752_O74747,0.0037116,0.0037116,0.034251,0.3948999047279358,0.0034769896883517,0.0558214075863361
O94285_Q09823,0.0036924,0.0036924,0.051827,0.17866547405719757,0.014107596129179,0.019123101606965
P40235_Q10316,0.0070232,0.0070232,0.034079,0.025926629081368446,0.0199094675481319,0.0982371270656585
P14575_P79010,0.074714,0.074714,0.22957,0.5185077786445618,0.9987686276435852,0.9712268710136414
O74533_P87159,0.0032457,0.0032457,0.03363,0.03432615473866463,0.0212987940758466,0.7334411144256592
O94705_P21534,0.077382,0.077382,0.52507,0.3286145329475403,0.998664379119873,0.9173730611801147
Q9P3B2_Q9HE05,0.0031604,0.0031604,0.033497,0.08795972168445587,0.0026182525325566,0.0011927214218303
O74958_Q10134,0.056986,0.056986,0.033534,0.29228782653808594,0.9987421631813048,0.6949127912521362
P87245_O74517,0.0032808,0.0032808,0.033564,0.25897616147994995,0.0028528785333037,0.0813567414879798
P87306_P40995,0.0037697,0.0037697,0.036064,0.5115655064582825,0.0035167664755135,0.0313122421503067
O13964_Q9HE05,0.003876,0.003876,0.03372,0.39928680658340454,0.9974243640899658,0.0512071251869201
Q10198_Q9Y7U4,0.0032123,0.0032123,0.033711,0.35054558515548706,0.9990231990814208,0.9610499143600464
O43036_P36595,0.0032299,0.0032299,0.033649,0.32526615262031555,0.999054491519928,0.317812442779541
P79010_P41410,0.013432,0.013432,0.033946,0.08284328877925873,0.983489990234375,0.0008228198275901
O42667_Q09933,0.11536,0.11536,0.034333,0.11810669302940369,0.0278632491827011,0.322756826877594
O94444_P56286,0.003549,0.003549,0.03362,0.1416510045528412,0.9989235997200012,0.0495467074215412
O42975_P36625,0.0032607,0.0032607,0.033878,0.09150414913892746,0.6969423890113831,0.6464346647262573
O43070_O42932,0.0047525,0.0047525,0.033764,0.1717911958694458,0.0030117204878479,0.0018722134409472
Q6BDR8_O13286,0.003287,0.003287,0.034117,0.8718369007110596,0.9982536435127258,0.5536062121391296
P36616_Q0E7J7,0.0041104,0.0041104,0.033786,0.24964721500873566,0.0155632002279162,0.2964620292186737
O74966_P10506,0.0077484,0.0077484,0.041077,0.3667176365852356,0.0013323544990271,0.0068752518855035
O14198_P87306,0.0034959,0.0034959,0.036402,0.034708138555288315,0.9991077780723572,0.9879688024520874
O42932_O74791,0.0035316,0.0035316,0.03451,0.2034471035003662,0.0265034493058919,0.0397516712546348
Q09683_O14241,0.0036175,0.0036175,0.033593,0.367929071187973,0.9990234375,0.0358803905546665
P79015_Q9UTE6,0.16694,0.16694,0.14564,0.15779560804367065,0.9980729818344116,0.989389717578888
P05767_P28829,0.015467,0.015467,0.033974,0.2136099487543106,0.004837155342102,0.0059033404104411
O94316_Q9UUC1,0.0054634,0.0054634,0.034765,0.2125675529241562,0.998890221118927,0.4338662624359131
Q9URY0_O60158,0.0032459,0.0032459,0.036089,0.3874050974845886,0.0214660428464412,0.4645232558250427
P39964_Q09808,0.0031902,0.0031902,0.033673,0.5984944701194763,0.9990664124488832,0.8953546285629272
Q10668_Q10232,0.0045525,0.0045525,0.034226,0.155223086476326,0.9988011121749878,0.0274652577936649
Q9UUB7_O13985,0.0033882,0.0033882,0.034016,0.32462596893310547,0.9985565543174744,0.0088963778689503
P78794_O13310,0.0032207,0.0032207,0.033782,0.20785914361476898,0.0084634590893983,0.0265215281397104
Q9UTS6_Q92399,0.003221,0.003221,0.033578,0.24498823285102844,0.0047875749878585,0.0041112746112048
P34208_P04688,0.0069341,0.0069341,0.034969,0.3705104887485504,0.9930322170257568,0.0105483941733837
O59680_P05767,0.012661,0.012661,0.034103,0.046114757657051086,0.9964485168457032,0.0069994363002479
P05501_P09322,0.0035665,0.0035665,0.033884,0.22894187271595,0.0025428242515772,0.0036475306842476
O74560_Q9UUM2,0.0033007,0.0033007,0.038128,0.585750937461853,0.0260082092136144,0.3111893534660339
O43114_O74796,0.0034501,0.0034501,0.033493,0.1692977398633957,0.0030606410000473,0.1335197240114212
O74988_O94705,0.017363,0.017363,0.34873,0.004784903489053249,0.9990136623382568,0.9715145230293274
P28748_O74986,0.0080619,0.0080619,0.033916,0.04763578623533249,0.0014089387841522,0.2392024546861648
O94285_P29458,0.003638,0.003638,0.038419,0.17605756223201752,0.0252573024481534,0.0799780264496803
Q9UT32_Q9Y7Z1,0.0048294,0.0048294,0.04507,0.02158825285732746,0.999078631401062,0.9967702627182008
Q10056_O59793,0.0034952,0.0034952,0.033837,0.0916750356554985,0.0021403620485216,0.8632845282554626
P04551_P07527,0.010127,0.010127,0.16142,0.3393946886062622,0.9989994168281556,0.3824295699596405
A6X980_O14388,0.004253,0.004253,0.034631,0.07456806302070618,0.9373376965522766,0.0387812778353691
P37382_Q02088,0.0031648,0.0031648,0.033468,0.37026020884513855,0.0018235554452985,0.0014345325762405
O94316_Q9Y7J4,0.0035684,0.0035684,0.033722,0.42551448941230774,0.9979248046875,0.0075924023985862
Q09824_O94285,0.0032349,0.0032349,0.047159,0.06726101785898209,0.2712525427341461,0.0130901867523789
P56288_O13953,0.0034095,0.0034095,0.033706,0.053261447697877884,0.0094528216868639,0.0131689691916108
P0CT60_Q9USX3,0.0036204,0.0036204,0.036651,0.009471400640904903,0.99900621175766,0.0082268714904785
P41005_Q9URY0,0.0052208,0.0052208,0.035222,0.04831456020474434,0.0469357743859291,0.085878238081932
P32390_O74433,0.0031657,0.0031657,0.033498,0.1996777355670929,0.0099402051419019,0.0026909948792308
Q10169_Q09823,0.0044469,0.0044469,0.034733,0.22020326554775238,0.0040966346859931,0.0361039079725742
P0CT60_Q12126,0.0077079,0.0077079,0.042277,0.5889900326728821,0.0118168229237198,0.0032815102022141
O13978_O42995,0.0031127,0.0031127,0.033635,0.0032496745698153973,0.0145335989072918,0.3620457053184509
Q09819_Q9UTP0,0.0038224,0.0038224,0.033998,0.3314403295516968,0.0129071976989507,0.0654669180512428
Q9UT52_O74555,0.0031503,0.0031503,0.035512,0.09370075166225433,0.010619293898344,0.0043576541356742
Q09914_O13672,0.0032513,0.0032513,0.033494,0.11572922766208649,0.0021409965120255,0.088436059653759
Q12381_O94658,0.003261,0.003261,0.037023,0.11427106708288193,0.8122662305831909,0.712480366230011
Q92352_O94668,0.0032569,0.0032569,0.033777,0.09703853726387024,0.9990264177322388,0.7373263239860535
Q10192_Q9UTE6,0.091514,0.091514,0.056565,0.41630783677101135,0.9985601305961608,0.9918501377105712
Q10317_Q9USV1,0.0040388,0.0040388,0.033869,0.009507345035672188,0.9990456700325012,0.5701858401298523
P41412_Q9Y818,0.0047383,0.0047383,0.034596,0.2400607466697693,0.0081163477152585,0.0019317991100251
O13712_O60016,0.0047027,0.0047027,0.034414,0.47523581981658936,0.0014321942580863,0.403170645236969
O74483_O94616,0.003431,0.003431,0.033662,0.3405396342277527,0.999113142490387,0.2782246470451355
Q10193_Q12381,0.0033918,0.0033918,0.033832,0.38947227597236633,0.0151642188429832,0.0968295782804489
O14198_P36592,0.0032386,0.0032386,0.033606,0.0269259512424469,0.9990159273147584,0.8092448711395264
Q09914_O94620,0.0033611,0.0033611,0.063224,0.245017871260643,0.0068572284653782,0.0218525379896163
O94609_Q9Y818,0.0052228,0.0052228,0.040487,0.04411487653851509,0.998950719833374,0.277034193277359
P07334_P78963,0.0037702,0.0037702,0.033607,0.38187023997306824,0.0746794715523719,0.8933050632476807
O14216_P40848,0.0036548,0.0036548,0.034085,0.24331173300743103,0.9969143867492676,0.8572189211845398
P04551_O13985,0.0082358,0.0082358,0.038185,0.7590094804763794,0.998185932636261,0.0751446262001991
O94620_Q10163,0.0032899,0.0032899,0.04198,0.5942338705062866,0.0189208462834358,0.0122098568826913
O13802_Q9UTF6,0.0034156,0.0034156,0.033707,0.016640031710267067,0.0219984520226717,0.0096076652407646
O13782_Q9HGL8,0.003316,0.003316,0.03351,0.1902521848678589,0.002895469777286,0.0020512570627033
P36629_Q96WV9,0.0061635,0.0061635,0.034766,0.1712220460176468,0.99885892868042,0.831879734992981
Q09177_O59751,0.0032936,0.0032936,0.033639,0.0488942451775074,0.005724661052227,0.0243385732173919
O74533_Q09191,0.0035069,0.0035069,0.035447,0.06697013974189758,0.9983848333358764,0.3670535683631897
O74895_Q09177,0.0038536,0.0038536,0.033561,0.1628328263759613,0.998909592628479,0.3262334764003753
Q9UT86_O14180,0.0035372,0.0035372,0.033825,0.698444664478302,0.958582043647766,0.0012874251697212
O94603_P09322,0.0050494,0.0050494,0.045162,0.33011266589164734,0.0259170718491077,0.0748437270522117
Q53EK2_Q9HE05,0.0033379,0.0033379,0.098192,0.4473097026348114,0.9990142583847046,0.0284552257508039
O42905_O42667,0.0032614,0.0032614,0.0338,0.4517936408519745,0.0222883932292461,0.215757355093956
P87324_O74910,0.0033353,0.0033353,0.034921,0.43397435545921326,0.9982956051826476,0.8453619480133057
O14388_Q9UTP0,0.46224,0.46224,0.13364,0.10131616145372391,0.9988538026809692,0.9906713962554932
O94263_P14575,0.0039982,0.0039982,0.033525,0.506409764289856,0.0180502757430076,0.0011481613619253
Q09763_O13351,0.003385,0.003385,0.033547,0.15137358009815216,0.0021433031652122,0.0174794290214777
O43070_O42975,0.0032474,0.0032474,0.036025,0.40246710181236267,0.9989182949066162,0.9742091298103333
O74854_P05734,0.003218,0.003218,0.033868,0.6862592697143555,0.0023803838994354,0.0111256167292594
Q10173_O59703,0.0080796,0.0080796,0.033586,0.19337069988250732,0.0083791334182024,0.0108163878321647
O14343_O94534,0.0059424,0.0059424,0.035157,0.1777883917093277,0.028800519183278,0.9574293494224548
Q9HE05_O74978,0.0033802,0.0033802,0.036088,0.11591941863298416,0.9986631870269777,0.2871955335140228
Q4PIR3_P50523,0.0032609,0.0032609,0.033594,0.035351112484931946,0.0100747477263212,0.0006448744097724
O42634_Q09906,0.003844,0.003844,0.033459,0.47458216547966003,0.0011929599568247,0.0010323175229132
Q9Y7J4_P13681,0.0031625,0.0031625,0.033931,0.043673183768987656,0.0041316617280244,0.010673064738512
O74966_Q9USZ3,0.13084,0.13084,0.76423,0.5885220170021057,0.9990867376327516,0.996308207511902
O94326_Q9UTR8,0.0032742,0.0032742,0.047384,0.5330269932746887,0.9989413619041444,0.965621829032898
O59945_Q10067,0.0033043,0.0033043,0.033753,0.35809117555618286,0.0019745295867323,0.0140811130404472
O94668_O94268,0.0034291,0.0034291,0.033982,0.706093966960907,0.9989472031593324,0.0677916407585144
Q9UT72_P56287,0.0037729,0.0037729,0.033639,0.3372894823551178,0.9985867738723756,0.0177718140184879
O94360_O74175,0.0035191,0.0035191,0.033542,0.19458836317062378,0.0246531460434198,0.0079537471756339
Q10317_P40384,0.0032859,0.0032859,0.033581,0.356351763010025,0.0158646013587713,0.1768907457590103
P87176_O60150,0.0034019,0.0034019,0.033992,0.08744947612285614,0.0637237131595611,0.0865248963236808
O74175_O14241,0.0033058,0.0033058,0.033576,0.2337830811738968,0.998878538608551,0.0395807586610317
Q9UUB5_P50524,0.0032489,0.0032489,0.03383,0.061754871159791946,0.9989519119262696,0.559105396270752
Q10056_Q10585,0.0037337,0.0037337,0.033619,0.2209966778755188,0.5400274991989136,0.6515754461288452
Q9UUC6_O13826,0.0087612,0.0087612,0.033902,0.5039579272270203,0.999081254005432,0.4103534519672394
Q01112_P09322,0.0045691,0.0045691,0.036353,0.3374810218811035,0.0017149819759652,0.0005295900045894
Q9Y7N2_P78946,0.033478,0.033478,0.036852,0.15513676404953003,0.9987217783927916,0.044650200754404
Q9C107_Q09819,0.0034195,0.0034195,0.039059,0.16911634802818298,0.9987595081329346,0.9360162019729614
Q9Y7M4_P50523,0.0037038,0.0037038,0.033597,0.12320587784051895,0.0031276259105652,0.0010797154391184
P50527_O74517,0.0035833,0.0035833,0.034012,0.17457234859466553,0.0312282256782054,0.3085101246833801
O59680_Q09154,0.14569,0.14569,0.41492,0.11769942939281464,0.998991072177887,0.992179274559021
Q09924_O94687,0.0054673,0.0054673,0.035059,0.07663007080554962,0.0036005943547934,0.0209377165883779
P87306_O42667,0.0075595,0.0075595,0.036974,0.7811825275421143,0.0082874856889247,0.6554290056228638
Q9US45_O74988,0.0032331,0.0032331,0.033581,0.00747658172622323,0.0090953288599848,0.0086342291906476
O74991_Q9UUJ1,0.0035171,0.0035171,0.034034,0.11646967381238937,0.0156670976430177,0.010777773335576
P87306_Q9P784,0.0033267,0.0033267,0.035064,0.2654414176940918,0.9989989399909972,0.0194526687264442
P56287_P87310,0.003343,0.003343,0.033545,0.22257722914218903,0.9990463852882384,0.0143197495490312
O59793_O74531,0.0034521,0.0034521,0.033759,0.0245826318860054,0.0090848999097943,0.0459908172488212
P87309_P05733,0.011912,0.011912,0.051488,0.05740721523761749,0.0084770265966653,0.0037873031105846
P54789_P33886,0.0040137,0.0040137,0.033795,0.16293248534202576,0.0042680636979639,0.0452396944165229
P36614_O14129,0.0033505,0.0033505,0.035442,0.13931378722190857,0.0144614102318882,0.00326594337821
O13790_O74958,0.0032709,0.0032709,0.033664,0.7712281346321106,0.0080925272777676,0.0139367990195751
O59734_Q10429,0.01742,0.01742,0.033717,0.18874777853488922,0.0059571764431893,0.0247771870344877
O14343_O13728,0.0038286,0.0038286,0.033646,0.15878942608833313,0.0037656931672245,0.4922047555446625
Q9UT76_Q9Y709,0.0032982,0.0032982,0.033661,0.1009736955165863,0.0005001660902053,0.0357754975557327
Q9P7B7_P27638,0.0035142,0.0035142,0.03432,0.0111314095556736,0.0090996790677309,0.011164741590619
O13802_Q9HGL6,0.0038021,0.0038021,0.034181,0.3345276117324829,0.998955249786377,0.9925934672355652
P41889_P87231,0.0039221,0.0039221,0.033665,0.011603988707065582,0.1010278239846229,0.7375501990318298
P78953_Q9P802,0.0036085,0.0036085,0.033584,0.5365304946899414,0.0280488152056932,0.0243367943912744
P08090_O74465,0.0035945,0.0035945,0.034092,0.03910712152719498,0.2099984884262085,0.2332080155611038
O59734_Q10366,0.0055234,0.0055234,0.034057,0.16776825487613678,0.0195571705698966,0.0193486493080854
P79015_Q9US59,0.0099816,0.0099816,0.036234,0.1697884052991867,0.6058023571968079,0.1468425095081329
Q9P7R9_Q9UTS6,0.0036008,0.0036008,0.033604,0.25311601161956787,0.0067123812623322,0.0049800905399024
Q09819_O74803,0.0099914,0.0099914,0.035694,0.14278165996074677,0.0143957873806357,0.4526988863945007
Q10232_Q09824,0.0039668,0.0039668,0.033841,0.02977151609957218,0.0107736457139253,0.0104096950963139
Q09683_Q09330,0.0034932,0.0034932,0.033827,0.3871499300003052,0.9990413784980774,0.6223647594451904
O42978_O14198,0.0032971,0.0032971,0.034102,0.11375793069601059,0.9802500009536744,0.006433623842895
Q9P7E0_O74825,0.0040522,0.0040522,0.033549,0.016660837456583977,0.033335842192173,0.0025717595126479
O13936_O74499,0.0046563,0.0046563,0.035931,0.04468214139342308,0.999028205871582,0.7951970100402832
P08090_P08092,0.0033574,0.0033574,0.033489,0.06554350256919861,0.9961496591567992,0.731560230255127
Q9UTP0_O13712,0.0033986,0.0033986,0.033805,0.08173077553510666,0.0018973336555063,0.0314777046442031
O94659_Q9UU79,0.0085598,0.0085598,0.050751,0.13501860201358795,0.9988522529602052,0.9925051927566528
Q9P4W1_P05733,0.14071,0.14071,0.033751,0.33744633197784424,0.1656858026981353,0.0205220803618431
P09322_Q9P7B8,0.0038866,0.0038866,0.062137,0.1860620081424713,0.9973664879798888,0.0421382375061512
O94620_P39964,0.0041097,0.0041097,0.053099,0.3718078136444092,0.0709832236170768,0.0722283273935318
Q09685_P0CT60,0.0035018,0.0035018,0.038266,0.5486893653869629,0.9658032655715942,0.0050559761002659
P39964_P87310,0.0034171,0.0034171,0.033669,0.40189239382743835,0.9990968704223632,0.0370345562696456
Q10067_Q9P7J8,0.034379,0.034379,0.033784,0.09969066083431244,0.0012836277019232,0.0058509092777967
Q09822_P0CT77,0.0040536,0.0040536,0.033766,0.024998215958476067,0.0155841661617159,0.0206661783158779
O74311_P87174,0.0031347,0.0031347,0.033567,0.019026003777980804,0.9990371465682985,0.1904041469097137
O74558_Q874R3,0.0031514,0.0031514,0.034203,0.19635014235973358,0.0192139372229576,0.0176875833421945
Q9P7B8_Q9P7Y4,0.0035109,0.0035109,0.033957,0.21113897860050201,0.9988077878952026,0.321164608001709
O13978_O14327,0.0031693,0.0031693,0.03359,0.118599072098732,0.0024711827281862,0.0097691779956221
O59945_Q9UT86,0.0032055,0.0032055,0.03343,0.08036941289901733,0.0309143774211406,0.0033356512431055
Q10316_P36582,0.0037697,0.0037697,0.033624,0.11404599249362946,0.0026179486885666,0.0877563282847404
O74966_Q12381,0.0050083,0.0050083,0.041195,0.07693426311016083,0.0203132275491952,0.0484707430005073
P09322_P41411,0.0050824,0.0050824,0.036973,0.6900476813316345,0.9987070560455322,0.0050919638015329
Q9US52_Q9UUM2,0.0031253,0.0031253,0.033579,0.0069723911583423615,0.0095300488173961,0.0046552359126508
O74517_P87310,0.0031878,0.0031878,0.033612,0.5072490572929382,0.9989953637123108,0.0718106254935264
P07334_P27584,0.0041428,0.0041428,0.033777,0.19370684027671814,0.9988064765930176,0.9494506120681764
P78972_P48009,0.0033098,0.0033098,0.033665,0.21478039026260376,0.0121197532862424,0.4829505681991577
O74483_P10815,0.0035447,0.0035447,0.034578,0.11987687647342682,0.9938690066337584,0.0223050005733966
O59800_P78972,0.0036003,0.0036003,0.043209,0.2935704290866852,0.017657758668065,0.4391823709011078
O74558_O14339,0.0033039,0.0033039,0.033636,0.07685139030218124,0.0019788388162851,0.0053110206499695
P40848_O94288,0.0033147,0.0033147,0.034418,0.6617903113365173,0.9984261989593506,0.8622837662696838
Q9UTI8_Q9P805,0.013229,0.013229,0.034556,0.20689566433429718,0.0234723165631294,0.0013223270652815
O94423_P10815,0.003238,0.003238,0.03557,0.2685299813747406,0.9962284564971924,0.3614563941955566
P40997_Q9USL5,0.003258,0.003258,0.033548,0.01913251355290413,0.0405401438474655,0.1856061816215515
Q9USV3_O94659,0.0031918,0.0031918,0.033563,0.4605197310447693,0.0297060385346412,0.3567770719528198
O74483_P0CT68,0.0057098,0.0057098,0.033757,0.004735759925097227,0.0044770659878849,0.8195480704307556
O13758_P40384,0.0032951,0.0032951,0.033647,0.10622532665729523,0.9985234141349792,0.1388227343559265
O94238_O74558,0.0033424,0.0033424,0.033918,0.11689530313014984,0.0014340619090944,0.0111943706870079
P87126_O14269,0.0038745,0.0038745,0.033762,0.4582335352897644,0.9989084005355836,0.2000808715820312
Q9USZ6_P40384,0.0032432,0.0032432,0.033514,0.20650650560855865,0.0322055518627166,0.0089452266693115
Q09914_O42832,0.003548,0.003548,0.03528,0.21983079612255096,0.0027906454633921,0.0022647767327725
P32434_O94603,0.0032243,0.0032243,0.034276,0.381288081407547,0.0028681007679551,0.0570686534047126
P29458_P27638,0.0081367,0.0081367,0.034179,0.522698163986206,0.0106835169717669,0.0083486419171094
O60104_Q11120,0.0034726,0.0034726,0.033727,0.1570468544960022,0.0013030860573053,0.0490049682557582
O43114_P54789,0.54811,0.54811,0.035071,0.08591852337121964,0.0093192271888256,0.6826165318489075
Q09127_Q09150,0.0034783,0.0034783,0.033984,0.23656852543354034,0.0316015072166919,0.1913676261901855
Q9P782_P87314,0.0034068,0.0034068,0.03384,0.2642402648925781,0.0343247391283512,0.3683489263057709
P87306_P87173,0.0033837,0.0033837,0.033709,0.2821953296661377,0.9990776777267456,0.028553083539009
O94316_P07527,0.0033797,0.0033797,0.033964,0.8664412498474121,0.9988545179367064,0.1725317388772964
Q9P7M1_O94316,0.0037766,0.0037766,0.03454,0.023051762953400612,0.5774033069610596,0.1518807560205459
P10506_Q96WV9,0.028549,0.028549,0.43224,0.5557555556297302,0.9989948868751526,0.9820228219032288
P28748_Q9UTA4,0.003413,0.003413,0.033712,0.26913967728614807,0.0049575949087738,0.0038671160582453
Q09892_P0CF96,0.092769,0.092769,0.033717,0.06160898134112358,0.1825283467769622,0.0174245238304138
O13836_P54789,0.0032979,0.0032979,0.03433,0.001133959973230958,0.5395923852920532,0.0069123073481023
P0CT70_O13684,0.0058587,0.0058587,0.045697,0.5567565560340881,0.0071881948970258,0.0034688604064285
P28829_O42991,0.0045751,0.0045751,0.033584,0.030622895807027817,0.0015022790757939,0.0088047226890921
O13672_O74854,0.0031865,0.0031865,0.033685,0.0061681438237428665,0.0039182854816317,0.0748714581131935
Q10951_O94268,0.0034955,0.0034955,0.083611,0.5164839625358582,0.9984548091888428,0.7457003593444824
O94355_O94707,0.0032986,0.0032986,0.035233,0.305086225271225,0.998916506767273,0.5114191770553589
P78946_Q10951,0.012042,0.012042,0.040082,0.1353841871023178,0.9987838864326476,0.0179503168910741
Q10668_O59793,0.0036138,0.0036138,0.034722,0.18244428932666779,0.9988985061645508,0.8710346221923828
Q9USR7_O74398,0.0033471,0.0033471,0.033903,0.3490920662879944,0.0014332919381558,0.0066197998821735
P87053_O74360,0.0035366,0.0035366,0.033992,0.07606881111860275,0.0928661823272705,0.6538932919502258
Q09150_Q9Y738,0.0032438,0.0032438,0.033587,0.1480613499879837,0.0052130189724266,0.041396364569664
Q9UU79_Q9UTR8,0.0051207,0.0051207,0.036105,0.06254112720489502,0.998965859413147,0.292362242937088
O94408_P21135,0.05636,0.05636,0.03362,0.137665256857872,0.9980385899543762,0.0290919877588748
O13728_P09322,0.0031532,0.0031532,0.033706,0.03801959380507469,0.004037051461637,0.0078525561839342
Q9USY3_P07334,0.015979,0.015979,0.034003,0.2568921744823456,0.981992244720459,0.6671211123466492
Q09760_O74309,0.0035415,0.0035415,0.034394,0.10530109703540802,0.0040895882993936,0.2124481350183487
Q9P7R9_P14575,0.025508,0.025508,0.033606,0.1704270988702774,0.0024329002480953,0.0138977458700537
P13681_O14098,0.018778,0.018778,0.035949,0.5738927721977234,0.9990382194519044,0.5474442839622498
O74988_Q09825,0.0044456,0.0044456,0.051495,0.5706086754798889,0.0034227413125336,0.0038226023316383
O74986_P50524,0.0031501,0.0031501,0.033922,0.12880034744739532,0.1444572359323501,0.1449636220932006
O74803_P40984,0.0074387,0.0074387,0.89006,0.18449437618255615,0.9989448189735411,0.8205704689025879
Q9P7V3_P54789,0.0064927,0.0064927,0.033622,0.1120259165763855,0.0025170971639454,0.0059996074996888
Q06182_O43036,0.0031747,0.0031747,0.033519,0.16714981198310852,0.999010682106018,0.1014291122555732
P0CT70_Q9USY3,0.0032612,0.0032612,0.034812,0.3278014063835144,0.0032771232072263,0.0180248208343982
O14241_O74804,0.0032587,0.0032587,0.033645,0.41739359498023987,0.0057498649694025,0.0268673785030841
P0CT60_O74517,0.011377,0.011377,0.099425,0.16381923854351044,0.9988662004470824,0.1585716605186462
Q10099_P06652,0.0040554,0.0040554,0.049017,0.32800063490867615,0.9214219450950624,0.0693466588854789
P36629_Q09176,0.003777,0.003777,0.035719,0.3094142973423004,0.999061644077301,0.6189306378364563
Q9UTK6_P05767,0.012576,0.012576,0.086671,0.7602653503417969,0.1443846672773361,0.4287501275539398
O94752_P78963,0.0039641,0.0039641,0.033615,0.08692558854818344,0.0012447389308363,0.1135169565677642
O74955_Q9Y7M6,0.0031909,0.0031909,0.033666,0.3086291253566742,0.0044726901687681,0.4985236227512359
Q9P7X1_P0CU09,0.0032359,0.0032359,0.033549,0.28540417551994324,0.0023176542017608,0.0284819267690181
O59702_Q10322,0.0045677,0.0045677,0.034877,0.4291168451309204,0.0038878913037478,0.0050366055220365
Q0E7J7_O94408,0.0087007,0.0087007,0.034462,0.06745394319295883,0.0086542647331953,0.0099657708778977
O43070_P50524,0.0031737,0.0031737,0.033938,0.2206893265247345,0.998917818069458,0.14653842151165
Q03392_O13964,0.0031697,0.0031697,0.034977,0.08129055052995682,0.9983934760093688,0.0694300234317779
Q09330_P78953,0.0041572,0.0041572,0.0341,0.3224407732486725,0.0116975456476211,0.4364264011383056
O74309_P40377,0.0033874,0.0033874,0.042536,0.6169885993003845,0.4382246732711792,0.0516784861683845
O75011_P78761,0.0039616,0.0039616,0.033539,0.07465839385986328,0.0027720790822058,0.0020431634038686
O14352_O74483,0.088266,0.088266,0.8153,0.17207494378089905,0.9991074204444884,0.9916742444038392
O94316_Q9P3B2,0.003356,0.003356,0.033568,0.04153028130531311,0.971258580684662,0.0084795961156487
P17937_O13936,0.0037431,0.0037431,0.066009,0.11324344575405121,0.9989632368087769,0.8887366056442261
O42995_P33886,0.0089074,0.0089074,0.034204,0.014077968895435333,0.0059920595958828,0.1637619435787201
P50527_O59680,0.0044099,0.0044099,0.033584,0.1833266168832779,0.0026147123426198,0.000503015180584
O43071_O94326,0.003216,0.003216,0.064326,0.6176653504371643,0.9504127502441406,0.8874392509460449
Q9UUE5_Q92358,0.003165,0.003165,0.033606,0.13804470002651215,0.962715744972229,0.4805628061294555
Q9UTP0_O42844,0.0041102,0.0041102,0.035068,0.0885021761059761,0.0424996390938758,0.0197152066975832
O14388_Q09823,0.017986,0.017986,0.04212,0.23647262156009674,0.0112627856433391,0.0079085854813456
Q874R3_Q9UT86,0.0032927,0.0032927,0.033722,0.031349580734968185,0.9982118606567384,0.0204812008887529
Q9HFE5_Q9P7B7,0.0032338,0.0032338,0.03438,0.23487214744091034,0.0029114540666341,0.0052662324160337
O13828_P36582,0.0035086,0.0035086,0.034001,0.009294584393501282,0.0087804784998297,0.6160925626754761
Q9HFE5_Q9US45,0.0033537,0.0033537,0.033813,0.27363407611846924,0.0050214286893606,0.0480881594121456
P78929_Q9UUM2,0.0041932,0.0041932,0.033808,0.2687853276729584,0.1388014107942581,0.0914447978138923
Q02088_Q09698,0.0032177,0.0032177,0.033456,0.16864904761314392,0.0042558880522847,0.0207481700927019
P04910_P25457,0.010962,0.010962,0.036243,0.21850918233394623,0.9989487528800964,0.977882206439972
Q9UT46_P36582,0.0051403,0.0051403,0.03423,0.02109657973051071,0.0093634510412812,0.4366254210472107
P87123_O74986,0.0050414,0.0050414,0.033623,0.07234565913677216,0.0084519423544406,0.1481035947799682
O14010_O14198,0.0038203,0.0038203,0.034641,0.39999085664749146,0.9990949630737304,0.9646547436714172
O94646_Q9US45,0.01309,0.01309,0.038768,0.1959431767463684,0.999113142490387,0.3483785092830658
P08092_P0CT60,0.0033803,0.0033803,0.10608,0.3424418568611145,0.0052257124334573,0.0063392552547156
P05767_O60187,0.0078535,0.0078535,0.035156,0.08785887807607651,0.0610431209206581,0.0071373940445482
P36614_Q09822,0.0038735,0.0038735,0.040862,0.09958188235759735,0.0150654939934611,0.4862993955612182
O13826_P40996,0.00338,0.00338,0.033903,0.1495492309331894,0.9989062547683716,0.0106181818991899
Q1MTQ9_Q09177,0.0032129,0.0032129,0.15059,0.14399951696395874,0.999004065990448,0.0621206685900688
P09322_P34208,0.0046423,0.0046423,0.036324,0.5040985345840454,0.0545478947460651,0.0031652296893298
P27584_O14180,0.0055332,0.0055332,0.03356,0.09774363040924072,0.0084367981180548,0.0008606562623754
P0CU09_Q9P7J8,0.0036737,0.0036737,0.033809,0.6307685971260071,0.0041540022939443,0.0075884005054831
P41411_Q9UUA8,0.0032884,0.0032884,0.03353,0.3592648208141327,0.0626806020736694,0.0162603445351123
P42656_Q92358,0.0031831,0.0031831,0.033504,0.026511434465646744,0.0071035921573638,0.0058062165044248
Q1MTN3_O74771,0.0032155,0.0032155,0.034046,0.775422990322113,0.0394526571035385,0.8375518918037415
Q9P7M3_P40372,0.0037528,0.0037528,0.035396,0.24163442850112915,0.96015727519989,0.0042622378095984
O13782_O94752,0.0032191,0.0032191,0.033591,0.06650980561971664,0.002827406860888,0.0895115062594413
Q9Y7M6_P78963,0.0034929,0.0034929,0.033524,0.5673461556434631,0.0031353605445474,0.0365851186215877
Q10193_C6Y4D0,0.83747,0.83747,0.034574,0.05096939951181412,0.9990317821502686,0.0114627052098512
Q9P6M0_O94321,0.003233,0.003233,0.034263,0.208332821726799,0.002187970560044,0.0163799691945314
Q10108_O94722,0.027302,0.027302,0.035129,0.1983538419008255,0.0008153050439432,0.0018815267831087
O14352_Q09898,0.0057768,0.0057768,0.034466,0.17963409423828125,0.0457631312310695,0.0208648331463336
P40372_P78814,0.24282,0.24282,0.037091,0.33383041620254517,0.9982032775878906,0.7407974600791931
P32434_Q09916,0.0039824,0.0039824,0.033716,0.13834765553474426,0.0137891974300146,0.0765025243163108
Q9USX8_Q10343,0.0038952,0.0038952,0.033626,0.2581193447113037,0.0075609544292092,0.0324393473565578
Q9UTE6_P56287,0.0039658,0.0039658,0.033832,0.07302693277597427,0.1095413565635681,0.4899477362632751
O36027_P08647,0.0033858,0.0033858,0.033491,0.06925001740455627,0.0181360822170972,0.0393879897892475
O74966_Q09924,0.0041164,0.0041164,0.067474,0.016215570271015167,0.9990466237068176,0.1512463986873626
O94707_Q9USZ3,0.0038102,0.0038102,0.033706,0.46443235874176025,0.995302677154541,0.0676972419023513
P0C5Y7_O14269,0.0036165,0.0036165,0.033984,0.02871204912662506,0.019375491887331,0.0309764686971902
Q09685_O60158,0.01245,0.01245,0.033887,0.3437947928905487,0.9966315627098083,0.8704304695129395
Q9UTR8_O74515,0.0034809,0.0034809,0.034625,0.316706120967865,0.998870313167572,0.0434897951781749
O94316_O14235,0.0032935,0.0032935,0.035967,0.18440593779087067,0.0069829272106289,0.0251164231449365
Q9P7A0_Q9P7J8,0.0038754,0.0038754,0.034208,0.27558305859565735,0.0039709247648715,0.0041241561993956
O74986_Q9URY0,0.0036577,0.0036577,0.04586,0.18089357018470764,0.0056459866464138,0.0624481439590454
P08090_O94668,0.0031694,0.0031694,0.033705,0.3171399235725403,0.9989116191864014,0.3583432137966156
O74471_P87174,0.0041024,0.0041024,0.033503,0.8680747151374817,0.9989494681358336,0.0026212451048195
P01129_Q10282,0.0032164,0.0032164,0.036254,0.09100008010864258,0.013556363992393,0.0447067841887474
P41887_P08090,0.0033564,0.0033564,0.033787,0.8523730635643005,0.0814664512872695,0.179941177368164
Q9USP0_Q10193,0.0052837,0.0052837,0.033671,0.06657078862190247,0.0010579706868156,0.0032495956402271
O43036_Q9USV1,0.0032438,0.0032438,0.033568,0.14387458562850952,0.9990615248680116,0.0329814292490482
O60164_O74560,0.0032987,0.0032987,0.03609,0.07303537428379059,0.9980518817901612,0.5063191056251526
P36622_Q10198,0.44634,0.44634,0.033647,0.08359832316637039,0.0221897363662719,0.5212070941925049
O74515_Q9Y7J4,0.0033752,0.0033752,0.03395,0.15049020946025848,0.0121451625600457,0.0021346290595829
Q10159_P87173,0.0042081,0.0042081,0.033942,0.5500214695930481,0.001204254804179,0.0329221151769161
P36595_Q09196,0.0032422,0.0032422,0.033637,0.04734930768609047,0.001406104536727,0.0017662292812019
O59702_O74736,0.0032551,0.0032551,0.034685,0.31332483887672424,0.0865851193666458,0.0084344651550054
P87169_P10651,0.0031095,0.0031095,0.033953,0.28740862011909485,0.9990352392196656,0.0487397760152816
O74986_P0CT68,0.0048921,0.0048921,0.034092,0.5068398714065552,0.004553482402116,0.0296155642718076
P40384_Q09150,0.0031338,0.0031338,0.033645,0.09376093000173569,0.0042379396036267,0.0126453004777431
O74966_P40372,0.075286,0.075286,0.67097,0.28598305583000183,0.999021291732788,0.0241157729178667
Q10430_Q9UUB7,0.3352,0.3352,0.034359,0.29851531982421875,0.9990386962890624,0.9939722418785096
P10506_O94276,0.0040248,0.0040248,0.033958,0.44461721181869507,0.0356064029037952,0.5056463479995728
O13964_O13916,0.0032336,0.0032336,0.12271,0.5742396116256714,0.0225446373224258,0.127052441239357
Q09150_O36023,0.0032241,0.0032241,0.033906,0.2522381842136383,0.0121367955580353,0.0057004452683031
Q10951_P25457,0.0042845,0.0042845,0.034682,0.12674342095851898,0.998872935771942,0.1840694993734359
P06652_P10989,0.0034704,0.0034704,0.043044,0.4731740653514862,0.0218623075634241,0.1142948716878891
Q10295_O59755,0.0035522,0.0035522,0.033858,0.16982325911521912,0.9511853456497192,0.3464133143424988
Q09761_O14010,0.0040902,0.0040902,0.034181,0.6532222032546997,0.9990426898002625,0.943476676940918
Q01112_O42832,0.0034736,0.0034736,0.035054,0.0451151579618454,0.0039014902431517,0.0013247940223664
Q9P802_O43080,0.0033297,0.0033297,0.033505,0.22921712696552277,0.0128882154822349,0.0143712945282459
O14097_Q9P7R9,0.0046947,0.0046947,0.033824,0.01771336793899536,0.0239071864634752,0.5678632855415344
O74988_P87174,0.0032381,0.0032381,0.033504,0.0069159516133368015,0.99904066324234,0.0026744939386844
O94238_O94609,0.0035715,0.0035715,0.033568,0.29791882634162903,0.0142579153180122,0.1484357714653015
O74774_Q09822,0.0033083,0.0033083,0.034042,0.3152715861797333,0.0020625186152756,0.0739015862345695
O14064_P79065,0.0033216,0.0033216,0.034206,0.1146593987941742,0.998626947402954,0.8713997602462769
P32434_Q9Y7L8,0.0031452,0.0031452,0.033704,0.31052166223526,0.0016607311554253,0.0155813274905085
O94722_O94272,0.0074409,0.0074409,0.034262,0.4066968858242035,0.0006839666748419,0.0012129234382882
Q9UST6_Q9UT76,0.0031901,0.0031901,0.033955,0.2848450243473053,0.0005192456883378,0.0112799340859055
Q9UTF6_P50527,0.0032836,0.0032836,0.035063,0.32473286986351013,0.0023206761106848,0.0042263283394277
O13685_O74983,0.84657,0.84657,0.89249,0.3828640580177307,0.9979497790336608,0.2374964356422424
Q1MTN3_O74825,0.0032965,0.0032965,0.03373,0.37421509623527527,0.998653531074524,0.0363318547606468
O74774_O74399,0.0033855,0.0033855,0.037924,0.7629334926605225,0.9988616704940796,0.8913925886154175
P10989_P10506,0.0087874,0.0087874,0.034055,0.303785502910614,0.0049483641050755,0.1483456641435623
O74988_Q9UUJ4,0.0031388,0.0031388,0.033498,0.1695384681224823,0.0097708012908697,0.0012080760207027
Q10193_P87323,0.0049158,0.0049158,0.033783,0.3420446515083313,0.8493968844413757,0.0174739267677068
Q9P7J8_Q9UT72,0.0037976,0.0037976,0.033883,0.12219180166721344,0.9989966750144958,0.013349425047636
O14399_O59790,0.077757,0.077757,0.71428,0.24419447779655457,0.0142470216378569,0.0042724455706775
Q9USG6_P04910,0.09359,0.09359,0.040086,0.5414155721664429,0.0452987886965274,0.9709242582321168
Q09924_P79065,0.0031562,0.0031562,0.033584,0.24905414879322052,0.0016707916511222,0.0308846179395914
O94547_Q53EK2,0.016791,0.016791,0.033905,0.11841968446969986,0.9936164617538452,0.0192883368581533
Q53EK2_Q9USX3,0.0032276,0.0032276,0.034772,0.10658000409603119,0.9990113973617554,0.5270671844482422
P0C5Y7_O13728,0.0032714,0.0032714,0.033541,0.22007888555526733,0.0064931428059935,0.000768867903389
O14327_P21534,0.0062321,0.0062321,0.033615,0.7623264193534851,0.000858811836224,0.0020422954112291
P37382_O74955,0.0032131,0.0032131,0.033974,0.2708500325679779,0.0011256701545789,0.0155704924836754
P40996_P50527,0.0039518,0.0039518,0.036862,0.10109370946884155,0.994165539741516,0.8112385869026184
Q10109_Q9P802,0.0041638,0.0041638,0.03349,0.2902308404445648,0.0024604683276265,0.0036975576076656
P79071_P04688,0.0053845,0.0053845,0.033787,0.07922101765871048,0.0145375318825244,0.0107358256354928
P40997_Q09825,0.0034964,0.0034964,0.033612,0.38759148120880127,0.0036617612931877,0.0252905040979385
P36592_Q10429,0.0031933,0.0031933,0.034303,0.006353646982461214,0.998516857624054,0.9222427010536194
P54789_O13777,0.003175,0.003175,0.034372,0.23852181434631348,0.9987462759017944,0.0493456684052944
P32586_Q09892,0.0088004,0.0088004,0.034599,0.160117968916893,0.0268057975918054,0.2171877324581146
O13877_O59790,0.0049913,0.0049913,0.036414,0.5083082914352417,0.0014101403066888,0.001619386835955
O94268_O94288,0.0044838,0.0044838,0.062526,0.465821772813797,0.9987764954566956,0.993995487689972
Q09154_O94684,0.0055411,0.0055411,0.34157,0.315371036529541,0.003977567423135,0.0010338647989556
Q9P7V3_Q09150,0.0031276,0.0031276,0.033511,0.15521427989006042,0.0041735526174306,0.0088000763207674
Q9Y738_Q09330,0.0032575,0.0032575,0.033546,0.08333972841501236,0.998746395111084,0.1030789017677307
Q9UT32_O74433,0.0032017,0.0032017,0.033518,0.3536086976528168,0.9224414825439452,0.0006532649276778
P52890_P36629,0.0034896,0.0034896,0.033689,0.02414153516292572,0.004408563952893,0.9082756042480468
P41411_O13672,0.0038141,0.0038141,0.033632,0.7802048325538635,0.0920250713825225,0.2151073813438415
Q7LL14_Q00619,0.0033592,0.0033592,0.033489,0.437846839427948,0.002383378567174,0.0010119803482666
O74736_Q09825,0.0035519,0.0035519,0.033671,0.3194411098957062,0.0019565010443329,0.3616147041320801
Q874R3_O13790,0.0040134,0.0040134,0.034686,0.4309276342391968,0.9988505840301514,0.9814863801002502
O74511_Q9USU3,0.0033063,0.0033063,0.033843,0.03215812146663666,0.0054867705330252,0.0091797010973095
O13728_Q09933,0.0061121,0.0061121,0.033981,0.09077633172273636,0.0165820159018039,0.3499480783939361
O94272_Q09906,0.0033614,0.0033614,0.033575,0.40646475553512573,0.0119942622259259,0.004578995052725
Q9P7F9_O13728,0.0034295,0.0034295,0.033468,0.03906317055225372,0.001284755882807,0.0005803389358334
O94376_Q10099,0.0032721,0.0032721,0.033944,0.09271497279405594,0.0252586919814348,0.0169267393648624
P0C5Y7_P79015,0.27547,0.27547,0.060978,0.1471443474292755,0.998790681362152,0.0474819540977478
P40997_Q12126,0.0036467,0.0036467,0.033501,0.34094035625457764,0.2370100617408752,0.1125210970640182
Q07538_Q9USP0,0.0035569,0.0035569,0.033668,0.18189191818237305,0.0070773195475339,0.0078642852604389
O13802_Q09824,0.0041743,0.0041743,0.03966,0.08454662561416626,0.0242422018200159,0.0405329316854476
Q09772_Q09127,0.003732,0.003732,0.033979,0.02572009339928627,0.9988769888877868,0.004517612978816
O42905_O14269,0.003827,0.003827,0.033791,0.08127393573522568,0.9985100626945496,0.7553918361663818
Q9UUE5_Q9UT46,0.0037746,0.0037746,0.035887,0.4124733805656433,0.0496796332299709,0.9548091888427734
P50523_O43070,0.0034199,0.0034199,0.033603,0.10716234892606735,0.002223792951554,0.0003425496688578
P07334_P07527,0.0056933,0.0056933,0.059206,0.20121429860591888,0.9989786148071288,0.9917731881141664
O42995_O94244,0.50413,0.50413,0.11318,0.1491292417049408,0.3313893973827362,0.1512173265218734
Q10477_O14327,0.0071286,0.0071286,0.033913,0.4017714262008667,0.0016070894198492,0.0074152071028947
O13672_Q9UT32,0.0039158,0.0039158,0.037261,0.0009731565951369703,0.9990547299385072,0.9955451488494872
O94444_Q9P6R1,0.0037151,0.0037151,0.033532,0.1717400997877121,0.9986482262611388,0.0878474116325378
Q4PIR3_O42975,0.0050548,0.0050548,0.034195,0.12003930658102036,0.9989626407623292,0.2974064946174621
O74360_Q09772,0.00344,0.00344,0.033919,0.04777536168694496,0.0160889942198991,0.8487866520881653
O59836_O14230,0.0031659,0.0031659,0.033764,0.17754678428173065,0.0033497372642159,0.0053882896900177
Q9UTI8_P30261,0.01083,0.01083,0.065822,0.07997497171163559,0.9988570213317872,0.0211444422602653
P48009_O94326,0.003186,0.003186,0.033546,0.1156369000673294,0.0017312907148152,0.1961723864078521
Q9USU3_P36618,0.0034237,0.0034237,0.034193,0.4531792104244232,0.0052878032438457,0.012871615588665
O59767_O59680,0.006261,0.006261,0.033571,0.15482495725154877,0.0088039198890328,0.000926403386984
P28748_Q09772,0.003992,0.003992,0.19923,0.013116993010044098,0.0080067431554198,0.0097050480544567
O43036_Q9P7P1,0.0031442,0.0031442,0.033593,0.07745958864688873,0.9985743761062622,0.1214900389313697
O74311_P07334,0.0033023,0.0033023,0.033577,0.1115276888012886,0.99891197681427,0.14131560921669
Q09772_Q9UT32,0.0033534,0.0033534,0.03479,0.5336490273475647,0.9988467693328856,0.0746800526976585
Q9Y7M6_Q09683,0.0031868,0.0031868,0.033518,0.005069058854132891,0.882689893245697,0.7522858381271362
A6X980_O42975,0.0031883,0.0031883,0.034591,0.03685064986348152,0.9933189153671264,0.3386390209197998
Q96WW3_Q9UTR8,0.0045462,0.0045462,0.038405,0.08637412637472153,0.9988815188407898,0.949165403842926
O59767_Q9UT32,0.0032625,0.0032625,0.033798,0.18282394111156464,0.805842936038971,0.3065872192382812
P07527_O42832,0.003614,0.003614,0.03379,0.007697023451328278,0.0312278419733047,0.3053363859653473
Q9P7V3_O00102,0.0036894,0.0036894,0.033468,0.371742308139801,0.0047860937193036,0.0017276657745242
O74465_O74904,0.0037814,0.0037814,0.033844,0.005750611424446106,0.0159104224294424,0.0036938621196895
O74966_P41005,0.0039995,0.0039995,0.03414,0.32682928442955017,0.145648255944252,0.0368376970291137
Q10668_Q9UT52,0.0034084,0.0034084,0.047492,0.1738830804824829,0.9987980127334596,0.8502719402313232
Q9C107_Q9USP9,0.0032841,0.0032841,0.034377,0.4629852771759033,0.9990053772926332,0.4944931864738464
P40997_O94609,0.0034166,0.0034166,0.033556,0.10868381708860397,0.920393168926239,0.1336980611085891
Q9Y7M4_Q10169,0.018173,0.018173,0.44517,0.333816796541214,0.0048377886414527,0.0110588446259498
Q9UUJ1_P40984,0.0033615,0.0033615,0.061112,0.3539167642593384,0.0102803511545062,0.0051124338060617
P36582_Q9UUI1,0.0045251,0.0045251,0.034203,0.018974583595991135,0.0099158138036727,0.0044863075017929
P87215_Q12381,0.0078132,0.0078132,0.033549,0.16365911066532135,0.0174153670668602,0.0083068050444126
O74957_O14417,0.0034665,0.0034665,0.033789,0.23168782889842987,0.0158557668328285,0.0171991903334856
P0CT70_P21534,0.013369,0.013369,0.033718,0.18313321471214294,0.0047319857403635,0.0447445586323738
P40377_P36616,0.0057147,0.0057147,0.034869,0.24956154823303223,0.0492135770618915,0.0186059605330228
O74531_Q9UU79,0.0039206,0.0039206,0.033703,0.5457739233970642,0.0089310891926288,0.0020473571494221
A6X980_Q92399,0.0032104,0.0032104,0.039752,0.6230700612068176,0.8278047442436218,0.0079647935926914
O74790_O94450,0.0036558,0.0036558,0.033478,0.06813156604766846,0.0086576072499156,0.0042672757990658
Q09683_Q09142,0.003602,0.003602,0.033868,0.16900184750556946,0.9987812638282776,0.9804486632347108
P87231_P50527,0.0065136,0.0065136,0.033759,0.0881594642996788,0.0032161937560886,0.5612572431564331
P0CH07_O74804,0.0035161,0.0035161,0.033519,0.5791165828704834,0.004408354870975,0.0131337568163871
Q10173_O94556,0.0035339,0.0035339,0.033484,0.24040678143501282,0.0052557913586497,0.1526741683483123
Q9UUJ1_P17937,0.0031616,0.0031616,0.14046,0.40723809599876404,0.9986257553100586,0.0335372127592563
O14352_P04688,0.0059627,0.0059627,0.037984,0.15722528100013733,0.0118452087044715,0.0191575139760971
Q10317_P05767,0.0059553,0.0059553,0.038784,0.8025583624839783,0.0693900510668754,0.0180900078266859
Q96TL7_Q10668,0.0036132,0.0036132,0.037734,0.3484571576118469,0.9988957643508912,0.9858184456825256
Q10271_P40371,0.0033753,0.0033753,0.033476,0.06561265885829926,0.0040045208297669,0.0061623915098607
Q9P7X1_O13688,0.0033126,0.0033126,0.033557,0.20145317912101746,0.0029136394150555,0.0119193559512496
P87169_O94705,0.0031797,0.0031797,0.033528,0.11620527505874634,0.0070814024657011,0.0004709777131211
O43120_O14269,0.0057232,0.0057232,0.033678,0.0531730093061924,0.0177538283169269,0.0655424296855926
P10989_Q1MTQ1,0.0034654,0.0034654,0.034006,0.28673839569091797,0.049908947199583,0.0077402316965162
P56523_O14036,0.0036866,0.0036866,0.033551,0.25396019220352173,0.001563464757055,0.0024890962522476
Q9USH1_Q9P7B7,0.0034542,0.0034542,0.034475,0.11972057074308395,0.9979762434959412,0.0422978214919567
P09988_P05501,0.003452,0.003452,0.03376,0.4291684031486511,0.0018093349644914,0.0019857585430145
O59836_Q9P7Q8,0.0031268,0.0031268,0.034177,0.19810613989830017,0.0045728590339422,0.0950480923056602
O13889_P56523,0.0037258,0.0037258,0.033748,0.4838395118713379,0.0053230253979563,0.0513026043772697
Q96TL7_Q09882,0.0033054,0.0033054,0.034353,0.22737066447734833,0.9984371066093444,0.2185660749673843
P36622_P32434,0.0047918,0.0047918,0.033975,0.1675569713115692,0.0011253281263634,0.0083756279200315
P07657_P79005,0.0039543,0.0039543,0.033472,0.4015755355358124,0.0006977647426538,0.0007032871362753
O74804_P40377,0.0080576,0.0080576,0.034617,0.2985781729221344,0.0074673555791378,0.0093386564403772
P56287_Q9Y7M4,0.0040006,0.0040006,0.033724,0.14248406887054443,0.999042809009552,0.0503071658313274
O94360_O74774,0.0031993,0.0031993,0.033612,0.17284423112869263,0.0265199150890111,0.0020580834243446
O59800_G2TRP5,0.0035244,0.0035244,0.033541,0.03379190340638161,0.0033294793684035,0.0004690336936619
P36625_O94603,0.003244,0.003244,0.034767,0.5667484402656555,0.0252085216343402,0.9705109000205994
Q10103_Q10173,0.0033219,0.0033219,0.033547,0.6646547913551331,0.0197244007140398,0.1923955231904983
O74803_O74560,0.003363,0.003363,0.034216,0.11520958691835403,0.0133970268070697,0.2194332927465438
P28748_P87027,0.21655,0.21655,0.6335,0.8734670281410217,0.0036001955159008,0.7435095906257629
P04688_O94238,0.0045201,0.0045201,0.033992,0.017771007493138313,0.0161276422441005,0.0872335210442543
P40384_Q9UTR8,0.0033084,0.0033084,0.033723,0.09279971569776535,0.9987788796424866,0.9009164571762084
O14246_P40371,0.0033188,0.0033188,0.033789,0.11555692553520203,0.0058708931319415,0.0226732660084962
P0CF96_P10815,0.0031921,0.0031921,0.039868,0.22379212081432343,0.0134250009432435,0.0031692644115537
O74433_O74517,0.0035214,0.0035214,0.033509,0.005785326007753611,0.8703302145004272,0.0007134943734854
O42991_Q10232,0.0065596,0.0065596,0.045245,0.020887130871415138,0.9990379810333252,0.9020012617111206
O94698_Q9UUE5,0.0032923,0.0032923,0.033918,0.599082887172699,0.9989664554595948,0.2609285116195678
P30261_P87169,0.0031936,0.0031936,0.033849,0.22466759383678436,0.9987547397613524,0.6778010725975037
O42844_O59767,0.042042,0.042042,0.033634,0.05313479155302048,0.2206494808197021,0.2735696732997894
O60016_Q11120,0.003679,0.003679,0.033969,0.17863371968269348,0.0037722226697951,0.1285309195518493
Q10056_P79065,0.0054083,0.0054083,0.033983,0.09990609437227249,0.9987806677818298,0.989672303199768
O94309_Q10282,0.0036905,0.0036905,0.033738,0.5816721320152283,0.031910628080368,0.0152327846735715
P87053_P36629,0.0033046,0.0033046,0.038204,0.08579756319522858,0.0059058791957795,0.0277085211127996
O74771_O13310,0.062253,0.062253,0.033654,0.04027339443564415,0.0262451283633708,0.0133561408147215
Q7LL14_P33886,0.0094446,0.0094446,0.033649,0.6881874203681946,0.0422767698764801,0.18180613219738
Q9Y7L8_Q10272,0.003225,0.003225,0.03493,0.2318701148033142,0.0033776010386645,0.1069011688232421
O94722_Q9Y7L8,0.0042044,0.0042044,0.033777,0.5286960005760193,0.000829511322081,0.0019581450615078
Q9UTI8_Q9US45,0.0069209,0.0069209,0.034387,0.5810098052024841,0.9988489151000975,0.012342195957899
P87215_O13877,0.0078296,0.0078296,0.14112,0.016916658729314804,0.0077885650098323,0.0309161823242902
P40380_Q10192,0.010459,0.010459,0.035377,0.5778027176856995,0.9954833984375,0.0849622786045074
Q9HGL6_P33520,0.0032435,0.0032435,0.033618,0.4426828622817993,0.0065623554401099,0.1256780326366424
Q9USL5_P87245,0.0034217,0.0034217,0.033558,0.34529364109039307,0.0054830200970172,0.019100459292531
P36595_O74533,0.0039876,0.0039876,0.038243,0.17370159924030304,0.5100669264793396,0.1104093119502067
P78963_Q96WW3,0.0044825,0.0044825,0.033649,0.07469610124826431,0.0252502355724573,0.7298723459243774
Q9Y7Z1_O13964,0.003178,0.003178,0.035386,0.21349093317985535,0.9985232949256896,0.3244529366493225
Q96TL7_O74536,0.0040652,0.0040652,0.035455,0.18664924800395966,0.9977230429649352,0.3204705417156219
Q9USV3_Q10316,0.0041001,0.0041001,0.03363,0.2756708264350891,0.999057948589325,0.3500833809375763
P0CT60_O59703,0.0031222,0.0031222,0.033606,0.8104830384254456,0.0025165872648358,0.0020941123366355
O74483_Q09116,0.0032089,0.0032089,0.033494,0.36411622166633606,0.00069339456968,0.0009767247829586
O74533_O74957,0.0032772,0.0032772,0.0335,0.09097585082054138,0.008714753203094,0.0062488857656717
O59800_P87231,0.00347,0.00347,0.033959,0.614343523979187,0.989978551864624,0.306537926197052
O74772_Q9P7X1,0.0034024,0.0034024,0.033897,0.13296042382717133,0.0020560286939144,0.0043368088081479
O74515_Q92372,0.0035372,0.0035372,0.03894,0.40978455543518066,0.9990841150283812,0.026310496032238
O13615_Q10429,0.003994,0.003994,0.034976,0.23997218906879425,0.0129782566800713,0.2356539070606231
O94238_P33520,0.0033737,0.0033737,0.033751,0.18382036685943604,0.0053236968815326,0.0082403011620044
P78946_Q9HDY7,0.016576,0.016576,0.034834,0.05430680140852928,0.0160364061594009,0.0063516544178128
Q09196_Q10108,0.0035363,0.0035363,0.033435,0.47521185874938965,0.0097275618463754,0.0084873614832758
Q9UUC1_O14010,0.0032629,0.0032629,0.03432,0.06180471181869507,0.9987323880195618,0.0345098711550235
O36027_P87215,0.0034016,0.0034016,0.034887,0.7234468460083008,0.9983627200126648,0.0119215352460742
Q10134_O74803,0.17838,0.17838,0.035868,0.21277572214603424,0.9989527463912964,0.5733447670936584
Q09685_Q09698,0.0036543,0.0036543,0.035468,0.010115212760865688,0.99850732088089,0.913244366645813
Q9P7P2_P78946,0.0062905,0.0062905,0.036127,0.0984066054224968,0.0100906156003475,0.0135502638295292
O74511_P36601,0.0034993,0.0034993,0.034625,0.17824549973011017,0.0116962380707263,0.0432733930647373
P09988_P48009,0.0087383,0.0087383,0.033615,0.14172901213169098,0.0031449070665985,0.0049914051778614
P87053_Q0E7J7,0.0032247,0.0032247,0.036458,0.001602878444828093,0.0042507303878664,0.0830674469470977
O74718_Q96WW3,0.0054534,0.0054534,0.052074,0.24834686517715454,0.9989283680915833,0.9908588528633118
O94408_Q9UT72,0.041784,0.041784,0.033628,0.10062399506568909,0.9990542531013488,0.0098867993801832
O14459_O14036,0.026689,0.026689,0.081917,0.17858080565929413,0.999014377593994,0.8786752223968506
P78953_O94285,0.0034089,0.0034089,0.045629,0.23879438638687134,0.0028065759688615,0.0241953805088996
O94620_Q9USV3,0.0031171,0.0031171,0.033641,0.5834073424339294,0.0352926403284072,0.0552529543638229
P87173_O94450,0.0033654,0.0033654,0.033633,0.09508936107158661,0.00178536423482,0.0016089426353573
P0CT70_O94616,0.0046197,0.0046197,0.036492,0.2783678472042084,0.9990136623382568,0.8593624234199524
Q9UT52_O14229,0.0031742,0.0031742,0.040352,0.18808943033218384,0.9976529479026794,0.6809312105178833
Q10428_Q09177,0.0032165,0.0032165,0.033876,0.26889434456825256,0.0064345500431954,0.0056461472995579
P50530_O74515,0.0072283,0.0072283,0.035259,0.38340240716934204,0.0416367314755916,0.1169525012373924
Q9USV1_Q09822,0.0045389,0.0045389,0.03526,0.5249336957931519,0.0013828928349539,0.5063527226448059
P09322_O14399,0.011949,0.011949,0.040231,0.6509841680526733,0.0303880646824836,0.0009804944274947
O60164_O75011,0.0037112,0.0037112,0.033961,0.12619228661060333,0.2225237041711807,0.7649635076522827
O42991_Q9US59,0.0070007,0.0070007,0.034201,0.080655038356781,0.0212724693119525,0.041963193565607
O60129_Q10477,0.0032672,0.0032672,0.034305,0.231034055352211,0.9987082481384276,0.7347031831741333
P41005_Q09154,0.0046759,0.0046759,0.033636,0.3770609200000763,0.0013569489819929,0.0019059451296925
Q9URY2_O43071,0.0033321,0.0033321,0.033684,0.2745016813278198,0.0029474082402884,0.0433566123247146
P32586_Q09170,0.0044598,0.0044598,0.034517,0.16744698584079742,0.0404255390167236,0.9836878776550292
O59702_P41412,0.0032206,0.0032206,0.033663,0.13668479025363922,0.0064858384430408,0.0245542917400598
Q09819_Q9Y7Z1,0.0048949,0.0048949,0.036305,0.06118282675743103,0.9974868297576904,0.990752935409546
Q9P802_Q9USV3,0.0031196,0.0031196,0.033487,0.6001151204109192,0.9987784028053284,0.0268240757286548
P40372_Q10163,0.029543,0.029543,0.065449,0.11384369432926178,0.9989696741104126,0.0768917798995971
Q9Y7M4_Q10173,0.0031072,0.0031072,0.033543,0.2639951705932617,0.0128707252442836,0.0028571533039212
Q09825_O42978,0.0036196,0.0036196,0.035906,0.38425976037979126,0.001821981742978,0.0010153996990993
Q92366_P41005,0.0067578,0.0067578,0.035796,0.19695352017879486,0.0238137412816286,0.0184259172528982
P79010_O94408,0.016259,0.016259,0.033717,0.2994130551815033,0.9986940026283264,0.0033171393442898
Q9P779_Q9USM8,0.042229,0.042229,0.034733,0.4088593125343323,0.9990429282188416,0.9940662384033204
P07657_O94360,0.0031944,0.0031944,0.033575,0.32815155386924744,0.00065721134888,0.0019955898169428
O14459_Q10109,0.0033219,0.0033219,0.034414,0.20064885914325714,0.0020659675356,0.0291503090411424
Q9Y7Z1_Q9UUC6,0.040561,0.040561,0.040676,0.13213643431663513,0.9989853501319884,0.276552677154541
O74499_P41411,0.0035014,0.0035014,0.033583,0.19731207191944122,0.015424370765686,0.0207254271954298
Q9UUB5_Q09824,0.0033992,0.0033992,0.034285,0.3726981580257416,0.9966290593147278,0.1062576472759246
O13877_O94616,0.0032253,0.0032253,0.035299,0.04720168560743332,0.999086618423462,0.9903068542480468
P40996_O42978,0.0039362,0.0039362,0.03605,0.019544260576367378,0.0019847287330776,0.0030662768986076
Q9P7Q8_O74736,0.0033523,0.0033523,0.033878,0.12203508615493774,0.0026802220381796,0.3081382513046264
O14399_O42954,0.0037254,0.0037254,0.08488,0.39849740266799927,0.0306697562336921,0.0116303618997335
Q9P7E0_Q9P7X1,0.0048458,0.0048458,0.036001,0.18378275632858276,0.998985230922699,0.6995561718940735
P54789_O94408,0.006372,0.006372,0.033611,0.17049641907215118,0.0939844995737075,0.0054237167350947
Q10322_O13712,0.0037008,0.0037008,0.033752,0.09049907326698303,0.0032408903352916,0.1017570495605468
Q10428_A6X980,0.0032059,0.0032059,0.034094,0.10490360856056213,0.0137502653524279,0.3011148571968078
O13936_O14036,0.0096272,0.0096272,0.098957,0.5406349301338196,0.9990339279174804,0.9736440777778624
O13688_O74988,0.0031406,0.0031406,0.033517,0.18427374958992004,0.0663592293858528,0.0012628075201064
O74991_O59945,0.0038563,0.0038563,0.033568,0.1213056817650795,0.0050734472461044,0.0148408347740769
O74718_Q09698,0.0036493,0.0036493,0.036285,0.08966134488582611,0.283044159412384,0.6144565939903259
P40996_Q9UT46,0.0033969,0.0033969,0.033869,0.2728659510612488,0.008274195715785,0.0534348785877227
O94450_Q9UUC1,0.0034957,0.0034957,0.033615,0.17889301478862762,0.1584537327289581,0.0029007045086473
P05733_Q9HE05,0.0042002,0.0042002,0.039373,0.11147625744342804,0.9976909160614014,0.0034998061601072
O59945_Q9P7M3,0.0031541,0.0031541,0.033524,0.09633117914199829,0.0052086762152612,0.0049698934890329
P87245_O74558,0.0033347,0.0033347,0.034029,0.2125977724790573,0.0180427264422178,0.0190288443118333
P01129_P49731,0.0040452,0.0040452,0.03501,0.3133043050765991,0.0142845390364527,0.6294236183166504
P54789_P41887,0.0033314,0.0033314,0.034285,0.4703139066696167,0.0256719514727592,0.0136545365676283
O59945_Q09760,0.0033829,0.0033829,0.033502,0.008372670039534569,0.0099342046305537,0.0165884010493755
P87176_O74986,0.003369,0.003369,0.035968,0.26223817467689514,0.9981867671012878,0.8430914878845215
O13681_Q10109,0.019734,0.019734,0.043932,0.45072048902511597,0.002338467631489,0.9804219603538512
O59680_Q9HGL6,0.0036507,0.0036507,0.03355,0.08568465709686279,0.9986728429794312,0.0023700406309217
O74517_Q09698,0.0041791,0.0041791,0.036507,0.006139006000012159,0.998653769493103,0.9893296360969543
P40848_Q03392,0.003402,0.003402,0.033723,0.024644171819090843,0.9981549382209778,0.014146713539958
O42667_Q09825,0.0032848,0.0032848,0.033627,0.05359763652086258,0.0089976182207465,0.0401253290474414
O94581_P14575,0.033892,0.033892,0.21527,0.5923663377761841,0.99873286485672,0.9069740772247314
O94423_P78794,0.0034073,0.0034073,0.035056,0.21391046047210693,0.0291205942630767,0.1457305997610092
P87126_P36582,0.0037574,0.0037574,0.034162,0.2049035280942917,0.0031024711206555,0.0280088521540164
O42832_Q9P784,0.0094439,0.0094439,0.11756,0.44464364647865295,0.9985944628715516,0.9961955547332764
Q09892_Q10432,0.013637,0.013637,0.035941,0.14993241429328918,0.0248878132551908,0.0168944839388132
O43114_O13889,0.0040475,0.0040475,0.033625,0.5715259909629822,0.0015515323029831,0.0253799576312303
O74796_Q09717,0.0033031,0.0033031,0.033569,0.6003653407096863,0.0096904253587126,0.0572925470769405
Q9URY2_O13802,0.0040138,0.0040138,0.033626,0.4473802149295807,0.0069579905830323,0.2215624302625656
P30261_O94244,0.0039693,0.0039693,0.048716,0.005980947986245155,0.9988172054290771,0.6109592318534851
Q9P7P1_Q9HGQ3,0.0032993,0.0032993,0.033685,0.008340422995388508,0.0030044987797737,0.0031736299861222
O13782_O74555,0.0032305,0.0032305,0.033684,0.728069543838501,0.00154985638801,0.0192797239869833
O14216_O74985,0.0032174,0.0032174,0.033953,0.5894120335578918,0.1333217173814773,0.9538846015930176
Q10198_Q9P7B8,0.0031888,0.0031888,0.033754,0.14442242681980133,0.0302345529198646,0.1104825213551521
Q9USG6_P87306,0.0031393,0.0031393,0.03402,0.035166457295417786,0.998960256576538,0.0145265599712729
P36601_Q9Y821,0.0036496,0.0036496,0.033786,0.10165078192949295,0.0098010255023837,0.0233518201857805
O13685_Q09177,0.0036277,0.0036277,0.22222,0.22358211874961853,0.0080404710024595,0.0020384551025927
P41887_O94581,0.003333,0.003333,0.033737,0.288862407207489,0.0658455640077591,0.0421634875237941
P26306_Q9Y818,0.0063515,0.0063515,0.033524,0.4230654239654541,0.9976840019226074,0.0023966829758137
Q10429_P36585,0.0033578,0.0033578,0.038933,0.3690164089202881,0.0349751077592372,0.0631437227129936
O13782_O13985,0.0034221,0.0034221,0.033536,0.06172077730298042,0.0373420044779777,0.1855722963809967
O94603_O74796,0.0033884,0.0033884,0.033977,0.12783518433570862,0.0524822473526001,0.7242353558540344
O13953_O43114,0.0032156,0.0032156,0.033655,0.008216132409870625,0.0029529526364058,0.1230866312980651
P0CG72_Q9P7J8,0.044618,0.044618,0.044865,0.032253604382276535,0.0652385056018829,0.003862029640004
P79005_Q96TL7,0.0033922,0.0033922,0.036777,0.5314539670944214,0.9981772899627686,0.9949718713760376
O60187_O94542,0.0035777,0.0035777,0.03454,0.04068513587117195,0.0068914261646568,0.9490830302238464
P87051_O74560,0.003155,0.003155,0.033636,0.3061670660972595,0.9981083869934082,0.0068945037201046
Q9P7E0_Q9P7Y4,0.0036402,0.0036402,0.033542,0.053568627685308456,0.0096077602356672,0.0024311291053891
Q9HFE5_A6X980,0.0031831,0.0031831,0.03442,0.018286077305674553,0.012890581972897,0.0071132816374301
O74736_P32434,0.003321,0.003321,0.033912,0.15193650126457214,0.0026965457946062,0.0122995935380458
P05764_Q12381,0.012823,0.012823,0.03361,0.013137340545654297,0.0048778750933706,0.0009638067567721
P48011_O74515,0.2315,0.2315,0.033924,0.5200065970420837,0.9892767667770386,0.0076778582297265
Q9P6Q0_O59836,0.0032419,0.0032419,0.033961,0.22132202982902527,0.9124670624732972,0.0881476253271102
Q9UST6_Q09150,0.0031034,0.0031034,0.033745,0.40916043519973755,0.0093533052131533,0.0184822883456945
Q9P4W1_Q09933,0.0058938,0.0058938,0.033841,0.0710177794098854,0.0120023898780345,0.0006096924189478
O42661_Q09170,0.0044616,0.0044616,0.051152,0.1329064816236496,0.0145589644089341,0.0093329893425107
O14122_P56523,0.0034309,0.0034309,0.033707,0.1529296189546585,0.0014516395749524,0.0072470353916287
Q9P7B7_P36613,0.0031941,0.0031941,0.03397,0.27689632773399353,0.9986786246299744,0.7694706320762634
O13988_O59800,0.0033777,0.0033777,0.03609,0.407941609621048,0.0169768631458282,0.0387794263660907
P32390_O14417,0.0032439,0.0032439,0.033573,0.10917459428310394,0.0077078263275325,0.2046914249658584
Q09191_Q09924,0.003557,0.003557,0.034885,0.6003350615501404,0.0092080431059002,0.0408134572207927
O94658_O13351,0.0070297,0.0070297,0.033599,0.48337578773498535,0.0625191554427146,0.0134184658527374
Q96WV9_O13782,0.065164,0.065164,0.033586,0.3320721983909607,0.98139750957489,0.0347308032214641
P36622_P87174,0.0032595,0.0032595,0.033928,0.2920345664024353,0.012623094022274,0.0916765555739402
Q9P6R1_O59800,0.0040798,0.0040798,0.03458,0.13409681618213654,0.0119409682229161,0.1744998395442962
Q9HDX9_Q09142,0.0051365,0.0051365,0.033699,0.48676639795303345,0.9842058420181274,0.346835047006607
O42832_O94288,0.0041625,0.0041625,0.053238,0.10833600908517838,0.9988928437232972,0.9962218999862672
O74790_P40995,0.0043313,0.0043313,0.033459,0.10317637026309967,0.026205139234662,0.0507641658186912
O13916_O74747,0.0034391,0.0034391,0.034591,0.41048571467399597,0.0136768445372581,0.0144149996340274
Q0E7J7_P78789,0.0040027,0.0040027,0.034094,0.40318408608436584,0.0018268931889906,0.0244752205908298
Q09760_O74736,0.0032943,0.0032943,0.03451,0.009675299748778343,0.002733303932473,0.1960720419883728
Q9USU3_O74533,0.0033281,0.0033281,0.033572,0.11564094573259354,0.0061579747125506,0.794926106929779
O13826_O13758,0.003382,0.003382,0.034612,0.08859380334615707,0.9986785054206848,0.0218561980873346
P87310_C6Y4D0,0.0032627,0.0032627,0.033757,0.643024742603302,0.9991058707237244,0.0473507568240165
Q10099_P05767,0.054826,0.054826,0.056433,0.8436022400856018,0.9982705116271972,0.9084344506263732
O13782_O74966,0.0038748,0.0038748,0.033497,0.30729326605796814,0.0020113859791308,0.0043065072968602
O13684_O94263,0.0049685,0.0049685,0.03382,0.10834857076406479,0.9989099502563475,0.0906214788556099
Q9UT72_P41412,0.0032838,0.0032838,0.034201,0.20550723373889923,0.0146719040349125,0.0047171912156045
O13828_Q09924,0.0060153,0.0060153,0.034069,0.04203750938177109,0.9965829253196716,0.05829618871212
O13286_O14388,0.0070246,0.0070246,0.035942,0.6417516469955444,0.9358145594596864,0.009494493715465
O94321_O94698,0.0032073,0.0032073,0.035211,0.023559464141726494,0.0032674351241439,0.0431835390627384
P78761_P78794,0.0037897,0.0037897,0.033579,0.3392792046070099,0.0049208924174308,0.033479917794466
Q09127_O36027,0.0034496,0.0034496,0.035668,0.21543429791927338,0.9989927411079408,0.0080671599134802
O13916_O74483,0.0041016,0.0041016,0.88717,0.006959292571991682,0.0049328473396599,0.0075183124281466
P0CF96_Q10232,0.0034998,0.0034998,0.034671,0.3994552493095398,0.9988853335380554,0.0057991580106318
O94707_O14229,0.0034854,0.0034854,0.035901,0.621826708316803,0.7830672860145569,0.94341242313385
O74854_Q9HGQ3,0.0034293,0.0034293,0.033781,0.03458226099610329,0.003166046924889,0.0118576446548104
O14343_O14388,0.0046431,0.0046431,0.03404,0.05433513596653938,0.0097841573879122,0.0320025868713855
P79071_P87123,0.0064664,0.0064664,0.036998,0.010645910166203976,0.9990179538726808,0.0182715598493814
P41412_P40372,0.0041203,0.0041203,0.036334,0.477815717458725,0.0052961041219532,0.0058016930706799
O94355_Q9P7M1,0.0032151,0.0032151,0.033688,0.046129390597343445,0.9990148544311525,0.6708225011825562
O74515_Q9UUA8,0.0033011,0.0033011,0.034006,0.11722484230995178,0.0162492878735065,0.0021518694702535
O74555_O14198,0.0032356,0.0032356,0.033871,0.2333938181400299,0.9990346431732178,0.0373908877372741
Q09892_O94316,0.004809,0.004809,0.034578,0.08272469788789749,0.0342313908040523,0.0086962031200528
O74910_Q9P7V3,0.0033192,0.0033192,0.033938,0.4471917450428009,0.0113640548661351,0.0116859255358576
Q00619_O13712,0.035715,0.035715,0.034785,0.019554495811462402,0.0016632985789328,0.0020772160496562
O59767_P87306,0.0038588,0.0038588,0.034686,0.17670385539531708,0.9989744424819946,0.517371654510498
Q09906_O74360,0.0032621,0.0032621,0.033475,0.7791091799736023,0.0083033889532089,0.0400965251028537
Q9Y821_P50530,0.0038032,0.0038032,0.033942,0.004209095612168312,0.0094756335020065,0.1237460747361183
P78761_O94444,0.022609,0.022609,0.033586,0.35814541578292847,0.0113290604203939,0.0022608279250562
Q9UUJ4_O13370,0.0037612,0.0037612,0.033695,0.6539852619171143,0.0150219639763236,0.0052356217056512
O74747_O74471,0.003811,0.003811,0.03352,0.178716242313385,0.0047974251210689,0.000550543423742
O94687_O94360,0.0032671,0.0032671,0.033587,0.0688014104962349,0.0078155454248189,0.0095730926841497
Q09808_Q9P7F9,0.0069761,0.0069761,0.033559,0.05889405310153961,0.0006438994896598,0.0024908219929784
Q9Y7J4_Q9UU79,0.0034228,0.0034228,0.033629,0.11901114135980606,0.951339602470398,0.0406806133687496
P79071_Q9P7M1,0.0057628,0.0057628,0.038468,0.3747348189353943,0.9989176988601683,0.0503220297396183
O13782_O60052,0.01662,0.01662,0.043913,0.11791812628507614,0.9990504384040833,0.9929857850074768
Q9UUC6_O14343,0.0044922,0.0044922,0.034537,0.011495553888380527,0.005577377974987,0.0064694792963564
O59793_O42846,0.0051052,0.0051052,0.035863,0.48609378933906555,0.9988607168197632,0.0855616629123687
Q9C0Z9_P0CT77,0.0037116,0.0037116,0.1203,0.6819339394569397,0.9990682005882264,0.5617461204528809
O42978_P05767,0.79662,0.79662,0.095631,0.20007239282131195,0.1245386824011802,0.0179392416030168
Q10163_P10989,0.0032602,0.0032602,0.033843,0.24630579352378845,0.9256621599197388,0.0043149623088538
P40995_P87324,0.0040041,0.0040041,0.034027,0.3161368668079376,0.0015830300981178,0.3405539393424988
P79005_Q10193,0.0063647,0.0063647,0.048824,0.29460883140563965,0.0105937235057353,0.0156264770776033
Q12126_P79015,0.0044449,0.0044449,0.033517,0.5442965626716614,0.8840608596801758,0.0025389546062797
Q96TL7_O42995,0.0035234,0.0035234,0.041003,0.7486967444419861,0.998894989490509,0.7611151933670044
Q10067_Q4PIR3,0.0040401,0.0040401,0.035116,0.4269115626811981,0.999044954776764,0.0757185816764831
O13688_A6X980,0.0031663,0.0031663,0.034482,0.4409831762313843,0.9989961981773376,0.9014277458190918
O14388_P87159,0.0043054,0.0043054,0.034062,0.22470912337303162,0.0156379677355289,0.008949002251029
P0C5Y7_Q0E7J7,0.018257,0.018257,0.043691,0.09654930979013443,0.99904602766037,0.9275960326194764
Q10477_P50524,0.003207,0.003207,0.034607,0.04337182268500328,0.9988892674446106,0.366334855556488
O59702_O74771,0.0035704,0.0035704,0.03357,0.052170850336551666,0.002127994550392,0.0067290961742401
O94450_O74518,0.0034109,0.0034109,0.033923,0.5917377471923828,0.022915668785572,0.0082981726154685
P05501_O74653,0.0032884,0.0032884,0.033502,0.007899167016148567,0.0024224321823567,0.0016055454034358
Q9HE05_Q4PIR3,0.0059358,0.0059358,0.054789,0.22622132301330566,0.9990021586418152,0.5354726910591125
Q09116_Q9UTR8,0.0033028,0.0033028,0.033529,0.08139725029468536,0.012652464210987,0.0910778418183326
P79063_O43120,0.0035848,0.0035848,0.033751,0.15263564884662628,0.0256105512380599,0.2472667098045349
Q09170_Q9P782,0.0032994,0.0032994,0.03417,0.06375961005687714,0.0078996075317263,0.1076962351799011
Q09933_Q9HDY7,0.0034932,0.0034932,0.035688,0.5078728795051575,0.0123134795576334,0.4999781847000122
Q9Y7M4_Q9Y7N2,0.0082693,0.0082693,0.46508,0.4979313015937805,0.9988269209861756,0.0367255918681621
O13852_Q53EK2,0.0053723,0.0053723,0.033683,0.6421089768409729,0.0132816825062036,0.0174839347600936
Q9US52_P41410,0.003782,0.003782,0.033665,0.06896644830703735,0.0600727722048759,0.0262045189738273
Q92399_Q09825,0.00354,0.00354,0.036418,0.028193984180688858,0.0025103194639086,0.0030970002990216
Q1MTQ1_P40984,0.0063088,0.0063088,0.034213,0.10896383970975876,0.006196953356266,0.0040086288936436
Q9P7Q8_O74533,0.003119,0.003119,0.033523,0.12482099235057831,0.000998017261736,0.004580486100167
Q9P3B2_O42954,0.0034149,0.0034149,0.033496,0.02574080228805542,0.0040211929008364,0.0006323794368654
Q9P7M1_P40984,0.018735,0.018735,0.033614,0.7477978467941284,0.0096476059406995,0.0111086480319499
Q4PIR3_Q9UT52,0.0042219,0.0042219,0.036682,0.17635421454906464,0.9988273978233336,0.0671045556664466
O94285_Q10103,0.0033,0.0033,0.040459,0.6040497422218323,0.9989529848098756,0.1658409684896469
O59793_O74910,0.0033174,0.0033174,0.035561,0.09396746754646301,0.8762040138244629,0.9458619952201844
O74796_Q9Y7N2,0.0034823,0.0034823,0.076776,0.38597366213798523,0.9990239143371582,0.3417663276195526
Q09924_Q09698,0.003515,0.003515,0.035109,0.5618057250976562,0.4516791999340057,0.0650364011526107
Q09142_Q12126,0.0051181,0.0051181,0.034655,0.2167409062385559,0.0241126660257577,0.4134860932826996
O43114_O42932,0.0032291,0.0032291,0.033581,0.3434946537017822,0.0010820053284987,0.0050627016462385
O74791_Q9P7M1,0.0063011,0.0063011,0.036663,0.05757005512714386,0.9989020824432372,0.9266600608825684
O13685_O74957,0.029633,0.029633,0.035225,0.31507354974746704,0.975102424621582,0.0026235312689095
Q09116_Q9UT72,0.0032869,0.0032869,0.033555,0.4656926691532135,0.0053992150351405,0.6525073051452637
O13672_Q09916,0.0045166,0.0045166,0.03731,0.05322200059890747,0.9990399479866028,0.6344131827354431
O13953_O74718,0.0042073,0.0042073,0.040815,0.03453604131937027,0.1544745415449142,0.4182419180870056
O36023_Q10173,0.0082415,0.0082415,0.03349,0.058704789727926254,0.0062515446916222,0.6581350564956665
P36614_O59945,0.0034356,0.0034356,0.036284,0.2565281093120575,0.0050929058343172,0.0320198461413383
O94698_O14241,0.0032062,0.0032062,0.033666,0.029560010880231857,0.0138182966038584,0.0193581655621528
P08092_Q96WW3,0.0034898,0.0034898,0.033526,0.12386259436607361,0.0145630007609725,0.1264403909444809
P10989_Q09858,0.0031866,0.0031866,0.037017,0.03890005499124527,0.0130992392078042,0.0196460336446762
P36601_P41410,0.00394,0.00394,0.060776,0.28593146800994873,0.0471532568335533,0.145708829164505
O14198_Q9UTI3,0.0031552,0.0031552,0.033835,0.013600318692624569,0.0023505452554672,0.0139754293486475
O42844_A6X980,0.003268,0.003268,0.033669,0.008468049578368664,0.0525954030454158,0.0683805644512176
Q09127_Q9USM8,0.003599,0.003599,0.033719,0.06857170164585114,0.0082869296893477,0.0051860259845852
Q92399_P36583,0.0044482,0.0044482,0.048351,0.09955447912216187,0.0013515159953385,0.0011784031521528
Q9P7M3_O42995,0.0031462,0.0031462,0.035669,0.09405907243490219,0.0375370867550373,0.0183176379650831
O13310_O14198,0.0035183,0.0035183,0.033681,0.13790184259414673,0.0012514818226918,0.0078347399830818
O94534_Q10192,0.0036177,0.0036177,0.034371,0.5466241836547852,0.0307568479329347,0.1781894266605377
O74465_O94687,0.0038771,0.0038771,0.035225,0.05427582934498787,0.9949648976325988,0.5501172542572021
Q10282_P87309,0.0031311,0.0031311,0.044803,0.4549018144607544,0.0592304170131683,0.547965407371521
P32390_O74517,0.0031714,0.0031714,0.034082,0.11850029975175858,0.9983502626419068,0.6327238082885742
P78972_O43080,0.0034003,0.0034003,0.034902,0.11438330262899399,0.0132034542039036,0.0062693967483937
O94316_P08965,0.0033831,0.0033831,0.034054,0.01179476547986269,0.9987034797668456,0.0181559715420007
O94309_O14241,0.0033338,0.0033338,0.033529,0.059823159128427505,0.0234418269246816,0.0020333116408437
Q09142_O94534,0.0033069,0.0033069,0.035619,0.37594130635261536,0.0083523178473114,0.7587571144104004
P10989_Q02088,0.11898,0.11898,0.033511,0.34638020396232605,0.0127988616004586,0.0956447198987007
O94668_Q9HE05,0.0036331,0.0036331,0.034875,0.18557922542095184,0.9985358715057372,0.00730666751042
P36592_P0C5Y7,0.0034137,0.0034137,0.034817,0.21009060740470886,0.9990216493606568,0.0137343788519501
P56287_O94687,0.0048866,0.0048866,0.033819,0.8493387699127197,0.0283899679780006,0.0358200147747993
O14339_P56286,0.016687,0.016687,0.075101,0.027335602790117264,0.9990617632865906,0.5417904257774353
Q09808_P40984,0.0039567,0.0039567,0.034539,0.2802693247795105,0.9977793097496032,0.0083797872066497
Q10366_Q9Y7L8,0.003187,0.003187,0.034074,0.3354330360889435,0.0013259086990728,0.0310741998255252
Q10343_O14269,0.0050846,0.0050846,0.034288,0.3224620223045349,0.0101417601108551,0.0281307063996791
P48011_P41411,0.0041686,0.0041686,0.033489,0.0791705772280693,0.0060398168861866,0.0025337080005556
Q53EK2_P78946,0.0052214,0.0052214,0.033855,0.030341165140271187,0.0068364441394805,0.0040465435013175
P0CT68_Q6BDR8,0.0032935,0.0032935,0.034174,0.45258989930152893,0.0020777073223143,0.017255799844861
Q9UUI1_Q09127,0.015189,0.015189,0.034546,0.22631680965423584,0.999098777770996,0.0148672880604863
Q09150_O74955,0.0031283,0.0031283,0.033546,0.42163145542144775,0.0049667465500533,0.0082630505785346
P41887_P87324,0.0033324,0.0033324,0.033831,0.17497189342975616,0.9986907839775084,0.0924979597330093
P87174_P41887,0.0037793,0.0037793,0.03417,0.03604678809642792,0.9990575909614564,0.4022043943405151
P06652_P34208,0.0033796,0.0033796,0.034078,0.1408335119485855,0.9978274703025818,0.141424611210823
O14327_P78972,0.0036532,0.0036532,0.03595,0.744027316570282,0.0130472285673022,0.0061720246449112
P04551_Q9US52,0.0031617,0.0031617,0.033445,0.5294055938720703,0.0188880544155836,0.019991947337985
O13782_O14010,0.0051669,0.0051669,0.03401,0.2470206767320633,0.0028125580865889,0.0411727726459503
O74531_Q9Y709,0.0038168,0.0038168,0.037988,0.08934874087572098,0.4401790201663971,0.9256169199943542
O94360_P41889,0.0031544,0.0031544,0.033522,0.05305306613445282,0.0032839316409081,0.0026490539312362
Q10429_O14318,0.00328,0.00328,0.035916,0.6216692328453064,0.9710427522659302,0.2252714484930038
O42832_P34208,0.0035623,0.0035623,0.034363,0.407918781042099,0.0121800787746906,0.0073983343318104
P87309_O13916,0.0032958,0.0032958,0.034133,0.5585498213768005,0.004639531020075,0.0147168962284922
Q10103_Q10056,0.0036191,0.0036191,0.033888,0.5795446634292603,0.9773788452148438,0.983161687850952
O14230_O42991,0.0031359,0.0031359,0.033565,0.05649402365088463,0.0026516304351389,0.0506881549954414
Q09772_O94326,0.0032339,0.0032339,0.036523,0.09092611074447632,0.9988453388214112,0.6081444025039673
O94609_Q9Y7Z1,0.0034145,0.0034145,0.033786,0.3411101698875427,0.004465811420232,0.6694010496139526
P12000_Q9USV1,0.0055002,0.0055002,0.038038,0.01324786338955164,0.9989678859710692,0.6349863409996033
P07334_P05733,0.0076214,0.0076214,0.033811,0.01675283908843994,0.9986090064048768,0.0041395528241992
Q9UTS6_Q9P7G0,0.0031258,0.0031258,0.033704,0.25949645042419434,0.9986417889595032,0.0408506207168102
Q9USG6_Q03392,0.0031932,0.0031932,0.03381,0.19982343912124634,0.9855850338935852,0.0056611457839608
Q9US45_P40996,0.0037279,0.0037279,0.034471,0.308493435382843,0.003028213744983,0.0457042530179023
P30261_P87324,0.0035209,0.0035209,0.034345,0.2960003614425659,0.9990459084510804,0.8107439279556274
Q9P7F9_Q09914,0.0032534,0.0032534,0.033445,0.03946949914097786,0.00072955788346,0.0006737880758009
Q10099_P79071,0.0038028,0.0038028,0.038758,0.5037670731544495,0.018628666177392,0.0077004041522741
Q9P4W1_O13758,0.0083798,0.0083798,0.0336,0.23519489169120789,0.0376864187419414,0.0013280571438372
O13836_O43120,0.003624,0.003624,0.034588,0.34962666034698486,0.0225627645850181,0.0059814499691128
O42978_Q10366,0.0038925,0.0038925,0.034202,0.11161725223064423,0.0061544794589281,0.0075687407515943
P08090_Q1MTQ1,0.0034334,0.0034334,0.03373,0.049961306154727936,0.9968054294586182,0.9233699440956116
Q9Y7U4_O59755,0.003334,0.003334,0.034078,0.4072415828704834,0.9987857937812804,0.9334734678268432
Q96WV9_O94603,0.003443,0.003443,0.034586,0.11013074964284897,0.6750376224517822,0.9610679149627686
Q9Y7N2_Q9P6Q6,0.0034787,0.0034787,0.034459,0.5523521900177002,0.224324032664299,0.9235885143280028
Q9USP0_O94616,0.0033891,0.0033891,0.03381,0.23507378995418549,0.9990724325180054,0.0059682526625692
Q0E7J7_O13286,0.0034299,0.0034299,0.03742,0.24158315360546112,0.9913368225097656,0.1408711522817611
O43080_O14011,0.0032935,0.0032935,0.033956,0.033805131912231445,0.0111583052203059,0.0123379081487655
Q9Y7R3_P05767,0.010737,0.010737,0.049555,0.009075529873371124,0.9989381432533264,0.3379361033439636
O43036_P40377,0.0031976,0.0031976,0.033744,0.4878823459148407,0.9989363551139832,0.1501891613006591
O74736_O14216,0.0044059,0.0044059,0.033997,0.06823601573705673,0.998908519744873,0.9804287552833556
A6X980_Q9HGL6,0.0031989,0.0031989,0.033721,0.3206416964530945,0.998229444026947,0.3697826564311981
P79063_P28829,0.0035123,0.0035123,0.033576,0.02834255062043667,0.0011990565108135,0.0811237469315528
O74311_Q9UTR8,0.0031326,0.0031326,0.03357,0.6590368151664734,0.998769462108612,0.0190942324697971
O42846_P0C5Y7,0.1404,0.1404,0.045217,0.07247984409332275,0.0018912282539531,0.0041989227756857
O94581_P21534,0.072207,0.072207,0.16475,0.3915102779865265,0.998418927192688,0.93539696931839
O14350_Q9Y7J4,0.0033626,0.0033626,0.033652,0.01594584994018078,0.0415435060858726,0.0063079711981117
Q09825_Q9HFE5,0.0036953,0.0036953,0.033762,0.4130837917327881,0.0058128484524786,0.0014950451441109
Q09176_Q9Y794,0.003451,0.003451,0.033607,0.7855345606803894,0.0066850795410573,0.0250059645622968
O14011_P39964,0.0039954,0.0039954,0.035411,0.551903247833252,0.0180731602013111,0.0382299795746803
P78774_Q09127,0.0032987,0.0032987,0.034883,0.22488287091255188,0.0256239175796508,0.5643361806869507
Q09858_Q9P805,0.0032146,0.0032146,0.033901,0.3660719096660614,0.0056328712962567,0.0992096737027168
O74966_O43114,0.0034369,0.0034369,0.033689,0.011103793978691101,0.0010954659665003,0.1380978524684906
O74515_O94316,0.0042615,0.0042615,0.039237,0.04515412077307701,0.9989639520645142,0.3026498258113861
P40848_O74774,0.0034872,0.0034872,0.034097,0.04810464009642601,0.998678743839264,0.5231779217720032
O60187_Q10951,0.0048839,0.0048839,0.035333,0.4462870657444,0.9902268648147584,0.9332435727119446
Q9Y7U4_Q09683,0.0033246,0.0033246,0.03385,0.8042939305305481,0.9990647435188292,0.629191517829895
P79071_O13286,0.0055515,0.0055515,0.034785,0.19271183013916016,0.0815380215644836,0.004938069730997
O94687_O42954,0.0036295,0.0036295,0.034609,0.2652972638607025,0.0539476759731769,0.3922230303287506
Q96WW3_O74499,0.11445,0.11445,0.035412,0.34359729290008545,0.9989175796508788,0.1018567979335784
O13877_P37382,0.0035266,0.0035266,0.034774,0.24982839822769165,0.9990825653076172,0.9722315073013306
O74955_P87309,0.0033496,0.0033496,0.033642,0.1331932544708252,0.0028498121537268,0.0356822162866592
O74803_Q92366,0.027479,0.027479,0.034028,0.44396770000457764,0.0389727652072906,0.0066213053651154
P87174_Q9USX8,0.0034088,0.0034088,0.03375,0.12423545867204666,0.9988893866539,0.2041411250829696
Q9USL5_O13826,0.003434,0.003434,0.033635,0.5880395174026489,0.998866081237793,0.0647926777601242
O74499_O14011,0.0032652,0.0032652,0.034592,0.0038131100591272116,0.9988054037094116,0.011722007766366
O74311_P36614,0.0031597,0.0031597,0.033687,0.30461767315864563,0.6851518750190735,0.0079009244218468
O13615_O94316,0.0032487,0.0032487,0.040752,0.39411622285842896,0.2339984327554702,0.5271406769752502
O60016_O13351,0.0058388,0.0058388,0.033909,0.16976039111614227,0.9986870884895324,0.2215187400579452
P79063_O94684,0.0032309,0.0032309,0.033613,0.2854675054550171,0.1118827611207962,0.4603317975997925
P10651_O59734,0.9042,0.9042,0.035963,0.015512070618569851,0.998764157295227,0.0024003109429031
Q10173_Q09892,0.0056256,0.0056256,0.033574,0.2909337282180786,0.0182377286255359,0.0215023569762706
Q9UTK6_P79071,0.0043854,0.0043854,0.04043,0.7463051080703735,0.029065478593111,0.0115712480619549
O60129_O74446,0.0033501,0.0033501,0.033733,0.7981387972831726,0.998336672782898,0.0093816285952925
O13370_O94534,0.014101,0.014101,0.046419,0.15511579811573029,0.045865599066019,0.2836530804634094
Q9USV3_O59790,0.0031632,0.0031632,0.033494,0.17304278910160065,0.0052025718614459,0.0215360112488269
O59680_P40372,0.0035995,0.0035995,0.033597,0.4079357385635376,0.9988862872123718,0.0232750419527292
Q9P4W1_Q92366,0.25966,0.25966,0.034177,0.3186356723308563,0.0317103415727615,0.0430261865258216
Q10056_Q10353,0.0037342,0.0037342,0.033769,0.016140064224600792,0.0102016227319836,0.045835230499506
Q9URX6_O42978,0.32258,0.32258,0.077281,0.5534921288490295,0.999035120010376,0.0166278537362813
P40381_Q10366,0.0036102,0.0036102,0.036235,0.18753112852573395,0.008831713348627,0.0073465150780975
Q9USZ6_P21534,0.0043128,0.0043128,0.033527,0.46514853835105896,0.0022017729934304,0.0285480711609125
O60158_Q9USL5,0.0033264,0.0033264,0.033616,0.18692100048065186,0.0025332805234938,0.0473283529281616
P54789_Q10366,0.0033764,0.0033764,0.035608,0.159551203250885,0.0028734188526868,0.0100607806816697
P87323_O13988,0.003317,0.003317,0.033871,0.15002018213272095,0.0212974809110164,0.0063220378942787
Q10366_Q9UTP0,0.0033031,0.0033031,0.033695,0.7411019206047058,0.0060774385929107,0.0136153465136885
Q0E7J7_Q10322,0.0033874,0.0033874,0.033892,0.03299549221992493,0.9607377648353576,0.1869001984596252
P41887_O94684,0.0031861,0.0031861,0.033716,0.214662104845047,0.9954877495765686,0.2644486129283905
Q10169_P87053,0.0039713,0.0039713,0.042185,0.6416794061660767,0.9944977164268494,0.0138629311695694
O14327_Q9UT52,0.0032134,0.0032134,0.034077,0.10921474546194077,0.0038840060587972,0.003749132156372
Q96WV9_O14021,0.0067707,0.0067707,0.035747,0.36416107416152954,0.9989309906959534,0.6346350312232971
O74955_P09988,0.0031225,0.0031225,0.033924,0.383116751909256,0.0024130358360707,0.0079087316989898
P39964_Q9USV3,0.0036398,0.0036398,0.033617,0.24493642151355743,0.9990745782852172,0.3958879113197326
P36585_P26306,0.0054763,0.0054763,0.033756,0.18903963267803192,0.9740047454833984,0.0059419339522719
O74560_O74790,0.0032144,0.0032144,0.033524,0.15518353879451752,0.0049638389609754,0.1307839304208755
O13936_O74771,0.0031917,0.0031917,0.034384,0.3421294093132019,0.0093941250815987,0.0175336245447397
Q9UT52_Q10173,0.0038677,0.0038677,0.033741,0.026304930448532104,0.9930813908576964,0.0186210088431835
O13310_O13777,0.0032884,0.0032884,0.033576,0.21329443156719208,0.0072033265605568,0.0318930074572563
P87053_Q10218,0.0035745,0.0035745,0.034191,0.10232566297054291,0.2331138104200363,0.0842984244227409
P87306_Q9UT72,0.003216,0.003216,0.034053,0.21596741676330566,0.9991087317466736,0.2110853940248489
O14399_O94603,0.0044762,0.0044762,0.034204,0.2807289659976959,0.0047119199298322,0.0785055458545684
P87309_Q4PIR3,0.0033202,0.0033202,0.034341,0.3200641870498657,0.0491588339209556,0.1108707562088966
O74991_P05501,0.0035722,0.0035722,0.033451,0.03497646749019623,0.0009120878530666,0.0007461060886271
P87231_P36582,0.0044654,0.0044654,0.033972,0.010037697851657867,0.0042470218613743,0.375532329082489
P56523_P87173,0.003472,0.003472,0.033585,0.3350861370563507,0.0016373939579352,0.0024566710926592
Q92462_P40997,0.0035133,0.0035133,0.033803,0.8048107624053955,0.0024151466786861,0.0450045354664325
P30261_P40381,0.0047028,0.0047028,0.038346,0.10652510076761246,0.9990265369415284,0.1536235362291336
P79065_Q9US52,0.003148,0.003148,0.033513,0.525295078754425,0.0046858433634042,0.0033600255846977
O36023_Q9US45,0.0034634,0.0034634,0.033612,0.29629626870155334,0.0015110197709873,0.04429567232728
P50523_P40380,0.0038679,0.0038679,0.033528,0.36667579412460327,0.0027448560576885,0.0007848604000173
P78946_Q9Y7Z1,0.4328,0.4328,0.14526,0.4378277063369751,0.9990425705909728,0.9899735450744628
Q11120_Q09858,0.0031976,0.0031976,0.033579,0.009325162507593632,0.0034620540682226,0.0073195449076592
Q9UT52_P87245,0.0038486,0.0038486,0.034925,0.010156255215406418,0.0399786084890365,0.7777268290519714
O94556_P30261,0.0032505,0.0032505,0.034082,0.5595308542251587,0.0074648815207183,0.9922550916671752
O13988_O60187,0.0033239,0.0033239,0.034808,0.059490811079740524,0.9989833235740662,0.259475439786911
P12000_Q03392,0.0035852,0.0035852,0.033775,0.8552311062812805,0.9989445805549622,0.0244477745145559
P36595_Q9Y7J4,0.0036298,0.0036298,0.033661,0.16647835075855255,0.1905785948038101,0.0057853586040437
O74718_Q9USL5,0.0033243,0.0033243,0.035554,0.429258793592453,0.9989542961120604,0.8951188325881958
Q10477_O74184,0.0031423,0.0031423,0.035112,0.38177716732025146,0.0035844948142766,0.0066577554680407
Q09683_Q10317,0.0038476,0.0038476,0.033597,0.13960808515548706,0.9990788698196412,0.0799241364002227
Q10113_O14122,0.0044357,0.0044357,0.034164,0.6761225461959839,0.9972021579742432,0.1988899260759353
Q9P7T4_P79065,0.0032428,0.0032428,0.034701,0.2945077419281006,0.0710777789354324,0.7568903565406799
Q09154_Q9HDY7,0.0068939,0.0068939,0.033805,0.18885615468025208,0.0014685826608911,0.0013961968943476
O14064_Q09760,0.0035374,0.0035374,0.035674,0.0692141130566597,0.0936830043792724,0.0465485416352748
O14180_P08647,0.0033014,0.0033014,0.033577,0.10502444952726364,0.0028138232883065,0.0133848870173096
Q9USX8_O94444,0.0039483,0.0039483,0.033543,0.4707869589328766,0.9984468817710876,0.6841732859611511
Q09176_P50523,0.0033093,0.0033093,0.033525,0.3168098032474518,0.0034745170269161,0.0021540196612477
Q09116_Q9UT46,0.0035887,0.0035887,0.033498,0.011917239055037498,0.0050441501662135,0.2150796353816986
Q9Y818_Q92462,0.015474,0.015474,0.094847,0.48872801661491394,0.0643435195088386,0.291700005531311
P41412_O94659,0.0032889,0.0032889,0.034129,0.2199774533510208,0.0043858308345079,0.69130939245224
P05501_O74910,0.0032757,0.0032757,0.033657,0.14085696637630463,0.0053434609435498,0.0022213102784007
Q09772_C6Y4D0,0.0061392,0.0061392,0.03365,0.41387277841567993,0.9987897276878356,0.0117897763848304
Q92372_Q09772,0.003334,0.003334,0.036394,0.4613763391971588,0.9989330172538756,0.186900794506073
Q92366_O14352,0.36226,0.36226,0.045937,0.08617238700389862,0.9980265498161316,0.0058810962364077
O94684_Q9Y709,0.0032944,0.0032944,0.033789,0.008830389939248562,0.0112640243023633,0.0251633562147617
O94581_Q10429,0.0041587,0.0041587,0.033743,0.10623772442340851,0.0048162685707211,0.0027463575825095
Q09914_Q92358,0.0031546,0.0031546,0.033423,0.06569460034370422,0.0029496410861611,0.0019824339542537
O13953_O74471,0.0040654,0.0040654,0.033565,0.5499567985534668,0.0031589320860803,0.0006302125402726
O94616_Q9P779,0.0032036,0.0032036,0.033915,0.023514417931437492,0.005454727448523,0.0013041886268183
O13615_Q9US45,0.0034041,0.0034041,0.036723,0.16730716824531555,0.0172267220914363,0.0662284791469574
O13877_O94263,0.0031836,0.0031836,0.034765,0.39739295840263367,0.1843275129795074,0.0020393682643771
Q10428_Q9P7B7,0.0033159,0.0033159,0.039122,0.38281509280204773,0.0070136515423655,0.7293775081634521
P87027_O94659,0.0038984,0.0038984,0.12933,0.13425113260746002,0.0034375025425106,0.0077445949427783
P50523_Q9UTA4,0.0034205,0.0034205,0.033676,0.22476805746555328,0.9916364550590516,0.0009844936430454
O94609_Q9UTS6,0.0032568,0.0032568,0.033601,0.0511392317712307,0.9990403056144714,0.087363600730896
Q9HGL6_O94408,0.0054944,0.0054944,0.033564,0.07800736278295517,0.9990239143371582,0.0788114666938781
O36023_Q09116,0.0067435,0.0067435,0.03487,0.24527187645435333,0.9990617632865906,0.990652322769165
Q09892_O74854,0.01428,0.01428,0.034514,0.07241279631853104,0.016245674341917,0.031903900206089
Q09717_Q09683,0.0037005,0.0037005,0.033578,0.21940210461616516,0.9989538192749025,0.2134494930505752
Q9P6Q6_O42995,0.0032187,0.0032187,0.035324,0.42932990193367004,0.0183537025004625,0.6779605746269226
P39964_O14343,0.0041018,0.0041018,0.033966,0.07075231522321701,0.0256114918738603,0.9815866351127625
O13790_O42844,0.027984,0.027984,0.033844,0.6651726365089417,0.0102829858660697,0.0509170666337013
Q9UTI3_O94687,0.003202,0.003202,0.033587,0.004386062268167734,0.0156666114926338,0.207359179854393
P79015_P87159,0.0066122,0.0066122,0.036656,0.3664188086986542,0.0302886646240949,0.0091650616377592
P52822_O59836,0.0037085,0.0037085,0.033957,0.7729597091674805,0.0191172454506158,0.0145374704152345
O59836_O74465,0.0033925,0.0033925,0.034546,0.23201392590999603,0.3003426194190979,0.1489676982164383
O94705_Q9UTF6,0.0054011,0.0054011,0.034502,0.30711522698402405,0.9988388419151306,0.9230761528015136
O36027_P32390,0.0031728,0.0031728,0.033831,0.33337321877479553,0.9989063739776612,0.0926404446363449
O14329_Q9HGQ3,0.44089,0.44089,0.052595,0.231827512383461,0.0154561204835772,0.8717649579048157
Q9UTA4_Q10343,0.0036315,0.0036315,0.03402,0.12823639810085297,0.0111726513132452,0.0072107948362827
P25457_O94542,0.0037608,0.0037608,0.033861,0.1752518266439438,0.998080849647522,0.0327766314148902
O74966_O14010,0.003288,0.003288,0.035871,0.09820528328418732,0.9990154504776,0.068923681974411
O43114_P0CT77,0.0033276,0.0033276,0.034652,0.29782453179359436,0.0029831833671778,0.024072129279375
O13964_Q9P7Y4,0.0037532,0.0037532,0.033907,0.40504229068756104,0.9989522695541382,0.6516515016555786
Q9HDX9_P87169,0.0035701,0.0035701,0.033549,0.19272439181804657,0.018397431820631,0.0186678674072027
P87324_Q9UTF6,0.0033204,0.0033204,0.033591,0.2057800143957138,0.0407065041363239,0.0354916788637638
Q9URX6_Q09924,0.0044543,0.0044543,0.043918,0.13619494438171387,0.9989880919456482,0.0758110582828521
O94360_Q92366,0.0083965,0.0083965,0.033676,0.235991433262825,0.988927721977234,0.0016923547955229
P87215_O94556,0.0053246,0.0053246,0.033468,0.04443393275141716,0.0093811322003602,0.0081689227372407
P04910_O74988,0.0035091,0.0035091,0.033546,0.28604865074157715,0.9986830353736876,0.0034612449817359
P87306_Q9UUI1,0.0031246,0.0031246,0.03381,0.38294997811317444,0.9975597858428956,0.0906844586133956
Q10477_O14180,0.0035585,0.0035585,0.034171,0.4172232449054718,0.9987812638282776,0.1071862429380416
Q92358_P52890,0.01814,0.01814,0.033519,0.0014104591682553291,0.0074030915275216,0.0019723253790289
O94326_Q9P7A0,0.0032998,0.0032998,0.03532,0.037800513207912445,0.0200667846947908,0.0299802049994468
P87174_O13688,0.0032275,0.0032275,0.034224,0.6211770176887512,0.999021291732788,0.8508061170578003
O94581_O94609,0.0038102,0.0038102,0.033886,0.388654887676239,0.0016669386532157,0.0161319635808467
O43071_Q9UTE6,0.0041691,0.0041691,0.038127,0.5377504229545593,0.4738200604915619,0.8810343146324158
O74518_O60129,0.0032551,0.0032551,0.033649,0.1722264140844345,0.0252118743956089,0.3937914967536926
Q01112_P78814,0.0033977,0.0033977,0.033784,0.23270583152770996,0.0024511127267032,0.0032848461996763
O74983_Q9Y709,0.0049266,0.0049266,0.14239,0.05894617736339569,0.9915807843208312,0.0206766780465841
Q09127_Q9UUC1,0.066494,0.066494,0.20946,0.25042954087257385,0.9990259408950806,0.9898994565010072
O94238_O13826,0.0072149,0.0072149,0.035694,0.008233659900724888,0.9990295171737672,0.0087453350424766
Q9HDX9_Q9HFE5,0.0032799,0.0032799,0.033535,0.060522232204675674,0.0463132411241531,0.0011356020113453
P41887_Q92358,0.003167,0.003167,0.033637,0.44276300072669983,0.0282247401773929,0.0042724395170807
P39964_P87126,0.0055594,0.0055594,0.037436,0.39432528614997864,0.998910665512085,0.970047414302826
P28748_P36582,0.0042281,0.0042281,0.035303,0.07808193564414978,0.9986972212791444,0.1161217615008354
O00102_P87173,0.0053566,0.0053566,0.053768,0.10418833792209625,0.0594071149826049,0.0014174504904076
O94687_Q9UUJ4,0.0031927,0.0031927,0.033828,0.17004933953285217,0.9094977378845216,0.153626337647438
Q9USU3_O74985,0.003484,0.003484,0.033499,0.04919558763504028,0.0066419970244169,0.0449373126029968
P87231_Q9USL5,0.003305,0.003305,0.033529,0.1459689885377884,0.9989818930625916,0.4614892303943634
O74515_P87169,0.0035315,0.0035315,0.033769,0.15574631094932556,0.999072790145874,0.01913757994771
Q9USH1_P13681,0.0043681,0.0043681,0.046089,0.04780372977256775,0.9990220069885254,0.002064878353849
O42978_Q92462,0.0055815,0.0055815,0.034649,0.19388140738010406,0.0022746734321117,0.0022393269464373
O14417_P79005,0.00338,0.00338,0.033681,0.022240204736590385,0.0390595383942127,0.1376777291297912
O13684_O94309,0.0032135,0.0032135,0.033563,0.5346280932426453,0.9732183814048768,0.024902656674385
O94285_Q9Y818,0.0038004,0.0038004,0.033544,0.04944717139005661,0.9954527616500854,0.0005091732018627
O42667_Q9P7Q8,0.0036886,0.0036886,0.033791,0.012964650057256222,0.0258521884679794,0.018326248973608
O43070_Q9UUJ4,0.0032265,0.0032265,0.034073,0.504652202129364,0.7089524865150452,0.5336520075798035
O13712_Q9C0Z9,0.0033595,0.0033595,0.033594,0.4713594615459442,0.0016304369783028,0.0624080151319503
Q10429_Q10134,0.0036383,0.0036383,0.033723,0.04985036328434944,0.4292952716350555,0.7113156318664551
Q10316_O74399,0.0032942,0.0032942,0.033834,0.5509762763977051,0.9990448355674744,0.4723070561885834
O74747_Q10134,0.004872,0.004872,0.56938,0.33939409255981445,0.9986984729766846,0.9676985144615172
Q10317_O43114,0.0032503,0.0032503,0.033571,0.2081003487110138,0.0011799345957115,0.0163237880915403
P0CT70_O74747,0.01634,0.01634,0.055883,0.2363375872373581,0.02448670566082,0.0031842826865613
O74515_O42844,0.0081515,0.0081515,0.034555,0.17469467222690582,0.998717188835144,0.1365960389375686
O14339_O74184,0.0032846,0.0032846,0.034616,0.11242576688528061,0.0196617022156715,0.0086585115641355
O14198_Q9P7A0,0.0036542,0.0036542,0.034371,0.5684428811073303,0.0246644299477338,0.3512926995754242
P56287_Q09924,0.003787,0.003787,0.04097,0.12648016214370728,0.9990304708480836,0.5627267360687256
P40996_Q10103,0.003492,0.003492,0.034363,0.6884258389472961,0.008300888352096,0.0295674353837966
O59680_O74433,0.067706,0.067706,0.27908,0.14873619377613068,0.9990088939666748,0.9847016334533693
Q10316_P39964,0.0036284,0.0036284,0.033677,0.2202778309583664,0.990486204624176,0.2451365441083908
O74184_Q9Y7M4,0.0033121,0.0033121,0.037697,0.11907284706830978,0.0047574597410857,0.0094399945810437
O59702_O74536,0.071689,0.071689,0.037997,0.5845639109611511,0.021156832575798,0.0179415941238403
Q9USV1_Q10477,0.0062905,0.0062905,0.1193,0.19501075148582458,0.9990444779396056,0.9410271644592284
P40995_P0CU09,0.0034718,0.0034718,0.033947,0.7212610840797424,0.0029515728820115,0.0117434496060013
O75001_P49731,0.085337,0.085337,0.046857,0.059421356767416,0.9983338713645936,0.9805980920791626
O43114_O14327,0.0031956,0.0031956,0.033538,0.11223258078098297,0.0008683833875693,0.0018169025424867
Q9UT32_P78963,0.0034894,0.0034894,0.033576,0.01271022018045187,0.0021320739760994,0.416791021823883
P26306_O94244,0.0033756,0.0033756,0.03464,0.31019479036331177,0.954375982284546,0.0093131447210907
P56523_O13836,0.0035478,0.0035478,0.033786,0.21479308605194092,0.00212995079346,0.003730931552127
P33886_O94752,0.0034225,0.0034225,0.03356,0.15226103365421295,0.0018491466762498,0.0132961897179484
O94707_Q9UTE6,0.0035967,0.0035967,0.034032,0.7258617281913757,0.992548942565918,0.0638391897082328
Q09154_Q9P7T4,0.005403,0.005403,0.0338,0.33936116099357605,0.0031951579730957,0.0023131906054913
Q10668_O74804,0.0036961,0.0036961,0.035606,0.27018284797668457,0.0126561755314469,0.918642520904541
Q9UT52_Q9HFE5,0.0033269,0.0033269,0.03512,0.3029480576515198,0.0334878973662853,0.0077216457575559
P40380_O94542,0.0032031,0.0032031,0.035313,0.3643403947353363,0.9926626682281494,0.870526909828186
O14339_P87323,0.0040334,0.0040334,0.033782,0.1559000462293625,0.00320192030631,0.005843014921993
Q10192_P42656,0.0031219,0.0031219,0.033459,0.6472439765930176,0.0044941902160644,0.0362559333443641
Q09823_Q09127,0.0072659,0.0072659,0.035678,0.1443970948457718,0.0269368607550859,0.0069178184494376
Q9P7R9_O94534,0.25535,0.25535,0.03565,0.6252322196960449,0.0182821601629257,0.945530354976654
O36027_P50524,0.0031777,0.0031777,0.033711,0.6445871591567993,0.998977780342102,0.2934879958629608
O42832_P36629,0.021961,0.021961,0.040826,0.12848015129566193,0.2977595925331116,0.9385905265808104
O13964_P13681,0.0035826,0.0035826,0.0369,0.10040309280157089,0.0061461962759494,0.0454179272055625
P32390_P08092,0.0041815,0.0041815,0.03345,0.14732107520103455,0.0655764192342758,0.0082233007997274
P40371_O74555,0.003224,0.003224,0.035159,0.35490819811820984,0.0054397215135395,0.009637989103794
Q10343_P87169,0.0033305,0.0033305,0.033659,0.3458065390586853,0.4241228103637695,0.0069947177544236
P40371_Q09892,0.0044952,0.0044952,0.033712,0.045334797352552414,0.99863463640213,0.0315930694341659
Q9UUB7_Q92462,0.003209,0.003209,0.033741,0.3067767918109894,0.0019022712949663,0.0034755440428853
O42954_P50528,0.0034752,0.0034752,0.033951,0.0200848039239645,0.9989101886749268,0.9939594268798828
Q53EK2_O74985,0.0039311,0.0039311,0.033572,0.8602763414382935,0.0028648406732827,0.0027228775434195
Q9Y7Z1_O94717,0.0034254,0.0034254,0.034894,0.07395912706851959,0.1148113682866096,0.3678842186927795
Q9HE05_O14064,0.0033929,0.0033929,0.037868,0.062075741589069366,0.2750918865203857,0.1365589499473571
O94376_Q9Y821,0.61723,0.61723,0.037556,0.19754932820796967,0.999072790145874,0.9854477047920228
O14339_Q9URX6,0.19239,0.19239,0.22538,0.22343014180660248,0.9990482926368712,0.9899751543998718
O74804_P12000,0.003185,0.003185,0.033694,0.270826518535614,0.0045760916545987,0.6367490291595459
O74986_Q9Y821,0.028195,0.028195,0.033947,0.2107093334197998,0.9990488886833192,0.9860469698905944
P79065_O94272,0.0065011,0.0065011,0.034401,0.25315868854522705,0.9978109002113342,0.014038280583918
O94360_O74804,0.0031353,0.0031353,0.033672,0.21143390238285065,0.0025427141226828,0.0011128956684842
P87123_O14230,0.0031354,0.0031354,0.035669,0.08473247289657593,0.0017299139872193,0.0062358877621591
Q9UT32_Q9UUM2,0.0033288,0.0033288,0.037585,0.06856726855039597,0.0513062812387943,0.483357697725296
O36023_Q9Y7M6,0.0031487,0.0031487,0.033466,0.3196946382522583,0.0020117871463298,0.0021849796175956
P41887_O36023,0.0032584,0.0032584,0.033584,0.25467225909233093,0.0026572896167635,0.0843185633420944
O60052_O94288,0.022794,0.022794,0.03371,0.14755718410015106,0.005426371935755,0.4879048764705658
O74966_O94316,0.0078713,0.0078713,0.035433,0.14091016352176666,0.998977541923523,0.1925913095474243
P0CT70_P10651,0.86929,0.86929,0.25441,0.03051931783556938,0.9989783763885498,0.3485774993896484
P78789_O74483,0.0049637,0.0049637,0.033745,0.17698098719120026,0.0124182282015681,0.0079355761408805
Q9UT86_P05734,0.0076737,0.0076737,0.042413,0.3260829448699951,0.0155320223420858,0.0016959226923063
O59836_Q09330,0.0034509,0.0034509,0.034548,0.26587119698524475,0.9845714569091796,0.1087110489606857
O59755_P79015,0.012553,0.012553,0.049535,0.2729514539241791,0.9957674741744996,0.0174469798803329
O13826_Q10317,0.0035449,0.0035449,0.033835,0.1478293538093567,0.9989789724349976,0.0650647580623626
O60104_Q10429,0.0031605,0.0031605,0.035057,0.25752705335617065,0.0071328845806419,0.9515272378921508
Q10108_P87245,0.0033528,0.0033528,0.033595,0.06543656438589096,0.0128456261008977,0.161289244890213
O74518_O43036,0.0032174,0.0032174,0.033556,0.6204363107681274,0.0187988989055156,0.0011764656519517
O14350_Q6BDR8,0.0032814,0.0032814,0.034457,0.1542363315820694,0.8856156468391418,0.7492333650588989
P37382_Q10317,0.0033803,0.0033803,0.033809,0.26207441091537476,0.9990955591201782,0.0097859650850296
A6X980_Q9P7X1,0.0040829,0.0040829,0.033602,0.0449141189455986,0.0009362787823192,0.0028010776732116
P08647_Q09196,0.0032665,0.0032665,0.034055,0.015287068672478199,0.002724076854065,0.0009706499404273
O42634_O42932,0.0047594,0.0047594,0.034034,0.02790546789765358,0.0140950605273246,0.0037867669016122
Q00619_O42846,0.0038508,0.0038508,0.033539,0.182771235704422,0.0019674403592944,0.0009745701681822
O74790_O59751,0.0071951,0.0071951,0.033479,0.20629961788654327,0.0318469889461994,0.0479639805853366
Q9P782_O13877,0.0031755,0.0031755,0.037677,0.22225220501422882,0.0025361930020153,0.0025013922713696
P10506_P42656,0.13079,0.13079,0.035361,0.35116538405418396,0.052918717265129,0.1075458452105522
O60104_Q10113,0.09226,0.09226,0.034359,0.4181591272354126,0.6089417338371277,0.6760678887367249
O94423_Q92462,0.0034319,0.0034319,0.038568,0.5106797218322754,0.0143616469576954,0.0082195028662681
Q10428_O42995,0.0033819,0.0033819,0.037836,0.2938813269138336,0.0021277202758938,0.9713922142982484
Q9USG6_O94707,0.0032889,0.0032889,0.033931,0.11169300228357315,0.9988112449645996,0.0623586997389793
O60129_Q10169,0.0049206,0.0049206,0.048692,0.23567350208759308,0.1322508454322815,0.1466471254825592
O59755_Q9USP9,0.0036656,0.0036656,0.033893,0.4502282738685608,0.990006685256958,0.4386076331138611
Q9USR7_O94309,0.0060391,0.0060391,0.033638,0.028681371361017227,0.0127667104825377,0.0068524009548127
P27584_O94603,0.0032144,0.0032144,0.034472,0.5724770426750183,0.0097719002515077,0.0864103212952613
Q9US52_O36027,0.0031218,0.0031218,0.033565,0.1980918049812317,0.0091980556026101,0.0185368247330188
O13978_Q92352,0.003274,0.003274,0.033589,0.7422849535942078,0.030135128647089,0.4899370372295379
Q09196_Q9Y7Z1,0.0031879,0.0031879,0.033847,0.07332899421453476,0.0014406107366085,0.0061873872764408
Q9USX3_Q9P7A0,0.0033325,0.0033325,0.036504,0.20662906765937805,0.9985567927360536,0.4771402776241302
P40996_Q10067,0.0032257,0.0032257,0.033958,0.11515270173549652,0.0017326682573184,0.0051028239540755
P04551_O74958,0.0043113,0.0043113,0.033684,0.18609988689422607,0.9990334510803224,0.1386453211307525
O94476_P0CF96,0.0031102,0.0031102,0.033742,0.2117803543806076,0.0031145971734076,0.0210130605846643
P36583_O13816,0.032408,0.032408,0.034713,0.14642591774463654,0.0158405378460884,0.0875351354479789
P36595_P87126,0.0064171,0.0064171,0.036534,0.4831705391407013,0.9985468983650208,0.1893461793661117
O59734_P50524,0.0076162,0.0076162,0.033781,0.18050843477249146,0.9975948929786682,0.0181412808597087
P32372_O74446,0.0035346,0.0035346,0.033761,0.09804040193557739,0.9803680181503296,0.0196032784879207
O13964_Q9USX8,0.0031661,0.0031661,0.033794,0.7526500225067139,0.0047338432632386,0.0549370571970939
O14140_P0CG72,0.0032889,0.0032889,0.55977,0.038163453340530396,0.0020879185758531,0.0469383932650089
O94450_P40384,0.003296,0.003296,0.033626,0.23969429731369019,0.0162425432354211,0.0768612250685691
P36618_P87245,0.0033519,0.0033519,0.033712,0.038135677576065063,0.0024782726541161,0.1196848973631858
Q09808_Q09154,0.0048411,0.0048411,0.033692,0.14140355587005615,0.0042153894901275,0.0082797417417168
P30261_P36625,0.0034732,0.0034732,0.034271,0.31814539432525635,0.99897563457489,0.9604017734527588
P87314_O14241,0.0032423,0.0032423,0.033633,0.43797674775123596,0.9974700212478638,0.0320449881255626
Q09177_P40377,0.0037248,0.0037248,0.035596,0.30131715536117554,0.0188627187162637,0.2686817049980163
P0C5Y7_P87174,0.3802,0.3802,0.034553,0.33031031489372253,0.9990848302841188,0.0076712812297046
O59702_P21534,0.0059588,0.0059588,0.033644,0.18900536000728607,0.0009008477791212,0.0242770183831453
Q10056_O42709,0.0034069,0.0034069,0.034217,0.03678644448518753,0.0103907948359847,0.3512292802333832
O13828_O75011,0.0053103,0.0053103,0.034995,0.22840286791324615,0.9984386563301086,0.995356261730194
P37382_P10506,0.0033967,0.0033967,0.033696,0.8589387536048889,0.0009888695785775,0.0033402326516807
P30261_O59734,0.034504,0.034504,0.0369,0.0044194795191287994,0.9990026354789734,0.0507283583283424
O13339_O14021,0.0042827,0.0042827,0.12185,0.01332861464470625,0.0607535280287265,0.0192753560841083
Q09683_Q02088,0.0078063,0.0078063,0.033425,0.22955361008644104,0.0084225051105022,0.0405656211078166
O74958_O74653,0.0048855,0.0048855,0.033718,0.10357563197612762,0.998162806034088,0.2538115680217743
O13985_O13681,0.0033418,0.0033418,0.035099,0.19213202595710754,0.0229932460933923,0.716821551322937
O42978_Q9UTF6,0.0033339,0.0033339,0.035077,0.029115095734596252,0.0070813419297337,0.003253862960264
O42995_Q9Y7Z1,0.043519,0.043519,0.12822,0.11992409825325012,0.9948548078536988,0.84433913230896
P42656_O74398,0.0058514,0.0058514,0.034045,0.6900455355644226,0.9990912675857544,0.0087263686582446
P32434_O13988,0.003147,0.003147,0.033704,0.25300803780555725,0.984581172466278,0.0052213286980986
Q09177_Q09116,0.0034909,0.0034909,0.033963,0.0842999517917633,0.0015719105722382,0.0296686831861734
Q9P3B2_Q9USY3,0.0032813,0.0032813,0.033507,0.44121235609054565,0.0039727771654725,0.0027535185217857
Q9USP9_O74517,0.0035371,0.0035371,0.034996,0.1589091271162033,0.9985721111297609,0.4556565582752228
Q9Y7U4_P41410,0.003433,0.003433,0.034183,0.027342727407813072,0.997992753982544,0.1634674221277237
O74774_Q03392,0.0034524,0.0034524,0.034179,0.14710168540477753,0.9989510774612428,0.0099143721163272
Q9US52_Q9USV1,0.0031285,0.0031285,0.033646,0.2330019772052765,0.0139582362025976,0.0437586419284343
Q9UTK6_Q00619,0.0037096,0.0037096,0.033496,0.5578650236129761,0.0018615871667861,0.0014833319000899
P87238_P79010,0.0038948,0.0038948,0.03354,0.22025547921657562,0.0013051572022959,0.0043932101689279
O14010_O13370,0.01249,0.01249,0.033835,0.3819236755371094,0.9990233182907104,0.0073000537231564
P06652_P42656,0.0036332,0.0036332,0.034048,0.21244533360004425,0.9988428354263306,0.0402578003704547
P0C5Y7_O13816,0.0072487,0.0072487,0.040485,0.10282059013843536,0.0310116875916719,0.0063776816241443
O13836_Q53EK2,0.0031603,0.0031603,0.03361,0.22276069223880768,0.0036021720152348,0.0128692351281642
O74175_O59836,0.0038509,0.0038509,0.03447,0.3622437119483948,0.195882648229599,0.0482944026589393
O13988_Q92366,0.011624,0.011624,0.037672,0.061279941350221634,0.9989973902702332,0.0018357122316956
P87174_Q12126,0.012012,0.012012,0.03399,0.41525378823280334,0.9986095428466796,0.017811369150877
P36582_P36601,0.0043613,0.0043613,0.03371,0.2145492136478424,0.0053043193183839,0.0048236502334475
O42667_Q9USR7,0.0031853,0.0031853,0.033628,0.5211650729179382,0.0204216465353965,0.0063811549916863
Q9P6Q6_O14246,0.0032039,0.0032039,0.034962,0.2109564244747162,0.9983088970184326,0.6430501341819763
O74772_P07657,0.0043383,0.0043383,0.033964,0.053354013711214066,0.0015088042709976,0.0005810196744278
P78774_O13672,0.0033393,0.0033393,0.046678,0.020175259560346603,0.998600423336029,0.9540847539901732
Q9USZ6_Q10271,0.0036661,0.0036661,0.033539,0.7007799744606018,0.0061143026687204,0.0178647954016923
O43070_P87306,0.0032571,0.0032571,0.039061,0.5325120091438293,0.9990572333335876,0.946930170059204
P87169_Q6BDR8,0.0032615,0.0032615,0.033763,0.06993529945611954,0.9989935755729676,0.5166295170783997
Q09176_O14097,0.0041322,0.0041322,0.03538,0.20622794330120087,0.9989798665046692,0.0539944544434547
P41005_P17937,0.0049484,0.0049484,0.033699,0.11578702926635742,0.9757010340690612,0.0651280581951141
G2TRP5_O74653,0.0034367,0.0034367,0.033477,0.058497995138168335,0.0069880937226116,0.0012146142544224
Q9UT32_Q9HGQ3,0.0042605,0.0042605,0.045901,0.03756307065486908,0.0033781789243221,0.0081481169909238
P10815_O13685,0.0084137,0.0084137,0.033562,0.14166541397571564,0.0051272111013531,0.0047561340034008
O74399_Q9HGL6,0.0032624,0.0032624,0.034377,0.1343737691640854,0.9989203214645386,0.9894776940345764
O74309_O13672,0.0032662,0.0032662,0.035343,0.10978060960769653,0.9967447519302368,0.7740413546562195
P07527_P87050,0.0058328,0.0058328,0.053554,0.041589561849832535,0.9989564418792723,0.9929494857788086
O14459_O74558,0.0031346,0.0031346,0.035573,0.10937988758087158,0.0015414394438266,0.0047748712822794
O42832_P0CT60,0.013479,0.013479,0.12569,0.1317572295665741,0.9988595247268676,0.7825518846511841
O42991_Q09761,0.0051033,0.0051033,0.033624,0.5160349011421204,0.9990386962890624,0.1867916136980056
P41411_P40381,0.003873,0.003873,0.033964,0.2905423641204834,0.1465950608253479,0.0884218961000442
Q92366_P49731,0.0041565,0.0041565,0.035591,0.16921018064022064,0.9990272521972656,0.0171305555850267
O13889_Q9UTF6,0.0032252,0.0032252,0.03356,0.10191339254379272,0.0106379529461264,0.0141982920467853
O74957_O00102,0.018049,0.018049,0.034452,0.731453537940979,0.042262427508831,0.0042043272405862
P0CT70_Q9P802,0.0093574,0.0093574,0.043677,0.2583448588848114,0.6396689414978027,0.0021619393955916
Q9P7F9_Q09892,0.0034614,0.0034614,0.034639,0.1268102526664734,0.001512449234724,0.0007260075653903
O74747_Q96WV9,0.005048,0.005048,0.033998,0.19726616144180298,0.9990419745445251,0.058726467192173
Q9URX6_P40997,0.0034564,0.0034564,0.03476,0.3127111792564392,0.9989815354347228,0.0406887158751487
O14122_Q9UST6,0.0035093,0.0035093,0.034161,0.2496679127216339,0.1000275909900665,0.0206201877444982
P50524_P87176,0.0033479,0.0033479,0.033818,0.074249766767025,0.9989963173866272,0.009580080397427
P56286_O94316,0.0069008,0.0069008,0.037392,0.1145959123969078,0.9989846348762512,0.2253099828958511
O94534_O13777,0.0031674,0.0031674,0.034575,0.18344368040561676,0.0567766986787319,0.0706043392419815
Q9URY0_Q1MTN3,0.0041482,0.0041482,0.046119,0.2941545248031616,0.0747734755277633,0.1913444101810455
Q10428_Q12701,0.17043,0.17043,0.03397,0.28810471296310425,0.0438477769494056,0.9911696910858154
Q874R3_Q9UTB6,0.0032221,0.0032221,0.03389,0.5569469332695007,0.0018419191474094,0.0515939332544803
P0CT60_O74360,0.003507,0.003507,0.034898,0.7772886753082275,0.0030390601605176,0.0013418787857517
O14241_Q4PIR3,0.0032298,0.0032298,0.033708,0.1612565517425537,0.9984867572784424,0.0423173233866691
O43080_O36019,0.0032434,0.0032434,0.033602,0.27172237634658813,0.0138252973556518,0.2309701591730117
Q9P7M3_Q9USX3,0.0040815,0.0040815,0.035515,0.39003342390060425,0.9990097284317015,0.5590508580207825
P30261_O94263,0.0036282,0.0036282,0.034312,0.531363308429718,0.9990174770355223,0.9186961650848388
Q10295_Q9HFE5,0.0032971,0.0032971,0.033647,0.23051847517490387,0.0144122838973999,0.0063880360685288
O13916_O60129,0.0032611,0.0032611,0.034219,0.17350620031356812,0.0254836603999137,0.0443980805575847
Q9UT76_P40377,0.0033049,0.0033049,0.033841,0.104543037712574,0.0024131082464009,0.081107810139656
O43114_P33886,0.004309,0.004309,0.033512,0.1519164741039276,0.000871553318575,0.038452174514532
O43071_P10815,0.0032757,0.0032757,0.038354,0.14613963663578033,0.9980514049530028,0.5990455746650696
Q9UTE6_Q9USP0,0.0034773,0.0034773,0.033754,0.17874227464199066,0.997972309589386,0.0009781756671145
P36595_P37382,0.0037809,0.0037809,0.033833,0.045838214457035065,0.9990108013153076,0.6031332612037659
O60016_Q10366,0.0032871,0.0032871,0.036255,0.32738012075424194,0.0127677740529179,0.0231085959821939
O94534_O13889,0.016586,0.016586,0.035288,0.8865693807601929,0.987405240535736,0.0978889688849449
P07334_O74958,0.0033994,0.0033994,0.033684,0.10550146549940109,0.9989327788352966,0.9516801238059998
Q9P805_O59793,0.0031641,0.0031641,0.033833,0.6862229704856873,0.0239480249583721,0.4665043354034424
P05764_Q10134,0.018408,0.018408,0.033472,0.32810264825820923,0.2742726802825928,0.0004749635991174
P08965_O13777,0.0031921,0.0031921,0.034422,0.38772445917129517,0.9990392923355104,0.0437502227723598
P12000_O74985,0.0034041,0.0034041,0.03356,0.05087730288505554,0.9987949132919312,0.1664399951696396
Q9HGL8_O13964,0.0032922,0.0032922,0.03519,0.11349480599164963,0.0155463106930255,0.016762651503086
Q10192_P36617,0.0034533,0.0034533,0.033596,0.37935617566108704,0.9989954829216005,0.0851750746369361
Q9HFE5_Q7LL14,0.0032769,0.0032769,0.033634,0.5969280004501343,0.011742889881134,0.0031935451552271
Q09760_P50528,0.015647,0.015647,0.033819,0.02884005382657051,0.0368058271706104,0.3191500306129455
O94316_P41410,0.0034682,0.0034682,0.035754,0.4308638870716095,0.9973106384277344,0.0176825728267431
Q9UUB7_O36027,0.003125,0.003125,0.088383,0.8175073266029358,0.9990338087081908,0.0155182778835296
O59703_P78953,0.003245,0.003245,0.03376,0.1624871790409088,0.0504283495247364,0.105049692094326
Q9UUC6_P36629,0.022197,0.022197,0.039384,0.48236656188964844,0.9990630745887756,0.0666091665625572
O74854_Q10282,0.0032618,0.0032618,0.034178,0.39484620094299316,0.0181141458451747,0.0403873398900032
P13681_Q1MTQ9,0.0031503,0.0031503,0.033633,0.12850604951381683,0.0091069992631673,0.0047322371974587
P04688_O74988,0.0034104,0.0034104,0.033531,0.09619292616844177,0.0051134773530066,0.3064643442630768
P50524_Q9P7X1,0.0038543,0.0038543,0.033577,0.21143603324890137,0.001770349452272,0.0669543668627739
Q9USP0_Q03392,0.0034316,0.0034316,0.033627,0.18424245715141296,0.0046711130999028,0.0068500679917633
O94309_Q09196,0.0034357,0.0034357,0.033425,0.7326285243034363,0.0079258140176534,0.0089837601408362
Q10353_P29458,0.0036936,0.0036936,0.035128,0.6707807183265686,0.0081259692087769,0.1015752404928207
P0CF96_O60164,0.0036625,0.0036625,0.034114,0.7320680618286133,0.9990456700325012,0.0016391252866014
P52822_O74771,0.0031863,0.0031863,0.033529,0.0025139565113931894,0.004526566248387,0.0024836750235408
Q9USY3_O74895,0.0031568,0.0031568,0.03413,0.19524239003658295,0.0058044334873557,0.1304746717214584
Q09898_O59702,0.054926,0.054926,0.035516,0.15681502223014832,0.0083926860243082,0.0290868710726499
O13953_O13310,0.007717,0.007717,0.034066,0.1217464953660965,0.6470847725868225,0.2405523508787155
O13964_P10815,0.003246,0.003246,0.034919,0.5724122524261475,0.0893110185861587,0.3009644448757171
Q9P7T4_O74986,0.0033222,0.0033222,0.037253,0.3015157878398895,0.9988018274307252,0.4638539850711822
Q4PIR3_Q9P4W1,0.0059285,0.0059285,0.033763,0.18181930482387543,0.9872854351997375,0.0006626349058933
Q9P784_Q9Y818,0.0053523,0.0053523,0.033495,0.13529609143733978,0.0059550898149609,0.0012648663250729
P56286_P46595,0.0084193,0.0084193,0.033537,0.018236976116895676,0.9969218373298644,0.0012817962560802
O13978_P87169,0.0031543,0.0031543,0.033533,0.20755289494991302,0.999019980430603,0.0927172973752021
O36019_P05764,0.0032581,0.0032581,0.033616,0.06259388476610184,0.99898761510849,0.0005157285486347
P40996_O74904,0.0038111,0.0038111,0.033705,0.24484743177890778,0.0015195993473753,0.0020741254556924
Q10295_P87306,0.0033338,0.0033338,0.034287,0.29451578855514526,0.9948747754096984,0.0802577808499336
Q09170_Q92358,0.0031467,0.0031467,0.033573,0.48690664768218994,0.3610377013683319,0.4682127833366394
Q9UTE6_Q9P805,0.0044447,0.0044447,0.033934,0.11233659833669662,0.9979515671730042,0.0025758629199117
Q9Y7M4_O14241,0.0033596,0.0033596,0.033818,0.27021631598472595,0.0171750504523515,0.0089521240442991
O59800_Q9US52,0.0031997,0.0031997,0.033563,0.07156890630722046,0.0111080408096313,0.1148986667394638
P50523_P78814,0.0035465,0.0035465,0.033622,0.042898230254650116,0.0097512556239962,0.0019948112312704
P48009_O74825,0.0032036,0.0032036,0.033488,0.3973516821861267,0.0012907652417197,0.0255208127200603
Q96TL7_Q09933,0.003366,0.003366,0.035691,0.03874501958489418,0.622637152671814,0.93803608417511
P78774_P79010,0.003835,0.003835,0.034117,0.009363945573568344,0.0030590975657105,0.0118868453428149
O60016_Q07538,0.0037463,0.0037463,0.034627,0.5047563314437866,0.9990284442901612,0.9031682014465332
P04910_Q92352,0.0033626,0.0033626,0.034442,0.03991549834609032,0.0474247820675373,0.0166143551468849
O74399_O74517,0.0038887,0.0038887,0.039546,0.4383804500102997,0.9988130331039428,0.9934043288230896
O14241_Q09330,0.0032366,0.0032366,0.033602,0.022296011447906494,0.9986634254455566,0.0149738024920225
O74446_Q10429,0.003241,0.003241,0.034,0.20871230959892273,0.0116324014961719,0.0157214738428592
P78761_Q9P779,0.0036518,0.0036518,0.033569,0.7719764709472656,0.0019237255910411,0.0036505905445665
Q09819_Q0E7J7,0.0038028,0.0038028,0.034711,0.309072345495224,0.0265963114798069,0.9133597016334534
Q10428_O13852,0.0031845,0.0031845,0.033855,0.01561315543949604,0.0091588590294122,0.1685828268527984
P52890_Q12701,0.044653,0.044653,0.0341,0.2621888518333435,0.9921454787254332,0.7171732187271118
O42661_Q9USX8,0.0049924,0.0049924,0.049014,0.08651880919933319,0.0238271206617355,0.2044468075037002
O94285_Q9P4W1,0.033927,0.033927,0.034174,0.013233974575996399,0.005362604279071,0.0040665711276233
P87169_C6Y4D0,0.0031076,0.0031076,0.033515,0.2228795289993286,0.999019980430603,0.0111189875751733
P06652_Q09170,0.003655,0.003655,0.034392,0.3808087706565857,0.9987990856170654,0.3396845161914825
O13286_C6Y4D0,0.0034725,0.0034725,0.033644,0.01728702522814274,0.998256266117096,0.0108306305482983
Q9P7M3_O94476,0.0032419,0.0032419,0.03358,0.3403764069080353,0.0055739651434123,0.0027562929317355
Q9P3B2_O74399,0.0033298,0.0033298,0.033566,0.15791769325733185,0.0034277024678885,0.0080546047538518
Q10218_Q96WW3,0.0038715,0.0038715,0.03772,0.49474260210990906,0.9990209341049194,0.2535188198089599
P56287_P87312,0.0033832,0.0033832,0.033781,0.3490084111690521,0.9979323148727416,0.3129191100597381
O74988_Q9Y709,0.0032733,0.0032733,0.033519,0.8625519275665283,0.0061397128738462,0.0014058916131034
P87310_O74398,0.0032738,0.0032738,0.033605,0.2754629850387573,0.0248124562203884,0.0092822453007102
Q9C107_P36617,0.0033694,0.0033694,0.034191,0.8096883893013,0.9989859461784364,0.8388440012931824
P36622_O13339,0.0037047,0.0037047,0.034837,0.37086930871009827,0.0015332330949604,0.0181090496480464
O74309_P78761,0.0041535,0.0041535,0.033513,0.6928555369377136,0.0058300639502704,0.0022807396017014
P50530_O14180,0.0032752,0.0032752,0.034089,0.14803634583950043,0.0064307590946555,0.0295714456588029
O94646_P32390,0.0032216,0.0032216,0.033659,0.23330917954444885,0.5771162509918213,0.1976146101951599
O74558_Q09717,0.0031917,0.0031917,0.033619,0.46698352694511414,0.9986035227775574,0.0105784414336085
Q9P7P2_Q9USX8,0.003436,0.003436,0.033707,0.5359009504318237,0.0043381885625422,0.0630053803324699
P27638_O13684,0.0032199,0.0032199,0.033753,0.009065594524145126,0.0049296673387289,0.0560840852558612
O43080_Q09170,0.0033846,0.0033846,0.033585,0.2580684721469879,0.0024742148816585,0.0275321546941995
O74533_Q9P6Q0,0.0034404,0.0034404,0.033676,0.30339014530181885,0.9977654218673706,0.0903766602277755
O94276_P87053,0.0036446,0.0036446,0.034047,0.3721558153629303,0.998582363128662,0.0296674668788909
P05734_P10651,0.8124,0.8124,0.17983,0.48096132278442383,0.9987999200820924,0.9704739451408386
O13712_P0C5Y7,0.0033655,0.0033655,0.034396,0.08705954998731613,0.0012713712640106,0.008196173235774
O13672_O74518,0.0032171,0.0032171,0.033543,0.36248740553855896,0.3451319932937622,0.0033541226293891
O14327_Q9UTP0,0.0036539,0.0036539,0.86535,0.368798166513443,0.0056880582123994,0.0261570904403924
Q9URY0_O13777,0.0031898,0.0031898,0.036897,0.6324906945228577,0.0266802906990051,0.05149856954813
Q9P7B8_O74825,0.0032009,0.0032009,0.034404,0.06955302506685257,0.9934738278388976,0.0718181952834129
O74533_Q9HFE5,0.0031813,0.0031813,0.033473,0.3266025185585022,0.0141575774177908,0.0023223713506013
P56288_P27584,0.0035833,0.0035833,0.033468,0.2563367784023285,0.0023194642271846,0.0014650688972324
O13988_P04910,0.0095272,0.0095272,0.04063,0.5362823605537415,0.9989878535270692,0.0012379715917631
O13836_O14339,0.0040465,0.0040465,0.033803,0.6806753873825073,0.9961085915565492,0.004496541339904
Q7LL14_O94244,0.0044131,0.0044131,0.043968,0.366830050945282,0.9988327622413636,0.2723939120769501
O43114_O13988,0.0033027,0.0033027,0.033591,0.20764754712581635,0.0044225752353668,0.0037221366073936
P87051_P14575,0.0036676,0.0036676,0.033605,0.2777214050292969,0.9981607794761658,0.0016288022743538
O14036_O59734,0.070478,0.070478,0.81661,0.4839845597743988,0.9991127848625184,0.9940363168716432
O74517_Q9UTB6,0.0033795,0.0033795,0.034638,0.6056017875671387,0.165027305483818,0.6656316518783569
Q9USH1_O94556,0.004045,0.004045,0.033899,0.015072528272867203,0.7763776779174805,0.3623934388160705
Q10108_O74653,0.0038784,0.0038784,0.033582,0.1864784061908722,0.1297650337219238,0.1030149310827255
O13953_P10815,0.0033857,0.0033857,0.047139,0.15229344367980957,0.0833642408251762,0.867968738079071
P56287_O94707,0.0043784,0.0043784,0.033759,0.7171307802200317,0.998910665512085,0.0138923674821853
O74904_O42844,0.0039476,0.0039476,0.033911,0.13225077092647552,0.0387979075312614,0.0531680658459663
O14246_O94272,0.0042681,0.0042681,0.033969,0.4704154431819916,0.9440712928771972,0.0534347854554653
O94717_Q10169,0.0034323,0.0034323,0.034428,0.23881222307682037,0.0058539165183901,0.0398412756621837
Q9Y7U4_Q10173,0.0032007,0.0032007,0.033539,0.5736644268035889,0.9990369081497192,0.1282156556844711
O74653_P41411,0.0034439,0.0034439,0.033572,0.09440647810697556,0.0346884429454803,0.0168322045356035
O42846_P34208,0.0032565,0.0032565,0.033759,0.11147009581327438,0.0069691860117018,0.0009113060659728
P87324_P87123,0.0032963,0.0032963,0.033535,0.24674879014492035,0.9990031123161316,0.159802109003067
O74531_P87323,0.003507,0.003507,0.033828,0.35789018869400024,0.0292154252529144,0.5857242345809937
P27638_O94444,0.0083173,0.0083173,0.033549,0.7424913644790649,0.9987069368362428,0.0807938948273658
O14011_Q09882,0.0032075,0.0032075,0.03485,0.42574653029441833,0.0295981857925653,0.0761377364397049
O74471_Q9P3B2,0.064256,0.064256,0.12803,0.6964970231056213,0.9228132963180542,0.974560558795929
Q9Y7R3_P87231,0.0032498,0.0032498,0.036533,0.055665068328380585,0.0111138131469488,0.9163225889205932
O42661_Q92462,0.0048725,0.0048725,0.038319,0.1620827317237854,0.002767002210021,0.0155448392033576
O59836_P50582,0.0032364,0.0032364,0.033786,0.1461736112833023,0.9980022311210632,0.887333333492279
Q96WV9_P87169,0.013871,0.013871,0.033545,0.33948367834091187,0.998984158039093,0.0471386760473251
P41889_O74533,0.0033356,0.0033356,0.03351,0.0035036331973969936,0.0113347778096795,0.1379714757204055
Q10103_O14036,0.0042469,0.0042469,0.049733,0.1554383635520935,0.3129601180553436,0.0168339163064956
O13836_P40381,0.0038607,0.0038607,0.03531,0.6018399000167847,0.9990590214729308,0.0212985947728157
O13936_Q09760,0.0031921,0.0031921,0.035538,0.2116834819316864,0.0087038278579711,0.0090274214744567
Q9Y738_Q10322,0.003194,0.003194,0.033613,0.09783230721950531,0.0115820784121751,0.0365866757929325
O42995_P40380,0.0033657,0.0033657,0.037618,0.46441730856895447,0.0130551336333155,0.5495334267616272
Q10585_P78929,0.0038135,0.0038135,0.033577,0.23658041656017303,0.00603709788993,0.0952998101711273
P32390_O60104,0.0031911,0.0031911,0.033852,0.16425076127052307,0.0094591956585645,0.4843064546585083
Q9UUJ4_P04910,0.0031803,0.0031803,0.033978,0.2538188397884369,0.0233197379857301,0.0031493080314248
Q9Y818_O42905,0.0071063,0.0071063,0.092203,0.37283438444137573,0.2049765586853027,0.0185702443122863
Q9P7G0_Q10317,0.0032494,0.0032494,0.033918,0.028268469497561455,0.9990115165710448,0.0224368497729301
Q10067_Q9HFE5,0.0039289,0.0039289,0.033758,0.45910897850990295,0.0221905075013637,0.0018276548944413
O42846_P05734,0.66696,0.66696,0.12733,0.4604928195476532,0.9988610744476318,0.9953232407569884
O13828_Q53EK2,0.0032097,0.0032097,0.033624,0.04222951456904411,0.9987265467643738,0.2914866805076599
O94659_O43070,0.003393,0.003393,0.034246,0.0985424816608429,0.9986591339111328,0.2521807849407196
Q874R3_P10651,0.0032157,0.0032157,0.034193,0.05894391983747482,0.005193562246859,0.0058375857770442
O13826_P09322,0.0074499,0.0074499,0.055992,0.08272503316402435,0.9990240335464478,0.6007304191589355
P07527_Q9P6R1,0.0044607,0.0044607,0.036399,0.19979999959468842,0.9988564252853394,0.0472854152321815
P87053_O94408,0.0035085,0.0035085,0.036035,0.02120862901210785,0.0046202591620385,0.0044499994255602
P30261_Q10067,0.0032009,0.0032009,0.035792,0.2686135768890381,0.9989380240440368,0.8462545275688171
Q9P7X1_Q9UT86,0.0037026,0.0037026,0.033509,0.44663935899734497,0.001958189997822,0.0007963174139149
P36613_P50527,0.0037634,0.0037634,0.033891,0.1723056584596634,0.0073184752836823,0.6862162351608276
Q9P805_O94355,0.0031616,0.0031616,0.033718,0.4868128001689911,0.5532711148262024,0.6309388279914856
O74978_P41889,0.0033647,0.0033647,0.034156,0.21876776218414307,0.3850308358669281,0.454032301902771
O14235_P33886,0.0035844,0.0035844,0.03359,0.24278061091899872,0.9989282488822936,0.1032444238662719
Q09808_Q09761,0.0031493,0.0031493,0.033709,0.6264573931694031,0.9990506768226624,0.7335506677627563
Q9HDY7_O42978,0.0036043,0.0036043,0.035154,0.11694640666246414,0.0260967556387186,0.0074464026838541
O94609_P07657,0.0083268,0.0083268,0.033627,0.6335559487342834,0.0016361572779715,0.0009101653122343
Q10192_Q09898,0.0035078,0.0035078,0.033892,0.26682233810424805,0.0347191914916038,0.0491683147847652
O60016_P17937,0.0042783,0.0042783,0.035551,0.03565974533557892,0.9989688396453856,0.1869650930166244
P33520_Q11120,0.0034353,0.0034353,0.033666,0.2831178605556488,0.0048234895803034,0.0546340309083461
Q10295_P04910,0.0034578,0.0034578,0.034048,0.2232133150100708,0.9988173842430116,0.0027203229255974
Q10218_P56286,0.0037021,0.0037021,0.034117,0.07798665761947632,0.1745484620332718,0.0287468507885932
O14036_P50523,0.0034349,0.0034349,0.033636,0.3832598030567169,0.0024873304646462,0.0013112918240949
O94450_P0CT60,0.0032099,0.0032099,0.03366,0.5297186970710754,0.0221498366445302,0.0060286996886134
Q9HE05_Q9P6Q0,0.0081609,0.0081609,0.034119,0.13168734312057495,0.9990155696868896,0.0968162938952446
Q0E7J7_P21135,0.0045218,0.0045218,0.03511,0.4991159737110138,0.9989458918571472,0.7339999675750732
P04551_P13681,0.1305,0.1305,0.036017,0.10572604089975357,0.3573653399944305,0.0282209943979978
O13964_Q10163,0.0032358,0.0032358,0.034367,0.1724058836698532,0.0551110617816448,0.0227394960820674
O94534_Q9US59,0.0066354,0.0066354,0.048124,0.011726786382496357,0.997008979320526,0.0103398030623793
P32372_O60129,0.0033973,0.0033973,0.03381,0.05362650379538536,0.9989227652549744,0.957452952861786
P07657_P36617,0.0039083,0.0039083,0.033516,0.4003317058086395,0.0007537108031101,0.0006954587297514
Q9P784_O43120,0.005584,0.005584,0.052359,0.020190073177218437,0.9990234375,0.0603517405688762
P78963_O43070,0.0036075,0.0036075,0.033658,0.16082777082920074,0.0071242852136492,0.6884759068489075
P17937_P79065,0.0031851,0.0031851,0.033729,0.22505025565624237,0.0471117906272411,0.1021316275000572
Q09914_O14327,0.0043543,0.0043543,0.035293,0.2464732825756073,0.0010262775467708,0.0352175086736679
P78814_Q9UUE5,0.0032226,0.0032226,0.033691,0.1029847264289856,0.9988862872123718,0.003052792744711
O74433_Q09154,0.040696,0.040696,0.15005,0.0068519143387675285,0.9990276098251344,0.9843591451644896
O94288_Q09177,0.0031915,0.0031915,0.033659,0.18852339684963226,0.9979637861251832,0.01175525970757
Q10343_Q9P784,0.0050738,0.0050738,0.033552,0.4681522250175476,0.0201112423092126,0.0147965801879763
P32390_Q9P7G0,0.0032622,0.0032622,0.03388,0.23186670243740082,0.9989016056060792,0.0503887943923473
Q92399_Q10316,0.0048904,0.0048904,0.038744,0.21142348647117615,0.9990299940109252,0.0495564565062522
P27584_Q00619,0.0061746,0.0061746,0.033729,0.15295876562595367,0.0126188285648822,0.0023767563980072
Q9USP9_P36618,0.0032066,0.0032066,0.03388,0.20911945402622223,0.0039767171256244,0.0946505814790725
O75001_P29458,0.11308,0.11308,0.047659,0.370849072933197,0.9609262943267822,0.9839351773262024
Q10198_Q10430,0.032782,0.032782,0.033652,0.10762801021337509,0.9990586638450624,0.991390585899353
Q9UTF6_O14327,0.0031829,0.0031829,0.033958,0.8857742547988892,0.0030306272674351,0.053842443972826
Q9P7R9_O13936,0.0033671,0.0033671,0.038258,0.007826930843293667,0.9977845549583436,0.0741956457495689
O13964_O14170,0.0032648,0.0032648,0.033734,0.061921216547489166,0.0090084504336118,0.1362377405166626
Q6BDR8_O74398,0.0034171,0.0034171,0.033746,0.2992374002933502,0.0048497752286493,0.0043538408353924
O14318_P78814,0.010401,0.010401,0.034156,0.27087530493736267,0.1542269885540008,0.0063708201050758
O74791_O74446,0.0034423,0.0034423,0.03363,0.039305925369262695,0.9984264373779296,0.0184660367667675
Q10432_Q09698,0.0032015,0.0032015,0.035556,0.1945890486240387,0.0517132580280303,0.9487760066986084
Q9USV1_Q12381,0.0031842,0.0031842,0.033784,0.124038927257061,0.0232810787856578,0.6268296241760254
Q10585_O74483,0.0038048,0.0038048,0.033575,0.24502083659172058,0.9969369173049928,0.0086440267041325
O14097_P29458,0.0035688,0.0035688,0.036801,0.1008162572979927,0.0145445019006729,0.0710824355483055
Q10103_O94321,0.0033347,0.0033347,0.03383,0.295087605714798,0.0155960079282522,0.2436905652284622
P79005_P34208,0.005013,0.005013,0.034378,0.13148364424705505,0.0391048081219196,0.9645249843597412
O14329_P87312,0.0034264,0.0034264,0.033619,0.14993801712989807,0.0008410807931795,0.0030392694752663
O94376_P28829,0.0037943,0.0037943,0.033617,0.5870240926742554,0.0026387774851173,0.0538309402763843
O36019_P40371,0.0033405,0.0033405,0.033822,0.1630878746509552,0.0025245384313166,0.0145054254680871
A6X980_P36582,0.003293,0.003293,0.033767,0.45357272028923035,0.0026856320910155,0.0050605623982846
Q9Y794_Q9P7B8,0.0034642,0.0034642,0.033849,0.1561095118522644,0.0427273772656917,0.1674026697874069
O14079_O74558,0.0031709,0.0031709,0.033643,0.14514753222465515,0.0094920322299003,0.0172307975590229
O94659_O13758,0.0038101,0.0038101,0.035241,0.07623473554849625,0.9969958066940308,0.9941815733909608
O74910_P08090,0.0034444,0.0034444,0.035569,0.6245295405387878,0.9979427456855774,0.9209672212600708
O74736_O94616,0.0034788,0.0034788,0.033862,0.4385123550891876,0.999025821685791,0.0021897021215409
Q9P7X1_O59703,0.0036101,0.0036101,0.033512,0.09261243045330048,0.0015485641779378,0.0037397474516183
Q09760_P87074,0.0034155,0.0034155,0.034549,0.4623972773551941,0.0146726006641983,0.0550707019865512
O14180_O74825,0.0032248,0.0032248,0.034085,0.20800819993019104,0.9990490078926086,0.5886900424957275
Q10316_O94556,0.003842,0.003842,0.033706,0.026519110426306725,0.9988875985145568,0.269680917263031
P28829_O94360,0.0032101,0.0032101,0.03356,0.21116560697555542,0.8342359662055969,0.0017213720129802
Q9P7E0_Q09191,0.0034553,0.0034553,0.033499,0.2627539038658142,0.006802971009165,0.0015761872055009
P36617_Q9UUA8,0.0036248,0.0036248,0.033637,0.04748934134840965,0.0261562671512365,0.0075194579549133
O74825_P87123,0.0044988,0.0044988,0.086054,0.08047681301832199,0.9990666508674622,0.0494460277259349
Q9UUA8_Q10163,0.0034364,0.0034364,0.033514,0.15491069853305817,0.0082829724997282,0.0041254609823226
O13816_Q9USU3,0.0035001,0.0035001,0.034009,0.16923172771930695,0.0044124061241745,0.1346353590488433
P78953_P87050,0.0037077,0.0037077,0.034117,0.007493582088500261,0.998805284500122,0.967860758304596
Q10193_O74311,0.003162,0.003162,0.033632,0.1959119737148285,0.9161563515663148,0.026547584682703
O42634_Q9P7F9,0.0037836,0.0037836,0.033527,0.29024213552474976,0.0006978262681514,0.0006879370776005
O59755_Q10343,0.0039276,0.0039276,0.034073,0.2754805088043213,0.9488371014595032,0.0106397187337279
O14140_Q9Y7L8,0.086061,0.086061,0.069429,0.07305656373500824,0.998837411403656,0.0210009589791297
P79065_P87053,0.0036056,0.0036056,0.034018,0.3030218183994293,0.0601997300982475,0.113091766834259
Q9UT52_Q10192,0.003185,0.003185,0.03603,0.01294050831347704,0.9602138996124268,0.0147254588082432
Q09882_O74986,0.0034745,0.0034745,0.034878,0.32199907302856445,0.9841324090957642,0.2362922728061676
Q9HE05_O74531,0.0078317,0.0078317,0.034519,0.1751895248889923,0.998970866203308,0.036689355969429
O94355_O94658,0.004403,0.004403,0.033671,0.00578304473310709,0.9987452030181884,0.0084485588595271
Q96WV9_P41410,0.0044523,0.0044523,0.034495,0.40751737356185913,0.9968088269233704,0.911915123462677
Q03392_Q09191,0.0035228,0.0035228,0.035224,0.5306285619735718,0.6143226027488708,0.0796693712472915
P25457_P0CH07,0.013825,0.013825,0.038297,0.37255334854125977,0.0647322386503219,0.0018122688634321
Q10585_O59751,0.0032011,0.0032011,0.033542,0.1363605111837387,0.0176938977092504,0.1674893945455551
O74483_Q10103,0.0037237,0.0037237,0.033967,0.375958651304245,0.9974985718727112,0.0075793717987835
P79063_P0CT60,0.0032927,0.0032927,0.033727,0.4007532298564911,0.9987416863441468,0.7769290208816528
Q9P7B7_Q09761,0.0033231,0.0033231,0.03442,0.2594156861305237,0.9989418387413024,0.863028883934021
O42995_O74518,0.0031375,0.0031375,0.033739,0.42108163237571716,0.1443139165639877,0.1069260165095329
O94752_Q09698,0.0035838,0.0035838,0.035196,0.5378303527832031,0.0120924534276127,0.1882455497980117
Q874R3_P40377,0.0051827,0.0051827,0.035085,0.5183987617492676,0.0015899764839559,0.0191941317170858
O00102_Q9Y7Z1,0.0053272,0.0053272,0.033725,0.16184207797050476,0.0169979967176914,0.0018809786997735
P87309_O60104,0.0038171,0.0038171,0.034736,0.24402062594890594,0.99904602766037,0.4577711224555969
Q09116_Q9USZ6,0.0032823,0.0032823,0.033436,0.02393161505460739,0.0042626685462892,0.0027439726982265
P36585_P36582,0.0049794,0.0049794,0.035038,0.008865440264344215,0.0031263211276382,0.0014957741368561
O14352_O74499,0.042028,0.042028,0.83765,0.1139870285987854,0.9991010427474976,0.9960836172103882
P08092_Q09176,0.0050591,0.0050591,0.033974,0.33381059765815735,0.9241254329681396,0.0294633898884058
Q09683_Q09177,0.0033841,0.0033841,0.033527,0.12080258876085281,0.9990678429603576,0.0608238838613033
P04551_Q9UUJ4,0.019362,0.019362,0.033823,0.035315558314323425,0.0416501387953758,0.0272658895701169
Q9UTP0_P54789,0.0038212,0.0038212,0.038814,0.3075181841850281,0.0389193668961524,0.3405891954898834
P04551_O94244,0.0080519,0.0080519,0.045831,0.13959214091300964,0.9986899495124816,0.0068964567035436
O74718_Q9USJ7,0.0035765,0.0035765,0.03372,0.39229658246040344,0.9962009787559508,0.9089434146881104
Q9P7X1_O36023,0.0035155,0.0035155,0.033486,0.3046892583370209,0.0010202699340879,0.0009068049839697
O94581_Q9UUE5,0.0036456,0.0036456,0.034013,0.06262977421283722,0.1116514578461647,0.0034893187694251
P0CT70_Q9Y7M4,0.37417,0.37417,0.13619,0.2751711308956146,0.9989792704582214,0.0512018017470836
O42667_Q92352,0.004886,0.004886,0.033706,0.08420609682798386,0.0135409226641058,0.5063142776489258
P32372_P34208,0.0032578,0.0032578,0.033845,0.5716606378555298,0.9986603260040284,0.3634295463562011
O14198_O94658,0.0034241,0.0034241,0.03358,0.5539301037788391,0.9989581108093262,0.0138876587152481
O94326_O13889,0.0033573,0.0033573,0.033936,0.07908289134502411,0.0138566419482231,0.0160576626658439
O13964_Q10668,0.0037339,0.0037339,0.033816,0.2709898054599762,0.9990076422691344,0.7460556626319885
O42846_O74796,0.0032516,0.0032516,0.033679,0.05396288260817528,0.1743425279855728,0.008589556440711
P05219_P40848,0.0035643,0.0035643,0.033828,0.046915918588638306,0.076782189309597,0.0508927889168262
Q9P4W1_P41411,0.0057101,0.0057101,0.033568,0.2594048082828522,0.0089979162439703,0.0004986399435438
P33520_O94288,0.0036005,0.0036005,0.034187,0.30441609025001526,0.0044340412132442,0.2835924327373504
O14459_O00102,0.0041489,0.0041489,0.034761,0.15962257981300354,0.0414712838828563,0.0008636633865535
Q9UT46_P08090,0.0035408,0.0035408,0.033729,0.2076263129711151,0.073775976896286,0.8895410895347595
Q9P7B8_Q9P7T4,0.0034529,0.0034529,0.034508,0.6038997769355774,0.9971866011619568,0.7623668909072876
P87159_Q9P7V3,0.0051822,0.0051822,0.033656,0.36492741107940674,0.0146823031827807,0.0188900027424097
P37382_Q10056,0.003319,0.003319,0.033699,0.5724669694900513,0.0013242445420473,0.0011942288838326
O13828_O59734,0.0147,0.0147,0.035686,0.2686159908771515,0.9987837672233582,0.2631773948669433
P36617_P08965,0.0034658,0.0034658,0.033727,0.5129457712173462,0.9989926218986512,0.2401485741138458
Q9P7B7_O13688,0.0031912,0.0031912,0.034839,0.2682223916053772,0.9990164041519164,0.935067892074585
Q9USP0_Q00619,0.0038746,0.0038746,0.03351,0.13124313950538635,0.0008512577041983,0.0018046639161184
P36583_O74958,0.0038658,0.0038658,0.034503,0.25239840149879456,0.0683573633432388,0.1804508417844772
O59751_Q9P7R9,0.0079299,0.0079299,0.033573,0.46262475848197937,0.0056553189642727,0.3699848055839538
P28748_P87312,0.0068342,0.0068342,0.03497,0.07748071849346161,0.0022636426147073,0.0033779556397348
O14180_Q09822,0.0032404,0.0032404,0.033603,0.36764469742774963,0.0020242233294993,0.0668356195092201
P87169_Q10951,0.0031775,0.0031775,0.034059,0.18442024290561676,0.9989614486694336,0.6943367123603821
Q10271_O42844,0.0035806,0.0035806,0.033545,0.2009858638048172,0.0571500062942504,0.1609071493148803
Q9HGL6_Q9P7R9,0.0032532,0.0032532,0.033652,0.1547354757785797,0.8695133328437805,0.0411452390253543
O43120_O94705,0.0034948,0.0034948,0.033582,0.14098584651947021,0.0042686397209763,0.0004411088884808
O75001_O74804,0.0094998,0.0094998,0.033904,0.012122408486902714,0.0133194494992494,0.0186382085084915
O74533_Q10429,0.0031569,0.0031569,0.033631,0.028265662491321564,0.0244536083191633,0.097075916826725
O14036_Q09819,0.0075368,0.0075368,0.041608,0.2266809344291687,0.987111508846283,0.022435987368226
O75011_Q9UTI3,0.0033902,0.0033902,0.033647,0.06683383136987686,0.0109156230464577,0.2227099686861038
Q10432_Q96WW3,0.0032621,0.0032621,0.036325,0.09744346141815186,0.9985686540603638,0.5115992426872253
O42844_O94717,0.0033744,0.0033744,0.034119,0.5295018553733826,0.0726127028465271,0.2915901243686676
O94687_P05219,0.0046854,0.0046854,0.036613,0.2798454463481903,0.0068327151238918,0.0656626373529434
P78972_O14343,0.0033096,0.0033096,0.035175,0.318380743265152,0.1449538469314575,0.9374483823776244
Q09127_C6Y4D0,0.11313,0.11313,0.034937,0.47140422463417053,0.9989985823631288,0.223999947309494
O74804_O42844,0.07357,0.07357,0.033857,0.14796574413776398,0.0275794770568609,0.2089512050151825
P05734_Q9P6Q0,0.0032352,0.0032352,0.033915,0.3669412434101105,0.1455180495977401,0.0327094122767448
O74653_O13286,0.0035051,0.0035051,0.034759,0.20270556211471558,0.9980814456939696,0.8814705610275269
O14021_P87312,0.0044525,0.0044525,0.033762,0.06684692203998566,0.9986786246299744,0.9635450839996338
O14269_Q9UTR8,0.0037002,0.0037002,0.033957,0.04056789353489876,0.998927652835846,0.94405335187912
O14229_Q92366,0.025173,0.025173,0.036942,0.21210579574108124,0.9984111785888672,0.5375720262527466
O13310_O13916,0.003289,0.003289,0.033619,0.27472490072250366,0.0120286783203482,0.0658138915896415
Q02088_O94285,0.0031766,0.0031766,0.033525,0.21294407546520233,0.0022969827987253,0.0021826988086104
O42661_Q9UUM2,0.0047588,0.0047588,0.03402,0.4120205342769623,0.0419422797858715,0.4596723318099975
P52890_O94542,0.0032957,0.0032957,0.033718,0.7210890650749207,0.003336984431371,0.0312630273401737
O94268_P40995,0.0038257,0.0038257,0.034468,0.034150414168834686,0.0021726009435951,0.0371540673077106
O59836_P36595,0.0051734,0.0051734,0.036012,0.023248795419931412,0.8857042789459229,0.045650914311409
P40984_Q9USX3,0.025661,0.025661,0.85827,0.29235348105430603,0.9987234473228456,0.7707566618919373
Q10668_O94722,0.0076936,0.0076936,0.033876,0.1510361135005951,0.0011730336118489,0.0020338506437838
O74531_Q4PIR3,0.005519,0.005519,0.038241,0.08592919260263443,0.0280913822352886,0.0509699843823909
Q96WV9_O13310,0.054614,0.054614,0.16897,0.6587779521942139,0.9988985061645508,0.6845097541809082
Q9UUJ1_P40848,0.003297,0.003297,0.033832,0.2858210504055023,0.6440629363059998,0.0103517156094312
O13681_P79063,0.0040703,0.0040703,0.033514,0.05718773603439331,0.0065072034485638,0.0354231037199497
P29458_Q9P6M0,0.0034305,0.0034305,0.046757,0.299913227558136,0.9967309236526488,0.093292124569416
O42975_O43120,0.0033747,0.0033747,0.034768,0.060218799859285355,0.9988885521888732,0.054362766444683
O59836_P32390,0.0031799,0.0031799,0.033921,0.07854132354259491,0.1195344477891922,0.0518514551222324
Q9USX3_Q92366,0.0087632,0.0087632,0.038486,0.13588744401931763,0.9988973140716552,0.0251673627644777
P0CT68_Q9Y7L8,0.0051905,0.0051905,0.053364,0.25325894355773926,0.0385302044451236,0.1372941136360168
Q10295_O14011,0.0032496,0.0032496,0.034139,0.2193775475025177,0.9989702701568604,0.6655195951461792
O94272_O13964,0.0039824,0.0039824,0.03403,0.1353084146976471,0.0393679291009902,0.0723569393157959
O42634_O94272,0.0051747,0.0051747,0.049449,0.6400982737541199,0.0048125744797289,0.0565846227109432
O42991_Q10668,0.0055249,0.0055249,0.034045,0.24293607473373413,0.9983698725700378,0.0625665709376335
O42932_Q9USX8,0.0033326,0.0033326,0.03357,0.09711106866598129,0.0028000201564282,0.0120966359972953
P87027_O14140,0.041275,0.041275,0.033575,0.15602825582027435,0.0022786310873925,0.0697005465626716
P87173_Q9USG6,0.0055849,0.0055849,0.033869,0.017340457066893578,0.9991347193717957,0.9653497934341432
P05734_O60187,0.0046429,0.0046429,0.034342,0.37714192271232605,0.0028626974672079,0.0051960702985525
Q9Y7L8_Q92372,0.0034322,0.0034322,0.036097,0.5081793069839478,0.0030996187124401,0.0462480559945106
O74511_P36614,0.0056397,0.0056397,0.089719,0.01664910651743412,0.0482698492705822,0.4565120935440063
O13877_O42991,0.26636,0.26636,0.038129,0.0064524756744503975,0.999046266078949,0.0209088940173387
P07334_P87159,0.0062302,0.0062302,0.034083,0.25629177689552307,0.9988034963607788,0.9937118291854858
O13964_O14097,0.0031628,0.0031628,0.034072,0.7609819769859314,0.0143894087523221,0.1145045906305313
Q9P7R9_Q9P7M1,0.0031752,0.0031752,0.033665,0.2950911819934845,0.9986096620559692,0.9603701829910278
Q9Y7M6_P0CF96,0.0031965,0.0031965,0.033714,0.24564644694328308,0.3942142128944397,0.004373556934297
A6X980_O14122,0.0031418,0.0031418,0.034395,0.010834328830242157,0.0319866687059402,0.0082250740379095
Q9UUB7_O74774,0.0036984,0.0036984,0.036548,0.2504757046699524,0.9990457892417908,0.0254227574914693
O74803_Q9UTS6,0.0031413,0.0031413,0.034191,0.5869603157043457,0.9990503191947936,0.1556989103555679
P87238_O74983,0.007282,0.007282,0.033616,0.3136148750782013,0.996488094329834,0.0570664480328559
Q9P802_P87126,0.0036651,0.0036651,0.033794,0.028052866458892822,0.9980534315109252,0.0695070996880531
O74771_P05733,0.0031694,0.0031694,0.033615,0.7795428037643433,0.0078349923714995,0.003094489686191
P87051_P78972,0.0053498,0.0053498,0.13054,0.30846911668777466,0.9966145157814026,0.001272628782317
Q9UTI3_P87238,0.0031895,0.0031895,0.033519,0.234500914812088,0.0015788332093507,0.0820890888571739
P25457_Q9Y7M6,0.0031361,0.0031361,0.033529,0.0775255635380745,0.0570196509361267,0.9324114322662354
O43071_Q9P6M0,0.0033462,0.0033462,0.062629,0.20756946504116058,0.9501972198486328,0.032751552760601
P50523_P0CU09,0.0032016,0.0032016,0.033615,0.03814536705613136,0.0047754123806953,0.0012732604518532
Q09823_Q09685,0.0039407,0.0039407,0.036417,0.31931641697883606,0.0557268597185611,0.4636198580265045
Q96WW3_O13988,0.0047677,0.0047677,0.036925,0.41324102878570557,0.9962963461875916,0.0295256320387125
Q9Y7L8_P27584,0.0032402,0.0032402,0.03357,0.17563234269618988,0.0019325476605445,0.0012319342931732
Q9Y794_P0CT60,0.0041353,0.0041353,0.071765,0.16853190958499908,0.0202531795948743,0.0079776141792535
P87174_P87176,0.0047073,0.0047073,0.034719,0.07428032904863358,0.9990358352661132,0.0672048926353454
O94450_Q10134,0.0032388,0.0032388,0.033601,0.3321229815483093,0.9210171103477478,0.0047570192255079
Q09717_Q9UTF6,0.0031958,0.0031958,0.033503,0.1110151931643486,0.0019654468633234,0.0046740514226257
Q9USP0_P87306,0.0032612,0.0032612,0.033827,0.07953622192144394,0.0027148134540766,0.0151703367009758
O42954_Q9UUB5,0.0033385,0.0033385,0.033749,0.02644789032638073,0.9987980127334596,0.606332004070282
P21135_Q9UT52,0.003203,0.003203,0.041782,0.01745462603867054,0.9988825917243958,0.4202802777290344
Q9UUJ4_Q09916,0.0036344,0.0036344,0.033688,0.5322845578193665,0.9972430467605592,0.0124288694933056
P41412_P78972,0.003311,0.003311,0.039217,0.023235272616147995,0.023676324635744,0.8038889765739441
P50528_P87126,0.0038576,0.0038576,0.034131,0.20516261458396912,0.0095650944858789,0.7770695686340332
P28748_Q9P6Q6,0.0033499,0.0033499,0.033758,0.1588495969772339,0.0024228792171925,0.4592699110507965
Q9P7P2_P54789,0.0033401,0.0033401,0.036379,0.06785149872303009,0.0644883513450622,0.0707282423973083
Q9P6Q6_P42656,0.0036423,0.0036423,0.033673,0.6048014163970947,0.0031604131218045,0.0912559255957603
Q9UUJ4_Q9P7X1,0.0033864,0.0033864,0.033526,0.25500422716140747,0.0018837962998077,0.005526362452656
O94658_O74718,0.0053191,0.0053191,0.071349,0.6118260622024536,0.9987205266952516,0.7039178013801575
Q9UTB6_O13826,0.0033134,0.0033134,0.034073,0.05892655625939369,0.9896017909049988,0.0141652524471282
P50523_O13777,0.0032979,0.0032979,0.033566,0.05563369020819664,0.002790919970721,0.000439145398559
O13672_O74895,0.053105,0.053105,0.17335,0.09627082943916321,0.9990314245224,0.9847074747085572
Q9UTF6_Q92352,0.0031974,0.0031974,0.03451,0.36597806215286255,0.0289103798568248,0.0391068533062934
P10506_P87174,0.0045381,0.0045381,0.033882,0.5026167631149292,0.9928284287452698,0.0927259400486946
Q9Y7R3_Q9P805,0.0031607,0.0031607,0.034066,0.2531437277793884,0.0184665210545063,0.0220243576914072
Q9UUI1_P54789,0.003428,0.003428,0.033755,0.5729712247848511,0.9978525638580322,0.0043657734058797
Q9C0Z9_Q9P779,0.0033433,0.0033433,0.033656,0.07444971054792404,0.0021407215390354,0.0158222820609807
P08647_O36023,0.017154,0.017154,0.091144,0.5746623277664185,0.0057479320093989,0.5885985493659973
O74978_Q10330,0.1139,0.1139,0.064901,0.3622507154941559,0.9990108013153076,0.996665060520172
P36629_O14246,0.0044358,0.0044358,0.034024,0.524025559425354,0.9972777962684632,0.028275167569518
Q10192_O94263,0.0034033,0.0034033,0.033581,0.7567160725593567,0.9990525841712952,0.0738051459193229
O74309_P87314,0.0033232,0.0033232,0.054656,0.6309025883674622,0.9988206028938292,0.9884662628173828
P79071_O74796,0.0037887,0.0037887,0.033556,0.37706881761550903,0.0120231537148356,0.0207103975117206
Q10198_P39964,0.0078825,0.0078825,0.033738,0.3676040470600128,0.0371198467910289,0.9818962812423706
P33886_P87238,0.0034542,0.0034542,0.033732,0.1382281631231308,0.9988657236099244,0.3411157429218292
O13712_Q9P6R1,0.0041179,0.0041179,0.033628,0.16652080416679382,0.0014499727403745,0.016231270506978
Q7LL14_C6Y4D0,0.072284,0.072284,0.035504,0.2185550481081009,0.0399967953562736,0.0056884391233325
P21534_Q9P6R1,0.0064264,0.0064264,0.033514,0.28773391246795654,0.0006904996698722,0.0024256627075374
O60158_O74517,0.0047404,0.0047404,0.034345,0.04771042242646217,0.0041075744666159,0.8720700144767761
O94450_O13978,0.0031893,0.0031893,0.033546,0.027591027319431305,0.0065420814789831,0.0082162180915474
P10815_Q96TL7,0.0033467,0.0033467,0.03458,0.050196751952171326,0.997055172920227,0.955449402332306
P36618_Q9Y7M6,0.0031568,0.0031568,0.033517,0.22843150794506073,0.0064784684218466,0.075094074010849
Q9UT46_P36595,0.0064579,0.0064579,0.033801,0.004738071002066135,0.0028619079384952,0.0098017202690243
P50523_O13964,0.0034577,0.0034577,0.033583,0.4487130641937256,0.002737488830462,0.0022999986540526
Q9URY0_O42905,0.0032377,0.0032377,0.034935,0.5060805678367615,0.0279993172734975,0.1461130231618881
Q10232_Q9P7R9,0.0032376,0.0032376,0.033505,0.07753492891788483,0.0059366556815803,0.0675811469554901
O13889_P87323,0.0034137,0.0034137,0.033833,0.2084183543920517,0.7010167837142944,0.7223578691482544
Q9P784_P79063,0.0034399,0.0034399,0.033551,0.7468228340148926,0.9975225329399108,0.1038917303085327
P36614_O14010,0.0033729,0.0033729,0.047303,0.29160019755363464,0.0811739861965179,0.0220338888466358
P36625_O14098,0.0035336,0.0035336,0.033678,0.3045991361141205,0.9989946484565736,0.8499084115028381
P56287_Q9UUE5,0.0032458,0.0032458,0.033764,0.10549642145633698,0.9990015625953674,0.0066202324815094
Q10343_Q9USJ7,0.0037704,0.0037704,0.033519,0.003497764701023698,0.0087014213204383,0.0259839389473199
Q9USV3_P87050,0.0032527,0.0032527,0.033578,0.6219220757484436,0.0141844572499394,0.0153682846575975
O13816_O13351,0.003358,0.003358,0.033651,0.0663880705833435,0.9987468719482422,0.0103939976543188
Q09824_Q09822,0.0032653,0.0032653,0.033709,0.13487549126148224,0.0031265334691852,0.5129556655883789
O94423_Q9P7V3,0.0031616,0.0031616,0.033538,0.1793188899755478,0.0122924698516726,0.007124918513
Q09824_P21135,0.0038997,0.0038997,0.03578,0.19118697941303253,0.1306680291891098,0.9892091155052184
O94268_Q10477,0.0032327,0.0032327,0.038396,0.5151512622833252,0.998888909816742,0.203034222126007
Q09698_O94616,0.0034971,0.0034971,0.035195,0.15362024307250977,0.9987276196479796,0.006251701619476
O14021_Q9P7M3,0.0034544,0.0034544,0.035499,0.10139666497707367,0.0453374721109867,0.1419392079114914
P87323_O59800,0.0035101,0.0035101,0.033746,0.17476560175418854,0.0021461637225002,0.920544981956482
O94687_P87306,0.00339,0.00339,0.035332,0.20905934274196625,0.9988173842430116,0.4377654194831848
O13684_O13852,0.0040027,0.0040027,0.033886,0.16465254127979279,0.99882310628891,0.4255224466323852
P78946_Q9UUB5,0.010736,0.010736,0.03831,0.6859137415885925,0.9990667700767516,0.4381889104843139
Q9P7G0_O74736,0.0036075,0.0036075,0.033995,0.1077929213643074,0.9988570213317872,0.648761510848999
P32434_Q9Y709,0.0031981,0.0031981,0.033748,0.47224941849708557,0.0021196485031396,0.007390774320811
Q9URY0_O13889,0.0035293,0.0035293,0.035204,0.24823428690433502,0.0244605485349893,0.0225059278309345
G2TRP5_Q9P4W1,0.18117,0.18117,0.55774,0.2073563188314438,0.9988998174667358,0.9920384883880616
Q09761_O42978,0.0034324,0.0034324,0.033884,0.4524407386779785,0.9990209341049194,0.0208491664379835
Q12701_Q12126,0.047896,0.047896,0.15377,0.14770250022411346,0.9990081191062928,0.4800176620483398
O74398_Q10163,0.0066156,0.0066156,0.036083,0.5849412083625793,0.5428236126899719,0.0061324192211031
O94581_P07657,0.019566,0.019566,0.12964,0.18626002967357635,0.0035163736902177,0.8046509027481079
O74515_P78963,0.0041867,0.0041867,0.034072,0.2732486426830292,0.0123940063640475,0.0228026825934648
Q9P4W1_Q09772,0.0094706,0.0094706,0.03366,0.2623351216316223,0.0222672950476408,0.0005230622482486
O94722_P79010,0.023586,0.023586,0.033585,0.45274969935417175,0.0011092419736087,0.0027615511789917
O14343_O59751,0.056062,0.056062,0.040207,0.11507918685674667,0.0981890261173248,0.9940006136894226
O74747_O94476,0.0033494,0.0033494,0.033595,0.11435388773679733,0.0046909390948712,0.0062332171946763
Q9UST6_O42995,0.0031109,0.0031109,0.035728,0.2434641569852829,0.0926581025123596,0.2576597929000854
P52822_O94542,0.0039976,0.0039976,0.033783,0.5456358194351196,0.2476552426815033,0.0068088346160948
O43080_O94620,0.0033433,0.0033433,0.04326,0.1146082654595375,0.0093925232067704,0.0052731335163116
Q9HE05_Q09892,0.14462,0.14462,0.034502,0.05921139568090439,0.9989596605300904,0.0387388877570629
Q9P7M3_P87231,0.0031808,0.0031808,0.033994,0.29059940576553345,0.2322712391614914,0.4976123571395874
P07657_P21534,0.2182,0.2182,0.48796,0.3482264280319214,0.0029000369831919,0.922694444656372
O74978_Q9UST6,0.0032584,0.0032584,0.034137,0.11416441947221756,0.0119998566806316,0.4765129387378692
P40381_Q10668,0.0048954,0.0048954,0.038424,0.10953988134860992,0.9987657070159912,0.0998754799365997
O14269_Q09142,0.0032977,0.0032977,0.03406,0.002077587880194187,0.0747415646910667,0.5147154927253723
P41411_Q09142,0.37139,0.37139,0.033758,0.2020779401063919,0.979927659034729,0.979282021522522
O74986_O14180,0.0034711,0.0034711,0.034282,0.10154969990253448,0.9987645149230956,0.27348792552948
O94276_Q9Y7R3,0.0036009,0.0036009,0.037883,0.6393209099769592,0.9989628791809082,0.9199768900871276
O60052_O14097,0.0049544,0.0049544,0.033589,0.39851489663124084,0.0076576494611799,0.9036301374435424
Q9UT72_O43071,0.0034434,0.0034434,0.036768,0.5708971619606018,0.9988721013069152,0.0155564583837986
Q9Y7L8_P48011,0.019013,0.019013,0.2528,0.24700896441936493,0.9989516735076904,0.0936397537589073
C6Y4D0_P28748,0.0043308,0.0043308,0.034701,0.2995634078979492,0.001101930742152,0.0021283347159624
O74790_Q9USG6,0.0031631,0.0031631,0.033497,0.2739623188972473,0.0014116236707195,0.1305525451898574
O94646_O13852,0.033133,0.033133,0.0358,0.07934103161096573,0.99907124042511,0.0890486538410186
Q9USY3_O13310,0.029311,0.029311,0.033731,0.07284758239984512,0.0052136643789708,0.0204430185258388
P50523_Q09177,0.0032661,0.0032661,0.03371,0.21595613658428192,0.0076796384528279,0.001335407840088
Q10169_P36618,0.0032578,0.0032578,0.035029,0.047947436571121216,0.9986812472343444,0.0164973884820938
O59734_P04910,0.86098,0.86098,0.033836,0.35504552721977234,0.994827687740326,0.004017237573862
O14399_Q09760,0.0036908,0.0036908,0.035495,0.4374368190765381,0.9988815188407898,0.0113022057339549
O42954_P08647,0.0034717,0.0034717,0.03368,0.21105608344078064,0.0160013735294342,0.0108891054987907
O74904_O74988,0.0034438,0.0034438,0.033536,0.11646537482738495,0.9989191293716432,0.1898355931043625
P12000_Q9UTP0,0.0092651,0.0092651,0.034373,0.2542504668235779,0.9988285899162292,0.7307206988334656
O14352_O14216,0.10523,0.10523,0.034254,0.6623820662498474,0.7427221536636353,0.0313806608319282
Q09822_Q09906,0.0032266,0.0032266,0.033491,0.07307980209589005,0.0423312410712242,0.2808094620704651
O14129_Q9P7F9,0.0033484,0.0033484,0.033516,0.4070720076560974,0.0011202376335859,0.0005916088703088
O74399_O74311,0.0032617,0.0032617,0.034241,0.13357003033161163,0.4343909025192261,0.0172451678663492
Q9UUC6_Q9P7P2,0.0050687,0.0050687,0.033994,0.3705476224422455,0.0213182400912046,0.0095049887895584
Q9P7P2_Q9UUJ1,0.0032313,0.0032313,0.034166,0.5772913694381714,0.013460642658174,0.0510009080171585
P0CU09_O74360,0.0032498,0.0032498,0.033931,0.07856143265962601,0.0013655077200382,0.0250589922070503
Q9HDY7_Q9C0Z9,0.0036384,0.0036384,0.033657,0.02423790469765663,0.0296892542392015,0.0457502417266368
Q09176_Q12126,0.014457,0.014457,0.034982,0.30239546298980713,0.9416542053222656,0.0352125205099582
O94355_Q9UTB6,0.0031627,0.0031627,0.033721,0.20345662534236908,0.0149454791098833,0.5195116996765137
P78972_P87027,0.0031773,0.0031773,0.035534,0.6537189483642578,0.0154162049293518,0.0095852632075548
O94658_O74531,0.0040766,0.0040766,0.033586,0.21309204399585724,0.0143362684175372,0.005767545197159
O74433_Q9Y7R3,0.0031538,0.0031538,0.033527,0.3928528428077698,0.0022652724292129,0.0004863207577727
Q9P6R1_P36617,0.0033316,0.0033316,0.033741,0.6500707864761353,0.0371471792459487,0.030585253611207
Q9HE05_Q09772,0.0049548,0.0049548,0.034384,0.015761125832796097,0.0067505855113267,0.2890202105045318
Q1MTQ1_P56288,0.0034724,0.0034724,0.033487,0.011407734826207161,0.0019294150406494,0.028929017484188
O74175_Q9P784,0.010757,0.010757,0.074547,0.1342121660709381,0.998884618282318,0.9952392578125
P40996_P87309,0.0038034,0.0038034,0.034561,0.44896724820137024,0.0043374467641115,0.003446947550401
Q10429_P52890,0.0033731,0.0033731,0.033805,0.22186680138111115,0.2384302020072937,0.2355854511260986
P40371_Q6BDR8,0.0031629,0.0031629,0.033602,0.03637745603919029,0.0039842980913817,0.0049127545207738
O14140_Q53EK2,0.053382,0.053382,0.033851,0.116079181432724,0.9986476302146912,0.0492512322962284
P05764_Q09191,0.0035121,0.0035121,0.033809,0.7922703623771667,0.9966668486595154,0.0014367178082466
Q07538_Q9C107,0.0040888,0.0040888,0.034362,0.16377905011177063,0.9988314509391784,0.9281675815582277
P87306_Q9USH1,0.0034082,0.0034082,0.034713,0.0823843851685524,0.9990925788879396,0.1019309982657432
Q9P6M0_O74471,0.0038141,0.0038141,0.033514,0.03535022586584091,0.0013248715549707,0.0005902118282392
O74791_Q09191,0.003761,0.003761,0.036525,0.2341671735048294,0.0209172703325748,0.2083187997341156
O74772_Q10173,0.0031215,0.0031215,0.033572,0.052245814353227615,0.0456408485770225,0.0056149596348404
P42656_P39964,0.0056383,0.0056383,0.033756,0.2745867371559143,0.0081368796527385,0.0138809019699692
O94707_P14575,0.0041452,0.0041452,0.033542,0.07152363657951355,0.0054514482617378,0.0009875519899651
P0CU09_P41005,0.0031152,0.0031152,0.033643,0.13473564386367798,0.1020377576351165,0.5135699510574341
O43036_P40384,0.003153,0.003153,0.033703,0.03748956695199013,0.9990302324295044,0.0035803925711661
P87310_Q10282,0.0032777,0.0032777,0.033571,0.3902251720428467,0.0398142226040363,0.017633045092225
O14216_P36618,0.0031961,0.0031961,0.033827,0.5015581250190735,0.014374834485352,0.1518964022397995
O59703_O74988,0.0032068,0.0032068,0.033553,0.1871589571237564,0.0035315710119903,0.0024060956202447
P46595_Q9Y738,0.0042995,0.0042995,0.033465,0.2515673339366913,0.1025016084313392,0.0117340004071593
Q09898_Q09685,0.0042381,0.0042381,0.034216,0.36892151832580566,0.9983587861061096,0.1762871146202087
O74955_O14343,0.024252,0.024252,0.033576,0.24708229303359985,0.0037211782764643,0.0310817901045084
O59703_Q10477,0.0034796,0.0034796,0.034192,0.10585270822048187,0.0016318269772455,0.1593333929777145
P26306_Q09858,0.0032046,0.0032046,0.033598,0.2750599980354309,0.9986048340797424,0.0190461724996566
P40384_O42978,0.0032555,0.0032555,0.033571,0.1029740497469902,0.0105646504089236,0.0033453635405749
Q9Y7N2_O94705,0.0038201,0.0038201,0.033625,0.030303800478577614,0.0076834470964968,0.0020509075839072
Q10282_P40996,0.0032734,0.0032734,0.042025,0.3355383276939392,0.9980820417404176,0.0183111075311899
Q09330_Q9UUE5,0.0032022,0.0032022,0.033786,0.688412606716156,0.9990118741989136,0.0763402134180069
O94321_Q06182,0.0032613,0.0032613,0.033794,0.43276241421699524,0.0021903805900365,0.2102704644203186
Q09858_P28829,0.0040865,0.0040865,0.033547,0.8339147567749023,0.0019699840340763,0.0867838859558105
Q9USM8_O14327,0.0033971,0.0033971,0.033823,0.547709584236145,0.0176251754164695,0.0020818233024328
Q10173_P36622,0.35849,0.35849,0.033566,0.3830207288265228,0.0118254339322447,0.4553599953651428
O14064_O94444,0.0038702,0.0038702,0.033523,0.24212968349456787,0.9988069534301758,0.100634329020977
O74804_Q10432,0.0046483,0.0046483,0.03738,0.10657873004674911,0.002383557613939,0.9006210565567017
P52822_O60150,0.0035223,0.0035223,0.033633,0.0019036706071346998,0.0060862046666443,0.005098364315927
O94244_P32390,0.0032604,0.0032604,0.078377,0.066803939640522,0.0244128163903951,0.0150585966184735
O59793_Q09906,0.0033253,0.0033253,0.033523,0.0033678861800581217,0.0016231300542131,0.0091161988675594
P87306_Q9Y821,0.0070723,0.0070723,0.037302,0.07988996803760529,0.9990986585617064,0.9909404516220092
Q09898_O74991,0.014577,0.014577,0.033973,0.5142188668251038,0.1210128962993621,0.5516903400421143
P40381_P37382,0.003846,0.003846,0.034409,0.5473951101303101,0.9990468621253968,0.0830087140202522
O13828_Q9P805,0.0033256,0.0033256,0.033966,0.01212618313729763,0.9990872144699096,0.9101749062538148
O14064_Q9Y7R3,0.0032793,0.0032793,0.046632,0.30510279536247253,0.9988893866539,0.2743952870368957
Q9USP0_Q10232,0.0035983,0.0035983,0.034025,0.3535442054271698,0.0085272639989852,0.0138833560049533
Q9Y794_O42661,0.017132,0.017132,0.045429,0.13238264620304108,0.0176823493093252,0.3536916375160217
O13816_P50524,0.0043425,0.0043425,0.034237,0.013760965317487717,0.9988628625869752,0.8788771033287048
Q92372_P0CH07,0.0068424,0.0068424,0.21246,0.17116771638393402,0.9990622401237488,0.0082777133211493
P87051_Q9USP9,0.0033858,0.0033858,0.051955,0.5247770547866821,0.9987673759460448,0.0014634451363235
O36027_Q12381,0.003299,0.003299,0.033983,0.06728936731815338,0.0070130471140146,0.4522644281387329
O74791_P0CG72,0.0067858,0.0067858,0.034021,0.2910427451133728,0.0023804404772818,0.0010477049509063
Q9Y709_O13802,0.0097173,0.0097173,0.042724,0.4406402111053467,0.0163027141243219,0.0025329128839075
Q9USX3_O74399,0.0033701,0.0033701,0.04362,0.15038608014583588,0.9987892508506776,0.0678495243191719
P32586_Q10322,0.0034142,0.0034142,0.035725,0.45108482241630554,0.0093605536967515,0.9172980189323424
P36595_Q9UTR8,0.0039976,0.0039976,0.039767,0.2832484245300293,0.9989778995513916,0.1650727093219757
C6Y4D0_O74796,0.0032763,0.0032763,0.033643,0.048698924481868744,0.9990243911743164,0.0266690514981746
O94288_Q9Y738,0.0035438,0.0035438,0.033542,0.4190380573272705,0.998887836933136,0.2678343951702118
Q10103_P0CF96,0.0031415,0.0031415,0.033756,0.28030505776405334,0.9986293315887452,0.0062847989611327
Q09924_P32434,0.0031586,0.0031586,0.03359,0.11625126749277115,0.0008210356463678,0.0485187917947769
P10651_P40381,0.75238,0.75238,0.10341,0.1244533509016037,0.9989511966705322,0.8227929472923279
O14011_P40984,0.13202,0.13202,0.13234,0.278485506772995,0.998897910118103,0.0175197888165712
Q09819_O14064,0.0039366,0.0039366,0.038668,0.5984526872634888,0.9985489249229432,0.9820939898490906
P56288_O74175,0.0035091,0.0035091,0.033583,0.5083256363868713,0.0210905373096466,0.0563656724989414
O13889_P07527,0.0048724,0.0048724,0.048735,0.3509504497051239,0.9830166697502136,0.5528478622436523
O13728_O13852,0.0031601,0.0031601,0.033624,0.26561349630355835,0.0039647850207984,0.0064175222069025
Q09683_O74718,0.0035018,0.0035018,0.035038,0.4894326329231262,0.9989134073257446,0.94366455078125
Q10282_P87173,0.0033486,0.0033486,0.03707,0.31292587518692017,0.0076653957366943,0.0146095938980579
P36622_O74311,0.0031218,0.0031218,0.034293,0.40467965602874756,0.0012077160645276,0.0219424162060022
Q9UU79_Q53EK2,0.0034245,0.0034245,0.033709,0.5909402370452881,0.0112867802381515,0.0039233528077602
Q10951_Q9P802,0.0037164,0.0037164,0.03357,0.15210285782814026,0.9988874793052672,0.029771028086543
O74804_O74311,0.0033152,0.0033152,0.03363,0.5711213946342468,0.0016450288239866,0.0086573446169495
Q9UUB5_O14021,0.0038154,0.0038154,0.042179,0.2617241442203522,0.9989610910415648,0.051141407340765
P21135_Q09906,0.0033589,0.0033589,0.033539,0.48445579409599304,0.0092694535851478,0.0097591411322355
Q09191_Q09116,0.0033196,0.0033196,0.033443,0.08183179050683975,0.0011818227358162,0.003447487950325
Q09924_O36027,0.0085847,0.0085847,0.033845,0.07175067812204361,0.026567680761218,0.0038551178295165
Q9Y7M6_O13936,0.0032027,0.0032027,0.033638,0.2541753351688385,0.0139543656259775,0.0726930499076843
O43071_Q9UST6,0.0031309,0.0031309,0.03424,0.19279362261295319,0.0492439977824687,0.0905712395906448
Q9UTI8_Q92352,0.0032624,0.0032624,0.034224,0.3319539725780487,0.0178910344839096,0.049753550440073
P87027_P52890,0.0073683,0.0073683,0.033437,0.1070292741060257,0.0050498968921601,0.0048387553542852
O75011_Q9URX6,0.0035559,0.0035559,0.033797,0.07617805153131485,0.0107237584888935,0.005320846568793
Q9P7Y4_Q9Y7N2,0.0032266,0.0032266,0.03385,0.04797898605465889,0.9987549781799316,0.8297263383865356
Q9P7V3_O74986,0.20376,0.20376,0.033727,0.06845062226057053,0.0144752198830246,0.0218869969248771
P36629_P87314,0.0035873,0.0035873,0.036732,0.7220463156700134,0.9988859295845032,0.8278826475143433
P05764_Q9USP0,0.0033472,0.0033472,0.033565,0.012563192285597324,0.0039319079369306,0.0007776945712976
O74518_P34208,0.0032783,0.0032783,0.033751,0.2876055836677551,0.0188217461109161,0.0791058614850044
P79010_Q9UUJ4,0.0032557,0.0032557,0.03365,0.12583529949188232,0.0407623648643493,0.0010219505056738
P79065_P05501,0.0033926,0.0033926,0.033498,0.048488445580005646,0.0011855898192152,0.0003379894187673
O14343_Q9USZ6,0.0032225,0.0032225,0.033519,0.351744145154953,0.0096147591248154,0.0937453284859657
O74966_O60016,0.0049285,0.0049285,0.050628,0.019255783408880234,0.998908281326294,0.0055916113778948
P07334_P78774,0.0046285,0.0046285,0.034132,0.04587649181485176,0.9989259839057922,0.0905413478612899
O74483_O13672,0.0057685,0.0057685,0.03369,0.05948033556342125,0.9991021156311036,0.6846286654472351
P13681_Q10428,0.028315,0.028315,0.052213,0.04512115940451622,0.0238683242350816,0.3656352162361145
O74958_O94309,0.003384,0.003384,0.033561,0.385506272315979,0.5217427611351013,0.0011832391610369
Q9P7B8_O60158,0.0032785,0.0032785,0.033664,0.46447262167930603,0.0277567747980356,0.5443000793457031
O74184_P50528,0.0053631,0.0053631,0.035321,0.799936056137085,0.9927330017089844,0.0203420892357826
O74904_Q10330,0.60713,0.60713,0.11486,0.21492165327072144,0.9989274144172668,0.9955458641052246
Q9UUC1_Q9P7T4,0.015911,0.015911,0.081015,0.19981594383716583,0.9987264275550842,0.4345674216747284
Q12126_O13681,0.0035487,0.0035487,0.033727,0.5577040314674377,0.0038281099405139,0.5342742800712585
O14327_Q9USP9,0.0040122,0.0040122,0.062255,0.22123490273952484,0.998197853565216,0.9571452140808104
O14352_P05733,0.37551,0.37551,0.037122,0.7762690782546997,0.0076925922185182,0.0026001799851655
O60150_Q09822,0.0032665,0.0032665,0.033815,0.12734828889369965,0.3602184951305389,0.0950376987457275
O59945_Q92358,0.0031172,0.0031172,0.033507,0.5903973579406738,0.0026000225916504,0.0187748149037361
O94534_P33886,0.046255,0.046255,0.034342,0.6022168397903442,0.9987000226974488,0.874338686466217
Q10322_O13339,0.0032245,0.0032245,0.03417,0.010464177466928959,0.0382655225694179,0.0225949343293905
O94268_Q9US59,0.0054296,0.0054296,0.038645,0.13291405141353607,0.0085991378873586,0.0438467562198638
Q9UT52_O14399,0.0034756,0.0034756,0.03356,0.3181983232498169,0.0290711652487516,0.0216996297240257
O43080_O74360,0.0032492,0.0032492,0.033495,0.20368129014968872,0.001260886201635,0.0072053386829793
O94581_Q92358,0.0031833,0.0031833,0.033859,0.46596482396125793,0.0032171034254133,0.0012703816173598
Q92366_Q10282,0.58869,0.58869,0.042795,0.3681028187274933,0.998210310935974,0.4998516738414764
O94609_O75011,0.0042931,0.0042931,0.033658,0.13335086405277252,0.997114896774292,0.2368213385343551
O60129_Q9UT86,0.0033818,0.0033818,0.033565,0.05831144005060196,0.9985882639884948,0.0048444690182805
P36618_P79015,0.0031935,0.0031935,0.033692,0.14615055918693542,0.0063426736742258,0.0057557667605578
Q9Y7M6_Q09116,0.0031688,0.0031688,0.033425,0.07807246595621109,0.0020550105255097,0.0017091875197365
Q9P7P2_O60104,0.0033854,0.0033854,0.035578,0.05929146707057953,0.998796820640564,0.9784785509109496
Q9P805_Q9UT72,0.0032482,0.0032482,0.033792,0.16840499639511108,0.999053418636322,0.6333990693092346
P05219_O59755,0.0035894,0.0035894,0.034144,0.1916501224040985,0.0325846932828426,0.0297758411616086
O42634_Q6BDR8,0.0032653,0.0032653,0.033843,0.14194943010807037,0.0037371509242802,0.0105872936546802
O74796_O14246,0.0035138,0.0035138,0.033865,0.161696657538414,0.9974767565727234,0.8787304759025574
P40384_O14352,0.0042552,0.0042552,0.033561,0.3537280261516571,0.0061393491923809,0.0043998789042234
O94238_P79071,0.085136,0.085136,0.17714,0.046482209116220474,0.999043881893158,0.9968252182006836
P36625_P40848,0.003853,0.003853,0.033837,0.06233368441462517,0.0056398627348244,0.2987384796142578
Q09825_P28829,0.00388,0.00388,0.033559,0.14400321245193481,0.0012456006370484,0.1558805704116821
P04910_Q9P7Q8,0.0032056,0.0032056,0.033921,0.4110318720340729,0.004499970935285,0.0024581991601735
P40377_Q10163,0.0048833,0.0048833,0.034169,0.056848496198654175,0.0251339804381132,0.061649240553379
O42846_O13916,0.13955,0.13955,0.041586,0.07582880556583405,0.0239710640162229,0.010086796246469
P40372_P46595,0.014802,0.014802,0.033872,0.2565895617008209,0.7789355516433716,0.0007051121210679
O94238_Q10951,0.011088,0.011088,0.065599,0.28264179825782776,0.9981281161308287,0.018384089693427
Q9USU3_P41412,0.0035522,0.0035522,0.033647,0.08969415724277496,0.0086168963462114,0.1346749514341354
Q9UST6_Q9UT72,0.0032073,0.0032073,0.033779,0.7067570090293884,0.9989381432533264,0.0191143378615379
Q06182_P39964,0.003574,0.003574,0.035121,0.10872676968574524,0.9988934397697448,0.5421820282936096
O13852_O43070,0.0031796,0.0031796,0.034662,0.03447548300027847,0.8208640813827515,0.7351172566413879
Q09824_Q09127,0.0042131,0.0042131,0.034739,0.5842742919921875,0.0178432390093803,0.0165605619549751
O74825_P87174,0.0033434,0.0033434,0.033676,0.3716697692871094,0.9990639090538024,0.0374671630561351
Q09698_Q10477,0.0032389,0.0032389,0.036205,0.13543762266635895,0.9987427592277528,0.9660882353782654
Q9C0Z9_P01129,0.0033975,0.0033975,0.033682,0.11989875137805939,0.0038234684616327,0.0362795852124691
P78789_P87215,0.0040512,0.0040512,0.033594,0.2467387467622757,0.0234100706875324,0.1097618117928505
Q09882_Q10163,0.005534,0.005534,0.034385,0.025362351909279823,0.99880850315094,0.2123268991708755
Q09819_P40984,0.12265,0.12265,0.058848,0.755131721496582,0.9453120231628418,0.2247000187635421
O42667_P28748,0.015924,0.015924,0.033522,0.09779611974954605,0.0531895756721496,0.0110809039324522
Q09933_O74790,0.013161,0.013161,0.033486,0.5039544701576233,0.9969943761825562,0.1668589115142822
Q09906_P50530,0.0034649,0.0034649,0.033547,0.04353349283337593,0.0889463871717453,0.0773683562874794
P0CT77_Q09819,0.0048372,0.0048372,0.037294,0.07513777166604996,0.9974019527435304,0.0187429282814264
P0CH07_O94263,0.0040819,0.0040819,0.033527,0.7534376978874207,0.9988811612129213,0.0334692113101482
Q9USL5_P0CT70,0.0044969,0.0044969,0.036883,0.08462569117546082,0.9989700317382812,0.0236800890415906
O13985_Q9P7Y4,0.0036043,0.0036043,0.035234,0.1278127282857895,0.9986322522163392,0.0339871793985366
O94244_Q9HDY7,0.0053866,0.0053866,0.041912,0.21879729628562927,0.0220467615872621,0.2852866351604461
O74533_O14241,0.0032152,0.0032152,0.033497,0.012714464217424393,0.9973957538604736,0.1761156320571899
O13889_O60158,0.0032681,0.0032681,0.033726,0.3523097634315491,0.0420224219560623,0.0170882735401392
O74957_O94285,0.0033128,0.0033128,0.033675,0.40891793370246887,0.0250155050307512,0.0022523573134094
Q09196_O14216,0.0033264,0.0033264,0.033449,0.10631640255451202,0.0023930352181196,0.0046050758101046
P05219_Q10113,0.0039214,0.0039214,0.03514,0.21678203344345093,0.0240102428942918,0.1305547207593917
O13936_P0CT68,0.0076146,0.0076146,0.041091,0.216952383518219,0.1033256649971008,0.18619105219841
Q9P7Y4_O94687,0.004024,0.004024,0.033859,0.09400347620248795,0.9988113641738892,0.3547656238079071
Q09760_P05767,0.0039619,0.0039619,0.036788,0.6158207654953003,0.0024364683777093,0.025226704776287
P36613_O42991,0.0033425,0.0033425,0.033656,0.5071501135826111,0.0248291045427322,0.1294601410627365
O36027_P87027,0.0033387,0.0033387,0.033453,0.338167279958725,0.9829474091529846,0.0150498859584331
P05501_Q09154,0.10931,0.10931,0.45103,0.09483536332845688,0.9988194108009338,0.9690983295440674
O74985_P21534,0.014311,0.014311,0.033963,0.01954631134867668,0.0225290860980749,0.0300191957503557
Q9P7F9_Q9Y7M4,0.0033574,0.0033574,0.033561,0.3551676571369171,0.0006071178358979,0.0004875802842434
P40372_O14122,0.0032309,0.0032309,0.034174,0.2186485230922699,0.0023579627741128,0.0030033148359507
O74790_O14129,0.013765,0.013765,0.033554,0.21400755643844604,0.0053189061582088,0.0323192998766899
Q9C0Z9_O94620,0.0031749,0.0031749,0.034089,0.33599424362182617,0.0080440081655979,0.0291252769529819
O94752_O13978,0.0031675,0.0031675,0.033546,0.17308494448661804,0.00198580394499,0.0045601641759276
O14388_P08965,0.0046471,0.0046471,0.03358,0.36247414350509644,0.0181201342493295,0.003485020250082
P40995_P41410,0.0039078,0.0039078,0.034284,0.1534224897623062,0.0031722742132842,0.2955741286277771
P09988_O13828,0.0094885,0.0094885,0.035745,0.6742540597915649,0.998533010482788,0.0174991097301244
P87050_P78761,0.0037144,0.0037144,0.033499,0.08828963339328766,0.0276681650429964,0.0033031585626304
Q12126_O14129,0.0077458,0.0077458,0.033637,0.8052424788475037,0.0076495804823935,0.004432023037225
P78794_O13988,0.003674,0.003674,0.03555,0.6126192808151245,0.0142364045605063,0.0095521379262208
Q10317_P78953,0.0039196,0.0039196,0.034161,0.09525597840547562,0.0022477763704955,0.5836097598075867
Q9UTI8_Q9USY3,0.0031772,0.0031772,0.034218,0.3549771308898926,0.0072470242157578,0.0138037493452429
P21534_O74483,0.0041472,0.0041472,0.033557,0.12735754251480103,0.0011132794898003,0.0092591904103755
Q9UUJ1_Q9Y7J4,0.0031412,0.0031412,0.033576,0.15213890373706818,0.612886905670166,0.1711834073066711
Q1MTQ1_Q9USR7,0.0032025,0.0032025,0.033537,0.40764889121055603,0.007160635665059,0.0350821465253829
O60104_Q9P7J8,0.0032903,0.0032903,0.033972,0.7810145020484924,0.0052901031449437,0.0252258758991956
O74517_P40984,0.0079663,0.0079663,0.033878,0.40321099758148193,0.9937169551849364,0.1086398661136627
O74790_Q10134,0.010977,0.010977,0.033692,0.13777656853199005,0.1154042854905128,0.5978700518608093
O74311_Q09760,0.0033243,0.0033243,0.033618,0.17160971462726593,0.0015488193603232,0.1303945630788803
O75001_O74978,0.0037203,0.0037203,0.0573,0.1481061428785324,0.0061817103996872,0.0352437421679496
P0CT60_P01129,0.0032099,0.0032099,0.035507,0.1375163495540619,0.0187235847115516,0.0024142873007804
Q9UUB5_Q10585,0.0031686,0.0031686,0.033597,0.01858620159327984,0.9986525774002076,0.5626516938209534
P07657_P14575,0.49835,0.49835,0.34706,0.2893093228340149,0.0053797690197825,0.9614980220794678
O42978_O60187,0.0032799,0.0032799,0.034352,0.24158357083797455,0.003685854608193,0.0082051083445549
Q9Y818_O74895,0.0073746,0.0073746,0.033434,0.26486456394195557,0.0149683514609932,0.0018022242002189
O74536_P28829,0.016415,0.016415,0.11641,0.1212298646569252,0.0048718494363129,0.8836910724639893
Q10366_P78946,0.0035962,0.0035962,0.034629,0.25601115822792053,0.0137072457000613,0.0098665514960885
P87050_O42634,0.0040544,0.0040544,0.033526,0.3085918128490448,0.0634083077311515,0.0088533069938421
O13688_Q10585,0.0032685,0.0032685,0.033628,0.02857646532356739,0.9985761642456056,0.9640741944313048
Q9HE05_O94309,0.0032467,0.0032467,0.033666,0.48901304602622986,0.1491358131170272,0.0302264224737882
O14329_O13877,0.0033982,0.0033982,0.034071,0.30486413836479187,0.0011360514909029,0.0016947467811405
P41412_Q09933,0.0052632,0.0052632,0.034251,0.033332712948322296,0.0153912277892231,0.9394904971122742
O74471_O94238,0.0053649,0.0053649,0.033624,0.5180439352989197,0.9984511137008668,0.0455722548067569
P50582_Q9P7T4,0.0033373,0.0033373,0.034728,0.09014583379030228,0.998449444770813,0.8894096612930298
P87324_Q53EK2,0.0031686,0.0031686,0.033595,0.3313644230365753,0.9034085273742676,0.0710239708423614
O74184_P30261,0.0031651,0.0031651,0.037983,0.377458781003952,0.0116605758666992,0.0046329605393111
P36616_O42661,0.0066287,0.0066287,0.035762,0.522800087928772,0.0083058113232254,0.0193250104784965
P78794_O14417,0.0031225,0.0031225,0.033561,0.26397377252578735,0.0172637347131967,0.0185669083148241
P0CU09_C6Y4D0,0.0032352,0.0032352,0.033874,0.4892082214355469,0.9989687204360962,0.0140933841466903
O13351_O13712,0.0046303,0.0046303,0.034077,0.2024991363286972,0.0016434469725936,0.0061259362846612
P36585_Q9UTI8,0.19763,0.19763,0.39969,0.164412721991539,0.9989093542099,0.992756187915802
O13802_O14327,0.0039973,0.0039973,0.045708,0.15470914542675018,0.0257040429860353,0.0102607887238264
P36595_P09322,0.85363,0.85363,0.33487,0.30274254083633423,0.9989026784896852,0.9859954714775084
Q10271_O14198,0.0033531,0.0033531,0.033626,0.431238055229187,0.0019807196222245,0.9150080680847168
P52822_Q9UUC1,0.026316,0.026316,0.050353,0.19314081966876984,0.999039351940155,0.8803380131721497
Q9USV1_Q92366,0.0058661,0.0058661,0.037103,0.09350400418043137,0.9987310767173768,0.0353525206446647
O13877_O13936,0.0043662,0.0043662,0.036837,0.12474023550748825,0.9988357424736024,0.0009501232998445
O13964_Q9UT46,0.0037121,0.0037121,0.033879,0.1970319151878357,0.0059825927019119,0.2985212206840515
P28748_O14229,0.0037098,0.0037098,0.033723,0.7076855897903442,0.0016992219025269,0.0157486740499734
O94423_O74511,0.0043369,0.0043369,0.04278,0.27063220739364624,0.1087643057107925,0.7440783381462097
P40995_O13351,0.0050217,0.0050217,0.033647,0.273339182138443,0.9980560541152954,0.1939461529254913
Q9USL5_P36585,0.0040224,0.0040224,0.034065,0.5542967915534973,0.9990273714065552,0.0480963662266731
O74991_P39964,0.0032633,0.0032633,0.035074,0.3589853048324585,0.0102460337802767,0.0118768913671374
O94476_O74718,0.0032863,0.0032863,0.046745,0.03305292874574661,0.0068069486878812,0.366440087556839
O94646_P0CT68,0.0033384,0.0033384,0.033693,0.326251357793808,0.2392902821302414,0.0128151681274175
Q10169_P0CT60,0.021859,0.021859,0.90961,0.3404240906238556,0.0043818643316626,0.0409298837184906
O74958_Q10272,0.0032131,0.0032131,0.033683,0.01120320986956358,0.9987083673477172,0.1023936197161674
O60164_P40848,0.0035012,0.0035012,0.034444,0.20845898985862732,0.9985685348510742,0.8568216562271118
Q9Y738_Q9UU79,0.0035876,0.0035876,0.033572,0.08003397285938263,0.9990556836128236,0.1873416155576706
Q10134_P87050,0.0040079,0.0040079,0.034044,0.11268593370914459,0.9989247918128968,0.9520148038864136
Q9USX3_Q9UST6,0.0031873,0.0031873,0.034264,0.21625135838985443,0.9989294409751892,0.723133385181427
Q06182_Q92366,0.027588,0.027588,0.041851,0.5422242879867554,0.9952538013458252,0.128165602684021
O14010_Q9UST6,0.14214,0.14214,0.034175,0.10286979377269745,0.9990922212600708,0.975409209728241
Q09824_P04551,0.0040549,0.0040549,0.033676,0.04817388579249382,0.9932170510292052,0.2130347937345504
O74955_P21534,0.0033045,0.0033045,0.033507,0.18217401206493378,0.0010018202010542,0.0011735444422811
O74978_Q09892,0.0077458,0.0077458,0.035207,0.32990962266921997,0.9976969361305236,0.0105425370857119
O42661_Q09760,0.0035495,0.0035495,0.033774,0.5801195502281189,0.0113995913416147,0.0096096703782677
O59702_O13936,0.0033165,0.0033165,0.034037,0.19519716501235962,0.9990171194076538,0.002450669882819
Q9USZ3_Q9UUM2,0.0074209,0.0074209,0.033607,0.47730398178100586,0.0161270145326852,0.0752300769090652
P36616_P78814,0.0058221,0.0058221,0.03468,0.1435675472021103,0.2380594611167907,0.0113948415964841
Q9P7B7_Q09906,0.0033175,0.0033175,0.033593,0.38276970386505127,0.0006076078279875,0.0020031712483614
Q9USH1_Q9URY2,0.004174,0.004174,0.033619,0.497091144323349,0.0054355640895664,0.359686017036438
Q9UUE5_O13688,0.0035555,0.0035555,0.035779,0.2645830810070038,0.9985747337341307,0.9942947030067444
P78761_P08647,0.0035743,0.0035743,0.033528,0.342480331659317,0.0018823051359504,0.002393796807155
P78789_O74184,0.0031665,0.0031665,0.035413,0.006244800053536892,0.9981537461280824,0.1818840056657791
Q9UUI1_P78946,0.29853,0.29853,0.034236,0.4454657733440399,0.9990556836128236,0.1949702948331833
Q9USZ6_P40380,0.0034578,0.0034578,0.033573,0.01934613101184368,0.0254552513360977,0.6051352620124817
O74957_O94687,0.004607,0.004607,0.033797,0.06161612272262573,0.0072414139285683,0.453918308019638
Q10218_P87027,0.010172,0.010172,0.033473,0.18916255235671997,0.9985389709472656,0.07552520185709
Q92366_Q9C0Z9,0.017261,0.017261,0.037142,0.12430550903081894,0.0414124988019466,0.2439415752887725
P10815_P48011,0.0034197,0.0034197,0.035046,0.05295870080590248,0.95928555727005,0.0021060730796307
O13688_Q09760,0.0033148,0.0033148,0.037598,0.25072234869003296,0.0168112032115459,0.03327327221632
P87312_Q9P7R9,0.24899,0.24899,0.051079,0.0434834249317646,0.9984201192855836,0.996397852897644
P29458_O94581,0.0041682,0.0041682,0.033795,0.08262114226818085,0.0089221717789769,0.0008562065195292
O36019_O42954,0.0033452,0.0033452,0.03434,0.4817892611026764,0.9988948702812196,0.9936028122901917
O75001_P87215,0.043248,0.043248,0.033699,0.18980096280574799,0.021934499964118,0.0080672781914472
Q01112_O42995,0.003157,0.003157,0.033841,0.030264319851994514,0.0033559228759258,0.004133045207709
Q9URY0_P10815,0.0033131,0.0033131,0.041472,0.20538072288036346,0.060264054685831,0.1856275200843811
O14098_O74790,0.010148,0.010148,0.033542,0.11124540120363235,0.998059332370758,0.0232855193316936
O42995_O60187,0.0031833,0.0031833,0.035257,0.2642756402492523,0.0242738109081983,0.3649762868881225
O74825_Q09698,0.0032885,0.0032885,0.033883,0.1662423461675644,0.9978558421134948,0.0957464650273323
Q9USH1_O42978,0.0053303,0.0053303,0.55073,0.10303282737731934,0.9990785121917723,0.0056453715078532
O94659_Q10232,0.0048958,0.0048958,0.035196,0.11571311205625534,0.99860942363739,0.1187085881829261
Q12381_Q9Y7J4,0.0035895,0.0035895,0.033667,0.4001955986022949,0.0062325028702616,0.0042199119925498
O59790_Q09683,0.0036569,0.0036569,0.033601,0.02718181349337101,0.9980682730674744,0.1078308075666427
O13615_Q9UTS6,0.0031519,0.0031519,0.033801,0.4354782998561859,0.0065923756919801,0.034769095480442
O74311_O94276,0.0031549,0.0031549,0.033553,0.046606309711933136,0.998492956161499,0.2129268199205398
Q09760_P42656,0.10976,0.10976,0.033623,0.22973515093326569,0.0039661317132413,0.0149814998731017
P28748_P05767,0.090394,0.090394,0.034168,0.16776810586452484,0.0008608120842836,0.0077451043762266
Q9UT32_O14229,0.0034372,0.0034372,0.03415,0.14930807054042816,0.9990800619125366,0.7581688165664673
Q09116_Q9USV1,0.0042904,0.0042904,0.033524,0.44364291429519653,0.0061752488836646,0.1962377876043319
Q9Y709_Q10951,0.0042264,0.0042264,0.03473,0.010486176237463951,0.004658153746277,0.0081747509539127
P09322_P87312,0.012198,0.012198,0.035103,0.3106914758682251,0.9990548491477966,0.5850781798362732
G2TRP5_O74465,0.0036801,0.0036801,0.033542,0.022389676421880722,0.0074899476021528,0.0002542458241805
Q9UUC1_O74958,0.0056842,0.0056842,0.03405,0.08393946290016174,0.0191966462880373,0.4535753726959228
P87312_O13688,0.0065741,0.0065741,0.034068,0.004149174317717552,0.9981033802032472,0.9807312488555908
O74736_Q09154,0.0062302,0.0062302,0.35153,0.7237638831138611,0.0011995723471045,0.0007500873180106
P0CF96_Q09127,0.0043926,0.0043926,0.03851,0.19098730385303497,0.9989546537399292,0.0033492057118564
Q96TL7_Q9P784,0.0037134,0.0037134,0.04306,0.749972403049469,0.9989252686500548,0.0124825676903128
P34208_P42656,0.063413,0.063413,0.035553,0.4968198835849762,0.0391778536140918,0.0108529319986701
O13826_O94620,0.0034045,0.0034045,0.03565,0.6425114274024963,0.9989356398582458,0.0177935194224119
P40235_Q09717,0.0042284,0.0042284,0.039604,0.22190698981285095,0.8833280801773071,0.402129977941513
Q10193_P78774,0.0032947,0.0032947,0.034483,0.26040250062942505,0.1306546479463577,0.2500351369380951
O13286_O59734,0.0067706,0.0067706,0.034858,0.08787523955106735,0.0345565490424633,0.0203159190714359
O94450_O94609,0.0035108,0.0035108,0.033721,0.24564869701862335,0.9981337189674376,0.0114655802026391
P87215_Q9P802,0.0044107,0.0044107,0.035598,0.14141733944416046,0.0419452860951423,0.054337952286005
O74471_Q9HE05,0.0035304,0.0035304,0.033534,0.04519122466444969,0.0087934769690036,0.0010107894195243
P36617_Q9UUM2,0.0034482,0.0034482,0.034696,0.2815104126930237,0.0028441103640943,0.4059493243694305
Q9USV3_P87159,0.0036405,0.0036405,0.033571,0.31677329540252686,0.0243646185845136,0.1466791927814483
Q09191_Q9USL5,0.0033334,0.0033334,0.033791,0.3350669741630554,0.9974931478500366,0.2506061792373657
P37382_Q09808,0.0031565,0.0031565,0.033675,0.27816012501716614,0.9991058707237244,0.2411965280771255
P07527_Q09882,0.0033408,0.0033408,0.033596,0.19857285916805267,0.99824059009552,0.1684413999319076
O94534_P52822,0.0033832,0.0033832,0.033764,0.18815910816192627,0.0215588193386793,0.0219150371849536
Q9UTF6_Q02088,0.0031082,0.0031082,0.033433,0.005419304594397545,0.002631950424984,0.0020859097130596
Q9UTK6_O74747,0.0033045,0.0033045,0.036238,0.33806106448173523,0.9984604120254515,0.3985843658447265
Q9HGL8_Q9P782,0.0034746,0.0034746,0.03367,0.02216724120080471,0.0112715410068631,0.0028664008714258
Q09154_O74804,0.0085994,0.0085994,0.033561,0.3437695801258087,0.000981802586466,0.0018114574486389
O14241_O74771,0.0031565,0.0031565,0.033563,0.28959280252456665,0.0100190369412302,0.0390270203351974
O42905_Q9UUJ4,0.0031607,0.0031607,0.033786,0.18437409400939941,0.9971826076507568,0.059229414910078
O13836_O42932,0.0034373,0.0034373,0.033707,0.17005202174186707,0.00140487391036,0.0032909156288951
O42995_Q09760,0.00326,0.00326,0.036837,0.45243674516677856,0.0024622080381959,0.0065425089560449
O74175_Q09916,0.0050447,0.0050447,0.03616,0.2757353186607361,0.998866319656372,0.7101036906242371
Q9USH1_Q03392,0.0041095,0.0041095,0.17421,0.2860689163208008,0.9990045428276062,0.0020066010765731
Q9USR7_Q9USP9,0.0031953,0.0031953,0.033957,0.497915655374527,0.0043920069001615,0.1090717837214469
Q10432_Q9P7E0,0.0031828,0.0031828,0.033532,0.15355513989925385,0.0024687545374035,0.0007590131135657
O13681_P05219,0.0033779,0.0033779,0.033723,0.46576255559921265,0.0074000395834445,0.004945239983499
O13964_Q9UT86,0.0031536,0.0031536,0.033561,0.022621681913733482,0.3483236134052276,0.01210159342736
O94276_Q9P7J8,0.0039022,0.0039022,0.034028,0.007253061514347792,0.9979190230369568,0.0315726548433303
P06652_O94238,0.0060236,0.0060236,0.036141,0.07008782029151917,0.0320006161928176,0.0539210774004459
Q11120_P49731,0.0033222,0.0033222,0.033665,0.024835629388689995,0.0088376300409436,0.0075884759426116
O13836_Q09760,0.0032187,0.0032187,0.034215,0.1756000816822052,0.0069721434265375,0.0044101220555603
O14036_O13351,0.0046434,0.0046434,0.036923,0.0423397570848465,0.0053405854851007,0.0276710335165262
P0CG72_O74515,0.005735,0.005735,0.033742,0.02429077960550785,0.0083597302436828,0.0268274713307619
P87176_Q9UT72,0.0046789,0.0046789,0.66689,0.22030925750732422,0.9990177154541016,0.9922490119934082
Q9P7B7_Q10366,0.003208,0.003208,0.034583,0.13261327147483826,0.0014051212929189,0.0145362149924039
Q10113_Q1MTQ1,0.078103,0.078103,0.034704,0.6085706353187561,0.9969922304153442,0.9951255917549132
Q9Y7L8_Q10282,0.0037192,0.0037192,0.041564,0.02667107619345188,0.0156093360856175,0.0390480943024158
O13836_O14235,0.0034401,0.0034401,0.036932,0.13482815027236938,0.0048483465798199,0.0100631844252347
P36613_Q9P7W4,0.0032047,0.0032047,0.033791,0.013869119808077812,0.8952376842498779,0.3611117899417877
O74446_Q10668,0.0038024,0.0038024,0.033783,0.6380379796028137,0.0012815471272915,0.0534389577805995
P0CH07_O94360,0.0071416,0.0071416,0.033817,0.7777467370033264,0.0022309280466288,0.0067775114439427
O36023_O14352,0.0037145,0.0037145,0.033562,0.07719245553016663,0.0009828929323703,0.0192340835928916
P0CT68_Q09824,0.0036364,0.0036364,0.034378,0.032506927847862244,0.0094303013756871,0.011653752066195
Q10343_P07527,0.0035183,0.0035183,0.033895,0.1233992651104927,0.998976469039917,0.152469128370285
O74854_O59734,0.003827,0.003827,0.0339,0.2520883083343506,0.0014161998406052,0.0324296280741691
O94698_Q10109,0.0032745,0.0032745,0.034054,0.093579962849617,0.0028665710706263,0.0654696673154831
P28748_P27638,0.005142,0.005142,0.034628,0.25396162271499634,0.1230986416339874,0.0133002055808901
O74399_Q9Y7Z1,0.0046209,0.0046209,0.039522,0.7423073649406433,0.9989489912986756,0.9973234534263612
O75011_P87126,0.0043317,0.0043317,0.034005,0.5406566262245178,0.0129340225830674,0.7915754318237305
Q09824_Q92372,0.0034705,0.0034705,0.042672,0.7336276769638062,0.7491801977157593,0.3378140926361084
Q9P7B8_P32434,0.0031671,0.0031671,0.033702,0.3468751013278961,0.0092188948765397,0.0907545685768127
P87231_O74511,0.0035566,0.0035566,0.035448,0.2960841655731201,0.996703565120697,0.0612726360559463
Q12701_O94316,0.0035616,0.0035616,0.034135,0.2331996113061905,0.0024086527992039,0.1051616966724395
P05767_P40384,0.0057273,0.0057273,0.033974,0.06526737660169601,0.0251130927354097,0.0036137118004262
Q9P7X1_P49731,0.0034322,0.0034322,0.0335,0.04049593210220337,0.0029274220578372,0.0100442199036479
O43120_P36601,0.0036864,0.0036864,0.034512,0.006831960752606392,0.0077713862992823,0.0101187173277139
Q10193_Q09761,0.0041391,0.0041391,0.034022,0.04530615359544754,0.998679220676422,0.0200448185205459
P36614_O13816,0.0081058,0.0081058,0.050577,0.09815852344036102,0.052821934223175,0.054846741259098
Q9UTI8_O42905,0.004982,0.004982,0.03458,0.12080778926610947,0.998900294303894,0.0119686126708984
Q1MTQ9_O74736,0.003461,0.003461,0.033678,0.4686322808265686,0.998955249786377,0.0237400606274604
Q09683_Q9HGL6,0.0034491,0.0034491,0.033557,0.31691884994506836,0.9990824460983276,0.7562785148620605
P87324_O94444,0.0036244,0.0036244,0.033667,0.004799991380423307,0.9990430474281312,0.1882156282663345
O42975_P04551,0.25661,0.25661,0.033569,0.3977143168449402,0.0463386513292789,0.0295378342270851
P32372_P0C5Y7,0.0033861,0.0033861,0.034508,0.31382453441619873,0.9976592063903807,0.0044899312779307
Q9Y7Z1_O74955,0.0031178,0.0031178,0.033572,0.145053893327713,0.0011661235475912,0.0229031592607498
P50582_P40371,0.0036156,0.0036156,0.033778,0.3503498136997223,0.2875118851661682,0.0882572308182716
P0CT70_O14269,0.016282,0.016282,0.035659,0.3728742003440857,0.0315933525562286,0.0223982837051153
P0CH07_Q9HGL8,0.05188,0.05188,0.55269,0.28468358516693115,0.0036119404248893,0.0018700688378885
Q09127_Q10134,0.0037499,0.0037499,0.033621,0.036753781139850616,0.3502349257469177,0.0201432537287473
P42656_O94376,0.0092054,0.0092054,0.034029,0.12826888263225555,0.0158497579395771,0.0308864656835794
Q10432_Q9P7M3,0.0031277,0.0031277,0.03407,0.17839807271957397,0.0041522472165524,0.1109383180737495
Q02088_Q09154,0.0036541,0.0036541,0.033572,0.33070284128189087,0.0006501944153569,0.0011299261823296
Q10428_P87231,0.0038823,0.0038823,0.034166,0.008324630558490753,0.0072527080774307,0.719729483127594
G2TRP5_O14229,0.0042779,0.0042779,0.033561,0.08463416248559952,0.019209137186408,0.0007016449235379
Q9P6M0_P78789,0.0034819,0.0034819,0.037441,0.25573626160621643,0.0012187811080366,0.010072817094624
Q9UT76_O94616,0.0033194,0.0033194,0.033752,0.04551928862929344,0.015167573466897,0.0262062158435583
O14230_Q9UTI8,0.0031543,0.0031543,0.033695,0.10769111663103104,0.003501740982756,0.0051176338456571
Q9HE05_P05734,0.0033584,0.0033584,0.034693,0.3931283950805664,0.995880126953125,0.0596021562814712
P28829_O74747,0.0037034,0.0037034,0.033805,0.016738902777433395,0.0070942314341664,0.9630210995674132
O13802_P78814,0.021486,0.021486,0.035543,0.004705988336354494,0.998761773109436,0.0096285631880164
Q9Y7N2_O74803,0.0036525,0.0036525,0.035989,0.2879921495914459,0.0707560330629348,0.1262834370136261
O94620_P08092,0.0041646,0.0041646,0.040858,0.21425767242908478,0.9982787370681764,0.0492390654981136
Q9HGL6_Q9USX3,0.0033389,0.0033389,0.033809,0.12434321641921997,0.9990045428276062,0.0719292610883712
P56288_Q9UTP0,0.0035478,0.0035478,0.036606,0.11374401301145554,0.0058070477098226,0.9464178681373596
P56287_Q9P3B2,0.0053033,0.0053033,0.033525,0.16222713887691498,0.0050797360017895,0.0045941164717078
P36595_P48009,0.0033444,0.0033444,0.033546,0.04618532583117485,0.0015705791302025,0.0110521037131547
P09322_O94444,0.0032678,0.0032678,0.033716,0.4477790296077728,0.9988365769386292,0.0154589442536234
O94534_P87126,0.0037073,0.0037073,0.042428,0.3757525086402893,0.0066037182696163,0.6541076898574829
Q9USZ6_O13877,0.0037006,0.0037006,0.034186,0.36346879601478577,0.9989861845970154,0.0197678506374359
O59734_O14246,0.035563,0.035563,0.034515,0.08716163039207458,0.9986382126808168,0.0037354629021137
Q09892_Q9UT32,0.0036688,0.0036688,0.033632,0.1792622059583664,0.0116222081705927,0.0032872452866286
P78972_O94722,0.0033366,0.0033366,0.033763,0.6341814994812012,0.0006658644415438,0.0012041355948895
Q4PIR3_P40995,0.008155,0.008155,0.034065,0.1703924834728241,0.0028873919509351,0.448152482509613
P78946_O42709,0.0099454,0.0099454,0.048818,0.16443456709384918,0.9990262985229492,0.0371231213212013
Q9USV1_Q9UUB7,0.092416,0.092416,0.033622,0.07624112814664841,0.9990682005882264,0.9720682501792908
Q9C0Z9_O74895,0.0040429,0.0040429,0.03579,0.39517420530319214,0.999028205871582,0.7089425325393677
O94609_Q9C0Z9,0.0032312,0.0032312,0.033592,0.4273499548435211,0.9987598657608032,0.0825789049267768
O94616_P40380,0.0039478,0.0039478,0.034141,0.5761892795562744,0.998798370361328,0.093512013554573
P04910_O94620,0.040245,0.040245,0.03797,0.026020361110568047,0.9982062578201294,0.0361284352838993
P50524_Q10192,0.0032878,0.0032878,0.038799,0.1304369866847992,0.999097466468811,0.8546978235244751
P42656_Q10134,0.0081474,0.0081474,0.033512,0.205041766166687,0.9939002990722656,0.0845570117235183
P87051_Q09882,0.0032822,0.0032822,0.034194,0.6982571482658386,0.9981611371040344,0.0021611761767417
P56286_O36019,0.0037815,0.0037815,0.033809,0.4434128701686859,0.0139212049543857,0.0353554300963878
P12000_P36622,0.0033053,0.0033053,0.033867,0.4863273501396179,0.0022060060873627,0.2255349904298782
P78794_O59702,0.0032518,0.0032518,0.033769,0.4589875042438507,0.0362949669361114,0.0337514318525791
Q9HFE5_O74517,0.0032391,0.0032391,0.033886,0.38727739453315735,0.0177074614912271,0.0177311822772026
O94476_P50582,0.0032578,0.0032578,0.033571,0.38751861453056335,0.0151651939377188,0.0303478296846151
Q09924_O74957,0.0035032,0.0035032,0.033586,0.16514252126216888,0.0019855080172419,0.0093574458733201
O14241_P78774,0.0032293,0.0032293,0.033624,0.231278195977211,0.0044574858620762,0.2788530588150024
P27638_O74184,0.010795,0.010795,0.044139,0.2059093713760376,0.0763382762670517,0.1023043617606163
P36595_P05734,0.069063,0.069063,0.10919,0.013778488151729107,0.9988112449645996,0.9865245819091796
P0CG72_Q09898,0.037439,0.037439,0.044464,0.2513560354709625,0.0845824629068374,0.0092997839674353
P34208_O74517,0.00325,0.00325,0.034008,0.1392257958650589,0.0438806861639022,0.2078045159578323
P32434_Q9USX3,0.0031726,0.0031726,0.033792,0.49590301513671875,0.0241037849336862,0.5547194480895996
O74515_P87314,0.0064363,0.0064363,0.03617,0.7459980249404907,0.9987595081329346,0.0982520803809166
Q10056_Q9USZ3,0.005306,0.005306,0.033625,0.039401765912771225,0.003032972337678,0.0041338521987199
O94244_P40371,0.0032898,0.0032898,0.034921,0.3379998803138733,0.00337606202811,0.0025020285975188
P41005_Q9UTK6,0.0033439,0.0033439,0.033959,0.4822328984737396,0.9930747747421264,0.0592287741601467
P07657_O74736,0.0038846,0.0038846,0.033519,0.07098333537578583,0.0007754068938083,0.0009423295850865
P13681_O74433,0.0031948,0.0031948,0.033732,0.05887859687209129,0.0022879883181303,0.002126099076122
Q9USX8_O74796,0.0032625,0.0032625,0.033784,0.5969077944755554,0.009403146803379,0.0278689451515674
Q09916_Q9UT32,0.0037461,0.0037461,0.035766,0.4950856864452362,0.999057114124298,0.8118245005607605
P50582_O00102,0.0048594,0.0048594,0.034277,0.27084416151046753,0.0207454375922679,0.0141043737530708
P79010_P40235,0.026657,0.026657,0.034733,0.06375613808631897,0.0095005938783288,0.0016434587305411
Q9USX8_Q09916,0.0035127,0.0035127,0.034043,0.31277957558631897,0.9987772107124328,0.262684553861618
Q9USU3_Q9Y709,0.003297,0.003297,0.034185,0.4848371148109436,0.0062368041835725,0.4402599334716797
O42709_O74360,0.0034688,0.0034688,0.034629,0.1312612146139145,0.0052501577883958,0.4526999592781067
O14122_P25457,0.0031619,0.0031619,0.033709,0.3605022728443146,0.0043360739946365,0.0020108893513679
P87176_O13877,0.0067153,0.0067153,0.034612,0.36840006709098816,0.0439199320971965,0.0007009569089859
Q9Y7U4_Q12381,0.0034609,0.0034609,0.035258,0.29074203968048096,0.0055410130880773,0.8984243869781494
P87174_Q9P7P1,0.021107,0.021107,0.035838,0.5416288375854492,0.9986274242401124,0.2785215675830841
O36023_P0CH07,0.0047195,0.0047195,0.033616,0.012266155332326889,0.001709301257506,0.0079504894092679
O14352_O14011,0.0033276,0.0033276,0.034111,0.19570687413215637,0.9985514283180236,0.0116811674088239
O14459_O14021,0.0033531,0.0033531,0.10708,0.27011844515800476,0.1650564670562744,0.0093794660642743
P0C5Y7_Q9UTA4,0.0035674,0.0035674,0.034796,0.18419739603996277,0.9989175796508788,0.0653418600559234
Q09819_O59703,0.0032475,0.0032475,0.033703,0.009427927434444427,0.0030473640654236,0.0135634373873472
Q09898_Q9UUE5,0.050374,0.050374,0.033747,0.1927146166563034,0.1093573793768882,0.0383181758224964
O42978_Q9P7Y4,0.0035392,0.0035392,0.033545,0.7012091279029846,0.0246785450726747,0.0215684901922941
O74499_O14318,0.014379,0.014379,0.033759,0.38669198751449585,0.0088963909074664,0.0140795307233929
O43114_Q9Y794,0.53694,0.53694,0.033883,0.6453891396522522,0.0009256635094061,0.9055684804916382
P40384_Q09176,0.0031909,0.0031909,0.033524,0.1136789470911026,0.0034405423793941,0.0016242570709437
P09988_O13936,0.63264,0.63264,0.14996,0.06442993879318237,0.9989944100379944,0.3634655773639679
P40984_P36595,0.013358,0.013358,0.10362,0.035909879952669144,0.9979211688041688,0.0080550769343972
P87051_O14399,0.063571,0.063571,0.83392,0.007713389117270708,0.9960237741470336,0.0033348654396831
O94542_Q92358,0.0032818,0.0032818,0.033738,0.1150670275092125,0.9922096729278564,0.7398337721824646
O74904_O42975,0.003769,0.003769,0.034299,0.3962286114692688,0.0309575330466032,0.0416496284306049
O59702_O94355,0.003162,0.003162,0.033598,0.008495772257447243,0.0200903713703155,0.0103488871827721
O13936_Q96WV9,0.0097766,0.0097766,0.034254,0.24036093056201935,0.9989140033721924,0.1210190653800964
Q10108_Q92372,0.0041811,0.0041811,0.033848,0.5933377742767334,0.9988414645195008,0.2852452099323272
O14170_P41411,0.0033039,0.0033039,0.033973,0.07834871858358383,0.0087930122390389,0.5482880473136902
P21534_Q09882,0.0041189,0.0041189,0.033549,0.3572850823402405,0.0008215545094572,0.0014842411037534
O13836_O74555,0.0035217,0.0035217,0.034259,0.21956276893615723,0.0106573812663555,0.0126094268634915
Q9UTB6_O94603,0.0032436,0.0032436,0.034497,0.09054438024759293,0.0026031765155494,0.7858178019523621
Q9P6R1_P79063,0.003454,0.003454,0.033617,0.5229195356369019,0.0221950970590114,0.1033184826374054
O14098_O94698,0.0042449,0.0042449,0.034145,0.029769891873002052,0.998892605304718,0.1680266261100769
P36592_Q06182,0.0032957,0.0032957,0.033638,0.08193311095237732,0.999037742614746,0.7787741422653198
Q09196_Q07538,0.003556,0.003556,0.033691,0.5454338788986206,0.0097261099144816,0.0020421203225851
O42844_Q9Y7J4,0.0068537,0.0068537,0.033594,0.29312413930892944,0.0328155308961868,0.00511533068493
P10651_P87159,0.0039721,0.0039721,0.035499,0.3257025182247162,0.4102897942066192,0.0240760631859302
Q9C0Z9_O94698,0.0032661,0.0032661,0.033939,0.14136932790279388,0.0187237355858087,0.0582510977983474
O74533_O94534,0.003194,0.003194,0.033604,0.6164856553077698,0.0113631449639797,0.0227687824517488
P56286_P56287,0.0038479,0.0038479,0.034073,0.3265072703361511,0.9988711476325988,0.6307218074798584
P56287_Q9UTP0,0.0035833,0.0035833,0.034543,0.441847026348114,0.9986749291419984,0.9469254612922668
Q9P7P1_Q9HE05,0.0031997,0.0031997,0.03373,0.030188603326678276,0.4230001270771026,0.090353175997734
Q09772_P33520,0.0042486,0.0042486,0.034045,0.12350005656480789,0.0428941883146762,0.8648879528045654
O42995_P36582,0.0078356,0.0078356,0.035499,0.7450478076934814,0.0025510895065963,0.0052772695198655
Q02088_Q9UT76,0.0031067,0.0031067,0.033416,0.31649842858314514,0.0005966887110844,0.0010603610426187
G2TRP5_P79010,0.036473,0.036473,0.033974,0.23522238433361053,0.9988447427749634,0.9305082559585572
Q09176_P01129,0.0032308,0.0032308,0.03367,0.41129159927368164,0.0045642568729817,0.0035139052197337
O59680_O13758,0.0035073,0.0035073,0.033587,0.7304016947746277,0.00467059481889,0.0017081853002309
P79015_Q9USG6,0.13804,0.13804,0.063399,0.3913199305534363,0.99905663728714,0.996525228023529
Q9P7Y4_O59790,0.0045533,0.0045533,0.0336,0.11123451590538025,0.882533848285675,0.0481663085520267
Q9USH1_P40235,0.006885,0.006885,0.055946,0.20243822038173676,0.9966996312141418,0.0251314211636781
O14235_Q09858,0.0034546,0.0034546,0.033858,0.4739357531070709,0.007756064645946,0.0099302427843213
P32434_P12000,0.0031705,0.0031705,0.033623,0.16845276951789856,0.0107555538415908,0.009646963328123
Q9UUE5_O74398,0.0033158,0.0033158,0.034001,0.023172512650489807,0.9989472031593324,0.6426926255226135
P08965_Q1MTQ1,0.0033432,0.0033432,0.033793,0.09754706919193268,0.996947705745697,0.9900476932525636
Q92399_O94705,0.0033291,0.0033291,0.03351,0.12344063818454742,0.0067036976106464,0.0007175536593422
O94316_Q9UUA8,0.0032888,0.0032888,0.03367,0.22818613052368164,0.9983676075935364,0.0111214518547058
Q10282_O13988,0.0032081,0.0032081,0.038251,0.12510371208190918,0.9988922476768494,0.0100549878552556
O94285_Q9C0Z9,0.009948,0.009948,0.035377,0.27356764674186707,0.9990612864494324,0.7056567668914795
Q9HE05_Q9UUJ4,0.0033699,0.0033699,0.034159,0.7152701616287231,0.9960508942604064,0.0027641826309263
O94476_P33520,0.0033166,0.0033166,0.033601,0.17501024901866913,0.0017805792158469,0.0107776764780282
O36023_O42991,0.0035375,0.0035375,0.033495,0.015975970774888992,0.0020332362037152,0.0093528721481561
P26306_Q1MTQ1,0.0032763,0.0032763,0.033614,0.13999730348587036,0.0216404870152473,0.6990191340446472
P0CF96_Q09924,0.0031414,0.0031414,0.03373,0.36984381079673767,0.0134300300851464,0.007397161796689
Q9P7R9_Q9P7A0,0.028125,0.028125,0.033733,0.17994052171707153,0.0151752037927508,0.0327948220074176
O14230_Q1MTQ9,0.0031103,0.0031103,0.0336,0.04389180988073349,0.0033450950868427,0.0067972647957503
Q10198_Q09127,0.003321,0.003321,0.033832,0.013510370627045631,0.9987210631370544,0.0346920043230056
Q9US52_Q9URY0,0.0031729,0.0031729,0.033522,0.2113128900527954,0.0205187015235424,0.0070978025905787
O74825_P56288,0.003378,0.003378,0.033577,0.6818982362747192,0.0074754175730049,0.022208247333765
O94616_P87074,0.003685,0.003685,0.033938,0.2990304231643677,0.9989938139915466,0.0155409704893827
Q9UUI1_Q7LL14,0.0060425,0.0060425,0.099765,0.6722838878631592,0.996127426624298,0.0049828798510134
P40848_O13978,0.0032264,0.0032264,0.03352,0.5933289527893066,0.9917844533920288,0.3278400301933288
P21135_O94285,0.0035255,0.0035255,0.038951,0.2059764415025711,0.9988806843757628,0.4802102744579315
P50524_Q9UUM2,0.0038415,0.0038415,0.034118,0.46764305233955383,0.0171155426651239,0.593700647354126
P09988_Q10169,0.026875,0.026875,0.1315,0.23971691727638245,0.3056131303310394,0.0060871359892189
Q9P7M3_P40380,0.0034872,0.0034872,0.034021,0.031511034816503525,0.9981297850608826,0.1004960015416145
O94609_Q10272,0.0033596,0.0033596,0.033705,0.232108011841774,0.9980762004852296,0.2519265711307525
O14235_P36618,0.0031427,0.0031427,0.034772,0.41678962111473083,0.2664075791835785,0.0160178765654563
P09322_Q9P7T4,0.39153,0.39153,0.33733,0.21901734173297882,0.9987611770629884,0.9815506935119628
Q10432_O74747,0.0032042,0.0032042,0.034397,0.6154196262359619,0.9955600500106812,0.5554102659225464
O74433_Q09116,0.0032246,0.0032246,0.033464,0.04269624873995781,0.0009191950084641,0.000445335987024
Q09933_O42709,0.0033401,0.0033401,0.036179,0.214652419090271,0.5579208731651306,0.7152770757675171
O94326_P36583,0.0033739,0.0033739,0.034721,0.11761336028575897,0.0046709096059203,0.1163778454065322
P87245_Q9HDY7,0.0033685,0.0033685,0.03572,0.17306381464004517,0.0018388561438769,0.9125277996063232
P36585_P05219,0.0051559,0.0051559,0.041449,0.004804008640348911,0.8138347864151001,0.0401730313897132
Q10477_Q9URX6,0.0032723,0.0032723,0.034649,0.018976181745529175,0.99881112575531,0.0218795537948608
P87231_Q09823,0.0042454,0.0042454,0.044687,0.12837238609790802,0.0610085688531398,0.940346360206604
O13685_Q09761,0.019404,0.019404,0.033524,0.12520909309387207,0.9986491799354552,0.2286157757043838
Q9UTA4_Q9Y738,0.0033291,0.0033291,0.033595,0.02919532172381878,0.9990131855010986,0.0233941785991191
P41410_Q10322,0.0033724,0.0033724,0.034463,0.18784108757972717,0.8572304844856262,0.6269307732582092
O74518_P79010,0.0043607,0.0043607,0.033643,0.2138306200504303,0.0065275812521576,0.0010885627707466
P40381_Q9UUC1,0.06489,0.06489,0.10695,0.2123972475528717,0.9990373849868774,0.2666454315185547
Q10193_Q09906,0.0042193,0.0042193,0.033548,0.12928394973278046,0.0015152386622503,0.0124021340161561
Q11120_Q9USJ7,0.0036138,0.0036138,0.033568,0.36989614367485046,0.0075067826546728,0.1027899459004402
P41005_O00102,0.020122,0.020122,0.033546,0.46744441986083984,0.0270883031189441,0.0371088571846485
P36585_O59702,0.0038643,0.0038643,0.033695,0.15367677807807922,0.2229338437318802,0.0058773229829967
O59702_P42656,0.045821,0.045821,0.033498,0.19139103591442108,0.0019408125663176,0.0102655310183763
P87238_O13877,0.0033944,0.0033944,0.034266,0.6958507299423218,0.0021493881940841,0.0018038591369986
O74399_P17937,0.0036931,0.0036931,0.041664,0.5256401300430298,0.9988973140716552,0.9880535006523132
Q10056_Q9HDX9,0.004091,0.004091,0.033658,0.33981379866600037,0.0017676203278824,0.2587741315364837
O94609_O74517,0.0034504,0.0034504,0.03386,0.09837333858013153,0.3120033144950866,0.2862693965435028
O94450_P49731,0.011739,0.011739,0.033982,0.07583817094564438,0.0510229133069515,0.2171400487422943
P36585_Q9UUM2,0.0058986,0.0058986,0.049534,0.014995120465755463,0.0313089601695537,0.0055455528199672
Q09760_P87238,0.0032545,0.0032545,0.033579,0.19269274175167084,0.9988585710525512,0.0079997312277555
P07527_P87323,0.0035239,0.0035239,0.034001,0.06588923931121826,0.99887615442276,0.9898771643638612
Q9P7P1_O59751,0.003289,0.003289,0.033843,0.12683892250061035,0.0142638813704252,0.1914431452751159
O74804_P48009,0.0035497,0.0035497,0.033503,0.07448215782642365,0.0013630643952637,0.0057794987224042
Q9UST6_P56288,0.0033949,0.0033949,0.033689,0.004159219097346067,0.004955927375704,0.0569269992411136
Q10366_P87176,0.0034443,0.0034443,0.035181,0.8165618181228638,0.9982275366783142,0.0154088018462061
Q01112_Q09142,0.0032934,0.0032934,0.033635,0.4314436912536621,0.0030760059598833,0.0334019064903259
O13681_P40384,0.004269,0.004269,0.033535,0.010731147602200508,0.0359869860112667,0.19303859770298
Q9USX8_Q9UTF6,0.0032974,0.0032974,0.036588,0.06873500347137451,0.0018439578125253,0.0171559192240238
O74983_P78774,0.0056651,0.0056651,0.036216,0.06611625850200653,0.0180783402174711,0.0030337451025843
Q9USP0_P79063,0.010604,0.010604,0.033586,0.3181323707103729,0.0020766702946275,0.0069596385583281
P87123_P87027,0.0032646,0.0032646,0.95199,0.3449351191520691,0.0012982776388525,0.0034345588646829
O14329_O94646,0.0034977,0.0034977,0.03359,0.06535829603672028,0.0014437111094594,0.2225233316421508
O13681_Q9USR7,0.0033714,0.0033714,0.033548,0.2148774117231369,0.0122718475759029,0.0153730614110827
O94707_P40848,0.0040315,0.0040315,0.034051,0.0867764949798584,0.0156730916351079,0.8151964545249939
O74555_P48009,0.003273,0.003273,0.033587,0.07565818727016449,0.0027574389241635,0.0576921850442886
Q9Y7M6_Q9P805,0.0032471,0.0032471,0.033571,0.37850794196128845,0.0120455035939812,0.0229844637215137
P78972_O94360,0.0031969,0.0031969,0.034063,0.008453728631138802,0.0183569248765707,0.02859827876091
P32390_P0CF96,0.0033134,0.0033134,0.033678,0.30710968375205994,0.01295583602041,0.0068225623108446
O94376_P40384,0.0032852,0.0032852,0.033672,0.11036866903305054,0.0062712309882044,0.0767032653093338
O59800_O42846,0.0045346,0.0045346,0.037903,0.0037162932567298412,0.998271107673645,0.0092565491795539
Q9P7B8_O42709,0.0033212,0.0033212,0.034159,0.05724921077489853,0.9965272545814514,0.9345780611038208
P79063_Q10428,0.0032243,0.0032243,0.033723,0.03312688320875168,0.0339278243482112,0.1289959400892257
P08965_P0CU09,0.0031589,0.0031589,0.033687,0.3086760342121124,0.9985974431037904,0.0415079221129417
O74471_O36027,0.0034162,0.0034162,0.033577,0.3638249933719635,0.0370242781937122,0.0011451746104285
P56286_Q9UU79,0.0071411,0.0071411,0.050673,0.5120354890823364,0.9990968704223632,0.9418731927871704
O94668_G2TRP5,0.0034771,0.0034771,0.033539,0.6696770787239075,0.0057922829873859,0.0012442754814401
Q9P4W1_O42661,0.45393,0.45393,0.033848,0.10681407898664474,0.9700109362602234,0.011018875055015
O14180_O14079,0.0034962,0.0034962,0.03423,0.34774672985076904,0.9985804557800292,0.2342406660318374
P10651_O13836,0.0040179,0.0040179,0.034459,0.018340134993195534,0.9981922507286072,0.0031020008027553
Q9HGQ3_O60158,0.012087,0.012087,0.046992,0.1469447761774063,0.0297732669860124,0.0236039645969867
Q09916_O13852,0.0033605,0.0033605,0.033711,0.15817996859550476,0.9988935589790344,0.0200826711952686
O59703_O74718,0.0031711,0.0031711,0.033668,0.4597168564796448,0.0031589847058057,0.0052703181281685
P0CT70_Q9HGL8,0.40679,0.40679,0.24751,0.411333292722702,0.998941957950592,0.992046594619751
P49731_P40995,0.004492,0.004492,0.034204,0.07906859368085861,0.0018305889097973,0.3103861212730407
Q9UTI8_O59703,0.0031503,0.0031503,0.033721,0.32013341784477234,0.0034573704469949,0.0029783155769109
O60150_O74955,0.0040057,0.0040057,0.03451,0.15514203906059265,0.0024569060187786,0.0040812417864799
O59703_O13782,0.0033044,0.0033044,0.034018,0.1738167554140091,0.0056959008798003,0.0242731384932994
O74966_O13370,0.0047745,0.0047745,0.049415,0.28064101934432983,0.999031662940979,0.0024878701660782
O60158_P40371,0.0032188,0.0032188,0.033618,0.059070177376270294,0.0010904647642746,0.0045884000137448
P87074_Q96TL7,0.0035504,0.0035504,0.035305,0.15580646693706512,0.9989256262779236,0.995259702205658
O94646_Q9US52,0.0032463,0.0032463,0.033959,0.2780444025993347,0.0089600384235382,0.0040119355544447
O13877_Q09763,0.0031886,0.0031886,0.034019,0.246002197265625,0.001024603145197,0.0005097431130707
O13615_P40235,0.0038486,0.0038486,0.14745,0.06521686166524887,0.0375876612961292,0.0447092801332473
Q10317_P32390,0.0032169,0.0032169,0.033565,0.32724374532699585,0.009765594266355,0.1194811910390853
Q7LL14_O74958,0.0038775,0.0038775,0.034036,0.2562781870365143,0.0570146217942237,0.5038185119628906
O94276_O94288,0.0039701,0.0039701,0.038464,0.1117173582315445,0.9990234375,0.8615208864212036
P48011_O14399,0.0057997,0.0057997,0.79318,0.11123119294643402,0.0013016571756452,0.0294622704386711
Q10429_O14329,0.0032072,0.0032072,0.033522,0.2894965410232544,0.0147612765431404,0.0036104132886976
O14036_O74804,0.0037483,0.0037483,0.03361,0.3671390116214752,0.0012537982547655,0.008180153556168
Q9P6R1_P05767,0.0086753,0.0086753,0.034141,0.008483397774398327,0.0022716559469699,0.0029635105747729
O74446_O43120,0.0034298,0.0034298,0.033676,0.1448591947555542,0.0051562343724071,0.0042737987823784
P50527_P78963,0.0036449,0.0036449,0.033678,0.28145259618759155,0.0008549286867491,0.5282625555992126
O13681_Q92366,0.0065255,0.0065255,0.036652,0.6975857019424438,0.9979677796363832,0.0149910431355237
Q92358_P40371,0.0031789,0.0031789,0.033531,0.22265970706939697,0.0014922218397259,0.0062474077567458
P36618_O42846,0.0031411,0.0031411,0.033672,0.007480486296117306,0.0028376765549182,0.0055261715315282
O74983_O74718,0.0046783,0.0046783,0.033656,0.38106369972229004,0.5407698750495911,0.002992367837578
O94616_Q92399,0.003444,0.003444,0.036011,0.3784835636615753,0.9990733861923218,0.0868018716573715
O94288_O74966,0.0060364,0.0060364,0.065394,0.3451135456562042,0.9990466237068176,0.8372518420219421
O59836_O94244,0.0033442,0.0033442,0.048833,0.7793325781822205,0.9952884912490844,0.3073011636734009
Q9P782_O36019,0.003305,0.003305,0.033957,0.12086749076843262,0.0022565897088497,0.7056567668914795
Q9C107_Q9UTP0,0.0033417,0.0033417,0.035774,0.03278152272105217,0.9990392923355104,0.7882086038589478
P87074_P05219,0.0034599,0.0034599,0.033706,0.0073020546697080135,0.9988362193107604,0.0103703150525689
P56287_P0CU09,0.0032531,0.0032531,0.034001,0.19734713435173035,0.9987764954566956,0.1166901960968971
P46595_P32586,0.010042,0.010042,0.034254,0.2714745104312897,0.0041601634584367,0.0641780421137809
O13802_O59703,0.0031775,0.0031775,0.033902,0.09207895398139954,0.0058015058748424,0.0074423751793801
O74311_P09322,0.0031452,0.0031452,0.033777,0.23287829756736755,0.9985681772232056,0.0337332263588905
O94376_P54789,0.0039037,0.0039037,0.033744,0.10259439051151276,0.9952379465103148,0.0094729261472821
Q9P7E0_P09322,0.0035007,0.0035007,0.033582,0.2681485116481781,0.0023619304411113,0.0012852797517552
O43071_Q09177,0.003337,0.003337,0.072222,0.42990362644195557,0.1110268607735633,0.0039513236843049
O59702_Q10163,0.0033563,0.0033563,0.033555,0.09250128269195557,0.0053807687945663,0.0077688870951533
O94659_Q9Y709,0.0039718,0.0039718,0.034459,0.3178350031375885,0.005652701947838,0.0017723712371662
Q9UTK6_P40235,0.0056529,0.0056529,0.035142,0.05153859406709671,0.0138986399397253,0.0680314525961875
O43080_P87074,0.0034242,0.0034242,0.033555,0.19263741374015808,0.1298213303089141,0.1333395689725875
P08092_P37382,0.0031759,0.0031759,0.033493,0.6540399789810181,0.0025207106955349,0.0090953158214688
Q9UUC6_O74804,0.0037482,0.0037482,0.033485,0.2537335455417633,0.0017346859676763,0.0033959280699491
P40235_P40381,0.0043245,0.0043245,0.047677,0.8202825784683228,0.9976527094841005,0.0932246148586273
P10815_P78972,0.0035498,0.0035498,0.037061,0.15494701266288757,0.9985080361366272,0.7017130851745605
P33520_Q9USY3,0.0045941,0.0045941,0.034486,0.459298312664032,0.0327099859714508,0.693914532661438
Q9UUE5_P42656,0.11976,0.11976,0.033715,0.13474057614803314,0.982575535774231,0.0070695169270038
O43114_Q10282,0.0031943,0.0031943,0.033821,0.1584826558828354,0.0053870631381869,0.0213396307080984
O59793_P40984,0.011927,0.011927,0.033729,0.07020485401153564,0.9907599687576294,0.0089956670999526
O13826_Q09914,0.0031432,0.0031432,0.033488,0.5493474006652832,0.0049050310626626,0.0377335734665393
Q9P6Q0_Q9US45,0.0081179,0.0081179,0.035184,0.3042096197605133,0.9991063475608826,0.3735668361186981
Q9USR7_O14198,0.0031531,0.0031531,0.033532,0.27825236320495605,0.0010660142870619,0.0185364335775375
O94542_O14216,0.00326,0.00326,0.0355,0.2110118269920349,0.998584508895874,0.9486250877380372
P87215_P21534,0.010586,0.010586,0.033537,0.27558284997940063,0.0029754610732197,0.0067583816125988
Q09170_Q9USX3,0.0041812,0.0041812,0.036652,0.027917109429836273,0.9990505576133728,0.99309241771698
P40381_Q9US59,0.019636,0.019636,0.036602,0.06198965013027191,0.9985942244529724,0.2456314861774444
O74966_O74471,0.0039124,0.0039124,0.033585,0.2729644775390625,0.0094416970387101,0.0037468390073627
P40235_O13964,0.0045151,0.0045151,0.033841,0.08401745557785034,0.0070931566879153,0.0214432552456855
O74736_O42975,0.0044403,0.0044403,0.033918,0.5024287700653076,0.9979079961776732,0.3279480040073395
Q9P7G0_O14198,0.0031897,0.0031897,0.033642,0.3008163571357727,0.9990357160568236,0.1301614940166473
A6X980_Q10272,0.0031808,0.0031808,0.044443,0.3814360797405243,0.1424537748098373,0.4929308295249939
O74825_P87306,0.0031608,0.0031608,0.033842,0.21537211537361145,0.9990353584289552,0.1902563869953155
O14327_O43120,0.0041256,0.0041256,0.044619,0.08258036524057388,0.0375407561659812,0.7629516124725342
O59751_O94423,0.003273,0.003273,0.033999,0.1903909593820572,0.0136946300044655,0.5266692638397217
P52822_P10651,0.041785,0.041785,0.048039,0.06925676017999649,0.9989884495735168,0.9135536551475524
O42661_O14269,0.021686,0.021686,0.03408,0.608202338218689,0.9983547329902648,0.0976350829005241
P78774_P41005,0.0033416,0.0033416,0.03384,0.49186235666275024,0.1044356152415275,0.4803133308887481
P07527_O74955,0.003847,0.003847,0.033546,0.3032827079296112,0.017776533961296,0.0193206891417503
Q10428_Q9P7Y4,0.003388,0.003388,0.033913,0.12863975763320923,0.0159352961927652,0.2225537896156311
Q9Y7L8_Q10295,0.003221,0.003221,0.033839,0.24015861749649048,0.0165046993643045,0.3775355815887451
Q9UT72_O74958,0.0034644,0.0034644,0.033742,0.20061568915843964,0.9989734888076782,0.0638612061738967
P36613_O94423,0.0031904,0.0031904,0.033787,0.0570618137717247,0.9945622086524964,0.1715738773345947
Q4PIR3_O94316,0.0032443,0.0032443,0.035146,0.1709800809621811,0.9988011121749878,0.0081642102450132
P05764_Q09127,0.0036771,0.0036771,0.033603,0.6348108053207397,0.999001681804657,0.0019399611046537
Q09685_O42975,0.0033655,0.0033655,0.034374,0.4130423963069916,0.8454765677452087,0.948284149169922
Q10316_Q09717,0.0033749,0.0033749,0.033622,0.46982473134994507,0.8282795548439026,0.037882562726736
O42995_P10989,0.0032255,0.0032255,0.056799,0.036980435252189636,0.0195434745401144,0.0101713761687278
Q9P7E0_P32390,0.0032967,0.0032967,0.033484,0.1849679797887802,0.0111542697995901,0.0032543297857046
Q00619_P39964,0.0033419,0.0033419,0.033461,0.23364052176475525,0.0025900490581989,0.0006401070859283
Q92399_Q9URY2,0.0031661,0.0031661,0.03363,0.2818223536014557,0.0014294669963419,0.0071181589737534
P36595_Q9UST6,0.0031478,0.0031478,0.034669,0.3341113328933716,0.986527383327484,0.0881572216749191
P08965_O74558,0.0031849,0.0031849,0.033673,0.1581876277923584,0.0041273715905845,0.0123346950858831
O42667_Q9UTS6,0.003171,0.003171,0.033585,0.7059906721115112,0.0392156913876533,0.0139850918203592
Q10169_O59680,0.0043846,0.0043846,0.03363,0.5774440765380859,0.0041209319606423,0.0008713477873243
P36613_Q9HDX9,0.0032776,0.0032776,0.033619,0.015807868912816048,0.0229007713496685,0.3151575326919555
P04910_Q9Y7N2,0.37362,0.37362,0.039108,0.556823194026947,0.9988844990730286,0.1298090666532516
A6X980_O14230,0.0031372,0.0031372,0.033984,0.18433764576911926,0.0011171736987307,0.0060666962526738
Q9P805_O74531,0.0044707,0.0044707,0.033909,0.44943156838417053,0.0080984169617295,0.1981175690889358
P50527_P40235,0.042707,0.042707,0.14764,0.12435617297887802,0.988107204437256,0.8519448637962341
P40984_P05734,0.0071149,0.0071149,0.033556,0.5138862729072571,0.0180577896535396,0.0011486663715913
Q9UTS6_Q10163,0.0031644,0.0031644,0.033579,0.09393160790205002,0.9982738494873048,0.0342973656952381
O13889_Q09906,0.0032824,0.0032824,0.03352,0.008399181067943573,0.0213114991784095,0.0026758827734738
O74471_P79010,0.077767,0.077767,0.03639,0.2833002209663391,0.9989092350006104,0.9765332341194152
O74499_Q9UT46,0.0038226,0.0038226,0.03364,0.19044974446296692,0.0022857014555484,0.0057757045142352
O94668_Q9UTB6,0.0032229,0.0032229,0.033773,0.3597838878631592,0.032123040407896,0.9032793641090392
Q9P784_P41887,0.003308,0.003308,0.048298,0.45529261231422424,0.0285555180162191,0.3694134354591369
Q10353_P46595,0.0093484,0.0093484,0.035189,0.6102782487869263,0.0215373076498508,0.0084022674709558
O94376_P09322,0.0031824,0.0031824,0.034158,0.2340952306985855,0.9990656971931458,0.0037411509547382
Q10272_O94276,0.0033097,0.0033097,0.037666,0.05242002010345459,0.8165545463562012,0.4508337676525116
O74536_O74653,0.0038442,0.0038442,0.034535,0.7617762088775635,0.9978781938552856,0.1682523339986801
Q10271_P87312,0.003788,0.003788,0.033527,0.3067730963230133,0.0016021124320104,0.0152949038892984
O74518_Q10429,0.0031979,0.0031979,0.033723,0.5886366963386536,0.0052466951310634,0.0424516499042511
O94288_Q9HE05,0.0058213,0.0058213,0.035724,0.005560831166803837,0.9906020164489746,0.46343994140625
Q9P784_O14399,0.0066231,0.0066231,0.034351,0.29086318612098694,0.0031109938863664,0.0044943010434508
Q9UTS6_Q09330,0.0031351,0.0031351,0.033623,0.5805896520614624,0.0065700295381248,0.120828241109848
P32586_Q09906,0.0033735,0.0033735,0.03358,0.019398240372538567,0.002682524966076,0.0021746503189206
Q10056_O36027,0.0033493,0.0033493,0.036512,0.11130110919475555,0.9988860487937928,0.6917816400527954
O13688_P50527,0.0068177,0.0068177,0.033911,0.201639324426651,0.0024020050186663,0.7866453528404236
O74796_Q09142,0.0032994,0.0032994,0.033675,0.05562594160437584,0.9948114156723022,0.3015427589416504
O94646_P87306,0.015106,0.015106,0.041039,0.12657511234283447,0.9991280436515808,0.9634889364242554
O74536_P78789,0.0035164,0.0035164,0.034951,0.17363232374191284,0.01479366235435,0.9149035811424256
O13310_P40372,0.0032945,0.0032945,0.033931,0.2596661150455475,0.0027023323345929,0.0027413147035986
P78814_P46595,0.022116,0.022116,0.079895,0.062497109174728394,0.0211218390613794,0.0025593086611479
O13953_P36582,0.0039882,0.0039882,0.033992,0.2831816077232361,0.0123948995023965,0.7345412969589233
Q9P7M3_Q9HGQ3,0.0037655,0.0037655,0.033734,0.33891260623931885,0.0240124780684709,0.0010430495021864
Q9HGL6_P79065,0.003146,0.003146,0.033577,0.06223435699939728,0.0087255900725722,0.0516424849629402
Q96WV9_Q9UTE6,0.005307,0.005307,0.033864,0.3798997104167938,0.9960349202156068,0.0952979400753974
O74718_O14180,0.0032721,0.0032721,0.053228,0.16425438225269318,0.9989834427833556,0.9810962080955504
O94687_O13836,0.0043011,0.0043011,0.033998,0.057865437120199203,0.0249623134732246,0.0686966702342033
Q10951_O59793,0.0033897,0.0033897,0.035886,0.2152489423751831,0.9988892674446106,0.989723801612854
O13978_Q10353,0.0032364,0.0032364,0.033542,0.49955135583877563,0.0222388301044702,0.078016422688961
Q09914_O42991,0.0032642,0.0032642,0.03345,0.019874239340424538,0.0021167313680052,0.013771116733551
P48009_Q09116,0.0080246,0.0080246,0.035436,0.025095777586102486,0.9990463852882384,0.9899889230728148
O74771_O94316,0.0032589,0.0032589,0.034413,0.15280123054981232,0.0128083163872361,0.0563089586794376
O43114_Q09760,0.0038134,0.0038134,0.033591,0.002216341206803918,0.0008389326394535,0.0881994366645813
O14064_Q10271,0.0041435,0.0041435,0.033557,0.3958902060985565,0.9988157749176024,0.2032906413078308
P41410_O74804,0.0044931,0.0044931,0.034491,0.09798204898834229,0.0331907458603382,0.1909613609313964
O74471_O94534,0.0034239,0.0034239,0.033511,0.6805607080459595,0.0214626919478178,0.0008274950669147
P40235_Q9Y709,0.0046513,0.0046513,0.034069,0.05464930087327957,0.0202333703637123,0.0736510157585144
P56523_O94603,0.0034851,0.0034851,0.034021,0.6238243579864502,0.002898170845583,0.0241610333323478
P78972_O14036,0.0060417,0.0060417,0.094654,0.14693835377693176,0.0158146582543849,0.005445156712085
Q9Y821_P05501,0.0032175,0.0032175,0.033595,0.09902539104223251,0.0008060448453761,0.0007397551671601
Q92366_P87074,0.0090466,0.0090466,0.037028,0.045773908495903015,0.9990221261978148,0.0709436982870101
Q10322_O14318,0.004082,0.004082,0.034104,0.534455418586731,0.0532782301306724,0.6812969446182251
O13826_P0CT68,0.003705,0.003705,0.034104,0.12246522307395935,0.0179766211658716,0.0387553237378597
P04551_P41411,0.0066112,0.0066112,0.033813,0.7162653803825378,0.9976071119308472,0.1064179763197898
Q10056_Q9P802,0.0037675,0.0037675,0.033534,0.23681455850601196,0.0328602232038974,0.0934250578284263
Q9USZ6_P87245,0.0033784,0.0033784,0.033557,0.6173104047775269,0.0025679853279143,0.0039267418906092
Q9UTE6_Q9Y7M6,0.0032389,0.0032389,0.033634,0.4119918942451477,0.0512288175523281,0.2633858621120453
C6Y4D0_O13310,0.011414,0.011414,0.033639,0.29734256863594055,0.008530268445611,0.0025923906359821
P14575_O13351,0.0039194,0.0039194,0.033669,0.6816046237945557,0.0014514522626996,0.0008633877732791
Q9P7V3_P36616,0.0095864,0.0095864,0.033611,0.4498012363910675,0.014853904955089,0.012952359393239
Q10366_O94244,0.0033143,0.0033143,0.046842,0.47343435883522034,0.0108090220019221,0.1436436623334884
O14246_O59800,0.0038349,0.0038349,0.034141,0.45153799653053284,0.8353862762451172,0.3571358025074005
P40380_Q9UTA4,0.0041091,0.0041091,0.034684,0.42438435554504395,0.9989123344421388,0.038456555455923
O94581_O14246,0.0031276,0.0031276,0.034033,0.7333546280860901,0.007495536468923,0.0008652931428514
O13836_P41410,0.0035391,0.0035391,0.034191,0.1253812313079834,0.5415627956390381,0.0147178573533892
P87231_O42995,0.0041999,0.0041999,0.034733,0.002818117616698146,0.0380694232881069,0.1913395375013351
Q10477_Q92366,0.0052125,0.0052125,0.040601,0.022431746125221252,0.998948872089386,0.0434812828898429
Q9P3B2_O14229,0.0036531,0.0036531,0.033495,0.08027762919664383,0.0073857735842466,0.0015251042786985
Q9HFE5_Q10099,0.0032536,0.0032536,0.033827,0.045875634998083115,0.026151206344366,0.0125008849427104
O94244_O14180,0.0043747,0.0043747,0.052902,0.06335298717021942,0.9989808201789856,0.94432532787323
Q9Y7J4_Q10343,0.0034852,0.0034852,0.033655,0.31022071838378906,0.0101106828078627,0.0697065740823745
O13758_O74978,0.010305,0.010305,0.037775,0.8187451958656311,0.991448163986206,0.9909443855285645
O74446_O13953,0.0033512,0.0033512,0.033839,0.7526310086250305,0.0152245033532381,0.0047977091744542
P78794_Q09882,0.0037544,0.0037544,0.034618,0.06430992484092712,0.9986525177955629,0.9913302659988404
Q09772_P26306,0.0034823,0.0034823,0.033715,0.2306666076183319,0.998213529586792,0.2247029244899749
P0CT60_O59734,0.41559,0.41559,0.035648,0.015117546543478966,0.999030351638794,0.0776223614811897
O94658_O94668,0.0032602,0.0032602,0.033584,0.531157910823822,0.9990043044090272,0.025206483900547
O94276_P40235,0.0049337,0.0049337,0.035546,0.043997615575790405,0.9982084035873412,0.1610421240329742
P48009_O59680,0.0043101,0.0043101,0.033642,0.3600209057331085,0.001700569409877,0.0004093473544344
O94668_Q09116,0.0035948,0.0035948,0.033477,0.004547957330942154,0.0019152926979586,0.014391342177987
Q9US45_Q9USZ6,0.003262,0.003262,0.03363,0.36008208990097046,0.9935961961746216,0.0470658242702484
O74803_Q10353,0.007923,0.007923,0.033998,0.29732179641723633,0.0292107015848159,0.1871027499437332
O43036_O42995,0.0031087,0.0031087,0.033749,0.3699892461299896,0.9958576560020448,0.0274712834507226
Q9UTI3_P0CT60,0.0034192,0.0034192,0.033731,0.009589165449142456,0.004289829172194,0.0048943618312478
Q9UT52_Q09819,0.0032264,0.0032264,0.04023,0.03252853825688362,0.9981947541236876,0.8569262623786926
O13953_Q9P3B2,0.0033179,0.0033179,0.033537,0.1947542428970337,0.004280746448785,0.0006010333891026
P87053_P87173,0.0033682,0.0033682,0.035724,0.020886097103357315,0.0066990763880312,0.0045434753410518
Q09761_Q9URY2,0.0033769,0.0033769,0.033619,0.3939652740955353,0.0689297169446945,0.9489001035690308
O74399_Q10366,0.0032797,0.0032797,0.040305,0.4069828987121582,0.0319876596331596,0.4583188593387604
Q09933_Q09761,0.0035692,0.0035692,0.034943,0.5552700757980347,0.2771055996417999,0.911579430103302
O13777_Q9P7E0,0.0033874,0.0033874,0.033518,0.016320955008268356,0.0129635818302631,0.0006265729898586
P50523_Q10232,0.003702,0.003702,0.033542,0.1254001259803772,0.1040684878826141,0.0016942884540185
O36023_Q9UTF6,0.0032154,0.0032154,0.03347,0.18456412851810455,0.0014353448059409,0.0016008042730391
Q10317_O14097,0.0039221,0.0039221,0.034502,0.7425535917282104,0.9989503026008606,0.0559749230742454
Q10099_P05733,0.11073,0.11073,0.041245,0.6977644562721252,0.0122234085574746,0.0128595102578401
Q06182_Q9UTA4,0.0034579,0.0034579,0.033665,0.10752155631780624,0.9990448355674744,0.0916078090667724
Q9UT52_O94659,0.003275,0.003275,0.034209,0.295806348323822,0.0219282358884811,0.0213477537035942
P28748_Q09717,0.009723,0.009723,0.034826,0.07904834300279617,0.9990094900131226,0.9093035459518432
O94238_Q09196,0.0032155,0.0032155,0.033449,0.40435507893562317,0.0013445632066577,0.0131711699068546
O43120_O60150,0.0034016,0.0034016,0.034126,0.5255002379417419,0.0017119405092671,0.0126957120373845
O74175_O74399,0.0038199,0.0038199,0.037276,0.021298501640558243,0.9989713430404664,0.9940932393074036
Q12126_O94687,0.0048532,0.0048532,0.034415,0.12003572285175323,0.0265212971717119,0.6543387174606323
P36592_Q92372,0.0034016,0.0034016,0.034772,0.3577899634838104,0.9990623593330384,0.5734381079673767
P87314_Q10343,0.0033847,0.0033847,0.034302,0.16066966950893402,0.9981974959373474,0.0097030224278569
O14180_P05767,0.04144,0.04144,0.13629,0.23043878376483917,0.9989356398582458,0.945464551448822
Q9P779_P0C5Y7,0.0032251,0.0032251,0.03384,0.2929966449737549,0.0048700831830501,0.0010785952908918
Q10316_O00102,0.0052802,0.0052802,0.033805,0.31407034397125244,0.8319190740585327,0.0034597797784954
Q10430_P0CG72,0.004116,0.004116,0.033522,0.2856513261795044,0.0117628285661339,0.016490975394845
O59702_Q09698,0.0032532,0.0032532,0.034882,0.06923990696668625,0.9897576570510864,0.0114822750911116
O60187_P41887,0.0036606,0.0036606,0.033666,0.3305639624595642,0.0111489072442054,0.0081008495762944
Q09191_Q10218,0.0035569,0.0035569,0.033814,0.26714059710502625,0.0043203807435929,0.0461537949740886
Q09176_O14269,0.0038079,0.0038079,0.033538,0.36222532391548157,0.997648060321808,0.1459699124097824
O14235_Q09177,0.003222,0.003222,0.052131,0.01601536013185978,0.0024513585958629,0.0096248434856534
O60052_Q9UT52,0.0076499,0.0076499,0.033809,0.0020774700678884983,0.1756448000669479,0.01931076310575
P40372_Q96WW3,0.20405,0.20405,0.18318,0.5589618682861328,0.998955249786377,0.9839619398117064
O74957_Q10295,0.0034604,0.0034604,0.033785,0.5731419920921326,0.7126709222793579,0.0178354866802692
O94450_P30261,0.0033016,0.0033016,0.034198,0.0023651178926229477,0.0262950472533702,0.0932447463274002
O13615_P87312,0.0034369,0.0034369,0.033716,0.21927790343761444,0.0208225548267364,0.838443398475647
O13964_O94376,0.16303,0.16303,0.041571,0.3874737024307251,0.999056875705719,0.7121105194091797
Q9UTF6_O42954,0.003324,0.003324,0.03354,0.2999763488769531,0.0296348016709089,0.0022489971015602
O74518_Q9P7Y4,0.0034882,0.0034882,0.034879,0.007567956577986479,0.0117161702364683,0.0100864581763744
O14129_P87314,0.0032465,0.0032465,0.03363,0.1858208179473877,0.1392690986394882,0.25357186794281
O59945_P56286,0.0032717,0.0032717,0.033546,0.07370906323194504,0.0076956073753535,0.0176293682307004
Q10430_Q9HDY7,0.0031938,0.0031938,0.033783,0.11809206008911133,0.9976969361305236,0.6405118107795715
O14350_Q9UU79,0.012109,0.012109,0.057658,0.05218850448727608,0.9990390539169312,0.9858145117759703
P56288_Q9P7M1,0.0040077,0.0040077,0.033572,0.6344704031944275,0.01467558555305,0.0551466010510921
P33520_P40381,0.003317,0.003317,0.036293,0.1101132482290268,0.0055773095227777,0.0515147373080253
O14235_P08647,0.0034713,0.0034713,0.033522,0.521202564239502,0.0152671840041875,0.0057741166092455
Q9UUJ1_Q9HGQ3,0.0034548,0.0034548,0.034084,0.1123044416308403,0.0108325872570276,0.0013676726957783
Q10192_Q9P7Q8,0.0031295,0.0031295,0.033675,0.07553772628307343,0.0025236019864678,0.0065340534783899
O60187_O74772,0.0033311,0.0033311,0.035292,0.40344393253326416,0.0063413307070732,0.015693511813879
P87324_Q92462,0.0038337,0.0038337,0.033796,0.2824886441230774,0.0014132969081401,0.001729080104269
P08647_O59751,0.0041766,0.0041766,0.17695,0.08634340763092041,0.0201864223927259,0.0230222269892692
Q9UT86_O42661,0.017826,0.017826,0.04026,0.14623704552650452,0.9990053772926332,0.005796774290502
Q53EK2_Q9Y7U4,0.0032104,0.0032104,0.040458,0.22641733288764954,0.9990237951278688,0.8355545401573181
P39964_O13826,0.0037558,0.0037558,0.034868,0.0019103731028735638,0.997766375541687,0.0583509616553783
P04688_Q09933,0.009675,0.009675,0.037073,0.6186420321464539,0.9952894449234008,0.8378528356552124
P48011_O94321,0.0034339,0.0034339,0.03355,0.010353478603065014,0.0026671485975384,0.0044857179746031
Q10134_G2TRP5,0.0034006,0.0034006,0.033476,0.111068494617939,0.011008565314114,0.0004302364541217
P36583_O74311,0.0032334,0.0032334,0.033654,0.06553590297698975,0.005884657613933,0.0747984647750854
O42844_P0CT77,0.0042767,0.0042767,0.036384,0.326691210269928,0.0256462264806032,0.0248438101261854
O13877_O59702,0.003274,0.003274,0.033762,0.21429388225078583,0.0108791049569845,0.0057849418371915
Q9P6M0_P87215,0.0039913,0.0039913,0.03357,0.47352132201194763,0.0100377593189477,0.0055868593044579
Q10218_O94722,0.0034693,0.0034693,0.033628,0.09746024757623672,0.0012670615687966,0.0007012609275989
Q9UTI3_O74991,0.0032091,0.0032091,0.033698,0.22668565809726715,0.0036330753937363,0.3684895932674408
O74910_O74718,0.003254,0.003254,0.037328,0.6022372841835022,0.0289852116256952,0.8655134439468384
O13758_Q9UTK6,0.0034914,0.0034914,0.036006,0.2948346734046936,0.5493578314781189,0.8768587112426758
Q9P7A0_Q9UT52,0.0048738,0.0048738,0.051103,0.006377798970788717,0.9910295009613036,0.3703656196594238
P08965_P50523,0.0034313,0.0034313,0.033497,0.7079213857650757,0.0024475825484842,0.000430017709732
O94268_Q9UU79,0.054753,0.054753,0.21975,0.44340550899505615,0.9987326264381408,0.9814359545707704
O42709_Q9P7Y4,0.003431,0.003431,0.033904,0.20673751831054688,0.9989375472068788,0.7671442627906799
P0C5Y7_Q9USP9,0.0037875,0.0037875,0.035431,0.18597657978534698,0.0198659971356391,0.0250468384474515
O13836_P40995,0.003505,0.003505,0.034435,0.09943244606256485,0.0008689479436725,0.0339868329465389
Q9P3B2_P87324,0.0084965,0.0084965,0.033578,0.37449297308921814,0.0038597409147769,0.0008534103399142
O13684_P50582,0.0032007,0.0032007,0.033755,0.2282666563987732,0.0649629682302475,0.502458393573761
Q09176_O13828,0.0037001,0.0037001,0.034209,0.12064765393733978,0.0064885555766522,0.013494174927473
O74983_Q92366,0.0090856,0.0090856,0.033668,0.3232361674308777,0.0493973270058631,0.0029108107555657
P79063_P87238,0.0037843,0.0037843,0.033473,0.04381026327610016,0.9982337951660156,0.2902983725070953
P87027_P30261,0.0032305,0.0032305,0.033544,0.2340071052312851,0.0036138356663286,0.0236521139740943
Q06182_O60016,0.0033586,0.0033586,0.034225,0.14402231574058533,0.9983648657798768,0.1725836545228958
Q10232_Q9USP9,0.0039561,0.0039561,0.064153,0.3950357437133789,0.0682979300618171,0.0592053234577178
O14140_O74825,0.014975,0.014975,0.04935,0.3231867551803589,0.9986324906349182,0.0083106169477105
P79071_O14350,0.0056296,0.0056296,0.044797,0.06556544452905655,0.9987486600875854,0.7287137508392334
Q9Y821_O74531,0.025406,0.025406,0.035594,0.166154146194458,0.0084252972155809,0.0388951785862445
Q10232_Q10108,0.0042322,0.0042322,0.034058,0.15768848359584808,0.0114521412178874,0.0122837424278259
P78761_Q9P784,0.0046099,0.0046099,0.033599,0.06660909205675125,0.999057948589325,0.5819211602210999
O94646_Q9USH1,0.0057021,0.0057021,0.042792,0.6197863221168518,0.9991108775138856,0.9104028940200806
P78814_P50527,0.0076525,0.0076525,0.035205,0.2786625027656555,0.0121042681857943,0.0017613270319998
P32372_Q10272,0.0032745,0.0032745,0.034982,0.18710927665233612,0.990924060344696,0.7317833304405212
O14036_P04551,0.015999,0.015999,0.033943,0.09480524063110352,0.004267350770533,0.0033655422739684
O60150_Q92462,0.0041209,0.0041209,0.035085,0.23583947122097015,0.0130134262144565,0.0171196553856134
O42932_P87215,0.0048632,0.0048632,0.033513,0.29363155364990234,0.006470953579992,0.0447245575487613
Q09892_O13978,0.003157,0.003157,0.033491,0.10877197980880737,0.008606482297182,0.0305737592279911
O74653_P10989,0.003285,0.003285,0.035396,0.014452476985752583,0.9905877113342284,0.0264462269842624
O94238_Q9US45,0.0040226,0.0040226,0.036602,0.28172290325164795,0.9982666969299316,0.0297366082668304
O42905_Q9HGQ3,0.0036505,0.0036505,0.033814,0.6181567311286926,0.6290509104728699,0.008923883549869
Q9UT76_P87053,0.0032157,0.0032157,0.20243,0.31360357999801636,0.000693567097187,0.0111341811716556
O75011_O42634,0.0043358,0.0043358,0.033617,0.35326462984085083,0.0026264614425599,0.0031039936002343
Q09685_P87310,0.00349,0.00349,0.033554,0.19486004114151,0.9989845156669616,0.016199080273509
O14079_O94687,0.028725,0.028725,0.036584,0.31858178973197937,0.9987301230430604,0.8445793390274048
Q9P6R1_O74825,0.0031823,0.0031823,0.03384,0.16151270270347595,0.0363594703376293,0.0081649059429764
Q9UUM2_O74986,0.0034913,0.0034913,0.037148,0.4960719347000122,0.99881774187088,0.8494306802749634
P0CU09_P36625,0.0031713,0.0031713,0.034159,0.28221410512924194,0.0577146671712398,0.3519313037395477
Q9UTP0_P27584,0.0032083,0.0032083,0.033484,0.1625032275915146,0.0059250867925584,0.0013842518674209
O43071_O13684,0.0031588,0.0031588,0.034368,0.15455229580402374,0.9828109741210938,0.0678363889455795
O74517_Q09685,0.0038352,0.0038352,0.034403,0.28694406151771545,0.9975662231445312,0.980714738368988
O13310_Q9UTP0,0.0057861,0.0057861,0.034091,0.2972527742385864,0.0056139347143471,0.0106042446568608
P78814_O94684,0.0034502,0.0034502,0.033765,0.10236833989620209,0.0208976361900568,0.0051848231814801
O60052_Q10316,0.0041512,0.0041512,0.033919,0.0074053858406841755,0.0081776930019259,0.0977622717618942
P42656_Q09824,0.0046011,0.0046011,0.033619,0.6294490098953247,0.9988529682159424,0.0160506777465343
P41005_Q00619,0.0033997,0.0033997,0.033509,0.26395779848098755,0.0053122201934456,0.0037369197234511
O75001_O94268,0.0056462,0.0056462,0.044627,0.22664959728717804,0.9224647879600524,0.0679498389363288
O94355_O74483,0.0033387,0.0033387,0.03365,0.06072785705327988,0.9980413913726808,0.0023549103643745
O59680_O75001,0.0046128,0.0046128,0.033558,0.22494974732398987,0.0065422980114817,0.0005858103977516
Q9USM8_P32434,0.0031896,0.0031896,0.033792,0.030926067382097244,0.0198881197720766,0.2151162475347519
P87051_O74854,0.0031522,0.0031522,0.034615,0.3447447717189789,0.0116527965292334,0.0014570333296433
P87027_Q09906,0.0033849,0.0033849,0.033437,0.3189972937107086,0.0040256180800497,0.0037306868471205
O14036_O74796,0.0038289,0.0038289,0.034024,0.27949926257133484,0.0138878086581826,0.0361872352659702
Q1MTQ1_Q9Y818,0.0059655,0.0059655,0.035621,0.3993009328842163,0.0092537337914109,0.003499147715047
P40848_P28748,0.0034371,0.0034371,0.033658,0.006393849849700928,0.0031430630479007,0.020469868555665
Q9P6Q6_Q9P7R9,0.0031572,0.0031572,0.0338,0.15998199582099915,0.5051426887512207,0.0923491045832634
Q9HE05_Q9C0Z9,0.0032004,0.0032004,0.03367,0.06286323070526123,0.9978131055831908,0.0213147737085819
Q9Y738_P37382,0.0033402,0.0033402,0.033597,0.16512151062488556,0.9989848732948304,0.0124846193939447
Q09330_Q92352,0.0031517,0.0031517,0.03391,0.1437685489654541,0.9984662532806396,0.0499700866639614
O13672_Q9P805,0.0031916,0.0031916,0.034063,0.40114626288414,0.9989885687828064,0.005380171816796
O94238_O14352,0.25594,0.25594,0.039906,0.3713364601135254,0.9990459084510804,0.0564292855560779
O13852_P79063,0.0031164,0.0031164,0.03368,0.686710000038147,0.0169540978968143,0.0177170783281326
P30261_P28829,0.0035671,0.0035671,0.033719,0.1636783480644226,0.0022933138534426,0.9782479405403136
O13615_P0CH07,0.0074535,0.0074535,0.063834,0.06495729833841324,0.0063129253685474,0.0360122211277484
O59702_Q9UTB6,0.0032255,0.0032255,0.033664,0.34630903601646423,0.0023245089687407,0.0147879999130964
Q09760_P08092,0.0094524,0.0094524,0.03348,0.5215654969215393,0.0062444694340229,0.0682226121425628
Q9C107_O13852,0.0031546,0.0031546,0.033829,0.047261014580726624,0.9985872507095336,0.0788915008306503
P40380_O74910,0.0033916,0.0033916,0.036903,0.14320321381092072,0.9698366522789,0.3133658766746521
P56286_P52890,0.0038808,0.0038808,0.033625,0.010103803128004074,0.0009944911580532,0.0106514561921358
P50527_Q9USV1,0.0035029,0.0035029,0.033839,0.3829647898674011,0.0032196382526308,0.6960456967353821
P32586_Q10198,0.0033878,0.0033878,0.033577,0.10579095035791397,0.015011940151453,0.8411449193954468
P33520_P40372,0.0037195,0.0037195,0.034092,0.6827771663665771,0.0031897572334855,0.004850166849792
O94276_O36027,0.0036494,0.0036494,0.034471,0.22943851351737976,0.9989927411079408,0.0478701926767826
O60158_Q9Y7J4,0.0033105,0.0033105,0.033637,0.07450380176305771,0.0036215134896337,0.045463677495718
Q1MTQ9_O13985,0.0032242,0.0032242,0.033996,0.19764995574951172,0.4006897807121277,0.0106751890853047
P0C5Y7_P12000,0.0033635,0.0033635,0.033919,0.17745883762836456,0.9988960027694702,0.0160692986100912
Q10282_P78814,0.0033231,0.0033231,0.044548,0.013946481049060822,0.0497122779488563,0.0188972726464271
P40995_P87169,0.007658,0.007658,0.033611,0.38784658908843994,0.0319048576056957,0.3534356355667114
O74555_O42932,0.14464,0.14464,0.034905,0.6796047687530518,0.0083865225315094,0.0035102171823382
O94722_P21534,0.035264,0.035264,0.036586,0.45149755477905273,0.0012454161187633,0.0166127905249595
O59755_P13681,0.0037254,0.0037254,0.056827,0.14101570844650269,0.8119596242904663,0.0395754389464855
O13802_Q1MTN3,0.0040313,0.0040313,0.036372,0.3942647874355316,0.9978577494621276,0.6255488991737366
Q9UTK6_O74511,0.0034531,0.0034531,0.042597,0.0868852511048317,0.0300027094781398,0.3024917244911194
O94321_P87323,0.0032115,0.0032115,0.033578,0.3522891700267792,0.0060902666300535,0.8805827498435974
P79065_Q1MTQ1,0.5177,0.5177,0.033762,0.14178840816020966,0.9953487515449524,0.9934694766998292
O42991_Q9UTA4,0.0035864,0.0035864,0.033616,0.16297148168087006,0.9990515112876892,0.3401126563549042
O74517_Q9URX6,0.021875,0.021875,0.046335,0.1379658579826355,0.998906135559082,0.9770557880401612
O13688_O74955,0.003699,0.003699,0.033899,0.27867215871810913,0.0043768575415015,0.1773869097232818
Q9P7W4_O43120,0.0033245,0.0033245,0.037851,0.3594798147678375,0.0073137446306645,0.1733187288045883
P0CT60_P78774,0.003516,0.003516,0.037414,0.2027832567691803,0.0406981110572814,0.070593312382698
P12000_Q10067,0.003198,0.003198,0.033854,0.2230769246816635,0.9982494711875916,0.1735746711492538
Q10134_P41410,0.0039936,0.0039936,0.033741,0.854911744594574,0.9987322688102722,0.0679910257458686
Q10113_P50527,0.010252,0.010252,0.038594,0.1102638840675354,0.9984318614006042,0.988232672214508
P36625_Q9P7Q8,0.0031753,0.0031753,0.034008,0.38771501183509827,0.0111676789820194,0.6867733597755432
O74311_Q10232,0.0031691,0.0031691,0.033531,0.1923866868019104,0.024712786078453,0.0343073904514312
O36023_Q9UT76,0.0033569,0.0033569,0.0335,0.26445141434669495,0.0006620769272558,0.0013016125885769
Q9P779_P40984,0.0041664,0.0041664,0.033658,0.010862759314477444,0.0084519507363438,0.0036712461151182
Q09882_Q9USX3,0.0033899,0.0033899,0.035354,0.20280800759792328,0.9848003387451172,0.0516758225858211
P36583_Q9UTK6,0.0067515,0.0067515,0.034789,0.06954704970121384,0.0056696124374866,0.5287835597991943
Q9US59_O13685,0.019347,0.019347,0.035052,0.13781151175498962,0.0482708364725112,0.052511341869831
P04910_P46595,0.019761,0.019761,0.035709,0.008840235881507397,0.0091904979199171,0.0006296802894212
Q10317_Q9USP0,0.003316,0.003316,0.033647,0.09618119150400162,0.1764395087957382,0.0393903329968452
O94244_P27584,0.0033193,0.0033193,0.033716,0.10326401144266129,0.0028595891781151,0.0026179859414696
P87126_Q09882,0.0037818,0.0037818,0.036865,0.2756263017654419,0.9988490343093872,0.8230937719345093
O94705_P50582,0.0037306,0.0037306,0.033507,0.7587039470672607,0.0054728989489376,0.0005529082845896
O74988_P26306,0.0033443,0.0033443,0.033525,0.13887527585029602,0.0244671832770109,0.0007130450685508
Q9UUM2_P87027,0.0041001,0.0041001,0.033463,0.24070537090301514,0.9521618485450744,0.2405150830745697
Q1MTQ1_O13684,0.058963,0.058963,0.03366,0.18146860599517822,0.0179163552820682,0.9854536056518556
P32390_P78774,0.0036421,0.0036421,0.15096,0.15677423775196075,0.997706651687622,0.4635490477085113
Q12126_Q9P6Q6,0.0032964,0.0032964,0.033883,0.17460712790489197,0.0437724106013774,0.463455319404602
A6X980_P87176,0.0031817,0.0031817,0.033772,0.04979778081178665,0.9985615611076356,0.9685974717140198
O74771_O75001,0.0055972,0.0055972,0.034035,0.017078032717108727,0.0163440536707639,0.0270103905349969
O94476_O94285,0.0031981,0.0031981,0.034811,0.10547798126935959,0.0028704009018838,0.0123314009979367
O42634_Q9Y7L8,0.0037223,0.0037223,0.044903,0.3302881717681885,0.0051167234778404,0.0408411398530006
P87050_Q96TL7,0.0037773,0.0037773,0.033916,0.36813169717788696,0.9989581108093262,0.9904852509498596
O00102_Q07538,0.009228,0.009228,0.034991,0.19070303440093994,0.997306227684021,0.0070826360024511
O74991_P79065,0.003979,0.003979,0.033858,0.20899295806884766,0.998513400554657,0.277755469083786
Q9P7T4_P25457,0.00402,0.00402,0.035994,0.31943443417549133,0.998723566532135,0.97668194770813
Q9UUI1_Q9Y7M4,0.20291,0.20291,0.80465,0.3823225498199463,0.9990849494934082,0.9969434142112732
Q09196_Q09825,0.003467,0.003467,0.038254,0.37804949283599854,0.001711010816507,0.0038072983734309
Q10428_O94616,0.0032078,0.0032078,0.034688,0.01555513683706522,0.0059790210798382,0.001465891720727
Q09823_O74433,0.0031847,0.0031847,0.033636,0.6942664384841919,0.0122974961996078,0.0003741937107406
O59800_O36027,0.0033303,0.0033303,0.035414,0.24491971731185913,0.9987671375274658,0.1978346854448318
Q10430_P26306,0.0031658,0.0031658,0.03368,0.1461242437362671,0.9989526271820068,0.1463532596826553
Q9UTB6_P40372,0.005792,0.005792,0.038521,0.3650449216365814,0.0104375528171658,0.017458289861679
P40377_O13615,0.0034197,0.0034197,0.049594,0.16560330986976624,0.0259917564690113,0.0316476561129093
Q9P7E0_Q09823,0.0032958,0.0032958,0.033574,0.013018959201872349,0.0077477791346609,0.0004425439983606
O14010_P56523,0.0032589,0.0032589,0.033672,0.0946538895368576,0.0881514623761177,0.0084770154207944
P50524_O42995,0.0032074,0.0032074,0.036436,0.5410102009773254,0.0391722507774829,0.8874580264091492
Q10169_Q9Y794,0.0048023,0.0048023,0.042085,0.5377910733222961,0.0031996672041714,0.049819815903902
O42932_Q03392,0.0036924,0.0036924,0.036595,0.283781498670578,0.0110593186691403,0.0153337456285953
Q9P6Q6_O94620,0.0031679,0.0031679,0.036528,0.0106879323720932,0.0275298710912466,0.0964987054467201
O14329_Q10108,0.0036112,0.0036112,0.033521,0.6427415013313293,0.0038599078543484,0.002621280029416
O43036_O74986,0.0032311,0.0032311,0.033593,0.1765262633562088,0.998954176902771,0.0293191578239202
Q9P7B8_P33886,0.0033829,0.0033829,0.033535,0.17710909247398376,0.0083501655608415,0.2713153064250946
O94609_P05767,0.0053206,0.0053206,0.034371,0.004450639709830284,0.9984917640686036,0.6564549207687378
Q10103_A6X980,0.0033277,0.0033277,0.034295,0.03552525117993355,0.9987045526504515,0.8580530285835266
Q09330_Q09823,0.0048015,0.0048015,0.035807,0.0393483005464077,0.364069253206253,0.0268670879304409
O42709_P32372,0.0033674,0.0033674,0.03422,0.2860446274280548,0.9988927245140076,0.917022466659546
O94752_P36601,0.0039029,0.0039029,0.033831,0.09565640985965729,0.0012876401888206,0.0060763703659176
O74825_Q9UUB7,0.0032761,0.0032761,0.036203,0.16527418792247772,0.9990156888961792,0.7483353018760681
O74465_P05764,0.0037202,0.0037202,0.033576,0.433493971824646,0.0464492253959178,0.000680177938193
Q00619_P25457,0.0037064,0.0037064,0.033471,0.5385276675224304,0.0038160795811563,0.0005795824108645
O94616_P56288,0.003574,0.003574,0.033822,0.3489328920841217,0.9979294538497924,0.9915888905525208
P17937_P78814,0.0059041,0.0059041,0.034215,0.11042125523090363,0.998945653438568,0.1741139143705368
P41412_O59767,0.0061244,0.0061244,0.033835,0.028721187263727188,0.0056085707619786,0.9001955389976501
P56288_P87050,0.0035563,0.0035563,0.03356,0.602383017539978,0.003240117104724,0.0278474111109972
O14180_O94376,0.0036722,0.0036722,0.033714,0.008147554472088814,0.999049961566925,0.0090385666117072
P40997_Q92372,0.0032824,0.0032824,0.03375,0.12489951401948929,0.9986335635185242,0.098769336938858
O43114_Q10163,0.0032434,0.0032434,0.033479,0.046945445239543915,0.0012039704015478,0.0100952601060271
P40381_Q9UTI8,0.20126,0.20126,0.11141,0.4602910876274109,0.9989952445030212,0.6436730027198792
P79063_O14352,0.005306,0.005306,0.033572,0.140409916639328,0.0369436778128147,0.181874930858612
P34208_Q9HGL6,0.0032084,0.0032084,0.033668,0.05724259838461876,0.0163012314587831,0.0048211803659796
Q9UTI3_O59793,0.0031683,0.0031683,0.033591,0.8444382548332214,0.0220751948654651,0.8764082193374634
O42975_O74531,0.022364,0.022364,0.03878,0.025517581030726433,0.0066820592619478,0.0196800380945205
O14230_O74958,0.0031463,0.0031463,0.033611,0.25859007239341736,0.0038656708784401,0.0108370436355471
O14216_O14459,0.0035292,0.0035292,0.042427,0.07227773219347,0.9989905953407288,0.0258539672940969
O94547_P30261,0.0035284,0.0035284,0.034205,0.0496940016746521,0.9970152378082277,0.6209349036216736
Q9UTI8_Q9HGQ3,0.0042947,0.0042947,0.046373,0.15643328428268433,0.00777697423473,0.0012666367692872
P78963_P33520,0.0038892,0.0038892,0.033619,0.586953341960907,0.0037510725669562,0.8785531520843506
O74399_O94668,0.0032689,0.0032689,0.034185,0.3656778037548065,0.9986971020698548,0.0192932896316051
Q9USX8_Q0E7J7,0.0034011,0.0034011,0.034089,0.13147836923599243,0.0034908361267298,0.0126578146591782
Q10159_O94309,0.0034114,0.0034114,0.033532,0.3088342547416687,0.0060871038585901,0.0028283523861318
O74398_O59767,0.0035409,0.0035409,0.03396,0.39553478360176086,0.005516065750271,0.1697642654180526
Q10330_Q09760,0.0033496,0.0033496,0.034063,0.09575150161981583,0.0179380308836698,0.0954403802752494
P40372_P48011,0.1691,0.1691,0.043233,0.23185350000858307,0.9990253448486328,0.6080862283706665
Q9UUB7_Q06182,0.0064654,0.0064654,0.034853,0.5308664441108704,0.9976955056190492,0.1199036613106727
Q92366_Q10271,0.0053824,0.0053824,0.033637,0.5413568615913391,0.9975874423980712,0.0026851503644138
Q9Y794_P87245,0.0098915,0.0098915,0.034355,0.5094601511955261,0.0053927912376821,0.5041557550430298
G2TRP5_O43080,0.0080072,0.0080072,0.070975,0.007940946146845818,0.0026222628075629,0.0012518120929598
Q53EK2_O74518,0.0031658,0.0031658,0.033534,0.019605079665780067,0.0052425852045416,0.0032130035106092
O13286_Q9USP0,0.0035074,0.0035074,0.034193,0.5913568735122681,0.0134452264755964,0.0011988201877102
Q9HGL8_O74360,0.0064081,0.0064081,0.055372,0.17409206926822662,0.0020890196319669,0.0006456502014771
Q9Y7M4_O59734,0.18341,0.18341,0.81953,0.062038883566856384,0.9990745782852172,0.9958816766738892
P36617_Q9URX6,0.0033688,0.0033688,0.033582,0.2220669686794281,0.9990776777267456,0.0117065282538533
Q10282_O74957,0.0031886,0.0031886,0.033796,0.29632192850112915,0.758755624294281,0.0186496675014495
P07657_Q9Y7M4,0.0072372,0.0072372,0.033569,0.09190262854099274,0.0006064504268579,0.0005320459022186
O59751_Q9P6R1,0.0032264,0.0032264,0.034744,0.25076016783714294,0.0036353510804474,0.0375555418431758
P04910_Q10282,0.0032263,0.0032263,0.036961,0.25455063581466675,0.99596905708313,0.008291664533317
Q10316_Q9UUJ1,0.0031678,0.0031678,0.033892,0.0530938096344471,0.9988588094711304,0.1817711144685745
O13936_O14241,0.003257,0.003257,0.033815,0.3096785843372345,0.0183246750384569,0.0206713285297155
O13988_Q9C107,0.0033122,0.0033122,0.037497,0.1596072018146515,0.999015212059021,0.0217001214623451
O13985_Q9P7B7,0.0034663,0.0034663,0.04424,0.0802096575498581,0.9931833148002625,0.4334427416324615
O94542_P87310,0.0032415,0.0032415,0.033789,0.3896510899066925,0.9989389777183532,0.1443883776664734
O94309_Q10429,0.0031896,0.0031896,0.03369,0.8208084106445312,0.0149715794250369,0.0069711063988506
Q9USG6_O13712,0.0037188,0.0037188,0.033723,0.3737275004386902,0.00168037135154,0.0560965985059738
P36614_P78794,0.0035786,0.0035786,0.06466,0.07961448282003403,0.0133633259683847,0.5090088248252869
P27584_Q10232,0.0035354,0.0035354,0.033538,0.280800461769104,0.0028523728251457,0.0013491992140188
P87306_Q9US45,0.0036493,0.0036493,0.045505,0.47910603880882263,0.9990915060043336,0.9355106353759766
Q6BDR8_O94707,0.0033694,0.0033694,0.035358,0.14315839111804962,0.0378411188721656,0.0712737292051315
O60164_P10506,0.0036391,0.0036391,0.033746,0.6632215976715088,0.0111273741349577,0.0115633802488446
O13836_Q10067,0.0032747,0.0032747,0.034894,0.2563876807689667,0.0039274641312658,0.052342090755701
P40995_P41889,0.0078475,0.0078475,0.033617,0.2191992551088333,0.001904136268422,0.974740505218506
O14170_Q09177,0.0032977,0.0032977,0.10742,0.1643872857093811,0.0079968683421611,0.0067925369367003
O43080_O13351,0.0033682,0.0033682,0.033592,0.17994438111782074,0.0035734518896788,0.0086712045595049
Q9P7P1_P40384,0.0031516,0.0031516,0.033635,0.2747304141521454,0.5206391215324402,0.0460681617259979
Q9P779_Q9UT72,0.0031966,0.0031966,0.033716,0.02858009748160839,0.0042082979343831,0.0018031038343906
Q09685_Q9Y7M4,0.0042237,0.0042237,0.036903,0.20883587002754211,0.0513531006872653,0.0212947744876146
Q09116_O13790,0.003401,0.003401,0.033469,0.37579360604286194,0.0097897863015532,0.0086886091157794
Q9UT76_O14021,0.0033524,0.0033524,0.036829,0.45042166113853455,0.0014126570895314,0.0031378262210637
Q10103_O42709,0.0034853,0.0034853,0.034928,0.05627419427037239,0.9987872242927552,0.8815546631813049
Q9UTR8_P21534,0.0039362,0.0039362,0.033498,0.6811205148696899,0.0025142771191895,0.0014056814834475
Q1MTN3_O74983,0.0087015,0.0087015,0.033751,0.3810303807258606,0.1358163505792617,0.0112142441794276
Q96WV9_Q9Y7L8,0.0050915,0.0050915,0.033743,0.08268484473228455,0.9988560676574708,0.0106802163645625
O13828_Q09116,0.0033464,0.0033464,0.033492,0.025088738650083542,0.0083074858412146,0.0810687765479087
P05501_O13877,0.0053684,0.0053684,0.033635,0.38637182116508484,0.0028655980713665,0.0113036716356873
Q10343_Q9UUC1,0.0094911,0.0094911,0.03366,0.2205154299736023,0.0020712004043161,0.0267406515777111
O14388_Q9UUJ1,0.0031908,0.0031908,0.12288,0.13120198249816895,0.9828845262527466,0.0480365753173828
P12000_O60016,0.0037791,0.0037791,0.034436,0.2082330584526062,0.998777449131012,0.6148877739906311
Q9P7V3_Q96WW3,0.003159,0.003159,0.033696,0.11062552779912949,0.0494454838335514,0.1718179434537887
P09988_Q10067,0.0031391,0.0031391,0.034391,0.7044690847396851,0.1314719319343567,0.0113352639600634
O13782_O13964,0.003391,0.003391,0.033687,0.0921710655093193,0.0065758018754422,0.095898263156414
Q09763_Q9UTE6,0.0033014,0.0033014,0.033678,0.0815383642911911,0.0018543254118412,0.0023213506210595
O74804_O13672,0.0031467,0.0031467,0.033604,0.104731984436512,0.0025000302121043,0.0146864484995603
Q10316_Q9UUM2,0.0032733,0.0032733,0.033745,0.5283613801002502,0.9986187219619752,0.4617891013622284
Q9UUJ1_P50528,0.0053653,0.0053653,0.033636,0.22207340598106384,0.0557685159146785,0.0911923125386238
P28748_Q09177,0.0035423,0.0035423,0.06742,0.05256405845284462,0.0014153968077152,0.0036903191357851
O74988_Q9P7W4,0.0032098,0.0032098,0.033538,0.04159662500023842,0.0042591588571667,0.0009089377708733
O75001_P32586,0.0034914,0.0034914,0.034191,0.39746585488319397,0.0030001269187778,0.0288108922541141
Q9US59_P07334,0.0035328,0.0035328,0.034491,0.22755318880081177,0.9987976551055908,0.464716762304306
O74558_O14097,0.0031977,0.0031977,0.03384,0.1927163004875183,0.0316100306808948,0.0971746817231178
O74518_O59734,0.0043169,0.0043169,0.033532,0.3564939498901367,0.0015808030730113,0.0008783456869423
O43080_P40384,0.0036914,0.0036914,0.033513,0.321310430765152,0.0099048009142279,0.0061585754156112
O94285_Q9Y7J4,0.015788,0.015788,0.033788,0.023892967030405998,0.99845290184021,0.0044304155744612
P04551_P87323,0.0054593,0.0054593,0.034056,0.1657201051712036,0.7423160672187805,0.1509705632925033
O13615_O42634,0.003565,0.003565,0.034042,0.3344844877719879,0.0063916905783116,0.0305940844118595
Q09170_O94620,0.0042156,0.0042156,0.0672,0.5628728866577148,0.9989438652992249,0.0554443970322608
Q9USY3_Q9UU79,0.0031785,0.0031785,0.034103,0.23587943613529205,0.0044743125326931,0.1775712817907333
P32586_P50523,0.003458,0.003458,0.033609,0.024800501763820648,0.0012369803152978,0.0005881035467609
P56288_Q6BDR8,0.0034125,0.0034125,0.033589,0.1554502248764038,0.0061320010572671,0.0236320979893207
Q9USX8_Q9USR7,0.0033622,0.0033622,0.033687,0.22977948188781738,0.0035219439305365,0.3000658452510834
P48009_O94423,0.0034335,0.0034335,0.033674,0.29288482666015625,0.0063577536493539,0.7622804045677185
O14329_P87323,0.0036591,0.0036591,0.033514,0.7400721311569214,0.0021653189323842,0.07607401907444
P29458_Q9USL5,0.0032308,0.0032308,0.033549,0.07355833798646927,0.1773129403591156,0.4081651270389557
O94668_Q10109,0.0036062,0.0036062,0.033622,0.27390366792678833,0.0016804119804874,0.2705869972705841
Q9UT46_P36583,0.0068507,0.0068507,0.034743,0.05097847804427147,0.0103864362463355,0.1777123361825943
P87312_O74978,0.0033046,0.0033046,0.035374,0.6889877915382385,0.9985893368721008,0.9837015271186828
Q9P7V3_Q09717,0.0031336,0.0031336,0.033547,0.24662427604198456,0.0177585259079933,0.0070107332430779
P07527_P50524,0.015899,0.015899,0.03354,0.011544554494321346,0.9989784955978394,0.5027820467948914
O14011_O43114,0.0032906,0.0032906,0.033709,0.09865083545446396,0.025832999497652,0.2423429489135742
O94476_Q9USU3,0.0036718,0.0036718,0.03368,0.12190640717744827,0.0014214611146599,0.0061584152281284
O13802_P87027,0.0032896,0.0032896,0.033609,0.13068963587284088,0.0053180740214884,0.0021785318385809
O74653_O13351,0.0075584,0.0075584,0.03377,0.40775442123413086,0.99870765209198,0.0054916986264288
P33886_Q9USU3,0.003553,0.003553,0.033529,0.28873905539512634,0.0031659819651395,0.0688047781586647
P56287_O14235,0.0035601,0.0035601,0.033886,0.1959344744682312,0.007713652215898,0.0248948037624359
O14036_O42661,0.090912,0.090912,0.7565,0.14144638180732727,0.999113142490387,0.9959926009178162
P04551_Q9USZ3,0.018858,0.018858,0.034118,0.18324992060661316,0.0105895111337304,0.0084422761574387
P08092_Q9C0Z9,0.0037214,0.0037214,0.033445,0.3044082820415497,0.0056663821451365,0.0332660861313343
Q09177_O13828,0.0046783,0.0046783,0.058168,0.026188421994447708,0.0043425569310784,0.0091123282909393
Q9P7M3_O13852,0.0031199,0.0031199,0.033959,0.44262921810150146,0.8090633153915405,0.0341910235583782
O14352_Q03392,0.004311,0.004311,0.046715,0.20921257138252258,0.9988105297088624,0.0541027002036571
Q09892_P41412,0.0060099,0.0060099,0.033953,0.8117020726203918,0.044187843799591,0.0059232162311673
Q09906_O13790,0.0035381,0.0035381,0.033518,0.24579304456710815,0.0010178238153457,0.0095625380054116
O36019_O14339,0.0046548,0.0046548,0.03378,0.15487606823444366,0.9988555908203124,0.0103183165192604
Q10317_O94244,0.0032918,0.0032918,0.034694,0.1873437464237213,0.0042913751676678,0.1107942536473274
O94646_O60052,0.0042958,0.0042958,0.033627,0.14802569150924683,0.0066448030993342,0.0275863632559776
O94476_P0CU09,0.003122,0.003122,0.033645,0.12505413591861725,0.0030522672459483,0.0417703129351139
O94285_O74955,0.0031197,0.0031197,0.033681,0.009509357623755932,0.0007702105795033,0.0167985036969184
Q10322_Q1MTQ1,0.0033331,0.0033331,0.034595,0.21661391854286194,0.0450396127998828,0.9435258507728576
O60129_Q9P7J8,0.0039363,0.0039363,0.035024,0.6052472591400146,0.9987975358963012,0.3705750405788421
Q9Y7Z1_P32390,0.0032044,0.0032044,0.038218,0.08797413855791092,0.0099542830139398,0.0996298789978027
P50527_Q10193,0.012252,0.012252,0.036598,0.315358430147171,0.01233337726444,0.0334807932376861
O74771_O94717,0.0032504,0.0032504,0.034179,0.031249314546585083,0.0093515599146485,0.4316455721855163
Q10169_O42905,0.0039932,0.0039932,0.039959,0.2240266501903534,0.9977139234542848,0.1527101993560791
P79063_Q9UT32,0.0033491,0.0033491,0.033576,0.10053224861621857,0.9981510043144226,0.2330786287784576
P07657_O42995,0.0035426,0.0035426,0.033712,0.08545137196779251,0.0018737447680905,0.0027086960617452
O94698_O74533,0.0033303,0.0033303,0.033757,0.18388237059116364,0.0231770481914281,0.1537450850009918
P40996_Q01112,0.0035943,0.0035943,0.046759,0.3056699335575104,0.5784750580787659,0.1042873263359069
O42709_P29458,0.0032604,0.0032604,0.038776,0.10413388162851334,0.9007322788238524,0.8923451900482178
P33520_Q09924,0.0032265,0.0032265,0.033652,0.24127914011478424,0.0031344753224402,0.0337046645581722
O13790_O14170,0.0034502,0.0034502,0.03397,0.009753556922078133,0.0387885831296443,0.7785442471504211
O13988_P0CG72,0.0057243,0.0057243,0.033863,0.23282985389232635,0.0443758778274059,0.016521381214261
P36614_P41410,0.0040227,0.0040227,0.069235,0.042732369154691696,0.3638185560703277,0.1374595910310745
Q09906_O13681,0.10687,0.10687,0.063303,0.624690055847168,0.0038136262446641,0.269480437040329
O74398_O94238,0.0099287,0.0099287,0.035234,0.15004241466522217,0.0030205156654119,0.0083271069452166
O74774_P08647,0.0035927,0.0035927,0.37148,0.020681189373135567,0.0022503747604787,0.0037219454534351
Q9USV3_Q09808,0.0031578,0.0031578,0.033611,0.35012778639793396,0.9990538954734802,0.0926790237426757
P36616_O13370,0.0052213,0.0052213,0.035381,0.38836565613746643,0.995098888874054,0.3496333360671997
P87238_Q09772,0.0032688,0.0032688,0.033599,0.1970011442899704,0.00816813390702,0.0567411258816719
Q92352_Q9UT86,0.0031416,0.0031416,0.033553,0.3560735881328583,0.9985902905464172,0.0049872836098074
Q9HGQ3_P50530,0.0037752,0.0037752,0.036039,0.13182596862316132,0.0076983673498034,0.0685984939336776
O74517_P04688,0.0038523,0.0038523,0.03686,0.17858295142650604,0.076113224029541,0.1026957333087921
Q06182_O94658,0.0049417,0.0049417,0.034539,0.05790724232792854,0.9989203214645386,0.8148446679115295
P41889_Q9URX6,0.0032494,0.0032494,0.033573,0.6915480494499207,0.0545745454728603,0.1138130202889442
O13672_P10815,0.0035037,0.0035037,0.034199,0.3486877977848053,0.998291552066803,0.2307937294244766
O59702_Q9P7M1,0.0032151,0.0032151,0.033754,0.34446966648101807,0.9986164569854736,0.0494934320449829
Q9Y7M6_O74983,0.0032869,0.0032869,0.033461,0.07079260796308517,0.0047089895233511,0.0021262010559439
Q9P7B7_P06652,0.0033464,0.0033464,0.034969,0.13390575349330902,0.0064319535158574,0.0090475054457783
O14098_Q9P7M1,0.0034261,0.0034261,0.034223,0.287029504776001,0.998808979988098,0.9465736150741576
O94288_Q10103,0.0034811,0.0034811,0.034977,0.10923010110855103,0.9986018538475036,0.8173732161521912
Q10271_O13936,0.0033341,0.0033341,0.0337,0.13382337987422943,0.0030541094020009,0.0056331460364162
P79063_O00102,0.0058654,0.0058654,0.033556,0.03330950066447258,0.0639882087707519,0.0106457378715276
O74991_Q9USR7,0.0031611,0.0031611,0.033508,0.5731518864631653,0.0049546812660992,0.0146837094798684
P87074_Q09823,0.0042032,0.0042032,0.046677,0.17499560117721558,0.9986423850059508,0.9885286688804626
O59793_O13688,0.0036436,0.0036436,0.03428,0.252419650554657,0.9990239143371582,0.9914196729660034
P09988_P36618,0.003179,0.003179,0.033639,0.29322001338005066,0.0166795272380113,0.0078040277585387
P36625_Q9USU3,0.0033026,0.0033026,0.03376,0.07372156530618668,0.0059229331091046,0.0754341185092926
O43120_Q10366,0.0035877,0.0035877,0.035019,0.1388298124074936,0.0019094177987426,0.0110768917948007
P01129_P41005,0.0033393,0.0033393,0.033796,0.1479993313550949,0.0228686276823282,0.5728228688240051
Q9UT86_O94276,0.007733,0.007733,0.55324,0.5592105984687805,0.9979268312454224,0.020485196262598
Q10134_O74560,0.0033478,0.0033478,0.033686,0.18669761717319489,0.9734461307525636,0.3927838206291199
O42634_P79010,0.0050031,0.0050031,0.03434,0.6413067579269409,0.0124531472101807,0.004152706824243
Q10159_P87312,0.021251,0.021251,0.033564,0.0917777344584465,0.0048718536272645,0.8788779377937317
Q9UUJ1_P41887,0.16042,0.16042,0.037119,0.09491344541311264,0.0106963720172643,0.0085024666041135
Q11120_P34208,0.0033046,0.0033046,0.033688,0.7458322644233704,0.0095139620825648,0.0187707263976335
Q10429_O43036,0.0031312,0.0031312,0.033593,0.10888906568288803,0.0248487815260887,0.0245672203600406
O94444_Q10056,0.0043315,0.0043315,0.033518,0.013859345577657223,0.9972426891326904,0.1002484485507011
Q96TL7_P87173,0.004222,0.004222,0.033784,0.07841319590806961,0.999042809009552,0.0195147134363651
O74991_O74555,0.0032316,0.0032316,0.036955,0.00614776648581028,0.0260165277868509,0.0137445963919162
O74560_P40377,0.0034512,0.0034512,0.035716,0.5431228280067444,0.0094237551093101,0.0457919687032699
O94556_O36023,0.0036473,0.0036473,0.033537,0.10334387421607971,0.0016231392510235,0.0648351311683654
Q10193_Q9UTK6,0.0037192,0.0037192,0.034073,0.44257643818855286,0.9896903038024902,0.0848598331212997
Q9USP0_Q10192,0.004016,0.004016,0.033844,0.5634849071502686,0.9990979433059692,0.0040644300170242
P14575_O42661,0.0036978,0.0036978,0.033562,0.023572977632284164,0.00334879825823,0.005624197423458
P40997_O36023,0.0034087,0.0034087,0.033488,0.8141438961029053,0.0014464207924902,0.1645102053880691
Q6BDR8_O59800,0.0032471,0.0032471,0.033864,0.5510669350624084,0.0090320343151688,0.1131725683808326
O14079_P0CU09,0.00313,0.00313,0.033908,0.26659032702445984,0.996665894985199,0.4331631064414978
O13728_O94616,0.0032502,0.0032502,0.033523,0.07340583205223083,0.0012988824164494,0.0017966809682548
Q10322_P01129,0.0032282,0.0032282,0.034164,0.18767844140529633,0.0218151155859231,0.7497935891151428
O74825_Q9UTP0,0.0043884,0.0043884,0.038885,0.1713319569826126,0.9894524812698364,0.2211946249008178
O14011_O14329,0.0032988,0.0032988,0.033577,0.07009648531675339,0.015798058360815,0.0391955561935901
O74536_O75001,0.0066955,0.0066955,0.034653,0.11706069856882095,0.1322496235370636,0.0058626141399145
O74983_Q0E7J7,0.0041219,0.0041219,0.033544,0.40640297532081604,0.005153349135071,0.0028390288352966
Q9P7R9_O74471,0.019312,0.019312,0.033592,0.6192639470100403,0.0056447316892445,0.0231075081974267
P41889_Q9US59,0.003742,0.003742,0.034475,0.38224491477012634,0.0148712480440735,0.0113380374386906
O14350_P87123,0.0040056,0.0040056,0.034617,0.35435014963150024,0.998953342437744,0.5014171600341797
O14036_P78814,0.085199,0.085199,0.035732,0.3042532503604889,0.0411865338683128,0.0089700538665056
Q9Y738_Q9Y821,0.010076,0.010076,0.033989,0.4315274953842163,0.99905663728714,0.990132451057434
Q9UTI3_Q92462,0.0032744,0.0032744,0.033678,0.008115745149552822,0.0012201842619106,0.0032700593583285
O74471_O13684,0.0032807,0.0032807,0.033533,0.06803778558969498,0.0095235239714384,0.000768924714066
Q9Y7J4_O94684,0.0031528,0.0031528,0.033618,0.18411295115947723,0.0171509608626365,0.0501951836049556
O94534_Q9URY2,0.017472,0.017472,0.034077,0.4277622699737549,0.9978126287460328,0.8677428364753723
Q9P6Q6_Q9USH1,0.0038549,0.0038549,0.034363,0.7400522828102112,0.999046266078949,0.4993303418159485
Q10316_Q09906,0.0041103,0.0041103,0.033547,0.14905501902103424,0.003637405578047,0.0059054284356534
O94263_Q4PIR3,0.0043265,0.0043265,0.034752,0.2236092984676361,0.9990695118904114,0.4213747382164001
O74465_P41412,0.0033237,0.0033237,0.034257,0.12714223563671112,0.0253180768340826,0.2041753977537155
O74433_Q10430,0.0031503,0.0031503,0.033571,0.12325869500637054,0.0049842866137623,0.0012584602227434
O94603_O59734,0.0073748,0.0073748,0.034324,0.24525202810764313,0.0213011484593153,0.0114742359146475
O14343_Q10317,0.0034377,0.0034377,0.033796,0.1275417059659958,0.0092623271048069,0.1982195675373077
Q6BDR8_Q09127,0.0035264,0.0035264,0.034561,0.15261529386043549,0.0042944122105836,0.0115638868883252
Q10585_P36614,0.0033443,0.0033443,0.036052,0.14654546976089478,0.3288991451263428,0.1435790657997131
O74499_Q09819,0.0045674,0.0045674,0.034006,0.4305422306060791,0.9977570176124572,0.0047050509601831
O13681_O14170,0.003305,0.003305,0.033976,0.004749692510813475,0.0048575140535831,0.9721896052360536
P0CF96_Q10056,0.01964,0.01964,0.033615,0.7770269513130188,0.0341887474060058,0.0057627125643193
Q09933_Q7LL14,0.0036157,0.0036157,0.03419,0.1251375526189804,0.0306535698473453,0.4063292443752289
P78761_P04910,0.004335,0.004335,0.033562,0.10727614164352417,0.007992835715413,0.0129561880603432
Q9UT32_O14399,0.0047635,0.0047635,0.036626,0.28977105021476746,0.0184649135917425,0.0033948421478271
O74988_Q9P7E0,0.023577,0.023577,0.20754,0.466665118932724,0.999019980430603,0.9740675091743468
Q9Y7M6_Q9P7J8,0.0032164,0.0032164,0.033559,0.145883709192276,0.0253486651927232,0.0135360704734921
Q0E7J7_O42905,0.0035903,0.0035903,0.034116,0.705512285232544,0.9990549683570862,0.8005048036575317
P09322_O94707,0.004498,0.004498,0.035644,0.09066945314407349,0.998948872089386,0.0128394300118088
Q96TL7_Q9UUB5,0.0032623,0.0032623,0.034168,0.2531644403934479,0.9989866614341736,0.5296712517738342
P87312_O13672,0.0032077,0.0032077,0.03356,0.5269426107406616,0.9990027546882628,0.9609031081199646
P40384_P78789,0.0035302,0.0035302,0.03362,0.048684000968933105,0.0010264281881973,0.0472355484962463
P56523_P0CT60,0.0033413,0.0033413,0.033611,0.619562566280365,0.001559826079756,0.0110422670841217
O74175_O75001,0.0032741,0.0032741,0.033823,0.1279125213623047,0.9964326620101928,0.0297141410410404
O14098_O43080,0.0035692,0.0035692,0.033506,0.45109859108924866,0.0462430939078331,0.0237446427345275
O13615_O42932,0.0032377,0.0032377,0.033889,0.5198183655738831,0.0028410058002918,0.0554973371326923
Q10232_O42844,0.0037504,0.0037504,0.0402,0.20446398854255676,0.0202168505638837,0.0143465744331479
Q9UUB7_Q10366,0.004553,0.004553,0.033733,0.20188535749912262,0.9988006353378296,0.0261071380227804
P41889_Q09916,0.0039141,0.0039141,0.034636,0.297979474067688,0.9989581108093262,0.4971398711204529
Q09683_Q09154,0.0043841,0.0043841,0.033599,0.3349975645542145,0.0034942380152642,0.0031123189255595
Q09717_Q9UUJ4,0.0032646,0.0032646,0.033615,0.23855279386043549,0.0100723411887884,0.0145851541310548
Q9USZ6_O74986,0.0033613,0.0033613,0.033589,0.299588680267334,0.0061668758280575,0.0830545574426651
O94316_Q92366,0.013822,0.013822,0.04922,0.059283316135406494,0.9989270567893982,0.214749664068222
Q9P7F9_P08092,0.0037787,0.0037787,0.050977,0.15613389015197754,0.0035172177013009,0.0057389517314732
O74653_O14339,0.0039611,0.0039611,0.034087,0.08485126495361328,0.0568633526563644,0.0131864370778203
O94276_Q9P779,0.0032987,0.0032987,0.033959,0.036364633589982986,0.1235795393586158,0.1128587201237678
O74517_P40372,0.033068,0.033068,0.11404,0.16146187484264374,0.998895525932312,0.8901950716972351
Q9USP9_O42832,0.0038912,0.0038912,0.035453,0.024457374587655067,0.0159273780882358,0.1002906262874603
Q10430_Q9USL5,0.0031425,0.0031425,0.03354,0.7058323621749878,0.998092234134674,0.132493570446968
P28829_Q9UT52,0.027086,0.027086,0.034052,0.28480497002601624,0.0047253766097128,0.3672845959663391
O59945_O13351,0.0033864,0.0033864,0.0336,0.3724187910556793,0.9953492283821106,0.1085505783557891
Q10192_Q9P784,0.015032,0.015032,0.28025,0.5038793683052063,0.9990140199661256,0.997077703475952
Q09924_O94316,0.003276,0.003276,0.036674,0.6745914220809937,0.9976391792297364,0.317180335521698
Q9HDY7_Q9P779,0.0033065,0.0033065,0.035464,0.2243676632642746,0.0024836950469762,0.0898544788360595
P87314_Q9P6M0,0.0035967,0.0035967,0.044509,0.0042218416929244995,0.998935878276825,0.1943085491657257
O14246_O74904,0.0051551,0.0051551,0.033955,0.22980770468711853,0.6271095275878906,0.0018189698457717
P10506_O74533,0.0034282,0.0034282,0.034711,0.14236102998256683,0.0024908112827688,0.0034957742318511
O74558_P87159,0.003206,0.003206,0.033786,0.3847598135471344,0.0292133465409278,0.6719698905944824
Q9Y7J4_Q09196,0.0031861,0.0031861,0.033504,0.49013209342956543,0.0048280949704349,0.0120674893260002
O13852_P87027,0.0032009,0.0032009,0.033469,0.257077157497406,0.0081308251246809,0.021085662767291
Q9UTA4_O42846,0.0039126,0.0039126,0.035005,0.24866752326488495,0.9990761280059814,0.1676845699548721
Q9UUA8_O74747,0.0031942,0.0031942,0.033619,0.4748951196670532,0.9990026354789734,0.0045899860560894
P0CT60_Q92358,0.0032023,0.0032023,0.033594,0.5711612701416016,0.0273621268570423,0.0332174859941005
O74653_Q9P802,0.0033914,0.0033914,0.033565,0.6498377919197083,0.0915329232811927,0.0071300617419183
O14098_Q09892,0.035198,0.035198,0.22721,0.39710161089897156,0.998988926410675,0.9690395593643188
Q10429_Q9USL5,0.003159,0.003159,0.033597,0.04600539058446884,0.0406040623784065,0.7155011892318726
P0CT70_Q9P7B8,0.0051024,0.0051024,0.041972,0.08175205439329147,0.0335461162030696,0.1104468032717704
O14235_Q9P7Y4,0.0033849,0.0033849,0.033862,0.11681754142045975,0.0044350302778184,0.0153727512806653
O94542_Q9P805,0.0031983,0.0031983,0.034231,0.16469191014766693,0.4854649305343628,0.8537893891334534
P36595_Q92372,0.0052251,0.0052251,0.052632,0.42029350996017456,0.9990476965904236,0.131529614329338
P52890_O14343,0.0061838,0.0061838,0.033564,0.5871521234512329,0.0842920020222663,0.9533221125602722
Q09150_P41411,0.0032372,0.0032372,0.033843,0.2224266082048416,0.0445583052933216,0.0148800304159522
P87176_P87051,0.0032396,0.0032396,0.033665,0.27819499373435974,0.9988139867782592,0.0028692763298749
P79010_Q09822,0.0034862,0.0034862,0.033582,0.09779275953769684,0.0024120546877384,0.0020923723932355
O94244_P17937,0.0052683,0.0052683,0.050906,0.05862586945295334,0.998748779296875,0.9410585165023804
Q9UT72_O13877,0.006682,0.006682,0.036736,0.21503658592700958,0.0157047789543867,0.0006984306382946
Q9HE05_Q9UT52,0.0039421,0.0039421,0.045163,0.14519236981868744,0.0207803416997194,0.0041835592128336
Q9UTE6_O14269,0.0044828,0.0044828,0.03382,0.2359589785337448,0.0587672553956508,0.0627923905849456
O74518_O59945,0.0031646,0.0031646,0.033602,0.005805589258670807,0.0011597626144066,0.0144884027540683
Q9UTS6_Q92352,0.0031644,0.0031644,0.033749,0.7919184565544128,0.004852648358792,0.0514261126518249
P48011_Q9URY2,0.0038736,0.0038736,0.033424,0.8477438688278198,0.0014675208367407,0.0017486138967797
O43070_P21135,0.003408,0.003408,0.035855,0.35703855752944946,0.9986423850059508,0.9193828105926514
Q9US45_Q9UT76,0.0034054,0.0034054,0.033645,0.31753677129745483,0.005050356965512,0.019363135099411
Q09823_O14318,0.0032717,0.0032717,0.035664,0.07070343941450119,0.0324692577123642,0.5989152193069458
O42978_Q10343,0.0044771,0.0044771,0.033579,0.09903036803007126,0.0014168776106089,0.0075290077365934
O94360_O94450,0.0031472,0.0031472,0.033719,0.3315311372280121,0.0021016742102801,0.0006439203280024
Q9P7Y4_O74904,0.0033579,0.0033579,0.03355,0.273847758769989,0.0248694438487291,0.0043626865372061
Q9HGQ3_P78814,0.0035939,0.0035939,0.042008,0.39040133357048035,0.0064053144305944,0.0009022656595334
P42656_P79005,0.0098083,0.0098083,0.033745,0.17980916798114777,0.0168869625777006,0.0272862017154693
Q9P7X1_Q7LL14,0.0034302,0.0034302,0.034007,0.33524543046951294,0.0028081375639885,0.002237232401967
O14170_Q9Y709,0.0033822,0.0033822,0.034498,0.44843989610671997,0.9989683628082277,0.8995068073272705
O36019_O74978,0.004734,0.004734,0.034075,0.016556935384869576,0.9833027720451356,0.0924115553498268
P87314_Q09150,0.0033754,0.0033754,0.23279,0.01794286258518696,0.9988970756530762,0.0326198786497116
O74957_P36629,0.0034772,0.0034772,0.03389,0.2522214651107788,0.0071739880368113,0.0379250347614288
O14241_O74854,0.0032905,0.0032905,0.033796,0.47909075021743774,0.0038776574656367,0.0282041952013969
Q9UTR8_Q09882,0.0032937,0.0032937,0.034903,0.5355886816978455,0.9988443851470948,0.2118198424577713
Q09819_P40371,0.0033375,0.0033375,0.033684,0.7292090654373169,0.0017707363003864,0.0268879514187574
Q9P7M1_Q9Y818,0.017299,0.017299,0.033563,0.2838932275772095,0.0066151735372841,0.0054994253441691
O13826_Q10169,0.0037381,0.0037381,0.04595,0.6018182039260864,0.9988310933113098,0.9878387451171876
P87027_Q9P7J8,0.0036475,0.0036475,0.04838,0.019526846706867218,0.9978862404823304,0.0101190516725182
Q09858_P87231,0.0032683,0.0032683,0.033587,0.21308405697345734,0.0159083995968103,0.0335709266364574
Q9P7R9_P87074,0.0037633,0.0037633,0.033662,0.21902361512184143,0.9980759620666504,0.539227306842804
Q9Y7U4_O60129,0.0033092,0.0033092,0.034341,0.4595282971858978,0.9989919066429138,0.6162320375442505
P79015_O59680,0.0037554,0.0037554,0.033633,0.2942855954170227,0.998939335346222,0.0041509889997541
O00102_Q9C107,0.010059,0.010059,0.061894,0.09199719876050949,0.1399169415235519,0.0042536943219602
P10815_P40848,0.0033809,0.0033809,0.033883,0.5727785229682922,0.0099694933742284,0.7383353114128113
P50523_O75011,0.0039542,0.0039542,0.033522,0.5511947870254517,0.0036401629913598,0.0003018604766111
Q9P784_Q9Y7M6,0.0031655,0.0031655,0.033447,0.6694762110710144,0.0454220473766326,0.5673214793205261
P48009_Q874R3,0.0034008,0.0034008,0.033486,0.6124266982078552,0.0017703148769214,0.0311220623552799
Q9HGQ3_Q0E7J7,0.0036025,0.0036025,0.034783,0.7710157036781311,0.0503433421254158,0.0057217655703425
P50524_Q9Y709,0.0032718,0.0032718,0.034041,0.4539945423603058,0.9984229803085328,0.0102800745517015
O14021_O94668,0.0033781,0.0033781,0.034423,0.29708385467529297,0.995554506778717,0.0148181933909654
Q9P7V3_O74309,0.0032556,0.0032556,0.03355,0.3338695764541626,0.009756252169609,0.039667822420597
O36019_O74796,0.0033556,0.0033556,0.033799,0.009342079982161522,0.9989364743232728,0.6715048551559448
Q9P7B8_Q9P6R1,0.0032327,0.0032327,0.033722,0.15819881856441498,0.0028642727993428,0.0456947460770607
P0CT77_Q09717,0.0051607,0.0051607,0.040666,0.10748755186796188,0.0273247268050909,0.0508180409669876
P09988_Q9UUE5,0.0033161,0.0033161,0.034021,0.26259997487068176,0.9990280866622924,0.0063109672628343
P87314_P50523,0.0034509,0.0034509,0.033614,0.214987114071846,0.0065944115631282,0.0006639358471147
Q92462_P33520,0.0033744,0.0033744,0.039698,0.516645073890686,0.003013971960172,0.0050931959412992
P79071_O94542,0.0054311,0.0054311,0.034501,0.18063299357891083,0.0400990396738052,0.0079768896102905
O94272_P79005,0.004953,0.004953,0.033947,0.17237840592861176,0.0232615657150745,0.0360330678522586
P36595_Q10169,0.038748,0.038748,0.82907,0.25066083669662476,0.99838387966156,0.1323302537202835
Q9UUB5_O74465,0.0032362,0.0032362,0.034026,0.00195954623632133,0.0535113140940666,0.0084134945645928
O74309_O75011,0.0038031,0.0038031,0.034243,0.1881442815065384,0.6846759915351868,0.9776791334152222
O13852_Q9P7X1,0.0032549,0.0032549,0.03358,0.1094038337469101,0.0013318996643647,0.0114509211853146
P09988_O13953,0.01199,0.01199,0.04487,0.45152750611305237,0.9988648891448976,0.0355264097452163
Q9P6M0_Q09683,0.0039111,0.0039111,0.036726,0.10057010501623154,0.998940408229828,0.1504541039466858
P41887_P05501,0.0033712,0.0033712,0.033672,0.10823285579681396,0.002600529929623,0.0013623336562886
Q09819_O59680,0.0036777,0.0036777,0.033654,0.1554153710603714,0.0077979927882552,0.0007246392196975
P50523_P56287,0.003628,0.003628,0.033562,0.17650681734085083,0.0017762157367542,0.0022020328324288
P14575_Q9P7B8,0.0041087,0.0041087,0.033531,0.17459546029567719,0.0114280907437205,0.001514267292805
Q9P7T4_P36616,0.003464,0.003464,0.034744,0.44444096088409424,0.9988320469856262,0.5498242378234863
O42846_O74986,0.0047842,0.0047842,0.036191,0.4780900478363037,0.0253374706953763,0.0121929664164781
O60104_O42932,0.24394,0.24394,0.033811,0.334909051656723,0.0057295155711472,0.062971793115139
Q10317_Q10163,0.004156,0.004156,0.034089,0.05365884676575661,0.9990494847297668,0.0055775204673409
O94752_O13964,0.0031466,0.0031466,0.033604,0.22592167556285858,0.0072432523593306,0.043510939925909
O42975_Q9P7B7,0.0032221,0.0032221,0.035325,0.14453257620334625,0.4983913898468017,0.7544680833816528
Q9UTP0_O13936,0.0090081,0.0090081,0.037141,0.09524045884609222,0.0198043026030063,0.7055137753486633
Q10951_P36614,0.0036802,0.0036802,0.053705,0.5030525922775269,0.9989442229270936,0.938989758491516
Q09819_O74531,0.0035347,0.0035347,0.03415,0.3423299491405487,0.0089558772742748,0.0536237619817256
Q92358_Q03392,0.0031481,0.0031481,0.033606,0.29624760150909424,0.0509157106280326,0.008617902174592
Q9UUB5_O74536,0.0033348,0.0033348,0.034934,0.09433766454458237,0.0157344583421945,0.0527403727173805
O14246_Q6BDR8,0.0034814,0.0034814,0.035575,0.39279818534851074,0.0730369389057159,0.0233535580337047
P54789_Q09717,0.0037351,0.0037351,0.034052,0.06819743663072586,0.0091995680704712,0.0863554999232292
O59751_P87309,0.0032999,0.0032999,0.036431,0.47297847270965576,0.0038543932605534,0.1488305032253265
O13310_O74558,0.0033924,0.0033924,0.033599,0.6724779009819031,0.0317372530698776,0.1124231591820716
O74465_O14329,0.004636,0.004636,0.033541,0.09072960168123245,0.0153540987521409,0.000941818463616
O13286_O74983,0.0091942,0.0091942,0.036268,0.4915158152580261,0.0568893775343894,0.0038018350023776
P05764_O14343,0.0038454,0.0038454,0.033515,0.17664691805839539,0.0095624160021543,0.0004137379291933
O13777_P87027,0.0033272,0.0033272,0.033456,0.22581392526626587,0.0034247422590851,0.2897604405879974
Q10429_Q9URY0,0.0041396,0.0041396,0.039452,0.5753583908081055,0.9827383160591124,0.349490225315094
P52890_O60150,0.0032791,0.0032791,0.033686,0.27167177200317383,0.0179812423884868,0.052699152380228
P05501_Q9P7X1,0.013989,0.013989,0.45644,0.4051213562488556,0.9988422989845276,0.8140154480934143
Q4PIR3_Q09761,0.0039152,0.0039152,0.034744,0.007074702996760607,0.9990261793136596,0.862333357334137
O74533_Q9US59,0.003345,0.003345,0.033769,0.0033860476687550545,0.0017723080236464,0.1380233317613601
O14010_O13688,0.0043961,0.0043961,0.033821,0.14376942813396454,0.9991017580032348,0.5447256565093994
Q9P7E0_P29458,0.0036072,0.0036072,0.033508,0.2640727162361145,0.0021218643523752,0.0004752344393637
O43071_P87051,0.0056754,0.0056754,0.13204,0.7852941751480103,0.9986718893051147,0.0018498324789106
Q9P7P2_O14140,0.015856,0.015856,0.034774,0.07436724007129669,0.0440048351883888,0.1828605085611343
O13802_O74399,0.0054907,0.0054907,0.04605,0.1715860515832901,0.9988239407539368,0.996180772781372
O43036_O74895,0.0032212,0.0032212,0.033574,0.5732497572898865,0.9990479350090028,0.013400474563241
O74910_Q96WW3,0.0061875,0.0061875,0.037815,0.0555337518453598,0.9980090260505676,0.9942512512207032
P49731_P30261,0.0032298,0.0032298,0.037327,0.16725729405879974,0.0197986792773008,0.96414452791214
O74983_O94616,0.0045197,0.0045197,0.033871,0.2455388456583023,0.0254926886409521,0.0010426527587696
Q92366_P10989,0.0036683,0.0036683,0.046802,0.08579632639884949,0.9983322024345398,0.0082345940172672
P05219_Q9UUE5,0.0035321,0.0035321,0.033697,0.03576434403657913,0.6516848206520081,0.0081354603171348
P05501_P87126,0.0032882,0.0032882,0.033555,0.16887128353118896,0.0012662652879953,0.0013537071645259
P32390_Q10316,0.0031825,0.0031825,0.033632,0.0724010244011879,0.998689830303192,0.382951945066452
O14036_Q0E7J7,0.0068976,0.0068976,0.075767,0.16459859907627106,0.0021028236951678,0.0052524493075907
P40996_P0CT77,0.0047331,0.0047331,0.034553,0.7579224109649658,0.0043499213643372,0.0043393857777118
Q09808_O74772,0.0031814,0.0031814,0.061987,0.35320305824279785,0.9980044960975648,0.0091313989832997
Q9P7B8_O94272,0.0043475,0.0043475,0.033887,0.02710416540503502,0.0460783652961254,0.6006356477737427
O36019_O14180,0.0033814,0.0033814,0.033817,0.1852494180202484,0.9988558292388916,0.3885093033313751
Q1MTQ1_P50528,0.0039493,0.0039493,0.033966,0.7913085222244263,0.9910137057304382,0.9904844760894777
O43114_O42975,0.0060513,0.0060513,0.033717,0.046920642256736755,0.0053086862899363,0.223655104637146
O14235_Q9P7P2,0.0032528,0.0032528,0.033901,0.1908404678106308,0.0025592842139303,0.0099159302189946
P04551_O74517,0.0043625,0.0043625,0.034277,0.11453896015882492,0.9975923895835876,0.2442261576652526
P48011_O94547,0.0047948,0.0047948,0.03396,0.27423959970474243,0.0104939071461558,0.0185864679515361
O74955_Q09822,0.0066421,0.0066421,0.033604,0.004202214069664478,0.0021726184058934,0.0081171533092856
Q9HGL8_Q09882,0.005033,0.005033,0.045738,0.026897327974438667,0.9985619187355042,0.0347664393484592
P33520_P78946,0.0033561,0.0033561,0.033789,0.5550952553749084,0.0040759500116109,0.0035878529306501
O42995_O74471,0.0037609,0.0037609,0.033622,0.43761390447616577,0.0151421437039971,0.0028423434123396
Q06182_Q9Y7L8,0.0033502,0.0033502,0.034701,0.05474352464079857,0.0215717777609825,0.651526689529419
O94620_O74511,0.0041991,0.0041991,0.069054,0.40162307024002075,0.9979851245880128,0.2171275019645691
O42954_P01129,0.0033473,0.0033473,0.034263,0.025491271167993546,0.9850382208824158,0.9932838678359984
Q9UUM2_Q9P6Q6,0.0031809,0.0031809,0.0347,0.12088825553655624,0.996926248073578,0.93918114900589
P32390_Q9UUJ1,0.89913,0.89913,0.38589,0.025805935263633728,0.9969612956047058,0.9456668496131896
Q09176_Q9P7F9,0.0032204,0.0032204,0.03349,0.2424268275499344,0.0007399448077194,0.0006667166016995
O94722_O94408,0.0036638,0.0036638,0.03379,0.3869536817073822,0.0005609826184809,0.0004702870792243
P10989_P40848,0.0033266,0.0033266,0.034094,0.22178040444850922,0.0532874427735805,0.0202632173895835
P29458_Q09914,0.0033721,0.0033721,0.35419,0.35249295830726624,0.0024404327850788,0.004034973680973
O74895_Q09898,0.0033548,0.0033548,0.034195,0.09098925441503525,0.0515831187367439,0.052797757089138
O94534_P04688,0.012576,0.012576,0.053902,0.18904784321784973,0.9504768252372742,0.9646795988082886
O13688_P41887,0.0032017,0.0032017,0.034017,0.279369592666626,0.0278506781905889,0.0319363623857498
O74986_Q09760,0.0033552,0.0033552,0.035042,0.7139608860015869,0.000821167952381,0.0124651053920388
G2TRP5_O13978,0.0039909,0.0039909,0.034242,0.12578965723514557,0.0029978773090988,0.0011426334967836
Q9C107_O74446,0.0033383,0.0033383,0.033853,0.1529499888420105,0.9982994198799132,0.017562611028552
Q9HFE5_Q9P7T4,0.0033433,0.0033433,0.034424,0.05200676992535591,0.0058648744598031,0.0111831175163388
P05733_O59755,0.0060084,0.0060084,0.039536,0.01287045143544674,0.0128222219645977,0.0085315471515059
P32372_O94581,0.0032183,0.0032183,0.033856,0.11851393431425095,0.0219810549169778,0.001453083474189
Q10163_Q9UUC6,0.033612,0.033612,0.77131,0.3572310507297516,0.9990859031677246,0.9904555678367616
O94476_O74446,0.0096692,0.0096692,0.033613,0.08574014902114868,0.0035008427221328,0.0150560298934578
P37382_O13681,0.0040672,0.0040672,0.033634,0.3733276426792145,0.7508774399757385,0.062171135097742
Q12381_O14235,0.0035652,0.0035652,0.033697,0.34033432602882385,0.0033229188993573,0.0037633772008121
O74988_P07657,0.039716,0.039716,0.084744,0.23063024878501892,0.007637889124453,0.970088005065918
O14339_O74533,0.0086142,0.0086142,0.046417,0.22301046550273895,0.9990478157997132,0.9854222536087036
Q92462_P79005,0.0034546,0.0034546,0.033963,0.8246226906776428,0.0032611130736768,0.1644578427076339
Q9P7J8_O13836,0.0035403,0.0035403,0.034073,0.08029323071241379,0.0068182214163243,0.002935518277809
O13728_O74515,0.0040322,0.0040322,0.034389,0.3275369703769684,0.0068258647806942,0.018163563683629
Q10192_Q9HGL6,0.0040702,0.0040702,0.035419,0.2981090843677521,0.9990776777267456,0.8698699474334717
P36592_Q09196,0.0032889,0.0032889,0.033452,0.1072281152009964,0.0042860363610088,0.0032090595923364
P78963_O13978,0.0039639,0.0039639,0.033542,0.10327476263046265,0.003001409349963,0.0258178170770406
Q09760_O14318,0.003353,0.003353,0.034375,0.3854919672012329,0.0029575440566986,0.0215126518160104
P32390_Q9UU79,0.0032268,0.0032268,0.04516,0.26453709602355957,0.99871563911438,0.0506834164261817
Q92352_Q9HDY7,0.0038928,0.0038928,0.034073,0.28737878799438477,0.0069881072267889,0.8552372455596924
O60104_Q10198,0.4011,0.4011,0.033921,0.05062427744269371,0.6513354182243347,0.9851025342941284
O59755_O94272,0.0048433,0.0048433,0.033876,0.06447691470384598,0.99479877948761,0.0144451837986707
P48011_P87123,0.010351,0.010351,0.87709,0.15159696340560913,0.9990504384040833,0.0270123668015003
O14352_Q9P7A0,0.017629,0.017629,0.034005,0.1318286657333374,0.0087445275858044,0.0157997850328683
O94321_Q01112,0.0031374,0.0031374,0.033465,0.28398141264915466,0.0134168257936835,0.0143328597769141
O74991_Q9Y709,0.0033881,0.0033881,0.036185,0.3886522650718689,0.9990310668945312,0.9882043600082396
O13916_Q9P6Q0,0.0034474,0.0034474,0.033819,0.12522120773792267,0.0182695761322975,0.0422610081732273
Q10218_P33520,0.0076701,0.0076701,0.034287,0.00887411367148161,0.0150487972423434,0.951453447341919
Q09824_P0CT70,0.012699,0.012699,0.0663,0.3431582748889923,0.0095505136996507,0.007793319877237
Q09177_O94360,0.0032343,0.0032343,0.033858,0.08681416511535645,0.0008899710373952,0.0019793407991528
O94603_Q9P7Q8,0.0032422,0.0032422,0.034613,0.07144201546907425,0.0179986674338579,0.0589143522083759
O14235_Q9USZ3,0.0039139,0.0039139,0.035004,0.2221800833940506,0.0028943810611963,0.0020214498508721
Q9UUA8_Q10585,0.0031536,0.0031536,0.033529,0.10910936444997787,0.0148642072454094,0.1980052143335342
Q96WW3_P06652,0.004874,0.004874,0.036795,0.6390519142150879,0.9969027638435364,0.6447933316230774
P05767_P78946,0.74234,0.74234,0.21421,0.5465782284736633,0.918423354625702,0.9846025705337524
P09322_O14180,0.015507,0.015507,0.2971,0.1873691827058792,0.9990323781967164,0.8875623345375061
Q9P6Q6_O94376,0.0040496,0.0040496,0.034201,0.17509713768959045,0.9990645051002502,0.6601677536964417
O74555_P56523,0.0034283,0.0034283,0.033845,0.7409853935241699,0.3184133470058441,0.0251085516065359
Q12126_O14343,0.0069573,0.0069573,0.034424,0.18185728788375854,0.893988311290741,0.3027966618537903
O59767_P78972,0.0033834,0.0033834,0.034519,0.25093933939933777,0.0384376086294651,0.8691141605377197
Q9UUM2_P21534,0.0076532,0.0076532,0.033521,0.012721150182187557,0.0042144050821661,0.0013419578317552
Q9P802_O59945,0.0031481,0.0031481,0.03351,0.10488191992044449,0.0062257954850792,0.042994238436222
O14170_O74653,0.0032932,0.0032932,0.034382,0.07449816912412643,0.9987755417823792,0.9655381441116332
O94355_O13836,0.0033069,0.0033069,0.034345,0.6270320415496826,0.0372932404279708,0.0370036102831363
P87173_P50528,0.0039567,0.0039567,0.033598,0.07291662693023682,0.0021615927107632,0.1476965695619583
O14180_P26306,0.0032452,0.0032452,0.033652,0.0949464738368988,0.998946249485016,0.0581945329904556
P78774_Q9UUM2,0.004599,0.004599,0.037544,0.24875172972679138,0.0401381887495517,0.5920284986495972
O94687_O13758,0.003564,0.003564,0.03627,0.1689123958349228,0.9983003735542296,0.5463237762451172
Q9UUB7_O94309,0.0031511,0.0031511,0.03354,0.3403990566730499,0.905184268951416,0.0159128941595554
P50530_O94285,0.0043845,0.0043845,0.036652,0.3744319975376129,0.012094241566956,0.0079496623948216
O94244_P09322,0.84933,0.84933,0.14463,0.1518617570400238,0.9987418055534364,0.9928250312805176
Q10343_P26306,0.0044742,0.0044742,0.033771,0.10981525480747223,0.01512898132205,0.0546706244349479
Q9UT46_Q9UU79,0.0049071,0.0049071,0.033806,0.6174231767654419,0.0027577758301049,0.0110974796116352
O14343_O14399,0.0033227,0.0033227,0.037844,0.09380596876144409,0.0080268140882253,0.0096372654661536
Q9C0Z9_O74910,0.0031543,0.0031543,0.033991,0.07898538559675217,0.0170397497713565,0.029306037351489
Q9URY2_Q10432,0.65683,0.65683,0.033835,0.4249313175678253,0.0026425838004797,0.8176082968711853
O13816_Q9P7W4,0.0036098,0.0036098,0.035695,0.025672294199466705,0.0119525296613574,0.4160078167915344
Q09196_Q10353,0.0032422,0.0032422,0.033495,0.13194242119789124,0.0042404979467391,0.0106080081313848
O94360_O74433,0.0032841,0.0032841,0.033532,0.008882837370038033,0.0012951813405379,0.0019084747182205
Q9P7J8_O74957,0.0036947,0.0036947,0.033733,0.060337912291288376,0.0068869004026055,0.0368468277156353
Q10668_C6Y4D0,0.0081453,0.0081453,0.034371,0.3364991843700409,0.9989211559295654,0.0214497614651918
Q10429_Q9P7M3,0.0032056,0.0032056,0.03378,0.13461047410964966,0.1321198493242263,0.4442895054817199
O14230_P26306,0.0031601,0.0031601,0.033665,0.2183278352022171,0.0020255742128938,0.004471291322261
O74955_P40372,0.0031611,0.0031611,0.033631,0.22949083149433136,0.0016861751209944,0.0090139685198664
O74772_P78814,0.010995,0.010995,0.33643,0.2943911552429199,0.0340534523129463,0.0905677005648613
O14459_O74718,0.0055838,0.0055838,0.12308,0.2949509024620056,0.9989920258522034,0.3057599365711212
Q9USJ7_P87306,0.004863,0.004863,0.034482,0.10747076570987701,0.0112501820549368,0.0657044276595115
Q9Y818_Q9Y7L8,0.0037443,0.0037443,0.034688,0.21268361806869507,0.0027421242557466,0.0013393799308687
O74774_Q9C0Z9,0.0032742,0.0032742,0.034904,0.2299894392490387,0.9989340901374816,0.1307992488145828
O43114_O94238,0.0035062,0.0035062,0.03361,0.2822815477848053,0.001067568664439,0.4782617688179016
O94684_Q9P805,0.0032292,0.0032292,0.033822,0.14935162663459778,0.99810528755188,0.0782335326075553
O14269_Q9Y709,0.0039772,0.0039772,0.033567,0.6750325560569763,0.042507354170084,0.0439342595636844
Q09858_Q10668,0.0079856,0.0079856,0.033635,0.18725146353244781,0.9948168396949768,0.9011056423187256
O42634_O74803,0.0054806,0.0054806,0.035464,0.13073612749576569,0.0021733720786869,0.1284975111484527
P56287_Q9Y709,0.003631,0.003631,0.033724,0.0870174691081047,0.0080971680581569,0.1656480282545089
P41005_O60187,0.0032206,0.0032206,0.033781,0.31614920496940613,0.0135792307555675,0.6084119081497192
Q10322_O94609,0.0034604,0.0034604,0.040641,0.5501927137374878,0.9989847540855408,0.6218268871307373
P41889_O42975,0.020702,0.020702,0.086049,0.015969960018992424,0.9983727335929872,0.8058823347091675
Q9USJ7_P0C5Y7,0.038874,0.038874,0.033925,0.194707453250885,0.004730544053018,0.0197750870138406
P08647_O13852,0.0031305,0.0031305,0.033572,0.3912014961242676,0.002792842220515,0.0058570778928697
O14097_P36583,0.0084883,0.0084883,0.035864,0.04600337892770767,0.0097491601482033,0.1249080672860145
O74772_Q9P782,0.003224,0.003224,0.038445,0.19792667031288147,0.0062881652265787,0.0032302590552717
Q9P7M1_O94476,0.0034249,0.0034249,0.033619,0.21485267579555511,0.0037141437642276,0.0100097190588712
O14417_O94722,0.0037145,0.0037145,0.033536,0.1699901521205902,0.0004900768981315,0.0019625551067292
O74398_Q10295,0.0038981,0.0038981,0.033782,0.1432705670595169,0.0024688048288226,0.2656942009925842
P05733_Q9P784,0.10712,0.10712,0.19427,0.23916573822498322,0.9988207221031188,0.9949356317520142
O60052_O74796,0.0041869,0.0041869,0.034103,0.1683066040277481,0.0167664643377065,0.1530453860759735
O74796_P54789,0.0033144,0.0033144,0.033632,0.13744981586933136,0.9981353282928468,0.0994315519928932
O94534_Q09196,0.0035299,0.0035299,0.033446,0.07983241975307465,0.2218524366617202,0.0041127898730337
Q10585_Q9UTR8,0.0032381,0.0032381,0.033661,0.0032107820734381676,0.9989333748817444,0.6871246695518494
P87309_Q09822,0.0032298,0.0032298,0.033935,0.08936015516519547,0.0167740602046251,0.0433935299515724
Q09177_Q9P7M1,0.003774,0.003774,0.033489,0.18216073513031006,0.9988922476768494,0.0111779468134045
P05219_Q10366,0.003648,0.003648,0.034074,0.06124480068683624,0.0956878066062927,0.0087734973058104
O74531_Q10343,0.0038817,0.0038817,0.033786,0.2762153148651123,0.0077411369420588,0.0346612930297851
Q10218_Q9UT32,0.003448,0.003448,0.034212,0.10380095988512039,0.9989460110664368,0.1060995832085609
O74904_P40371,0.0032696,0.0032696,0.033499,0.30641818046569824,0.0011847515124827,0.0015778322704136
P10506_O74957,0.0034955,0.0034955,0.03362,0.1675475686788559,0.0034091481938958,0.2799906432628631
O14329_Q9UTI8,0.0037566,0.0037566,0.033659,0.02158578671514988,0.0017142629949375,0.0016465816879644
Q9P782_P87126,0.0033729,0.0033729,0.034002,0.3766539692878723,0.0022011925466358,0.0691893249750137
O74471_O94717,0.0034345,0.0034345,0.033618,0.46768438816070557,0.0107071446254849,0.0011010791640728
Q92399_O94722,0.0033528,0.0033528,0.035229,0.05751112103462219,0.0004405371728353,0.0012518008006736
Q9P6Q0_P41887,0.0034185,0.0034185,0.033712,0.03142864257097244,0.0308857932686805,0.0051673096604645
O13889_O94646,0.0054279,0.0054279,0.033888,0.0054544974118471146,0.0073353191837668,0.0124375997111201
Q09916_O94609,0.0038601,0.0038601,0.033884,0.7181456685066223,0.9983752965927124,0.1471258550882339
O14010_Q9P6Q0,0.45109,0.45109,0.093594,0.17697013914585114,0.9990816116333008,0.9796486496925354
Q9P7W4_Q9Y709,0.003316,0.003316,0.034603,0.17845968902111053,0.9986734390258788,0.908754587173462
P29458_O94288,0.0044107,0.0044107,0.042892,0.5715987086296082,0.0233267098665237,0.1253957599401474
O13310_Q9Y7M6,0.0032863,0.0032863,0.033516,0.39119952917099,0.0121327135711908,0.0045565483160316
P36595_O74796,0.0034948,0.0034948,0.033704,0.0411638468503952,0.9986488223075868,0.0649201422929763
O43071_P87126,0.0034383,0.0034383,0.044627,0.1333596408367157,0.9975197911262512,0.9698840975761414
P78774_P04551,0.0089902,0.0089902,0.041055,0.05032939836382866,0.9990112781524658,0.0072616636753082
O94616_Q9P7P1,0.003278,0.003278,0.034366,0.4360061287879944,0.998841106891632,0.7911294102668762
O94603_O74854,0.0032384,0.0032384,0.04631,0.34568464756011963,0.007872162386775,0.075221300125122
Q9USZ6_Q96WV9,0.003257,0.003257,0.0335,0.03874976187944412,0.0320648215711116,0.0138113787397742
O13836_Q9Y818,0.050951,0.050951,0.065061,0.13286691904067993,0.0528031811118125,0.0030048915650695
Q9P7J8_O13889,0.01107,0.01107,0.059759,0.12269563227891922,0.9987125396728516,0.0534817613661289
Q9USX3_P36622,0.0033058,0.0033058,0.034312,0.12082307785749435,0.0041095702908933,0.9598294496536256
P41005_O13777,0.003218,0.003218,0.033654,0.09016410261392593,0.9987778067588806,0.2613807618618011
P36614_Q9HDX9,0.0040949,0.0040949,0.034308,0.005095255095511675,0.0196966640651226,0.0715903267264366
Q10282_O74772,0.003599,0.003599,0.042477,0.19802433252334595,0.0414303019642829,0.1473040878772735
Q09683_O94717,0.0046872,0.0046872,0.035282,0.4542175531387329,0.9986323714256288,0.5205172896385193
P56523_O74560,0.0034241,0.0034241,0.033778,0.037055205553770065,0.008428075350821,0.0110449595376849
O13782_O59702,0.0075778,0.0075778,0.033743,0.22970019280910492,0.0034822048619389,0.0073888087645173
Q9P7G0_Q09898,0.024964,0.024964,0.034144,0.83088219165802,0.948036789894104,0.068891130387783
Q874R3_P04688,0.0037497,0.0037497,0.034033,0.28429076075553894,0.0047208196483552,0.0053132232278585
P87050_Q9UT76,0.003396,0.003396,0.033584,0.013707122765481472,0.0148531813174486,0.0191360749304294
P27584_P10815,0.0032693,0.0032693,0.033659,0.12352252006530762,0.0061279656365513,0.0089445458725094
O14079_O74399,0.0035522,0.0035522,0.035361,0.3341818153858185,0.9989750385284424,0.592173159122467
O42832_O94752,0.0042611,0.0042611,0.038329,0.2590012550354004,0.0147809069603681,0.6512854099273682
O94268_P08965,0.0034117,0.0034117,0.034031,0.32098084688186646,0.9959176182746888,0.0080026034265756
P07657_O13370,0.0091371,0.0091371,0.033581,0.18421025574207306,0.0008312414283864,0.0013746860204264
C6Y4D0_P87174,0.87733,0.87733,0.68175,0.08634568005800247,0.9989866614341736,0.9548940658569336
Q10159_Q10198,0.0031889,0.0031889,0.033547,0.2635093331336975,0.0027000652626156,0.0333709940314292
Q06182_Q9USX8,0.0034064,0.0034064,0.034192,0.6518276333808899,0.061257179826498,0.2953801155090332
O74772_Q10067,0.0031424,0.0031424,0.034443,0.14385075867176056,0.0286564044654369,0.0129176694899797
O74957_O94542,0.003832,0.003832,0.034233,0.12418437749147415,0.0258123259991407,0.6803897023200989
Q09154_P32372,0.0040307,0.0040307,0.033612,0.025538671761751175,0.0011665490455925,0.0015099885640665
O74988_O94326,0.0032794,0.0032794,0.033543,0.14947697520256042,0.9551072716712952,0.0009372218046337
P13681_P01129,0.0036408,0.0036408,0.061227,0.1784040629863739,0.0125300204381346,0.0127597758546471
O59751_O74791,0.0036741,0.0036741,0.035168,0.26948752999305725,0.0058524152263998,0.3701970875263214
Q9P3B2_O13782,0.0048889,0.0048889,0.033523,0.30629900097846985,0.0017123169964179,0.004329599905759
O94316_O94276,0.0044962,0.0044962,0.035682,0.5131837725639343,0.9989223480224608,0.2874833345413208
Q1MTN3_P01129,0.0033391,0.0033391,0.034679,0.015472101047635078,0.9976785778999328,0.9658156037330629
O94355_Q12126,0.0034422,0.0034422,0.033654,0.707772433757782,0.8800128698348999,0.449903666973114
O94408_Q9UUA8,0.0050015,0.0050015,0.033597,0.09773647785186768,0.0029205824248492,0.0063407327979803
P79071_O13712,0.0049417,0.0049417,0.033719,0.03962075337767601,0.0025756303220987,0.0644479766488075
Q09822_Q09823,0.0033492,0.0033492,0.034658,0.22247838973999023,0.0254032090306282,0.70445716381073
O60016_Q9Y7Z7,0.0033413,0.0033413,0.033751,0.3724498152732849,0.3389507532119751,0.0207705944776535
O43080_O59703,0.0032235,0.0032235,0.033553,0.26982688903808594,0.0009739978704601,0.0045610386878252
Q09924_Q9UUJ4,0.0031573,0.0031573,0.03356,0.1606438159942627,0.0024314136244356,0.0091829458251595
O14241_O14079,0.003952,0.003952,0.033606,0.013593980111181736,0.9988076686859132,0.2963983118534088
Q9US59_O94609,0.0038919,0.0038919,0.033951,0.12469124048948288,0.9987199306488036,0.016035133972764
O75011_Q92372,0.0036633,0.0036633,0.034116,0.1412355899810791,0.9956066012382508,0.20368292927742
O13978_O74511,0.0031293,0.0031293,0.033605,0.3209679424762726,0.0302939154207706,0.0427901819348335
Q10668_O14098,0.0034435,0.0034435,0.034545,0.22832660377025604,0.9987849593162536,0.9163604378700256
P04910_P40848,0.0046529,0.0046529,0.034684,0.006468737963587046,0.9973424077033995,0.037209615111351
O13782_Q9UTR8,0.0032206,0.0032206,0.033625,0.07145868986845016,0.0050338036380708,0.3593400418758392
O94698_Q9UTE6,0.0042704,0.0042704,0.03704,0.17082560062408447,0.998275876045227,0.9439247250556946
P40377_P32390,0.0033715,0.0033715,0.034102,0.4741438925266266,0.0301843024790287,0.0110332937911152
P87215_Q9UTR8,0.0036354,0.0036354,0.033545,0.3902868926525116,0.9952240586280824,0.0115377930924296
Q10316_Q9Y7L8,0.0034138,0.0034138,0.035839,0.1466057449579239,0.9985722303390504,0.093523159623146
Q92372_O13782,0.0031896,0.0031896,0.033487,0.03401942923665047,0.0342665910720825,0.0174309909343719
Q9HDX9_P48011,0.0034164,0.0034164,0.035738,0.0048852600157260895,0.9989027976989746,0.0009440418798476
Q09822_Q9USZ6,0.0031998,0.0031998,0.033538,0.03925313800573349,0.0119561571627855,0.0069602513685822
Q10218_O94542,0.0032309,0.0032309,0.034796,0.0213647298514843,0.993791162967682,0.8260718584060669
O94698_P79015,0.072446,0.072446,0.059013,0.12864184379577637,0.999014377593994,0.622603178024292
O43071_Q10366,0.0032463,0.0032463,0.038854,0.04730643704533577,0.0531782992184162,0.1658823937177658
Q9P782_O13684,0.0031636,0.0031636,0.033649,0.04747142270207405,0.0027677735779434,0.392748475074768
C6Y4D0_Q9USG6,0.11405,0.11405,0.033499,0.05807247385382652,0.6914552450180054,0.1148557588458061
G2TRP5_O94752,0.0039584,0.0039584,0.033563,0.14613951742649078,0.0094750821590423,0.00036012660712
O74904_Q9UUB5,0.0045544,0.0045544,0.035632,0.016135884448885918,0.9989349246025084,0.4242472946643829
Q9US52_P50527,0.0031262,0.0031262,0.033622,0.1344214826822281,0.0030279590282589,0.0076448647305369
Q9P7T4_O74653,0.0033764,0.0033764,0.035483,0.13016323745250702,0.0235326960682868,0.5695322751998901
P33520_O74966,0.0032722,0.0032722,0.033735,0.5563780665397644,0.0027994625270366,0.010261601768434
Q10169_Q9HE05,0.0035743,0.0035743,0.03758,0.06363748013973236,0.9989425539970398,0.0982662364840507
Q9P6R1_Q09819,0.0041137,0.0041137,0.033897,0.4389827251434326,0.025074740871787,0.0521909929811954
P0CT77_O74433,0.0034517,0.0034517,0.03355,0.5048749446868896,0.9989615678787231,0.0038195073138922
O13672_O94376,0.0031857,0.0031857,0.033653,0.4796311557292938,0.9990158081054688,0.0497462563216686
Q9P7A0_P46595,0.012732,0.012732,0.033558,0.10974238812923431,0.0093897599726915,0.008396933786571
P0CT77_Q10477,0.0045104,0.0045104,0.034473,0.7740591764450073,0.9989031553268432,0.0993727892637252
O74555_O74747,0.0051957,0.0051957,0.040081,0.5654435753822327,0.999007523059845,0.8424019813537598
P0CH07_Q10169,0.093065,0.093065,0.88997,0.6933138966560364,0.9989891648292542,0.195622369647026
Q10193_P87074,0.0043915,0.0043915,0.033961,0.02024247869849205,0.9985417127609252,0.0110875321552157
O74957_O13978,0.0033588,0.0033588,0.033531,0.20424966514110565,0.0134454416111111,0.0881124809384346
P36622_Q9UUI1,0.0031412,0.0031412,0.034594,0.37292084097862244,0.0016016908921301,0.0047635296359658
Q10169_Q9UTA4,0.0041181,0.0041181,0.033928,0.15405893325805664,0.0089584505185484,0.0039914892986416
Q9P7P1_P0C5Y7,0.0088775,0.0088775,0.0363,0.17182642221450806,0.0011910756584256,0.0095218727365136
P36582_P40984,0.025291,0.025291,0.046787,0.46773189306259155,0.1113243624567985,0.0031778656411916
O42661_P87159,0.0052277,0.0052277,0.033949,0.47139617800712585,0.0109506538137793,0.018214950338006
P78963_Q53EK2,0.0032004,0.0032004,0.033701,0.4497058093547821,0.0028735701926052,0.0931191444396972
Q10113_Q10353,0.0034615,0.0034615,0.033842,0.07536103576421738,0.0238835718482732,0.1715956628322601
P36601_O94620,0.0036883,0.0036883,0.035616,0.33419549465179443,0.0128437643870711,0.0160833802074193
O13816_Q09154,0.014803,0.014803,0.033631,0.14101411402225494,0.0019980834331363,0.0011291245464235
P09988_O59836,0.0048044,0.0048044,0.039248,0.6185072660446167,0.9984778761863708,0.0176279488950967
P04551_O74988,0.0070844,0.0070844,0.03352,0.5449470281600952,0.0046237953938543,0.001430228119716
Q09882_P36629,0.0041719,0.0041719,0.035899,0.3939615786075592,0.9935951828956604,0.8094318509101868
P87306_P87053,0.0034151,0.0034151,0.035525,0.3362579643726349,0.0045602307654917,0.0282399225980043
O74560_Q9USV1,0.0034124,0.0034124,0.037207,0.04427511617541313,0.9988670349121094,0.9342311024665833
O14010_O42832,0.0035515,0.0035515,0.033779,0.020980875939130783,0.1993443667888641,0.0654605254530906
O13728_Q10668,0.0033369,0.0033369,0.033709,0.06225669011473656,0.0019727966282516,0.139105275273323
O94244_P87312,0.0046257,0.0046257,0.033739,0.7734087705612183,0.9983630776405334,0.967093288898468
Q09763_P56286,0.0033036,0.0033036,0.033645,0.5668940544128418,0.0012576339067891,0.0033173710107803
P87306_P87324,0.003777,0.003777,0.038799,0.03740815445780754,0.9990504384040833,0.138490155339241
P01129_O74446,0.0039296,0.0039296,0.033747,0.12970350682735443,0.0089831445366144,0.2103455662727356
O74309_Q9US52,0.0031557,0.0031557,0.03348,0.3127153217792511,0.0223107673227787,0.0545350573956966
Q9P7W4_P41887,0.0032298,0.0032298,0.034191,0.3838047385215759,0.2878115475177765,0.0243057403713464
O74558_Q6BDR8,0.0033468,0.0033468,0.034441,0.5843228101730347,0.0241831503808498,0.0179595984518528
P17937_Q92352,0.0031779,0.0031779,0.033899,0.5335513353347778,0.9989463686943054,0.4360310137271881
Q10668_Q9Y7J4,0.0033917,0.0033917,0.033647,0.689832866191864,0.102027378976345,0.391672283411026
O94646_P56287,0.0032919,0.0032919,0.033629,0.3680115044116974,0.9990905523300172,0.0146765932440757
O94263_O13836,0.0041763,0.0041763,0.034798,0.0949963629245758,0.9989845156669616,0.1428766697645187
Q9UTS6_Q9HGL6,0.0031252,0.0031252,0.03361,0.3043994903564453,0.0049044210463762,0.913448452949524
P87309_P0CF96,0.0031227,0.0031227,0.033832,0.37871894240379333,0.9984741806983948,0.0061846608296036
O74653_Q9URY2,0.0037131,0.0037131,0.033558,0.21941933035850525,0.9966732263565063,0.6825847029685974
P87310_O74991,0.0036372,0.0036372,0.0338,0.2348983734846115,0.0049560260958969,0.0390092171728611
O14350_O94646,0.0032909,0.0032909,0.033746,0.011410396546125412,0.9990994930267334,0.987270712852478
O94288_P40996,0.0033915,0.0033915,0.034395,0.26079514622688293,0.0158134698867797,0.0037400133442133
O14417_Q9USG6,0.0031492,0.0031492,0.033611,0.4155551493167877,0.0052765337750315,0.0179716721177101
O14327_P36601,0.0033642,0.0033642,0.034949,0.32066458463668823,0.0050492356531322,0.0235691200941801
O59751_O75001,0.0043713,0.0043713,0.035551,0.3938712179660797,0.0184607822448015,0.0672898739576339
P27638_P06652,0.0039443,0.0039443,0.034467,0.2635233402252197,0.998908758163452,0.1958418041467666
Q9P6R1_O13816,0.0031561,0.0031561,0.034033,0.16319891810417175,0.0158773008733987,0.0149445999413728
O14269_O74399,0.0035991,0.0035991,0.034361,0.11651310324668884,0.1151263043284416,0.2034716308116912
Q9Y794_P78774,0.003239,0.003239,0.036576,0.21808214485645294,0.8926868438720703,0.6394896507263184
Q10429_Q10477,0.0031694,0.0031694,0.036444,0.5237684845924377,0.5176802277565002,0.7967877984046936
O94668_O74736,0.0032314,0.0032314,0.03374,0.17285092175006866,0.9990525841712952,0.9704599380493164
Q10108_Q09763,0.0033668,0.0033668,0.033594,0.01222175732254982,0.0077538383193314,0.7844123244285583
O42832_O94268,0.024803,0.024803,0.17854,0.2872573435306549,0.998683750629425,0.9953911304473876
O42905_O13681,0.0033924,0.0033924,0.033585,0.4864240288734436,0.9986788630485536,0.7769808173179626
O13286_P10815,0.0034747,0.0034747,0.035363,0.3253042995929718,0.9986637830734252,0.7286776900291443
O94752_Q9Y7U4,0.0033793,0.0033793,0.034016,0.0029216601978987455,0.0017103992868214,0.0500720329582691
O74988_P30261,0.00328,0.00328,0.033568,0.1286717802286148,0.0323630161583423,0.0006954998825676
O74309_Q09176,0.0032634,0.0032634,0.033814,0.3155275881290436,0.3507376611232757,0.0176766440272331
O13916_O94609,0.0039075,0.0039075,0.03562,0.21591900289058685,0.0174550991505384,0.0089599704369902
P08092_P05219,0.0051228,0.0051228,0.034248,0.2995685040950775,0.0217585824429988,0.0064998404122889
O14269_P42656,0.0080171,0.0080171,0.033652,0.007693735416978598,0.1271962225437164,0.0904192700982093
Q10113_Q9USR7,0.0031313,0.0031313,0.034042,0.22859789431095123,0.0152453351765871,0.0337139591574668
P29458_P49731,0.093436,0.093436,0.045662,0.1718069165945053,0.5763102173805237,0.98878014087677
P05501_O14235,0.0032312,0.0032312,0.033449,0.6880079507827759,0.0007748558418825,0.0036173982080072
O74978_O14229,0.0044067,0.0044067,0.034996,0.019134387373924255,0.9990637898445128,0.8485074043273926
Q09892_O43114,0.0078981,0.0078981,0.033501,0.6805837154388428,0.0017762485658749,0.0125776156783103
Q10330_Q09892,0.0085685,0.0085685,0.0345,0.33339983224868774,0.0802491381764411,0.002638483652845
O13790_Q10316,0.0031844,0.0031844,0.033895,0.0783652514219284,0.0091128656640648,0.0697642713785171
P40372_Q9P7A0,0.0063851,0.0063851,0.037643,0.15919369459152222,0.0065054441802203,0.010254387743771
Q9Y709_Q9Y7Z7,0.0032928,0.0032928,0.033726,0.21701331436634064,0.0214188266545534,0.1591395586729049
O43080_Q9UUC1,0.0036529,0.0036529,0.03353,0.1294546276330948,0.0067880637943744,0.0125030279159545
Q1MTN3_O94272,0.0061689,0.0061689,0.033827,0.12631510198116302,0.9986095428466796,0.0271586216986179
P0C5Y7_O94376,0.0032472,0.0032472,0.033829,0.7243970632553101,0.0253129228949546,0.0114312320947647
Q9USR7_Q9C107,0.0032655,0.0032655,0.035068,0.36622267961502075,0.0140469279140234,0.260321170091629
P50530_O13953,0.0042745,0.0042745,0.034414,0.5501726865768433,0.064830407500267,0.5195585489273071
Q92358_O13728,0.0031576,0.0031576,0.033472,0.30952179431915283,0.00232744240202,0.0034838116262108
Q10099_Q09822,0.003294,0.003294,0.036095,0.6252237558364868,0.0066907871514558,0.0755522102117538
P46595_Q10113,0.013345,0.013345,0.056618,0.05330238491296768,0.9977909326553344,0.0050003789365291
P87215_Q9P7M3,0.0032828,0.0032828,0.03351,0.1085161343216896,0.0355412513017654,0.0043439120054244
P87053_O42932,0.003249,0.003249,0.033844,0.24556581676006317,0.0016023291973397,0.0034405635669827
P36613_Q12126,0.005529,0.005529,0.033688,0.6247126460075378,0.9989056587219238,0.9883976578712464
P07657_P10989,0.0039483,0.0039483,0.033636,0.2820259630680084,0.0011825918918475,0.0010878515895456
O13712_Q09825,0.0090987,0.0090987,0.034713,0.4012817442417145,0.0013474411098286,0.8195128440856934
O36019_P28829,0.0033392,0.0033392,0.033898,0.5465180277824402,0.004077810794115,0.9953816533088684
O74774_P36629,0.0037568,0.0037568,0.038811,0.34264785051345825,0.0145202530547976,0.3383825123310089
Q9P7P2_O74718,0.0034522,0.0034522,0.037617,0.04170577973127365,0.0065074441954493,0.1056788712739944
P87324_Q9P7M3,0.0034454,0.0034454,0.033782,0.3113347589969635,0.9984291195869446,0.1168772280216217
P0CT68_P79071,0.017974,0.017974,0.11201,0.1958668977022171,0.9977912902832032,0.5382121801376343
O13672_Q9P3B2,0.0034257,0.0034257,0.033519,0.07890283316373825,0.0999481007456779,0.0149286808446049
Q09154_P40371,0.0039093,0.0039093,0.033607,0.5292977094650269,0.0008876226493157,0.0009463189053349
O94687_P87027,0.0033491,0.0033491,0.033471,0.2294926941394806,0.0050753518007695,0.0152922449633479
O74499_Q9P7T4,0.0058328,0.0058328,0.034074,0.7621459364891052,0.9988366961479188,0.0480033345520496
P32372_Q10428,0.0032617,0.0032617,0.034012,0.03293143957853317,0.1765755116939544,0.6813013553619385
Q10317_P87053,0.0032574,0.0032574,0.033936,0.387366384267807,0.0015299844089895,0.0806450098752975
O94244_Q10056,0.004038,0.004038,0.038164,0.016555406153202057,0.0033040707930922,0.5323991179466248
O13988_P79065,0.0031691,0.0031691,0.033936,0.14456495642662048,0.9987486600875854,0.0055740596726536
P79063_Q10282,0.0031586,0.0031586,0.033603,0.016901619732379913,0.9975549578666688,0.0505761727690696
O60150_O74184,0.0032286,0.0032286,0.034556,0.3547516465187073,0.994623064994812,0.011713377200067
Q09924_Q10159,0.0032724,0.0032724,0.033787,0.03223246708512306,0.0013954950263723,0.306130975484848
O14399_P87312,0.0049329,0.0049329,0.034059,0.19520463049411774,0.0009848689660429,0.0015361286932602
O13836_Q10099,0.0032628,0.0032628,0.035396,0.21349765360355377,0.0064401528798043,0.0134841231629252
Q11120_Q9P7Y4,0.0045069,0.0045069,0.034489,0.028259268030524254,0.0026262551546096,0.0080050798133015
Q10109_O59703,0.0033605,0.0033605,0.033573,0.4471115171909332,0.001023156568408,0.059530172497034
Q10428_P87123,0.003383,0.003383,0.036934,0.136200949549675,0.0078368792310357,0.5390135645866394
O60150_P50530,0.0034628,0.0034628,0.034505,0.03175884112715721,0.9944597482681274,0.0532719083130359
P0CT70_Q09914,0.0038084,0.0038084,0.034217,0.05376872792840004,0.0027478295378386,0.0012442067964002
O43070_P40380,0.0033335,0.0033335,0.035003,0.10804593563079834,0.9980227947235109,0.8513957858085632
P87051_P40996,0.0035318,0.0035318,0.058274,0.582741916179657,0.0639792680740356,0.0008094774675555
O94355_Q9USV3,0.0053801,0.0053801,0.033593,0.12561668455600739,0.9989696741104126,0.0978899672627449
O94687_O94717,0.003544,0.003544,0.036671,0.0867665708065033,0.048112004995346,0.5595470666885376
P78814_Q10330,0.019716,0.019716,0.037406,0.5583450794219971,0.9989567995071412,0.242219865322113
O13836_Q09170,0.0035145,0.0035145,0.034107,0.2089964598417282,0.0072817355394363,0.0548191666603088
Q09685_Q96WW3,0.0044235,0.0044235,0.035189,0.35269612073898315,0.0408251881599426,0.986280918121338
P40995_O94547,0.008226,0.008226,0.034022,0.43676498532295227,0.0222684051841497,0.8651917576789856
O14129_P36585,0.0035003,0.0035003,0.033704,0.391416996717453,0.0111886449158191,0.0036287626717239
O43080_P78929,0.0033086,0.0033086,0.033492,0.13627491891384125,0.0018899568822234,0.0044158976525068
O14327_Q10192,0.0044023,0.0044023,0.0459,0.023175060749053955,0.0137138999998569,0.6606811881065369
Q9URY2_Q9USZ6,0.0032281,0.0032281,0.033499,0.21871685981750488,0.0018747518770396,0.0051261745393276
Q9USH1_P05764,0.0037303,0.0037303,0.034331,0.3240728974342346,0.9989978671073914,0.00038582002162
Q9HDX9_O14459,0.0032164,0.0032164,0.033982,0.32032233476638794,0.9989809393882751,0.0268290005624294
Q0E7J7_Q9P7P2,0.0034357,0.0034357,0.035118,0.43767744302749634,0.1007905378937721,0.9819772243499756
P36601_Q9USV1,0.0047452,0.0047452,0.033866,0.018703319132328033,0.0059914379380643,0.0180528797209262
O13684_Q02088,0.59259,0.59259,0.033425,0.36037489771842957,0.0047771511599421,0.0534404255449771
Q92372_Q09914,0.0032089,0.0032089,0.033454,0.060797736048698425,0.0053133871406316,0.0194928292185068
Q10343_Q92462,0.0037059,0.0037059,0.033943,0.12233969569206238,0.0105284648016095,0.0028547053225338
O14064_Q9USV3,0.0031552,0.0031552,0.033526,0.2861390709877014,0.9989425539970398,0.0152219226583838
Q9P7V3_P36592,0.0031133,0.0031133,0.033556,0.1271352469921112,0.0109511855989694,0.029995834454894
P32434_P07657,0.0051765,0.0051765,0.033663,0.14268259704113007,0.0008811072912067,0.0010799309238791
Q10103_O59800,0.00358,0.00358,0.034182,0.3262993097305298,0.9974383115768432,0.7893754839897156
P30261_Q10430,0.0032008,0.0032008,0.033908,0.032030392438173294,0.9989064931869508,0.6928498148918152
Q09858_Q9Y738,0.0070609,0.0070609,0.03372,0.3361770808696747,0.9990635514259338,0.984538197517395
O94244_O14036,0.11532,0.11532,0.073436,0.7973026633262634,0.0122380936518311,0.0389794185757637
O59793_P40380,0.0032589,0.0032589,0.034476,0.33486297726631165,0.9989475607872008,0.9559603929519652
P04910_Q9US52,0.0031741,0.0031741,0.033425,0.2966870367527008,0.0473684147000312,0.0011995015665888
O94288_Q9P7V3,0.004274,0.004274,0.033615,0.03874155879020691,0.0078011415898799,0.1413921564817428
Q10429_Q96WW3,0.0034189,0.0034189,0.037507,0.5636553168296814,0.9983463287353516,0.9701637029647828
Q10316_Q9UTS6,0.0031381,0.0031381,0.033838,0.15987953543663025,0.0060517024248838,0.1413949877023697
Q9P779_P56287,0.0033163,0.0033163,0.033616,0.21167249977588654,0.0014770256821066,0.004481497220695
Q10134_Q10477,0.0096861,0.0096861,0.034243,0.3639393448829651,0.9989771842956544,0.5340646505355835
Q874R3_O74825,0.0031433,0.0031433,0.033591,0.03267895057797432,0.0030113237444311,0.0384566001594066
O43120_P36629,0.0079361,0.0079361,0.039933,0.12472300976514816,0.9990635514259338,0.9820262789726256
O94376_Q9P7Y4,0.0065698,0.0065698,0.034704,0.09903226792812347,0.9990129470825196,0.4767819344997406
O94752_O14216,0.0036425,0.0036425,0.034264,0.5300197005271912,0.0071230577304959,0.4357913732528686
O13877_O94752,0.0034781,0.0034781,0.034369,0.3904612958431244,0.0296629928052425,0.0007934587774798
O94360_O43080,0.0034622,0.0034622,0.033499,0.5419775247573853,0.0010356811108067,0.0013686924939975
P05219_Q96WV9,0.011293,0.011293,0.034453,0.688744843006134,0.0329723134636879,0.0298114195466041
P01129_O59702,0.0031963,0.0031963,0.033702,0.2994537353515625,0.0031647589057683,0.0220261514186859
P36625_Q9P7V3,0.0033388,0.0033388,0.033746,0.7773253917694092,0.0114310970529913,0.010096775367856
Q9P7X1_P56288,0.013856,0.013856,0.033535,0.535413920879364,0.0030614093411713,0.0190641991794109
Q9UTP0_P50582,0.0039887,0.0039887,0.034967,0.1201644167304039,0.7409608960151672,0.0604841671884059
O59945_P10989,0.0032628,0.0032628,0.03376,0.5767973065376282,0.0148320095613598,0.1437190622091293
O94687_Q09914,0.0033476,0.0033476,0.033686,0.6057242751121521,0.0070806448347866,0.0132985040545463
O94321_O94581,0.0031806,0.0031806,0.03369,0.21179832518100739,0.0010472668800503,0.0115276053547859
Q09191_P10989,0.0033693,0.0033693,0.088415,0.34042176604270935,0.005087670404464,0.0047005978412926
O94556_Q10322,0.0042851,0.0042851,0.033651,0.7704585790634155,0.0087558068335056,0.7679281234741211
O14170_Q9UTA4,0.0036622,0.0036622,0.034074,0.1950993686914444,0.0309338327497243,0.091750331223011
O60104_P0CH07,0.0052638,0.0052638,0.034946,0.28346219658851624,0.9987982511520386,0.104769080877304
Q09760_O13758,0.003258,0.003258,0.036243,0.19463400542736053,0.002499942202121,0.0240438990294933
Q9UUC1_Q9UUE5,0.0031265,0.0031265,0.033881,0.08016178756952286,0.0088749239221215,0.0282326266169548
Q9P7R9_O13953,0.0041399,0.0041399,0.034037,0.15649239718914032,0.9986574649810792,0.8658542633056641
P36583_Q10429,0.05705,0.05705,0.03462,0.2718063294887543,0.0085457805544137,0.4259824752807617
O13988_P87309,0.003407,0.003407,0.045407,0.24482686817646027,0.999009370803833,0.4944439232349396
P09988_P56286,0.13676,0.13676,0.048615,0.07678595930337906,0.998986542224884,0.0125699248164892
P40381_Q09824,0.0041491,0.0041491,0.043211,0.7729019522666931,0.0837903171777725,0.0213928259909153
P49731_P36595,0.0033416,0.0033416,0.038063,0.30904048681259155,0.9862173795700072,0.7627883553504944
Q9P7Y4_Q02088,0.018437,0.018437,0.033461,0.3982343077659607,0.0035539714153856,0.0190256219357252
P87051_O94658,0.0040958,0.0040958,0.033446,0.3334795832633972,0.998793363571167,0.0066998256370425
O94646_Q9P7Y4,0.010566,0.010566,0.036643,0.051650967448949814,0.9990283250808716,0.8810543417930603
O13615_Q09882,0.0032659,0.0032659,0.037354,0.009187462739646435,0.0281121805310249,0.6065258383750916
Q9USR7_P07657,0.0049215,0.0049215,0.033603,0.4201842248439789,0.0011461218819022,0.0047236280515789
Q9Y7M6_O13953,0.0032137,0.0032137,0.034197,0.025642288848757744,0.0219472162425518,0.9206517934799194
O60104_P87306,0.011065,0.011065,0.037216,0.17502054572105408,0.9990884065628052,0.9839233756065368
P56288_Q9USX8,0.0041738,0.0041738,0.0335,0.6076534390449524,0.0015204622177407,0.0538990087807178
O74483_P27584,0.0032625,0.0032625,0.0335,0.19882073998451233,0.0010441103950142,0.0007750050281174
P87231_P32390,0.0032676,0.0032676,0.033647,0.46497848629951477,0.9975746273994446,0.0188892502337694
O14318_O74790,0.0033075,0.0033075,0.033476,0.5361369252204895,0.0125113558024168,0.0219244826585054
O14079_O74560,0.0036552,0.0036552,0.035498,0.035772595554590225,0.9987200498580932,0.974847972393036
Q11120_Q9UTE6,0.0034389,0.0034389,0.033752,0.17979028820991516,0.0115143610164523,0.3014965057373047
Q9Y7Z1_O74184,0.0062813,0.0062813,0.035954,0.4032714068889618,0.0240222532302141,0.0040072170086205
P0CH07_Q03392,0.005067,0.005067,0.039451,0.4141249656677246,0.7194490432739258,0.0058856783434748
P33886_Q11120,0.0036075,0.0036075,0.033544,0.16679126024246216,0.0015774568310007,0.1130819618701934
O14129_P40848,0.0033435,0.0033435,0.033573,0.14756996929645538,0.0313664823770523,0.0104953981935977
P40381_P78963,0.0035957,0.0035957,0.033969,0.06296642869710922,0.0032191486097872,0.0307401232421398
O13685_O14350,0.011664,0.011664,0.0342,0.04092305898666382,0.9953592419624328,0.0050529409199953
O74518_Q10099,0.0031908,0.0031908,0.033577,0.07135577499866486,0.0063192103989422,0.1899325996637344
Q09717_Q10192,0.0039066,0.0039066,0.033664,0.25825321674346924,0.0200253259390592,0.00398700684309
Q6BDR8_O14352,0.0080856,0.0080856,0.033685,0.3977546691894531,0.003205293091014,0.0344320461153984
O14352_O94316,0.012012,0.012012,0.03491,0.0250245314091444,0.9989567995071412,0.0439272820949554
Q9C107_Q9P7B8,0.0033009,0.0033009,0.034052,0.0817667618393898,0.1509703397750854,0.3054409325122833
Q06182_O74904,0.0036907,0.0036907,0.034359,0.13307730853557587,0.1604081690311432,0.2918889820575714
O94542_P07334,0.0033066,0.0033066,0.033985,0.012677346356213093,0.9495705962181092,0.9656333923339844
P28829_P36622,0.047206,0.047206,0.033956,0.0845981165766716,0.1114758774638176,0.9798714518547058
P36585_Q10192,0.055707,0.055707,0.17493,0.20862002670764923,0.9989894032478333,0.9961585402488708
Q10428_P42656,0.46748,0.46748,0.033701,0.6265916228294373,0.0100632738322019,0.0435122996568679
Q9Y7J4_Q9HFE5,0.0032135,0.0032135,0.033655,0.37172695994377136,0.0153551371768116,0.0111898966133594
O94684_O14011,0.0060504,0.0060504,0.078174,0.04660522937774658,0.9989410042762756,0.5546900629997253
O60164_P78972,0.0042977,0.0042977,0.044513,0.012762815691530704,0.9978432655334472,0.1469109803438186
O94752_O14097,0.024696,0.024696,0.034055,0.4524344503879547,0.00724867451936,0.1661965698003769
Q9UTS6_Q09898,0.0033383,0.0033383,0.03361,0.22033259272575378,0.047290526330471,0.0227885823696851
O14230_O59703,0.38686,0.38686,0.10962,0.016425859183073044,0.999123752117157,0.9918973445892334
O74988_O13988,0.0032441,0.0032441,0.033543,0.19569678604602814,0.0072237676940858,0.0006289794109761
O94616_O94326,0.0032885,0.0032885,0.035716,0.0152773167937994,0.9990422129631042,0.0511715449392795
Q9P4W1_Q10173,0.0043915,0.0043915,0.03352,0.4903154969215393,0.0098587702959775,0.0007545264670625
Q9P3B2_Q10169,0.0034264,0.0034264,0.033569,0.2365528792142868,0.0016603952972218,0.0037164648529142
P40371_Q9P7R9,0.0042307,0.0042307,0.033506,0.36351722478866577,0.0030583925545215,0.0025682430714368
P87314_P07334,0.0038005,0.0038005,0.034206,0.813882052898407,0.9988328814506532,0.8987112641334534
P50523_Q92372,0.0034132,0.0034132,0.033601,0.21405810117721558,0.0191602557897567,0.0009770571487024
O74533_Q9P7E0,0.0050984,0.0050984,0.035186,0.12711358070373535,0.9989808201789856,0.9550749659538268
Q10173_Q9US52,0.0031151,0.0031151,0.033525,0.21175336837768555,0.005998752079904,0.0045153833925724
P52822_P39964,0.0045134,0.0045134,0.038268,0.5725259184837341,0.9989386200904846,0.6458846926689148
P30261_Q9P7M3,0.0033593,0.0033593,0.034348,0.2780427932739258,0.9989758729934692,0.6940205097198486
O74175_O60158,0.0035262,0.0035262,0.034454,0.09236983209848404,0.996884286403656,0.7416970133781433
G2TRP5_P87174,0.0034677,0.0034677,0.03352,0.2879047989845276,0.9986030459403992,0.0007469558622688
O74433_O60052,0.0038477,0.0038477,0.033554,0.18123802542686462,0.9984123706817628,0.0007353359833359
Q09882_O94603,0.003288,0.003288,0.035599,0.1395593136548996,0.0105660362169146,0.0445478148758411
Q9HGQ3_Q10108,0.0055048,0.0055048,0.035377,0.4011109173297882,0.0343076027929782,0.0065475101582705
Q9P7J8_P29458,0.0055082,0.0055082,0.034329,0.10484560579061508,0.009735663421452,0.0078403241932392
O60104_P40384,0.0033979,0.0033979,0.033657,0.14493057131767273,0.9990466237068176,0.1250416785478592
Q9URY2_Q874R3,0.0032129,0.0032129,0.033647,0.5328759551048279,0.002045516623184,0.0946198031306266
Q7LL14_O13339,0.0032874,0.0032874,0.033725,0.01030920073390007,0.0098995268344879,0.0379192344844341
P46595_O42844,0.016179,0.016179,0.035426,0.24366678297519684,0.0759565532207489,0.0026673234533518
Q10316_Q09763,0.0031985,0.0031985,0.033865,0.38160842657089233,0.0032184172887355,0.6127564907073975
P56288_O74854,0.0033235,0.0033235,0.033573,0.014707088470458984,0.000915611628443,0.0305685475468635
O13836_P12000,0.003463,0.003463,0.033952,0.06092231348156929,0.033364463597536,0.1067439392209053
P36629_Q9HGL6,0.0033924,0.0033924,0.034279,0.38032999634742737,0.9990403056144714,0.652265727519989
P78789_Q10067,0.0032106,0.0032106,0.034726,0.7901752591133118,0.0026202853769063,0.0079799126833677
O13877_O14318,0.0034178,0.0034178,0.03453,0.3775598406791687,0.0019522997317835,0.0010538166388869
O94423_P41005,0.0036164,0.0036164,0.033911,0.03380503132939339,0.1179932728409767,0.7986882328987122
O36023_Q9US59,0.0033577,0.0033577,0.033645,0.09920071810483932,0.0021547186188399,0.0234544873237609
O14399_Q10432,0.0037674,0.0037674,0.034274,0.10538218170404434,0.0021225449163466,0.0118065141141414
Q09823_P87173,0.011317,0.011317,0.033762,0.4369809627532959,0.0096319783478975,0.0038772912230342
Q10271_O60052,0.0032595,0.0032595,0.033592,0.03726348280906677,0.0030654857400804,0.5521075129508972
P0CH07_Q10353,0.10365,0.10365,0.062772,0.3826673924922943,0.0249114129692316,0.0680020898580551
Q9Y7Z1_O59680,0.0037117,0.0037117,0.033884,0.1341610848903656,0.9988270401954652,0.0018368057208135
Q96TL7_O13953,0.0034411,0.0034411,0.034828,0.26854076981544495,0.9988539218902588,0.9675195217132568
Q10173_Q9P6Q0,0.071279,0.071279,0.03368,0.39745721220970154,0.9986901879310608,0.2862017154693603
Q92399_O74311,0.003387,0.003387,0.036681,0.45840439200401306,0.0028664104174822,0.0046513997949659
O94285_O74560,0.0031794,0.0031794,0.037485,0.8301516771316528,0.9989338517189026,0.1073636040091514
Q9P7J8_O59734,0.0065192,0.0065192,0.033705,0.10839230567216873,0.0025753730442374,0.0028160319197922
Q09127_P48011,0.020982,0.020982,0.062126,0.3446566164493561,0.9990317821502686,0.4930490851402282
O74983_Q9Y7U4,0.0042021,0.0042021,0.034023,0.3857054114341736,0.9984435439109802,0.025010447949171
O74517_P09322,0.34441,0.34441,0.19945,0.36978355050086975,0.9987273812294006,0.9749382138252258
Q10477_Q09825,0.0035249,0.0035249,0.034145,0.35089728236198425,0.003146531060338,0.884975016117096
P36583_Q9UTA4,0.0035215,0.0035215,0.034365,0.2619205117225647,0.0057517895475029,0.0007904495578259
O14350_O14388,0.011536,0.011536,0.047949,0.08486197888851166,0.998959183692932,0.6924436092376709
P87238_P39964,0.003626,0.003626,0.033679,0.02267320826649666,0.0066122412681579,0.1192130744457244
Q9C107_P36618,0.0032465,0.0032465,0.033813,0.16980841755867004,0.2567567229270935,0.1410494744777679
Q10428_P36617,0.0032795,0.0032795,0.034011,0.04904109612107277,0.009152827784419,0.6720048785209656
O14011_O74309,0.0032773,0.0032773,0.050183,0.046247582882642746,0.998493790626526,0.5953525900840759
Q09898_O60187,0.0032963,0.0032963,0.033833,0.16233965754508972,0.99297696352005,0.2851932942867279
Q11120_Q09330,0.0033099,0.0033099,0.033682,0.5927746295928955,0.0076902918517589,0.591911792755127
Q9HGL8_P36614,0.0035663,0.0035663,0.033537,0.2870510518550873,0.0048128715716302,0.0025838173460215
Q00619_P0CT60,0.0034283,0.0034283,0.03352,0.15470285713672638,0.0064914301037788,0.0011206067865714
Q09933_O74515,0.069329,0.069329,0.040321,0.07404527813196182,0.9777953624725342,0.0272969845682382
Q10159_Q09717,0.0035494,0.0035494,0.033892,0.2017918825149536,0.0010240391129627,0.1266986727714538
Q9UT86_Q9URY0,0.010516,0.010516,0.035144,0.5541054606437683,0.9714284539222716,0.0045201485045254
P78972_P79005,0.0034157,0.0034157,0.039428,0.04418979957699776,0.0284285452216863,0.978729486465454
Q92399_O60016,0.0039798,0.0039798,0.036107,0.5826272368431091,0.9904001355171204,0.0045580845326185
P21534_Q9UU79,0.0047753,0.0047753,0.033575,0.6102138161659241,0.0012018597917631,0.0059852246195077
P25457_Q9UUC1,0.015613,0.015613,0.082039,0.5934661030769348,0.9990200996398926,0.98385089635849
O14097_P78789,0.013734,0.013734,0.034731,0.16213367879390717,0.0034565308596938,0.5418587327003479
O74560_Q09819,0.003394,0.003394,0.03567,0.5391672849655151,0.9984719157218932,0.9816737174987792
P56287_O42667,0.0034029,0.0034029,0.033606,0.12502539157867432,0.0042863921262323,0.0060522761195898
Q874R3_P87238,0.0032163,0.0032163,0.0336,0.2101997584104538,0.0325421690940856,0.0249428395181894
P04688_P05219,0.42755,0.42755,0.067861,0.5068669319152832,0.9990679621696472,0.9762864708900452
Q9UUC6_Q9UUA8,0.0036798,0.0036798,0.03356,0.060774512588977814,0.0022125840187072,0.0093741379678249
P78789_P05764,0.0036337,0.0036337,0.033599,0.4054463505744934,0.0212624631822109,0.0005826145061291
P50524_Q92372,0.0031932,0.0031932,0.033842,0.36858758330345154,0.9991018772125244,0.0258843023329973
Q12126_O94698,0.0059973,0.0059973,0.034864,0.04114001244306564,0.9901390075683594,0.0466380603611469
Q9P7E0_Q09330,0.0033671,0.0033671,0.033525,0.07469861954450607,0.0048780925571918,0.0014608539640903
Q10109_Q9UUJ4,0.003615,0.003615,0.03362,0.5585926175117493,0.0021907100453972,0.0039469660259783
Q09191_O13728,0.0032312,0.0032312,0.033522,0.16509036719799042,0.0018719603540375,0.0039160917513072
Q9UUB7_O74804,0.0087832,0.0087832,0.03361,0.1390944868326187,0.0073842392303049,0.0163297839462757
O94321_O13712,0.0034787,0.0034787,0.03383,0.547330379486084,0.0009713817271403,0.355996161699295
Q96WV9_P79071,0.0045712,0.0045712,0.033576,0.12604977190494537,0.0622685365378856,0.0059971935115754
Q9UST6_P87310,0.0069386,0.0069386,0.037397,0.17961621284484863,0.999042809009552,0.655432939529419
Q4PIR3_Q874R3,0.0034577,0.0034577,0.034072,0.15648259222507477,0.0118575943633914,0.5073725581169128
O14417_P87169,0.0040042,0.0040042,0.033608,0.045581232756376266,0.9990845918655396,0.1271205395460128
O74558_Q9P7B7,0.0031348,0.0031348,0.033724,0.43401601910591125,0.002833635546267,0.0054033161140978
P87314_P42656,0.0063283,0.0063283,0.033614,0.3007861375808716,0.073526807129383,0.0054795970208942
P50524_O94556,0.0066581,0.0066581,0.040852,0.4707776606082916,0.9988781809806824,0.9690191745758056
P10815_P36595,0.0034084,0.0034084,0.034528,0.07879943400621414,0.995899498462677,0.0640536844730377
Q09170_Q02088,0.033194,0.033194,0.033735,0.18385551869869232,0.0431763269007205,0.0209428817033767
Q9USG6_O94547,0.003242,0.003242,0.033951,0.5316231846809387,0.0140308700501918,0.0156840775161981
Q10192_Q9Y7M6,0.0031447,0.0031447,0.033452,0.12351103872060776,0.0298115201294422,0.6371132731437683
O14246_P0CH07,0.018528,0.018528,0.034102,0.4646306037902832,0.091043047606945,0.0190608520060777
O94360_O42978,0.0034031,0.0034031,0.033874,0.4873640835285187,0.0017568934708833,0.0026630877982825
Q09761_Q9P7E0,0.0032654,0.0032654,0.033505,0.1607552021741867,0.0592408999800682,0.0010546928970143
P05501_O94238,0.003297,0.003297,0.033663,0.3435521423816681,0.0020821373909711,0.0020104206632822
O94355_O59751,0.0034572,0.0034572,0.033597,0.36874520778656006,0.0090975714847445,0.0888346657156944
Q9USZ3_P0CT70,0.658,0.658,0.10049,0.006026613991707563,0.9989515542984008,0.02485385350883
O74910_P05767,0.016683,0.016683,0.048094,0.39951565861701965,0.9959114789962769,0.9528471231460572
Q10113_Q09761,0.0033854,0.0033854,0.033858,0.08413155376911163,0.1738113164901733,0.9473679661750792
Q9UUI1_O60016,0.0034504,0.0034504,0.034703,0.6503056287765503,0.998895525932312,0.0052607348188757
O74433_Q9US45,0.0032175,0.0032175,0.033605,0.3979037404060364,0.0044666682370007,0.0028563058003783
P40235_P52822,0.0037967,0.0037967,0.033503,0.21534432470798492,0.0057084588333964,0.0030266405083239
O74360_O13985,0.0033135,0.0033135,0.035576,0.10286746174097061,0.0148392170667648,0.5755144953727722
P36625_P26306,0.0035274,0.0035274,0.033871,0.05553939566016197,0.9990437626838684,0.8682548999786377
O59751_P87169,0.065479,0.065479,0.033561,0.14458391070365906,0.0419151298701763,0.7163845896720886
P50524_O74895,0.0032471,0.0032471,0.052836,0.21156045794487,0.999067485332489,0.2899164259433746
Q9USH1_Q9Y821,0.027577,0.027577,0.039399,0.4440957307815552,0.9990874528884888,0.4744783341884613
Q06182_Q09906,0.0033547,0.0033547,0.033537,0.3249000012874603,0.0033526679035276,0.0054373070597648
O60150_Q6BDR8,0.0033679,0.0033679,0.034055,0.22829319536685944,0.0088869482278823,0.0089965732768177
O74774_P04688,0.0044583,0.0044583,0.034898,0.6289035081863403,0.9990206956863404,0.2164617925882339
Q10218_P0CU09,0.0033204,0.0033204,0.033736,0.5253584384918213,0.7694031596183777,0.1717593818902969
P87324_O94316,0.0034667,0.0034667,0.035063,0.19668856263160706,0.9989150762557985,0.1669689565896988
P36614_Q9UTI3,0.0032181,0.0032181,0.033998,0.016351368278265,0.0149856926873326,0.0870208591222763
O74955_O94616,0.0031825,0.0031825,0.033662,0.22606025636196136,0.0015057441778481,0.0205320697277784
P36625_O14459,0.0032211,0.0032211,0.037091,0.49991193413734436,0.998952865600586,0.0086724180728197
Q09763_Q0E7J7,0.0032183,0.0032183,0.033689,0.14394699037075043,0.0011146600591018,0.0163648705929517
P05219_P29458,0.0044115,0.0044115,0.037137,0.0688406229019165,0.0241956282407045,0.0049791927449405
O42709_Q9P4W1,0.033121,0.033121,0.033888,0.04734424129128456,0.0416212677955627,0.0006396399694494
O14350_O60150,0.0032945,0.0032945,0.034017,0.3363962471485138,0.0022149719297885,0.0034368035849183
P08092_Q09858,0.0038455,0.0038455,0.033521,0.24555189907550812,0.0071659632958471,0.0249385200440883
P05764_P48009,0.0036549,0.0036549,0.033456,0.6901755928993225,0.0012709038564935,0.0009675162727944
Q09150_P30261,0.00323,0.00323,0.035019,0.23706677556037903,0.0296923723071813,0.0178706180304288
O14329_O75001,0.0041352,0.0041352,0.033568,0.08690593391656876,0.0028664472047239,0.0041253510862588
O13826_Q9USX3,0.0035291,0.0035291,0.036779,0.2481502741575241,0.9990229606628418,0.9857205152511596
Q03392_Q92399,0.0035002,0.0035002,0.044017,0.10398208349943161,0.9982666969299316,0.0036493558436632
Q09683_C6Y4D0,0.0034211,0.0034211,0.033622,0.6021251082420349,0.9991018772125244,0.0273153372108936
O74471_O59793,0.0040521,0.0040521,0.033524,0.5007914900779724,0.0424729660153389,0.0035127114970237
Q09916_Q9P6Q6,0.0037318,0.0037318,0.033943,0.8759097456932068,0.999026656150818,0.466463029384613
O59800_P39964,0.0042329,0.0042329,0.035661,0.27695631980895996,0.9988239407539368,0.6503012180328369
Q9HDY7_O74958,0.0043125,0.0043125,0.03381,0.16740097105503082,0.0066980933770537,0.0415303036570549
P40381_Q9USH1,0.005779,0.005779,0.13433,0.12510181963443756,0.9990730285644532,0.0132953878492116
O60104_Q0E7J7,0.0033446,0.0033446,0.035388,0.025854531675577164,0.0098283300176262,0.2937183380126953
O74796_O74175,0.0033114,0.0033114,0.033591,0.1554299294948578,0.9846029281616212,0.0238986704498529
O60158_Q09906,0.0064381,0.0064381,0.034644,0.08145997673273087,0.0052707255817949,0.0917713493108749
Q9UTI3_O59945,0.0031566,0.0031566,0.033564,0.3112916648387909,0.0010370070813223,0.0099871810525655
Q9P6Q6_Q09191,0.0032388,0.0032388,0.033789,0.6197853684425354,0.006899690721184,0.0196126233786344
P87173_Q9HE05,0.0036906,0.0036906,0.033805,0.14923331141471863,0.0210106465965509,0.1771620213985443
O14140_Q9P6Q0,0.032421,0.032421,0.034275,0.25677087903022766,0.999004065990448,0.0083160931244492
Q1MTQ1_O42661,0.0045947,0.0045947,0.035033,0.4586426615715027,0.0044007520191371,0.0050844252109527
O13828_O94752,0.0059923,0.0059923,0.034154,0.10969029366970062,0.3211006820201874,0.2553994953632355
P05734_O42844,0.0043881,0.0043881,0.033995,0.5285958647727966,0.0283575784415006,0.0216407757252454
P04551_O74736,0.0049761,0.0049761,0.035429,0.24359840154647827,0.0106615154072642,0.2040286213159561
P10506_Q4PIR3,0.0055185,0.0055185,0.033991,0.06176527589559555,0.007737276609987,0.7036765813827515
Q10343_O60164,0.0049142,0.0049142,0.033913,0.07979040592908859,0.0167676676064729,0.0099133662879467
Q9US45_P36618,0.0031989,0.0031989,0.034041,0.4020286202430725,0.002739930525422,0.0341340191662311
P21135_P17937,0.0047476,0.0047476,0.034594,0.057964444160461426,0.9986371397972108,0.5618455410003662
O74966_O14241,0.0034292,0.0034292,0.034456,0.2157934606075287,0.0240060985088348,0.0090530524030327
O43080_Q12701,0.0034644,0.0034644,0.033526,0.691236138343811,0.0030800208915024,0.0571896247565746
O14036_P05767,0.52264,0.52264,0.23958,0.012335565872490406,0.995797038078308,0.0616657510399818
O59755_O74803,0.0053596,0.0053596,0.033928,0.1317242980003357,0.0070643876679241,0.2382483929395675
O14329_Q10317,0.003326,0.003326,0.033647,0.475951224565506,0.0016295013483613,0.0105274468660354
Q9P6R1_Q9P7F9,0.0095631,0.0095631,0.77289,0.17081649601459503,0.0010483629303053,0.0006595454760827
Q9Y7Z1_Q10477,0.0037896,0.0037896,0.035025,0.7084962129592896,0.9987019300460817,0.6658079624176025
Q09892_O14021,0.0091244,0.0091244,0.040356,0.20930956304073334,0.0733695179224014,0.0135264974087476
Q1MTQ1_Q11120,0.0034414,0.0034414,0.033612,0.3659304976463318,0.0027883958537131,0.1604143381118774
O94355_P40995,0.003213,0.003213,0.03375,0.22223997116088867,0.0036372204776853,0.5481311082839966
Q9Y7R3_P34208,0.0032507,0.0032507,0.034656,0.05524616688489914,0.0070713646709918,0.0397821217775344
O94752_Q9UUB7,0.0031584,0.0031584,0.033646,0.1522473245859146,0.0037226900458335,0.0135571118444204
Q12381_G2TRP5,0.003802,0.003802,0.033522,0.43761295080184937,0.0066392756998538,0.0009333654306828
O36023_P40372,0.0041218,0.0041218,0.033607,0.22457243502140045,0.0013569826260209,0.0009136595181189
Q06182_Q9Y7U4,0.0033293,0.0033293,0.034221,0.070440374314785,0.9990274906158448,0.9301934242248536
P40381_Q06182,0.0041503,0.0041503,0.041257,0.3350026309490204,0.9989523887634276,0.0805737599730491
Q10330_Q9UTK6,0.0043056,0.0043056,0.051655,0.0675957053899765,0.9989344477653505,0.9147656559944152
Q9P7E0_P40380,0.0031847,0.0031847,0.033514,0.27397146821022034,0.0031907446682453,0.0007999357185326
Q9UTA4_Q9Y709,0.0036232,0.0036232,0.033741,0.622033417224884,0.0082610119134187,0.0033350281883031
O14064_Q09170,0.0038911,0.0038911,0.034743,0.185585618019104,0.9988522529602052,0.9844776391983032
O94263_O59680,0.0041909,0.0041909,0.033623,0.0636403039097786,0.0481167174875736,0.0008557763067074
O59767_O13672,0.0034146,0.0034146,0.033749,0.19905252754688263,0.9916821718215942,0.1659674942493438
O74736_P12000,0.0044663,0.0044663,0.033805,0.5907860398292542,0.9989521503448486,0.4183753430843353
Q9USR7_Q09825,0.0032877,0.0032877,0.033699,0.1827419549226761,0.0027258796617388,0.0020242945756763
O59734_P05733,0.79558,0.79558,0.039512,0.22777363657951355,0.0187379978597164,0.0035409333650022
O74978_Q09717,0.003681,0.003681,0.034534,0.24136194586753845,0.0066719013266265,0.0470856726169586
Q9UTS6_O13816,0.0031364,0.0031364,0.033699,0.408793181180954,0.819985568523407,0.0124522158876061
Q9UU79_P52890,0.004697,0.004697,0.033559,0.20063912868499756,0.0060245241038501,0.1006582602858543
O74790_P46595,0.0044357,0.0044357,0.033791,0.06436195969581604,0.0182567555457353,0.0019441341282799
O13728_O74988,0.0031798,0.0031798,0.033477,0.3953076899051666,0.0019384864717721,0.001113107195124
Q9UUJ4_P0CT70,0.0035552,0.0035552,0.034455,0.5563290119171143,0.0077939773909747,0.0073357778601348
O13758_P26306,0.0032182,0.0032182,0.033734,0.2282971292734146,0.998903751373291,0.1317624300718307
P40384_P50530,0.0031941,0.0031941,0.033615,0.06970109045505524,0.0015783995622768,0.0192797780036926
P41410_O42995,0.0078645,0.0078645,0.044989,0.5450249314308167,0.9928730726242064,0.1960547864437103
P40384_Q09683,0.0036112,0.0036112,0.03356,0.05900336802005768,0.9990842342376708,0.3771698772907257
P33520_P41412,0.010898,0.010898,0.034983,0.36475685238838196,0.9989572763442992,0.9931457042694092
Q9P7P2_O94542,0.0033426,0.0033426,0.037082,0.2534804940223694,0.998339295387268,0.9859161972999572
O94408_O74433,0.0032253,0.0032253,0.033534,0.14445102214813232,0.0046934648416936,0.0009468108764849
P08647_P28829,0.0035672,0.0035672,0.063489,0.412939190864563,0.23773293197155,0.1501770466566085
P36629_P50530,0.0042336,0.0042336,0.03506,0.5744931697845459,0.0126053728163242,0.6561331152915955
Q9US52_P0CT70,0.0035334,0.0035334,0.033442,0.23281408846378326,0.0434981100261211,0.0092436224222183
Q9UT72_O74175,0.0043516,0.0043516,0.034307,0.2004459798336029,0.9977193474769592,0.0022408841177821
O74988_Q10317,0.0032244,0.0032244,0.03354,0.04906420409679413,0.6030554175376892,0.0047434773296117
P36617_P32434,0.0033047,0.0033047,0.034108,0.10291535407304764,0.0138961309567093,0.0258823297917842
O60104_Q9USU3,0.0033204,0.0033204,0.033826,0.014741405844688416,0.0082214064896106,0.4138646721839905
Q09142_Q10067,0.032986,0.032986,0.03471,0.14910101890563965,0.0449592545628547,0.9644401669502258
Q09914_P21534,0.010833,0.010833,0.033549,0.01043782476335764,0.0006384170264936,0.001160338986665
Q9URY2_O94326,0.0032915,0.0032915,0.033674,0.19327668845653534,0.0016717097023501,0.3823786675930023
O94698_O74955,0.0031296,0.0031296,0.033608,0.5759121179580688,0.002455249428749,0.014047953300178
P46595_Q10099,0.56317,0.56317,0.10771,0.030935445800423622,0.0099791884422302,0.0012292630271986
O13672_Q9Y7Z1,0.037584,0.037584,0.17773,0.22738516330718994,0.999029278755188,0.996841549873352
P40372_P36629,0.048272,0.048272,0.047898,0.19885797798633575,0.0075924023985862,0.3482284843921661
O14216_P0CG72,0.0037446,0.0037446,0.035343,0.02018509805202484,0.0045035993680357,0.0140636479482054
O14459_Q10103,0.0033856,0.0033856,0.040948,0.24447955191135406,0.9988279938697816,0.0328950993716716
P27638_P34208,0.048095,0.048095,0.095837,0.0726386159658432,0.9989598989486694,0.7920655012130737
Q9Y7M6_O74958,0.003127,0.003127,0.033469,0.1716819405555725,0.0120123634114861,0.285347431898117
O74184_Q10113,0.0033024,0.0033024,0.034158,0.27998366951942444,0.9774147272109984,0.0245303213596344
Q09196_Q10366,0.0031848,0.0031848,0.033463,0.18895386159420013,0.0185712967067956,0.0025351857766509
Q9P7V3_O94684,0.0032416,0.0032416,0.033702,0.2622598111629486,0.019534284248948,0.0152834448963403
P07657_O74446,0.022855,0.022855,0.033656,0.2747611105442047,0.0013313833624124,0.0027859981637448
Q9HFE5_Q9Y7R3,0.0032286,0.0032286,0.034567,0.14765432476997375,0.0027339071966707,0.0198677480220794
Q9UTK6_O42846,0.003818,0.003818,0.046074,0.07556597888469696,0.019646156579256,0.0299181919544935
P87074_P46595,0.0097024,0.0097024,0.033491,0.03902634605765343,0.9984142780303956,0.0156752467155456
O60104_P78794,0.0031812,0.0031812,0.033938,0.11301909387111664,0.99909245967865,0.979654848575592
P78972_O14339,0.0061075,0.0061075,0.038657,0.515341579914093,0.5874097943305969,0.0068869404494762
Q9P7F9_P26306,0.0058948,0.0058948,0.033556,0.11907395720481873,0.0005817688652314,0.0006483470206148
Q10317_O94722,0.0032922,0.0032922,0.036032,0.3287810981273651,0.0006920036394149,0.0354048572480678
O94288_O14235,0.0031882,0.0031882,0.033853,0.03301386907696724,0.0108756115660071,0.0050298050045967
O14064_P50530,0.003531,0.003531,0.035271,0.35592448711395264,0.9986433386802672,0.8827053904533386
P40848_Q9UUJ4,0.0032794,0.0032794,0.033666,0.8288030028343201,0.0562736205756664,0.0063023907132446
Q9UUC6_P50524,0.0044641,0.0044641,0.033572,0.8500847220420837,0.9990032315254213,0.0064320326782763
Q4PIR3_P78794,0.0032696,0.0032696,0.033746,0.008202389813959599,0.0324387997388839,0.2841385006904602
O13351_O13916,0.0032059,0.0032059,0.89021,0.02855658158659935,0.0057703615166246,0.0160381589084863
Q09906_P40996,0.003317,0.003317,0.033515,0.3312356472015381,0.012956871651113,0.0086648697033524
O74536_O94408,0.0058538,0.0058538,0.034137,0.1640685796737671,0.0145594915375113,0.0084835654124617
Q1MTN3_O94658,0.0077699,0.0077699,0.034652,0.18484242260456085,0.998704433441162,0.0231638588011264
Q9Y7Z7_O94705,0.0035915,0.0035915,0.033553,0.11291646957397461,0.0548923686146736,0.0029971930198371
Q9USL5_Q96WW3,0.0042017,0.0042017,0.033973,0.15124735236167908,0.1466308683156967,0.9884060621261596
Q09683_Q09698,0.0034571,0.0034571,0.034593,0.36522969603538513,0.998802661895752,0.9474824666976928
O43114_O74533,0.0033006,0.0033006,0.033497,0.8013432025909424,0.0023347483947873,0.065325528383255
P32586_Q9UUC1,0.0062611,0.0062611,0.033992,0.6445479989051819,0.0022367683704942,0.0117850927636027
Q9UTI8_P48011,0.12813,0.12813,0.74021,0.6975031495094299,0.9989776611328124,0.458769828081131
Q09933_Q874R3,0.0086079,0.0086079,0.035051,0.46119409799575806,0.1335522383451461,0.1852803975343704
P09322_O94321,0.0041369,0.0041369,0.040645,0.16286087036132812,0.0070081111043691,0.0350365601480007
O14230_P50523,0.0032682,0.0032682,0.033606,0.25313833355903625,0.0017842350061982,0.0029694116674363
P09322_Q02088,0.0035939,0.0035939,0.033737,0.13372984528541565,0.5366185307502747,0.0590730682015419
P56287_Q9UT76,0.0040624,0.0040624,0.16615,0.259624183177948,0.0063830809667706,0.0706856325268745
P87159_P40384,0.0033019,0.0033019,0.033598,0.3721894919872284,0.0035497541539371,0.3571260571479797
O94542_O13790,0.0035156,0.0035156,0.034274,0.07032981514930725,0.0015230021672323,0.0220912657678127
O42661_O74957,0.0036782,0.0036782,0.033525,0.10197455435991287,0.2291964888572693,0.0029705974739044
Q09808_P05764,0.0032099,0.0032099,0.033543,0.15151430666446686,0.998927891254425,0.0010800991440191
O94309_Q9UT72,0.0035941,0.0035941,0.033654,0.4634822607040405,0.0096594132483005,0.0110060274600982
Q10343_P79065,0.0033706,0.0033706,0.033713,0.00766328489407897,0.0360312573611736,0.002542985137552
O42991_P0CT68,0.053121,0.053121,0.06036,0.07141850143671036,0.9988369345664978,0.9202511310577391
P0CT70_Q9P7F9,0.0038197,0.0038197,0.035745,0.1120104044675827,0.0006798652466386,0.001870080595836
P87306_Q10477,0.0090088,0.0090088,0.088283,0.006039605010300875,0.9990830421447754,0.9833110570907592
O42995_Q9HE05,0.0034347,0.0034347,0.038612,0.4950331449508667,0.0264632608741521,0.0109513420611619
Q9P784_P36622,0.0033079,0.0033079,0.034061,0.5413511991500854,0.0027765475679188,0.0023930044844746
Q9HGL8_Q9HE05,0.0034505,0.0034505,0.043915,0.27595067024230957,0.0185784120112657,0.0021465681493282
P36613_Q9UTK6,0.0033809,0.0033809,0.033949,0.018200378865003586,0.9986750483512878,0.5739108920097351
O13816_Q9URY0,0.0038379,0.0038379,0.040882,0.33705025911331177,0.1937475055456161,0.2071024030447006
Q9UT52_P28748,0.0032236,0.0032236,0.033674,0.025630490854382515,0.0059896940365433,0.0139331882819533
Q10169_Q9P802,0.0075738,0.0075738,0.047629,0.2732469439506531,0.0285073425620794,0.0722007453441619
Q09717_Q09116,0.0045565,0.0045565,0.033675,0.08219102770090103,0.2669553458690643,0.0676772892475128
Q10316_P50582,0.0036481,0.0036481,0.033561,0.04900440201163292,0.2327795624732971,0.2394514232873916
Q9P802_O94609,0.0033055,0.0033055,0.033728,0.19691500067710876,0.9988054037094116,0.067321740090847
P36592_P36601,0.0037586,0.0037586,0.033683,0.10229398310184479,0.0330134518444538,0.0202192608267068
O74446_Q9US59,0.0036061,0.0036061,0.033745,0.004260550253093243,0.0039582694880664,0.0120059652253985
P50582_P41412,0.0046948,0.0046948,0.034275,0.7263298630714417,0.0908572226762771,0.965171992778778
O74854_Q9UUJ1,0.0040824,0.0040824,0.033976,0.17330048978328705,0.0019391893874853,0.0496687144041061
Q9P7M1_O42991,0.0055918,0.0055918,0.034486,0.07980725169181824,0.9989185333251952,0.0693667382001876
Q09882_O14180,0.0032797,0.0032797,0.035122,0.05126020684838295,0.9988940358161926,0.9729892015457152
O42832_P87123,0.004773,0.004773,0.035177,0.29501909017562866,0.9989699125289916,0.1288712471723556
P05219_O14098,0.0088888,0.0088888,0.033986,0.06846292316913605,0.9983038902282716,0.0788960456848144
Q9USL5_O13351,0.0040241,0.0040241,0.033847,0.23232129216194153,0.9988635778427124,0.1928182989358902
Q0E7J7_P0CF96,0.0031767,0.0031767,0.034043,0.3256990313529968,0.1333721429109573,0.0060010775923728
O74771_O59800,0.003246,0.003246,0.033978,0.15243174135684967,0.0050373394042253,0.2300192266702652
P30261_A6X980,0.0031931,0.0031931,0.034385,0.1399087756872177,0.9990158081054688,0.952983558177948
P09988_O94263,0.0033,0.0033,0.03365,0.16721846163272858,0.9990235567092896,0.0229450277984142
Q9HE05_Q9Y7N2,0.0031856,0.0031856,0.034524,0.32669028639793396,0.0188151430338621,0.0755692794919014
O13916_O59755,0.0031873,0.0031873,0.033872,0.35345590114593506,0.0467360578477382,0.0426060147583484
Q6BDR8_Q09763,0.003313,0.003313,0.034039,0.35205787420272827,0.0016379529843106,0.0804283991456031
O74895_Q10585,0.0040446,0.0040446,0.033598,0.0720846951007843,0.7830060124397278,0.5672261714935303
O74771_Q10099,0.0041722,0.0041722,0.033821,0.13506412506103516,0.011898836120963,0.432807445526123
Q09150_Q9UTK6,0.0032214,0.0032214,0.036221,0.3309778571128845,0.9925004839897156,0.0583576075732708
Q9UST6_P87306,0.0073045,0.0073045,0.0377,0.15892507135868073,0.99904602766037,0.9842711091041564
P36592_Q9URY0,0.0033202,0.0033202,0.036021,0.06516974419355392,0.9988797307014464,0.1742195636034011
O59703_Q9P784,0.0031499,0.0031499,0.033525,0.4467317461967468,0.0042695412412285,0.0046397466212511
Q92358_Q9P4W1,0.0037024,0.0037024,0.033773,0.2425815612077713,0.0084029585123062,0.0012358396779745
O74747_P36583,0.0041623,0.0041623,0.075075,0.18063431978225708,0.0074379979632794,0.4420838356018066
Q9USP0_O13877,0.0031604,0.0031604,0.033805,0.8265093564987183,0.2024441957473755,0.0011817518388852
O59790_Q9UUE5,0.068398,0.068398,0.033558,0.34867554903030396,0.03129493445158,0.0883795693516731
Q10477_Q9P7V3,0.16344,0.16344,0.036309,0.13622918725013733,0.0065207849256694,0.0278113856911659
O13728_Q10056,0.033848,0.033848,0.034296,0.40373262763023376,0.0592911168932914,0.8012406826019287
O60158_P36585,0.0058984,0.0058984,0.039624,0.04697996377944946,0.011737385764718,0.030700497329235
P87231_O13816,0.0035675,0.0035675,0.035119,0.08673857897520065,0.9964208602905272,0.815544605255127
P87245_P0CG72,0.0050311,0.0050311,0.034895,0.2555861175060272,0.0056232055649161,0.0092084351927042
P40997_O14388,0.0039628,0.0039628,0.034467,0.04273753613233566,0.9978411197662354,0.0168451964855194
Q10366_O13681,0.0032818,0.0032818,0.033886,0.6076293587684631,0.0025281263515353,0.2465128004550933
P36601_O74560,0.0033149,0.0033149,0.033846,0.0885503888130188,0.0315098576247692,0.0159288961440324
P07657_Q9UTF6,0.0036988,0.0036988,0.035227,0.011171982623636723,0.0018792651826515,0.9352129101753236
O43114_P09988,0.0034001,0.0034001,0.033728,0.05011340603232384,0.0020383698865771,0.0108813475817441
O14129_P78929,0.0034719,0.0034719,0.033547,0.1393003761768341,0.0328607112169265,0.0079363118857145
O74983_O74433,0.0033702,0.0033702,0.033535,0.0075941127724945545,0.0018601311603561,0.001271482091397
O13782_Q9UU79,0.0033642,0.0033642,0.033601,0.21765610575675964,0.0021170678082853,0.0126297827810049
Q9Y7Z1_P05501,0.0035221,0.0035221,0.03427,0.004705307073891163,0.0009751344332471,0.0018002694705501
O74736_Q09916,0.0047021,0.0047021,0.033876,0.437895804643631,0.99905925989151,0.1275364756584167
O13370_Q9P7M3,0.0032997,0.0032997,0.033749,0.21392136812210083,0.9989914298057556,0.0046756225638091
Q9UU79_O74771,0.0031987,0.0031987,0.033821,0.17272889614105225,0.007290864828974,0.0189775247126817
P87123_Q10317,0.0038677,0.0038677,0.062999,0.06283629685640335,0.458422839641571,0.0159732066094875
P40381_O36023,0.0034182,0.0034182,0.033932,0.43328002095222473,0.0026155267842113,0.0473464056849479
Q09916_O74910,0.003368,0.003368,0.036173,0.28704431653022766,0.993565022945404,0.6320638060569763
O94717_Q09822,0.0032916,0.0032916,0.034191,0.21316874027252197,0.0045181643217802,0.3939779996871948
P56287_O94408,0.0047057,0.0047057,0.033547,0.37698838114738464,0.9990215301513672,0.0325018540024757
P21135_Q09760,0.0034402,0.0034402,0.035686,0.627700924873352,0.9979640245437622,0.0511244609951972
Q9P7V3_O14011,0.23558,0.23558,0.033759,0.1574515998363495,0.9990515112876892,0.0813236087560653
A6X980_P36614,0.0032552,0.0032552,0.034956,0.045407652854919434,0.0284077413380146,0.0083723058924078
Q9P7M1_Q9P7Q8,0.0031414,0.0031414,0.034077,0.20375587046146393,0.0050104456022381,0.4643908143043518
Q96WV9_P36622,0.010101,0.010101,0.033931,0.12785375118255615,0.0131207657977938,0.483028769493103
Q9P7M3_O14459,0.0031828,0.0031828,0.034157,0.24788148701190948,0.0245207268744707,0.004427867475897
O13351_Q10159,0.0046438,0.0046438,0.034069,0.15011374652385712,0.0032497702632099,0.7086410522460938
Q9USV1_O94360,0.0032458,0.0032458,0.033526,0.6400154232978821,0.0008863244438543,0.0030273632146418
O60150_Q9UTR8,0.0033357,0.0033357,0.03432,0.20802825689315796,0.0090149231255054,0.0254012681543827
O14269_O42954,0.0034543,0.0034543,0.033913,0.5751132965087891,0.9980260729789734,0.9713597893714904
P87053_P17937,0.0032777,0.0032777,0.03382,0.6389412879943848,0.0216632150113582,0.0035261833108961
O14010_Q02088,0.071871,0.071871,0.033511,0.2700527608394623,0.007933372631669,0.0227841865271329
Q9P7A0_Q9USX8,0.0035334,0.0035334,0.033648,0.23137183487415314,0.0018734049517661,0.0077417073771357
O43114_Q10366,0.0034345,0.0034345,0.033784,0.15693308413028717,0.0025803002063184,0.0166474748402833
Q9UTF6_Q09760,0.0031308,0.0031308,0.033502,0.14731961488723755,0.0021960197482258,0.0044079306535422
P50524_O94668,0.0033331,0.0033331,0.034067,0.7815618515014648,0.9990648627281188,0.1346741765737533
P09322_P36583,0.047104,0.047104,0.064902,0.5671153664588928,0.0282850097864866,0.0195861775428056
O14180_O14339,0.0055053,0.0055053,0.053386,0.09202724695205688,0.9990420937538148,0.9731343388557434
P40381_P06652,0.0038241,0.0038241,0.036783,0.23476137220859528,0.998342752456665,0.0188859421759843
O74747_P87323,0.0033495,0.0033495,0.033635,0.24977293610572815,0.9940641522407532,0.9912302494049072
Q9Y7R3_P36583,0.0032682,0.0032682,0.035634,0.3106744587421417,0.0045001143589615,0.6047426462173462
Q9UST6_O94616,0.0031765,0.0031765,0.034389,0.6508679986000061,0.0064287455752491,0.0157304499298334
O94476_O94687,0.0035368,0.0035368,0.033577,0.10069321095943451,0.0039332169108092,0.0485864728689193
Q06182_Q9UUA8,0.0033083,0.0033083,0.033542,0.08975709974765778,0.0078356778249144,0.0381854511797428
Q9P4W1_P05764,0.0065324,0.0065324,0.033657,0.3193745017051697,0.9987713694572448,0.0003673585015349
O74433_Q9P7E0,0.015804,0.015804,0.30359,0.4742673337459564,0.9990600943565368,0.9351273775100708
O42995_O14198,0.0031925,0.0031925,0.033908,0.09089145809412003,0.132394477725029,0.2045063376426696
O13889_O14399,0.010632,0.010632,0.14017,0.21169114112854004,0.0876695588231086,0.6528360843658447
Q12126_O42709,0.0034961,0.0034961,0.033911,0.3217009902000427,0.9987004995346068,0.1703871190547943
Q9P6R1_Q92372,0.007327,0.007327,0.034935,0.07493618875741959,0.9989221096038818,0.0445576608180999
P52890_P42656,0.021918,0.021918,0.033565,0.015407253056764603,0.146289125084877,0.0770963206887245
O14064_P87053,0.0034626,0.0034626,0.03591,0.374095618724823,0.3572302460670471,0.2829988896846771
O74465_O94658,0.0045297,0.0045297,0.033991,0.41188716888427734,0.021264323964715,0.004005070310086
O74983_Q9C107,0.0068956,0.0068956,0.034796,0.15134260058403015,0.2080228477716446,0.0052799559198319
Q9UUE5_P87306,0.0039435,0.0039435,0.03881,0.3868425190448761,0.9989998936653136,0.975618839263916
P40984_P87051,0.0046964,0.0046964,0.46172,0.5615118741989136,0.9957711100578308,0.0008279252797365
P01129_Q10067,0.0051846,0.0051846,0.03474,0.02154635451734066,0.0076767168939113,0.6272890567779541
P41005_Q09772,0.0034381,0.0034381,0.033831,0.7047125101089478,0.9987741112709044,0.2544869780540466
O14399_P05734,0.0087468,0.0087468,0.034435,0.2703576385974884,0.0029760736506432,0.0014605061151087
O59734_O14399,0.060019,0.060019,0.32425,0.04461446404457092,0.0023634904064238,0.0008952359785325
O13684_O13370,0.0034176,0.0034176,0.033625,0.007092189509421587,0.053932674229145,0.012270888313651
O74399_Q92358,0.0031467,0.0031467,0.033656,0.12077702581882477,0.0110521400347352,0.0069208918139338
P36592_O13953,0.0035273,0.0035273,0.035185,0.40608569979667664,0.9990608096122742,0.3989723026752472
Q9USY3_Q09154,0.0036262,0.0036262,0.033704,0.12512733042240143,0.0017308532260358,0.0039791068993508
Q10103_Q9UTI8,0.0081151,0.0081151,0.044304,0.04355902224779129,0.9986153841018676,0.0164385512471199
O94309_O74736,0.0042225,0.0042225,0.033557,0.21861349046230316,0.9958742260932922,0.0233976803719997
O74988_Q9HGL6,0.0032702,0.0032702,0.033483,0.23425893485546112,0.998933970928192,0.0047396137379109
P05733_P56286,0.01939,0.01939,0.042062,0.2131652981042862,0.9987106323242188,0.0190366208553314
Q9USJ7_Q10159,0.022837,0.022837,0.033519,0.040971577167510986,0.0048362165689468,0.3745589852333069
Q9P7G0_O94408,0.0056603,0.0056603,0.033631,0.5920786261558533,0.9990466237068176,0.1794015765190124
P32390_Q92352,0.0063767,0.0063767,0.033852,0.08216894418001175,0.998508870601654,0.7662526965141296
P78774_Q9URY0,0.0034656,0.0034656,0.2478,0.26791760325431824,0.0046288128942251,0.9629644751548768
O74978_O94687,0.018768,0.018768,0.039176,0.17084243893623352,0.0599536336958408,0.6314470767974854
Q874R3_O14417,0.003364,0.003364,0.033659,0.10447794944047928,0.0026353874709457,0.0246780347079038
P79010_P36614,0.0040807,0.0040807,0.034155,0.2845454812049866,0.0164454374462366,0.0072852000594139
Q9P7T4_Q9P7F9,0.0033464,0.0033464,0.033724,0.1526382863521576,0.003884911770001,0.0003358770918566
O14122_O14350,0.0031509,0.0031509,0.034655,0.005638301372528076,0.0070105572231113,0.0113169867545366
Q9P7X1_O74958,0.0037206,0.0037206,0.033489,0.3807360827922821,0.0015617151511833,0.0389666520059108
Q09898_O13351,0.010821,0.010821,0.046102,0.5992295145988464,0.2481652498245239,0.0924778282642364
P87310_O14216,0.0032516,0.0032516,0.033694,0.06457863003015518,0.9990334510803224,0.1561526507139206
P87126_Q09898,0.0041248,0.0041248,0.034202,0.2659139931201935,0.0356677733361721,0.1537029147148132
Q9HE05_G2TRP5,0.003342,0.003342,0.033567,0.22379350662231445,0.050706423819065,0.0007266813190653
O13688_Q874R3,0.0036771,0.0036771,0.034795,0.1413821578025818,0.0045067770406603,0.0338418520987033
P07334_Q10428,0.16532,0.16532,0.034483,0.0311693474650383,0.9978633522987366,0.9821674823760986
O94238_Q9UST6,0.0034571,0.0034571,0.034637,0.04194158688187599,0.0099000222980976,0.0492660924792289
O94444_Q9UT46,0.0034636,0.0034636,0.033617,0.11769487708806992,0.0849748700857162,0.4909512996673584
O43070_Q9USP9,0.0034037,0.0034037,0.033922,0.18198372423648834,0.7506772875785828,0.0848700702190399
Q09763_O59800,0.0032742,0.0032742,0.033685,0.1028875783085823,0.0009924552869051,0.190590888261795
O94684_P87323,0.0032365,0.0032365,0.033574,0.10109301656484604,0.0079452330246567,0.9688737988471984
O94263_O74910,0.003577,0.003577,0.034731,0.1012958437204361,0.9986613988876344,0.6942012906074524
Q9UU79_P13681,0.0036885,0.0036885,0.036765,0.6197953820228577,0.0080391326919198,0.125893235206604
O14352_O74978,0.097205,0.097205,0.045089,0.21086424589157104,0.9989249110221864,0.0234535429626703
Q10353_P36592,0.0039922,0.0039922,0.033956,0.7852032780647278,0.998584508895874,0.1055934578180313
Q4PIR3_O42661,0.003591,0.003591,0.033779,0.004693096969276667,0.9990369081497192,0.0109716411679983
P36622_Q9UUC6,0.0046032,0.0046032,0.034307,0.3854610323905945,0.0013691643252968,0.0070239640772342
O42932_Q9USJ7,0.004979,0.004979,0.033749,0.45713698863983154,0.0042946608737111,0.0464398339390754
O13828_P36618,0.0031836,0.0031836,0.033721,0.521554172039032,0.0199737735092639,0.0919190645217895
Q10103_O14129,0.0042202,0.0042202,0.033644,0.17931847274303436,0.0315918326377868,0.1910911351442337
Q9UT32_O13351,0.0086149,0.0086149,0.033762,0.05482707917690277,0.9988923668861388,0.0083179296925663
Q10282_P41410,0.0032714,0.0032714,0.048669,0.6534015536308289,0.4566197991371155,0.0406882911920547
O13681_Q9Y7R3,0.0033048,0.0033048,0.034626,0.6365413665771484,0.03815234079957,0.6876024007797241
P05501_O74465,0.0036006,0.0036006,0.033477,0.18455630540847778,0.0033366198185831,0.0003999715263489
P09322_P28748,0.010328,0.010328,0.035101,0.7258349657058716,0.0020992753561586,0.0010895046871155
P56288_P08647,0.0034004,0.0034004,0.034233,0.05344511941075325,0.0018313801847398,0.0087770298123359
Q09819_Q9P3B2,0.0034235,0.0034235,0.033511,0.564316987991333,0.0042906943708658,0.0006087439251132
P78774_O14327,0.0032423,0.0032423,0.034776,0.2122052162885666,0.005002561956644,0.0153108313679695
Q10353_O74446,0.0036087,0.0036087,0.033591,0.01762806624174118,0.0082485741004347,0.0034837720450013
O59767_O13816,0.012531,0.012531,0.035035,0.2286680042743683,0.0267654489725828,0.7745504975318909
O36023_Q9P7Q8,0.0039008,0.0039008,0.033625,0.40699198842048645,0.0047098519280552,0.1524771898984909
Q9UT72_P36585,0.01387,0.01387,0.038356,0.4017220139503479,0.9989066123962402,0.0039887530729174
O42832_O94476,0.0033982,0.0033982,0.033851,0.2685142159461975,0.0035766335204243,0.0279179420322179
O74854_O60052,0.0054391,0.0054391,0.033806,0.16422736644744873,0.002550934208557,0.0272109936922788
P87053_Q10343,0.0033612,0.0033612,0.035332,0.33529356122016907,0.9627496600151062,0.071843110024929
P52822_P48009,0.0033125,0.0033125,0.033492,0.1903925985097885,0.0020348643884062,0.0029126061126589
Q9UUM2_O94326,0.0032215,0.0032215,0.043681,0.2031519114971161,0.9835018515586852,0.7067853808403015
Q9UUB5_O74309,0.003199,0.003199,0.034743,0.18827667832374573,0.0165674574673175,0.1328109502792358
P36582_Q9UTI8,0.0055255,0.0055255,0.039643,0.35314875841140747,0.0054004183039069,0.0044940467923879
O74904_Q12381,0.0032332,0.0032332,0.034911,0.35385406017303467,0.0126514565199613,0.5849802494049072
Q92462_Q9UUE5,0.0036981,0.0036981,0.033967,0.021192975342273712,0.0027356301434338,0.0033080568537116
Q9US45_Q10169,0.0039118,0.0039118,0.1138,0.2916189432144165,0.0104578835889697,0.1796555817127227
P17937_P08965,0.0035364,0.0035364,0.033605,0.7196750044822693,0.0487623400986194,0.0037738643586635
Q09933_P36616,0.042985,0.042985,0.034482,0.35529857873916626,0.9957363605499268,0.7793866395950317
O14216_Q10099,0.003867,0.003867,0.045357,0.21250565350055695,0.9980886578559875,0.8390832543373108
Q10067_Q10668,0.0035647,0.0035647,0.035959,0.047963209450244904,0.0106756128370761,0.2787026166915893
O13286_O14064,0.003596,0.003596,0.036796,0.2035394012928009,0.9985998272895812,0.9866830706596376
Q96WV9_P06652,0.0037781,0.0037781,0.034135,0.45725569128990173,0.9987702965736388,0.3624491393566131
P05501_O74184,0.0032877,0.0032877,0.034851,0.40873101353645325,0.0024434623774141,0.0025476994924247
O13790_O13889,0.0061091,0.0061091,0.03404,0.23960545659065247,0.0112352911382913,0.0262946486473083
P04688_Q7LL14,0.0038866,0.0038866,0.035832,0.7158116102218628,0.0221537798643112,0.0189870987087488
O74991_O13978,0.0031298,0.0031298,0.033514,0.298096626996994,0.0071861809119582,0.0049734418280422
O74804_O74499,0.0037233,0.0037233,0.033585,0.08356406539678574,0.0009401265997439,0.0054323095828294
O13978_Q96WW3,0.0031964,0.0031964,0.033569,0.4056227505207062,0.0622123815119266,0.0362295880913734
P56287_P40984,0.0053137,0.0053137,0.033584,0.09041911363601685,0.9970529079437256,0.0062071462161839
Q10193_P39964,0.014082,0.014082,0.036527,0.24711735546588898,0.9989709854125975,0.074458435177803
O13777_Q9UT72,0.0032336,0.0032336,0.033825,0.13707877695560455,0.9990291595458984,0.3355504274368286
Q9P805_P48009,0.0033988,0.0033988,0.033576,0.2513575851917267,0.0063170492649078,0.2004429101943969
Q10198_P13681,0.0039281,0.0039281,0.038761,0.22661781311035156,0.999050796031952,0.0213985294103622
O13802_P87159,0.0035118,0.0035118,0.034129,0.24907565116882324,0.0100930016487836,0.6911797523498535
O94268_P28748,0.0047519,0.0047519,0.035029,0.10381375253200531,0.0059222201816737,0.0020507748704403
O74515_P09988,0.90006,0.90006,0.33645,0.8348140120506287,0.999046504497528,0.979973077774048
O94603_O59767,0.00327,0.00327,0.034839,0.150847390294075,0.0074267452582716,0.8042502403259277
O94658_P14575,0.0038655,0.0038655,0.03375,0.42149004340171814,0.99847012758255,0.1231467351317405
Q92372_O94408,0.0057301,0.0057301,0.03358,0.3549853265285492,0.99903666973114,0.0162968803197145
Q9P6Q0_P87323,0.0033188,0.0033188,0.03361,0.29720252752304077,0.0041392482817173,0.17664635181427
O42846_P78963,0.0034645,0.0034645,0.033616,0.5381148457527161,0.0019748762715607,0.0223299376666545
O74791_P40371,0.003327,0.003327,0.033831,0.10188692063093185,0.0030696634203195,0.0021658022888004
O74184_P28829,0.004656,0.004656,0.036376,0.371644526720047,0.0073047936893999,0.0132789779454469
Q10134_O74511,0.0033549,0.0033549,0.033762,0.49050816893577576,0.5202324986457825,0.6329026222229004
O94547_P41889,0.026851,0.026851,0.033876,0.006553126033395529,0.6481537222862244,0.7488749623298645
P48009_P34208,0.0036719,0.0036719,0.033537,0.3180585503578186,0.0079902578145265,0.158552199602127
O74772_P21534,0.012219,0.012219,0.034034,0.26485201716423035,0.0037950773257762,0.0010752723319455
O13985_O94326,0.003225,0.003225,0.05244,0.38444629311561584,0.9947728514671326,0.8284701108932495
P05733_Q09914,0.003489,0.003489,0.033632,0.3253095746040344,0.002176980022341,0.0008957897662185
P07657_Q9UUC1,0.003924,0.003924,0.03368,0.018428953364491463,0.000793766521383,0.0075268778018653
O74978_Q9Y818,0.012011,0.012011,0.035975,0.4141128659248352,0.0307389665395021,0.0061000771820545
P56286_O42661,0.01304,0.01304,0.047958,0.848460853099823,0.9991081357002258,0.939767599105835
O42954_Q9HE05,0.0033584,0.0033584,0.035311,0.40282297134399414,0.9985491633415222,0.3415283262729645
O59767_P0CG72,0.0043506,0.0043506,0.034025,0.7155779004096985,0.0016556428745388,0.0058470414951443
P0CH07_Q9P782,0.0042347,0.0042347,0.03354,0.7922495007514954,0.0065662334673106,0.0013911499409005
O94309_P10815,0.0033423,0.0033423,0.033605,0.0886552631855011,0.9891409873962402,0.00201326305978
O42995_O36027,0.0031741,0.0031741,0.036986,0.1739891767501831,0.0110664227977395,0.0947464480996131
O94620_P40377,0.0038276,0.0038276,0.085414,0.15611955523490906,0.16075199842453,0.0111487489193677
P40997_Q10271,0.0033706,0.0033706,0.03354,0.27219489216804504,0.0064424872398376,0.2292552143335342
P08092_O13685,0.0061112,0.0061112,0.034066,0.23316964507102966,0.0357926487922668,0.0102116428315639
O94268_Q10218,0.0035274,0.0035274,0.038182,0.11185945570468903,0.4583811461925506,0.0573097132146358
Q10108_O60016,0.003737,0.003737,0.03375,0.7201114892959595,0.0762429758906364,0.0555366538465023
Q9UTK6_Q10113,0.0081798,0.0081798,0.033872,0.08477551490068436,0.0109014129266142,0.3546215295791626
O14229_P36617,0.0033045,0.0033045,0.033815,0.09577449411153793,0.9990115165710448,0.2291090041399002
O14241_O94616,0.0033123,0.0033123,0.033748,0.11900780349969864,0.9987213015556335,0.0385268926620483
O74446_O43070,0.0034424,0.0034424,0.033997,0.1531861424446106,0.0045921192504465,0.0045200907625257
Q10198_P41410,0.0033514,0.0033514,0.03361,0.4379708468914032,0.993973672389984,0.2518035173416137
P0CT77_Q10317,0.004138,0.004138,0.051629,0.1594463437795639,0.9988858103752136,0.1974282711744308
C6Y4D0_O74825,0.0031914,0.0031914,0.033578,0.03901420161128044,0.9989809393882751,0.0605254620313644
O13758_Q9P7Q8,0.0031301,0.0031301,0.034388,0.20827436447143555,0.0125322807580232,0.0850934982299804
Q9UUI1_P40380,0.0032617,0.0032617,0.03381,0.11901906132698059,0.9681656956672668,0.166201964020729
P39964_Q6BDR8,0.003308,0.003308,0.034057,0.3466736674308777,0.0074926558881998,0.8981505036354065
O94376_O94542,0.0035748,0.0035748,0.034037,0.4136185646057129,0.9985069632530212,0.1974332779645919
P50528_P50530,0.029774,0.029774,0.11428,0.2010878473520279,0.9987862706184388,0.9822385311126708
Q10056_O59790,0.049789,0.049789,0.44513,0.2070438712835312,0.9990654587745668,0.7973995208740234
O75001_O94285,0.0042934,0.0042934,0.037038,0.13497258722782135,0.5982487201690674,0.4002920389175415
P0CF96_O43071,0.0033741,0.0033741,0.034046,0.22320955991744995,0.9974181652069092,0.0063442457467317
P87050_Q7LL14,0.0083345,0.0083345,0.033834,0.5530784130096436,0.999021053314209,0.1867413073778152
P87159_P79005,0.0035303,0.0035303,0.036124,0.17882265150547028,0.0108441105112433,0.983461856842041
Q9Y7N2_O94276,0.0081688,0.0081688,0.036483,0.21211446821689606,0.3074349164962768,0.3849232494831085
O94609_Q9Y7Z7,0.0034047,0.0034047,0.033588,0.04616261273622513,0.9975631237030028,0.0712799504399299
Q10113_P36595,0.0034259,0.0034259,0.043172,0.0481867641210556,0.0062347119674086,0.0123992608860135
O74796_Q9UUE5,0.0033706,0.0033706,0.035729,0.017934134230017662,0.9961262345314026,0.9713597893714904
O59790_O74465,0.0042338,0.0042338,0.03363,0.01828734762966633,0.9456032514572144,0.010166092775762
P40996_P87074,0.0035367,0.0035367,0.033995,0.062259528785943985,0.0193160008639097,0.1185780018568039
P78814_Q10193,0.024513,0.024513,0.46422,0.3731409013271332,0.999085545539856,0.9819396138191224
Q9P802_O94717,0.0032344,0.0032344,0.03359,0.012825408950448036,0.9199517965316772,0.0552745945751667
O14235_Q01112,0.0034388,0.0034388,0.033449,0.044491589069366455,0.0131885334849357,0.0020244882907718
O42832_O74399,0.0065513,0.0065513,0.064722,0.17172715067863464,0.9986283779144288,0.996518611907959
O75001_O94717,0.0033692,0.0033692,0.036395,0.25498273968696594,0.0320472419261932,0.0172938220202922
P0CT70_Q9P782,0.0036628,0.0036628,0.034004,0.3861874043941498,0.0041673621162772,0.0027894778177142
O74471_P07657,0.25839,0.25839,0.31063,0.026076950132846832,0.0099355084821581,0.9488266706466676
O74904_P05733,0.63167,0.63167,0.052188,0.1066068559885025,0.0270028281956911,0.9915807843208312
P41887_P87176,0.0034264,0.0034264,0.034276,0.08912752568721771,0.9980058073997498,0.0118071213364601
P78774_Q9UUJ1,0.0039187,0.0039187,0.17052,0.7850993275642395,0.9988043308258056,0.5129820108413696
O13802_O36023,0.0033866,0.0033866,0.033627,0.21800275146961212,0.0045465324074029,0.0123058864846825
O74446_Q92399,0.0033686,0.0033686,0.033706,0.7886609435081482,0.0086449794471263,0.0021670651622116
P10815_P32390,0.0031989,0.0031989,0.033814,0.015209605917334557,0.0743238925933837,0.051795843988657
O13953_O94698,0.0033119,0.0033119,0.036335,0.5372967720031738,0.9982743263244628,0.5335100293159485
O42995_O59800,0.0039519,0.0039519,0.073452,0.822964608669281,0.0164843723177909,0.9746643900871276
P48009_Q10295,0.0032945,0.0032945,0.033507,0.4642024338245392,0.0020883399993181,0.0305744651705026
Q9P802_O13688,0.0031836,0.0031836,0.033644,0.04385491460561752,0.9990224838256836,0.0568833015859127
Q9USP0_O74511,0.0032727,0.0032727,0.033776,0.6209198236465454,0.0024172188714146,0.0022894528228789
Q9URX6_P36618,0.0031239,0.0031239,0.033512,0.20324452221393585,0.0054578920826315,0.0179167222231626
P10651_P40995,0.0039272,0.0039272,0.034624,0.05410291627049446,0.002276669954881,0.0033803435508161
O94646_O13978,0.0032301,0.0032301,0.033695,0.058360062539577484,0.999118149280548,0.316968023777008
Q9UU79_P78972,0.011462,0.011462,0.044715,0.009654647670686245,0.9891340136528016,0.0942756831645965
Q9USX8_Q09914,0.0045828,0.0045828,0.03352,0.3587088882923126,0.0289496146142482,0.104823313653469
Q9P7B7_Q9P802,0.0032037,0.0032037,0.033725,0.08872401714324951,0.9868658185005188,0.0314210578799247
O14079_P05219,0.0050386,0.0050386,0.033781,0.0059842937625944614,0.9984246492385864,0.0078193210065364
O94542_Q09914,0.0031965,0.0031965,0.033531,0.08401595056056976,0.0086282920092344,0.004925753455609
O14064_O59790,0.0035981,0.0035981,0.034686,0.6161954998970032,0.9989114999771118,0.3511685132980346
O14241_P32390,0.0036557,0.0036557,0.033543,0.18981491029262543,0.9979082345962524,0.8767082691192627
Q10232_P87169,0.0031379,0.0031379,0.033588,0.22996802628040314,0.9989628791809082,0.0308321248739957
Q9P7P1_O42844,0.0034001,0.0034001,0.033603,0.670518696308136,0.9706345200538636,0.0588785447180271
P54789_Q9USP0,0.0032939,0.0032939,0.033679,0.46649593114852905,0.0462687499821186,0.0059289867058396
O43036_O14011,0.0031863,0.0031863,0.033836,0.1204051598906517,0.9985938668251038,0.0082630077376961
O13351_P36595,0.17232,0.17232,0.079753,0.2774583399295807,0.9951239228248596,0.0149553660303354
P87310_Q9US45,0.0038547,0.0038547,0.034267,0.11715155094861984,0.99908709526062,0.3410876095294952
Q10198_Q09717,0.0031683,0.0031683,0.033551,0.2277143895626068,0.999071478843689,0.0316136479377746
Q12126_O14010,0.010694,0.010694,0.034197,0.05516526848077774,0.0249307584017515,0.1203103065490722
P87309_Q10668,0.0054781,0.0054781,0.047334,0.23965512216091156,0.9987704157829284,0.9035199284553528
P25457_Q9P784,0.0046653,0.0046653,0.095765,0.11374371498823166,0.9990122318267822,0.9954627156257628
O74910_P41412,0.0032636,0.0032636,0.037642,0.020261622965335846,0.0219141338020563,0.8762630224227905
Q10317_Q10198,0.0034138,0.0034138,0.033785,0.1329595148563385,0.0061649121344089,0.1504005640745163
O94244_O94423,0.0035999,0.0035999,0.27141,0.7995047569274902,0.0372707024216651,0.9643391370773317
Q9P6M0_O42991,0.0068304,0.0068304,0.034308,0.3331497013568878,0.0843904018402099,0.0092953825369477
O74736_O13681,0.0037748,0.0037748,0.03524,0.14024987816810608,0.1041770726442337,0.8763479590415955
O94698_O36023,0.0032026,0.0032026,0.033651,0.1722164750099182,0.0018497866112738,0.0372232571244239
O94722_Q9USP0,0.0047847,0.0047847,0.033724,0.08912970125675201,0.0004438225878402,0.001648909994401
O94717_P05501,0.0032308,0.0032308,0.033489,0.5208206176757812,0.0031663265544921,0.0007779707666486
Q09127_Q9USP0,0.0039019,0.0039019,0.033792,0.6351531744003296,0.0073497458361089,0.0026190334465354
P79063_O14246,0.0036246,0.0036246,0.033674,0.2355913519859314,0.0450257323682308,0.033836044371128
P87245_O14352,0.0039191,0.0039191,0.033555,0.007503739092499018,0.0036137735005468,0.0074493526481091
Q09196_O94609,0.0032853,0.0032853,0.033738,0.008013243786990643,0.0012487545609474,0.0015696019399911
O94321_Q12126,0.0034073,0.0034073,0.033802,0.38262417912483215,0.0079097980633378,0.4106167554855346
O94444_Q09127,0.003488,0.003488,0.033673,0.16305164992809296,0.9988147020339966,0.0043265940621495
Q10282_O94244,0.0036527,0.0036527,0.39795,0.050445739179849625,0.0469054840505123,0.4396129548549652
O13339_P36616,0.0042553,0.0042553,0.033892,0.03820901736617088,0.9988635778427124,0.144763633608818
P78774_Q9URX6,0.0048419,0.0048419,0.042876,0.4526844024658203,0.5911626219749451,0.9606110453605652
O60150_Q09892,0.0034628,0.0034628,0.033886,0.09796971827745438,0.9987106323242188,0.0089610712602734
O94609_P87312,0.0034488,0.0034488,0.033591,0.01962454989552498,0.9913507699966432,0.0899604335427284
Q09933_Q10113,0.014967,0.014967,0.034404,0.2300042361021042,0.9988054037094116,0.9861754775047302
P41412_Q9Y7J4,0.003239,0.003239,0.033651,0.3943626582622528,0.0073797455988824,0.0221441034227609
O14388_O94244,0.034719,0.034719,0.038132,0.5443288087844849,0.9988842606544496,0.5359687209129333
O94687_O74558,0.0032058,0.0032058,0.033732,0.11595282703638077,0.0077202836982905,0.0210066605359315
O74771_P0CT70,0.0032239,0.0032239,0.033817,0.35019367933273315,0.0035119387321174,0.0040585449896752
Q09808_P87053,0.0031403,0.0031403,0.033693,0.25562354922294617,0.0178867354989051,0.0237595215439796
Q9URY2_O74483,0.0052851,0.0052851,0.033565,0.05572402477264404,0.0016733913216739,0.0035068111028522
Q4PIR3_Q9Y7U4,0.0032732,0.0032732,0.036474,0.3675401210784912,0.9990505576133728,0.7734668254852295
Q09763_P41411,0.0043257,0.0043257,0.03356,0.11072583496570587,0.0011820287909358,0.5213721990585327
O59680_O14339,0.0035764,0.0035764,0.033619,0.015497537329792976,0.9989990592002868,0.6788241863250732
P32586_Q09761,0.0036318,0.0036318,0.034533,0.17340345680713654,0.0022853992413729,0.982932448387146
O94244_Q53EK2,0.0032328,0.0032328,0.033797,0.2531890571117401,0.0037383066955953,0.007637636270374
O59751_P52822,0.0035258,0.0035258,0.033535,0.055188778787851334,0.0051457611843943,0.03758504986763
Q9Y794_Q7LL14,0.003732,0.003732,0.033678,0.006628211587667465,0.0077844932675361,0.3343254625797272
Q09717_Q9P7T4,0.0032966,0.0032966,0.033977,0.3395964801311493,0.018489871174097,0.0126902554184198
Q10134_Q10109,0.0038893,0.0038893,0.03353,0.06954342126846313,0.0044586309231817,0.3529181182384491
Q10430_Q10169,0.0032245,0.0032245,0.033824,0.4677165746688843,0.0461791940033435,0.2198958694934845
P0CT60_O94581,0.0034347,0.0034347,0.034014,0.011830233037471771,0.0272812154144048,0.0046077785082161
Q10192_Q9UTF6,0.0033269,0.0033269,0.034163,0.3626437783241272,0.9990209341049194,0.1154992654919624
O13816_Q9Y7U4,0.0032508,0.0032508,0.035008,0.5143592953681946,0.9988561868667604,0.2158069610595703
O14198_Q9P6Q0,0.0035556,0.0035556,0.034621,0.16868619620800018,0.999014973640442,0.8857368230819702
O74958_O94752,0.0052473,0.0052473,0.033671,0.06697946786880493,0.9973371624946594,0.0145246069878339
O43080_Q9Y7J4,0.0032855,0.0032855,0.033549,0.026153482496738434,0.017451386898756,0.0190079193562269
O14230_Q0E7J7,0.0031619,0.0031619,0.033651,0.28804266452789307,0.0036673361901193,0.0164695102721452
O14170_O74560,0.0034283,0.0034283,0.035357,0.6623631715774536,0.0155921708792448,0.9556509852409364
Q9USM8_O94238,0.003989,0.003989,0.033858,0.09723734110593796,0.002242743037641,0.0069978614337742
Q10428_P41411,0.0050873,0.0050873,0.03378,0.41170549392700195,0.0079369088634848,0.2119937986135482
O36027_Q9UT86,0.0032067,0.0032067,0.033525,0.5973144769668579,0.9989136457443236,0.0054429983720183
O94238_P87245,0.0035278,0.0035278,0.033589,0.04774957522749901,0.0023392264265567,0.0045278645120561
O14098_Q9Y821,0.0050338,0.0050338,0.034644,0.36020612716674805,0.9989879727363586,0.6256494522094727
O74966_Q9USG6,0.013215,0.013215,0.05353,0.4617323875427246,0.999072790145874,0.8962525129318237
O43070_Q12126,0.0034397,0.0034397,0.033926,0.054613493382930756,0.9976724982261658,0.4352890253067016
O59702_Q10429,0.0082524,0.0082524,0.033722,0.22870732843875885,0.0120077412575483,0.1572968512773513
O42634_Q10343,0.0037414,0.0037414,0.033802,0.2627883553504944,0.0018400212284177,0.1479201167821884
P78789_Q92462,0.0037043,0.0037043,0.034092,0.08297649770975113,0.0160002410411834,0.1931439340114593
O13953_P87323,0.0034224,0.0034224,0.033707,0.015486104413866997,0.0122019294649362,0.9527246356010436
O14216_Q12701,0.003445,0.003445,0.034494,0.21051660180091858,0.9988672733306884,0.9453522562980652
Q9URX6_O74991,0.0032299,0.0032299,0.033534,0.6516821980476379,0.0072271507233381,0.0468146726489067
O43070_Q0E7J7,0.0034192,0.0034192,0.034948,0.032367389649152756,0.9989224672317504,0.9030998945236206
Q03392_Q07538,0.0037653,0.0037653,0.034248,0.20634444057941437,0.9982643723487854,0.272252470254898
O43071_Q10163,0.0034559,0.0034559,0.03567,0.21822883188724518,0.9966804385185242,0.0627190545201301
P50530_Q9P782,0.0032897,0.0032897,0.033774,0.12125599384307861,0.0265741609036922,0.4653970003128052
Q9Y7L8_O13889,0.0032845,0.0032845,0.033658,0.7421641945838928,0.0024801855906844,0.0200899951159954
O36019_P10815,0.0034642,0.0034642,0.03425,0.08180298656225204,0.9878997206687928,0.7600680589675903
P36625_Q9UUI1,0.0032094,0.0032094,0.033791,0.8258220553398132,0.9988023042678832,0.0275075528770685
Q9Y7J4_O94268,0.0033033,0.0033033,0.033671,0.01359475962817669,0.3156693875789642,0.0065363165922462
P10506_P28829,0.035283,0.035283,0.60377,0.12417186051607132,0.9990171194076538,0.9944485425949096
P10506_O13310,0.095468,0.095468,0.44333,0.13194586336612701,0.998936116695404,0.1841597259044647
Q1MTN3_Q10108,0.0036963,0.0036963,0.033712,0.2511270046234131,0.9967237114906312,0.2765598595142364
O60187_Q09892,0.0040104,0.0040104,0.034303,0.36954638361930847,0.0285496320575475,0.0557603947818279
O94547_Q09825,0.0035258,0.0035258,0.033733,0.3192846477031708,0.1062856018543243,0.0535456426441669
P87053_Q9P6R1,0.0031981,0.0031981,0.034434,0.15925708413124084,0.0083427457138895,0.0100035360082983
Q96TL7_O60016,0.0034592,0.0034592,0.035932,0.005252437200397253,0.998898983001709,0.9853187799453736
O42975_Q10428,0.046301,0.046301,0.034874,0.23454402387142181,0.023852614685893,0.8054157495498657
Q09176_O74825,0.0033946,0.0033946,0.036724,0.21355535089969635,0.9987820982933044,0.0086994916200637
O42844_Q9P6M0,0.0034993,0.0034993,0.034487,0.3317164182662964,0.9986492991447448,0.007937952876091
P50528_P32390,0.0040126,0.0040126,0.033551,0.716921865940094,0.0317217372357845,0.2407891303300857
P14575_Q9USJ7,0.0077441,0.0077441,0.033561,0.31223517656326294,0.0228250715881586,0.0069185919128358
Q10218_P56523,0.0034789,0.0034789,0.033712,0.02907346747815609,0.0021558755543082,0.0171553250402212
O42991_P56286,0.0048716,0.0048716,0.036629,0.271739661693573,0.9990476965904236,0.9390636086463928
Q10585_Q10330,0.003736,0.003736,0.033591,0.5331599116325378,0.9984753727912904,0.1142345666885376
O94684_O74772,0.0034418,0.0034418,0.085998,0.07575684785842896,0.0420851036906242,0.0890820771455764
Q9URY2_O74465,0.0033899,0.0033899,0.033556,0.1415083259344101,0.0018230953719466,0.1219832450151443
O75001_O94450,0.015605,0.015605,0.034098,0.04059876501560211,0.9973052740097046,0.3197940587997436
O94321_Q9UUC1,0.0045934,0.0045934,0.034662,0.05784451588988304,0.0018870555795729,0.0420698784291744
O74399_O74895,0.0084341,0.0084341,0.05946,0.38300424814224243,0.998946726322174,0.9872676730155944
O94658_Q9P7X1,0.0035063,0.0035063,0.033508,0.2237175703048706,0.9990184307098388,0.3941506147384643
Q9USY3_P56288,0.003314,0.003314,0.033599,0.7651301622390747,0.0073135504499077,0.0428172908723354
O75011_O59734,0.011758,0.011758,0.033676,0.4511772096157074,0.0039117140695452,0.0223387777805328
P87027_P40995,0.0037451,0.0037451,0.033469,0.3093163073062897,0.9986321330070496,0.0329809747636318
O13351_O13826,0.0045336,0.0045336,0.21708,0.10773562639951706,0.9989964365959167,0.9914922118186952
Q9UTE6_P08965,0.0035856,0.0035856,0.033789,0.45059171319007874,0.0179023146629333,0.0027598997112363
P32372_P09322,0.0043738,0.0043738,0.041753,0.29242923855781555,0.9983389377593994,0.0094314320012927
O94616_P34208,0.003222,0.003222,0.033794,0.14452986419200897,0.0184610858559608,0.0020351926796138
O94668_Q07538,0.028913,0.028913,0.033827,0.44920414686203003,0.9988716244697572,0.1814125627279281
O42846_P28829,0.0044093,0.0044093,0.033712,0.11033324897289276,0.0014581513823941,0.0013308009365573
P32390_Q9Y7J4,0.0031622,0.0031622,0.033523,0.10084746032953262,0.372612714767456,0.1582886278629303
O94752_O74184,0.003161,0.003161,0.037539,0.0748186782002449,0.0019255640218034,0.0051234690472483
P05219_Q9P784,0.0035922,0.0035922,0.03682,0.03449847549200058,0.9984945058822632,0.3814180493354797
Q9P7F9_P40372,0.0036067,0.0036067,0.035845,0.2538565993309021,0.0006718538352288,0.0020494384225457
O74398_Q10271,0.0040482,0.0040482,0.033591,0.1096324771642685,0.0154660511761903,0.1638990193605423
P32434_Q9Y7Z1,0.0031692,0.0031692,0.033607,0.2535969913005829,0.0013032803544774,0.7277973890304565
O94288_P30261,0.0033214,0.0033214,0.037124,0.1969405859708786,0.9987521171569824,0.9697717428207396
O94659_Q10353,0.0052217,0.0052217,0.041404,0.025679124519228935,0.9981087446212769,0.9872867465019226
Q09154_O94244,0.0069332,0.0069332,0.034025,0.16279949247837067,0.0026216104160994,0.011188207194209
Q09196_Q10192,0.0032197,0.0032197,0.033466,0.26675403118133545,0.0019440370379015,0.0049213799647986
P87245_Q09170,0.0036416,0.0036416,0.033753,0.08690540492534637,0.0047206268645823,0.918496072292328
O94288_O94547,0.042996,0.042996,0.034565,0.3639356195926666,0.993599534034729,0.3394060432910919
O94603_P40381,0.0035218,0.0035218,0.040078,0.1969372034072876,0.0217722672969102,0.5179011821746826
O14388_O42846,0.62963,0.62963,0.2628,0.4870584011077881,0.9990222454071044,0.7308067083358765
P10506_Q09127,0.0038171,0.0038171,0.033823,0.26860636472702026,0.0032534438651055,0.0070311976596713
Q09882_Q09116,0.0032914,0.0032914,0.033571,0.25808435678482056,0.0073290690779685,0.0462558642029762
Q9Y7M6_Q9USY3,0.0032244,0.0032244,0.033648,0.06016341969370842,0.0559410899877548,0.7327238917350769
Q9UT52_C6Y4D0,0.0031697,0.0031697,0.035006,0.03536924719810486,0.9988499879837036,0.3065791726112366
Q10477_P79005,0.0044669,0.0044669,0.056849,0.1905985325574875,0.2154163271188736,0.974633812904358
O13877_Q9UT52,0.0032601,0.0032601,0.038877,0.3687453269958496,0.9977182149887084,0.0030443943105638
O14229_Q09772,0.0033992,0.0033992,0.034168,0.2582709789276123,0.99643075466156,0.2687707543373108
Q9Y738_O94616,0.0033305,0.0033305,0.033583,0.18869413435459137,0.9990468621253968,0.0167546309530735
P0CF96_Q10163,0.0031384,0.0031384,0.035238,0.6334002017974854,0.998885452747345,0.0133965043351054
O13816_P40381,0.0046133,0.0046133,0.038155,0.40904363989830017,0.0875022113323211,0.1380439400672912
Q09924_P32390,0.003172,0.003172,0.053344,0.10527301579713821,0.0103192618116736,0.0140177300199866
O42634_Q09772,0.003654,0.003654,0.109,0.3105609118938446,0.0264208577573299,0.0036406416911631
P09322_P17937,0.03596,0.03596,0.26057,0.12448973208665848,0.9989246726036072,0.9917415380477904
Q10428_O14339,0.0037115,0.0037115,0.035864,0.08835671842098236,0.0051163719035685,0.0183426849544048
O42978_O74499,0.028031,0.028031,0.82887,0.2119765281677246,0.9990884065628052,0.9974059462547302
Q10169_O14011,0.0036795,0.0036795,0.037877,0.09160914272069931,0.9988149404525756,0.0212770253419876
O42634_Q9UTR8,0.0037728,0.0037728,0.034356,0.2092367559671402,0.972192108631134,0.0187843311578035
P40384_Q9HGL8,0.0035692,0.0035692,0.033589,0.18175964057445526,0.0098762735724449,0.0013669885229319
P87159_Q10295,0.0033099,0.0033099,0.033721,0.2346840798854828,0.0077475970610976,0.1673126965761184
Q9HGL6_Q9Y821,0.0033127,0.0033127,0.033891,0.3727792203426361,0.9990756511688232,0.9734460711479188
Q10113_Q4PIR3,0.014235,0.014235,0.034124,0.23797620832920074,0.9988744854927064,0.7284329533576965
P05764_Q9P802,0.0059001,0.0059001,0.034132,0.6740086674690247,0.8732407093048096,0.0005008517182432
P50527_Q01112,0.0035083,0.0035083,0.044884,0.29119670391082764,0.9985256791114808,0.019544992595911
P41889_Q9USZ3,0.01266,0.01266,0.033456,0.15057294070720673,0.0076888990588486,0.1156942620873451
O74895_Q9HGL6,0.0046755,0.0046755,0.037274,0.15655748546123505,0.9990174770355223,0.9008808732032776
Q10108_O43036,0.0031992,0.0031992,0.033497,0.4446975886821747,0.9979502558708192,0.0083640879020094
O74958_Q9UTR8,0.0040345,0.0040345,0.033861,0.013352044858038425,0.9988951086997986,0.2452174425125122
Q10366_Q9HGQ3,0.0034072,0.0034072,0.034437,0.17823722958564758,0.0090923812240362,0.0042840647511184
P87238_O59702,0.0032169,0.0032169,0.033578,0.1531294733285904,0.0011353970039635,0.0135805075988173
Q06182_Q9UUJ4,0.0032425,0.0032425,0.033648,0.06591318547725677,0.0327656529843807,0.019515287131071
O60164_Q9P7B7,0.0038593,0.0038593,0.042487,0.42226752638816833,0.998955011367798,0.974327027797699
P05764_Q9Y7L8,0.0039264,0.0039264,0.033627,0.1645386666059494,0.6423093676567078,0.0017291738186031
P87310_Q9Y821,0.079026,0.079026,0.036698,0.30749422311782837,0.999085545539856,0.9827925562858582
O00102_P87238,0.009378,0.009378,0.033568,0.086231529712677,0.9985151886940002,0.0529655627906322
Q10103_P50528,0.0036807,0.0036807,0.033926,0.2687785029411316,0.0951843485236167,0.979330837726593
P87126_Q09906,0.003297,0.003297,0.033541,0.16452568769454956,0.0017187111079692,0.0047187209129333
O94263_Q96WW3,0.00426,0.00426,0.034098,0.6812562942504883,0.998936116695404,0.9744151830673218
P10815_Q9UT86,0.0033107,0.0033107,0.033661,0.29419150948524475,0.0108432304114103,0.0043837120756506
O14339_O74772,0.011096,0.011096,0.050087,0.06378509104251862,0.996911346912384,0.0151868034154176
O74311_Q9HGL8,0.0032513,0.0032513,0.033693,0.45095890760421753,0.0023863271344453,0.0035281628370285
G2TRP5_Q9UTK6,0.0035779,0.0035779,0.033567,0.666119396686554,0.0189066268503665,0.0009450102807022
O13685_O74360,0.096853,0.096853,0.050077,0.06344186514616013,0.9863945245742798,0.0369641184806823
O74558_P49731,0.0033502,0.0033502,0.033758,0.40886420011520386,0.0048656552098691,0.0059382817707955
P05501_Q10103,0.0033248,0.0033248,0.033521,0.11439922451972961,0.0013077752664685,0.0008871783502399
O75011_P87074,0.0035349,0.0035349,0.034175,0.19378714263439178,0.4773504436016083,0.9959595799446106
O14079_O94376,0.0033148,0.0033148,0.033699,0.1040583997964859,0.9990680813789368,0.1116924881935119
P10989_P36595,0.0032424,0.0032424,0.062653,0.02441275306046009,0.0845628827810287,0.0502843186259269
Q10477_O60016,0.0033448,0.0033448,0.036984,0.006306375376880169,0.9899060130119324,0.2309790700674057
O14399_O13852,0.0032206,0.0032206,0.035251,0.3868008852005005,0.0250997338443994,0.0337084233760833
Q02088_P30261,0.0031091,0.0031091,0.033432,0.22224929928779602,0.0063522681593894,0.0078757489100098
P13681_P87027,0.005688,0.005688,0.034498,0.3318217694759369,0.0177147202193737,0.0626052021980285
Q6BDR8_P07334,0.0034735,0.0034735,0.033678,0.1389709711074829,0.0743526667356491,0.0374184921383857
P27584_P05219,0.0033865,0.0033865,0.03361,0.24269697070121765,0.0127371810376644,0.0039120353758335
Q9Y794_O74986,0.0039464,0.0039464,0.035877,0.6364763975143433,0.1606221348047256,0.6667569875717163
P36617_P36595,0.0034727,0.0034727,0.034047,0.32039201259613037,0.9989132881164552,0.097768023610115
P87053_Q9Y709,0.0032859,0.0032859,0.034177,0.43468335270881653,0.9990118741989136,0.9665206670761108
O94238_Q10232,0.036688,0.036688,0.16156,0.0160614512860775,0.9990540146827698,0.7916593551635742
O14388_O74399,0.0062483,0.0062483,0.039781,0.33038926124572754,0.9989263415336608,0.9072095155715942
Q10067_O94355,0.0032109,0.0032109,0.034041,0.07432235032320023,0.0388840287923812,0.0264396667480468
O74311_P78789,0.0031629,0.0031629,0.033646,0.4344891309738159,0.0023675684351474,0.1344740837812423
O13936_Q9P7G0,0.0039956,0.0039956,0.039803,0.37385255098342896,0.9989863038063048,0.9287943840026855
O14235_Q9URY2,0.0032582,0.0032582,0.033579,0.24150192737579346,0.0121350977569818,0.0714445635676384
P87159_Q9HGL8,0.0040019,0.0040019,0.034627,0.11749719828367233,0.0053722392767667,0.0013828395167365
P10506_Q1MTQ9,0.0032448,0.0032448,0.03357,0.1891869306564331,0.0024391293991357,0.0123003982007503
Q10322_P0CT68,0.0033274,0.0033274,0.033625,0.3901809751987457,0.0073938081040978,0.0527149252593517
P87314_O59702,0.0034073,0.0034073,0.033714,0.2872866988182068,0.9986187219619752,0.1009153872728347
O59680_P05501,0.32694,0.32694,0.22334,0.06767159700393677,0.999019980430603,0.9744296669960022
P52890_O74175,0.0034532,0.0034532,0.03358,0.45434194803237915,0.0100461160764098,0.1699387431144714
O14180_P36601,0.0038249,0.0038249,0.037945,0.35649389028549194,0.1156585440039634,0.1869030445814132
Q9Y7N2_O74399,0.0035718,0.0035718,0.042284,0.18676121532917023,0.9990164041519164,0.678974986076355
O14140_Q10193,0.15229,0.15229,0.060174,0.16165727376937866,0.998969316482544,0.0514269657433033
Q9US59_O13988,0.0038558,0.0038558,0.034788,0.12830844521522522,0.9988489151000975,0.0189990401268005
Q9P782_G2TRP5,0.0043497,0.0043497,0.033628,0.2620292901992798,0.00598224112764,0.0023642752785235
O94316_Q10272,0.0032191,0.0032191,0.036982,0.6750273704528809,0.3624978065490722,0.3832629024982452
O14318_Q9P7V3,0.11877,0.11877,0.033698,0.20018507540225983,0.9989359974861144,0.0104913432151079
Q10282_O94722,0.003266,0.003266,0.033982,0.24927279353141785,0.0049453871324658,0.0034439971204847
P50523_P87074,0.0034898,0.0034898,0.033577,0.0034833846148103476,0.0051570320501923,0.000615595083218
P32586_P41410,0.0034351,0.0034351,0.03435,0.605259120464325,0.0066055608913302,0.8378273248672485
O94687_Q9USH1,0.0062685,0.0062685,0.036539,0.2210320234298706,0.9982411861419678,0.0651010796427726
Q9US52_O74555,0.0031475,0.0031475,0.03366,0.3838801681995392,0.0089516332373023,0.0048155626282095
P78794_O74986,0.0032988,0.0032988,0.034304,0.07210689038038254,0.0324538685381412,0.2201193571090698
Q10282_O74904,0.042873,0.042873,0.033941,0.11422498524188995,0.0194731745868921,0.19277985394001
Q03392_Q1MTQ9,0.0032446,0.0032446,0.03467,0.7373374104499817,0.9987805485725404,0.0063644088804721
O74309_O13685,0.032273,0.032273,0.036512,0.036352869123220444,0.0886127948760986,0.0126041863113641
O42846_Q7LL14,0.0068658,0.0068658,0.035294,0.43467605113983154,0.0415484383702278,0.0056847315281629
Q10232_Q9USZ6,0.003348,0.003348,0.033717,0.05845947191119194,0.9990204572677612,0.98237943649292
Q09116_Q9P6M0,0.0034249,0.0034249,0.033596,0.11072617769241333,0.0024993107654154,0.0115990340709686
Q10159_Q09808,0.003249,0.003249,0.033697,0.20454397797584534,0.004175866022706,0.0687228888273239
Q9Y7L8_Q09933,0.0033833,0.0033833,0.035309,0.2187439203262329,0.0042066359892487,0.4129140377044678
O59800_Q09823,0.0048877,0.0048877,0.037179,0.18319232761859894,0.013389553874731,0.2617087066173553
P87215_Q92366,0.0033772,0.0033772,0.03355,0.02214425429701805,0.5463957786560059,0.0287912935018539
Q9P802_P36613,0.0031526,0.0031526,0.033588,0.16941550374031067,0.9490808844566344,0.0435974895954132
P28829_O42661,0.0091214,0.0091214,0.035055,0.5951475501060486,0.0027884170413017,0.0107818869873881
P05733_P78814,0.15525,0.15525,0.036282,0.02980182133615017,0.1217570379376411,0.609072744846344
Q09154_P36582,0.0072245,0.0072245,0.052354,0.357085257768631,0.0007570570451207,0.001047646976076
O74796_Q10322,0.0032017,0.0032017,0.033765,0.2886711657047272,0.0484697483479976,0.0295186098664999
O74803_P87314,0.0063574,0.0063574,0.03489,0.1471589207649231,0.1645842343568802,0.2914356291294098
P52890_O42661,0.0060614,0.0060614,0.03382,0.5422112345695496,0.0133703434839844,0.0218335166573524
O13777_O13978,0.0031566,0.0031566,0.033575,0.30129870772361755,0.999057948589325,0.066721998155117
O59800_Q09882,0.0035824,0.0035824,0.034667,0.11134406179189682,0.997905731201172,0.7989012598991394
O74718_O94288,0.0035903,0.0035903,0.037441,0.7579500675201416,0.9984967708587646,0.989582657814026
P36595_O74895,0.19149,0.19149,0.10502,0.2101188749074936,0.9985547661781312,0.9918560981750488
O14269_P41887,0.0035593,0.0035593,0.033583,0.17229601740837097,0.0205811075866222,0.0661831423640251
O74531_P78963,0.0042962,0.0042962,0.033775,0.31948983669281006,0.0012614249717444,0.1284579783678054
Q9US52_O94620,0.0031682,0.0031682,0.033471,0.4872833490371704,0.0356603190302848,0.005905092228204
O42844_O74991,0.0075442,0.0075442,0.033836,0.18167902529239655,0.0765201300382614,0.2438372522592544
Q9UT72_P40381,0.0041335,0.0041335,0.035828,0.07155422121286392,0.999049961566925,0.046354029327631
P78972_P78929,0.0051732,0.0051732,0.07644,0.16407236456871033,0.773181140422821,0.0619144812226295
O43071_O94620,0.0037392,0.0037392,0.13881,0.0986265242099762,0.998146653175354,0.535186767578125
P37382_Q09191,0.003309,0.003309,0.033655,0.5982890129089355,0.0114041157066822,0.8795022368431091
Q10343_P36585,0.0070603,0.0070603,0.033604,0.3036534786224365,0.005389820318669,0.0815821513533592
P48009_O13988,0.0034854,0.0034854,0.033521,0.606552243232727,0.0018466673791408,0.004261755850166
O74983_P87174,0.0054487,0.0054487,0.033701,0.8445732593536377,0.9986587762832642,0.0054045231081545
P48009_Q02088,0.32193,0.32193,0.034064,0.17227156460285187,0.0193789973855018,0.4390555322170257
Q10322_Q9USZ3,0.0041961,0.0041961,0.0358,0.08336194604635239,0.952555537223816,0.0439120419323444
O74796_Q10134,0.0032892,0.0032892,0.033509,0.49576643109321594,0.9667245149612428,0.0367647036910057
P79015_Q9P7M1,0.013261,0.013261,0.06656,0.03530360385775566,0.9989424347877502,0.1699145883321762
P40235_P08092,0.027112,0.027112,0.13091,0.18361911177635193,0.998966097831726,0.8411574363708496
P87324_Q9P7V3,0.0035949,0.0035949,0.033917,0.44345301389694214,0.0018582615302875,0.0197384562343359
P87169_Q9HGL8,0.0032461,0.0032461,0.033733,0.37430647015571594,0.0072416476905345,0.0039288611151278
P50582_Q9Y818,0.0047248,0.0047248,0.034038,0.11159518361091614,0.0245270133018493,0.0167635157704353
O13816_Q9Y7J4,0.0031887,0.0031887,0.033756,0.7348166704177856,0.0088426852598786,0.0049363989382982
O94408_Q9Y7M4,0.20524,0.20524,0.7698,0.03158074617385864,0.999086618423462,0.997738003730774
Q9P6Q0_Q10429,0.0038526,0.0038526,0.033857,0.09448686242103577,0.0405198782682418,0.150221362709999
P0CT70_Q9UUB7,0.0040511,0.0040511,0.037976,0.08749540895223618,0.0641355887055397,0.0098459552973508
P78953_O14097,0.0042245,0.0042245,0.034877,0.1747705638408661,0.0246361028403043,0.5643873810768127
O94376_Q10430,0.23919,0.23919,0.035751,0.10101256519556046,0.9990954399108888,0.9914473295211792
P87245_O43070,0.0033381,0.0033381,0.033791,0.003786153392866254,0.0038003036752343,0.730536937713623
P87310_P05767,0.0044676,0.0044676,0.03404,0.6548932790756226,0.9986467957496644,0.0507039241492748
O74398_O14011,0.0035997,0.0035997,0.37225,0.4556899666786194,0.9989411234855652,0.2987755835056305
O13828_O74446,0.003472,0.003472,0.03376,0.14634838700294495,0.9908389449119568,0.0113879032433032
O94316_Q9Y7Z1,0.0039594,0.0039594,0.035892,0.7083632349967957,0.998869001865387,0.9311017990112304
P56286_O74446,0.0044866,0.0044866,0.033683,0.2228716015815735,0.0045473179779946,0.0046724639832973
Q9UTA4_Q9P6Q6,0.003419,0.003419,0.034099,0.04269251599907875,0.9990233182907104,0.0023253518156707
O14216_Q09116,0.0033158,0.0033158,0.033542,0.17639930546283722,0.0048062363639473,0.0475573316216468
O94658_O59767,0.0047744,0.0047744,0.033828,0.05375353991985321,0.1765824109315872,0.0294980760663747
Q9Y7Z7_Q7LL14,0.0032941,0.0032941,0.03396,0.11692295223474503,0.0259838141500949,0.0023694783449172
O42709_Q09892,0.0037054,0.0037054,0.033959,0.1377907395362854,0.9990267753601074,0.0185276083648204
O60164_Q9P6Q6,0.0033229,0.0033229,0.034426,0.7302533984184265,0.9990113973617554,0.7623344659805298
O94547_O74311,0.0032968,0.0032968,0.033678,0.14727379381656647,0.9989362359046936,0.0138090476393699
O60164_O13286,0.0038722,0.0038722,0.038687,0.1717773675918579,0.9984397292137146,0.19389408826828
P13681_O74511,0.0058349,0.0058349,0.086703,0.5039010643959045,0.0252913329750299,0.6227836608886719
Q10134_O14388,0.0045167,0.0045167,0.033645,0.35657432675361633,0.9709116816520692,0.0153598366305232
P14575_O60016,0.0043159,0.0043159,0.033685,0.27872076630592346,0.0080561432987451,0.000733821070753
P87173_Q09825,0.0034952,0.0034952,0.033615,0.19921281933784485,0.0013498507905751,0.0012434206437319
P87245_Q9UT76,0.0034148,0.0034148,0.033615,0.060828350484371185,0.001453545759432,0.005995946470648
O94646_O13672,0.0034491,0.0034491,0.033676,0.20354242622852325,0.9991063475608826,0.5798895359039307
Q10366_O14010,0.0051164,0.0051164,0.034193,0.6001418828964233,0.0587090216577053,0.1354406774044037
P25457_Q7LL14,0.0036264,0.0036264,0.035102,0.13358938694000244,0.9989853501319884,0.0806829109787941
P05501_Q9P779,0.003147,0.003147,0.033519,0.3397894501686096,0.001577824819833,0.0005859366501681
O94620_O13985,0.0036341,0.0036341,0.3496,0.004586133640259504,0.998975396156311,0.5232995748519897
O13836_P87309,0.0041453,0.0041453,0.034601,0.7155471444129944,0.0120339952409267,0.4534467160701751
Q9UTE6_O94752,0.0038954,0.0038954,0.034536,0.36037781834602356,0.483623594045639,0.0422466546297073
O74718_Q96TL7,0.0034377,0.0034377,0.036359,0.3935571014881134,0.0862511023879051,0.5300860404968262
O94668_O94717,0.003316,0.003316,0.035295,0.331023246049881,0.2561907768249511,0.8381103277206421
P79071_O59945,0.0033452,0.0033452,0.033472,0.3174082338809967,0.0018852116772904,0.0057541676796972
P36618_Q10951,0.0032751,0.0032751,0.033906,0.2532525956630707,0.0277681592851877,0.1570678800344467
O59702_Q9P6Q0,0.0033307,0.0033307,0.033749,0.0951104387640953,0.0764186680316925,0.0119462581351399
O74966_Q9UT46,0.0040899,0.0040899,0.051056,0.2594400942325592,0.0152662387117743,0.0066253524273633
P10651_O13339,0.25999,0.25999,0.042214,0.41881826519966125,0.0356805920600891,0.1788665801286697
Q9Y7M4_P87051,0.0071776,0.0071776,0.13161,0.11637964099645615,0.9990155696868896,0.0010397606529295
P40235_Q9HGL8,0.014518,0.014518,0.034522,0.03276271000504494,0.004528378136456,0.0019752120133489
Q9Y7J4_P0CG72,0.015084,0.015084,0.033655,0.6293568015098572,0.0028262832202017,0.0081287752836942
P06652_O42661,0.0086058,0.0086058,0.036623,0.19693797826766968,0.9591776728630066,0.0047903973609209
O13790_O94376,0.0033406,0.0033406,0.033849,0.1513718068599701,0.0075961574912071,0.0130603201687335
O74854_Q9UUC1,0.0033131,0.0033131,0.03388,0.19258490204811096,0.0018113201949745,0.0097826840355992
O94423_P30261,0.0033513,0.0033513,0.036444,0.2618510127067566,0.0376414842903614,0.1870216876268386
P79071_Q9UTE6,0.017248,0.017248,0.053642,0.6375983953475952,0.998172163963318,0.947105884552002
O43071_Q9HDX9,0.0033705,0.0033705,0.033743,0.022859038785099983,0.0493147820234298,0.012599385343492
O60164_Q10330,0.051062,0.051062,0.092513,0.816461443901062,0.9990293979644777,0.9922031164169312
O14352_O14388,0.18051,0.18051,0.037082,0.43857717514038086,0.999026894569397,0.0809488594532013
O13782_Q9UUC6,0.0036101,0.0036101,0.033495,0.2877274751663208,0.0018404407892376,0.0016018457245081
O13370_P0CU09,0.0033169,0.0033169,0.033673,0.019306238740682602,0.9989781379699708,0.0777799114584922
Q10428_Q10067,0.0036435,0.0036435,0.034162,0.5087378025054932,0.0065389522351324,0.1737238019704818
P40381_Q9Y7Z1,0.0075553,0.0075553,0.069526,0.1360807567834854,0.9990249872207642,0.7322349548339844
Q09914_O94556,0.0034479,0.0034479,0.035074,0.16441980004310608,0.0026413914747536,0.0114050088450312
O42991_O74747,0.0044633,0.0044633,0.034195,0.23282074928283691,0.9990479350090028,0.0320917665958404
P36617_O43114,0.0045472,0.0045472,0.033571,0.32254263758659363,0.9988771080970764,0.4911971390247345
Q9Y7M4_P04910,0.76651,0.76651,0.03462,0.12728853523731232,0.998872697353363,0.0057767257094383
Q9UTP0_P87310,0.0035114,0.0035114,0.036694,0.4994705617427826,0.0189417228102684,0.1367704421281814
O13712_P05219,0.0034605,0.0034605,0.033707,0.17292314767837524,0.0008362918742932,0.0067647988907992
P04688_Q10113,0.0042211,0.0042211,0.035425,0.42005762457847595,0.024610448628664,0.4002209305763244
P34208_O59800,0.0041188,0.0041188,0.034064,0.0034589676652103662,0.0141508830711245,0.2737398147583008
O60016_P36592,0.0034453,0.0034453,0.034157,0.17607682943344116,0.9990519881248474,0.7089228630065918
O60129_P10989,0.0032883,0.0032883,0.052811,0.09827560931444168,0.9969992637634276,0.0223581548780202
P78794_P87176,0.0033255,0.0033255,0.034092,0.14646026492118835,0.3119146525859833,0.1576841175556183
Q9UT76_O60158,0.018136,0.018136,0.033579,0.3249776363372803,0.0007320895674638,0.0015514059923589
Q9P779_Q09683,0.003368,0.003368,0.033947,0.22086596488952637,0.0041454285383224,0.8157645463943481
O74736_Q9Y7Z7,0.003406,0.003406,0.033719,0.1739366054534912,0.0164976809173822,0.0102020613849163
P36585_Q10322,0.0051117,0.0051117,0.034007,0.013622949831187725,0.0171959493309259,0.0036543037276715
Q9USX8_Q00619,0.0036518,0.0036518,0.033451,0.09603939950466156,0.0030771875753998,0.0004845051153097
Q9C0Z9_Q10316,0.0033456,0.0033456,0.099426,0.1315707266330719,0.9989988207817078,0.3653434813022613
O59945_O13712,0.0033993,0.0033993,0.033729,0.14345169067382812,0.0012817558599635,0.0062148575671017
O94244_Q9P805,0.0042551,0.0042551,0.046766,0.05787196382880211,0.009363786317408,0.0061030695214867
P36613_Q9UUB7,0.0046526,0.0046526,0.033768,0.2812179625034332,0.9990191459655762,0.0699732676148414
O60150_Q09763,0.0033793,0.0033793,0.034181,0.2433628886938095,0.0075646685436367,0.1032696813344955
P87173_P41411,0.0039069,0.0039069,0.033551,0.5259816646575928,0.0031770591158419,0.0378837436437606
Q9Y794_Q10343,0.0041765,0.0041765,0.03386,0.15628069639205933,0.2129421532154083,0.02066002599895
Q09808_P29458,0.0031863,0.0031863,0.033969,0.08069104701280594,0.9987545013427734,0.2218655347824096
Q09898_Q9UST6,0.0032267,0.0032267,0.033658,0.5297088623046875,0.0724338516592979,0.1119868010282516
A6X980_Q9P7J8,0.003371,0.003371,0.033942,0.3561878800392151,0.0043105804361402,0.004541584290564
O13790_O13685,0.0039063,0.0039063,0.03374,0.2603971064090729,0.9989972710609436,0.0135187627747654
O74360_O60052,0.0052759,0.0052759,0.033543,0.12045761942863464,0.0068351845256984,0.1184705272316932
O14216_P32372,0.0035344,0.0035344,0.034125,0.40242335200309753,0.9988163709640504,0.9721719026565552
Q9USP9_Q9URY2,0.0040408,0.0040408,0.033563,0.056437358260154724,0.00179288466461,0.6210910081863403
O74184_P05764,0.0043585,0.0043585,0.033764,0.3170439898967743,0.0089488457888364,0.0032573814969509
O00102_O13936,0.007625,0.007625,0.033805,0.08010789006948471,0.998885214328766,0.0012774062342941
P32390_P79065,0.0032304,0.0032304,0.033555,0.009133539162576199,0.0204063169658184,0.1486686468124389
O74904_Q9C107,0.0036613,0.0036613,0.033971,0.09367647022008896,0.0257962029427289,0.1542144566774368
O14122_Q09825,0.0032445,0.0032445,0.03388,0.29631856083869934,0.002245164476335,0.0030884656589478
Q09170_Q9P7T4,0.0035681,0.0035681,0.034142,0.2247290313243866,0.9984768033027648,0.7349605560302734
Q9UTR8_Q12126,0.0034721,0.0034721,0.033863,0.23222701251506805,0.9979994893074036,0.7578911781311035
P50523_Q09154,0.056405,0.056405,0.5606,0.10761499404907227,0.9989781379699708,0.9888810515403748
P0CF96_Q9P3B2,0.003267,0.003267,0.033526,0.2693621516227722,0.0148225799202919,0.0017121098935604
O94326_P87238,0.0032675,0.0032675,0.033543,0.25944361090660095,0.0107129039242863,0.1842346340417862
O59680_P50523,0.06401,0.06401,0.45647,0.0829891562461853,0.9989978671073914,0.9882026314735411
O94268_Q1MTQ9,0.0034384,0.0034384,0.034741,0.006770892068743706,0.9989100694656372,0.0138712963089346
Q9Y7L8_P0C5Y7,0.020188,0.020188,0.15435,0.17205630242824554,0.001034886110574,0.0105262892320752
O94376_O94705,0.0032261,0.0032261,0.033553,0.6235117316246033,0.0025682796258479,0.0005947511526755
Q09196_O43036,0.0032299,0.0032299,0.033799,0.17333897948265076,0.001310488441959,0.0006134868017397
O13828_P52822,0.0040181,0.0040181,0.033584,0.2995593249797821,0.0108010675758123,0.0083255479112267
O60104_Q9UTS6,0.0031391,0.0031391,0.033775,0.1242293119430542,0.0182668101042509,0.0812064632773399
O59793_P79065,0.0033164,0.0033164,0.033727,0.24114727973937988,0.0145756537094712,0.7137829065322876
Q9UTA4_O43120,0.0036015,0.0036015,0.034939,0.3560822308063507,0.9990267753601074,0.0023694795090705
O14229_Q9P7P2,0.0033997,0.0033997,0.035205,0.24844075739383698,0.9973604083061218,0.979110300540924
O94408_P36625,0.022878,0.022878,0.033669,0.05386640131473541,0.9988786578178406,0.0279011242091655
P54789_Q9UUC1,0.0073425,0.0073425,0.050994,0.20712241530418396,0.998727023601532,0.0733434408903122
Q9USV3_O74803,0.0032706,0.0032706,0.03389,0.4524172246456146,0.0133317178115248,0.0427925251424312
C6Y4D0_Q9URY0,0.38599,0.38599,0.03353,0.41323569416999817,0.0037904381752014,0.0058202715590596
Q9Y7M6_O94542,0.0031461,0.0031461,0.03359,0.004739789292216301,0.0073572369292378,0.364265888929367
O74399_Q10428,0.0039925,0.0039925,0.044095,0.023277608677744865,0.022035339847207,0.8993821144104004
O13985_P78953,0.0034391,0.0034391,0.042962,0.6895950436592102,0.0863720625638961,0.8133670091629028
Q09127_O75001,0.0035522,0.0035522,0.033771,0.38989317417144775,0.1097759157419204,0.4758487343788147
Q10113_Q10109,0.00398,0.00398,0.033654,0.16120947897434235,0.001694211969152,0.1347051858901977
O74904_Q9P7T4,0.0053689,0.0053689,0.037993,0.131641685962677,0.998483955860138,0.8040056824684143
P09988_O42954,0.015157,0.015157,0.034963,0.5862269997596741,0.998645007610321,0.0141884703189134
Q10193_P25457,0.0050335,0.0050335,0.0347,0.30786681175231934,0.9989827275276184,0.5056530833244324
Q7LL14_Q9HE05,0.003404,0.003404,0.034378,0.2360687255859375,0.9987358450889589,0.0248114932328462
Q9Y7Z1_P36595,0.0062507,0.0062507,0.056375,0.6785480380058289,0.9988565444946288,0.9922354817390442
Q9P6M0_P52890,0.0038889,0.0038889,0.033673,0.6631917953491211,0.0015637879259884,0.005880563519895
O74465_O14180,0.003286,0.003286,0.034441,0.48438167572021484,0.0186151415109634,0.0024278089404106
O13351_O14010,0.0036908,0.0036908,0.033538,0.6196847558021545,0.9987003803253174,0.0263177342712879
P32372_Q9P7M3,0.0032345,0.0032345,0.033799,0.661297619342804,0.9987338185310364,0.175497829914093
Q9P7P2_Q9USP0,0.0034002,0.0034002,0.033897,0.12192140519618988,0.0016761976294219,0.0073652570135891
P78963_O13728,0.0043891,0.0043891,0.033601,0.5585257411003113,0.0011190946679562,0.012403255328536
P10651_Q9P7M3,0.0037062,0.0037062,0.035138,0.5305759310722351,0.9984760880470276,0.0114787854254245
O13985_O74515,0.0051667,0.0051667,0.039245,0.16665337979793549,0.9985440969467164,0.1119194477796554
O42846_Q9UTP0,0.76813,0.76813,0.073486,0.7525492906570435,0.9985992312431335,0.946794331073761
Q9P4W1_Q9UTR8,0.0087979,0.0087979,0.033616,0.20367996394634247,0.150342658162117,0.0004967359709553
O94752_O74499,0.0046555,0.0046555,0.033935,0.3394215404987335,0.006158800330013,0.0156724527478218
Q02088_O94376,0.41069,0.41069,0.036156,0.41622546315193176,0.41802978515625,0.1140788197517395
O74399_Q9USR7,0.0035264,0.0035264,0.035712,0.09076803177595139,0.0177874695509672,0.4958769679069519
Q09772_O14216,0.0033156,0.0033156,0.03483,0.3767927587032318,0.9989375472068788,0.9639590978622437
Q09933_Q9Y709,0.0032652,0.0032652,0.033664,0.29989340901374817,0.033600490540266,0.0262567996978759
Q9P7P1_O59702,0.0031986,0.0031986,0.033701,0.02138078212738037,0.0098468856886029,0.0372836664319038
Q09924_Q10477,0.0037165,0.0037165,0.033924,0.46056073904037476,0.0065598543733358,0.0231623481959104
Q9HDX9_P87215,0.0039522,0.0039522,0.033835,0.007432283367961645,0.0144602693617343,0.0079205175861716
P50530_Q9USX8,0.00495,0.00495,0.033711,0.8062870502471924,0.9020527601242064,0.0406027808785438
O00102_O43114,0.0034191,0.0034191,0.033486,0.04868583381175995,0.0014253291301429,0.0019596309866756
O42846_O94288,0.0057128,0.0057128,0.044699,0.09504475444555283,0.9990099668502808,0.8400514125823975
P78972_Q10353,0.0060711,0.0060711,0.037404,0.375798761844635,0.0376346446573734,0.3298209309577942
O94646_Q10056,0.0053708,0.0053708,0.033739,0.3106618821620941,0.0030814222991466,0.0269421339035034
Q9Y7N2_Q9P6R1,0.0032594,0.0032594,0.03421,0.21609532833099365,0.0142917577177286,0.0367657579481601
O94547_O74360,0.0043299,0.0043299,0.034134,0.4021691381931305,0.5369648933410645,0.9241710305213928
P87173_O13790,0.0034861,0.0034861,0.03376,0.10085118561983109,0.0006979802274145,0.0290096662938594
O14011_P50524,0.0033621,0.0033621,0.033955,0.32459017634391785,0.9989436268806458,0.8925492167472839
Q10428_P46595,0.0071711,0.0071711,0.033558,0.6155418157577515,0.011700858362019,0.0046163243241608
Q10295_Q92366,0.0058941,0.0058941,0.035569,0.87571781873703,0.998740255832672,0.0145340291783213
P42656_O42975,0.27952,0.27952,0.034265,0.16354282200336456,0.9966750144958496,0.0062997988425195
O74895_Q10343,0.0051207,0.0051207,0.033564,0.688681423664093,0.0023443433456122,0.0132447024807333
O43070_O74790,0.0036749,0.0036749,0.033487,0.791867733001709,0.2945274412631988,0.0785106495022773
P87306_Q9P6Q0,0.011319,0.011319,0.036582,0.014988481067121029,0.9991037249565125,0.9839252233505248
O43036_P50527,0.0032154,0.0032154,0.03362,0.35126692056655884,0.0098465736955404,0.0016335207037627
O74560_O43071,0.0032579,0.0032579,0.036196,0.05567741021513939,0.9967067837715148,0.609618604183197
O43080_Q9USY3,0.0031869,0.0031869,0.033596,0.062286704778671265,0.0025864115450531,0.8167514204978943
O36027_P10989,0.0032162,0.0032162,0.037575,0.6015171408653259,0.9988749623298644,0.0757540166378021
O13688_P40384,0.003241,0.003241,0.033719,0.12044208496809006,0.999020218849182,0.6477593779563904
Q09763_Q10428,0.0034344,0.0034344,0.034255,0.3452359735965729,0.0016644441056996,0.4084978401660919
P40996_O74774,0.0035598,0.0035598,0.034365,0.45221665501594543,0.0056707416661083,0.0081428121775388
Q9P784_O94326,0.0033709,0.0033709,0.042851,0.14983509480953217,0.9988802075386048,0.0843408405780792
Q9UU79_Q96TL7,0.005288,0.005288,0.036242,0.03159961849451065,0.9989853501319884,0.0254734586924314
O14010_Q9UTK6,0.010111,0.010111,0.033829,0.15413403511047363,0.9988973140716552,0.2367843985557556
O74854_Q9Y709,0.0032403,0.0032403,0.03391,0.2994144856929779,0.0083159198984503,0.0953351259231567
O59800_P36614,0.0034587,0.0034587,0.04572,0.748782753944397,0.0164757147431373,0.1454399973154068
O94646_O74560,0.0050957,0.0050957,0.03609,0.14806516468524933,0.998872458934784,0.9486632347106934
P36613_O74558,0.0032513,0.0032513,0.038653,0.43763068318367004,0.0027804831042885,0.0467632859945297
P36592_Q09154,0.0039612,0.0039612,0.033622,0.16444547474384308,0.0074082440696656,0.0030687805265188
P87231_P04688,0.0036677,0.0036677,0.033918,0.3918304145336151,0.9988757967948914,0.0141069469973444
A6X980_Q1MTQ9,0.0032182,0.0032182,0.034063,0.19830255210399628,0.9988952875137328,0.0328530631959438
O74517_Q9UUC6,0.016531,0.016531,0.039683,0.8158079981803894,0.998910903930664,0.5033969879150391
O13672_O13712,0.003963,0.003963,0.033642,0.0630023255944252,0.004257037770003,0.2670788764953613
Q09924_Q9P3B2,0.0035828,0.0035828,0.033501,0.08322814106941223,0.0032329100649803,0.0007835534051991
Q10271_Q10173,0.0031341,0.0031341,0.033491,0.43944251537323,0.0147979147732257,0.0072635444812476
P32390_O74986,0.003294,0.003294,0.033789,0.26885831356048584,0.0065692672505974,0.3538554012775421
O59800_Q92372,0.0034576,0.0034576,0.043653,0.3832954466342926,0.9989559650421144,0.0641900897026062
P32434_P40235,0.059987,0.059987,0.033837,0.2074415534734726,0.00621446268633,0.0092966258525848
O13953_Q09698,0.0036943,0.0036943,0.034693,0.31254252791404724,0.9975088834762572,0.9572471976280212
P17937_O74517,0.005514,0.005514,0.054174,0.17846129834651947,0.9988446235656738,0.9960079193115234
Q9Y738_Q09176,0.003676,0.003676,0.033543,0.09091434627771378,0.0162610076367855,0.0076920646242797
Q9UUB5_O13681,0.0032383,0.0032383,0.033628,0.06926518678665161,0.020899387076497,0.7507457137107849
Q9UTR8_O59793,0.0033134,0.0033134,0.034569,0.6124929785728455,0.9989343285560608,0.9826615452766418
O59836_P78946,0.0056372,0.0056372,0.035516,0.20435728132724762,0.0786356553435325,0.0065600001253187
Q09898_Q12126,0.064441,0.064441,0.14163,0.6505523324012756,0.9989981055259703,0.9570804238319396
O14097_O74536,0.0041069,0.0041069,0.034824,0.4292967915534973,0.7556533217430115,0.0488797537982463
P41005_Q9P6Q0,0.0031299,0.0031299,0.033625,0.4768255054950714,0.998675525188446,0.4266262948513031
Q9USP0_O14140,0.0092044,0.0092044,0.033767,0.3790280520915985,0.1180653423070907,0.004463707562536
P41887_Q9UUB7,0.0032432,0.0032432,0.034873,0.5554670095443726,0.9985108971595764,0.0091500831767916
P10651_Q09127,0.24645,0.24645,0.044069,0.47695109248161316,0.9989283680915833,0.2778066992759704
P40848_Q12381,0.0032852,0.0032852,0.034081,0.31144478917121887,0.1296346783638,0.8581010699272156
Q9USP9_P0CH07,0.018984,0.018984,0.038042,0.6562941670417786,0.0029318304732441,0.2336334288120269
Q9Y794_O94646,0.0065898,0.0065898,0.033687,0.46541038155555725,0.9975663423538208,0.8668264150619507
Q9P7G0_Q10477,0.0033455,0.0033455,0.036283,0.48604682087898254,0.9990397095680236,0.2463548481464386
O74791_O94423,0.0034691,0.0034691,0.041787,0.5256381034851074,0.9983121156692504,0.0064004361629486
Q7LL14_O13964,0.0031735,0.0031735,0.043666,0.48266273736953735,0.0414116755127906,0.0480988472700119
O13310_Q1MTN3,0.0033505,0.0033505,0.033894,0.4391222596168518,0.5703452229499817,0.6004481911659241
P28829_O94687,0.0037987,0.0037987,0.034018,0.2677650451660156,0.0050812033005058,0.7277942895889282
O59800_O94355,0.0032147,0.0032147,0.033684,0.13856108486652374,0.6064990758895874,0.1147971376776695
P34208_Q09683,0.0034476,0.0034476,0.033745,0.141677588224411,0.996568202972412,0.4025475084781647
O74825_Q9Y7L8,0.0033754,0.0033754,0.053999,0.01153260562568903,0.998766303062439,0.100629948079586
Q9P6M0_O74958,0.0039592,0.0039592,0.03401,0.4821259677410126,0.0575347393751144,0.0287586841732263
O59945_Q09933,0.0039473,0.0039473,0.033673,0.06282172352075577,0.0169456992298364,0.1596480458974838
O74531_O74825,0.0032445,0.0032445,0.033906,0.2580724358558655,0.0035185650922358,0.0049431496299803
Q12381_P78789,0.0032251,0.0032251,0.033987,0.11445923894643784,0.0024929153732955,0.6457073092460632
Q9UUE5_P87050,0.045017,0.045017,0.033651,0.05054431036114693,0.9989563226699828,0.8045092225074768
P87238_P40984,0.0099218,0.0099218,0.033614,0.20876486599445343,0.9982929825782776,0.2043966799974441
O60187_O74904,0.0046354,0.0046354,0.033796,0.24733880162239075,0.0062456172890961,0.0026425861287862
P29458_Q12701,0.0050912,0.0050912,0.033935,0.2644157409667969,0.0257837548851966,0.2193987518548965
P33520_Q9UUJ4,0.0044339,0.0044339,0.033889,0.5398178696632385,0.0121808601543307,0.0447531789541244
O43080_P12000,0.0034789,0.0034789,0.033523,0.24034713208675385,0.1168103888630867,0.0285654533654451
Q9UUM2_Q92352,0.0032047,0.0032047,0.03394,0.3968390226364136,0.998504400253296,0.2711063623428345
Q09914_Q09808,0.0031194,0.0031194,0.033494,0.15976302325725555,0.00215107598342,0.0215183608233928
O74483_P40235,0.0055916,0.0055916,0.035804,0.04256435111165047,0.0060797668993473,0.0061196885071694
O94476_O14140,0.011132,0.011132,0.033689,0.8099619150161743,0.0039452509954571,0.0063769118860363
Q09824_O59836,0.0036174,0.0036174,0.036649,0.30189114809036255,0.0915562063455581,0.9434903860092164
P36614_P48009,0.0077147,0.0077147,0.034595,0.6397100687026978,0.0049605900421738,0.0234655253589153
O74398_O42667,0.0033471,0.0033471,0.034622,0.2785867750644684,0.0212100055068731,0.0160665400326252
O13828_Q9US52,0.0031467,0.0031467,0.033536,0.3712286651134491,0.0076736193150281,0.0401392802596092
O43120_O74515,0.025966,0.025966,0.037848,0.5252195596694946,0.3018834292888641,0.3534739017486572
Q9UT86_Q9UUE5,0.0033605,0.0033605,0.033592,0.26574215292930603,0.9990795850753784,0.0027274587191641
Q9P7J8_P87173,0.004193,0.004193,0.033761,0.06171666458249092,0.0023381651844829,0.0051222001202404
O74653_P78789,0.0036188,0.0036188,0.033878,0.7003766894340515,0.9983792304992676,0.8084211349487305
P12000_Q10134,0.0068436,0.0068436,0.033574,0.2306758165359497,0.998803973197937,0.5147106051445007
P30261_P10989,0.0031945,0.0031945,0.035384,0.7502268552780151,0.9980870485305786,0.006729663349688
O74175_Q10192,0.043614,0.043614,0.086093,0.12469624727964401,0.9987982511520386,0.988514482975006
Q9Y7R3_Q9UUI1,0.0032217,0.0032217,0.03407,0.010885490104556084,0.999045193195343,0.0766871646046638
Q09763_P79015,0.0054917,0.0054917,0.033765,0.06464355438947678,0.0021164817735552,0.0025047089438885
O13286_Q9USG6,0.0033656,0.0033656,0.036454,0.2648792564868927,0.0373068712651729,0.0084265414625406
O59755_Q9P7R9,0.0085922,0.0085922,0.033774,0.10964945703744888,0.103720873594284,0.8409727215766907
Q9P7F9_O59790,0.0034068,0.0034068,0.064015,0.08161461353302002,0.0041309068910777,0.000873805489391
O14459_P41412,0.0031771,0.0031771,0.035962,0.13253392279148102,0.0169756226241588,0.0072069861926138
P87051_Q92352,0.0031457,0.0031457,0.03356,0.25189676880836487,0.998406946659088,0.1013844013214111
Q9UTS6_Q9USM8,0.0031334,0.0031334,0.033666,0.2656407058238983,0.9990658164024352,0.0188959818333387
Q9P802_O74309,0.0032489,0.0032489,0.033619,0.2538522481918335,0.0660367459058761,0.1225267723202705
Q9HE05_O74518,0.0032301,0.0032301,0.034018,0.33233171701431274,0.9988685846328736,0.0100413234904408
Q9P7A0_Q9Y7Z7,0.0032859,0.0032859,0.034083,0.46580129861831665,0.0104216914623975,0.0041642249561846
Q9USR7_O94684,0.0031382,0.0031382,0.033665,0.8548709750175476,0.0099747600033879,0.0646651238203048
Q9Y7L8_Q09825,0.0033879,0.0033879,0.0337,0.16062387824058533,0.0020077454391866,0.0033643366768956
P41410_Q9UT32,0.003448,0.003448,0.03586,0.688718855381012,0.998076558113098,0.0087018199265003
Q9UT46_Q10343,0.0035755,0.0035755,0.033785,0.05455056205391884,0.0143647789955139,0.0180796440690755
O42991_P79071,0.018596,0.018596,0.088515,0.057621829211711884,0.9990429282188416,0.9900690913200378
P87238_O42661,0.0056077,0.0056077,0.034977,0.4336128234863281,0.9902950525283812,0.3876886963844299
Q9UUJ1_Q09822,0.0037209,0.0037209,0.033838,0.3217915892601013,0.0035466803237795,0.0602730326354503
O74499_O94272,0.0089481,0.0089481,0.13677,0.38851794600486755,0.0079131135717034,0.0086757149547338
O13681_O13964,0.0031873,0.0031873,0.033596,0.26109063625335693,0.9985753297805786,0.3848398327827453
O13688_P79005,0.0034344,0.0034344,0.03637,0.48914477229118347,0.9988034963607788,0.9854624271392822
P04688_P10815,0.003483,0.003483,0.035137,0.06171721592545509,0.0117496540769934,0.0147392591461539
P0CT70_P79010,0.024017,0.024017,0.042016,0.2138373702764511,0.9989815354347228,0.7671641111373901
Q9P7G0_Q9Y7N2,0.0040895,0.0040895,0.035027,0.21937741339206696,0.998869001865387,0.3807280957698822
P36629_O13684,0.0032836,0.0032836,0.033814,0.25427553057670593,0.0094867656007409,0.0258324518799781
Q9UUJ4_O74966,0.0032971,0.0032971,0.033863,0.029683437198400497,0.0103893484920263,0.0054836208000779
Q9HFE5_Q9Y7U4,0.0032195,0.0032195,0.03393,0.019559361040592194,0.9946444034576416,0.0340656787157058
P79063_P34208,0.0032339,0.0032339,0.033596,0.29118385910987854,0.0254690255969762,0.0255584921687841
Q09822_P87176,0.0034271,0.0034271,0.033915,0.4219669997692108,0.0602348931133747,0.119684062898159
Q9P7G0_Q7LL14,0.0035568,0.0035568,0.033945,0.08349435776472092,0.9990511536598206,0.4900491237640381
Q10271_Q92358,0.0032455,0.0032455,0.033768,0.33202797174453735,0.0528007335960865,0.0677560493350029
O75001_Q9UTK6,0.0038926,0.0038926,0.045029,0.3244628608226776,0.8833352327346802,0.0794650167226791
Q06182_P0CH07,0.010719,0.010719,0.035507,0.020355718210339546,0.0310988221317529,0.0025436650030314
Q92399_Q06182,0.004254,0.004254,0.034974,0.24852967262268066,0.0181198548525571,0.011362811550498
Q9USV1_Q9HDY7,0.0035063,0.0035063,0.073546,0.09742185473442078,0.998896598815918,0.9031313061714172
P40381_Q09191,0.0044835,0.0044835,0.043583,0.1693238914012909,0.0083894729614257,0.062437642365694
Q9HGL8_P87314,0.0055732,0.0055732,0.036616,0.1425202339887619,0.0317786447703838,0.0099317897111177
O42832_Q10366,0.0034895,0.0034895,0.03665,0.3876361846923828,0.0020605891477316,0.0849713236093521
O13672_O60164,0.0051158,0.0051158,0.055933,0.35566818714141846,0.9990416169166564,0.9880393147468568
O13684_Q9UTI3,0.0031427,0.0031427,0.033597,0.06536000221967697,0.0062879147008061,0.0156899094581604
P09988_O14417,0.0031679,0.0031679,0.033902,0.4387448728084564,0.9984910488128662,0.0234721861779689
O74465_Q92372,0.0032936,0.0032936,0.035355,0.010845459997653961,0.995571494102478,0.0143504589796066
O43120_Q09683,0.0037771,0.0037771,0.033936,0.22350606322288513,0.999030828475952,0.1611779183149337
O74515_Q10159,0.033009,0.033009,0.036015,0.24695131182670593,0.0101514440029859,0.055329330265522
P79071_O94620,0.0041683,0.0041683,0.036625,0.4900866746902466,0.0176128018647432,0.0127469580620527
Q10585_P36601,0.0035762,0.0035762,0.033614,0.11836986243724823,0.0114970989525318,0.0198256894946098
Q09127_Q10585,0.0037317,0.0037317,0.033572,0.3009119927883148,0.9974787831306458,0.2153190523386001
O94238_Q9UT52,0.0032349,0.0032349,0.039036,0.1219664141535759,0.3109151422977447,0.0066308500245213
Q92399_P87176,0.0038219,0.0038219,0.03462,0.04824471101164818,0.776811420917511,0.00535290222615
P79005_O14339,0.0048215,0.0048215,0.034274,0.28961125016212463,0.9988351464271544,0.0103000728413462
P87176_O94752,0.0037423,0.0037423,0.03401,0.038802534341812134,0.0930029675364494,0.0092873675748705
Q9UTS6_P36625,0.0031292,0.0031292,0.033954,0.16076086461544037,0.9989563226699828,0.0598340183496475
P79071_O94316,0.0054345,0.0054345,0.03423,0.17580364644527435,0.998931348323822,0.1212416067719459
P56287_Q9Y7J4,0.0034193,0.0034193,0.03395,0.04371058940887451,0.0159023236483335,0.0034400031436234
P05501_P36616,0.0091496,0.0091496,0.03358,0.31725141406059265,0.0015843125293031,0.0006980024627409
Q9UTE6_O74555,0.0070994,0.0070994,0.036414,0.029958156868815422,0.955915868282318,0.1779936850070953
O13936_O74483,0.0038006,0.0038006,0.034042,0.40403521060943604,0.9986968636512756,0.6621435880661011
Q9UUC1_P27638,0.004329,0.004329,0.033673,0.4293021261692047,0.0028385536279529,0.0121659860014915
O14011_Q9USV3,0.0046065,0.0046065,0.033612,0.27896538376808167,0.9987743496894836,0.0431313924491405
O94659_Q9UUI1,0.003403,0.003403,0.033861,0.4433644413948059,0.998390793800354,0.0108819790184497
O74560_P40997,0.0033455,0.0033455,0.033786,0.7793636918067932,0.997816801071167,0.8742682337760925
Q9Y821_P87245,0.36025,0.36025,0.033935,0.44949454069137573,0.0092552937567234,0.878594696521759
Q12701_Q9HFE5,0.0034138,0.0034138,0.033567,0.19264107942581177,0.2922770380973816,0.0094601558521389
O94244_O43071,0.004237,0.004237,0.13054,0.008201438933610916,0.994565725326538,0.9826516509056092
O74558_Q9P7V3,0.0037758,0.0037758,0.034423,0.005911878775805235,0.0342521071434021,0.0062840930186212
P36595_P34208,0.0037884,0.0037884,0.034394,0.13569749891757965,0.0099610053002834,0.0033689155243337
O42667_O94542,0.0034016,0.0034016,0.034431,0.7042416334152222,0.015056780539453,0.8491814136505127
Q09142_O60158,0.0032714,0.0032714,0.033729,0.4049448072910309,0.0190524626523256,0.38538658618927
Q09898_P40371,0.0039225,0.0039225,0.033665,0.08263646811246872,0.9846627712249756,0.1389874070882797
O60016_Q9USU3,0.0033758,0.0033758,0.033798,0.1397065669298172,0.0035713284742087,0.3996775448322296
P08090_O74825,0.0033226,0.0033226,0.033677,0.05374469980597496,0.0540879480540752,0.0361569114029407
O74499_Q09916,0.0071317,0.0071317,0.03635,0.33713623881340027,0.9990897178649902,0.015522033907473
Q10113_P48009,0.01834,0.01834,0.033541,0.04517203941941261,0.0965355709195137,0.9679223299026488
P78774_Q10316,0.003247,0.003247,0.033672,0.12750406563282013,0.9990680813789368,0.9824742674827576
Q06182_P50523,0.0034062,0.0034062,0.033568,0.7274438738822937,0.0019939257763326,0.0013994823675602
Q09819_O43120,0.0047691,0.0047691,0.036301,0.4169817864894867,0.2198286801576614,0.4707937240600586
P04688_O13728,0.0036427,0.0036427,0.033854,0.10483618080615997,0.0136726005002856,0.1309093683958053
O13877_P32586,0.0032294,0.0032294,0.033962,0.44977399706840515,0.0013000729959458,0.000979482778348
Q9P7B7_P0CT70,0.0089066,0.0089066,0.30769,0.15523895621299744,0.9990038275718688,0.0082039991393685
Q9UTI8_O94646,0.0035268,0.0035268,0.033878,0.1915113925933838,0.9990442395210266,0.057925384491682
Q9UT46_O74985,0.004275,0.004275,0.033622,0.4027238190174103,0.0291400291025638,0.2633933126926422
P49731_Q09761,0.0034585,0.0034585,0.034204,0.18339648842811584,0.1267099380493164,0.8110040426254272
Q10668_O75011,0.0038438,0.0038438,0.035249,0.030996620655059814,0.306314617395401,0.9832900762557985
O94684_Q874R3,0.0031802,0.0031802,0.033886,0.32732459902763367,0.0041388273239135,0.0442486926913261
O60158_Q09825,0.0036437,0.0036437,0.035915,0.1709301471710205,0.0013026300584897,0.5799542665481567
O94476_O42995,0.0031157,0.0031157,0.03398,0.3308328688144684,0.008684909902513,0.0278281159698963
O59793_P78946,0.008049,0.008049,0.035486,0.04780587926506996,0.9985228180885316,0.2614682912826538
O59703_Q9HDX9,0.0035459,0.0035459,0.033664,0.01981589011847973,0.0026542446576058,0.2036909013986587
Q9P7B7_Q9C0Z9,0.0032086,0.0032086,0.034534,0.2216811329126358,0.9987346529960632,0.0126702338457107
O42634_Q9P7T4,0.0045627,0.0045627,0.038207,0.054498281329870224,0.0347298607230186,0.0195696949958801
P17937_O43120,0.0044225,0.0044225,0.039297,0.06880216300487518,0.9990302324295044,0.4252257049083709
P87173_Q09898,0.0042881,0.0042881,0.033772,0.1777503341436386,0.0076564424671232,0.0194200742989778
Q10218_P78953,0.0034328,0.0034328,0.03483,0.039836376905441284,0.998513400554657,0.841336190700531
O59790_Q9P3B2,0.0034867,0.0034867,0.033484,0.7869811058044434,0.0023088017478585,0.0008087723399512
Q10330_O13826,0.0041416,0.0041416,0.035357,0.1084582507610321,0.9989994168281556,0.1515334844589233
P32372_P87074,0.0036748,0.0036748,0.034359,0.05321556702256203,0.9989765882492064,0.9939554333686828
Q10432_O13286,0.0033093,0.0033093,0.034646,0.07829144597053528,0.019275352358818,0.92033451795578
Q09933_Q9USH1,0.0037136,0.0037136,0.034032,0.04519962891936302,0.9978920817375184,0.1296327859163284
P40997_O94276,0.0036285,0.0036285,0.033943,0.0710737481713295,0.9965341091156006,0.8616306781768799
O74803_O74536,0.008562,0.008562,0.034588,0.0701826736330986,0.9606530666351318,0.2306469976902008
O14352_O13339,0.0038006,0.0038006,0.034024,0.17526419460773468,0.0029730659443885,0.0047249081544578
Q9P7Y4_Q9UTR8,0.0034583,0.0034583,0.034095,0.1502998322248459,0.998925507068634,0.7583454847335815
O94705_P78789,0.0033596,0.0033596,0.033555,0.12994681298732758,0.001661552931182,0.0006326401489786
Q9USL5_Q9UTB6,0.0033504,0.0033504,0.033607,0.12095627188682556,0.0145067758858203,0.1344118267297744
O94752_Q09858,0.0031449,0.0031449,0.033569,0.12732470035552979,0.0065732263028621,0.0151056312024593
O59751_P56287,0.0033704,0.0033704,0.033563,0.6182380318641663,0.0078108091838657,0.1158965751528739
O13688_O94668,0.0035952,0.0035952,0.034233,0.4115031361579895,0.9990121126174928,0.9241108298301696
P01129_Q9P7P2,0.0034046,0.0034046,0.036168,0.32326850295066833,0.0051212185062468,0.7606774568557739
P32434_Q9USJ7,0.02739,0.02739,0.10349,0.09162283688783646,0.0170283243060112,0.747202455997467
O94646_Q9UUJ4,0.0051097,0.0051097,0.034604,0.3300907015800476,0.9987491369247437,0.0127829536795616
Q92366_Q9UUC1,0.64379,0.64379,0.43667,0.22243821620941162,0.9981639981269836,0.8408979773521423
P41889_P87309,0.0033264,0.0033264,0.034146,0.5101684927940369,0.0186782181262969,0.7653149962425232
P40848_O36027,0.0055528,0.0055528,0.033988,0.5468656420707703,0.953877568244934,0.6062979698181152
O94244_Q9HDX9,0.003412,0.003412,0.033883,0.33459198474884033,0.0065866168588399,0.0055202157236635
O74988_Q96TL7,0.0032313,0.0032313,0.033499,0.18640834093093872,0.0203505754470825,0.0008358537452295
P87231_O74895,0.0037182,0.0037182,0.034376,0.11178956180810928,0.9989855885505676,0.0228127688169479
Q09763_O74515,0.0032216,0.0032216,0.033948,0.003376681124791503,0.0023406136315315,0.0012041751760989
O60129_Q09772,0.0032655,0.0032655,0.033863,0.08179456740617752,0.9987138509750366,0.9289329051971436
P50523_O94603,0.0033787,0.0033787,0.033633,0.5516329407691956,0.0019460956100374,0.0005275706644169
Q9Y794_P04688,0.0036492,0.0036492,0.034811,0.28014618158340454,0.0108851213008165,0.4630494713783264
O94355_O59793,0.0031553,0.0031553,0.033716,0.7088465690612793,0.99902081489563,0.5934075117111206
Q09760_O42975,0.0047197,0.0047197,0.035996,0.1939028650522232,0.001829330343753,0.0451433099806308
A6X980_Q09150,0.0031781,0.0031781,0.050813,0.39058995246887207,0.0114658130332827,0.0216199532151222
Q10134_P01129,0.0038945,0.0038945,0.033597,0.26311054825782776,0.9988353848457336,0.978987157344818
Q9HDX9_Q4PIR3,0.0031866,0.0031866,0.033649,0.01378104742616415,0.9989140033721924,0.0135715045034885
O43070_O74360,0.0033795,0.0033795,0.034219,0.11414540559053421,0.0032878045458346,0.4492061138153076
O94444_P87173,0.0033822,0.0033822,0.033614,0.3854953646659851,0.9986633062362672,0.0066377916373312
O74184_P41889,0.0035916,0.0035916,0.033673,0.03511783480644226,0.0373651348054409,0.0135133769363164
P36601_O36019,0.0039861,0.0039861,0.033743,0.0862651988863945,0.0041554430499672,0.0162092819809913
O42991_O94238,0.038757,0.038757,0.065476,0.03878069669008255,0.9990399479866028,0.9977413415908812
O94752_O74558,0.0031548,0.0031548,0.033663,0.4881185293197632,0.0007455922313965,0.0028574306052178
P78946_Q9UUJ1,0.0031699,0.0031699,0.10803,0.8850085735321045,0.9962034821510316,0.005274889525026
O59793_Q9UTP0,0.003644,0.003644,0.033884,0.3357870578765869,0.0654896572232246,0.1111511215567588
Q9P779_Q10271,0.00329,0.00329,0.033654,0.4157601594924927,0.0152871403843164,0.2856723070144653
Q9Y7M6_Q92462,0.003254,0.003254,0.033497,0.29969358444213867,0.0026051879394799,0.0007750471122562
Q9P7F9_Q92399,0.0032767,0.0032767,0.034925,0.29234153032302856,0.0005486854934133,0.0005571377114392
O14036_O13782,0.0033945,0.0033945,0.033516,0.25422048568725586,0.0008360577048733,0.0039969184435904
Q9USM8_Q9UTA4,0.0033916,0.0033916,0.034006,0.16240231692790985,0.005140230525285,0.0059807635843753
P78794_Q9UTE6,0.014811,0.014811,0.034704,0.18970853090286255,0.9753668904304504,0.9751176834106444
P0CH07_P46595,0.78152,0.78152,0.91983,0.24569356441497803,0.9902969002723694,0.1259314566850662
P36585_Q09763,0.0042475,0.0042475,0.033677,0.01223799493163824,0.0058758575469255,0.0023550235200673
P40380_O13988,0.003432,0.003432,0.036503,0.26307177543640137,0.9990423321723938,0.5359926223754883
P05767_O43120,0.064612,0.064612,0.050677,0.02276511676609516,0.9838078618049622,0.1900858283042907
P10989_O59767,0.0034455,0.0034455,0.033925,0.1292853057384491,0.1071021929383277,0.0083297500386834
P87245_P40995,0.011121,0.011121,0.033781,0.016972918063402176,0.002781328279525,0.953521490097046
P14575_O74184,0.0035022,0.0035022,0.033893,0.24063648283481598,0.0018579317256808,0.0032126388978213
O59790_O59734,0.0099174,0.0099174,0.034205,0.5756688714027405,0.005152219440788,0.011518764309585
Q03392_Q9UTF6,0.0033554,0.0033554,0.035703,0.7707117795944214,0.0191920418292284,0.0148875620216131
O42975_P05501,0.0033598,0.0033598,0.033474,0.1368929147720337,0.0013771292287856,0.0007720594294369
P28748_O74531,0.0036071,0.0036071,0.033766,0.29453009366989136,0.02458481118083,0.0070583056658506
O94722_P50523,0.030635,0.030635,0.039313,0.4614109992980957,0.0011941571719944,0.0033408817835152
O74465_P36617,0.003403,0.003403,0.034006,0.18539661169052124,0.4928599298000335,0.0239452198147773
O13916_O94408,0.011909,0.011909,0.29763,0.14824528992176056,0.0054047484882175,0.012712056748569
P08090_Q9P6Q0,0.0031614,0.0031614,0.033647,0.1292661726474762,0.9981752634048462,0.2940224111080169
Q09772_P87169,0.0040308,0.0040308,0.033559,0.059912193566560745,0.998583436012268,0.3299748599529266
O60164_P87176,0.0045301,0.0045301,0.035338,0.01550206821411848,0.9989905953407288,0.0214785803109407
O13351_P87314,0.0088996,0.0088996,0.035459,0.15955661237239838,0.9973456263542176,0.0056524933315813
O13836_Q92352,0.0034847,0.0034847,0.033995,0.08783622086048126,0.0451421253383159,0.1936698853969574
O59836_P79063,0.0033249,0.0033249,0.0336,0.2980059087276459,0.1133017539978027,0.0780075937509536
O14011_A6X980,0.0031761,0.0031761,0.03672,0.28862789273262024,0.9988314509391784,0.1035167351365089
O94355_O13615,0.0031548,0.0031548,0.033779,0.33651575446128845,0.0063307457603514,0.0098249791190028
O74184_Q9URY0,0.0036567,0.0036567,0.31417,0.0882100984454155,0.0068902899511158,0.0128867411985993
Q9USZ6_O94707,0.0033193,0.0033193,0.03374,0.09288880974054337,0.9945070147514344,0.1725202202796936
Q10113_Q9UUE5,0.0040075,0.0040075,0.033932,0.274905800819397,0.0274094957858324,0.1683836430311203
O74360_P87324,0.003841,0.003841,0.033763,0.1737632304430008,0.0026445663534104,0.084708921611309
P36629_O42846,0.0068666,0.0068666,0.038678,0.014246325008571148,0.999016284942627,0.2854966521263122
O75001_Q0E7J7,0.0034284,0.0034284,0.034065,0.74605393409729,0.9969834685325624,0.050755601376295
Q09127_Q10103,0.004231,0.004231,0.03471,0.7983639240264893,0.9947335720062256,0.2746214568614959
O14399_O74531,0.0067101,0.0067101,0.64652,0.8087401390075684,0.0436779707670211,0.0030518828425556
P78963_P0CT60,0.0033822,0.0033822,0.033695,0.017142821103334427,0.0048925369046628,0.0083462102338671
Q09760_O94687,0.0033471,0.0033471,0.036401,0.07936207205057144,0.0025985576212406,0.0136939343065023
A6X980_P05501,0.0031824,0.0031824,0.033592,0.7464460730552673,0.0008967948961071,0.0005000371602363
O60104_Q9Y7N2,0.0032861,0.0032861,0.037263,0.12462008744478226,0.9991018772125244,0.939186692237854
Q00619_Q9P7F9,0.32328,0.32328,0.036317,0.13856278359889984,0.009830130264163,0.0084674973040819
O94668_O94646,0.003945,0.003945,0.034064,0.8165042400360107,0.9990910291671752,0.5983840823173523
Q10067_P87215,0.0041627,0.0041627,0.033501,0.00494379224255681,0.0071707922033965,0.0059946593828499
P48009_Q9C107,0.0032869,0.0032869,0.033551,0.2773418724536896,0.0028670944739133,0.0427886992692947
Q9US59_O94707,0.0032893,0.0032893,0.033921,0.10776261240243912,0.0054068998433649,0.0039859805256128
Q09177_P08965,0.0033643,0.0033643,0.095157,0.4119522273540497,0.0156510379165411,0.0031289183534681
O94321_P50527,0.0032925,0.0032925,0.033693,0.3133111894130707,0.0068996511399745,0.7140268683433533
P87231_Q09330,0.0033608,0.0033608,0.033869,0.4574477970600128,0.9989715814590454,0.0184125024825334
Q9C0Z9_Q10109,0.00336,0.00336,0.033556,0.05446399003267288,0.0012161707272753,0.0367294289171695
Q9HGL8_O74184,0.0039102,0.0039102,0.034099,0.09638088941574097,0.0080257887020707,0.0048224022611975
Q10432_O74910,0.0032442,0.0032442,0.037409,0.08893366158008575,0.0079829515889287,0.5957377552986145
Q9Y7M6_P40380,0.0031423,0.0031423,0.033554,0.1727857142686844,0.0071147526614367,0.4789555668830871
O14399_P34208,0.049707,0.049707,0.10562,0.08273570984601974,0.0145997935906052,0.0136397602036595
O74958_Q09898,0.0034115,0.0034115,0.033706,0.15017662942409515,0.2602619230747223,0.0833282768726348
Q9UT46_O74309,0.0034668,0.0034668,0.034045,0.2226763367652893,0.0245363432914018,0.7008802890777588
P50524_C6Y4D0,0.0034997,0.0034997,0.033547,0.439317524433136,0.9991033673286438,0.1358034312725067
O14021_Q9USJ7,0.0070145,0.0070145,0.033861,0.25066083669662476,0.0073429970070719,0.0618605837225914
Q9UT52_P36585,0.0032613,0.0032613,0.040509,0.11478593945503235,0.1704371124505996,0.0064083742909133
O74311_Q9UTI8,0.0031699,0.0031699,0.033644,0.0348389595746994,0.0179626084864139,0.029065927490592
O74515_O74985,0.033445,0.033445,0.034431,0.6826730370521545,0.9988415837287904,0.7989974021911621
P10815_O74718,0.0033751,0.0033751,0.035135,0.5543192625045776,0.0115934330970048,0.4966139495372772
Q9HFE5_P52890,0.0032707,0.0032707,0.033532,0.39573392271995544,0.0039668288081884,0.0296333506703376
O42995_O13877,0.11212,0.11212,0.070148,0.0769612118601799,0.0146808540448546,0.0026383870281279
Q9Y7J4_Q10198,0.0031727,0.0031727,0.034456,0.29499152302742004,0.0118928784504532,0.0306334495544433
P0CH07_P34208,0.011301,0.011301,0.036385,0.010527352802455425,0.0740538984537124,0.0082451542839407
Q9HFE5_Q9P3B2,0.0039797,0.0039797,0.033544,0.10786491632461548,0.0019547569099813,0.0012014311505481
O74736_O13916,0.0048082,0.0048082,0.033708,0.38121655583381653,0.0507404804229736,0.0708415731787681
P87314_P36583,0.0037585,0.0037585,0.036436,0.051872510462999344,0.9874699711799622,0.4699413478374481
Q9P7M1_O13816,0.0032067,0.0032067,0.037274,0.2389187067747116,0.0123346075415611,0.9574280977249146
P25457_Q09170,0.0033589,0.0033589,0.033933,0.21433772146701813,0.0130007434636354,0.0039218454621732
O74483_O94408,0.087255,0.087255,0.73276,0.5007544755935669,0.9991135001182556,0.9978450536727904
O42978_Q09822,0.0033341,0.0033341,0.033857,0.11757258325815201,0.0011635825503617,0.0019657723605632
Q9UTI8_O94272,0.053174,0.053174,0.052531,0.01781655289232731,0.0180717520415782,0.4462687373161316
O74499_Q9UUI1,0.03224,0.03224,0.81855,0.1304047405719757,0.9990910291671752,0.9966161847114564
Q9P782_O74796,0.0031806,0.0031806,0.033807,0.16166244447231293,0.0078250570222735,0.0133808767423033
Q53EK2_P87309,0.0032662,0.0032662,0.033645,0.07982201874256134,0.0079822307452559,0.0313361249864101
O94698_O74471,0.003342,0.003342,0.033619,0.1975817084312439,0.0091086477041244,0.0017657973803579
O60129_O94684,0.0032697,0.0032697,0.033769,0.06176384165883064,0.9967398047447203,0.9032289385795592
O42709_O94285,0.0033898,0.0033898,0.047669,0.008949551731348038,0.9990313053131104,0.1682369112968444
O94616_Q09822,0.0033501,0.0033501,0.033705,0.27333563566207886,0.0023706078063696,0.0044114557094872
Q9P4W1_Q874R3,0.006517,0.006517,0.033818,0.08895311504602432,0.001456452650018,0.0004530436126515
Q9USV1_O94276,0.0035484,0.0035484,0.034476,0.2488878071308136,0.9987909197807312,0.3949261903762817
Q9P7P2_P21534,0.0037892,0.0037892,0.033627,0.010742366313934326,0.0012656574836,0.0008251148392446
O42661_P79015,0.30092,0.30092,0.20794,0.11225342005491257,0.9990522265434264,0.8011057376861572
Q9P7M3_Q9P7W4,0.0032032,0.0032032,0.033981,0.12975922226905823,0.974511981010437,0.1807671934366226
Q09142_P10506,0.005199,0.005199,0.034101,0.03938201069831848,0.0039149038493633,0.8782223463058472
Q10134_Q9USG6,0.0032944,0.0032944,0.033524,0.11765941232442856,0.0169660691171884,0.0186647195369005
P78794_Q9P805,0.0038302,0.0038302,0.033968,0.1764315664768219,0.9893418550491332,0.0090214684605598
Q9P6R1_P87309,0.47803,0.47803,0.033749,0.01737263612449169,0.0018741231178864,0.0033765705302357
Q9P7E0_O94707,0.0034084,0.0034084,0.033608,0.3718779981136322,0.0027930815704166,0.0005229284288361
Q9UT86_P08092,0.0035366,0.0035366,0.033604,0.43510234355926514,0.9985664486885072,0.0141549278050661
P78953_P0C5Y7,0.0036658,0.0036658,0.03717,0.12109974026679993,0.020314984023571,0.0020070252940058
Q9UT76_O94316,0.0033475,0.0033475,0.038618,0.3449583947658539,0.0113824130967259,0.0314259268343448
O74854_Q9US59,0.0032965,0.0032965,0.034036,0.1004997193813324,0.0157218873500823,0.0031100665219128
O13615_P49731,0.0033444,0.0033444,0.044263,0.06880973279476166,0.0182053428143262,0.0546634532511234
P40995_O36023,0.0035616,0.0035616,0.033658,0.2986123561859131,0.0013613266637548,0.8856325745582581
O13672_P08965,0.0035364,0.0035364,0.033608,0.21119704842567444,0.0234297681599855,0.0042607993818819
P36617_O74555,0.0033287,0.0033287,0.034099,0.02438792772591114,0.9989688396453856,0.3605604767799377
Q12126_Q09150,0.013646,0.013646,0.046735,0.20380881428718567,0.0258181579411029,0.0085615394636988
O94687_P05501,0.0032475,0.0032475,0.033521,0.03710083290934563,0.001027557766065,0.0016949283890426
P01129_O74433,0.0031695,0.0031695,0.033538,0.019223742187023163,0.0030775004997849,0.0005329744890332
Q9USM8_O36019,0.0033476,0.0033476,0.034227,0.6645973920822144,0.0045029022730886,0.9802343249320984
P04910_P78929,0.040198,0.040198,0.035934,0.04093904793262482,0.6618818640708923,0.009287679567933
Q9UTP0_P21534,0.0053523,0.0053523,0.033499,0.39374059438705444,0.0034922547638416,0.0013533417368307
P78953_Q09924,0.0036523,0.0036523,0.033946,0.18209752440452576,0.0018268323037773,0.0181602220982313
Q9C0Z9_Q07538,0.0053121,0.0053121,0.033632,0.1509457379579544,0.998176097869873,0.0991172343492508
P36617_Q9URY0,0.0032446,0.0032446,0.034058,0.20388630032539368,0.8631126284599304,0.1237646862864494
O13681_P32390,0.0033326,0.0033326,0.033547,0.5530738830566406,0.0204520635306835,0.0398525111377239
Q06182_P41412,0.0036019,0.0036019,0.033756,0.1458326280117035,0.0176968816667795,0.679804265499115
O94360_Q09898,0.0031631,0.0031631,0.033622,0.06176090985536575,0.0714960172772407,0.0108239408582448
O14327_O94717,0.0032431,0.0032431,0.033875,0.13236866891384125,0.0048089078627526,0.0038505427073687
Q9Y7U4_Q10067,0.0032132,0.0032132,0.034152,0.013260497711598873,0.9989047050476074,0.0465337857604026
P05501_Q9P7E0,0.030533,0.030533,0.25466,0.10443008691072464,0.9986439347267152,0.8605554699897766
Q9UUC6_O94423,0.0034489,0.0034489,0.043756,0.7689308524131775,0.0201900973916053,0.0075699584558606
P40381_O94707,0.004331,0.004331,0.03503,0.39607417583465576,0.998961329460144,0.0485837161540985
P50530_O60158,0.0033433,0.0033433,0.033831,0.3488538861274719,0.0217092577368021,0.5483319759368896
P0CG72_P87306,0.0038679,0.0038679,0.03356,0.3513171672821045,0.0012232430744916,0.0183816589415073
Q09772_P41411,0.013853,0.013853,0.038141,0.08567570894956589,0.9986141920089722,0.4058082401752472
Q9P7M3_O94547,0.0035275,0.0035275,0.034141,0.2819420397281647,0.9938487410545348,0.0067107123322784
Q09717_Q9HGL8,0.0038468,0.0038468,0.033783,0.003932400606572628,0.0012776143848896,0.0016996476333588
O13310_P32434,0.10503,0.10503,0.03364,0.1045934185385704,0.0050931139849126,0.0033584514167159
Q11120_Q10103,0.0037237,0.0037237,0.033833,0.5437514781951904,0.0050112754106521,0.3421909809112549
Q09824_Q09823,0.0044491,0.0044491,0.040922,0.26678702235221863,0.0219279248267412,0.913020133972168
Q9HE05_O14097,0.0033686,0.0033686,0.034689,0.07846065610647202,0.9987034797668456,0.5401232242584229
Q10272_O94272,0.0039218,0.0039218,0.054984,0.15548527240753174,0.0568855255842208,0.0860948041081428
P25457_O14269,0.0042441,0.0042441,0.033616,0.333152711391449,0.9988553524017334,0.1165655627846717
P30261_O13688,0.0033518,0.0033518,0.037181,0.02876046858727932,0.9990084767341614,0.991977035999298
Q9UTK6_Q92399,0.0033924,0.0033924,0.042169,0.30228906869888306,0.0065705804154276,0.0246813613921403
O94687_Q9UTI8,0.019394,0.019394,0.053048,0.006048218812793493,0.0707702934741973,0.0314806774258613
Q10103_Q10366,0.0034849,0.0034849,0.035075,0.15351571142673492,0.0275903735309839,0.3898923993110657
O94752_O94556,0.0033722,0.0033722,0.033767,0.7867384552955627,0.0030842858832329,0.1808029264211654
Q96TL7_Q9HGL6,0.0033488,0.0033488,0.033693,0.10400580614805222,0.9989930987358092,0.2089975476264953
O13615_P78794,0.0032771,0.0032771,0.035062,0.05366053432226181,0.0100046740844845,0.8420156836509705
P0CU09_O74433,0.0031557,0.0031557,0.0336,0.062220554798841476,0.0116576077416539,0.000771447957959
O14352_Q10282,0.0034158,0.0034158,0.041823,0.018042024224996567,0.0108546512201428,0.0097670601680874
P12000_Q10163,0.0035105,0.0035105,0.033587,0.05530316382646561,0.9985802173614502,0.0233512874692678
P21135_Q10322,0.0041147,0.0041147,0.034322,0.11454151570796967,0.9989084005355836,0.6835233569145203
O74533_Q12701,0.0036489,0.0036489,0.033679,0.11293444782495499,0.0027510826475918,0.0636989921331405
P32434_P41889,0.0089064,0.0089064,0.10845,0.007128961384296417,0.0119744157418608,0.3961223363876343
P79010_Q9UTI8,0.0066576,0.0066576,0.050867,0.10626009851694107,0.9988844990730286,0.3706724345684051
Q9Y7M6_O74988,0.0032915,0.0032915,0.033479,0.2895486056804657,0.0114036863669753,0.0240765046328306
O59734_P06652,0.0083634,0.0083634,0.041143,0.1941424161195755,0.0179759301245212,0.0040256292559206
P10989_O43120,0.0032904,0.0032904,0.038474,0.507409393787384,0.0333085842430591,0.0232640132308006
P87173_Q01112,0.0031416,0.0031416,0.033483,0.568179190158844,0.0010749660432338,0.0016407726798206
Q9Y821_P29458,0.004176,0.004176,0.034351,0.19326356053352356,0.9989132881164552,0.0387507416307926
Q9UUB5_O94542,0.0032889,0.0032889,0.034551,0.0714382529258728,0.9984961748123168,0.1145621240139007
Q9HGL8_P87074,0.0054663,0.0054663,0.035077,0.09024884551763535,0.250749796628952,0.006109245121479
O74854_P87173,0.0032748,0.0032748,0.033772,0.2429620325565338,0.0013219895772635,0.0869195163249969
O42995_O59836,0.0032079,0.0032079,0.03785,0.6249321699142456,0.0730101615190506,0.2433327883481979
P78761_Q9P7J8,0.0059885,0.0059885,0.03355,0.17822597920894623,0.0012384740402922,0.0026771533302962
O94687_Q10103,0.004485,0.004485,0.035174,0.6605014801025391,0.6970906853675842,0.6704851984977722
P48011_Q9UUI1,0.011201,0.011201,0.93661,0.32653874158859253,0.9989858269691468,0.0140597661957144
Q1MTQ1_Q9USV1,0.013783,0.013783,0.0477,0.3012295067310333,0.667188823223114,0.9929347634315492
O14229_P87051,0.0033772,0.0033772,0.033667,0.46882742643356323,0.99906986951828,0.0013372246176004
O14352_P10506,0.010836,0.010836,0.042457,0.0994376540184021,0.0017111917259171,0.0208459217101335
Q09819_O74957,0.0039512,0.0039512,0.033754,0.3081204295158386,0.0087053375318646,0.0429977290332317
Q09882_Q96WW3,0.0046236,0.0046236,0.03893,0.36362943053245544,0.9987353682518004,0.9892296195030212
P50524_O42978,0.0055851,0.0055851,0.034092,0.10944236069917679,0.9990161657333374,0.01063500251621
Q9P7P2_P05767,0.024465,0.024465,0.04212,0.2865423560142517,0.0119808996096253,0.2613979279994964
Q9P7P2_O94238,0.0056153,0.0056153,0.036962,0.550572395324707,0.0427543632686138,0.0298329479992389
O13684_P04551,0.0033597,0.0033597,0.033832,0.052539460361003876,0.0179349910467863,0.087700605392456
O94547_O94376,0.0037227,0.0037227,0.033612,0.024034995585680008,0.99860280752182,0.00617211824283
Q09761_O14011,0.0032734,0.0032734,0.035314,0.8028603196144104,0.9988911747932434,0.189583346247673
Q0E7J7_Q96WV9,0.0044387,0.0044387,0.033642,0.29371771216392517,0.0171032976359128,0.3008072674274444
O60158_O42846,0.0038696,0.0038696,0.036328,0.10152296721935272,0.003401726251468,0.0563467890024185
O94285_O94658,0.0041736,0.0041736,0.061924,0.2965444028377533,0.9990590214729308,0.0522926077246665
Q09698_O14122,0.0033311,0.0033311,0.036383,0.10847464203834534,0.0051350756548345,0.0201388243585824
O42846_Q9HGL8,0.50444,0.50444,0.10094,0.2030523270368576,0.9882642030715942,0.9683624505996704
Q9USV3_P78929,0.0032671,0.0032671,0.033536,0.13549509644508362,0.0297623258084058,0.11213119328022
O13852_O13916,0.0031487,0.0031487,0.034972,0.002677043667063117,0.0680897980928421,0.8173134922981262
P40372_Q9P7W4,0.0037143,0.0037143,0.038468,0.11466225236654282,0.0126139624044299,0.0119806062430143
P87238_P56523,0.0035048,0.0035048,0.033511,0.023838795721530914,0.0019451391417533,0.0308556519448757
O13988_P78963,0.0037694,0.0037694,0.033667,0.6243882179260254,0.0087008411064744,0.0221045464277267
O42844_Q10218,0.0034859,0.0034859,0.033832,0.7602733969688416,0.9987142086029052,0.5729159116744995
O59945_O94603,0.0032272,0.0032272,0.034271,0.36648255586624146,0.0028792459052056,0.0112134413793683
O13877_Q10428,0.0037307,0.0037307,0.034795,0.06525968015193939,0.0068933586589992,0.0009223621455021
Q92358_O13370,0.003269,0.003269,0.033577,0.1318991780281067,0.0136969992890954,0.0019571743905544
O13826_Q9US45,0.0038281,0.0038281,0.034153,0.003088282188400626,0.9990251064300536,0.0782904922962188
Q9P7R9_Q9UTE6,0.0032038,0.0032038,0.03417,0.0592200942337513,0.0429074466228485,0.5242165923118591
Q9Y7U4_O74791,0.0072823,0.0072823,0.034659,0.5020145773887634,0.9989988207817078,0.9066962599754332
O94238_P0CT68,0.050949,0.050949,0.12977,0.5273070931434631,0.0808598771691322,0.8058934807777405
P78929_O74531,0.0040007,0.0040007,0.035891,0.545633852481842,0.1007332876324653,0.0132070025429129
Q92372_Q9UUJ1,0.0031655,0.0031655,0.03377,0.311971515417099,0.99869304895401,0.0213857665657997
P08092_O42832,0.0034982,0.0034982,0.033592,0.12593555450439453,0.0039052686188369,0.0183078180998563
O59945_P87310,0.0031761,0.0031761,0.033588,0.1671910136938095,0.0025849051307886,0.01291473954916
Q9HDY7_P36601,0.0056619,0.0056619,0.033961,0.38459497690200806,0.0057357614859938,0.0063632088713347
Q9P7M1_O94326,0.0033716,0.0033716,0.035777,0.21754378080368042,0.9988424181938172,0.8548726439476013
Q9UUB5_O59751,0.0043536,0.0043536,0.033811,0.23043398559093475,0.0075401188805699,0.4604976177215576
O94355_O59755,0.0031503,0.0031503,0.03372,0.17833296954631805,0.9988762736320496,0.9022032022476196
Q09898_P05733,0.0041213,0.0041213,0.034169,0.25397390127182007,0.0552085265517234,0.0039178016595542
O13985_Q9UUJ4,0.0033359,0.0033359,0.033905,0.08267062902450562,0.0660182982683181,0.0191243235021829
O74988_P21534,0.089798,0.089798,0.26471,0.13466615974903107,0.9988464117050172,0.9840096235275269
O13978_P36618,0.0031141,0.0031141,0.033531,0.2087157815694809,0.003551251720637,0.0131869772449135
P78972_O94285,0.0032894,0.0032894,0.053743,0.4373076260089874,0.173922061920166,0.0061206109821796
O74825_O94581,0.0045633,0.0045633,0.03434,0.2990607023239136,0.0105060460045933,0.0052314363420009
Q9P6M0_Q92462,0.0038363,0.0038363,0.034098,0.1990584284067154,0.001146740396507,0.0344324111938476
O74175_O59751,0.0034899,0.0034899,0.033651,0.25233206152915955,0.0057627181522548,0.1666272431612014
P0C5Y7_Q9UTI3,0.0035962,0.0035962,0.034088,0.02748050168156624,0.0008514613728038,0.0029030970763415
Q09761_P10989,0.0032481,0.0032481,0.034151,0.012320748530328274,0.9537622332572936,0.057642962783575
O42932_P50523,0.0038726,0.0038726,0.033707,0.22964271903038025,0.0206642150878906,0.0224479548633098
O74558_P17937,0.0031831,0.0031831,0.033595,0.04162703827023506,0.0064794197678565,0.0122980466112494
P10815_O94326,0.0032276,0.0032276,0.036338,0.2295680195093155,0.9987587928771972,0.9274359345436096
P36618_P14575,0.0036153,0.0036153,0.033515,0.28393977880477905,0.0007271084468811,0.0013068264815956
O74184_P78774,0.0034036,0.0034036,0.40231,0.11423493921756744,0.0768256410956382,0.0387686006724834
O13936_O60164,0.0084022,0.0084022,0.053515,0.052416179329156876,0.9983660578727722,0.941898763179779
Q9UTK6_O94752,0.0033788,0.0033788,0.034992,0.18092520534992218,0.010735091753304,0.1474182456731796
Q09892_P05767,0.0053153,0.0053153,0.034224,0.468379408121109,0.0293393842875957,0.0232833623886108
P54789_Q10585,0.0032578,0.0032578,0.033674,0.11968760192394257,0.2068163454532623,0.0154170142486691
P79010_Q96WW3,0.0045696,0.0045696,0.034843,0.16134048998355865,0.998596966266632,0.2606952786445617
Q12126_P41889,0.14274,0.14274,0.033606,0.4201519787311554,0.0386694893240928,0.0249966364353895
O42846_O74910,0.004705,0.004705,0.03827,0.4899729788303375,0.1201913505792617,0.254595935344696
Q9UT86_Q9UT46,0.0034542,0.0034542,0.079366,0.50278639793396,0.0600651241838932,0.0097463065758347
Q10192_O94752,0.005666,0.005666,0.034657,0.229359969496727,0.9990136623382568,0.2406707257032394
O94556_O94609,0.0033892,0.0033892,0.033543,0.15519922971725464,0.0123894363641738,0.0794440731406211
Q09685_O13852,0.0031209,0.0031209,0.033825,0.10204323381185532,0.0133305452764034,0.1220071837306022
O74499_Q9US45,0.003423,0.003423,0.057358,0.14388372004032135,0.9988216757774352,0.0087465289980173
Q9UTB6_Q09823,0.0033443,0.0033443,0.035149,0.04395649954676628,0.0155278155580163,0.8436997532844543
O13684_O59793,0.0031723,0.0031723,0.033686,0.8736290335655212,0.998898148536682,0.9493502378463744
Q9UUB7_P78963,0.003823,0.003823,0.033553,0.09428250044584274,0.0029279815498739,0.0065790670923888
O13728_O94355,0.003175,0.003175,0.033554,0.026041539385914803,0.0043460656888782,0.0481075793504715
P06652_Q09330,0.0038359,0.0038359,0.034782,0.2016134113073349,0.9981133937835692,0.039898544549942
O14459_Q10159,0.0048094,0.0048094,0.034623,0.09161995351314545,0.0048190648667514,0.0167124196887016
O14097_Q09685,0.082338,0.082338,0.035379,0.7429298758506775,0.2743270993232727,0.862626850605011
O74499_P0CG72,0.0059442,0.0059442,0.082573,0.3317748010158539,0.0010772912064567,0.0022786571644246
Q9UST6_P07527,0.00329,0.00329,0.03357,0.23634958267211914,0.9962564706802368,0.2832457721233368
Q10366_Q10343,0.0035034,0.0035034,0.035194,0.22732901573181152,0.0239628870040178,0.0162018239498138
O13790_P36617,0.0035114,0.0035114,0.034008,0.1868354231119156,0.0019804122857749,0.1552261561155319
O14343_P04688,0.0056462,0.0056462,0.033998,0.5810553431510925,0.0241747703403234,0.1062101647257804
O74791_P06652,0.0038393,0.0038393,0.034935,0.029234642162919044,0.9977414608001708,0.7733780145645142
O42978_O94355,0.0032651,0.0032651,0.033815,0.22640080749988556,0.3443203270435333,0.0035264785401523
P0CT68_Q9USG6,0.015492,0.015492,0.051767,0.5521066784858704,0.9983822107315063,0.9811534881591796
Q9Y7Z1_O94285,0.003999,0.003999,0.087078,0.1624239981174469,0.99904865026474,0.7347015142440796
Q10134_P87074,0.0035959,0.0035959,0.033614,0.04289373755455017,0.9989670515060424,0.904646098613739
O74184_P36629,0.00329,0.00329,0.047993,0.3819197714328766,0.0325421914458274,0.034249298274517
O94288_O94285,0.0039432,0.0039432,0.056996,0.07925187051296234,0.9990689158439636,0.9610345363616944
O00102_P78814,0.026552,0.026552,0.040422,0.21273568272590637,0.0245852563530206,0.0063403001986444
Q9P779_O42846,0.003251,0.003251,0.033864,0.3447670340538025,0.0036917214747518,0.0039061550050973
O74465_O43036,0.0032009,0.0032009,0.033612,0.09249003231525421,0.283174991607666,0.003341038711369
Q9Y738_P27584,0.0035749,0.0035749,0.033521,0.31281182169914246,0.0024263528175652,0.0077250152826309
P87324_Q9P6Q6,0.0035294,0.0035294,0.034254,0.10384070873260498,0.9990456700325012,0.5291531682014465
O94450_P10651,0.0034084,0.0034084,0.033697,0.23503294587135315,0.9988672733306884,0.0013507379917427
Q9HGL6_O13758,0.0034676,0.0034676,0.033834,0.21032223105430603,0.9986794590950012,0.9788327217102052
Q09822_P04910,0.0036612,0.0036612,0.033875,0.44214674830436707,0.0496988855302333,0.0023989824112504
Q9UTA4_O13802,0.0038457,0.0038457,0.036341,0.2477552741765976,0.9990115165710448,0.5471081733703613
O74175_O94658,0.05864,0.05864,0.045512,0.6057479381561279,0.998723328113556,0.9965732097625732
P28748_O59755,0.0039139,0.0039139,0.033571,0.07616174221038818,0.0054971049539744,0.010170916095376
Q00619_P36622,0.0031776,0.0031776,0.033547,0.0798930898308754,0.0036793041508644,0.0133581133559346
P41005_Q9UST6,0.0031503,0.0031503,0.033704,0.24770095944404602,0.998530387878418,0.4692859947681427
Q9P7P2_Q92462,0.0034118,0.0034118,0.034392,0.21416503190994263,0.0014348747208714,0.0234678238630294
Q9USJ7_P37382,0.0034274,0.0034274,0.033617,0.001567653613165021,0.0045096366666257,0.1721984595060348
P10506_O74718,0.0035553,0.0035553,0.046373,0.07750678062438965,0.0075375400483608,0.0609679594635963
Q9Y7J4_Q9Y818,0.0043891,0.0043891,0.038005,0.10715553164482117,0.0145042538642883,0.0052793049253523
Q09808_P87174,0.0031538,0.0031538,0.033673,0.3220387399196625,0.9990623593330384,0.7509143352508545
Q09822_Q12701,0.0035867,0.0035867,0.034203,0.28262609243392944,0.9986728429794312,0.9823456406593324
Q9Y7M6_O74771,0.0031537,0.0031537,0.033483,0.09349586069583893,0.0235703773796558,0.5207518339157104
P87309_Q09924,0.0058842,0.0058842,0.035116,0.01159330178052187,0.0117044923827052,0.0114676672965288
P40381_O74790,0.0071913,0.0071913,0.033695,0.1286592036485672,0.024581890553236,0.1197430118918418
P36617_Q06182,0.0035016,0.0035016,0.033562,0.5459506511688232,0.9990129470825196,0.9840118885040284
P21135_Q96WV9,0.0038568,0.0038568,0.034359,0.15921202301979065,0.9989200830459596,0.5370988249778748
P50524_P13681,0.0042193,0.0042193,0.035531,0.5942467451095581,0.999066174030304,0.0029406168032437
O13889_P36583,0.0057018,0.0057018,0.051974,0.3142048120498657,0.0079029574990272,0.0097872680053114
Q09685_Q9P805,0.003207,0.003207,0.035998,0.37872591614723206,0.9986566305160522,0.0418500751256942
Q09142_O13688,0.0040335,0.0040335,0.034431,0.3933691382408142,0.9988189339637756,0.9702099561691284
Q9P7P1_O74360,0.0033284,0.0033284,0.03366,0.3872705399990082,0.0045472965575754,0.0348434634506702
O74904_O94658,0.16996,0.16996,0.097308,0.08095701783895493,0.9989481568336488,0.995321810245514
Q10113_Q92366,0.0093013,0.0093013,0.03391,0.4500550329685211,0.6005370020866394,0.0223563946783542
O74531_O74957,0.0038296,0.0038296,0.033989,0.5086701512336731,0.0016836340073496,0.016710540279746
P40848_P87027,0.0032363,0.0032363,0.033444,0.020185550674796104,0.0035863872617483,0.0060969549231231
O59703_O59734,0.0034229,0.0034229,0.033671,0.11435721069574356,0.002061161911115,0.0010187129955738
O74518_O14180,0.0032352,0.0032352,0.033643,0.27347150444984436,0.9987916350364684,0.0021829926408827
Q9Y7J4_O74175,0.0034479,0.0034479,0.034073,0.10234527289867401,0.2528334558010101,0.0195294898003339
P52822_Q92366,0.13179,0.13179,0.10732,0.24523016810417175,0.99889475107193,0.979963719844818
P78774_P40381,0.0033952,0.0033952,0.043475,0.24348580837249756,0.9989964365959167,0.3992752134799957
A6X980_Q9P6Q0,0.0031831,0.0031831,0.03405,0.13827918469905853,0.9990022778511048,0.1255621314048767
O43071_Q09882,0.0032927,0.0032927,0.045013,0.009132814593613148,0.2974985241889953,0.7916377186775208
O59751_O94408,0.0040579,0.0040579,0.03355,0.6781385540962219,0.003756278892979,0.0035575714427977
O74471_O74398,0.0039791,0.0039791,0.03351,0.4647901952266693,0.0020373517181724,0.0013701081043109
P05764_Q9UT52,0.0032396,0.0032396,0.033721,0.1727154701948166,0.9784353971481324,0.0004822338814847
O42932_O59680,0.037319,0.037319,0.03373,0.19595859944820404,0.0584016293287277,0.2657660543918609
O13339_P32372,0.0033332,0.0033332,0.038918,0.1257619857788086,0.9943937063217164,0.0939826965332031
Q09330_Q10295,0.0032784,0.0032784,0.033811,0.1968991458415985,0.9989439845085144,0.8361265659332275
O94285_P36601,0.0045575,0.0045575,0.035774,0.4244822561740875,0.004235066473484,0.0084994761273264
O14459_Q9USX3,0.003401,0.003401,0.03876,0.8575077056884766,0.9990293979644777,0.0172158107161521
Q9UTE6_P36582,0.0035761,0.0035761,0.034058,0.08538907021284103,0.0024517495185136,0.0159330014139413
O14417_O59767,0.0038022,0.0038022,0.033575,0.17228743433952332,0.0497593767940998,0.375811904668808
P36629_O60187,0.0037899,0.0037899,0.033947,0.13039454817771912,0.9987454414367676,0.0451719909906387
O94355_P36622,0.0033072,0.0033072,0.03388,0.7764283418655396,0.0024563649203628,0.9264087677001952
O13339_O74804,0.0038915,0.0038915,0.035007,0.16088856756687164,0.3925279378890991,0.6819465756416321
P36616_O42954,0.0035817,0.0035817,0.034494,0.027732443064451218,0.9989558458328248,0.9904542565345764
P56288_O59767,0.0035827,0.0035827,0.033498,0.5120364427566528,0.0052581755444407,0.0555187873542308
O60016_O94616,0.0035335,0.0035335,0.034724,0.3529013693332672,0.9989966750144958,0.0276005137711763
O14140_Q11120,0.019978,0.019978,0.034416,0.05309337377548218,0.010222116485238,0.0572048127651214
P56523_P0CT77,0.003628,0.003628,0.033589,0.616411566734314,0.0037634826730936,0.0201050639152526
Q10295_O75011,0.0034723,0.0034723,0.0337,0.43210476636886597,0.027254831045866,0.6803956627845764
O94707_Q09882,0.0032616,0.0032616,0.033997,0.17166993021965027,0.9981058835983276,0.2827630937099457
P79071_O94321,0.0040963,0.0040963,0.033957,0.2304951250553131,0.0054100882261991,0.0189304836094379
O13836_O14352,0.011731,0.011731,0.034051,0.5018069744110107,0.0087022436782717,0.0105922650545835
O42975_Q9UTK6,0.0074565,0.0074565,0.03754,0.32368403673171997,0.0363417938351631,0.7685144543647766
P05219_O94646,0.003338,0.003338,0.033879,0.5074366331100464,0.9625073671340942,0.0096021527424454
Q9HFE5_O36019,0.0033466,0.0033466,0.033866,0.22147305309772491,0.0144204534590244,0.1745035946369171
O59800_Q9P6Q0,0.0031424,0.0031424,0.03371,0.14370965957641602,0.998533010482788,0.0268094055354595
O94476_P04910,0.0033431,0.0033431,0.033691,0.006657383404672146,0.0049756597727537,0.0019695051014423
Q09882_O13728,0.003216,0.003216,0.033713,0.03708013892173767,0.0037258353549987,0.0164584089070558
P27584_Q9Y821,0.0091413,0.0091413,0.033731,0.03713243827223778,0.0090486351400613,0.0040676137432456
Q9P6Q6_P50524,0.0031455,0.0031455,0.033977,0.29810336232185364,0.9990561604499816,0.8402203321456909
O94268_O42978,0.012671,0.012671,0.12019,0.5373648405075073,0.9984038472175598,0.0090798437595367
O59836_Q06182,0.0033337,0.0033337,0.033835,0.44362640380859375,0.9949225783348083,0.8761258721351624
O00102_P49731,0.0040237,0.0040237,0.034913,0.11910631507635117,0.0115184988826513,0.0006219865754246
O14180_Q9UTE6,0.0048943,0.0048943,0.045853,0.1801239550113678,0.998610496520996,0.9836515784263612
Q9P6M0_O74772,0.0047883,0.0047883,0.05223,0.34431198239326477,0.0499691516160965,0.0213217120617628
Q9P7B7_P52890,0.0031551,0.0031551,0.033541,0.09846648573875427,0.0025585198309272,0.0195858515799045
O60016_P10651,0.007387,0.007387,0.045146,0.7204213738441467,0.999020218849182,0.0322523117065429
O14417_O74736,0.0037691,0.0037691,0.033689,0.20083321630954742,0.0257808342576026,0.1008566170930862
P87312_O59790,0.072331,0.072331,0.033721,0.1561838537454605,0.0050849122926592,0.0072990003973245
Q09760_P09988,0.0032278,0.0032278,0.03455,0.31868883967399597,0.0048121539875864,0.0069792079739272
O94408_P46595,0.0071595,0.0071595,0.080316,0.18471786379814148,0.0085573997348546,0.0011216182028874
P40371_P87231,0.0032763,0.0032763,0.033813,0.07768992334604263,0.0090585984289646,0.0073278578929603
O74175_O42709,0.0045812,0.0045812,0.036004,0.0608225055038929,0.9987834095954896,0.1173460111021995
Q09819_P28748,0.0037928,0.0037928,0.033638,0.04862688109278679,0.0038508921861648,0.0092175882309675
O13688_O13826,0.0032911,0.0032911,0.03475,0.18948660790920258,0.9990235567092896,0.1541369408369064
P40996_P0CT70,0.0085845,0.0085845,0.0358,0.2977781593799591,0.0017034650081768,0.0017834225436672
P78789_Q9USL5,0.0035408,0.0035408,0.033617,0.008352270349860191,0.0062249256297945,0.1349147707223892
Q9HE05_Q9USR7,0.0031545,0.0031545,0.033657,0.01684052310883999,0.9972713589668274,0.0437237136065959
P36613_Q7LL14,0.0032508,0.0032508,0.035113,0.1541401594877243,0.9989563226699828,0.0129524450749158
P36617_Q9Y818,0.0043953,0.0043953,0.03352,0.004663701169192791,0.0137073947116732,0.0016966792754828
Q9Y818_O13286,0.015197,0.015197,0.040726,0.1272374838590622,0.1818259507417678,0.0037072808481752
O60158_P21135,0.0034553,0.0034553,0.03391,0.2441248744726181,0.0140944123268127,0.9778425097465516
O14097_Q9USX3,0.0078311,0.0078311,0.035241,0.3563089966773987,0.9987951517105104,0.6786502599716187
Q9UUC1_P29458,0.0037316,0.0037316,0.034744,0.06103832274675369,0.0085725961253046,0.0168001726269722
P52890_O42634,0.0035527,0.0035527,0.033494,0.026261726394295692,0.0024309635628014,0.0057578925043344
O13685_P87051,0.0046979,0.0046979,0.57778,0.04294377192854881,0.9969117045402528,0.0012416945537552
O94288_P48011,0.0033366,0.0033366,0.033638,0.6556045413017273,0.9988288283348083,0.0011655065463855
Q09150_Q09892,0.013862,0.013862,0.054524,0.32274720072746277,0.0651939287781715,0.0102908937260508
Q10193_Q9HGL6,0.0034216,0.0034216,0.033922,0.16808950901031494,0.9986373782157898,0.0759792625904083
Q10585_O14198,0.0032068,0.0032068,0.03358,0.15691307187080383,0.9842817187309264,0.4079142212867737
Q9P7W4_Q9UUC1,0.0036299,0.0036299,0.036135,0.2635446786880493,0.0208287648856639,0.0165757350623607
Q10343_O42932,0.0035106,0.0035106,0.033993,0.3187871277332306,0.0024350201711058,0.0297833364456892
P56523_O42995,0.0031728,0.0031728,0.035002,0.3259759843349457,0.0034913816489279,0.06417166441679
Q9UUJ4_O94603,0.0031856,0.0031856,0.035195,0.23755648732185364,0.0268707908689975,0.836377739906311
O13310_O94620,0.01313,0.01313,0.073848,0.11318280547857285,0.0633698925375938,0.0687617436051368
Q10316_Q92372,0.0033658,0.0033658,0.033758,0.3847430348396301,0.9990444779396056,0.3188104927539825
Q09330_O74958,0.00365,0.00365,0.033885,0.06491745263338089,0.9990373849868774,0.1590900123119354
O74985_O74531,0.012064,0.012064,0.034008,0.15868006646633148,0.0056665218435227,0.042430218309164
Q09142_O94326,0.0032108,0.0032108,0.034341,0.3073543906211853,0.0508588925004005,0.2853262722492218
Q9UTF6_Q09685,0.0032458,0.0032458,0.033908,0.10191413760185242,0.0121237393468618,0.0056990128941833
O74518_Q92399,0.0032202,0.0032202,0.033659,0.04099256917834282,0.0042178565636277,0.0997091978788375
O42846_O74555,0.00433,0.00433,0.039965,0.10545118153095245,0.9985620379447936,0.1072632223367691
P87174_O14198,0.0032401,0.0032401,0.033669,0.02416912466287613,0.9990897178649902,0.2215095162391662
P09988_Q10103,0.0079385,0.0079385,0.042863,0.004149511456489563,0.998923122882843,0.056898932904005
O94423_Q9P7P1,0.0032917,0.0032917,0.034051,0.21842257678508759,0.0386553928256034,0.7999467253684998
P28748_Q10067,0.0032685,0.0032685,0.033702,0.24858838319778442,0.0025047792587429,0.0083415070548653
P56288_O74957,0.0045555,0.0045555,0.033557,0.08907880634069443,0.0020458039361983,0.0058722514659166
P04551_Q09142,0.00544,0.00544,0.034837,0.01864612102508545,0.1246768534183502,0.5181135535240173
O14417_Q9Y7L8,0.0031411,0.0031411,0.033593,0.07256649434566498,0.0015326461289077,0.0801903828978538
Q9P782_O14180,0.0032258,0.0032258,0.033694,0.1231732964515686,0.0043913275003433,0.0840490162372589
O14010_Q9US45,0.0080033,0.0080033,0.035388,0.021668070927262306,0.9991099238395692,0.4384357929229736
Q9P784_Q9UTE6,0.017404,0.017404,0.085918,0.10549180954694748,0.998746395111084,0.9938443899154664
O74790_Q9UST6,0.0031688,0.0031688,0.033487,0.15373054146766663,0.017223872244358,0.2500370740890503
Q09176_Q9P7P2,0.0033291,0.0033291,0.033756,0.3773190379142761,0.0169511493295431,0.012147307395935
Q9UUB7_O94687,0.0031906,0.0031906,0.034889,0.007174493744969368,0.9988577365875244,0.0384477041661739
Q01112_Q10353,0.0031967,0.0031967,0.033474,0.1626158505678177,0.0101131023839116,0.0604906715452671
P87053_G2TRP5,0.0033898,0.0033898,0.03383,0.4485365152359009,0.0017832164885476,0.0003613233275245
O14011_O94752,0.0032324,0.0032324,0.034417,0.3591991066932678,0.0464735068380832,0.2076254934072494
Q9Y7R3_P04551,0.0038797,0.0038797,0.034738,0.08320238441228867,0.0072075733914971,0.0305004157125949
O74955_Q9UU79,0.0031423,0.0031423,0.033585,0.3209596276283264,0.0023569390177726,0.0123393656685948
Q09924_P36617,0.0034698,0.0034698,0.033637,0.2201390266418457,0.0222230032086372,0.7076206803321838
Q09761_Q9P7P1,0.0033462,0.0033462,0.033829,0.07847800105810165,0.9990131855010986,0.8432575464248657
O42975_Q9UT46,0.007704,0.007704,0.036033,0.6387934684753418,0.0436072908341884,0.6026115417480469
Q10429_Q9UUI1,0.01378,0.01378,0.033819,0.10132602602243423,0.0226630046963691,0.0417163148522377
O94616_Q9UUA8,0.0032279,0.0032279,0.033582,0.16114361584186554,0.997533679008484,0.01158017385751
Q9HDY7_Q10316,0.0046357,0.0046357,0.033651,0.050416555255651474,0.0104030352085828,0.2074331492185592
Q9HGL6_O74653,0.0032681,0.0032681,0.033582,0.20518215000629425,0.0085068652406334,0.1243240162730217
Q9HGQ3_O74483,0.0032792,0.0032792,0.03542,0.3061752915382385,0.9977424144744872,0.0006629248382523
Q09330_Q9HE05,0.0032476,0.0032476,0.034132,0.4594244062900543,0.9988691210746764,0.2470615059137344
O74471_O43071,0.0035082,0.0035082,0.033525,0.7979685068130493,0.5722414255142212,0.0013473674189299
P41412_O74533,0.0032135,0.0032135,0.033873,0.28234654664993286,0.0028789420612156,0.0879106745123863
Q10366_P05734,0.0034782,0.0034782,0.035023,0.0859927162528038,0.0044368454255163,0.0133720412850379
Q9UT76_Q10316,0.003328,0.003328,0.033593,0.03702136129140854,0.0054644392803311,0.0148179857060313
O94285_Q9Y7M6,0.0031443,0.0031443,0.033583,0.18045765161514282,0.0047451793216168,0.0662930309772491
P48009_O14216,0.0032408,0.0032408,0.033517,0.1682242453098297,0.0019961970392614,0.2333572804927826
O14216_O74958,0.0034252,0.0034252,0.033784,0.12774400413036346,0.0127288727089762,0.0794552117586135
Q09142_Q9USL5,0.0033873,0.0033873,0.033617,0.21344220638275146,0.026731714606285,0.4054226279258728
Q10429_Q09154,0.023801,0.023801,0.033661,0.06843773275613785,0.0024279810022562,0.0017577409744262
P36616_P36629,0.0043091,0.0043091,0.034917,0.010766960680484772,0.99880850315094,0.8807554244995117
O42975_Q09170,0.040181,0.040181,0.033672,0.15139445662498474,0.0124184163287281,0.2387724965810775
Q9USP0_Q9Y7N2,0.0031899,0.0031899,0.033643,0.5391491055488586,0.1319570988416671,0.0150357633829116
Q09154_P29458,0.0073755,0.0073755,0.034641,0.14812231063842773,0.0007985008414834,0.0009256560006178
P78972_O74558,0.0032138,0.0032138,0.034211,0.10320436954498291,0.0499702803790569,0.0736082941293716
Q12701_P10506,0.053407,0.053407,0.31532,0.047714412212371826,0.9990283250808716,0.9013524651527404
P87169_Q09760,0.0031488,0.0031488,0.033708,0.2264074981212616,0.9969461560249328,0.1627455353736877
O13672_P0CT70,0.026956,0.026956,0.26529,0.004727065097540617,0.999038577079773,0.9195791482925416
O74772_P87126,0.0047983,0.0047983,0.067606,0.5872846841812134,0.9979999661445618,0.1401343941688537
P04551_O74533,0.0036284,0.0036284,0.036148,0.23112910985946655,0.0036327817942947,0.0163836870342493
O94268_P79010,0.0062766,0.0062766,0.03728,0.2581608295440674,0.9982465505599976,0.0429856143891811
Q9USZ3_Q00619,0.0035243,0.0035243,0.033547,0.5025038123130798,0.0007758847787044,0.0009227027185261
Q10428_O36019,0.0032784,0.0032784,0.034365,0.2015306055545807,0.0150569071993231,0.982098400592804
Q9US59_Q09154,0.0060921,0.0060921,0.033912,0.16000761091709137,0.0006540658068843,0.0022052240092307
O94360_O14241,0.00321,0.00321,0.033592,0.4391244649887085,0.0059680207632482,0.0079957898706197
P42656_O14246,0.0035212,0.0035212,0.033735,0.38686689734458923,0.010162360034883,0.0078654689714312
P87123_O74966,0.021549,0.021549,0.28979,0.01971283368766308,0.9990513920783995,0.0165751427412033
O60158_O94659,0.0032969,0.0032969,0.033903,0.08509096503257751,0.0017145265592262,0.8096804022789001
O74904_P87050,0.0037577,0.0037577,0.033566,0.5649843811988831,0.0037660135421901,0.0021484093740582
O13936_O74433,0.0032826,0.0032826,0.033669,0.01561162993311882,0.006026514340192,0.0005552600487135
Q12701_P25457,0.0033901,0.0033901,0.033558,0.49955490231513977,0.0052348896861076,0.05568852648139
O74536_O42634,0.0043636,0.0043636,0.033502,0.06341046839952469,0.0028016665019094,0.0334906987845897
Q9Y7N2_P36618,0.00313,0.00313,0.035197,0.008920392021536827,0.0110704954713583,0.0223738644272089
Q10951_P41889,0.0032988,0.0032988,0.034648,0.4187721014022827,0.9984501600265504,0.9617635011672974
Q09127_Q9P782,0.0034082,0.0034082,0.033815,0.15005645155906677,0.0125693744048476,0.004231029190123
P32586_Q09683,0.0036422,0.0036422,0.033755,0.21962936222553253,0.0124233113601803,0.475240558385849
Q07538_Q12381,0.031216,0.031216,0.033971,0.20451952517032623,0.9984833598136902,0.9766604900360109
Q10317_Q10067,0.0032798,0.0032798,0.033802,0.11409734189510345,0.0082145631313323,0.043037362396717
O94668_Q9UTR8,0.0031904,0.0031904,0.033991,0.4248597323894501,0.9988896250724792,0.9543250799179076
P36622_O94658,0.0040825,0.0040825,0.033777,0.035077497363090515,0.0020756656304001,0.0024382711853832
O74483_Q10272,0.0032317,0.0032317,0.035123,0.06400841474533081,0.0020042401738464,0.0810521915555
O75011_O36027,0.0039668,0.0039668,0.05238,0.21905148029327393,0.9795477390289308,0.9794396758079528
O42991_P52890,0.0037448,0.0037448,0.033519,0.17326590418815613,0.0035423233639448,0.0185344517230987
O60187_Q10322,0.0033668,0.0033668,0.03399,0.34996500611305237,0.9978795051574708,0.1351254433393478
O74966_Q09761,0.0035531,0.0035531,0.033904,0.0671805739402771,0.9990894794464112,0.0437688380479812
Q9USR7_O94707,0.0032915,0.0032915,0.033682,0.4417867660522461,0.0068456642329692,0.0348153486847877
P33520_Q10193,0.0035337,0.0035337,0.03443,0.2519187927246094,0.002679108409211,0.0067704240791499
P33520_Q09858,0.0052613,0.0052613,0.033581,0.09420546889305115,0.0154046639800071,0.3975211679935455
O74309_Q10192,0.0034035,0.0034035,0.033953,0.08568785339593887,0.9983389377593994,0.1876351535320282
O59751_Q02088,0.17361,0.17361,0.033454,0.08917468786239624,0.0057771559804677,0.050256323069334
P05767_Q10193,0.039754,0.039754,0.080137,0.35436147451400757,0.030863044783473,0.7111315131187439
Q10282_Q9P802,0.0033072,0.0033072,0.033725,0.21054969727993011,0.9968626499176024,0.0366540476679801
P50524_O14021,0.0036682,0.0036682,0.034922,0.429215669631958,0.99889475107193,0.3030951619148254
O59751_P87215,0.0052191,0.0052191,0.033458,0.05341280251741409,0.0292380135506391,0.0052880942821502
Q09914_O43070,0.0031981,0.0031981,0.033483,0.32005080580711365,0.0029209989588707,0.0402300059795379
O74536_O42667,0.0042346,0.0042346,0.034105,0.3118791878223419,0.0236178878694772,0.0424740053713321
C6Y4D0_Q09906,0.0032266,0.0032266,0.033544,0.32468026876449585,0.0054398011416196,0.0022095628082752
Q9HGL6_O59790,0.0033346,0.0033346,0.033539,0.31919193267822266,0.0052299504168331,0.0060512898489832
Q9URY0_O74433,0.0032947,0.0032947,0.033596,0.3469931483268738,0.0017627697670832,0.0029486189596354
Q9UUA8_Q9Y7M4,0.0033663,0.0033663,0.033696,0.2034490555524826,0.0044935541227459,0.0303040463477373
Q09127_P78963,0.0035262,0.0035262,0.033567,0.021850286051630974,0.0024960853625088,0.0274279583245515
P79010_P04688,0.0074192,0.0074192,0.035807,0.07380130141973495,0.0721720457077026,0.0174722727388143
Q9UUJ1_P50582,0.0070965,0.0070965,0.033781,0.19657506048679352,0.9941421151161194,0.0182901937514543
P87159_P87238,0.0033273,0.0033273,0.033811,0.26238131523132324,0.0174831710755825,0.1710067987442016
P0CG72_P36622,0.0057092,0.0057092,0.035608,0.4175134301185608,0.0169543512165546,0.0673113241791725
Q0E7J7_O74736,0.0040424,0.0040424,0.033935,0.29466214776039124,0.9987384676933287,0.8318148255348206
O94423_P56286,0.0033424,0.0033424,0.03411,0.07648497819900513,0.0375166051089763,0.0033292307052761
Q9P805_P50582,0.0042959,0.0042959,0.033785,0.27469438314437866,0.9965171813964844,0.2983281910419464
P32372_O94476,0.0035024,0.0035024,0.033634,0.5610514283180237,0.0675272196531295,0.0237510167062282
O94684_O60158,0.0031953,0.0031953,0.033668,0.01679087243974209,0.0169815365225076,0.871425449848175
O60164_Q9P4W1,0.049913,0.049913,0.033831,0.2922322452068329,0.0675551891326904,0.0030819175299257
O13964_Q9USP0,0.0031389,0.0031389,0.033557,0.4713307023048401,0.0023275066632777,0.0599085576832294
P41887_Q9USU3,0.0034852,0.0034852,0.033636,0.16894707083702087,0.0049234260804951,0.007601058576256
O74399_O94288,0.0037596,0.0037596,0.04693,0.5190775394439697,0.9988514184951782,0.9892048835754396
O13351_P78789,0.0097067,0.0097067,0.033922,0.297810822725296,0.998559296131134,0.151374414563179
Q09933_Q9P7V3,0.043687,0.043687,0.033543,0.4004727303981781,0.9945151805877686,0.0281471498310565
Q09154_Q9HGL6,0.0035915,0.0035915,0.033579,0.5553335547447205,0.0063801449723541,0.0091409515589475
O74175_Q10056,0.0035804,0.0035804,0.033642,0.679460883140564,0.0068089733831584,0.0019350768998265
Q874R3_O13672,0.0031508,0.0031508,0.033741,0.05329172685742378,0.0010333502432331,0.0136727541685104
O42844_O74771,0.067735,0.067735,0.033857,0.36881133913993835,0.9985101819038392,0.4035496711730957
Q9HDX9_P09988,0.0038681,0.0038681,0.033802,0.042136888951063156,0.9983919262886048,0.0048116543330252
P40235_O13758,0.0033538,0.0033538,0.035567,0.10643885284662247,0.0109180323779582,0.0812689736485481
P41887_O94603,0.0033058,0.0033058,0.034046,0.14725472033023834,0.0065229595638811,0.0170964915305376
O13286_Q9P6M0,0.0034633,0.0034633,0.042571,0.18292231857776642,0.9804986119270324,0.5464732646942139
Q9P4W1_Q03392,0.014504,0.014504,0.033762,0.3103851079940796,0.1074312478303909,0.0021325245033949
P78814_P87324,0.0034177,0.0034177,0.033718,0.058573171496391296,0.9988844990730286,0.0054701589979231
O42905_Q9USV3,0.0031373,0.0031373,0.033541,0.248058021068573,0.9990680813789368,0.0266937855631113
Q9P7T4_O13685,0.050656,0.050656,0.033645,0.04511608928442001,0.99577796459198,0.0170975904911756
Q10271_Q9HDY7,0.0043384,0.0043384,0.033649,0.019337788224220276,0.0097870370373129,0.2394111305475235
P36622_Q9USU3,0.0034017,0.0034017,0.033821,0.5612609386444092,0.0016669386532157,0.2594693303108215
Q9USP9_O74854,0.0032181,0.0032181,0.033919,0.1147373616695404,0.00172312813811,0.0368065200746059
O13758_Q9P779,0.0053905,0.0053905,0.033858,0.2738506495952606,0.0157650373876094,0.6661767959594727
Q10198_Q9UST6,0.089849,0.089849,0.033974,0.1782366782426834,0.9990530610084534,0.9948857426643372
O94276_P78774,0.0034387,0.0034387,0.037522,0.2827845513820648,0.8556619882583618,0.35878786444664
P49731_O94309,0.0032565,0.0032565,0.033706,0.1683148741722107,0.0234469473361969,0.0066007622517645
O42846_Q1MTQ1,0.0041666,0.0041666,0.033619,0.14341557025909424,0.0045290077105164,0.0036442414857447
O74533_Q9P7X1,0.0033287,0.0033287,0.034045,0.1361750364303589,0.9989925026893616,0.9931367635726928
P08965_P25457,0.0034866,0.0034866,0.033542,0.022756822407245636,0.9916794896125792,0.0033345941919833
Q9Y7M6_P41411,0.0031752,0.0031752,0.033482,0.45302602648735046,0.0104815466329455,0.0987102165818214
O42932_Q09127,0.0038844,0.0038844,0.04594,0.4073287844657898,0.011951083317399,0.0198351442813873
Q10322_P10815,0.003257,0.003257,0.033986,0.16403940320014954,0.0567884556949138,0.1725888848304748
O74796_Q10067,0.0033063,0.0033063,0.034117,0.13312464952468872,0.053781408816576,0.0958010032773017
P40377_O13777,0.0032088,0.0032088,0.03486,0.4278133511543274,0.0129625378176569,0.0232326611876487
O74184_O13685,0.1169,0.1169,0.11095,0.4175969958305359,0.020059909671545,0.0092449849471449
P05733_Q9Y7Z1,0.58395,0.58395,0.080583,0.37057793140411377,0.997285008430481,0.9923041462898254
O74511_Q10159,0.0057605,0.0057605,0.03422,0.4790041446685791,0.0070711867883801,0.0058564315550029
P79005_P05767,0.011813,0.011813,0.04872,0.19905757904052734,0.9923708438873292,0.0500825494527816
O60164_P17937,0.0052782,0.0052782,0.082953,0.41351303458213806,0.9990217685699464,0.9808619618415833
O74957_O74796,0.0035758,0.0035758,0.033584,0.06053338572382927,0.0347653403878212,0.0401861853897571
Q09823_Q92399,0.0039437,0.0039437,0.038197,0.5958935022354126,0.0354979299008846,0.076446957886219
O60129_P87309,0.0037069,0.0037069,0.034538,0.23584988713264465,0.7344576716423035,0.8973508477210999
Q9UUC6_Q9HGL6,0.0041007,0.0041007,0.033675,0.022409088909626007,0.9990905523300172,0.1238226220011711
Q10366_P07334,0.0050578,0.0050578,0.03419,0.016518661752343178,0.9986286163330078,0.9488614797592164
Q9UU79_O00102,0.010836,0.010836,0.033579,0.007556543685495853,0.0323844030499458,0.0029908004216849
O43036_Q09717,0.0032138,0.0032138,0.033518,0.07009734958410263,0.0340419374406337,0.0020035973284393
Q9P7F9_O13889,0.0032305,0.0032305,0.034131,0.05436906963586807,0.0037609392311424,0.0006305102142505
Q9USM8_Q09892,0.0035668,0.0035668,0.034312,0.024517538025975227,0.0190061591565608,0.0033940435387194
Q9UST6_Q4PIR3,0.1521,0.1521,0.0348,0.44643542170524597,0.9990185499191284,0.6021277904510498
O94687_Q92366,0.018755,0.018755,0.064563,0.02509615756571293,0.985238790512085,0.1194420233368873
O74985_Q9P6Q6,0.0031803,0.0031803,0.033766,0.3310512602329254,0.0494273640215396,0.139475017786026
P56286_P27584,0.0039294,0.0039294,0.033577,0.07295733690261841,0.0031597521156072,0.0010380414314568
Q9Y7M4_O94556,0.0051945,0.0051945,0.033465,0.22280314564704895,0.0056800516322255,0.0133828409016132
Q10108_P25457,0.0040141,0.0040141,0.033573,0.10174950212240219,0.9900423288345336,0.0237732827663421
P87245_Q9P782,0.0033687,0.0033687,0.033684,0.06447378545999527,0.0087871048599481,0.0608596242964267
Q10169_O94376,0.0033167,0.0033167,0.036413,0.10271050035953522,0.9986271858215332,0.0250356271862983
P36617_P79065,0.0035866,0.0035866,0.033663,0.24781806766986847,0.0110336681827902,0.0764911547303199
P37382_Q9UTP0,0.0031807,0.0031807,0.033684,0.719933032989502,0.9990656971931458,0.9910895824432372
P78972_O59702,0.0035653,0.0035653,0.034007,0.28566455841064453,0.026927663013339,0.0274534802883863
O14350_O60104,0.0031461,0.0031461,0.034481,0.00842647347599268,0.9990891218185424,0.9907606840133668
O13672_P87074,0.0038858,0.0038858,0.03385,0.024229781702160835,0.9976341724395752,0.1308563500642776
O13758_Q92358,0.003217,0.003217,0.033568,0.6057051420211792,0.9972320199012756,0.0032199365086853
P0CF96_Q9UT52,0.0034558,0.0034558,0.034387,0.4628256857395172,0.9989137649536132,0.0108844116330146
Q10056_O94609,0.0041229,0.0041229,0.033624,0.17950186133384705,0.2691991627216339,0.081162229180336
O13782_O94476,0.0032394,0.0032394,0.033576,0.3822173774242401,0.0077687175944447,0.0057634199038147
Q9UTS6_P04688,0.0032377,0.0032377,0.033901,0.015611323527991772,0.9984657764434814,0.0399213656783103
P21135_Q10477,0.0031568,0.0031568,0.038874,0.0961870551109314,0.9989707469940186,0.8529335260391235
Q09150_O14098,0.008752,0.008752,0.036413,0.459075003862381,0.9989245533943176,0.077149823307991
P41887_Q9P4W1,0.012483,0.012483,0.03372,0.06987370550632477,0.0021054197568446,0.0098259020596742
Q9UT72_P28748,0.0041097,0.0041097,0.033844,0.1523551493883133,0.0086428774520754,0.1201701387763023
P36625_O42844,0.0034838,0.0034838,0.033658,0.4681352972984314,0.9988123178482056,0.1542330235242843
Q96TL7_P87309,0.0035914,0.0035914,0.039499,0.20583204925060272,0.9988051652908324,0.9842056035995485
Q9USV1_Q9P7J8,0.003555,0.003555,0.034099,0.614016056060791,0.0020812221337109,0.0368346348404884
P40384_P79065,0.0031391,0.0031391,0.033544,0.1888951063156128,0.002008032053709,0.1974145323038101
Q96TL7_Q10163,0.0041677,0.0041677,0.034061,0.8110612034797668,0.998953342437744,0.012187666259706
O36023_P32390,0.0033081,0.0033081,0.033527,0.46058353781700134,0.0037043250631541,0.014765104278922
O74774_P78972,0.0035292,0.0035292,0.037614,0.1289890855550766,0.0910532549023628,0.2014714777469635
O74533_P08965,0.0032936,0.0032936,0.03362,0.3290879428386688,0.0138700120151042,0.002135815564543
P78761_P87173,0.0034404,0.0034404,0.033593,0.30877265334129333,0.0052305231802165,0.0620074048638343
O74895_P32434,0.0031754,0.0031754,0.033488,0.2092842012643814,0.0033167137298732,0.0110543137416243
P14575_O13889,0.005825,0.005825,0.033478,0.09123601764440536,0.0015153209678828,0.0005830247537232
Q9UST6_Q92462,0.0032576,0.0032576,0.033709,0.4052776098251343,0.0036467439495027,0.0074984426610171
O94658_Q09916,0.010631,0.010631,0.037018,0.2198151797056198,0.9990261793136596,0.5037585496902466
O13852_O36023,0.0032717,0.0032717,0.033552,0.011344228871166706,0.0013594168704003,0.0511985011398792
Q09330_Q10317,0.0033403,0.0033403,0.03464,0.10073283314704895,0.99895441532135,0.0148804290220141
O94581_O14036,0.0032485,0.0032485,0.036144,0.5626593828201294,0.0012496314011514,0.0012862215517088
P42656_P41887,0.0095639,0.0095639,0.034827,0.0932929515838623,0.016580943018198,0.2724027037620544
P04688_P09322,0.020406,0.020406,0.040762,0.07671365141868591,0.995465874671936,0.4587216973304748
Q9P6Q0_P33886,0.0065512,0.0065512,0.033705,0.15059667825698853,0.0022109348792582,0.1106495484709739
Q12701_P36618,0.0060398,0.0060398,0.033615,0.2521147131919861,0.99826580286026,0.1486366391181945
P78929_Q09127,0.0041608,0.0041608,0.044772,0.19278782606124878,0.0079057617112994,0.0455989651381969
O74558_O94542,0.003179,0.003179,0.034388,0.34605270624160767,0.0294850096106529,0.0735340341925621
O13936_P04551,0.0047525,0.0047525,0.034262,0.13895252346992493,0.9989851117134094,0.0080838864669203
P36613_P0CU09,0.003463,0.003463,0.033996,0.035622600466012955,0.9988677501678468,0.8763608336448669
P40984_Q9UTE6,0.010146,0.010146,0.033764,0.46765831112861633,0.0731681659817695,0.002585690934211
O74986_O14140,0.0036512,0.0036512,0.035307,0.5720087885856628,0.995050013065338,0.0333270691335201
O14339_Q1MTN3,0.0048634,0.0048634,0.034564,0.3577328026294708,0.9987836480140686,0.0179460309445858
P0CG72_O13953,0.021099,0.021099,0.034722,0.23217558860778809,0.0175234358757734,0.004632263444364
Q09685_O74774,0.0035743,0.0035743,0.03574,0.4082612693309784,0.9989826083183287,0.7644088864326477
O14216_Q9UTI3,0.0031756,0.0031756,0.033597,0.3521607518196106,0.0228445008397102,0.0551204942166805
Q09858_P0CT68,0.003912,0.003912,0.034253,0.2816334068775177,0.0096093211323022,0.0065834852866828
P32390_P05734,0.0031801,0.0031801,0.033735,0.015807289630174637,0.994746744632721,0.0433536060154438
Q9Y7Z7_O13688,0.0031736,0.0031736,0.033753,0.3791501820087433,0.1288096159696579,0.1629993617534637
P87245_O74499,0.0033169,0.0033169,0.03359,0.05400063842535019,0.0030828567687422,0.0024025295861065
P79015_O74718,0.014343,0.014343,0.27897,0.05131073296070099,0.9989309906959534,0.0465478561818599
O42846_O36023,0.0034309,0.0034309,0.033575,0.22532562911510468,0.0019891094416379,0.0014275707071647
P87215_O94355,0.003411,0.003411,0.033497,0.1696331948041916,0.0206942595541477,0.0049542509950697
P0CT70_O94316,0.011939,0.011939,0.045634,0.10280991345643997,0.9986948370933532,0.0383255705237388
P87169_Q09683,0.0036008,0.0036008,0.033609,0.2928898334503174,0.9989724159240724,0.4766004979610443
P06652_O13816,0.0032427,0.0032427,0.036458,0.03498450666666031,0.9832679629325868,0.1011707857251167
P79071_O74986,0.0087637,0.0087637,0.034574,0.23914222419261932,0.0097221340984106,0.0296524260193109
O94276_G2TRP5,0.0034237,0.0034237,0.033579,0.06761126220226288,0.0091137355193495,0.000263735972112
Q92462_Q10103,0.0036323,0.0036323,0.034011,0.03114783763885498,0.0028680462855845,0.0109743792563676
O74796_Q9Y794,0.0033777,0.0033777,0.033562,0.7370001673698425,0.0181531570851802,0.0961340516805648
P52822_P87323,0.0038077,0.0038077,0.033781,0.2611638009548187,0.002591443946585,0.0363332405686378
O59702_P40377,0.0037658,0.0037658,0.034182,0.5804764628410339,0.0183049868792295,0.0015823059948161
Q10343_Q9USU3,0.0033288,0.0033288,0.033824,0.16422057151794434,0.0014663795009255,0.0481443516910076
O14064_Q9USH1,0.0063664,0.0063664,0.033991,0.16713058948516846,0.9989778995513916,0.0438747331500053
P87323_P36614,0.0035404,0.0035404,0.038833,0.10861742496490479,0.0114604467526078,0.1952818930149078
O13852_Q9P7B8,0.003152,0.003152,0.034026,0.4272598624229431,0.3379517793655395,0.753627598285675
P36618_P41412,0.0033937,0.0033937,0.033646,0.37074917554855347,0.0049413950182497,0.2276524603366851
O60104_Q9Y821,0.20064,0.20064,0.034246,0.16070181131362915,0.9990979433059692,0.9925447106361388
Q9UUE5_Q10163,0.003444,0.003444,0.033572,0.0667501762509346,0.0151441870257258,0.0142935458570718
P40380_O74398,0.0040986,0.0040986,0.034417,0.007886620238423347,0.969937264919281,0.6165454387664795
P30261_Q09763,0.0033813,0.0033813,0.033838,0.21165792644023895,0.0047835209406912,0.3673527538776397
O60150_P09988,0.003347,0.003347,0.034594,0.12322746217250824,0.998724639415741,0.0027455950621515
P05219_Q9USZ3,0.0037975,0.0037975,0.034238,0.04716525226831436,0.0035364690702408,0.0076056569814682
Q09892_P79015,0.0048445,0.0048445,0.03353,0.15078474581241608,0.1076612845063209,0.0030033448711037
Q92462_O14459,0.0033529,0.0033529,0.035127,0.42760592699050903,0.005201444029808,0.0027001448906958
Q09685_O94238,0.0050119,0.0050119,0.038068,0.012248063459992409,0.0550951696932315,0.204097494482994
Q10113_P56286,0.0034655,0.0034655,0.034627,0.021248891949653625,0.031038723886013,0.0076603200286626
Q9URY2_O60129,0.0035774,0.0035774,0.033674,0.05669708549976349,0.0019226465374231,0.9432396292686462
O94534_Q09154,0.035659,0.035659,0.033831,0.2901036739349365,0.0027464751619845,0.0019596675410866
O42978_Q9UUI1,0.10648,0.10648,0.79912,0.40627321600914,0.9990882873535156,0.9961690306663512
P87173_O13985,0.0034097,0.0034097,0.034549,0.18811917304992676,0.0067956577986478,0.6019787192344666
P0CG72_O14064,0.028478,0.028478,0.037403,0.03619817644357681,0.0187707990407943,0.0288650840520858
Q9HGQ3_Q09823,0.0045784,0.0045784,0.035486,0.06621190905570984,0.0129578299820423,0.0073319412767887
P10989_O60187,0.0031673,0.0031673,0.034542,0.5393977165222168,0.0314048826694488,0.0125503437593579
O94238_P0CH07,0.22874,0.22874,0.037528,0.35632526874542236,0.0124895349144935,0.005045598372817
P78953_O94288,0.0033963,0.0033963,0.035566,0.29772546887397766,0.0056402957998216,0.5700690150260925
P37382_Q9UTK6,0.0032217,0.0032217,0.033968,0.07183633744716644,0.9987483024597168,0.0508480295538902
O14021_O94707,0.0033762,0.0033762,0.039614,0.30877795815467834,0.9959433674812316,0.4408290684223175
O13828_Q09142,0.0032691,0.0032691,0.034847,0.05561662092804909,0.0531934760510921,0.8996906876564026
O59703_P87169,0.0032453,0.0032453,0.033562,0.04395919665694237,0.0130268959328532,0.0229015480726957
O94376_P36616,0.0058736,0.0058736,0.034281,0.3171522915363312,0.0278959460556507,0.0466438345611095
O74825_Q09116,0.0032393,0.0032393,0.033484,0.1563999354839325,0.0017056169454008,0.0121623137965798
Q9P7Y4_P87245,0.004981,0.004981,0.034905,0.4195970594882965,0.0061012534424662,0.6607835292816162
P50527_O74518,0.0033722,0.0033722,0.033711,0.12876930832862854,0.0015356892254203,0.6623678207397461
P04910_Q9P7Y4,0.003327,0.003327,0.033666,0.014972465112805367,0.9975748658180236,0.0029238541610538
Q9UTP0_O14198,0.0031421,0.0031421,0.03524,0.04681405425071716,0.0024053987581282,0.0422761738300323
P0CT68_P10815,0.0033197,0.0033197,0.034439,0.35341396927833557,0.0094287460669875,0.0416430123150348
P28829_Q9USJ7,0.14714,0.14714,0.033578,0.2984079420566559,0.0031685249414294,0.3635705709457397
O74399_O14229,0.0034268,0.0034268,0.036187,0.16017279028892517,0.9988622665405272,0.9249632358551024
Q9USV1_C6Y4D0,0.0046982,0.0046982,0.033948,0.5248436331748962,0.9990598559379578,0.0148325823247432
P36617_P40384,0.0036174,0.0036174,0.033569,0.12960660457611084,0.9990121126174928,0.2709592282772064
Q10193_P40995,0.004762,0.004762,0.034164,0.10247538238763809,0.0021513116080313,0.0039497846737504
P87027_Q10951,0.0032253,0.0032253,0.033493,0.07745783776044846,0.8984015583992004,0.073937103152275
O14064_P36616,0.0035363,0.0035363,0.038082,0.44200408458709717,0.9988941550254822,0.9742850661277772
P36595_O94684,0.0033059,0.0033059,0.034103,0.3138216733932495,0.0145672652870416,0.7373211979866028
Q10585_P41412,0.0031796,0.0031796,0.033628,0.35355961322784424,0.0158175528049469,0.5953606963157654
O60104_O94646,0.22288,0.22288,0.034926,0.5484110713005066,0.9991108775138856,0.9915671944618224
Q9US52_Q9HGL8,0.0037341,0.0037341,0.03348,0.25904589891433716,0.0229504462331533,0.0056772651150822
P05733_O14399,0.014761,0.014761,0.38207,0.041235022246837616,0.0015095932176336,0.003426888026297
O42954_O94707,0.0032937,0.0032937,0.034416,0.18217237293720245,0.718726396560669,0.9880507588386536
O74560_O13286,0.0032537,0.0032537,0.035588,0.05099982023239136,0.9142025113105774,0.9647796154022216
O14235_O14064,0.0036887,0.0036887,0.034797,0.2587425708770752,0.0305898077785968,0.0503399930894374
Q9US59_Q92352,0.0032445,0.0032445,0.034004,0.34586063027381897,0.002796140499413,0.0295760761946439
O74771_Q9P7T4,0.0032129,0.0032129,0.034377,0.3335734009742737,0.0134423235431313,0.6484173536300659
P36625_Q9UUJ4,0.0031775,0.0031775,0.03383,0.20340421795845032,0.932184398174286,0.1870083212852478
O13685_Q09858,0.0036885,0.0036885,0.033771,0.07136344909667969,0.026485813781619,0.0274280291050672
G2TRP5_P14575,0.1155,0.1155,0.19666,0.562366783618927,0.998508632183075,0.987277090549469
P56523_P26306,0.0038207,0.0038207,0.033601,0.0962972342967987,0.0016477304743602,0.0061786817386746
Q92462_Q11120,0.0037101,0.0037101,0.034014,0.4625779986381531,0.0023506539873778,0.0032131485641002
O60164_Q9UUI1,0.0059536,0.0059536,0.03415,0.2132674753665924,0.9990234375,0.0503524169325828
Q10477_O42709,0.0032393,0.0032393,0.034973,0.30341747403144836,0.999031662940979,0.9710143208503724
P08647_Q9HDY7,0.0034608,0.0034608,0.033553,0.22835882008075714,0.001743150409311,0.0020145433954894
O94687_O94646,0.0034919,0.0034919,0.033679,0.6583607792854309,0.9988934397697448,0.0559835135936737
O74854_P46595,0.0040055,0.0040055,0.08616,0.8029230237007141,0.1058259904384613,0.0048761228099465
P78789_P40848,0.003845,0.003845,0.033916,0.07392150163650513,0.0031707789748907,0.6191921234130859
O94603_Q10113,0.0032592,0.0032592,0.034639,0.36058658361434937,0.0262708961963653,0.3431354761123657
Q02088_O94658,0.0031438,0.0031438,0.033443,0.1264650970697403,0.0059046139940619,0.0989675000309944
O14329_O74446,0.023371,0.023371,0.034173,0.07636407017707825,0.0102468216791749,0.0121312728151679
O74895_O74904,0.34547,0.34547,0.085026,0.22962240874767303,0.9987062215805054,0.9943963289260864
Q9UT52_O14064,0.0032297,0.0032297,0.044931,0.04848713427782059,0.998493790626526,0.5398226380348206
O14399_P50524,0.0034964,0.0034964,0.033815,0.12934982776641846,0.9986177682876588,0.001120931468904
Q09906_Q9Y7J4,0.0035356,0.0035356,0.03356,0.36976441740989685,0.0040005934424698,0.002028263406828
Q10322_Q92372,0.0033079,0.0033079,0.046407,0.1733253300189972,0.9990549683570862,0.631419837474823
P12000_Q12701,0.0040198,0.0040198,0.034204,0.45214366912841797,0.9985637068748474,0.7415631413459778
P21534_P46595,0.0042811,0.0042811,0.033934,0.2228795886039734,0.000894064316526,0.0008412339375354
Q53EK2_O59790,0.013496,0.013496,0.034275,0.12899409234523773,0.2044087052345276,0.0640124157071113
O60104_Q9P7Y4,0.0044093,0.0044093,0.034455,0.044722311198711395,0.9989369511604308,0.8250701427459717
Q09825_O74796,0.0036262,0.0036262,0.033544,0.1487138420343399,0.0026592605281621,0.0199429597705602
O59751_Q9URY0,0.0032925,0.0032925,0.03462,0.17446856200695038,0.0216542370617389,0.0902983844280242
O13758_O14064,0.00331,0.00331,0.035372,0.33036530017852783,0.9984343647956848,0.5183814167976379
Q09892_Q9US52,0.0031697,0.0031697,0.033446,0.2699611186981201,0.0054135499522089,0.0628259778022766
O36019_P07657,0.0032037,0.0032037,0.033503,0.6835365891456604,0.0010513764573261,0.0011454343330115
P01129_P41412,0.0090981,0.0090981,0.034635,0.03402791544795036,0.2506915032863617,0.9945584535598756
O13681_P50528,0.0033575,0.0033575,0.033576,0.3543313443660736,0.0040860883891582,0.9040024876594543
O74988_Q09330,0.0032564,0.0032564,0.033536,0.3405197262763977,0.9985552430152892,0.0172422025352716
O74736_Q53EK2,0.0034274,0.0034274,0.54407,0.2759104371070862,0.9986947178840636,0.8181889057159424
O42844_O13953,0.0045032,0.0045032,0.033874,0.039864975959062576,0.6795104146003723,0.4994661509990692
Q07538_Q9UUC1,0.0061605,0.0061605,0.035805,0.025277961045503616,0.9986218214035034,0.0311003997921943
O74988_P56523,0.0034029,0.0034029,0.033505,0.7571879625320435,0.0046711270697414,0.0033483956940472
O14140_O13684,0.0033142,0.0033142,0.033817,0.01697547920048237,0.9957206845283508,0.0168581940233707
O74978_Q9UTR8,0.0041152,0.0041152,0.040619,0.06419418752193451,0.9989482760429382,0.9066126942634584
O14388_P87027,0.0033734,0.0033734,0.033514,0.698163628578186,0.0020243802573531,0.0063755973242223
O14318_Q10173,0.045828,0.045828,0.033528,0.15201613306999207,0.9922810196876526,0.2400752604007721
O13782_Q6BDR8,0.0032641,0.0032641,0.033645,0.17664773762226105,0.0030922105070203,0.0147307310253381
Q9UTA4_P78774,0.0032759,0.0032759,0.034228,0.21044054627418518,0.0273562893271446,0.0270802918821573
O14097_Q10108,0.20703,0.20703,0.033728,0.07536179572343826,0.0156574305146932,0.037091176956892
P08092_O74175,0.0032257,0.0032257,0.033489,0.0786622166633606,0.0136178703978657,0.0077785598114132
Q10159_P36617,0.0033444,0.0033444,0.033591,0.05302688106894493,0.0070045981556177,0.0237920489162206
P87169_P87324,0.0033426,0.0033426,0.033682,0.37223687767982483,0.9989457726478576,0.1174253523349762
P25457_Q92366,0.098158,0.098158,0.11049,0.23213353753089905,0.9989103078842164,0.9964320659637452
O94450_P29458,0.027227,0.027227,0.033986,0.6091307997703552,0.0118739586323499,0.6570844054222107
O94616_Q9P7V3,0.0031575,0.0031575,0.033603,0.016430674120783806,0.0021892949007451,0.1962319612503051
O43036_P07334,0.0031986,0.0031986,0.03356,0.2334650307893753,0.0303040742874145,0.0046637365594506
Q9HE05_P10815,0.0035392,0.0035392,0.034855,0.21630984544754028,0.9989527463912964,0.3705518543720245
Q09822_Q10169,0.0037339,0.0037339,0.033775,0.11193571984767914,0.7281352877616882,0.0248541850596666
O43036_Q9US59,0.0033247,0.0033247,0.0337,0.8175297975540161,0.9986974596977234,0.0103193493559956
P14575_P41411,0.0038038,0.0038038,0.033491,0.4958234131336212,0.0046611786819994,0.0005947698373347
Q9P7A0_P08090,0.0034069,0.0034069,0.034018,0.4589366912841797,0.0989317297935485,0.1021025255322456
Q09191_Q9Y7Z1,0.0053381,0.0053381,0.03993,0.1410570740699768,0.0034896784927695,0.0634190440177917
O36023_Q09822,0.080668,0.080668,0.03357,0.2172347605228424,0.0227856542915105,0.5031745433807373
O94288_O36019,0.0033179,0.0033179,0.034206,0.5396531224250793,0.994562804698944,0.5044523477554321
O14079_P04910,0.0059106,0.0059106,0.034442,0.05054251477122307,0.9990724325180054,0.0044092908501625
O14459_O74825,0.0045576,0.0045576,0.039839,0.1733810305595398,0.9990585446357728,0.4949309229850769
P32586_Q9UTK6,0.0033515,0.0033515,0.034397,0.022047005593776703,0.0033300600480288,0.3071197271347046
P87306_O94603,0.0032732,0.0032732,0.063724,0.26309722661972046,0.0253060217946767,0.9558338522911072
O13889_P33886,0.00802,0.00802,0.12743,0.5525704026222229,0.9981124401092528,0.4641468524932861
P50527_O94646,0.0054732,0.0054732,0.033719,0.3698935806751251,0.0016324945027008,0.2142752408981323
P26306_Q10192,0.0041939,0.0041939,0.033631,0.77496737241745,0.9970464110374452,0.0305822696536779
P30261_P78774,0.0032161,0.0032161,0.03607,0.05775868520140648,0.9987748265266418,0.2482279688119888
C6Y4D0_Q9Y821,0.0054089,0.0054089,0.034503,0.09003156423568726,0.9990725517272948,0.0350152030587196
O14339_Q9UTE6,0.076719,0.076719,0.068155,0.010547413490712643,0.998434841632843,0.9590389132499696
Q09177_O14246,0.003641,0.003641,0.033732,0.2863864600658417,0.0888493955135345,0.0032349082175642
O14011_O59767,0.0049622,0.0049622,0.034005,0.3293220102787018,0.998146653175354,0.3203660547733307
O13828_Q10108,0.032817,0.032817,0.033998,0.05503644794225693,0.0146347666159272,0.4984025955200195
O60016_P33886,0.0036835,0.0036835,0.033932,0.018408942967653275,0.0114962272346019,0.1273137331008911
O74991_P05219,0.004223,0.004223,0.038161,0.21221046149730682,0.0286265760660171,0.0125483348965644
P78789_O94268,0.003497,0.003497,0.034772,0.15061607956886292,0.008060885593295,0.442861407995224
Q9HGL6_Q9Y7M6,0.0031182,0.0031182,0.033463,0.13028700649738312,0.0147385811433196,0.5544314980506897
O14122_Q9P7W4,0.003374,0.003374,0.034111,0.38748908042907715,0.9953773021697998,0.0973485708236694
O94476_P13681,0.0033614,0.0033614,0.034962,0.23281581699848175,0.0012677948689088,0.0109805241227149
O94684_O94658,0.0039219,0.0039219,0.033839,0.14814163744449615,0.0169583410024642,0.1520626693964004
Q09906_P40235,0.003573,0.003573,0.033659,0.6480780839920044,0.0093295024707913,0.0180227197706699
P87053_Q9UTI3,0.0033432,0.0033432,0.049423,0.29466089606285095,0.0077639399096369,0.0275199953466653
O14122_Q9USP9,0.0036872,0.0036872,0.034171,0.5496277809143066,0.0060838218778371,0.0176481343805789
Q9USZ6_O13310,0.0031608,0.0031608,0.033538,0.004910843912512064,0.0071862894110381,0.0030925809405744
Q9Y7R3_P40848,0.0033489,0.0033489,0.035057,0.39116963744163513,0.9982118606567384,0.8146251440048218
O14339_P87174,0.32287,0.32287,0.035263,0.30774521827697754,0.999046266078949,0.6072596311569214
O13777_Q9USL5,0.0031769,0.0031769,0.033678,0.39521652460098267,0.8268982172012329,0.0853229090571403
O94547_Q9C0Z9,0.0041895,0.0041895,0.033657,0.13579563796520233,0.0825811922550201,0.0172863844782114
O14011_P06652,0.0032621,0.0032621,0.036147,0.4154182970523834,0.9956617951393129,0.2675156891345978
Q9UUB5_A6X980,0.0031715,0.0031715,0.033763,0.376278817653656,0.8029068112373352,0.2290859222412109
Q10477_O14129,0.0040884,0.0040884,0.034243,0.019892144948244095,0.0080305663868784,0.3647509217262268
Q9Y7J4_O59793,0.0033107,0.0033107,0.033609,0.38930222392082214,0.0577617697417736,0.4010853469371795
P40377_Q9URY2,0.0044198,0.0044198,0.033698,0.12420669198036194,0.0027212596032768,0.0327965542674064
P41412_O14388,0.0037865,0.0037865,0.034117,0.0783606693148613,0.0068230205215513,0.0153561243787407
P41889_O59703,0.0034025,0.0034025,0.033618,0.07477883249521255,0.0027116138953715,0.068976029753685
Q10316_Q10430,0.0032221,0.0032221,0.03362,0.28822678327560425,0.9990205764770508,0.3218931853771209
Q9USX8_O14129,0.0032561,0.0032561,0.033503,0.3382200598716736,0.003162977984175,0.0177576709538698
P40372_O14036,0.12003,0.12003,0.55981,0.14595253765583038,0.999040186405182,0.0244419854134321
P0CT68_Q09127,0.012688,0.012688,0.23997,0.024510061368346214,0.9868560433387756,0.9820024967193604
P32434_Q9UUA8,0.0031717,0.0031717,0.033641,0.12150607258081436,0.0081409830600023,0.0096484394744038
O43071_Q9USV3,0.003132,0.003132,0.03359,0.7380825877189636,0.9103708863258362,0.0388456284999847
Q9UTK6_P04551,0.009047,0.009047,0.034103,0.010363353416323662,0.0140686202794313,0.1350737661123275
Q9USP9_Q9USX8,0.0033558,0.0033558,0.035,0.011398548260331154,0.0044755148701369,0.1083646714687347
O94326_O60150,0.0033053,0.0033053,0.034717,0.8377804756164551,0.0028604143299162,0.0187284313142299
Q92366_P78774,0.01646,0.01646,0.039366,0.1785677671432495,0.9988896250724792,0.6005911231040955
Q9C107_O14098,0.0043047,0.0043047,0.034057,0.08489081263542175,0.9990053772926332,0.8335083723068237
P56288_O94603,0.003704,0.003704,0.03372,0.17519235610961914,0.0022823254112154,0.0136744128540158
Q9P7A0_Q9P802,0.0033618,0.0033618,0.033608,0.1157824918627739,0.1258076727390289,0.093327447772026
O74433_Q9C0Z9,0.0031902,0.0031902,0.033696,0.08766921609640121,0.0087746614590287,0.0007295964169315
P40995_P87126,0.0036083,0.0036083,0.0343,0.010717862285673618,0.0012910763034597,0.0533093623816967
O14230_P87050,0.011862,0.011862,0.0336,0.1545569896697998,0.1216268092393875,0.0196329597383737
Q9UUE5_Q9US52,0.0031393,0.0031393,0.033584,0.3071826994419098,0.2512966990470886,0.0551606528460979
O74957_P87173,0.0033784,0.0033784,0.033636,0.21272464096546173,0.0060449545271694,0.0018399950349703
O94705_O43114,0.0032936,0.0032936,0.033506,0.0728568434715271,0.0017971992492675,0.0004944780957885
O74471_P14575,0.14071,0.14071,0.4255,0.7800130248069763,0.9988628625869752,0.9874332547187804
P78789_P34208,0.0033075,0.0033075,0.034101,0.38517335057258606,0.9899654388427734,0.2431705594062805
O43071_P41889,0.0035388,0.0035388,0.033743,0.1816166192293167,0.0419709868729114,0.5238549709320068
Q10429_Q9USP0,0.0032064,0.0032064,0.033683,0.2548828125,0.0107946647331118,0.0063834255561232
O13790_Q10585,0.0032156,0.0032156,0.033618,0.1433730572462082,0.0068403300829231,0.0097981244325637
O14129_P36592,0.0031503,0.0031503,0.033569,0.2301798164844513,0.9877004623413086,0.2031449377536773
Q10109_Q09858,0.0036488,0.0036488,0.033638,0.4115942120552063,0.0027005416341125,0.1140725538134574
P87176_Q10218,0.0033438,0.0033438,0.034611,0.08355210721492767,0.9988995790481568,0.1144824847579002
O14230_Q12381,0.0034791,0.0034791,0.033816,0.3030964136123657,0.001704204827547,0.021958814933896
Q09772_Q09760,0.0042264,0.0042264,0.034374,0.300664484500885,0.0030403879936784,0.4479932487010956
O60158_O13964,0.003154,0.003154,0.033608,0.5260285139083862,0.0059363767504692,0.708716630935669
P0CF96_P36583,0.0085763,0.0085763,0.033709,0.505647599697113,0.1054153442382812,0.0067282291129231
P12000_P79071,0.0040493,0.0040493,0.033743,0.43233829736709595,0.9988679885864258,0.0047499290667474
Q7LL14_P0C5Y7,0.0075067,0.0075067,0.036156,0.17075659334659576,0.0030835366342216,0.0012919846922159
Q9UTK6_P08965,0.0033056,0.0033056,0.033936,0.18141092360019684,0.9982655644416808,0.1115271672606468
O74804_Q9UT76,0.0031814,0.0031814,0.033636,0.05221168324351311,0.0005936612142249,0.0048916405066847
O13988_Q09142,0.00335,0.00335,0.035331,0.07421188801527023,0.9990293979644777,0.067890778183937
O74465_O36027,0.0032473,0.0032473,0.033775,0.38349780440330505,0.0475336126983165,0.0092865256592631
O13310_O74825,0.0034888,0.0034888,0.033572,0.36478400230407715,0.0036574024707078,0.01808394305408
P50527_Q9P7J8,0.028911,0.028911,0.40449,0.17734850943088531,0.9981807470321656,0.9469842314720154
O14198_O59767,0.0032885,0.0032885,0.033595,0.027481267228722572,0.0062119625508785,0.6115349531173706
O74957_Q9UTR8,0.0036165,0.0036165,0.033958,0.25950369238853455,0.998469054698944,0.4067034423351288
P78814_Q10343,0.014016,0.014016,0.035209,0.2080661505460739,0.9975903034210204,0.0025798119604587
Q09808_O94321,0.0031429,0.0031429,0.033773,0.024061808362603188,0.004223387222737,0.2769290804862976
P79071_Q9P784,0.017322,0.017322,0.17827,0.41737017035484314,0.9990196228027344,0.9794824719429016
P78789_P13681,0.0036875,0.0036875,0.043443,0.20012007653713226,0.998485028743744,0.1757504194974899
O74399_Q09916,0.0039464,0.0039464,0.037593,0.08967235684394836,0.9989433884620668,0.7777841091156006
O74796_O94705,0.0036231,0.0036231,0.033493,0.10937444865703583,0.0022585841361433,0.001731026219204
Q10193_P36618,0.0031877,0.0031877,0.033739,0.1969650536775589,0.0131800659000873,0.0264756251126527
Q9UUC1_O14079,0.0068226,0.0068226,0.034194,0.49291616678237915,0.9985085129737854,0.0094728097319602
O74983_Q10430,0.0040898,0.0040898,0.033745,0.3953622579574585,0.0544739067554473,0.0069750952534377
Q9US59_Q9P6Q6,0.0032176,0.0032176,0.03401,0.0778927281498909,0.0045997588895261,0.0114822378382086
O13782_P32586,0.0036896,0.0036896,0.033779,0.151319220662117,0.001802175422199,0.5821296572685242
P78814_Q10366,0.0041437,0.0041437,0.033901,0.18111851811408997,0.0133031923323869,0.0022382989991456
Q9P7A0_O60164,0.003918,0.003918,0.035535,0.1974848061800003,0.0230780635029077,0.0056375921703875
P37382_Q9Y7J4,0.0034592,0.0034592,0.033789,0.5155225992202759,0.0485214665532112,0.0048867710866034
O59945_Q10477,0.0031858,0.0031858,0.033883,0.10361530631780624,0.0015715408371761,0.0130697013810276
P78929_O59793,0.0056434,0.0056434,0.033631,0.00927135068923235,0.0106154475361108,0.0320735462009906
Q09330_Q9P7Q8,0.0032,0.0032,0.033928,0.02907375805079937,0.0125971781089901,0.0582427605986595
O74311_O14010,0.0031905,0.0031905,0.033559,0.23098476231098175,0.9953172206878662,0.045662622898817
Q1MTN3_O94687,0.0039199,0.0039199,0.038498,0.055684708058834076,0.997494101524353,0.464034765958786
O13310_O75011,0.061184,0.061184,0.27655,0.2730834484100342,0.9989020824432372,0.861353874206543
O74736_Q09127,0.0043449,0.0043449,0.033877,0.0147638488560915,0.999013900756836,0.0292050819844007
O59945_Q10429,0.0039254,0.0039254,0.033629,0.14272984862327576,0.0025651240721344,0.0109471995383501
P46595_P36601,0.0041551,0.0041551,0.045248,0.015687959268689156,0.0032906294800341,0.0049286712892353
P52822_Q10134,0.0036597,0.0036597,0.033514,0.32070431113243103,0.0548986457288265,0.0180748272687196
O74465_O94717,0.0033831,0.0033831,0.039132,0.17103572189807892,0.9922646284103394,0.4560754597187042
Q9UUJ4_P06652,0.0031544,0.0031544,0.033835,0.08025563508272171,0.0069779031910002,0.0178423710167408
O74536_O60016,0.0036574,0.0036574,0.03562,0.021573739126324654,0.2052468061447143,0.03575000166893
P0CF96_O42954,0.0031682,0.0031682,0.033748,0.20389285683631897,0.9988259673118592,0.0097270794212818
Q09685_P78774,0.003301,0.003301,0.035235,0.3430851697921753,0.7828956842422485,0.3247079849243164
P36629_Q10272,0.0032491,0.0032491,0.037414,0.37332266569137573,0.0234956685453653,0.2263232320547104
P78929_O42667,0.0036978,0.0036978,0.033656,0.215312197804451,0.0208460539579391,0.0159496814012527
Q9USX8_O74978,0.0036351,0.0036351,0.035425,0.05640590563416481,0.0062668723985552,0.1816781610250473
O74796_Q09191,0.0032569,0.0032569,0.033815,0.01815960556268692,0.0241965167224407,0.0432086996734142
Q9C107_O43070,0.0033037,0.0033037,0.037722,0.2687554359436035,0.998975396156311,0.948865532875061
P36614_O94542,0.0035358,0.0035358,0.04898,0.2647009491920471,0.0429813116788864,0.1621174365282058
P36585_O94244,0.27336,0.27336,0.042074,0.061090100556612015,0.99825257062912,0.6545825004577637
O74983_Q09822,0.0071275,0.0071275,0.034185,0.15855145454406738,0.959747076034546,0.0024260412901639
O74536_Q92462,0.0065101,0.0065101,0.037493,0.4194800555706024,0.0076135252602398,0.0811516493558883
Q9USV1_P52890,0.04888,0.04888,0.035444,0.006517406087368727,0.0067491275258362,0.2087604105472564
Q10218_P42656,0.051986,0.051986,0.033774,0.14823369681835175,0.9990053772926332,0.0656653717160224
O13826_O74747,0.0053951,0.0053951,0.17426,0.3077239692211151,0.999058187007904,0.9866870641708374
O94620_Q09882,0.0032867,0.0032867,0.050435,0.002410012064501643,0.4157251119613647,0.2236678749322891
O74772_Q09882,0.0035741,0.0035741,0.038952,0.16546271741390228,0.9988766312599182,0.0501005128026008
Q9UT86_P37382,0.003323,0.003323,0.034336,0.2693863809108734,0.998431384563446,0.0030060815624892
P40381_Q96WW3,0.015263,0.015263,0.062782,0.33132871985435486,0.9986238479614258,0.8133388161659241
O42832_O74895,0.12922,0.12922,0.16502,0.834015429019928,0.9988755583763124,0.9933431148529052
Q10103_O14011,0.0033473,0.0033473,0.035336,0.5922777652740479,0.9985336065292358,0.5035934448242188
O94444_P0CH07,0.0040283,0.0040283,0.033587,0.01819193735718727,0.998903751373291,0.7776342630386353
P40372_Q10353,0.16205,0.16205,0.21681,0.09458895027637482,0.999011754989624,0.961729884147644
P87176_Q10585,0.0031739,0.0031739,0.033626,0.029105670750141144,0.0440910346806049,0.2894075810909271
Q9USL5_P48011,0.0034436,0.0034436,0.033529,0.0386890284717083,0.9989022016525269,0.0397393517196178
O94581_Q09772,0.0080303,0.0080303,0.034028,0.6497904062271118,0.0047884993255138,0.000939215591643
O74910_Q10429,0.0037637,0.0037637,0.038094,0.5882522463798523,0.022236393764615,0.6985457539558411
Q9HGL6_O14327,0.0032679,0.0032679,0.033949,0.05094775930047035,0.0050174039788544,0.0113666597753763
Q9USZ6_O13790,0.0032992,0.0032992,0.033532,0.08019044995307922,0.0027854128275066,0.0071380995213985
Q9UU79_Q9Y709,0.010383,0.010383,0.078029,0.7451531887054443,0.0275914091616868,0.0048930081538856
P28829_Q9URX6,0.0040506,0.0040506,0.033616,0.021984970197081566,0.0014420307707041,0.0049862191081047
O13685_Q9P6Q6,0.006069,0.006069,0.033555,0.39340147376060486,0.9874390959739684,0.0525732599198818
O13889_O94556,0.015576,0.015576,0.03372,0.09509696811437607,0.0075282915495336,0.08230971544981
Q09823_P78953,0.0038746,0.0038746,0.050859,0.0368206761777401,0.084646999835968,0.9211882948875428
Q9UUI1_P28829,0.0048965,0.0048965,0.033872,0.29803481698036194,0.0014767450047656,0.0044960738159716
O74904_O94285,0.0078067,0.0078067,0.03862,0.24931073188781738,0.9985692501068116,0.0186479240655899
Q9Y7L8_O13985,0.0033476,0.0033476,0.038314,0.40359005331993103,0.0046498347073793,0.0038053686730563
P40371_P48011,0.0032939,0.0032939,0.033549,0.4141788184642792,0.0031601770315319,0.0023756022565066
Q9HGL8_Q9Y7R3,0.0041562,0.0041562,0.041049,0.06760213524103165,0.9973248243331908,0.0121847977861762
P36585_P40377,0.019922,0.019922,0.059513,0.37153124809265137,0.4131127595901489,0.0740171521902084
O74399_P78929,0.0037371,0.0037371,0.046743,0.38963037729263306,0.998200297355652,0.0144355949014425
Q09898_O13828,0.0033813,0.0033813,0.033988,0.3212028443813324,0.9968464970588684,0.670229434967041
P27638_O74511,0.10254,0.10254,0.034816,0.2811085283756256,0.8685083985328674,0.0678962096571922
Q9UUA8_O94285,0.0032178,0.0032178,0.033796,0.759407639503479,0.0104631492868065,0.0153191378340125
O74986_P40371,0.0034776,0.0034776,0.03384,0.1604386568069458,0.0016498875338584,0.0415299497544765
O13828_Q9UT52,0.0031899,0.0031899,0.038236,0.1769104301929474,0.0725916698575019,0.8189476728439331
O14079_Q10430,0.003143,0.003143,0.033639,0.23800969123840332,0.9990658164024352,0.4281899333000183
O14399_O43114,0.0033597,0.0033597,0.034231,0.46004199981689453,0.0008503310382366,0.0051996083930134
O42709_P49731,0.0032148,0.0032148,0.037003,0.5382028222084045,0.9980096220970154,0.8099216222763062
Q9P7F9_Q10951,0.0036678,0.0036678,0.033901,0.38045361638069153,0.0024068523198366,0.0003940275928471
Q9US52_P40848,0.0032443,0.0032443,0.033517,0.009765963070094585,0.0072575914673507,0.0090355342254042
O43080_Q9UT46,0.0032474,0.0032474,0.033621,0.3890758752822876,0.0035000175703316,0.258879691362381
O74985_O14350,0.0032202,0.0032202,0.033957,0.5781228542327881,0.5218303203582764,0.9618680477142334
P14575_P21534,0.32954,0.32954,0.33591,0.3687824010848999,0.9985225796699524,0.9716719388961792
P08090_Q9USX8,0.0035605,0.0035605,0.033576,0.07484540343284607,0.0089748995378613,0.1333764642477035
P33520_P87306,0.0050087,0.0050087,0.037982,0.4198290705680847,0.0126516064628958,0.9286051988601683
O75011_O94450,0.0035396,0.0035396,0.033917,0.5938374996185303,0.0052636205218732,0.0637295171618461
O94285_P48011,0.021528,0.021528,0.035339,0.04650256782770157,0.9990968704223632,0.0062510804273188
Q9US52_O74854,0.0031388,0.0031388,0.033769,0.050038814544677734,0.0066009750589728,0.0017385275568813
P36582_Q12701,0.023498,0.023498,0.0825,0.010327236726880074,0.9989657402038574,0.9888048768043518
O94476_Q10353,0.0032897,0.0032897,0.034055,0.08840237557888031,0.0063220500014722,0.0566897802054882
O74398_P40377,0.0036886,0.0036886,0.061868,0.7332360148429871,0.0034418294671922,0.0137843014672398
Q9USH1_O59790,0.01463,0.01463,0.041324,0.37673234939575195,0.9990420937538148,0.008135967887938
Q01112_Q10056,0.0073406,0.0073406,0.043506,0.42728689312934875,0.9986155033111572,0.0122571699321269
P87176_Q9USP0,0.0036652,0.0036652,0.033573,0.34042105078697205,0.0016664753202348,0.0119725540280342
P36616_O74309,0.0039499,0.0039499,0.034339,0.24090787768363953,0.0438801124691963,0.8157463669776917
Q9USZ3_O59945,0.0032261,0.0032261,0.033458,0.05551617592573166,0.0011738557368516,0.0043227006681263
O60104_P79065,0.24602,0.24602,0.033801,0.1010972112417221,0.0121276518329977,0.8140797019004822
O74560_P87174,0.0032799,0.0032799,0.034109,0.4788150489330292,0.9987187385559082,0.443201333284378
O13953_P87050,0.0041139,0.0041139,0.034043,0.020127860829234123,0.9983839988708496,0.9004443287849426
O74988_Q9UTF6,0.0037037,0.0037037,0.033588,0.1499243676662445,0.9989927411079408,0.9698374271392822
O42832_Q10353,0.05074,0.05074,0.13014,0.4938793480396271,0.9985864162445068,0.994201958179474
O94542_Q00619,0.0033195,0.0033195,0.033601,0.8199339509010315,0.0018077751155942,0.0107195870950818
O74536_Q10343,0.0035985,0.0035985,0.034568,0.24393677711486816,0.9986407160758972,0.2328714728355407
Q09906_Q9UTA4,0.0061455,0.0061455,0.033563,0.11625705659389496,0.002481953240931,0.0005760423955507
P40371_O94707,0.0032981,0.0032981,0.033789,0.5568736791610718,0.0019086364191025,0.0153111349791288
O42846_Q92462,0.0035683,0.0035683,0.033675,0.21237856149673462,0.0017235941486433,0.0008822691743262
Q09824_O14329,0.0036707,0.0036707,0.033504,0.3097769021987915,0.0027367661241441,0.0054677627049386
Q10218_O74465,0.0033063,0.0033063,0.034223,0.12658651173114777,0.0482680089771747,0.6003470420837402
O94285_P33886,0.0048261,0.0048261,0.034506,0.009863832034170628,0.0041212546639144,0.0106626460328698
O74446_O13790,0.0034141,0.0034141,0.033888,0.21413405239582062,0.0011871708557009,0.004348071757704
P87238_Q09150,0.0032042,0.0032042,0.033598,0.05679721757769585,0.0122550697997212,0.0112943015992641
Q10067_Q09808,0.0031616,0.0031616,0.034012,0.6085239052772522,0.8910450339317322,0.1487202942371368
O13339_P13681,0.0033637,0.0033637,0.037557,0.25034937262535095,0.2399858385324478,0.1913059949874878
O14064_O14388,0.007447,0.007447,0.035548,0.7008941769599915,0.9989437460899352,0.0309979729354381
O42905_O94408,0.01621,0.01621,0.033838,0.04494314640760422,0.9990719556808472,0.0327102653682231
Q9P4W1_P26306,0.0073842,0.0073842,0.033766,0.12907147407531738,0.0122981555759906,0.0006843206938356
O94309_P34208,0.0032734,0.0032734,0.033648,0.5000706315040588,0.3249267637729645,0.0120774358510971
O59793_O60150,0.0033475,0.0033475,0.033898,0.2902753949165344,0.0023221592418849,0.0056042242795228
O13852_P0CT60,0.0031197,0.0031197,0.033851,0.23887565732002258,0.022868201136589,0.0274472367018461
O94360_O59836,0.0032181,0.0032181,0.03366,0.4696587026119232,0.0647206902503967,0.0021899116691201
O14350_O74986,0.0032208,0.0032208,0.034718,0.10117799043655396,0.9988961219787598,0.8202252984046936
Q9HFE5_Q09196,0.0033306,0.0033306,0.033486,0.23576220870018005,0.0026694543194025,0.0010749762877821
Q9P784_O94609,0.003508,0.003508,0.033599,0.18004105985164642,0.0187578946352005,0.0263506826013326
P10651_P05219,0.019,0.019,0.047209,0.04523858800530434,0.9982958436012268,0.0303437672555446
Q09892_O74895,0.0036647,0.0036647,0.033472,0.30304965376853943,0.0111355939880013,0.0062251822091639
P78761_Q9P7E0,0.0081272,0.0081272,0.038306,0.0940469279885292,0.99904602766037,0.5078576803207397
P36616_P87306,0.0036662,0.0036662,0.037294,0.31639769673347473,0.0258608236908912,0.1810949593782425
Q874R3_Q09116,0.0037096,0.0037096,0.033471,0.5870532393455505,0.002817285247147,0.0145429922267794
P78761_P78814,0.0046035,0.0046035,0.03356,0.11555294692516327,0.0110467420890927,0.0364656522870063
P36622_O74978,0.0036909,0.0036909,0.034663,0.789427638053894,0.0015160476323217,0.0143661955371499
O60052_P78972,0.0040216,0.0040216,0.03372,0.4166065454483032,0.0584712922573089,0.5984674692153931
O13712_Q9P7B8,0.003975,0.003975,0.033844,0.06384269148111343,0.0022552299778908,0.348771333694458
O74465_P12000,0.0034433,0.0034433,0.033933,0.3755037486553192,0.9921764731407166,0.0597864910960197
O43070_O74986,0.0033197,0.0033197,0.03474,0.19940178096294403,0.99876070022583,0.7305389642715454
O59680_P87074,0.0047427,0.0047427,0.0336,0.46957626938819885,0.0194044858217239,0.000974235124886
P30261_O59945,0.0032477,0.0032477,0.033637,0.07110501825809479,0.0049902447499334,0.013580865226686
Q09177_Q9UUM2,0.0031954,0.0031954,0.033513,0.3762114942073822,0.0141781168058514,0.0227735359221696
Q10067_P78814,0.00319,0.00319,0.03366,0.1600017100572586,0.002988870255649,0.0024489241186529
O74517_P87123,0.0045542,0.0045542,0.040274,0.1473175287246704,0.9988834261894226,0.0949689894914627
P0CG72_P26306,0.0034632,0.0034632,0.034012,0.2422686368227005,0.0023653395473957,0.0037562684156
O59945_G2TRP5,0.0033525,0.0033525,0.033517,0.2949621379375458,0.0014801337383687,0.0025578958448022
O59836_O74511,0.0032598,0.0032598,0.038362,0.04434657096862793,0.0294388886541128,0.1435454189777374
P0CF96_Q09858,0.0034645,0.0034645,0.075114,0.8276482224464417,0.9989689588546752,0.0377725958824157
P36583_Q10192,0.0040292,0.0040292,0.035745,0.43840187788009644,0.0062597910873591,0.0184737015515565
O13712_Q9UT72,0.0035431,0.0035431,0.033715,0.37135469913482666,0.001799143734388,0.004146269056946
P40235_Q10218,0.0037136,0.0037136,0.039321,0.0013635526411235332,0.9988093376159668,0.577589213848114
P87050_Q09154,0.0072971,0.0072971,0.03361,0.07676959782838821,0.0150727480649948,0.0010417654411867
P12000_Q9USL5,0.0033259,0.0033259,0.033557,0.12015499919652939,0.9988070726394652,0.8057064414024353
Q10428_Q9P7A0,0.0033981,0.0033981,0.034204,0.10501573234796524,0.0027703160885721,0.4561145901679992
O59945_P50524,0.0033702,0.0033702,0.033585,0.09083055704832077,0.0041287634521722,0.0293930303305387
O74560_O13758,0.0033054,0.0033054,0.034803,0.6764549612998962,0.9984923601150512,0.9790495038032532
O14036_P41005,0.0074622,0.0074622,0.034685,0.4171540439128876,0.0197229217737913,0.1301960945129394
O74433_Q4PIR3,0.003188,0.003188,0.033579,0.010542791336774826,0.0283400751650333,0.0004820500616915
O14229_Q9P7P1,0.0035666,0.0035666,0.033876,0.6524803638458252,0.998548686504364,0.9616416692733764
O74398_P41889,0.0039616,0.0039616,0.034179,0.3200790584087372,0.0030632654670625,0.8094223737716675
O14097_O94309,0.0052511,0.0052511,0.033631,0.43252286314964294,0.0104328701272606,0.0117674740031361
Q10113_O59680,0.0037914,0.0037914,0.033706,0.07477232068777084,0.0045325993560254,0.0004426201630849
O42667_Q9P7R9,0.034721,0.034721,0.033552,0.5466470122337341,0.0071958140470087,0.2790350317955017
O59680_O13790,0.0041093,0.0041093,0.033573,0.5919339656829834,0.0011097642127424,0.0007138439686968
P87050_Q9Y821,0.0041409,0.0041409,0.03381,0.31931963562965393,0.9990130662918092,0.3245071172714233
Q9UTA4_Q96WV9,0.0035457,0.0035457,0.033666,0.790399432182312,0.0211015604436397,0.0041801990009844
P40995_O13877,0.0032882,0.0032882,0.034279,0.16646708548069,0.002989437431097,0.0005720646586269
O94646_Q9P7J8,0.0056197,0.0056197,0.033897,0.1056271493434906,0.0021100721787661,0.0062055103480815
O94476_P14575,0.0053096,0.0053096,0.033543,0.34390801191329956,0.0033579519949853,0.000868521630764
Q1MTQ1_O94444,0.0039412,0.0039412,0.033494,0.3876214027404785,0.9967089891433716,0.4257897734642029
O13816_O74796,0.0033282,0.0033282,0.033696,0.3391413390636444,0.9933000802993774,0.4218268394470215
Q9USJ7_Q12381,0.13066,0.13066,0.035893,0.06380254775285721,0.0093284724280238,0.9471529722213744
P40848_Q09330,0.0033882,0.0033882,0.034106,0.13180023431777954,0.9983258843421936,0.8930821418762207
P10815_Q9HGQ3,0.0032744,0.0032744,0.033878,0.07828142493963242,0.0031284571159631,0.0464964359998703
Q9P7G0_Q9Y7U4,0.003514,0.003514,0.035155,0.4408014118671417,0.9989770650863647,0.9350451827049256
P87051_P87126,0.0045661,0.0045661,0.035201,0.2852477431297302,0.9977952241897584,0.0011688465019688
O74774_O94698,0.0033306,0.0033306,0.038051,0.21930326521396637,0.9989472031593324,0.9742600321769714
O13790_A6X980,0.0031877,0.0031877,0.034305,0.14157159626483917,0.0153061877936124,0.0291335210204124
Q09150_Q9UTA4,0.0031564,0.0031564,0.033981,0.45504024624824524,0.9980423450469972,0.0269312281161546
P42656_Q10477,0.0037085,0.0037085,0.034438,0.4602060914039612,0.0054518412798643,0.0196203868836164
Q10163_Q9USX8,0.0039307,0.0039307,0.04695,0.2102842777967453,0.0385530143976211,0.0443068258464336
Q10282_P36595,0.0032376,0.0032376,0.074028,0.8210428357124329,0.0160920284688472,0.0315729826688766
P79015_P05764,0.0059431,0.0059431,0.033783,0.05462144687771797,0.9990227222442628,0.0032780296169221
P56288_P78774,0.003365,0.003365,0.035078,0.2279077023267746,0.0025346083566546,0.1954731196165084
P36614_Q09191,0.0032885,0.0032885,0.03356,0.40494683384895325,0.0034081388730555,0.00592070678249
Q09882_Q9Y7U4,0.0037357,0.0037357,0.034689,0.24657616019248962,0.7058735489845276,0.8204521536827087
P32390_P33520,0.0033004,0.0033004,0.033615,0.11696330457925797,0.0057167978957295,0.0118697760626673
Q9P779_Q9USL5,0.0032139,0.0032139,0.033621,0.42135152220726013,0.0051006795838475,0.0047526392154395
O13953_Q10668,0.0039051,0.0039051,0.034126,0.04690280929207802,0.1413682401180267,0.9414877891540528
P41410_Q9USM8,0.0032596,0.0032596,0.033776,0.1171187087893486,0.0160991288721561,0.1461333185434341
Q9P7M3_O94326,0.0032597,0.0032597,0.034815,0.14084979891777039,0.8348344564437866,0.1679026782512664
P52822_Q874R3,0.0032099,0.0032099,0.033523,0.7418047189712524,0.0031154141761362,0.0020466519054025
Q10951_O14459,0.0034898,0.0034898,0.071542,0.10185686498880386,0.9989529848098756,0.0292716510593891
O94263_Q9UUC1,0.0035495,0.0035495,0.033585,0.6299422979354858,0.0101343244314193,0.0429791994392871
O94355_P26306,0.003148,0.003148,0.033779,0.330192506313324,0.9989922642707824,0.0704744905233383
Q09150_O13877,0.0044143,0.0044143,0.033737,0.06089400500059128,0.0043033929541707,0.0057928897440433
O60150_O94547,0.0033269,0.0033269,0.033993,0.3869111239910126,0.9986339211463928,0.0415076464414596
Q9UST6_P40380,0.0031463,0.0031463,0.033867,0.5684722065925598,0.9987228512763976,0.5943412184715271
Q09142_Q09823,0.0034484,0.0034484,0.043282,0.1616501808166504,0.5290849208831787,0.9622951745986938
P36618_O14129,0.0032856,0.0032856,0.033702,0.5383684039115906,0.0012873514788225,0.0753850787878036
Q7LL14_Q9USX8,0.0036701,0.0036701,0.054845,0.1321938931941986,0.0120570389553904,0.036806046962738
Q10173_Q10429,0.0031882,0.0031882,0.033513,0.12979882955551147,0.0141522949561476,0.1145273745059967
O42661_Q10163,0.07378,0.07378,0.69179,0.285247266292572,0.99906986951828,0.9913973808288574
Q9USZ6_Q09858,0.0031592,0.0031592,0.033557,0.09624830633401871,0.9988563060760498,0.0573753602802753
P05501_Q09824,0.0032708,0.0032708,0.033508,0.029897766187787056,0.0022101704962551,0.0004717743431683
O14098_Q11120,0.0036243,0.0036243,0.033577,0.04070988669991493,0.9987196922302246,0.5649107098579407
Q10429_Q9Y7R3,0.0031924,0.0031924,0.040755,0.2751840054988861,0.0091668758541345,0.9828203916549684
O74718_P50524,0.0033809,0.0033809,0.034318,0.28952574729919434,0.997884213924408,0.740497350692749
Q12126_O74747,0.0047446,0.0047446,0.034321,0.23237882554531097,0.9873067140579224,0.0104148676618933
O13852_P87074,0.0032224,0.0032224,0.033908,0.16176451742649078,0.4060868620872497,0.8134839534759521
O74558_Q10193,0.0033029,0.0033029,0.03438,0.21072927117347717,0.0018351271282881,0.0164704155176877
O59751_P05764,0.0038855,0.0038855,0.033498,0.0012901292648166418,0.0082332072779536,0.0005761173088103
Q10159_Q9P7V3,0.0031631,0.0031631,0.03355,0.016596687957644463,0.0012589989928528,0.0091976597905159
Q9UTK6_O13370,0.0035526,0.0035526,0.034081,0.4685070216655731,0.9984948635101318,0.0731283500790596
O74465_P50523,0.0033255,0.0033255,0.033567,0.28246214985847473,0.004020448308438,0.000393674679799
Q10103_O74978,0.0044302,0.0044302,0.03535,0.34309643507003784,0.9978798627853394,0.8849667906761169
O14229_P36629,0.0039959,0.0039959,0.034473,0.1756312996149063,0.0504415482282638,0.3869440853595733
Q9Y738_O74986,0.0047235,0.0047235,0.033581,0.2002125084400177,0.998889148235321,0.9447897672653198
P36585_Q9P7V3,0.0031577,0.0031577,0.033628,0.43397870659828186,0.008630022406578,0.070105142891407
P41005_O74791,0.0045793,0.0045793,0.033894,0.10982856154441833,0.9902995824813844,0.0592102110385894
O42846_P32372,0.0039645,0.0039645,0.035291,0.18785636126995087,0.2392434328794479,0.0084386374801397
P36613_Q9UUE5,0.0035423,0.0035423,0.034055,0.08940651267766953,0.9989577531814576,0.9740623235702516
O13684_Q9UTR8,0.0039194,0.0039194,0.033931,0.30009663105010986,0.9990069270133972,0.9617589712142944
O42832_P49731,0.0036009,0.0036009,0.043095,0.047073446214199066,0.00505445105955,0.8969208002090454
O74986_P87174,0.0046634,0.0046634,0.034315,0.12190637737512589,0.999025583267212,0.2559948861598968
Q9P7T4_O43120,0.0091946,0.0091946,0.039082,0.21961063146591187,0.9986756443977356,0.7051333785057068
Q09892_Q9P7G0,0.10134,0.10134,0.033957,0.37575289607048035,0.998832643032074,0.0031384183093905
Q10134_P32390,0.0031772,0.0031772,0.033536,0.09909775853157043,0.9972892999649048,0.0898165851831436
O60150_P87123,0.0034037,0.0034037,0.033512,0.007401410024613142,0.003443214809522,0.0031119568739086
P05764_O42844,0.0053097,0.0053097,0.033538,0.09065596759319305,0.022983169183135,0.0003807706816587
P56286_P87238,0.0039988,0.0039988,0.033761,0.3652709424495697,0.0046021151356399,0.371439665555954
Q10163_O94752,0.0049599,0.0049599,0.033993,0.08332746475934982,0.9988675117492676,0.0125833665952086
P06652_P79063,0.0034853,0.0034853,0.033621,0.2128785252571106,0.0370822176337242,0.0717548578977584
Q9UUJ1_O94444,0.0035286,0.0035286,0.033626,0.523052990436554,0.9986742734909058,0.0975963547825813
Q6BDR8_Q10056,0.0033243,0.0033243,0.033627,0.22201012074947357,0.0041566980071365,0.2509832382202148
O74747_O94658,0.007447,0.007447,0.03486,0.6470546126365662,0.9990735054016112,0.0806743204593658
O13339_O42832,0.0038635,0.0038635,0.075723,0.2897644340991974,0.0016877868911251,0.10782290995121
O13728_O42954,0.003299,0.003299,0.0336,0.3485625386238098,0.008049882017076,0.0520549789071083
P0CF96_O14229,0.0031806,0.0031806,0.034017,0.17968669533729553,0.9989425539970398,0.0044901832006871
Q10317_P10989,0.0031924,0.0031924,0.035748,0.024306977167725563,0.0057404870167374,0.0132542476058006
O13684_P39964,0.0047055,0.0047055,0.033802,0.7482212781906128,0.9177889227867126,0.4796780049800873
Q09898_Q00619,0.0044457,0.0044457,0.033614,0.17205163836479187,0.0442313440144062,0.0018677135230973
Q9USV3_O74309,0.0031813,0.0031813,0.033579,0.28341686725616455,0.0396416261792182,0.0390256196260452
O60016_O74904,0.0054252,0.0054252,0.034328,0.03546087071299553,0.0501366108655929,0.021919060498476
Q9UTS6_Q53EK2,0.0031295,0.0031295,0.033535,0.5966547727584839,0.9982024431228638,0.0199509933590888
Q09683_O74483,0.0038878,0.0038878,0.033588,0.6333226561546326,0.9990901947021484,0.0238948613405227
O94542_Q9HGQ3,0.0036075,0.0036075,0.034788,0.047427840530872345,0.0100336046889424,0.0769275426864624
O13782_O59734,0.0039096,0.0039096,0.033522,0.04453868418931961,0.0018749769078567,0.0027804807759821
Q09906_O74446,0.0094739,0.0094739,0.035836,0.8551074266433716,0.9468268752098083,0.0098526664078235
O14140_O74531,0.011021,0.011021,0.039769,0.047098308801651,0.0116052571684122,0.0078888749703764
Q9UUC6_Q10113,0.0051336,0.0051336,0.044285,0.18878528475761414,0.0373982153832912,0.0176885798573493
P09988_Q12701,0.0049155,0.0049155,0.033807,0.5203938484191895,0.9985289573669434,0.0295699443668127
O13826_Q9UT46,0.0032656,0.0032656,0.035404,0.5898672342300415,0.9989190101623536,0.8716342449188232
O42975_O13681,0.0033041,0.0033041,0.033965,0.0014494570204988122,0.0417445786297321,0.9356669783592224
Q09685_O59734,0.0091488,0.0091488,0.036239,0.1869935542345047,0.9962471127510072,0.0274065118283033
Q09906_Q9Y738,0.007082,0.007082,0.033505,0.01656404882669449,0.0015195314772427,0.0055297599174082
O14140_P36595,0.2341,0.2341,0.038927,0.47640472650527954,0.0077930437400937,0.0518971905112266
O43114_O94309,0.0031806,0.0031806,0.033563,0.02863292582333088,0.0048341490328311,0.0028333889786154
P87310_O74483,0.0033095,0.0033095,0.03422,0.6782817840576172,0.9990850687026978,0.0165441278368234
P87314_Q9Y738,0.0032088,0.0032088,0.033551,0.28936392068862915,0.9988957643508912,0.6603332757949829
Q9P6R1_O43071,0.0035212,0.0035212,0.034395,0.08279252052307129,0.0425155907869339,0.0181779749691486
O59836_P0CU09,0.0031463,0.0031463,0.033817,0.14701353013515472,0.0894882977008819,0.5049945116043091
O94476_P40372,0.0036154,0.0036154,0.037138,0.6584494709968567,0.9883274435997008,0.0135528519749641
P01129_P0CT70,0.0045723,0.0045723,0.038818,0.048960622400045395,0.003672920865938,0.003406467847526
Q09116_P32372,0.003418,0.003418,0.033531,0.18090979754924774,0.0040034521371126,0.0090432269498705
O14122_O74560,0.0033839,0.0033839,0.035584,0.32306280732154846,0.0035263544414192,0.009327488951385
P79005_O59702,0.0031866,0.0031866,0.033792,0.020136242732405663,0.0072352462448179,0.0175472479313612
P79063_O74536,0.0032974,0.0032974,0.033539,0.42066219449043274,0.0370948538184165,0.1685351282358169
O74518_O94444,0.0033288,0.0033288,0.033579,0.4738180935382843,0.1027576327323913,0.016109524294734
Q9US45_Q9USH1,0.027045,0.027045,0.54055,0.315443754196167,0.9990278482437134,0.4564986824989319
Q9UT52_P87238,0.0031433,0.0031433,0.03372,0.18383830785751343,0.8810232281684875,0.0267301090061664
P36592_Q10163,0.0041849,0.0041849,0.033721,0.024831773713231087,0.9990777969360352,0.0536477863788604
P36629_Q12381,0.0033615,0.0033615,0.035587,0.6111214756965637,0.998883068561554,0.7302179336547852
Q9P4W1_Q9P7P1,0.020551,0.020551,0.033598,0.02313893660902977,0.0784095227718353,0.000652800372336
O74511_P87051,0.0036597,0.0036597,0.03484,0.33425089716911316,0.997835338115692,0.0013832576805725
P09322_Q09823,0.062861,0.062861,0.057624,0.027252482250332832,0.998441994190216,0.0061112027615308
Q09822_P50523,0.0033871,0.0033871,0.033509,0.1784197986125946,0.0087987529113888,0.0006538647576235
P48011_P87324,0.0036126,0.0036126,0.033589,0.012693720869719982,0.0111847044900059,0.0019384650513529
P78972_Q9P7X1,0.0036585,0.0036585,0.033589,0.3506753146648407,0.0047568813897669,0.002633704803884
O14011_Q92358,0.0031898,0.0031898,0.033757,0.13641203939914703,0.014667541719973,0.0194272305816411
P54789_P04688,0.0035429,0.0035429,0.034786,0.23330026865005493,0.9979777932167052,0.0328736156225204
O74515_Q10430,0.0031684,0.0031684,0.03394,0.6550498008728027,0.999014377593994,0.1060946285724639
O42634_Q10951,0.0046163,0.0046163,0.036059,0.04435666278004646,0.9983572363853456,0.0042022475972771
O74771_Q10316,0.0031693,0.0031693,0.033705,0.22196026146411896,0.3899918496608734,0.6028285622596741
Q96WV9_O74536,0.029566,0.029566,0.15051,0.26597702503204346,0.99891996383667,0.8408033847808838
P40997_O74772,0.0033368,0.0033368,0.040164,0.030503610149025917,0.779938817024231,0.2210850119590759
O13684_O13777,0.0031412,0.0031412,0.033679,0.42711374163627625,0.9989405274391174,0.0305778104811906
O13836_O74988,0.0032944,0.0032944,0.033546,0.13672581315040588,0.0051456051878631,0.0006273623439483
Q9UTP0_P87306,0.0032022,0.0032022,0.033733,0.751620352268219,0.0162308532744646,0.1169301345944404
O74360_Q9P7X1,0.0034855,0.0034855,0.0335,0.06846915185451508,0.0014342374633997,0.0034123235382139
Q11120_O14170,0.0036619,0.0036619,0.033823,0.05209382250905037,0.0060020675882697,0.0742508172988891
O59755_P39964,0.0039205,0.0039205,0.034806,0.22875124216079712,0.9976944327354432,0.9479233622550964
Q9HGQ3_Q9P7M1,0.0044911,0.0044911,0.034509,0.10830840468406677,0.0034376694820821,0.0082203457131981
P10989_O94360,0.003144,0.003144,0.033795,0.48420044779777527,0.0012945634080097,0.0071800122968852
P0C5Y7_P87215,0.007523,0.007523,0.038682,0.2896007299423218,0.0171447806060314,0.0090837925672531
Q10668_Q96WW3,0.0061951,0.0061951,0.041984,0.6378000974655151,0.998898148536682,0.4100195467472076
O74471_O42954,0.0039823,0.0039823,0.033486,0.33417725563049316,0.0146913230419158,0.0006636698381043
Q1MTQ9_P27584,0.0032548,0.0032548,0.033514,0.5053747892379761,0.0021731425076723,0.0017186040058732
P40371_Q9P7J8,0.0040148,0.0040148,0.033625,0.3808387219905853,0.998653531074524,0.0331858210265636
P07657_Q9P4W1,0.4009,0.4009,0.37371,0.023514119908213615,0.0023388592526316,0.9749659299850464
O13889_P36613,0.003778,0.003778,0.0338,0.28441160917282104,0.9702250957489014,0.1585874408483505
Q9Y7R3_O13953,0.003282,0.003282,0.035186,0.02352732978761196,0.1442683935165405,0.2230958342552185
O74958_O59945,0.0032396,0.0032396,0.033531,0.2622748613357544,0.0028311845380812,0.015212969854474
O13836_Q10108,0.0037317,0.0037317,0.033615,0.5233047008514404,0.0104098264127969,0.1204683631658554
Q09825_Q10109,0.08264,0.08264,0.041055,0.027463626116514206,0.0012980247847735,0.9478580355644226
Q9USX8_O13916,0.0036534,0.0036534,0.071857,0.2255488932132721,0.001787896733731,0.042874664068222
Q9USY3_Q9URY2,0.0032034,0.0032034,0.033665,0.15613222122192383,0.003051234409213,0.7383127808570862
P05733_Q9Y7J4,0.0035546,0.0035546,0.033664,0.1636391282081604,0.0367897301912307,0.0045428974553942
Q9P7M3_O13916,0.0043119,0.0043119,0.033861,0.005839822348207235,0.0174692943692207,0.0085464231669902
P36618_P0C5Y7,0.003549,0.003549,0.03356,0.41355738043785095,0.0027972762472927,0.0089011341333389
O94707_O74465,0.0034682,0.0034682,0.034535,0.04000808671116829,0.0357875898480415,0.2781438529491424
O94698_O74398,0.003531,0.003531,0.036589,0.1925399899482727,0.021718380972743,0.0308814849704504
O74985_O94717,0.0034035,0.0034035,0.034031,0.25500255823135376,0.0219378359615802,0.425837367773056
Q9HDY7_O14140,0.0034283,0.0034283,0.034866,0.21455103158950806,0.0146864438429474,0.0186080113053321
O74986_Q9Y818,0.031464,0.031464,0.033697,0.34117811918258667,0.0110419811680912,0.0320159718394279
Q9C107_O74555,0.003336,0.003336,0.036809,0.5278742909431458,0.9989987015724182,0.6489129662513733
O43080_Q10430,0.0031903,0.0031903,0.033543,0.25291624665260315,0.0054054944775998,0.0213812459260225
P39964_P87051,0.0038289,0.0038289,0.034785,0.09268226474523544,0.9990664124488832,0.0013634078204631
O94321_Q9Y7Z1,0.0039268,0.0039268,0.034015,0.4199150800704956,0.002508248668164,0.0521270744502544
O42978_O74958,0.0033753,0.0033753,0.033905,0.666838526725769,0.9982841610908508,0.0146029302850365
Q10430_Q10272,0.0032306,0.0032306,0.0336,0.20005391538143158,0.088884636759758,0.1163516044616699
P87174_Q9HFE5,0.0032134,0.0032134,0.033712,0.01618717797100544,0.9987131357192992,0.0031943938229233
O74955_O74311,0.0031257,0.0031257,0.033547,0.18436573445796967,0.0008108758484013,0.0070235915482044
Q9P782_P07527,0.003237,0.003237,0.033538,0.35419631004333496,0.9987539052963256,0.7524438500404358
P56523_Q9USY3,0.0032291,0.0032291,0.033842,0.5501317381858826,0.0035677938722074,0.0134377526119351
O74446_O74518,0.003835,0.003835,0.034084,0.4556359648704529,0.0046339216642081,0.0022672282066196
Q9UUI1_O74311,0.0033704,0.0033704,0.03614,0.8442631363868713,0.0095476992428302,0.0015251217409968
O43120_Q10198,0.0032296,0.0032296,0.03431,0.44631651043891907,0.0038820307236164,0.0835027545690536
P36613_P87050,0.0038419,0.0038419,0.033721,0.48149174451828003,0.9989672899246216,0.4059949815273285
Q9C0Z9_O14229,0.00327,0.00327,0.033917,0.7603117823600769,0.9990780353546144,0.3476512134075165
P87126_P56288,0.0035981,0.0035981,0.033605,0.7209571003913879,0.997714638710022,0.3852439522743225
O94244_P05734,0.2572,0.2572,0.047533,0.003115118248388171,0.9979183077812196,0.9910444021224976
O43080_Q9UTI3,0.0033187,0.0033187,0.033589,0.024732239544391632,0.0018579387106001,0.0025814294349402
P12000_P0CT77,0.0041891,0.0041891,0.034279,0.733745813369751,0.9990122318267822,0.0136933922767639
O14011_Q9P779,0.014368,0.014368,0.034008,0.09711328148841858,0.9984229803085328,0.2971870303153991
O43080_P0CT70,0.0039519,0.0039519,0.033618,0.33787453174591064,0.008827181532979,0.0034171070437878
O13802_Q9P782,0.0032984,0.0032984,0.03376,0.7825186848640442,0.0036331445444375,0.1461869776248932
P36585_O14098,0.0055023,0.0055023,0.03469,0.3636948764324188,0.9615338444709778,0.0065785404294729
O14198_Q9US45,0.0032937,0.0032937,0.034414,0.5339006781578064,0.9989570379257202,0.5552894473075867
O74957_O42667,0.0035382,0.0035382,0.03377,0.018969781696796417,0.0192489977926015,0.127741664648056
O94408_O74791,0.020363,0.020363,0.034685,0.13810068368911743,0.999081254005432,0.0134341744706034
P87312_P05734,0.0032808,0.0032808,0.033742,0.14204302430152893,0.2352794408798217,0.9691244959831238
Q53EK2_O42709,0.0031466,0.0031466,0.033676,0.18474484980106354,0.3766493499279022,0.0543565452098846
O74533_P26306,0.0032685,0.0032685,0.033506,0.2590882182121277,0.9600228071212769,0.0080874962732195
O74957_O42995,0.0031909,0.0031909,0.034093,0.2353951632976532,0.0084308050572872,0.9209986925125122
Q9USL5_O60104,0.0033395,0.0033395,0.033707,0.18561118841171265,0.0263060051947832,0.2590169012546539
O74895_O75001,0.0037102,0.0037102,0.034192,0.13354536890983582,0.3587445318698883,0.0257168188691139
P36595_Q9P7W4,0.0033047,0.0033047,0.04199,0.40193554759025574,0.010683330707252,0.0249093156307935
O94244_Q9USX3,0.0035436,0.0035436,0.049535,0.20177705585956573,0.9987138509750366,0.3107056319713592
Q9Y821_O74804,0.0099796,0.0099796,0.034827,0.21420854330062866,0.0089091472327709,0.8075412511825562
P39964_Q09761,0.0037642,0.0037642,0.034501,0.25445079803466797,0.9989414811134338,0.9730917811393738
O94547_O60129,0.003782,0.003782,0.035962,0.6068704128265381,0.9988905787467957,0.9254737496376038
Q10198_Q10109,0.0038099,0.0038099,0.033505,0.006719601806253195,0.0048274919390678,0.5158297419548035
Q9UT72_Q10295,0.0034329,0.0034329,0.03377,0.03666979447007179,0.0304348412901163,0.0220279768109321
O13684_Q9UUB7,0.15843,0.15843,0.033795,0.21016591787338257,0.9987229704856871,0.9840019941329956
O43080_O74311,0.0032875,0.0032875,0.033972,0.20722466707229614,0.0018907099729403,0.0022159246727824
Q9URY2_P48009,0.019866,0.019866,0.033538,0.14632277190685272,0.0024181145709007,0.9146472811698914
Q09761_Q9US59,0.0033551,0.0033551,0.033912,0.5509563684463501,0.9987620115280152,0.0158421490341424
Q9HGL6_Q9P784,0.0035682,0.0035682,0.035938,0.47565561532974243,0.999061644077301,0.8455159664154053
O13978_O36019,0.0031948,0.0031948,0.033616,0.0113076688721776,0.9990392923355104,0.9116125702857972
Q92462_Q10272,0.0033203,0.0033203,0.034048,0.10893897712230682,0.0172935780137777,0.009155155159533
P05501_P50523,0.047488,0.047488,0.31506,0.33936643600463867,0.9988508224487304,0.914140522480011
O94376_P87323,0.0033023,0.0033023,0.033546,0.2266245186328888,0.0066005657427012,0.0489255487918853
Q9USZ6_P05219,0.0032907,0.0032907,0.033612,0.37894245982170105,0.9986531734466552,0.6061668395996094
O13826_P87176,0.0051126,0.0051126,0.66633,0.12558241188526154,0.9990441203117372,0.9912880063056946
Q10193_Q09772,0.0037189,0.0037189,0.033964,0.0714496523141861,0.9973264932632446,0.0097856828942894
O42932_P41410,0.003341,0.003341,0.03369,0.23897729814052582,0.0068982923403382,0.0028992113657295
O94658_P87174,0.14982,0.14982,0.034879,0.5830755233764648,0.9989891648292542,0.8802698254585266
P54789_Q9Y794,0.054387,0.054387,0.041891,0.02789052203297615,0.0110873589292168,0.4563544988632202
O14388_O74958,0.0056423,0.0056423,0.033832,0.20047058165073395,0.9977036118507384,0.0522481277585029
P05734_P79005,0.0048739,0.0048739,0.035632,0.02852271869778633,0.9972785115242004,0.0363268442451953
O74978_Q9P802,0.0039839,0.0039839,0.035841,0.1718634068965912,0.9984709620475768,0.0049848943017423
Q9Y821_P04551,0.0086466,0.0086466,0.035087,0.8790068030357361,0.9989894032478333,0.0950855016708374
P41887_P04910,0.012861,0.012861,0.033969,0.060217030346393585,0.9983903169631958,0.5003201961517334
Q9P7Q8_O74518,0.0031801,0.0031801,0.033599,0.11206401139497757,0.0020326501689851,0.010130550712347
P04688_Q10343,0.0035372,0.0035372,0.034386,0.09577201306819916,0.0237306803464889,0.0506916418671608
O36023_O74803,0.0034861,0.0034861,0.033635,0.9092010259628296,0.0036260327324271,0.182019293308258
O14010_O14036,0.0032992,0.0032992,0.03382,0.4964674413204193,0.9990567564964294,0.0737408101558685
O13681_P79015,0.0069154,0.0069154,0.037977,0.05199166014790535,0.997674286365509,0.0053672939538955
Q07538_Q9UUA8,0.003353,0.003353,0.033614,0.6159922480583191,0.0161273181438446,0.0809573382139206
O94646_Q9P6Q0,0.42911,0.42911,0.10294,0.33814185857772827,0.9990909099578856,0.957599401473999
P41411_Q6BDR8,0.0032119,0.0032119,0.033617,0.23934350907802582,0.0242176987230777,0.0956475660204887
P32372_P79015,0.0091924,0.0091924,0.039426,0.08284784853458405,0.9975110292434692,0.0045770434662699
O13615_P87309,0.0033119,0.0033119,0.035688,0.08745607733726501,0.0099381869658827,0.0055835302919149
P0CG72_P87174,0.005129,0.005129,0.037681,0.12207091599702835,0.0067463694140315,0.0021744074765592
O13953_Q09772,0.0033366,0.0033366,0.034177,0.542083740234375,0.9987634420394896,0.5333778262138367
Q9UT32_O13286,0.0036522,0.0036522,0.035991,0.01721847988665104,0.9877816438674928,0.0468736588954925
P52822_O13985,0.003648,0.003648,0.034577,0.3007585406303406,0.9960057139396667,0.0018318012589588
P79065_Q9P779,0.036028,0.036028,0.033718,0.03182418644428253,0.9983088970184326,0.8795426487922668
P32390_P87169,0.0033801,0.0033801,0.033537,0.3675272464752197,0.9984843134880066,0.12518310546875
P32586_Q09933,0.0037357,0.0037357,0.034236,0.41878387331962585,0.0251026470214128,0.9165694713592528
Q10585_Q9USV3,0.0031394,0.0031394,0.033496,0.015267549082636833,0.9988824725151062,0.1572401672601699
P26306_P79015,0.0065624,0.0065624,0.033928,0.0020962359849363565,0.9958674907684326,0.0072465818375349
P05764_Q9P7B8,0.0033003,0.0033003,0.033559,0.563534140586853,0.0294439904391765,0.0095900576561689
Q9Y7M4_O13889,0.0049473,0.0049473,0.033721,0.33087703585624695,0.0041710366494953,0.0064073959365487
P32372_Q9P7R9,0.0032778,0.0032778,0.033735,0.26647162437438965,0.9983273148536682,0.1768252849578857
P08090_Q09127,0.0059369,0.0059369,0.036149,0.09128919988870621,0.3583613932132721,0.1017684713006019
Q10113_P79005,0.0034203,0.0034203,0.03475,0.10251624137163162,0.0076281703077256,0.873845636844635
P54789_Q09116,0.0040019,0.0040019,0.033831,0.26523688435554504,0.0028726565651595,0.0137291494756937
P40995_O74910,0.0033027,0.0033027,0.035347,0.25390204787254333,0.0081097474321722,0.3535662889480591
Q9Y7Z1_O74796,0.0034266,0.0034266,0.033597,0.08322487026453018,0.9985612034797668,0.2281040400266647
Q10343_O94326,0.0037211,0.0037211,0.034196,0.10180864483118057,0.0064245956018567,0.0133796501904726
Q9HDX9_Q92366,0.0040114,0.0040114,0.034373,0.4818706214427948,0.9989473223686218,0.0255436692386865
P41412_Q9P7R9,0.0058755,0.0058755,0.03357,0.06696555018424988,0.0089736199006438,0.940835177898407
P87074_O13782,0.0033096,0.0033096,0.033701,0.4060477614402771,0.616186797618866,0.4861097335815429
Q9USZ6_Q9P802,0.0032473,0.0032473,0.033542,0.21634696424007416,0.9981616139411926,0.0318246409296989
O94326_O59703,0.0032649,0.0032649,0.034787,0.34389251470565796,0.0024435319937765,0.0071875071153044
Q10282_O94355,0.0033379,0.0033379,0.033898,0.3365771174430847,0.0572161823511123,0.0820272415876388
Q92352_Q9UUJ1,0.0089225,0.0089225,0.035522,0.25367674231529236,0.99866783618927,0.6935689449310303
Q09116_O14388,0.0034363,0.0034363,0.033453,0.10779326409101486,0.0016658810200169,0.0060583027079701
O74772_O13681,0.0035629,0.0035629,0.035191,0.47270485758781433,0.2025416195392608,0.0063767088577151
Q9P7W4_O13936,0.0032405,0.0032405,0.039587,0.24379365146160126,0.0287144053727388,0.062102273106575
Q92399_Q9UUE5,0.004051,0.004051,0.033638,0.007630032952874899,0.0079395147040486,0.157373622059822
P0CT60_O94272,0.026345,0.026345,0.050842,0.11466279625892639,0.721260666847229,0.0155560430139303
Q12126_Q9Y7M6,0.0033242,0.0033242,0.033442,0.3483250141143799,0.0451490581035614,0.0074355937540531
O74560_O94276,0.0033387,0.0033387,0.034888,0.6029362678527832,0.9986300468444824,0.9818671941757202
O59790_O74515,0.0098987,0.0098987,0.037458,0.06151008605957031,0.9982226490974426,0.2590652406215668
Q1MTQ1_Q06182,0.0036522,0.0036522,0.033647,0.12915536761283875,0.0090498141944408,0.6497920155525208
O14246_O74983,0.0091511,0.0091511,0.033793,0.2097821980714798,0.9697543382644652,0.0111493431031703
O14097_Q9HGL6,0.0034711,0.0034711,0.033754,0.021293310448527336,0.9989174604415894,0.1467864662408828
P0CF96_O74988,0.0033149,0.0033149,0.033527,0.3143382966518402,0.1010188609361648,0.0014247957151383
Q1MTQ9_O42978,0.0035223,0.0035223,0.04168,0.1830490082502365,0.99902081489563,0.0274511631578207
Q10198_Q9Y709,0.0031595,0.0031595,0.033638,0.45699045062065125,0.0200534481555223,0.0051897056400775
O43114_P50523,0.0032517,0.0032517,0.033546,0.14630421996116638,0.0008855285705067,0.000688164611347
O13615_Q9Y7N2,0.0031973,0.0031973,0.036234,0.41430479288101196,0.0223259925842285,0.4389662444591522
P36616_Q10193,0.005705,0.005705,0.035892,0.07802863419055939,0.9984610080718994,0.2676959335803985
Q92352_Q9UUA8,0.0035103,0.0035103,0.03371,0.07050646841526031,0.0135217970237135,0.4803116917610168
P36614_O13953,0.0038615,0.0038615,0.051981,0.05168534815311432,0.9984084963798524,0.2094381898641586
O94687_O59755,0.0038041,0.0038041,0.036268,0.2224159985780716,0.9961676001548768,0.642683207988739
Q53EK2_Q9UTA4,0.0031993,0.0031993,0.033571,0.07344799488782883,0.0108137493953108,0.0018887934274971
P36582_O60150,0.0035138,0.0035138,0.034533,0.42210859060287476,0.985163390636444,0.0177111271768808
P87309_O74555,0.0053256,0.0053256,0.036099,0.47228163480758667,0.0384851731359958,0.003087903605774
Q09763_Q10163,0.0033945,0.0033945,0.033612,0.1890377402305603,0.0013831562828272,0.0035130651667714
O74771_Q92352,0.0031819,0.0031819,0.033653,0.23076680302619934,0.0223144181072711,0.2647493183612823
Q9P7M1_O74978,0.0085119,0.0085119,0.036485,0.22894124686717987,0.9989603757858276,0.8667506575584412
P52822_P10506,0.0035163,0.0035163,0.033583,0.11648869514465332,0.0028577744960784,0.0013948174891993
O42844_Q92366,0.0084556,0.0084556,0.035208,0.3925231099128723,0.9627078771591188,0.0506322309374809
Q09698_Q9UUC6,0.0064751,0.0064751,0.034467,0.0463545061647892,0.9934700727462769,0.0212100949138402
O59755_P87174,0.0038149,0.0038149,0.034226,0.04651511460542679,0.9989449381828308,0.8972390294075012
Q10668_Q9Y7U4,0.0035476,0.0035476,0.034542,0.07974591106176376,0.0843507573008537,0.388616532087326
Q9P784_O94360,0.0034512,0.0034512,0.033573,0.05962805077433586,0.0017773320432752,0.0028074390720576
P87053_P05501,0.0032245,0.0032245,0.035016,0.29423967003822327,0.0006841230788268,0.0004571531608235
Q9P7Q8_Q9P7F9,0.0031964,0.0031964,0.033522,0.0021057152189314365,0.0009731538011692,0.0012294796761125
Q9P7P1_Q9Y738,0.0032927,0.0032927,0.033547,0.39378485083580017,0.9990472197532654,0.7034235596656799
P17937_P41889,0.0033714,0.0033714,0.033731,0.15419866144657135,0.998485028743744,0.0739370435476303
P27638_P87310,0.01224,0.01224,0.033627,0.25616851449012756,0.0068935374729335,0.0381675027310848
O14350_Q09898,0.003203,0.003203,0.033855,0.17327730357646942,0.0203182678669691,0.2394488602876663
O74653_Q01112,0.0098105,0.0098105,0.033843,0.22862128913402557,0.9987499713897704,0.0200569611042737
Q9P784_Q9US45,0.0036139,0.0036139,0.03389,0.1763748675584793,0.9989011287689208,0.0472069419920444
O94722_Q9P7F9,0.11847,0.11847,0.097963,0.38447433710098267,0.0178569480776786,0.9538962841033936
O14011_Q9Y7Z1,0.003278,0.003278,0.034903,0.35939472913742065,0.0226522013545036,0.7967088222503662
O74991_P36616,0.009938,0.009938,0.033826,0.14119435846805573,0.0208236500620841,0.6589033603668213
Q9UTK6_P40848,0.0033321,0.0033321,0.034565,0.023553190752863884,0.0351225957274436,0.4647205770015716
O14010_Q9P4W1,0.0082106,0.0082106,0.033791,0.5731244087219238,0.0236657261848449,0.0013343163300305
P40380_O94717,0.0034501,0.0034501,0.035645,0.1594517081975937,0.9975570440292358,0.8153313398361206
O94687_P14575,0.004841,0.004841,0.033493,0.10026440769433975,0.0055326241999864,0.0021030497737228
Q9Y7Z1_O14021,0.0052827,0.0052827,0.040982,0.6325627565383911,0.9989162683486938,0.975449800491333
Q9P7M3_O14399,0.054325,0.054325,0.56341,0.5101743936538696,0.998777449131012,0.0340258404612541
Q92462_P0CF96,0.0031381,0.0031381,0.033668,0.8407233953475952,0.0096804099157452,0.006028042640537
O42995_O94534,0.0031674,0.0031674,0.038627,0.32425540685653687,0.0086211254820227,0.0281467195600271
P48011_Q9UTA4,0.0040742,0.0040742,0.033611,0.15913131833076477,0.99907124042511,0.0015386341838166
Q9UTS6_Q9UUB5,0.003145,0.003145,0.033752,0.058636728674173355,0.0047451546415686,0.1761837154626846
Q9P7Y4_P78946,0.0033866,0.0033866,0.033609,0.23493248224258423,0.1417282968759536,0.0122414538636803
Q92399_P40377,0.0072204,0.0072204,0.041556,0.46249720454216003,0.0369845926761627,0.0566204525530338
Q10232_P41887,0.0041156,0.0041156,0.057155,0.26950764656066895,0.0387194603681564,0.2335742712020874
Q9UUI1_Q10282,0.0035243,0.0035243,0.044038,0.009001846425235271,0.0068377200514078,0.0031834535766392
O14230_O59680,0.0059395,0.0059395,0.03367,0.14447876811027527,0.0097674438729882,0.0051753409206867
P41412_Q09824,0.0033613,0.0033613,0.036567,0.009071558713912964,0.0152104264125227,0.4948258101940155
P36614_O94376,0.0034204,0.0034204,0.050806,0.17722155153751373,0.9978819489479064,0.0261159967631101
O42709_Q09127,0.0045736,0.0045736,0.036554,0.1788017898797989,0.9990180730819702,0.2047730386257171
O74175_O74895,0.063429,0.063429,0.09939,0.215402752161026,0.9987252354621888,0.9934406876564026
O14180_P79015,0.068985,0.068985,0.19294,0.0032086512073874474,0.9990496039390564,0.8713168501853943
O14021_P40997,0.0033115,0.0033115,0.034807,0.06741426140069962,0.9986300468444824,0.0614022687077522
O74804_Q9UTB6,0.0032759,0.0032759,0.033916,0.3601702153682709,0.0089831016957759,0.4175014495849609
O74718_Q00619,0.0034895,0.0034895,0.033688,0.012703466229140759,0.0046887779608368,0.0021815691143274
O13916_P36614,0.0035511,0.0035511,0.035407,0.030121592804789543,0.0059090321883559,0.0407112091779708
Q10173_P40380,0.0031299,0.0031299,0.033528,0.4779929518699646,0.9981138706207277,0.0858744531869888
P36592_P40984,0.008911,0.008911,0.033716,0.30091074109077454,0.9987560510635376,0.0101316068321466
O94658_O74653,0.0057226,0.0057226,0.033737,0.016724366694688797,0.0103892022743821,0.0320272557437419
O94646_P26306,0.0034646,0.0034646,0.034295,0.010393286123871803,0.9990584254264832,0.3904129564762115
P36601_P78761,0.0075493,0.0075493,0.033552,0.48653191328048706,0.0024262433871626,0.0046611810103058
Q9P784_P40235,0.0038859,0.0038859,0.033503,0.0338968001306057,0.0158437397330999,0.0046178367920219
P08965_P0CT70,0.0066099,0.0066099,0.034025,0.4455529451370239,0.0059402296319603,0.001654625753872
Q874R3_Q9Y7U4,0.003264,0.003264,0.034683,0.3910891115665436,0.9928856492042542,0.0747373923659324
Q09170_P05764,0.0043863,0.0043863,0.033589,0.33154240250587463,0.0030929676722735,0.0014462699182331
P87314_O74531,0.0034884,0.0034884,0.033894,0.09775934368371964,0.0256113670766353,0.0632261037826538
P78761_P30261,0.004113,0.004113,0.033634,0.08561556786298752,0.0139946285635232,0.0068420176394283
Q09916_Q9USV3,0.0033918,0.0033918,0.033587,0.023714948445558548,0.9990589022636414,0.0540419071912765
P07657_O14235,0.0035676,0.0035676,0.033453,0.015323497354984283,0.000754744047299,0.0030278493650257
P79005_P33886,0.0048312,0.0048312,0.034031,0.1851053237915039,0.0046296389773488,0.9341157674789428
P41411_Q9UTA4,0.0034462,0.0034462,0.033698,0.0552523098886013,0.0369562059640884,0.0147310495376586
P87309_O74957,0.0042039,0.0042039,0.034108,0.5998092889785767,0.0145924212411046,0.0682688280940055
P0CT70_O14170,0.010592,0.010592,0.034965,0.23735494911670685,0.0070637818425893,0.0024322636891156
P36592_O13712,0.0034725,0.0034725,0.033809,0.7804520726203918,0.0033954435493797,0.8995808959007263
Q9P7G0_Q09170,0.014483,0.014483,0.034233,0.5177802443504333,0.998878300189972,0.0399704650044441
P41410_P87310,0.0048375,0.0048375,0.033551,0.10233370214700699,0.9979249238967896,0.0121185649186372
O94547_Q9UUC6,0.0065325,0.0065325,0.034794,0.32753732800483704,0.1079195141792297,0.0497690513730049
O74771_Q09170,0.021657,0.021657,0.034059,0.03707151859998703,0.0858438313007354,0.5638391375541687
O13936_Q09824,0.0036502,0.0036502,0.043055,0.05764641612768173,0.0050708749331533,0.031453363597393
P79071_P50582,0.003672,0.003672,0.033746,0.34119534492492676,0.0486993193626403,0.0096811186522245
Q9USJ7_O14140,0.0046056,0.0046056,0.035594,0.40894633531570435,0.9979251623153688,0.8384271860122681
Q09177_O00102,0.0035518,0.0035518,0.056491,0.2503577172756195,0.0073542902246117,0.0027214214205741
O59680_Q9UTI8,0.0036905,0.0036905,0.033757,0.12148910760879517,0.9988583326339722,0.0023561711423099
Q09892_O94534,0.31864,0.31864,0.034909,0.24366411566734314,0.9987542629241944,0.124656967818737
P0CT77_P52822,0.0099595,0.0099595,0.11804,0.18201814591884613,0.9990711212158204,0.9670757055282592
P40377_O60158,0.0033808,0.0033808,0.034732,0.1305311918258667,0.0726522356271743,0.0449686646461486
Q09933_Q92358,0.0036724,0.0036724,0.033537,0.08321806788444519,0.0105414781719446,0.0047108377330005
Q10163_Q09823,0.007203,0.007203,0.033953,0.8138059377670288,0.0061663328669965,0.0036398463416844
O13877_P36622,0.0034572,0.0034572,0.03519,0.058845579624176025,0.0011273269774392,0.00089487695368
O74774_O94376,0.0033843,0.0033843,0.034062,0.16546665132045746,0.9986659288406372,0.0099210301414132
Q9USL5_O74471,0.0039961,0.0039961,0.033502,0.41429775953292847,0.0022146746050566,0.0017476852517575
Q10951_P36583,0.0035549,0.0035549,0.035915,0.6864734888076782,0.2577753663063049,0.4180740714073181
O74555_Q09330,0.0043361,0.0043361,0.036896,0.710594654083252,0.9990293979644777,0.917068898677826
P50530_Q10198,0.0034897,0.0034897,0.033639,0.13892148435115814,0.1491846889257431,0.4783442914485931
P52822_Q09127,0.008199,0.008199,0.045883,0.025730693712830544,0.9990335702896118,0.9784640073776244
Q10103_O60150,0.004264,0.004264,0.034314,0.003292503533884883,0.00537850568071,0.011336674913764
Q9P7V3_P36595,0.0031371,0.0031371,0.033681,0.057688724249601364,0.0023275895509868,0.0247487910091877
O43080_O14010,0.0032135,0.0032135,0.033563,0.4876921772956848,0.0204512700438499,0.935285747051239
O74804_Q10317,0.003361,0.003361,0.033658,0.09987438470125198,0.0014506473671644,0.3821340203285217
O13790_O74536,0.023413,0.023413,0.033973,0.13285262882709503,0.0065534152090549,0.0836307480931282
Q9USZ6_Q9UT72,0.0033528,0.0033528,0.033587,0.02941861003637314,0.9989676475524902,0.0045561832375824
O14021_Q9USL5,0.0033328,0.0033328,0.033887,0.03372734412550926,0.0151308709755539,0.1226694956421852
O13688_O94244,0.0033271,0.0033271,0.062879,0.5294597744941711,0.9988993406295776,0.4263868629932403
Q53EK2_Q11120,0.0031739,0.0031739,0.033518,0.09414715319871902,0.0018633194267749,0.0010875242296606
P79071_Q09772,0.0042697,0.0042697,0.034044,0.5401265621185303,0.7732513546943665,0.0025739057455211
O14021_O74804,0.0037956,0.0037956,0.035208,0.4806603789329529,0.0080978423357009,0.1259042173624038
P04551_P10815,0.024706,0.024706,0.034022,0.3541317880153656,0.999022364616394,0.8075030446052551
Q10316_O74483,0.0039121,0.0039121,0.044561,0.08695728331804276,0.9990658164024352,0.0590094104409217
Q9HDX9_O13836,0.0032655,0.0032655,0.033706,0.5768674612045288,0.0859601348638534,0.0032625521998852
P07334_O60187,0.0034141,0.0034141,0.034007,0.3970358967781067,0.9989062547683716,0.9594551920890808
Q9USM8_O13836,0.0034646,0.0034646,0.034159,0.28702807426452637,0.0039720432832837,0.0968945026397705
P48009_O94309,0.0033103,0.0033103,0.033471,0.13457706570625305,0.0150512652471661,0.1238689124584198
O94658_Q9P7P1,0.0055461,0.0055461,0.039283,0.022471146658062935,0.998598039150238,0.9524457454681396
O14229_O13684,0.0032577,0.0032577,0.033835,0.09074665606021881,0.9988803267478944,0.6794067621231079
Q9UUE5_P41412,0.0087058,0.0087058,0.033803,0.353243350982666,0.0476068556308746,0.9654529094696044
Q9HGL8_P27638,0.0048177,0.0048177,0.033487,0.5390156507492065,0.0616228990256786,0.0011157405097037
P26306_Q12381,0.0031703,0.0031703,0.033685,0.5272656083106995,0.0500112473964691,0.3350426256656647
Q1MTQ9_P36592,0.0032822,0.0032822,0.033633,0.6788092255592346,0.9989506006240844,0.0491292774677276
O13684_O60129,0.003251,0.003251,0.033722,0.06840072572231293,0.0278804134577512,0.7985597848892212
P10815_O42667,0.0032738,0.0032738,0.033803,0.10850012302398682,0.0033526897896081,0.1485037505626678
P87324_Q9Y7Z1,0.0033994,0.0033994,0.033728,0.3906386196613312,0.9989631175994872,0.9402520060539246
Q09116_P04688,0.0038664,0.0038664,0.033523,0.5129545331001282,0.0062438892200589,0.0119463931769132
Q10134_Q10099,0.0034794,0.0034794,0.037016,0.22629958391189575,0.9880992770195008,0.2147061675786972
P36618_P0CT60,0.0031335,0.0031335,0.033541,0.3146372437477112,0.0017953943461179,0.0096984058618545
O74465_P10815,0.0032717,0.0032717,0.034212,0.06187346205115318,0.020146096125245,0.2967330813407898
P36622_O14036,0.0033636,0.0033636,0.034855,0.29433539509773254,0.0010052099823951,0.0024424351286143
O94717_Q9USL5,0.0034915,0.0034915,0.033636,0.37426209449768066,0.085787259042263,0.0487164668738842
Q0E7J7_O74978,0.0071953,0.0071953,0.040352,0.24211011826992035,0.0049020079895854,0.0147897768765687
O14230_Q9UTP0,0.0031858,0.0031858,0.033583,0.3610188364982605,0.0023513953201472,0.006110044196248
P14575_Q9P7A0,0.004095,0.004095,0.033512,0.35855481028556824,0.0011533019132912,0.0006361184641718
O94616_Q10430,0.0031546,0.0031546,0.033685,0.464634507894516,0.0447716452181339,0.011722907423973
P78761_Q9P7T4,0.0039165,0.0039165,0.033618,0.007706433068960905,0.0081748776137828,0.0365619733929634
O74518_P07334,0.0034352,0.0034352,0.033617,0.16176412999629974,0.9907835721969604,0.3272778391838074
P78963_Q9USL5,0.0043508,0.0043508,0.033562,0.06186729297041893,0.0042583984322845,0.1200399696826934
Q10430_O42661,0.0033126,0.0033126,0.033708,0.384050577878952,0.0560651719570159,0.0412548221647739
P41412_P87051,0.0032438,0.0032438,0.041391,0.1408098042011261,0.0101773310452699,0.0006491167587228
O94581_Q07538,0.012478,0.012478,0.033664,0.35037457942962646,0.0048500997945666,0.0043458137661218
O13684_P0CT60,0.0037541,0.0037541,0.036004,0.217680424451828,0.0111684370785951,0.0033797393552958
O74790_O00102,0.0040645,0.0040645,0.033747,0.12313652783632278,0.0363870970904827,0.0037491468247026
Q09717_Q9Y7N2,0.0032024,0.0032024,0.033899,0.4576658308506012,0.0030968424398452,0.0758585110306739
Q9HGQ3_Q9Y7U4,0.0032965,0.0032965,0.042917,0.1717466115951538,0.0135041251778602,0.0008190501248463
Q9Y7R3_P78963,0.003492,0.003492,0.033769,0.582831621170044,0.0024628865066915,0.3085781633853912
Q10429_Q9US52,0.0031263,0.0031263,0.033594,0.02128015086054802,0.0060847736895084,0.0033121141605079
P87309_Q92358,0.0045543,0.0045543,0.033645,0.16118915379047394,0.0724269822239875,0.4770419001579284
Q9Y7U4_P0CT77,0.012891,0.012891,0.037327,0.3688909411430359,0.9989907145500184,0.0117218205705285
Q4PIR3_O59755,0.0053102,0.0053102,0.033905,0.33923476934432983,0.9988762736320496,0.9554632306098938
Q9UTR8_P32372,0.0033922,0.0033922,0.034408,0.1535358875989914,0.9985687732696532,0.9104878902435304
O14229_Q9UTA4,0.0034495,0.0034495,0.034009,0.24906882643699646,0.9989877343177797,0.0522331148386001
Q03392_O74399,0.0032834,0.0032834,0.034481,0.31704291701316833,0.998816967010498,0.0062942430377006
O14122_P04551,0.12304,0.12304,0.034173,0.09767962247133255,0.9984800219535828,0.0637369230389595
Q9USH1_O94698,0.0032292,0.0032292,0.033854,0.32835859060287476,0.999056041240692,0.0310336854308843
P36614_P27638,0.22739,0.22739,0.048139,0.021642623469233513,0.9988415837287904,0.3294233679771423
Q10218_O74560,0.0033472,0.0033472,0.034263,0.03051172010600567,0.2164548635482788,0.8895670771598816
Q9HGL6_Q09772,0.0033048,0.0033048,0.033717,0.08908689022064209,0.9985344409942628,0.0092274351045489
Q9USR7_P56288,0.0033108,0.0033108,0.033601,0.03262801468372345,0.0010469247354194,0.0473583415150642
Q9HGL8_P87323,0.0050885,0.0050885,0.033684,0.16982267796993256,0.002363117178902,0.0031837318092584
O14327_Q10193,0.022138,0.022138,0.20949,0.07954400032758713,0.0227145608514547,0.8703490495681763
P40984_O43036,0.0037394,0.0037394,0.03347,0.5529237389564514,0.995977222919464,0.0005477381637319
Q9Y818_O94698,0.0263,0.0263,0.043201,0.48229506611824036,0.0393071398138999,0.0054786796681582
P40381_P87245,0.0034044,0.0034044,0.033802,0.024035686627030373,0.0023156339302659,0.0157905258238315
P87310_P36585,0.0039676,0.0039676,0.03391,0.24138717353343964,0.9990444779396056,0.0221651941537857
Q10343_Q9P7Q8,0.0034866,0.0034866,0.033779,0.17277035117149353,0.0041413004510104,0.0102840680629014
Q9URY0_O94534,0.0040347,0.0040347,0.044067,0.21467186510562897,0.9888113737106324,0.8359148502349854
P87126_O36023,0.0033241,0.0033241,0.033655,0.07445588707923889,0.0021158494055271,0.0162126570940017
O74771_Q07538,0.086246,0.086246,0.033816,0.30796724557876587,0.9989699125289916,0.9826756715774536
O94722_P87314,0.0040574,0.0040574,0.035419,0.33226966857910156,0.0011906225699931,0.000900694692973
Q9P4W1_P42656,0.15168,0.15168,0.033799,0.05023828148841858,0.0070310141891241,0.0039888592436909
O36027_P78794,0.0033341,0.0033341,0.034048,0.01871146447956562,0.0056312419474124,0.4405862092971802
O14180_P78972,0.0036291,0.0036291,0.042112,0.22085769474506378,0.128884881734848,0.1329753100872039
P40380_Q9UTE6,0.0045957,0.0045957,0.034894,0.0064824167639017105,0.356538861989975,0.0371407754719257
Q9UTA4_Q9P7V3,0.0034,0.0034,0.033741,0.02977936901152134,0.0026057914365082,0.0131021933630108
Q09819_Q09191,0.0037229,0.0037229,0.03401,0.006959526799619198,0.0052548917010426,0.0113949812948703
P87306_O14098,0.0033119,0.0033119,0.036009,0.3378532826900482,0.9989487528800964,0.4835694134235382
O60187_Q9UUB5,0.0046801,0.0046801,0.03386,0.3810614049434662,0.9988613128662108,0.0660321041941642
P08647_O94272,0.0062944,0.0062944,0.8478,0.0040345946326851845,0.0016105874674394,0.0082212518900632
Q10668_P87310,0.0035999,0.0035999,0.03365,0.2453061193227768,0.9989871382713318,0.0914207771420478
O94408_Q9UTR8,0.011803,0.011803,0.033621,0.20324750244617462,0.9990002512931824,0.0262245908379554
Q9UTR8_P05767,0.010641,0.010641,0.047943,0.0313129723072052,0.998874008655548,0.0712443515658378
P50530_O94603,0.0033351,0.0033351,0.036009,0.5319032073020935,0.1974612921476364,0.7010698318481445
Q9Y818_O74991,0.0043691,0.0043691,0.1725,0.07547857612371445,0.4800869822502136,0.0110942106693983
O74184_O74774,0.0032083,0.0032083,0.040591,0.24653993546962738,0.4970178604125976,0.0100026996806263
O42978_Q9P7B7,0.004214,0.004214,0.092457,0.07202844321727753,0.998839557170868,0.0074856742285192
P56286_O42975,0.0033894,0.0033894,0.03384,0.06497997045516968,0.9988196492195128,0.0177989527583122
Q10198_P50528,0.0043262,0.0043262,0.033632,0.2955878973007202,0.9984795451164246,0.9224687814712524
P87310_Q9P7Y4,0.0038411,0.0038411,0.034068,0.3803575038909912,0.9990252256393432,0.2988820970058441
P87309_Q9UUE5,0.0031692,0.0031692,0.034837,0.10837404429912567,0.0101425498723983,0.9551423192024232
O74517_Q10272,0.003276,0.003276,0.035797,0.043100494891405106,0.0519664920866489,0.3291644752025604
Q9UT32_P79005,0.0035134,0.0035134,0.035398,0.3635925352573395,0.998917818069458,0.2630158066749573
Q10317_Q10430,0.0033895,0.0033895,0.03368,0.12110468745231628,0.9989203214645386,0.5744835734367371
P87159_O14097,0.020667,0.020667,0.034447,0.10067976266145706,0.0253755506128072,0.8290450572967529
P0CT60_P40372,0.12015,0.12015,0.53974,0.27985382080078125,0.9989970326423644,0.9867961406707764
O42991_O42954,0.0050713,0.0050713,0.033609,0.2181481570005417,0.0218178629875183,0.0136285508051514
Q9Y7L8_Q10353,0.0092629,0.0092629,0.058774,0.03919536620378494,0.9915704727172852,0.8704860806465149
O13672_O74978,0.0060202,0.0060202,0.045375,0.3502245545387268,0.9990001320838928,0.9919559955596924
Q9P7G0_Q9Y709,0.0038221,0.0038221,0.034231,0.21102912724018097,0.0222041439265012,0.0024015055969357
O74517_Q10322,0.0034612,0.0034612,0.035102,0.1324179768562317,0.9971001744270324,0.5661966800689697
O59702_P87050,0.028636,0.028636,0.034613,0.8208441138267517,0.0085677150636911,0.0165177080780267
O14350_Q10951,0.0032262,0.0032262,0.03891,0.009449710138142109,0.9986503720283508,0.965335249900818
P52822_Q9USU3,0.0034828,0.0034828,0.033671,0.5049942135810852,0.0039217392913997,0.0066259587183594
Q9UUA8_O14339,0.0035447,0.0035447,0.033546,0.35818448662757874,0.998493194580078,0.013243356719613
Q10295_Q1MTN3,0.0035671,0.0035671,0.033867,0.05532294884324074,0.8774552941322327,0.5623376965522766
O94423_Q9UTI3,0.0034902,0.0034902,0.053124,0.2805320918560028,0.0137465158477425,0.359699934720993
O14388_Q9P7W4,0.0037658,0.0037658,0.034851,0.6705769896507263,0.1746450364589691,0.0215635765343904
Q10099_Q1MTN3,0.004149,0.004149,0.042096,0.1501149833202362,0.5134555101394653,0.4150913655757904
P12000_Q9UTK6,0.0033226,0.0033226,0.034483,0.2301136702299118,0.9986446499824524,0.1315153539180755
Q9Y7Z1_P36622,0.0034548,0.0034548,0.034082,0.00685673113912344,0.0018170685507357,0.0055498485453426
P04688_P36625,0.0036228,0.0036228,0.034416,0.45750078558921814,0.0350574925541877,0.0154644455760717
O13672_O42832,0.0062391,0.0062391,0.085209,0.20086942613124847,0.99875009059906,0.9955850839614868
O14318_O59800,0.0042327,0.0042327,0.034141,0.1688321977853775,0.0118474643677473,0.9070850014686584
O14417_O94698,0.0031588,0.0031588,0.033722,0.22566045820713043,0.0830898582935333,0.0299703944474458
P40377_Q09819,0.0036738,0.0036738,0.046668,0.006553302984684706,0.0369477607309818,0.0170061979442834
Q9HGL8_P10989,0.0033933,0.0033933,0.03422,0.18719741702079773,0.0205905511975288,0.0028737315442413
Q9HGL8_Q96TL7,0.0055331,0.0055331,0.039373,0.3214934766292572,0.0615545958280563,0.0042702960781753
P40984_Q9P7V3,0.0036633,0.0036633,0.033493,0.17127414047718048,0.0033438806422054,0.002009478630498
P48011_Q9UUA8,0.0032416,0.0032416,0.033538,0.18522991240024567,0.0038023965898901,0.0028200249653309
Q9Y7J4_P87215,0.0032714,0.0032714,0.037176,0.08639232069253922,0.0212959218770265,0.0162668284028768
O13985_P50527,0.0043154,0.0043154,0.035316,0.0519288145005703,0.0109021421521902,0.9425755143165588
P36618_P41410,0.0034359,0.0034359,0.034016,0.14267292618751526,0.0057497168891131,0.0646684542298317
O74718_Q9P7Q8,0.0040214,0.0040214,0.033905,0.03336048871278763,0.002200010465458,0.0975493341684341
Q1MTQ1_O60158,0.0033688,0.0033688,0.033697,0.16194815933704376,0.0261983145028352,0.9766705632209778
O14036_O13852,0.0031736,0.0031736,0.03444,0.7166563868522644,0.0047861346974968,0.0055551514960825
O14079_Q9UTS6,0.0031282,0.0031282,0.033571,0.5013402700424194,0.997849941253662,0.0511382147669792
O74771_Q12381,0.019874,0.019874,0.033673,0.2767191529273987,0.0076188882812857,0.2559666931629181
O14235_Q9UTI3,0.0031569,0.0031569,0.033684,0.6685152649879456,0.0031699363607913,0.2268852889537811
P36622_O14339,0.0036886,0.0036886,0.034029,0.04231705516576767,0.0016572807217016,0.002739448333159
P36613_Q9USY3,0.0035216,0.0035216,0.034476,0.5455209612846375,0.0157837755978107,0.9471226930618286
Q9USZ6_O43036,0.0031855,0.0031855,0.034006,0.07040329277515411,0.9989966750144958,0.0305208917707204
O14010_Q9Y738,0.013518,0.013518,0.034446,0.3912489116191864,0.9990886449813844,0.9818504452705384
Q9UTA4_Q9Y7U4,0.0034246,0.0034246,0.035172,0.18587049841880798,0.0292502082884311,0.0054795341566205
Q9US45_Q9Y7N2,0.01142,0.01142,0.077652,0.14164848625659943,0.9990527033805848,0.6245712041854858
O74518_P09322,0.0032784,0.0032784,0.033609,0.09998083114624023,0.9958218336105348,0.0029067611321806
O94609_P0CH07,0.0084209,0.0084209,0.14981,0.463265597820282,0.9990594983100892,0.9723485112190248
Q9HFE5_P56287,0.0037757,0.0037757,0.033619,0.10047484934329987,0.0163071975111961,0.0183243844658136
Q10429_O13728,0.0062091,0.0062091,0.033711,0.39821743965148926,0.0030070494394749,0.0724862515926361
Q9URY0_O43071,0.0041555,0.0041555,0.1079,0.28799310326576233,0.0526947490870952,0.8631848096847534
P87310_P78929,0.0033416,0.0033416,0.033916,0.16832450032234192,0.9989221096038818,0.0552497394382953
P08092_P08965,0.0038087,0.0038087,0.034351,0.2655598521232605,0.9990009665489196,0.995981216430664
P40995_Q10428,0.0046086,0.0046086,0.034862,0.44142577052116394,0.0038607218302786,0.886572003364563
O42905_Q96WW3,0.0053461,0.0053461,0.034381,0.37055304646492004,0.9980081915855408,0.7558097243309021
P87169_Q09717,0.0033222,0.0033222,0.033553,0.27420005202293396,0.9990311861038208,0.0486890822649002
P36601_Q9UTS6,0.003175,0.003175,0.033595,0.16015535593032837,0.0010068061528727,0.0340517088770866
O59790_Q02088,0.050546,0.050546,0.033613,0.09315952658653259,0.0452089719474315,0.0399080105125904
O94408_Q10317,0.0058644,0.0058644,0.036295,0.4850572943687439,0.9987939596176147,0.0070242630317807
O74511_P40371,0.0036082,0.0036082,0.034536,0.21048544347286224,0.0143416067585349,0.0127485552802681
Q10428_O13916,0.0037535,0.0037535,0.034676,0.13580389320850372,0.0037089444231241,0.1410464942455291
O74796_P40371,0.0032491,0.0032491,0.033517,0.020834103226661682,0.0018416562816128,0.0406180322170257
Q9Y7L8_O75011,0.0035827,0.0035827,0.033813,0.03142094239592552,0.0037156189791858,0.0108940582722425
O74747_P12000,0.004128,0.004128,0.034111,0.06177332624793053,0.9990116357803344,0.7369439601898193
O74533_O13953,0.0035706,0.0035706,0.040037,0.6202872395515442,0.6081420183181763,0.0277456641197204
P87306_Q9P7Y4,0.00417,0.00417,0.054001,0.4948619604110718,0.9989532232284546,0.9806568026542664
O36027_Q9Y821,0.0032085,0.0032085,0.033921,0.3338283896446228,0.9990235567092896,0.1801231950521469
O94658_P0CF96,0.009339,0.009339,0.034426,0.047470539808273315,0.9989686012268066,0.0196342449635267
Q09882_Q874R3,0.0031759,0.0031759,0.03449,0.10710928589105606,0.0032608590554445,0.0051610157825052
P41887_Q10169,0.0039269,0.0039269,0.044933,0.011292081326246262,0.0531335584819316,0.0141336172819137
Q92366_P78761,0.0044061,0.0044061,0.03385,0.43868112564086914,0.9989427924156188,0.5306537747383118
P78953_Q9P4W1,0.006762,0.006762,0.0338,0.5393519401550293,0.0040165013633668,0.0007080352515913
P26306_O60104,0.0032462,0.0032462,0.033827,0.18817418813705444,0.99893718957901,0.0960490107536315
Q10585_O94321,0.0031747,0.0031747,0.033597,0.0881720781326294,0.0021205281373113,0.1790569126605987
O43071_P39964,0.0037163,0.0037163,0.048575,0.36163458228111267,0.9736980199813844,0.913962185382843
O36023_O94687,0.0033947,0.0033947,0.033786,0.48251843452453613,0.001563680707477,0.1030971109867096
O14079_P32372,0.0040276,0.0040276,0.034289,0.14411425590515137,0.9988928437232972,0.9893471002578736
P33886_Q9Y7R3,0.0032702,0.0032702,0.033847,0.3260575830936432,0.0031252896878868,0.8564811944961548
P50527_Q9P4W1,0.012294,0.012294,0.033617,0.395367830991745,0.0012657238403335,0.0003898096620105
Q12126_P05767,0.0050082,0.0050082,0.033904,0.047001030296087265,0.0253789853304624,0.0579200163483619
O13684_Q9UUB5,0.0062579,0.0062579,0.033708,0.007346212863922119,0.9984025359153748,0.8185365200042725
P05501_Q9USZ6,0.0033084,0.0033084,0.033574,0.14776882529258728,0.0028465075884014,0.0032891707960516
P36614_Q10163,0.0034677,0.0034677,0.039056,0.016382111236453056,0.9715434312820436,0.0165553260594606
Q9P7T4_Q9UUM2,0.0037271,0.0037271,0.05688,0.11888057738542557,0.9980846643447876,0.8949750065803528
O94316_P40384,0.0032014,0.0032014,0.033721,0.39411264657974243,0.9989450573921204,0.0040996936149895
Q1MTN3_Q53EK2,0.0031925,0.0031925,0.033593,0.1591840386390686,0.4370139241218567,0.104740060865879
P36625_Q9P7X1,0.0035439,0.0035439,0.033579,0.32227572798728943,0.0009535222197882,0.0020554936490952
P87123_Q9USX3,0.0044153,0.0044153,0.051014,0.720129132270813,0.99897301197052,0.0161295793950557
P41887_P78972,0.0033727,0.0033727,0.034973,0.03745637461543083,0.0182038210332393,0.0320513546466827
O13889_O74465,0.0035432,0.0035432,0.033981,0.6321733593940735,0.0200054571032524,0.8618492484092712
O13688_Q9P7M1,0.0033863,0.0033863,0.036142,0.40016472339630127,0.9989153146743774,0.985439956188202
Q9USX8_P0CT68,0.0033982,0.0033982,0.033711,0.22263024747371674,0.0027271227445453,0.0271716117858886
O14343_O59793,0.0032103,0.0032103,0.033846,0.03517601266503334,0.0073660346679389,0.9939653277397156
Q9US45_P36582,0.0037521,0.0037521,0.034061,0.3638853430747986,0.0013325320323929,0.0140924043953418
O14327_Q09177,0.0033288,0.0033288,0.18451,0.4101063013076782,0.0033461095299571,0.0076571488752961
Q9Y738_Q9USP9,0.0032853,0.0032853,0.033535,0.4299766421318054,0.998542308807373,0.1538546681404113
Q92462_Q03392,0.0037258,0.0037258,0.034273,0.2572382688522339,0.0039897798560559,0.0144029054790735
P50527_P32372,0.0034586,0.0034586,0.03368,0.36026811599731445,0.0124289747327566,0.9424437284469604
P10651_Q09177,0.034797,0.034797,0.048851,0.37936151027679443,0.998669981956482,0.0080789551138877
O13953_Q09906,0.0033079,0.0033079,0.033536,0.023826858028769493,0.0030742865055799,0.0259727295488119
P30261_O74560,0.0033324,0.0033324,0.037268,0.7450271844863892,0.997938334941864,0.9808019995689392
O13370_Q9P6Q0,0.0048174,0.0048174,0.033741,0.6064397096633911,0.9990548491477966,0.0105348797515034
O94316_P78794,0.0038994,0.0038994,0.035494,0.05307059362530708,0.9985468983650208,0.3415344655513763
P40371_Q9HGQ3,0.0033431,0.0033431,0.033689,0.05592210218310356,0.0046677980571985,0.0030618514865636
O13310_P78963,0.003636,0.003636,0.03364,0.028842002153396606,0.0011525138979777,0.0204443335533142
Q9USP9_O74895,0.0037259,0.0037259,0.035188,0.06206601485610008,0.0340756736695766,0.6357531547546387
Q09196_Q1MTQ1,0.0033136,0.0033136,0.034708,0.37604570388793945,0.0045937523245811,0.0056917164474725
O13978_Q92462,0.0032377,0.0032377,0.033517,0.6117233037948608,0.001303689321503,0.0562250725924968
O13826_P36595,0.003562,0.003562,0.034675,0.12597714364528656,0.9989713430404664,0.0501257665455341
Q09154_O74904,0.0049501,0.0049501,0.033607,0.005877016577869654,0.0236751865595579,0.4893517792224884
O14021_Q09760,0.0039504,0.0039504,0.040381,0.5103158354759216,0.0023984424769878,0.0052109570242464
Q10322_Q9USR7,0.003176,0.003176,0.035579,0.07257088273763657,0.0099623464047908,0.0348679721355438
P07657_P79071,0.0033804,0.0033804,0.033676,0.06552360206842422,0.0008682953193783,0.0035912487655878
P87312_P56288,0.0032965,0.0032965,0.033518,0.3407667279243469,0.0085210381075739,0.0975798815488815
Q9UT86_P32390,0.0032681,0.0032681,0.034585,0.06079636141657829,0.1889388710260391,0.0020217502024024
Q9P7X1_O14350,0.0034689,0.0034689,0.033591,0.3331185579299927,0.0017189657082781,0.0131918424740433
Q9USJ7_Q10192,0.0033988,0.0033988,0.033839,0.6986725330352783,0.0328821837902069,0.8761792778968811
O14010_Q10173,0.027585,0.027585,0.033681,0.3302943706512451,0.9990793466567992,0.2167197614908218
Q10316_Q09170,0.0034626,0.0034626,0.033786,0.15359196066856384,0.0095393881201744,0.0755803734064102
Q9P6R1_Q9Y794,0.0042892,0.0042892,0.03404,0.6494607925415039,0.0017175547545775,0.0582025200128555
Q9P3B2_O74790,0.0038122,0.0038122,0.033529,0.017222555354237556,0.0128394532948732,0.0750216171145439
Q9UT46_O74791,0.0036086,0.0036086,0.033779,0.41664811968803406,0.0020309870596975,0.5084683299064636
O74398_P41412,0.0035405,0.0035405,0.034766,0.21848301589488983,0.0072153159417212,0.9083455801010132
O74483_Q9Y7M4,0.13638,0.13638,0.76747,0.013787698931992054,0.9991036057472228,0.9980201721191406
O43071_P87215,0.0052852,0.0052852,0.034533,0.23407532274723053,0.0268940962851047,0.1212951242923736
O94444_Q9Y7M6,0.0031343,0.0031343,0.033535,0.08880241215229034,0.9983826875686646,0.0175890494138002
Q09898_P40381,0.0040148,0.0040148,0.035952,0.12971660494804382,0.1024092435836792,0.130440205335617
Q9P7R9_P46595,0.0040771,0.0040771,0.035759,0.28087174892425537,0.0083847697824239,0.0008570905192755
P40371_Q9US59,0.0034709,0.0034709,0.034465,0.014652036130428314,0.0108763091266155,0.2017098665237426
P27638_O14140,0.06599,0.06599,0.0352,0.2771967947483063,0.0406933911144733,0.7892776131629944
P87324_Q1MTQ9,0.0034555,0.0034555,0.033663,0.33946681022644043,0.9990131855010986,0.0106087736785411
O74895_Q9P784,0.013978,0.013978,0.27008,0.5707857608795166,0.9989314675331116,0.9960206151008606
P78946_O59800,0.0074442,0.0074442,0.040542,0.12097373604774475,0.9986456036567688,0.0303397569805383
P27584_Q9P7B7,0.0032411,0.0032411,0.03363,0.6352334022521973,0.0037277033552527,0.0018097518477588
Q10432_Q9P7A0,0.31111,0.31111,0.045865,0.45562508702278137,0.0123055027797818,0.6578797698020935
O36027_O74483,0.0033083,0.0033083,0.034791,0.1429382562637329,0.9989659786224364,0.006597492378205
O94684_Q10159,0.0032954,0.0032954,0.033623,0.11952139437198639,0.0130504593253135,0.1812118738889694
O94285_O74803,0.0041593,0.0041593,0.034618,0.08118633180856705,0.9980435371398926,0.1018539145588874
Q10271_Q9P3B2,0.015289,0.015289,0.033591,0.05737961828708649,0.0019041608320549,0.0027298657223582
O60187_P78946,0.0051102,0.0051102,0.033994,0.4797557592391968,0.0099219810217618,0.0061266240663826
P40235_O42905,0.0034229,0.0034229,0.035829,0.23478707671165466,0.9990459084510804,0.7156474590301514
P79005_Q9UUE5,0.0037728,0.0037728,0.035078,0.5045021772384644,0.9823302030563354,0.978845715522766
Q09823_Q9UUJ4,0.0033699,0.0033699,0.03503,0.4088626801967621,0.921383798122406,0.9545497298240662
P36582_Q9P802,0.0038972,0.0038972,0.033698,0.5404829382896423,0.0140304677188396,0.0451663583517074
Q9P3B2_P41412,0.0033455,0.0033455,0.033498,0.09083672612905502,0.0034480646718293,0.001433893921785
P87309_P36622,0.0032453,0.0032453,0.034565,0.42393821477890015,0.0035223304294049,0.7666093707084656
O94316_Q09824,0.0034411,0.0034411,0.034881,0.05912118777632713,0.9986242055892944,0.0186069719493389
O42975_P87312,0.094609,0.094609,0.035651,0.3365025818347931,0.0806834399700164,0.98909330368042
O13836_O60164,0.0035276,0.0035276,0.034522,0.23738637566566467,0.9987208247184752,0.0094307819381356
Q96TL7_O94534,0.003241,0.003241,0.037448,0.011915521696209908,0.4506474733352661,0.7674611806869507
O14459_Q92399,0.016074,0.016074,0.14833,0.27337509393692017,0.9990748167037964,0.1018285602331161
O74985_O14170,0.0040478,0.0040478,0.033603,0.23762370645999908,0.0051525812596082,0.5044795870780945
O74804_Q9Y7J4,0.003302,0.003302,0.034091,0.012543538585305214,0.0083655146881937,0.0444080829620361
O13802_Q9C107,0.0038981,0.0038981,0.040078,0.5042710304260254,0.9984669089317322,0.9610580801963806
P39964_P79063,0.0034066,0.0034066,0.033741,0.3971444368362427,0.1355312168598175,0.0371714532375335
Q09127_P87231,0.0035573,0.0035573,0.033737,0.044265251606702805,0.8432252407073975,0.0196744818240404
Q4PIR3_P50524,0.003256,0.003256,0.033993,0.13969941437244415,0.999062955379486,0.2126771509647369
P36625_O74736,0.0049571,0.0049571,0.033732,0.4127989411354065,0.9990257024765016,0.9863716959953308
P36601_Q03392,0.0035647,0.0035647,0.033832,0.1734725534915924,0.0162453241646289,0.5062469244003296
O74184_P50530,0.0058733,0.0058733,0.042831,0.1993982195854187,0.4008685052394867,0.0185803286731243
O94423_P05764,0.0040601,0.0040601,0.033596,0.4469618797302246,0.0371859297156333,0.0017641505692154
P78774_Q9P7M1,0.0032163,0.0032163,0.034456,0.4099698066711426,0.0180049650371074,0.8218936920166016
Q9P7Y4_Q9Y821,0.0061936,0.0061936,0.035248,0.051847074180841446,0.998967170715332,0.978033721446991
O74978_O43080,0.0032658,0.0032658,0.033615,0.13501161336898804,0.0107644153758883,0.0297296177595853
Q9UST6_O94609,0.0033405,0.0033405,0.033873,0.16718456149101257,0.998952865600586,0.0269602220505476
P0CT77_O59680,0.0042955,0.0042955,0.033712,0.3634863495826721,0.9989412426948548,0.0062167537398636
O60187_P40372,0.0051898,0.0051898,0.035218,0.1557602435350418,0.0040459325537085,0.0064995354041457
O13816_Q09823,0.0034853,0.0034853,0.044199,0.06475917994976044,0.4873110651969909,0.9778237342834472
O94534_P36613,0.003191,0.003191,0.033788,0.02241169661283493,0.1171545088291168,0.4615230560302734
O94476_P0CT60,0.0032316,0.0032316,0.035481,0.3023645281791687,0.0146126830950379,0.5629899501800537
O36019_O74555,0.0035479,0.0035479,0.034026,0.032728660851716995,0.9977657794952391,0.2606479525566101
O74985_O14327,0.0035826,0.0035826,0.033613,0.2827451527118683,0.0142981000244617,0.0022353308741003
Q9UUM2_P28748,0.005315,0.005315,0.033694,0.19357918202877045,0.0454928986728191,0.4756531715393066
O74560_Q9US52,0.003209,0.003209,0.03374,0.113691546022892,0.5298165082931519,0.9226880073547364
O14180_P78946,0.045932,0.045932,0.077128,0.22900807857513428,0.9990416169166564,0.9591928720474244
Q96WW3_O94722,0.0093797,0.0093797,0.037348,0.48346415162086487,0.0005689082317985,0.0013669533655047
Q9USV1_Q09819,0.0039038,0.0039038,0.04358,0.3132418394088745,0.9985892176628112,0.9229925870895386
O74986_Q9UTR8,0.0037654,0.0037654,0.035673,0.02018711157143116,0.9989277720451356,0.9494101405143738
Q92358_O14399,0.0032102,0.0032102,0.033476,0.10444150865077972,0.0033345527481287,0.0041899941861629
O13790_Q9Y709,0.0032168,0.0032168,0.033774,0.1977969855070114,0.99905127286911,0.9012545347213744
O74560_P40371,0.0032045,0.0032045,0.033684,0.10783443599939346,0.0035370187833905,0.0214275456964969
P28748_Q9UST6,0.0036228,0.0036228,0.033547,0.0012851940700784326,0.0017850801814347,0.0115709034726023
Q9Y7Z7_Q9USV3,0.0031707,0.0031707,0.033608,0.20575419068336487,0.0855384618043899,0.0155565468594431
O74555_Q9USX8,0.0034728,0.0034728,0.036459,0.10311169177293777,0.2286294847726822,0.1988627612590789
P32586_P78946,0.0066913,0.0066913,0.033886,0.023964164778590202,0.0036648989189416,0.0042307274416089
P79063_Q06182,0.0033897,0.0033897,0.03352,0.14266449213027954,0.9989826083183287,0.8723536729812622
P41889_P0CH07,0.0047777,0.0047777,0.03481,0.09960651397705078,0.0036188887897878,0.0046769585460424
Q10113_O13712,0.0036563,0.0036563,0.034121,0.10234833508729935,0.0022536939941346,0.2186680436134338
Q10317_Q9P7Y4,0.0037329,0.0037329,0.034171,0.06578462570905685,0.998921275138855,0.655269205570221
P41889_Q10430,0.0037623,0.0037623,0.033529,0.18080031871795654,0.0261423513293266,0.0922865867614746
O59793_P40381,0.0038246,0.0038246,0.035483,0.4741777181625366,0.9990412592887878,0.4155226945877075
P78789_Q10343,0.0051554,0.0051554,0.034456,0.2558414936065674,0.9986026883125304,0.5858590602874756
Q9P805_Q9USY3,0.0034255,0.0034255,0.034422,0.005266354884952307,0.0498475953936576,0.367047369480133
P50527_O13615,0.0042605,0.0042605,0.036934,0.1720656156539917,0.0094436192885041,0.0412322431802749
O74399_Q09116,0.0032501,0.0032501,0.033609,0.48719096183776855,0.0025411639362573,0.001460013911128
O74966_Q9UUC6,0.16756,0.16756,0.77735,0.033630408346652985,0.9990890026092528,0.9906427264213562
Q92462_O74804,0.0037294,0.0037294,0.033837,0.11376205086708069,0.0039735003374516,0.0042097908444702
O14235_P41889,0.0035028,0.0035028,0.033789,0.4826883375644684,0.0029537768568843,0.0731540396809578
P12000_P0CU09,0.0031632,0.0031632,0.033829,0.21962665021419525,0.998570203781128,0.1656413078308105
O42975_P36618,0.0036646,0.0036646,0.035556,0.21088412404060364,0.003469510236755,0.0073710535652935
P0CT60_Q9Y709,0.23371,0.23371,0.20373,0.14234697818756104,0.0157847255468368,0.0076579311862587
O74446_P28829,0.0035369,0.0035369,0.033586,0.18774621188640594,0.0009873078670352,0.3727532625198364
P78929_P05764,0.0036054,0.0036054,0.033582,0.6015408635139465,0.0288692507892847,0.0180119127035141
P87312_O13826,0.0033481,0.0033481,0.033777,0.01123387273401022,0.998990833759308,0.0169501230120658
Q10108_P27638,0.0034041,0.0034041,0.033738,0.06588232517242432,0.9984353184700012,0.0979488119482994
Q10134_P56523,0.0034672,0.0034672,0.033841,0.042166270315647125,0.0591056980192661,0.0167977791279554
Q10173_Q10192,0.003096,0.003096,0.033576,0.09642566740512848,0.0089808050543069,0.0098363468423485
Q09819_Q9USV3,0.0031676,0.0031676,0.033621,0.20355679094791412,0.9988558292388916,0.2111315578222274
O94309_O13681,0.0039904,0.0039904,0.033542,0.16870135068893433,0.0249167960137128,0.0141185438260436
O59680_Q9USM8,0.0033708,0.0033708,0.03355,0.6408628821372986,0.0416999123990535,0.0007442541536875
P01129_P05734,0.0034498,0.0034498,0.03482,0.2274164855480194,0.0040629128925502,0.0423866659402847
O74825_O94658,0.0037478,0.0037478,0.034222,0.4930289685726166,0.9990594983100892,0.854340672492981
O74958_P36582,0.0035368,0.0035368,0.033741,0.02671651542186737,0.0171360336244106,0.107427030801773
O14327_P79071,0.0048939,0.0048939,0.038119,0.3030166029930115,0.0027018918190151,0.013848453760147
Q9P7G0_O14343,0.0037487,0.0037487,0.03465,0.125406876206398,0.0307181477546691,0.948561668395996
Q9UUC6_O59945,0.0031937,0.0031937,0.033506,0.16004018485546112,0.0009124011266976,0.0021347689907997
O13728_Q09819,0.0032851,0.0032851,0.033561,0.173908993601799,0.001851059263572,0.0209832023829221
P21135_O13985,0.0036642,0.0036642,0.040891,0.002491565188392997,0.997047245502472,0.7384749054908752
Q9Y7M4_O42932,0.0032642,0.0032642,0.037577,0.19402305781841278,0.0012962649343535,0.0065161003731191
O13826_Q10108,0.0032766,0.0032766,0.033675,0.049339745193719864,0.0621614269912242,0.2473872900009155
Q9P7A0_P34208,0.0034575,0.0034575,0.034437,0.7322777509689331,0.0357268638908863,0.0465521514415741
P36595_Q09683,0.0035659,0.0035659,0.034408,0.1663561314344406,0.999025583267212,0.1857150644063949
O94687_O13802,0.0070614,0.0070614,0.039574,0.6418575048446655,0.9952281713485718,0.3412352800369262
P36595_Q10272,0.0032557,0.0032557,0.046214,0.20783010125160217,0.0072788540273904,0.020002881065011
Q07538_O94534,0.18223,0.18223,0.036282,0.2118825912475586,0.9985535740852356,0.9711976647377014
P40371_Q9UTF6,0.0032274,0.0032274,0.033476,0.5506283640861511,0.0013305239845067,0.0027197187300771
P87306_Q9HDY7,0.0033979,0.0033979,0.050146,0.1294005662202835,0.9989901185035706,0.9529483318328856
O94476_O94408,0.0041344,0.0041344,0.033599,0.1661538928747177,0.0016678760293871,0.005709100048989
Q9P4W1_Q02088,0.033858,0.033858,0.033495,0.14557760953903198,0.0048802876845002,0.0012865436729043
Q09858_Q9USP0,0.0031302,0.0031302,0.033546,0.2886376976966858,0.001745234359987,0.0108432089909911
O74772_P87323,0.0034788,0.0034788,0.034145,0.6007123589515686,0.0063643180765211,0.0012437388068065
P41889_Q09763,0.0046157,0.0046157,0.033647,0.05967956781387329,0.0030778765212744,0.886340856552124
Q10353_Q9USH1,0.005798,0.005798,0.045657,0.023712823167443275,0.9976381063461304,0.0271143056452274
Q9UUE5_O42932,0.003273,0.003273,0.033725,0.26638689637184143,0.0180092081427574,0.0119451489299535
O13964_P79010,0.0068733,0.0068733,0.033662,0.04184192046523094,0.0093466360121965,0.0041199615225195
Q92372_P32390,0.0031749,0.0031749,0.033536,0.0394003689289093,0.9987768530845642,0.0230891816318035
P56287_Q9USP0,0.0038511,0.0038511,0.12875,0.03131234273314476,0.9986653327941896,0.015519630163908
P14575_Q9P3B2,0.036507,0.036507,0.26274,0.14647403359413147,0.0372289232909679,0.977626383304596
O74825_Q10430,0.0031225,0.0031225,0.033685,0.4944869875907898,0.0390730798244476,0.2545364797115326
P10651_P87245,0.0033549,0.0033549,0.033678,0.035020869225263596,0.0141969574615359,0.0057151531800627
Q9USM8_Q9P6Q0,0.016673,0.016673,0.034539,0.1416797637939453,0.0065395655110478,0.5945011973381042
Q10163_Q9USX3,0.0045169,0.0045169,0.034278,0.009332654997706413,0.999062716960907,0.0123261408880352
O13964_O60104,0.0081476,0.0081476,0.03432,0.30035531520843506,0.9990635514259338,0.885447084903717
Q7LL14_Q9P6Q6,0.003264,0.003264,0.033774,0.6038857102394104,0.0090414583683013,0.1713165789842605
A6X980_P78794,0.0031538,0.0031538,0.033727,0.31758013367652893,0.0114342011511325,0.3163695633411407
O59790_P28829,0.046249,0.046249,0.5109,0.5994968414306641,0.9989720582962036,0.92484450340271
Q9Y7N2_Q09882,0.0033826,0.0033826,0.040077,0.6635579466819763,0.998986542224884,0.4380415081977844
O42846_Q9US45,0.0034522,0.0034522,0.034227,0.12366556376218796,0.998765230178833,0.0087208813056349
Q10668_O94668,0.0033108,0.0033108,0.034418,0.14849179983139038,0.9988270401954652,0.6780844330787659
Q9P7G0_O59836,0.0032707,0.0032707,0.035012,0.05109211429953575,0.9988253712654114,0.2020987421274185
O13964_P33886,0.0055358,0.0055358,0.03351,0.26929107308387756,0.0054044746793806,0.0976849645376205
Q9Y7Z1_P78814,0.0087454,0.0087454,0.03502,0.4203314185142517,0.9875040650367736,0.020199405029416
O94450_P0CG72,0.0038622,0.0038622,0.033548,0.12641417980194092,0.0047505600377917,0.0019920619670301
Q09177_Q07538,0.0034754,0.0034754,0.039319,0.27581700682640076,0.9975124597549438,0.0124285714700818
Q9P4W1_P87074,0.011144,0.011144,0.033806,0.5155301690101624,0.0726416707038879,0.0007274075178429
P48011_O94581,0.064637,0.064637,0.91231,0.07179954648017883,0.0031528563704341,0.0009499517618678
A6X980_P87050,0.0032369,0.0032369,0.033674,0.12353000044822693,0.9029732346534728,0.8101983070373535
Q09819_Q10477,0.0033123,0.0033123,0.036402,0.5704043507575989,0.999010682106018,0.9233666658401488
Q9USX8_O74515,0.0046502,0.0046502,0.034294,0.07229571789503098,0.0092523163184523,0.1194497793912887
O14229_O14417,0.0033239,0.0033239,0.033897,0.2303324192762375,0.994233787059784,0.5453128814697266
Q9P7V3_O42667,0.34904,0.34904,0.033752,0.1441386193037033,0.9875067472457886,0.0137107139453291
O14036_Q09916,0.01437,0.01437,0.05723,0.553518533706665,0.999103307723999,0.0688578933477401
P06652_P0CH07,0.0092635,0.0092635,0.035407,0.009532195515930653,0.0104216029867529,0.0610446035861969
P05219_Q92358,0.0033118,0.0033118,0.033536,0.021169165149331093,0.010657793842256,0.0168243627995252
Q9USM8_O14388,0.0039851,0.0039851,0.033746,0.0523919016122818,0.0029178650584071,0.0078972093760967
O43114_Q09142,0.44414,0.44414,0.033836,0.14798109233379364,0.023927142843604,0.97374027967453
O43080_P0CT77,0.0034975,0.0034975,0.033517,0.639393150806427,0.0137688498944044,0.0046828580088913
P07334_O94687,0.0036187,0.0036187,0.034435,0.24330995976924896,0.769834041595459,0.3200253248214721
O42991_O74791,0.027159,0.027159,0.046183,0.35624754428863525,0.9990419745445251,0.9049422144889832
Q92352_Q09914,0.0033405,0.0033405,0.033446,0.4416849613189697,0.0022635906934738,0.0080177187919616
P0CT60_Q9Y7J4,0.0098185,0.0098185,0.033639,0.12051431089639664,0.0797834247350692,0.0409546233713626
P14575_Q9P6R1,0.0077994,0.0077994,0.033498,0.7359141111373901,0.00247528613545,0.0017565246671438
O94668_Q9UUA8,0.003182,0.003182,0.033602,0.12616676092147827,0.898991584777832,0.5329092741012573
O94423_O74895,0.003876,0.003876,0.035286,0.06363362818956375,0.0575342960655689,0.4082383811473846
P87323_Q9UTI3,0.003288,0.003288,0.033648,0.47429946064949036,0.0032795909792184,0.0580105409026145
O60158_Q96TL7,0.0036133,0.0036133,0.034007,0.18710114061832428,0.0039216019213199,0.9766861796379088
P87310_P04688,0.0036987,0.0036987,0.033879,0.019957685843110085,0.0390106216073036,0.0214445944875478
O94376_O13685,0.0039116,0.0039116,0.03389,0.2207549512386322,0.9121567010879515,0.0113478228449821
P07334_P79063,0.0034854,0.0034854,0.033543,0.2063724547624588,0.9989989399909972,0.0097588831558823
P09322_P79063,0.0037169,0.0037169,0.033556,0.09351161867380142,0.9986526966094972,0.227492555975914
Q7LL14_O14352,0.009904,0.009904,0.054558,0.10498147457838058,0.9986007809638976,0.0251634549349546
Q9Y821_P54789,0.0036834,0.0036834,0.034423,0.16393783688545227,0.9990500807762146,0.0396851599216461
P10815_P36622,0.0033863,0.0033863,0.033972,0.3606429994106293,0.0011939069954678,0.1318947970867157
O94707_Q10169,0.0079408,0.0079408,0.043562,0.27271372079849243,0.0105531122535467,0.0578751340508461
O59790_Q9URY2,0.0033598,0.0033598,0.03355,0.04222036525607109,0.069387674331665,0.1453567147254943
O14417_Q9UTI8,0.0031612,0.0031612,0.033776,0.019521653652191162,0.0104538770392537,0.009348414838314
Q10173_O59800,0.0031113,0.0031113,0.033536,0.2038903385400772,0.0087647130712866,0.0327518731355667
Q09882_O74904,0.0045146,0.0045146,0.035786,0.4697040319442749,0.9989032745361328,0.7259747982025146
Q10056_O13339,0.0038429,0.0038429,0.034024,0.5053910613059998,0.0364540666341781,0.4345548152923584
P87173_P27638,0.0082312,0.0082312,0.033773,0.43213269114494324,0.0022398608271032,0.0033492136280983
O14235_Q9Y709,0.0048859,0.0048859,0.051639,0.062426257878541946,0.999006450176239,0.8687854409217834
Q9P805_P78972,0.0036912,0.0036912,0.046859,0.2318202257156372,0.3905514478683471,0.2596979141235351
O94285_Q10163,0.016014,0.016014,0.033949,0.682773232460022,0.9990447163581848,0.7337263226509094
O74515_Q9URX6,0.048204,0.048204,0.044698,0.34337812662124634,0.9989981055259703,0.9418898820877076
O14010_O94646,0.48463,0.48463,0.12862,0.3470360338687897,0.9990965127944946,0.9888623356819152
P0CT68_Q7LL14,0.0040637,0.0040637,0.036859,0.11918234080076218,0.0109036592766642,0.0325688794255256
O13889_P41889,0.012459,0.012459,0.033742,0.611962616443634,0.0131481271237134,0.1231029033660888
O94408_O43120,0.021336,0.021336,0.03939,0.07479196041822433,0.9990860223770142,0.0070607922971248
P87306_P50582,0.0033078,0.0033078,0.037145,0.35887086391448975,0.986200213432312,0.3164530992507934
Q9USZ6_Q9UU79,0.0036025,0.0036025,0.033726,0.642907977104187,0.9990183115005492,0.9919580221176147
O74958_Q1MTQ9,0.0033769,0.0033769,0.03352,0.1411125510931015,0.9989619255065918,0.0691674277186393
O94376_Q10272,0.0034409,0.0034409,0.033658,0.14905597269535065,0.0374468825757503,0.0202735867351293
P0CT77_P07334,0.0052705,0.0052705,0.03387,0.27336442470550537,0.017803605645895,0.0071916156448423
O13728_Q9P7B8,0.0034368,0.0034368,0.033523,0.06674507260322571,0.0031553979497402,0.0173194892704486
O14230_Q00619,0.0032913,0.0032913,0.033718,0.10404691845178604,0.0089370459318161,0.0017820674693211
Q10159_O60052,0.013294,0.013294,0.033546,0.4354862570762634,0.0029945310670882,0.9908372163772584
O42667_O74555,0.0032951,0.0032951,0.034,0.003968138247728348,0.0103545300662517,0.0041654054075479
O74360_Q09898,0.0043749,0.0043749,0.03387,0.2958732545375824,0.0806691944599151,0.911986529827118
P12000_P21135,0.0040502,0.0040502,0.034354,0.0987507700920105,0.9988829493522644,0.9340270161628724
Q9USR7_O13615,0.0032425,0.0032425,0.037017,0.1968095898628235,0.0110651459544897,0.2823094725608825
O14327_P36614,0.0043048,0.0043048,0.043136,0.22319862246513367,0.0038414217997342,0.0323106199502944
P87323_O94609,0.003981,0.003981,0.03361,0.011515604332089424,0.0252213198691606,0.0139101734384894
O13978_P78929,0.0032932,0.0032932,0.033515,0.08939605206251144,0.0283762924373149,0.3744617998600006
O74471_Q9UTK6,0.0035737,0.0035737,0.033559,0.051284339278936386,0.0060449461452662,0.0030445693992078
P0CH07_Q9P3B2,0.0033745,0.0033745,0.033504,0.369777113199234,0.0025618027430027,0.0016564563848078
O74471_P0CH07,0.0049251,0.0049251,0.033501,0.7967453002929688,0.0020682169124484,0.0011880786623805
O74895_Q12126,0.0034757,0.0034757,0.033472,0.40151259303092957,0.1161151751875877,0.0096438387408852
Q9USH1_Q9P7R9,0.0047452,0.0047452,0.033948,0.6729187369346619,0.1062905117869377,0.4871324598789215
O13286_Q9UTP0,0.003739,0.003739,0.13865,0.077579066157341,0.9853323101997375,0.0140877682715654
O60187_Q9P4W1,0.0046132,0.0046132,0.033605,0.0994497612118721,0.0046346317976713,0.0005221484461799
P52890_O94355,0.0031467,0.0031467,0.033525,0.3394600450992584,0.0059847710654139,0.0928475782275199
O74533_Q10193,0.0062074,0.0062074,0.03517,0.16662485897541046,0.4668416082859039,0.0358027964830398
P05219_A6X980,0.003312,0.003312,0.033813,0.18793046474456787,0.0252658147364854,0.0016335493419319
O59755_Q00619,0.0032778,0.0032778,0.033481,0.024957971647381783,0.0029270672239363,0.0036036048550158
O74653_Q09196,0.0034314,0.0034314,0.033761,0.5392886996269226,0.0687708258628845,0.0127271534875035
Q92372_P05734,0.0035745,0.0035745,0.034737,0.44257962703704834,0.9948688745498656,0.0337409675121307
O13685_Q9Y7Z7,0.0045777,0.0045777,0.033618,0.2322060763835907,0.0148162450641393,0.0032032488379627
O14079_Q10192,0.0062771,0.0062771,0.033997,0.5136446356773376,0.999037742614746,0.100362591445446
O74311_Q10198,0.0031307,0.0031307,0.033536,0.4872233271598816,0.99896240234375,0.0105929989367723
Q09819_Q9Y818,0.10776,0.10776,0.057272,0.15055134892463684,0.977776288986206,0.09474678337574
O74904_O14021,0.0039068,0.0039068,0.036303,0.5650637149810791,0.1791323572397232,0.0505185052752494
Q9P7W4_Q10366,0.0032191,0.0032191,0.036206,0.03281211480498314,0.998671054840088,0.1455541104078292
Q10343_O14122,0.0036142,0.0036142,0.033926,0.22175146639347076,0.0018563211197033,0.0549087785184383
Q9Y7N2_Q9P7M3,0.0031829,0.0031829,0.033827,0.24551185965538025,0.9922318458557128,0.0296993721276521
Q10366_O13684,0.0035884,0.0035884,0.033867,0.12668384611606598,0.0049469149671494,0.08269964158535
O14010_Q09330,0.0031898,0.0031898,0.036807,0.09464608877897263,0.9991000890731812,0.250517189502716
O60104_O94376,0.27679,0.27679,0.035238,0.454626202583313,0.9990992546081544,0.970601201057434
O60187_Q9HGQ3,0.010188,0.010188,0.034199,0.07221895456314087,0.0322503522038459,0.0341811776161193
O74895_O14129,0.0031965,0.0031965,0.033694,0.4081336557865143,0.0675890892744064,0.0049143629148602
O74958_P87174,0.0038915,0.0038915,0.033633,0.07174737006425858,0.9990298748016356,0.1077152863144874
O74446_Q9UUA8,0.003628,0.003628,0.033749,0.4128115475177765,0.0037278772797435,0.0037234434857964
O43080_P40381,0.003424,0.003424,0.033712,0.07224570214748383,0.0301134996116161,0.0063356994651257
P50582_Q9P7B7,0.0033021,0.0033021,0.033845,0.25847989320755005,0.0360238440334796,0.3921863734722137
Q10169_Q9P784,0.0076809,0.0076809,0.034795,0.5716252326965332,0.0032916681375354,0.0045207664370536
O74966_P07527,0.0046208,0.0046208,0.034581,0.10010112822055817,0.9987797141075134,0.0251848623156547
P41005_P78972,0.00369,0.00369,0.034412,0.23410095274448395,0.7727884650230408,0.5241188406944275
O74360_O74433,0.0031684,0.0031684,0.033513,0.031158791854977608,0.0029354863800108,0.0002616105193737
P07334_Q1MTQ9,0.0033181,0.0033181,0.033549,0.16271790862083435,0.056288793683052,0.0064875721000134
Q09898_O13688,0.0078909,0.0078909,0.033881,0.31186601519584656,0.9941879510879515,0.1436439156532287
Q09882_P36625,0.0032343,0.0032343,0.034058,0.27753761410713196,0.0101205380633473,0.0429576411843299
P87324_P50528,0.0035153,0.0035153,0.033814,0.3962837755680084,0.0839106142520904,0.5152353644371033
O74958_P87176,0.0035855,0.0035855,0.033681,0.16175107657909393,0.9988861680030824,0.1947526037693023
Q1MTQ9_Q09330,0.0033731,0.0033731,0.034045,0.013219574466347694,0.9989701509475708,0.0299475267529487
O13988_O74309,0.0032403,0.0032403,0.035697,0.09609246253967285,0.998794436454773,0.0332267172634601
P0CT68_O94423,0.0032633,0.0032633,0.034062,0.2229955941438675,0.0042382329702377,0.0094914454966783
O94534_P56286,0.0034667,0.0034667,0.034334,0.032882850617170334,0.0088317841291427,0.154586836695671
O43036_O13672,0.0032204,0.0032204,0.033578,0.13710549473762512,0.9990686774253844,0.0234999042004346
Q9P7Y4_Q9US45,0.003519,0.003519,0.037076,0.20850753784179688,0.998710870742798,0.7275426983833313
P07334_P87173,0.0054035,0.0054035,0.0336,0.44494327902793884,0.7820162773132324,0.0147057753056287
O94646_P36616,0.012283,0.012283,0.034792,0.24627277255058289,0.0949062556028366,0.0788258537650108
O13802_O74499,0.022485,0.022485,0.03637,0.18088163435459137,0.9988654851913452,0.0319343172013759
Q02088_O60129,0.0038939,0.0038939,0.033701,0.0868171826004982,0.0053576873615384,0.0159187950193882
O74536_P36601,0.0057471,0.0057471,0.033628,0.08141418546438217,0.0025743565056473,0.0635124072432518
P14575_O13681,0.014289,0.014289,0.034824,0.33284276723861694,0.0714136436581611,0.0017509150784462
O13877_P48011,0.076147,0.076147,0.79455,0.028717610985040665,0.9990785121917723,0.8644494414329529
Q9P6Q0_O13286,0.0031983,0.0031983,0.033746,0.022734368219971657,0.9975066781044006,0.0868361070752143
O14010_P78761,0.0039047,0.0039047,0.033592,0.8208874464035034,0.0127094769850373,0.0233266949653625
O13953_Q10109,0.0034281,0.0034281,0.033664,0.42307212948799133,0.003085748059675,0.673999547958374
P41410_O13828,0.0032695,0.0032695,0.035055,0.8316360712051392,0.9981347322463988,0.7777557373046875
O74803_Q9USJ7,0.0038723,0.0038723,0.033849,0.22468902170658112,0.0075975419022142,0.2905400693416595
O74983_Q9UTR8,0.0070125,0.0070125,0.033831,0.3280743360519409,0.9983587861061096,0.0441108979284763
Q10366_Q9USZ6,0.003222,0.003222,0.03361,0.1285090446472168,0.0178761277347803,0.0070369928143918
O13672_P17937,0.0059897,0.0059897,0.13055,0.2814567983150482,0.9990273714065552,0.9960753321647644
Q9Y818_P36582,0.01981,0.01981,0.05976,0.11470653116703033,0.0757853686809539,0.003157744416967
O43080_Q9C107,0.0034019,0.0034019,0.033989,0.43526995182037354,0.0094276648014783,0.183162659406662
P41005_Q9P7P1,0.003957,0.003957,0.033565,0.2792242765426636,0.0062569295987486,0.1279332190752029
O42832_Q9Y818,0.010847,0.010847,0.033895,0.660729169845581,0.0082152662798762,0.001535631599836
O14170_Q09933,0.0036404,0.0036404,0.034312,0.1773744374513626,0.9945165514945984,0.9537251591682434
P40995_O74515,0.0037029,0.0037029,0.0348,0.440294086933136,0.0094570107758045,0.0019816586282104
O94288_O74499,0.0054318,0.0054318,0.033888,0.05580359324812889,0.998289167881012,0.207953855395317
O74803_P48009,0.0034238,0.0034238,0.033585,0.0757889375090599,0.0038041092921048,0.0486510060727596
P36617_Q10282,0.0031852,0.0031852,0.033779,0.010377961210906506,0.9987727999687196,0.0170691087841987
O74803_Q7LL14,0.0044972,0.0044972,0.037799,0.1166168749332428,0.0223358832299709,0.09749785810709
P50528_P78953,0.003504,0.003504,0.034268,0.5120508074760437,0.9987635612487792,0.992896854877472
O13777_O13953,0.0032122,0.0032122,0.038045,0.27159109711647034,0.9987315535545348,0.0744912326335907
O14230_Q9P7P2,0.0032122,0.0032122,0.033902,0.016134772449731827,0.0146172624081373,0.0448275655508041
O60158_P32586,0.0033372,0.0033372,0.033674,0.12783397734165192,0.0009534577256999,0.3912906944751739
Q9UUE5_Q1MTQ9,0.0031184,0.0031184,0.033541,0.023078229278326035,0.3957851529121399,0.0365315526723861
O94616_O74518,0.0032902,0.0032902,0.033666,0.36137300729751587,0.0232113804668188,0.0018749252194538
Q02088_O59755,0.89202,0.89202,0.033482,0.21194785833358765,0.0043933037668466,0.0382033288478851
P41005_Q9USJ7,0.0031825,0.0031825,0.033633,0.2767532169818878,0.9965975880622864,0.0403648726642131
O13826_O74558,0.0031668,0.0031668,0.033858,0.4685107469558716,0.0113776056095957,0.0071375658735632
Q9UT86_O59836,0.0035834,0.0035834,0.033773,0.5037109851837158,0.0305213537067174,0.0034451477695256
Q9Y7J4_P05767,0.0050268,0.0050268,0.033988,0.0645352452993393,0.0501903891563415,0.0056357323192059
P04910_Q9UUC6,0.44289,0.44289,0.034099,0.43019482493400574,0.9984101057052612,0.0154611505568027
O74774_P41410,0.0034072,0.0034072,0.03854,0.18690261244773865,0.9956177473068236,0.04509212449193
Q12126_P04688,0.018863,0.018863,0.036653,0.7696357369422913,0.0242270212620496,0.0100733255967497
O59767_O42634,0.0037595,0.0037595,0.033613,0.7627311944961548,0.0036453909706324,0.0055115888826549
Q9P6Q6_Q92399,0.0032871,0.0032871,0.035484,0.09970089048147202,0.9990317821502686,0.0030385833233594
O74531_P27638,0.071891,0.071891,0.033754,0.12196465581655502,0.0195670295506715,0.269498199224472
P78761_P87306,0.0041361,0.0041361,0.033605,0.06726420670747757,0.0042904135771095,0.0032856054604053
Q10232_P36614,0.0034495,0.0034495,0.033625,0.41890910267829895,0.0143818343058228,0.0068790493533015
Q9P802_O43036,0.0031532,0.0031532,0.033606,0.12227920442819595,0.9985013008117676,0.0129584623500704
O13802_P87173,0.011539,0.011539,0.035115,0.04782873019576073,0.9989172220230104,0.623907744884491
O94705_P56288,0.0071916,0.0071916,0.033645,0.13059258460998535,0.0013511227443814,0.0008234123233705
O14339_Q9UTB6,0.0043149,0.0043149,0.034596,0.034603677690029144,0.0205270741134881,0.0321706794202327
Q09154_O74983,0.0061202,0.0061202,0.03367,0.33093777298927307,0.001079203793779,0.0022687290329486
O13836_O74465,0.0032973,0.0032973,0.034309,0.05288258194923401,0.9476651549339294,0.0118220848962664
O14122_O14235,0.0031763,0.0031763,0.034518,0.30429667234420776,0.9988980293273926,0.0749545022845268
O94360_P79071,0.0036216,0.0036216,0.033541,0.07975456863641739,0.0013725797180086,0.0052332510240375
Q9P7M1_O13916,0.0035118,0.0035118,0.034018,0.3974723219871521,0.8763176798820496,0.0111506320536136
P42656_O74515,0.28679,0.28679,0.034553,0.10408999770879745,0.0942128300666809,0.3570874333381653
P07334_Q9P779,0.0034572,0.0034572,0.03377,0.21702395379543304,0.999031662940979,0.8778141736984253
Q9P7B8_Q9UTA4,0.0035398,0.0035398,0.033851,0.31302884221076965,0.9671117067337036,0.0694516152143478
O14098_Q9USR7,0.0036514,0.0036514,0.033548,0.4912397265434265,0.0372259505093097,0.0256674978882074
O94646_O94658,0.003429,0.003429,0.033666,0.11171907186508179,0.9990699887275696,0.157811239361763
P78774_Q09916,0.0042197,0.0042197,0.035971,0.04377254843711853,0.9990494847297668,0.2502129375934601
O14246_O13936,0.0038871,0.0038871,0.036437,0.40456676483154297,0.7952403426170349,0.0133388713002204
O94722_P36613,0.0032458,0.0032458,0.033517,0.28104665875434875,0.0009322895202785,0.0012530455132946
O74399_O74904,0.0045319,0.0045319,0.035852,0.42230361700057983,0.998738706111908,0.9162189960479736
O42832_Q09142,0.003551,0.003551,0.036715,0.20206202566623688,0.0208814572542905,0.2618531286716461
Q53EK2_Q9P7Q8,0.0032049,0.0032049,0.033677,0.3061102628707886,0.0039382455870509,0.0302220080047845
O13684_P29458,0.0047109,0.0047109,0.034009,0.3563178777694702,0.0049265413545072,0.012090909294784
P41005_Q9URY2,0.0032766,0.0032766,0.033506,0.31032630801200867,0.0461461246013641,0.3925265371799469
Q9P7Y4_Q9USH1,0.0035671,0.0035671,0.033908,0.2791061997413635,0.9989967942237854,0.073883906006813
P41410_P05501,0.0040648,0.0040648,0.033505,0.6246436238288879,0.0015562137123197,0.0004708973574452
O74309_Q09892,0.0057526,0.0057526,0.034901,0.4273131191730499,0.998222291469574,0.0326195918023586
P0CT70_O14343,0.0068354,0.0068354,0.039809,0.26048144698143005,0.0062315398827195,0.0029656502883881
Q03392_P41887,0.0033785,0.0033785,0.033865,0.224760964512825,0.99722158908844,0.0176520198583602
P40995_O13988,0.0033235,0.0033235,0.034611,0.07741809636354446,0.0036997101269662,0.0078820260241627
Q10232_O43036,0.0032242,0.0032242,0.033581,0.3186948299407959,0.9990524649620056,0.0544669590890407
O74774_Q9P7G0,0.003673,0.003673,0.035706,0.11158572882413864,0.9989833235740662,0.9526795148849488
O74560_P05219,0.0032456,0.0032456,0.033851,0.14251570403575897,0.0056545515544712,0.0128197651356458
Q9HGL6_Q9UTA4,0.0034989,0.0034989,0.033677,0.2634911835193634,0.9990386962890624,0.0617586635053157
P05767_Q09858,0.0049897,0.0049897,0.044302,0.3739476799964905,0.0197333507239818,0.0382405780255794
Q09823_O43120,0.010133,0.010133,0.037664,0.4861650764942169,0.0241359360516071,0.0870292708277702
O43114_P41889,0.0037244,0.0037244,0.033639,0.426216721534729,0.0021127315703779,0.6755682229995728
Q09717_P50527,0.0062045,0.0062045,0.034004,0.06267357617616653,0.9988372921943665,0.0363026671111583
Q1MTQ9_Q9UU79,0.0043028,0.0043028,0.035215,0.29747289419174194,0.9990392923355104,0.8722905516624451
P40372_Q09685,0.0053978,0.0053978,0.041186,0.01325479056686163,0.0102420356124639,0.4169798791408539
P87050_Q12381,0.021827,0.021827,0.033607,0.10714751482009888,0.009894891642034,0.4312004446983337
Q10108_Q10477,0.0033806,0.0033806,0.033894,0.11588703095912933,0.9982555508613586,0.0699548497796058
Q9Y821_P28748,0.004309,0.004309,0.033731,0.07954368740320206,0.0020723417401313,0.0350172445178031
O14036_Q10108,0.0049421,0.0049421,0.033798,0.18789492547512054,0.0089447740465402,0.0303319711238145
O42975_Q10322,0.0036039,0.0036039,0.033798,0.7387371063232422,0.0114196091890335,0.1758564710617065
Q9Y7R3_Q6BDR8,0.003234,0.003234,0.035003,0.09586197137832642,0.0149386981502175,0.960516095161438
Q09154_Q9P7X1,0.015957,0.015957,0.073302,0.3486296534538269,0.9983893632888794,0.9792267680168152
Q10282_P05734,0.35432,0.35432,0.036508,0.5395231246948242,0.0553187616169452,0.2153663635253906
Q9USL5_Q9USZ6,0.0040084,0.0040084,0.03354,0.02537401206791401,0.9990535378456116,0.9292383193969728
O60052_P32434,0.011354,0.011354,0.069367,0.02830618992447853,0.9990667700767516,0.9866290092468262
O74433_O74988,0.013471,0.013471,0.18532,0.3072980046272278,0.9990412592887878,0.9438205361366272
O74796_Q10173,0.0034537,0.0034537,0.033622,0.02434973418712616,0.99863201379776,0.1760748475790023
Q9Y7L8_P36617,0.0032316,0.0032316,0.033701,0.21096572279930115,0.8856003284454346,0.1843542754650116
P01129_Q9P6Q6,0.0032748,0.0032748,0.034254,0.4161551892757416,0.0148955089971423,0.9557634592056274
Q10353_O94668,0.0031882,0.0031882,0.033638,0.3554243743419647,0.9631085395812988,0.0347499512135982
P0CT68_Q10232,0.0069889,0.0069889,0.12542,0.6091631650924683,0.997989296913147,0.0345293171703815
O13936_P40997,0.0033047,0.0033047,0.034716,0.4476041793823242,0.8729751110076904,0.0440744459629058
O13672_O74399,0.0036109,0.0036109,0.037818,0.055058803409338,0.9989930987358092,0.9913429021835328
O14064_O60158,0.008767,0.008767,0.035497,0.33474043011665344,0.9988252520561218,0.8450967073440552
Q9HE05_Q10429,0.01646,0.01646,0.037114,0.2672642469406128,0.8985410928726196,0.5907837152481079
O00102_O14098,0.011341,0.011341,0.036581,0.11218169331550598,0.39125657081604,0.0277873445302248
O42832_Q09685,0.0039429,0.0039429,0.036302,0.6339516043663025,0.0059651359915733,0.9763567447662354
Q09150_P40984,0.020258,0.020258,0.12158,0.2035834640264511,0.0273691024631261,0.010580837726593
Q10366_O42975,0.004428,0.004428,0.037386,0.14207085967063904,0.0068059037439525,0.0339778959751129
P25457_O94620,0.0034335,0.0034335,0.035817,0.19633862376213074,0.998766303062439,0.1055750325322151
P41412_P79071,0.0036284,0.0036284,0.033951,0.6234646439552307,0.005465256050229,0.0096363825723528
Q9UTE6_O74560,0.0033097,0.0033097,0.034406,0.0862981453537941,0.9987699389457704,0.0717154592275619
Q09763_O94450,0.0041843,0.0041843,0.034059,0.48121532797813416,0.0008845047559589,0.0114377960562706
O14098_O42991,0.0040304,0.0040304,0.033568,0.5330265164375305,0.9987058639526368,0.0477429181337356
P41411_P50523,0.0033645,0.0033645,0.033509,0.07433608174324036,0.0035179099068045,0.0005779367056675
P49731_P56288,0.0034052,0.0034052,0.033705,0.2976599335670471,0.0201812535524368,0.966744601726532
O36027_Q874R3,0.0031516,0.0031516,0.034071,0.7142153382301331,0.272936075925827,0.0136264553293585
O94408_Q9P7V3,0.003572,0.003572,0.03353,0.3104988932609558,0.0006305697024799,0.0117586553096771
Q1MTQ9_Q9P4W1,0.01362,0.01362,0.033832,0.5244974493980408,0.92815899848938,0.0096701430156826
O36023_Q10477,0.0062238,0.0062238,0.033952,0.12827660143375397,0.0011493585770949,0.025788739323616
O14417_P87245,0.0055459,0.0055459,0.033637,0.006994025781750679,0.0029806329403072,0.0375285483896732
Q1MTN3_Q9P7R9,0.0031553,0.0031553,0.033704,0.275610089302063,0.0271968133747577,0.6917089819908142
P06652_O14230,0.0031677,0.0031677,0.033817,0.11508307605981827,0.013629525899887,0.0847631245851516
O94321_O13828,0.0035406,0.0035406,0.034214,0.31683504581451416,0.0013748436467722,0.2398979663848877
Q9USJ7_Q10429,0.09052,0.09052,0.034178,0.2519758641719818,0.0159649942070245,0.4693595170974731
P36601_O13782,0.0032823,0.0032823,0.033588,0.22166383266448975,0.0014113299548625,0.0108921462669968
O74825_O74796,0.0033583,0.0033583,0.036886,0.005313150119036436,0.1602539718151092,0.0467566810548305
O94668_P87074,0.0033187,0.0033187,0.033943,0.13619683682918549,0.9990028738975524,0.361632227897644
O59751_P33520,0.0086725,0.0086725,0.033889,0.40659335255622864,0.0084468042477965,0.904035747051239
Q874R3_Q10585,0.0031628,0.0031628,0.033648,0.09233573824167252,0.0059425253421068,0.0301128756254911
O94687_Q10113,0.0037948,0.0037948,0.035118,0.019228732213377953,0.0266444217413663,0.1058198735117912
O42846_P36582,0.0037076,0.0037076,0.034557,0.6068421602249146,0.001716619473882,0.0018805448198691
O74988_P87312,0.0041143,0.0041143,0.033559,0.1459912210702896,0.8874355554580688,0.0133520122617483
P36595_O13684,0.0032766,0.0032766,0.034096,0.5705633759498596,0.9984139204025269,0.0097309695556759
P78953_O59790,0.0035346,0.0035346,0.033946,0.4892091453075409,0.998210310935974,0.1833840161561966
O74446_Q09825,0.0049577,0.0049577,0.035957,0.14734508097171783,0.0036556357517838,0.0124243525788187
O74796_Q9UUJ4,0.0032744,0.0032744,0.033691,0.015473073348402977,0.9985507130622864,0.343174546957016
O14229_Q09760,0.0031911,0.0031911,0.03402,0.8122975826263428,0.0086229182779788,0.0052879410795867
P56288_Q9P6M0,0.0041196,0.0041196,0.033705,0.33210670948028564,0.7099047303199768,0.0094028003513813
P36585_O74955,0.0031355,0.0031355,0.033614,0.528470516204834,0.0027687475085258,0.0088273901492357
P0CU09_P40380,0.0031224,0.0031224,0.033773,0.5329380631446838,0.9584726095199584,0.9348554015159608
Q10134_Q9P782,0.003781,0.003781,0.033614,0.01667649857699871,0.9989944100379944,0.529765784740448
O74536_O42661,0.0051033,0.0051033,0.034539,0.400246262550354,0.0158170200884342,0.0458258800208568
O42846_O74747,0.0047002,0.0047002,0.038005,0.047832053154706955,0.999029278755188,0.3023519814014435
O74991_O74433,0.003241,0.003241,0.033536,0.7300165891647339,0.0067217084579169,0.0010053230216726
P79063_O13684,0.0031754,0.0031754,0.033614,0.006548778619617224,0.0358785018324852,0.04878980666399
Q9HDX9_Q7LL14,0.0033073,0.0033073,0.03554,0.053965866565704346,0.0229226965457201,0.0022583790123462
O14122_O13712,0.0034093,0.0034093,0.034304,0.7074471116065979,0.0008537881658412,0.0063440534286201
Q9HFE5_Q09154,0.0058366,0.0058366,0.033567,0.06641783565282822,0.0017535890219733,0.0010101613588631
Q9Y794_O94276,0.005549,0.005549,0.038177,0.12327892333269119,0.9804865121841432,0.7408627867698669
Q9Y738_O14327,0.0033942,0.0033942,0.033648,0.1867821216583252,0.0058890273794531,0.007665769662708
Q09761_O75011,0.003737,0.003737,0.03432,0.5870130658149719,0.995384156703949,0.9948644042015076
O94285_Q96WV9,0.0091217,0.0091217,0.033809,0.19269533455371857,0.0161498207598924,0.0058026011101901
P08090_O94355,0.0032486,0.0032486,0.033635,0.253373384475708,0.9989147186279296,0.6216236352920532
Q10330_O42932,0.016437,0.016437,0.041459,0.31326404213905334,0.0213834159076213,0.0607714988291263
P05767_Q10163,0.17431,0.17431,0.035715,0.35891225934028625,0.0108208721503615,0.0100510828197002
O74986_O60187,0.011239,0.011239,0.034354,0.19143137335777283,0.0037666072603315,0.9201182723045348
O14021_O14098,0.0052528,0.0052528,0.035761,0.2658078074455261,0.99858558177948,0.9719003438949584
P40372_Q9Y7M4,0.08995,0.08995,0.18611,0.005493826698511839,0.9990220069885254,0.089101418852806
O13988_O14246,0.0033828,0.0033828,0.037625,0.0271152351051569,0.998995006084442,0.9882041215896606
O60016_O42709,0.003523,0.003523,0.037878,0.20555663108825684,0.9989537000656128,0.7650033831596375
O94476_Q9P779,0.0031921,0.0031921,0.033661,0.2036682516336441,0.0010589497396722,0.0016091688303276
Q9USZ6_O74854,0.0032126,0.0032126,0.033592,0.1268785148859024,0.0038536700885742,0.0080688158050179
Q9P7M3_Q92352,0.0031397,0.0031397,0.033726,0.05264207348227501,0.8872898817062378,0.067248985171318
P30261_P04910,0.01078,0.01078,0.0529,0.06187540292739868,0.99899822473526,0.0026351457927376
O13286_O74483,0.0037317,0.0037317,0.034504,0.6803565621376038,0.0289613995701074,0.0022122482769191
O74955_Q10232,0.0032841,0.0032841,0.033604,0.2526876926422119,0.0044848402030766,0.0410963743925094
Q9P7G0_O59800,0.0034429,0.0034429,0.03501,0.2047765552997589,0.9989802241325378,0.7619980573654175
Q9HDY7_O14339,0.010295,0.010295,0.034149,0.22340838611125946,0.0178559701889753,0.0066075352951884
O94684_Q10668,0.0033592,0.0033592,0.03413,0.5215803980827332,0.0759156569838523,0.6560661196708679
O74955_O13286,0.0031533,0.0031533,0.033576,0.230859637260437,0.0035276634152978,0.015919841825962
O59755_Q9P782,0.0033569,0.0033569,0.03369,0.3267477750778198,0.005594037938863,0.5308573842048645
O94684_P28829,0.0034145,0.0034145,0.033614,0.22524796426296234,0.0027821485418826,0.9336349368095398
O13916_O74895,0.028265,0.028265,0.052696,0.1640636920928955,0.0632494911551475,0.1053255721926689
P05734_Q10134,0.0041082,0.0041082,0.033616,0.07412400841712952,0.0757832154631614,0.0090305395424366
O13790_Q09127,0.0033201,0.0033201,0.033767,0.19545023143291473,0.0012424427550286,0.0034256461076438
Q9UTS6_P78789,0.0031297,0.0031297,0.033727,0.21272026002407074,0.0106996214017272,0.6761166453361511
P30261_O59751,0.0034197,0.0034197,0.035298,0.09195128828287125,0.0069763241335749,0.645176887512207
O14459_P0CT70,0.29118,0.29118,0.17688,0.49087953567504883,0.999045431613922,0.4476849734783172
Q9P3B2_P36585,0.0034787,0.0034787,0.033571,0.30411332845687866,0.0183959379792213,0.0128393378108739
P10506_O14229,0.0034023,0.0034023,0.033663,0.41943472623825073,0.0021664483938366,0.0231420956552028
Q10316_O94444,0.0033357,0.0033357,0.033497,0.2734924852848053,0.9990299940109252,0.1198534220457077
O13985_P50528,0.0043526,0.0043526,0.034609,0.597883403301239,0.9963847398757936,0.9088386297225952
Q09330_P87306,0.003213,0.003213,0.033884,0.44263267517089844,0.9990923404693604,0.1364637464284896
Q9P4W1_P87050,0.011987,0.011987,0.033669,0.496939092874527,0.0131814312189817,0.0003692988539114
Q12126_Q09933,0.20253,0.20253,0.034415,0.20435002446174622,0.9978395700454712,0.3929001986980438
Q9UUM2_O59790,0.078528,0.078528,0.033625,0.030761612579226494,0.9990094900131226,0.1279384791851043
P05733_O60052,0.0031638,0.0031638,0.033771,0.018693234771490097,0.0021563270129263,0.0654500424861908
O13889_Q9HE05,0.010652,0.010652,0.035021,0.03693663701415062,0.992803990840912,0.0076426663435995
P87051_O94646,0.0031622,0.0031622,0.033945,0.398973673582077,0.9990748167037964,0.0013287409674376
O74399_Q9URY0,0.008528,0.008528,0.09354,0.48736056685447693,0.0129768643528223,0.976854145526886
O13286_P87051,0.0061469,0.0061469,0.18123,0.7912251949310303,0.9974716901779176,0.0012957433937117
O36019_O14327,0.0041545,0.0041545,0.033808,0.20951183140277863,0.009778338484466,0.0114364763721823
O59790_Q9UTE6,0.0035597,0.0035597,0.034071,0.008059917017817497,0.0762451589107513,0.0598349422216415
O14343_P14575,0.0042079,0.0042079,0.033579,0.2787765860557556,0.0081931659951806,0.0006409055786207
Q92366_O14343,0.0066496,0.0066496,0.040843,0.32499057054519653,0.2631743550300598,0.0293013174086809
Q92462_O14343,0.0033819,0.0033819,0.033892,0.2558821141719818,0.0047906222753226,0.0078829545527696
O14140_P0CT68,0.40616,0.40616,0.036057,0.18007239699363708,0.0079566743224859,0.1675631999969482
Q9P7W4_O74558,0.0031681,0.0031681,0.034057,0.14990456402301788,0.8179652094841003,0.0305031556636095
Q09924_O74175,0.0038116,0.0038116,0.048714,0.21853305399417877,0.9986203908920288,0.0201335288584232
O60016_O14140,0.028108,0.028108,0.035854,0.1044953465461731,0.994024097919464,0.116986870765686
O59790_Q9UUC6,0.0058178,0.0058178,0.050652,0.4089955985546112,0.0023955807555466,0.0308349933475255
O74517_O74895,0.021418,0.021418,0.11919,0.5755899548530579,0.9988290667533876,0.9938801527023317
Q9UTP0_Q9USH1,0.0037217,0.0037217,0.65293,0.08553111553192139,0.0114873591810464,0.0028780689463019
P56287_P05733,0.005565,0.005565,0.034181,0.26374781131744385,0.9986026883125304,0.0501268208026886
Q9UT46_Q10192,0.003889,0.003889,0.033799,0.303966760635376,0.0088485972955822,0.1817195415496826
O14170_Q9Y7Z1,0.0040257,0.0040257,0.033804,0.03648065775632858,0.016451021656394,0.877906858921051
P78761_O74804,0.003617,0.003617,0.033468,0.3514808416366577,0.0011743769282475,0.0042112586088478
O60187_P40371,0.0032377,0.0032377,0.033742,0.40522003173828125,0.003243425162509,0.0280582141131162
P40996_P79010,0.0041667,0.0041667,0.033781,0.16453036665916443,0.0016447633970528,0.0008518191170878
P0CT68_O94450,0.0032307,0.0032307,0.033554,0.38982564210891724,0.0043685249984264,0.0057396325282752
O14318_P27584,0.0041923,0.0041923,0.03374,0.13985739648342133,0.0198920238763093,0.0074249138124287
O14129_P01129,0.0049402,0.0049402,0.033692,0.398693710565567,0.0054344506934285,0.521928608417511
P40984_P79005,0.0082545,0.0082545,0.03365,0.25632649660110474,0.0230647660791873,0.0264600478112697
O74560_O74910,0.0032696,0.0032696,0.041485,0.07169274985790253,0.9940443634986876,0.9767907857894896
Q1MTQ1_O14318,0.07425,0.07425,0.033743,0.043679624795913696,0.9784851670265198,0.9505932331085204
O00102_P87169,0.0038166,0.0038166,0.033555,0.3704639673233032,0.9983736276626588,0.0098558301106095
O42844_Q09892,0.067147,0.067147,0.10852,0.01957159861922264,0.998994767665863,0.1826274096965789
Q09683_O94609,0.0043578,0.0043578,0.033633,0.053902193903923035,0.998988926410675,0.6673687696456909
O74399_O74803,0.0040317,0.0040317,0.034869,0.1189994364976883,0.0029996505472809,0.039226945489645
O13728_P26306,0.0036936,0.0036936,0.033505,0.046292975544929504,0.0022347122430801,0.0030471815261989
Q09858_Q10113,0.0052418,0.0052418,0.035008,0.2106432169675827,0.011477724649012,0.7384235262870789
Q09772_O13826,0.0032731,0.0032731,0.034317,0.3161951005458832,0.9990015625953674,0.5868305563926697
Q09898_O13985,0.006199,0.006199,0.035843,0.1626034826040268,0.796588122844696,0.102790392935276
O42995_Q10322,0.0031788,0.0031788,0.037473,0.04047591611742973,0.0091118970885872,0.027665838599205
Q12381_O74175,0.0031783,0.0031783,0.036481,0.09105321019887924,0.1099621430039405,0.5656817555427551
Q9UTA4_P05733,0.0051725,0.0051725,0.03517,0.02207844890654087,0.9989872574806212,0.0852724462747573
O74790_O14235,0.0032748,0.0032748,0.033502,0.32258906960487366,0.0412058010697364,0.065953642129898
P40384_Q09916,0.0033267,0.0033267,0.033621,0.11427295953035355,0.9990906715393066,0.0081855515018105
Q10330_P78761,0.0038495,0.0038495,0.033692,0.25221243500709534,0.9990293979644777,0.5946760773658752
P79063_O13758,0.0034447,0.0034447,0.033683,0.1295565962791443,0.0277632530778646,0.0653135105967521
Q10099_O74465,0.0032396,0.0032396,0.037673,0.19014005362987518,0.0365461818873882,0.3103562593460083
P36595_Q09191,0.0042153,0.0042153,0.040069,0.8545811772346497,0.0666527450084686,0.0980127975344657
O74471_P78946,0.0045221,0.0045221,0.033643,0.7758452296257019,0.9988706707954408,0.0330209098756313
P04551_P40380,0.004756,0.004756,0.03429,0.29210689663887024,0.9986779093742372,0.6395092606544495
P49731_Q9P7B7,0.003161,0.003161,0.038988,0.0900133028626442,0.0084722023457288,0.0424658209085464
O13852_P78814,0.0031304,0.0031304,0.033646,0.16101422905921936,0.0039156735874712,0.0060458402149379
Q09822_P33520,0.0047648,0.0047648,0.034128,0.5790984034538269,0.0078491903841495,0.9769145846366882
P56287_P87323,0.0040667,0.0040667,0.033617,0.4599207043647766,0.0039903465658426,0.0291701816022396
O74398_Q09822,0.0039061,0.0039061,0.034512,0.1691070944070816,0.9975615739822388,0.9795172214508056
Q9UT72_P56288,0.0036296,0.0036296,0.033557,0.6014713644981384,0.9984619617462158,0.0226977821439504
O42932_P87159,0.011957,0.011957,0.033822,0.06282350420951843,0.0115100964903831,0.0096199046820402
O60016_Q9P805,0.003334,0.003334,0.034543,0.09607415646314621,0.9987999200820924,0.5426056981086731
O74311_Q10477,0.0031567,0.0031567,0.033717,0.47033795714378357,0.0200238712131977,0.0116623668000102
Q9Y7N2_Q9Y7U4,0.0039434,0.0039434,0.035856,0.16021478176116943,0.9979519248008728,0.8410784006118774
Q96WV9_O13712,0.0039359,0.0039359,0.033856,0.161423921585083,0.0033859610557556,0.0565587282180786
Q10477_O94360,0.0032011,0.0032011,0.033934,0.09640362113714218,0.0012484466424211,0.0029830925632268
P79015_P40984,0.0071095,0.0071095,0.033708,0.010716143995523453,0.027618883177638,0.001312238164246
O60016_Q09330,0.0037088,0.0037088,0.037788,0.09771798551082611,0.9988993406295776,0.099181905388832
P0CH07_O13777,0.0038151,0.0038151,0.033645,0.07391203194856644,0.998820960521698,0.2731775641441345
P10989_Q12126,0.016941,0.016941,0.033795,0.005686799064278603,0.0292253606021404,0.0059588681906461
C6Y4D0_P05733,0.78978,0.78978,0.034427,0.015301747247576714,0.9849202632904052,0.271266222000122
O42991_Q10134,0.0037885,0.0037885,0.033501,0.27805808186531067,0.1355465203523636,0.0256792604923248
P41411_Q10169,0.0045555,0.0045555,0.033779,0.03278834745287895,0.0019147269194945,0.0394346341490745
O13777_P79071,0.0034486,0.0034486,0.033954,0.5731068849563599,0.9989495873451232,0.0070044021122157
Q9P7P2_Q9P3B2,0.0039928,0.0039928,0.033636,0.2522759735584259,0.001750205992721,0.0004394816351123
Q10056_Q9UT32,0.0034352,0.0034352,0.033668,0.012129079550504684,0.0047719734720885,0.0603040307760238
O42844_O94542,0.0033184,0.0033184,0.033922,0.29323795437812805,0.6483798623085022,0.0736894011497497
P52890_P0C5Y7,0.003356,0.003356,0.033532,0.011500866152346134,0.0534567348659038,0.0035756004508584
O42634_P87051,0.003331,0.003331,0.033719,0.6796455383300781,0.0127351898699998,0.0011465062852948
O00102_Q9Y709,0.0099087,0.0099087,0.092467,0.3551025688648224,0.1808662265539169,0.0055086757056415
P48011_Q92462,0.019542,0.019542,0.041147,0.4908924102783203,0.0024613463319838,0.0248698871582746
P06652_P56286,0.0037917,0.0037917,0.034031,0.0340951643884182,0.5136595368385315,0.0425674319267272
O74736_Q9URX6,0.0042889,0.0042889,0.033979,0.05348168686032295,0.9990084767341614,0.0162993352860212
O94376_P50523,0.0032881,0.0032881,0.033622,0.09072887897491455,0.0031642143148928,0.0007568034343421
Q9UT32_P32372,0.0034225,0.0034225,0.034112,0.5186929106712341,0.9907596111297609,0.4069072604179382
P39964_O74955,0.0067186,0.0067186,0.03362,0.06348394602537155,0.0046165785752236,0.0086241858080029
Q1MTN3_O74483,0.0050621,0.0050621,0.033643,0.2041206955909729,0.9987095594406128,0.0110406894236803
P32390_O74518,0.0032085,0.0032085,0.033507,0.34224453568458557,0.0087499776855111,0.0210980288684368
Q96WV9_O75001,0.0072184,0.0072184,0.034153,0.08621770143508911,0.4773223400115967,0.0116893453523516
P04688_Q9USM8,0.0032679,0.0032679,0.03435,0.12652604281902313,0.9987761378288268,0.0361988544464111
P21534_P87074,0.0041247,0.0041247,0.033526,0.012597529217600822,0.0017684694612398,0.0015819541877135
O42844_P41411,0.0040122,0.0040122,0.033587,0.6136881709098816,0.9986509680747986,0.2484040260314941
O75011_Q10232,0.0039449,0.0039449,0.036057,0.06886876374483109,0.00961350556463,0.0033343990799039
O42954_P04688,0.0047617,0.0047617,0.034545,0.0630597323179245,0.0159006007015705,0.0144075155258178
P36625_Q06182,0.003313,0.003313,0.033979,0.040211766958236694,0.1469815820455551,0.8582523465156555
Q10295_Q9Y709,0.0033226,0.0033226,0.033657,0.17948049306869507,0.0023787561804056,0.0185868293046951
O13370_P34208,0.0046139,0.0046139,0.034149,0.11216655373573303,0.0166718233376741,0.0398210696876049
P28829_O94616,0.0036424,0.0036424,0.033663,0.3399761915206909,0.0011975505622103,0.0025718768592923
P0CG72_O14327,0.006973,0.006973,0.035302,0.04545225575566292,0.0019377474673092,0.0030950531363487
Q9P6Q6_P04910,0.0034099,0.0034099,0.035663,0.34899935126304626,0.998985469341278,0.0028964914381504
Q10173_O94309,0.0031133,0.0031133,0.033507,0.06613857299089432,0.1078008562326431,0.0313130244612693
Q10282_P08090,0.0040406,0.0040406,0.036939,0.13748717308044434,0.9646359086036682,0.0932697206735611
P17937_P37382,0.003355,0.003355,0.03368,0.02854791283607483,0.9990509152412416,0.8304671049118042
C6Y4D0_P0CT77,0.77623,0.77623,0.042036,0.45124003291130066,0.9990267753601074,0.0602631755173206
Q10430_Q9UST6,0.069264,0.069264,0.03471,0.34742870926856995,0.9990468621253968,0.9966071844100952
O94272_P79010,0.0046269,0.0046269,0.043967,0.3962353765964508,0.0032648474443703,0.0014418872306123
P56286_Q10316,0.0054536,0.0054536,0.034042,0.30260056257247925,0.999112904071808,0.047996312379837
P40997_O74653,0.0033963,0.0033963,0.033619,0.22606250643730164,0.0014865120174363,0.0709522292017936
